contract_id,customer_id,segment,contract_type,renewal_date,contract_end_date,outcome_month,successor_contract_id,renewal_status,atr_arr,renewed_arr,price_uplift_arr,seat_module_arr,renewal_outcome,renewal_lag_days
CTR-00008-05,CUST-00008,SMB,annual,2024-08-02,2024-07-31,2024-08-31,,Churned,3954.72,0.00,0.000000,0.000000,Churned,2
CTR-00020-05,CUST-00020,SMB,annual,2024-06-26,2024-06-26,2024-07-31,CTR-00020-06,Renewed,6181.08,6434.28,247.243200,5.956800,Renewed with Uplift,0
CTR-00020-06,CUST-00020,SMB,annual,2025-06-26,2025-06-26,2025-07-31,CTR-00020-07,Renewed,11065.44,6681.00,442.617600,-4827.057600,Renewed with Contraction,0
CTR-00021-05,CUST-00021,SMB,annual,2024-06-11,2024-06-09,2024-07-31,CTR-00021-06,Renewed,1635.60,1704.12,65.424000,3.096000,Renewed with Uplift,2
CTR-00021-06,CUST-00021,SMB,annual,2025-06-11,2025-06-09,2025-07-31,CTR-00021-07,Renewed,2385.72,1780.44,95.428800,-700.708800,Renewed with Contraction,2
CTR-00026-05,CUST-00026,SMB,annual,2024-09-23,2024-09-18,2024-10-31,CTR-00026-06,Renewed,1591.20,1666.32,79.560000,-4.440000,Renewed with Uplift,5
CTR-00026-06,CUST-00026,SMB,annual,2025-09-21,2025-09-18,2025-10-31,CTR-00026-07,Renewed,1666.32,1666.20,0.000000,-0.120000,Renewed with Contraction,3
CTR-00029-05,CUST-00029,SMB,annual,2024-10-30,2024-10-28,2024-11-30,CTR-00029-06,Renewed,4884.36,5043.96,146.530800,13.069200,Renewed with Uplift,2
CTR-00029-06,CUST-00029,SMB,annual,2025-11-01,2025-10-28,2025-11-30,CTR-00029-07,Renewed,5043.96,5218.68,151.318800,23.401200,Renewed with Uplift,4
CTR-00030-04,CUST-00030,SMB,annual,2024-02-01,2024-01-31,2024-02-29,,Churned,6146.16,0.00,0.000000,0.000000,Churned,1
CTR-00038-04,CUST-00038,SMB,annual,2023-12-30,2023-12-28,2024-01-31,,Churned,4621.80,0.00,0.000000,0.000000,Churned,2
CTR-00043-05,CUST-00043,Mid-Market,annual,2024-02-03,2024-01-29,2024-02-29,,Churned,6862.80,0.00,0.000000,0.000000,Churned,5
CTR-00044-05,CUST-00044,Mid-Market,annual,2024-01-21,2024-01-17,2024-02-29,CTR-00044-06,Renewed,31393.32,32851.20,1569.666000,-111.786000,Renewed with Uplift,4
CTR-00044-06,CUST-00044,Mid-Market,annual,2025-01-18,2025-01-17,2025-02-28,CTR-00044-07,Renewed,34220.04,35247.72,1026.601200,1.078800,Renewed with Uplift,1
CTR-00044-07,CUST-00044,Mid-Market,annual,2026-01-19,2026-01-17,2026-02-28,CTR-00044-08,Renewed,35247.72,25177.08,0.000000,-10070.640000,Renewed with Contraction,2
CTR-00046-05,CUST-00046,Mid-Market,annual,2024-03-20,2024-03-15,2024-04-30,CTR-00046-06,Renewed,25385.04,26256.36,761.551200,109.768800,Renewed with Uplift,5
CTR-00046-06,CUST-00046,Mid-Market,annual,2025-03-19,2025-03-15,2025-04-30,CTR-00046-07,Renewed,80169.96,61010.16,2405.098800,-21564.898800,Renewed with Contraction,4
CTR-00046-07,CUST-00046,Mid-Market,annual,2026-03-20,2026-03-15,2026-04-30,CTR-00046-08,Renewed,61010.16,54416.76,0.000000,-6593.400000,Renewed with Contraction,5
CTR-00048-05,CUST-00048,Mid-Market,annual,2024-04-27,2024-04-26,2024-05-31,CTR-00048-06,Renewed,51968.04,54080.40,2078.721600,33.638400,Renewed with Uplift,1
CTR-00048-06,CUST-00048,Mid-Market,annual,2025-04-30,2025-04-26,2025-05-31,CTR-00048-07,Renewed,78996.00,82746.00,3949.800000,-199.800000,Renewed with Uplift,4
CTR-00048-07,CUST-00048,Mid-Market,annual,2026-04-27,2026-04-26,2026-05-31,CTR-00048-08,Renewed,101595.00,106071.00,4063.800000,412.200000,Renewed with Uplift,1
CTR-00049-02,CUST-00049,Mid-Market,multi_year,2024-05-14,2024-05-12,2024-06-30,CTR-00049-03,Renewed,13991.04,10493.76,699.552000,-4196.832000,Renewed with Contraction,2
CTR-00049-03,CUST-00049,Mid-Market,multi_year,2026-05-16,2026-05-12,2026-06-30,CTR-00049-04,Renewed,20991.60,10494.48,0.000000,-10497.120000,Renewed with Contraction,4
CTR-00050-05,CUST-00050,Mid-Market,annual,2024-06-29,2024-06-28,2024-07-31,CTR-00050-06,Renewed,58417.20,61236.24,2920.860000,-101.820000,Renewed with Uplift,1
CTR-00050-06,CUST-00050,Mid-Market,annual,2025-07-01,2025-06-28,2025-07-31,CTR-00050-07,Renewed,74363.88,74361.60,0.000000,-2.280000,Renewed with Contraction,3
CTR-00051-05,CUST-00051,Mid-Market,annual,2024-10-04,2024-09-30,2024-10-31,CTR-00051-06,Renewed,11802.48,12194.88,354.074400,38.325600,Renewed with Uplift,4
CTR-00051-06,CUST-00051,Mid-Market,annual,2025-10-03,2025-09-30,2025-10-31,,Churned,12194.88,0.00,0.000000,0.000000,Churned,3
CTR-00052-05,CUST-00052,Mid-Market,annual,2024-07-29,2024-07-28,2024-08-31,CTR-00052-06,Renewed,58685.16,46533.00,1760.554800,-13912.714800,Renewed with Contraction,1
CTR-00052-06,CUST-00052,Mid-Market,annual,2025-08-02,2025-07-28,2025-08-31,CTR-00052-07,Renewed,46533.00,46533.96,0.000000,0.960000,Renewed with Uplift,5
CTR-00053-05,CUST-00053,Mid-Market,annual,2024-09-04,2024-08-30,2024-09-30,CTR-00053-06,Renewed,31201.92,32371.44,1248.076800,-78.556800,Renewed with Uplift,5
CTR-00053-06,CUST-00053,Mid-Market,annual,2025-09-04,2025-08-30,2025-09-30,CTR-00053-07,Renewed,32371.44,33381.24,971.143200,38.656800,Renewed with Uplift,5
CTR-00054-05,CUST-00054,Mid-Market,annual,2024-09-29,2024-09-29,2024-10-31,CTR-00054-06,Renewed,26874.24,14821.44,0.000000,-12052.800000,Renewed with Contraction,0
CTR-00054-06,CUST-00054,Mid-Market,annual,2025-10-01,2025-09-29,2025-10-31,CTR-00054-07,Renewed,20944.80,15485.40,837.792000,-6297.192000,Renewed with Contraction,2
CTR-00055-05,CUST-00055,Mid-Market,annual,2024-11-02,2024-10-30,2024-11-30,CTR-00055-06,Renewed,100844.52,77449.80,4033.780800,-27428.500800,Renewed with Contraction,3
CTR-00055-06,CUST-00055,Mid-Market,annual,2025-11-04,2025-10-30,2025-11-30,CTR-00055-07,Renewed,104893.08,80085.96,3146.792400,-27953.912400,Renewed with Contraction,5
CTR-00056-05,CUST-00056,Mid-Market,annual,2024-11-24,2024-11-24,2024-12-31,,Churned,25278.84,0.00,0.000000,0.000000,Churned,0
CTR-00058-02,CUST-00058,Mid-Market,multi_year,2023-12-20,2023-12-16,2024-01-31,CTR-00058-03,Renewed,47514.48,42014.52,1425.434400,-6925.394400,Renewed with Contraction,4
CTR-00058-03,CUST-00058,Mid-Market,multi_year,2025-12-16,2025-12-16,2026-01-31,CTR-00058-04,Renewed,48995.28,43816.08,1959.811200,-7139.011200,Renewed with Contraction,0
CTR-00059-04,CUST-00059,Mid-Market,annual,2023-12-19,2023-12-16,2024-01-31,CTR-00059-05,Renewed,13302.96,13800.60,532.118400,-34.478400,Renewed with Uplift,3
CTR-00059-05,CUST-00059,Mid-Market,annual,2024-12-16,2024-12-16,2025-01-31,CTR-00059-06,Renewed,13800.60,14395.08,552.024000,42.456000,Renewed with Uplift,0
CTR-00059-06,CUST-00059,Mid-Market,annual,2025-12-20,2025-12-16,2026-01-31,CTR-00059-07,Renewed,21496.80,15984.96,859.872000,-6371.712000,Renewed with Contraction,4
CTR-00060-04,CUST-00060,SMB,annual,2024-01-27,2024-01-24,2024-02-29,CTR-00060-05,Renewed,13013.88,11061.84,650.694000,-2602.734000,Renewed with Contraction,3
CTR-00060-05,CUST-00060,SMB,annual,2025-01-24,2025-01-24,2025-02-28,CTR-00060-06,Renewed,11061.84,11556.60,442.473600,52.286400,Renewed with Uplift,0
CTR-00060-06,CUST-00060,SMB,annual,2026-01-24,2026-01-24,2026-02-28,CTR-00060-07,Renewed,14225.40,12006.84,569.016000,-2787.576000,Renewed with Contraction,0
CTR-00065-04,CUST-00065,SMB,annual,2024-03-02,2024-02-29,2024-03-31,,Churned,2376.36,0.00,0.000000,0.000000,Churned,2
CTR-00067-04,CUST-00067,SMB,annual,2024-02-14,2024-02-14,2024-03-31,CTR-00067-05,Renewed,2046.12,2046.00,0.000000,-0.120000,Renewed with Contraction,0
CTR-00067-05,CUST-00067,SMB,annual,2025-02-15,2025-02-14,2025-03-31,CTR-00067-06,Renewed,2864.40,2125.44,114.576000,-853.536000,Renewed with Contraction,1
CTR-00067-06,CUST-00067,SMB,annual,2026-02-16,2026-02-14,2026-03-31,CTR-00067-07,Renewed,2125.44,2191.80,63.763200,2.596800,Renewed with Uplift,2
CTR-00070-04,CUST-00070,SMB,annual,2024-02-27,2024-02-27,2024-03-31,CTR-00070-05,Renewed,4539.72,4759.68,226.986000,-7.026000,Renewed with Uplift,0
CTR-00070-05,CUST-00070,SMB,annual,2025-02-27,2025-02-27,2025-03-31,CTR-00070-06,Renewed,4759.68,4928.64,190.387200,-21.427200,Renewed with Uplift,0
CTR-00070-06,CUST-00070,SMB,annual,2026-03-03,2026-02-27,2026-03-31,CTR-00070-07,Renewed,4928.64,5115.96,197.145600,-9.825600,Renewed with Uplift,4
CTR-00071-04,CUST-00071,SMB,annual,2024-02-28,2024-02-25,2024-03-31,,Churned,1474.92,0.00,0.000000,0.000000,Churned,3
CTR-00075-04,CUST-00075,SMB,annual,2024-03-30,2024-03-27,2024-04-30,CTR-00075-05,Renewed,6174.72,6409.20,246.988800,-12.508800,Renewed with Uplift,3
CTR-00075-05,CUST-00075,SMB,annual,2025-03-29,2025-03-27,2025-04-30,CTR-00075-06,Renewed,7210.32,7467.12,288.412800,-31.612800,Renewed with Uplift,2
CTR-00075-06,CUST-00075,SMB,annual,2026-03-31,2026-03-27,2026-04-30,,Churned,7467.12,0.00,0.000000,0.000000,Churned,4
CTR-00084-04,CUST-00084,SMB,annual,2024-03-21,2024-03-17,2024-04-30,CTR-00084-05,Renewed,8638.08,8637.96,0.000000,-0.120000,Renewed with Contraction,4
CTR-00084-05,CUST-00084,SMB,annual,2025-03-19,2025-03-17,2025-04-30,CTR-00084-06,Renewed,8637.96,8955.48,345.518400,-27.998400,Renewed with Uplift,2
CTR-00084-06,CUST-00084,SMB,annual,2026-03-21,2026-03-17,2026-04-30,CTR-00084-07,Renewed,8955.48,8955.24,0.000000,-0.240000,Renewed with Contraction,4
CTR-00095-04,CUST-00095,SMB,annual,2024-05-22,2024-05-22,2024-06-30,CTR-00095-05,Renewed,7908.72,8291.16,395.436000,-12.996000,Renewed with Uplift,0
CTR-00095-05,CUST-00095,SMB,annual,2025-05-27,2025-05-22,2025-06-30,CTR-00095-06,Renewed,8291.16,8654.28,331.646400,31.473600,Renewed with Uplift,5
CTR-00095-06,CUST-00095,SMB,annual,2026-05-22,2026-05-22,2026-06-30,CTR-00095-07,Renewed,8654.28,8956.44,346.171200,-44.011200,Renewed with Uplift,0
CTR-00099-04,CUST-00099,SMB,annual,2024-07-02,2024-06-27,2024-07-31,CTR-00099-05,Renewed,5360.64,3977.76,214.425600,-1597.305600,Renewed with Contraction,5
CTR-00099-05,CUST-00099,SMB,annual,2025-06-28,2025-06-27,2025-07-31,CTR-00099-06,Renewed,7597.32,4138.08,303.892800,-3763.132800,Renewed with Contraction,1
CTR-00100-02,CUST-00100,SMB,multi_year,2024-06-05,2024-06-01,2024-07-31,CTR-00100-03,Renewed,4598.88,3427.92,183.955200,-1354.915200,Renewed with Contraction,4
CTR-00104-04,CUST-00104,SMB,annual,2024-06-09,2024-06-04,2024-07-31,CTR-00104-05,Renewed,3609.72,3609.60,0.000000,-0.120000,Renewed with Contraction,5
CTR-00104-05,CUST-00104,SMB,annual,2025-06-06,2025-06-04,2025-07-31,CTR-00104-06,Renewed,3609.60,3750.96,144.384000,-3.024000,Renewed with Uplift,2
CTR-00132-04,CUST-00132,SMB,annual,2024-11-28,2024-11-24,2024-12-31,CTR-00132-05,Renewed,3241.80,3362.88,129.672000,-8.592000,Renewed with Uplift,4
CTR-00132-05,CUST-00132,SMB,annual,2025-11-29,2025-11-24,2025-12-31,CTR-00132-06,Renewed,3362.88,3516.36,168.144000,-14.664000,Renewed with Uplift,5
CTR-00137-04,CUST-00137,SMB,annual,2024-12-01,2024-11-28,2024-12-31,CTR-00137-05,Renewed,2119.32,2119.44,0.000000,0.120000,Renewed with Uplift,3
CTR-00137-05,CUST-00137,SMB,annual,2025-12-03,2025-11-28,2025-12-31,,Churned,2119.44,0.00,0.000000,0.000000,Churned,5
CTR-00140-03,CUST-00140,SMB,annual,2023-12-26,2023-12-26,2024-01-31,CTR-00140-04,Renewed,3733.56,3859.92,112.006800,14.353200,Renewed with Uplift,0
CTR-00140-04,CUST-00140,SMB,annual,2024-12-29,2024-12-26,2025-01-31,CTR-00140-05,Renewed,3859.92,3980.40,115.797600,4.682400,Renewed with Uplift,3
CTR-00140-05,CUST-00140,SMB,annual,2025-12-31,2025-12-26,2026-01-31,CTR-00140-06,Renewed,3980.40,4170.00,199.020000,-9.420000,Renewed with Uplift,5
CTR-00142-03,CUST-00142,SMB,annual,2023-12-13,2023-12-13,2024-01-31,CTR-00142-04,Renewed,4495.32,4682.28,179.812800,7.147200,Renewed with Uplift,0
CTR-00142-04,CUST-00142,SMB,annual,2024-12-17,2024-12-13,2025-01-31,CTR-00142-05,Renewed,4682.28,4682.04,0.000000,-0.240000,Renewed with Contraction,4
CTR-00142-05,CUST-00142,SMB,annual,2025-12-14,2025-12-13,2026-01-31,CTR-00142-06,Renewed,4682.04,3121.20,0.000000,-1560.840000,Renewed with Contraction,1
CTR-00146-03,CUST-00146,SMB,annual,2023-12-17,2023-12-16,2024-01-31,CTR-00146-04,Renewed,3361.08,4097.52,134.443200,601.996800,Renewed with Uplift,1
CTR-00146-04,CUST-00146,SMB,annual,2024-12-16,2024-12-16,2025-01-31,CTR-00146-05,Renewed,5736.48,4259.64,229.459200,-1706.299200,Renewed with Contraction,0
CTR-00146-05,CUST-00146,SMB,annual,2025-12-17,2025-12-16,2026-01-31,CTR-00146-06,Renewed,4259.64,4417.56,170.385600,-12.465600,Renewed with Uplift,1
CTR-00150-03,CUST-00150,SMB,annual,2023-12-05,2023-12-04,2024-01-31,CTR-00150-04,Renewed,4942.68,5144.64,197.707200,4.252800,Renewed with Uplift,1
CTR-00150-04,CUST-00150,SMB,annual,2024-12-04,2024-12-04,2025-01-31,CTR-00150-05,Renewed,5144.64,4630.08,0.000000,-514.560000,Renewed with Contraction,0
CTR-00150-05,CUST-00150,SMB,annual,2025-12-07,2025-12-04,2026-01-31,CTR-00150-06,Renewed,5144.52,5324.04,154.335600,25.184400,Renewed with Uplift,3
CTR-00156-04,CUST-00156,Mid-Market,annual,2024-01-26,2024-01-25,2024-02-29,CTR-00156-05,Renewed,33219.24,33220.80,0.000000,1.560000,Renewed with Uplift,1
CTR-00156-05,CUST-00156,Mid-Market,annual,2025-01-30,2025-01-25,2025-02-28,CTR-00156-06,Renewed,33220.80,34710.48,1328.832000,160.848000,Renewed with Uplift,5
CTR-00156-06,CUST-00156,Mid-Market,annual,2026-01-30,2026-01-25,2026-02-28,CTR-00156-07,Renewed,46961.64,43257.24,1408.849200,-5113.249200,Renewed with Contraction,5
CTR-00161-04,CUST-00161,Mid-Market,annual,2024-03-29,2024-03-25,2024-04-30,CTR-00161-05,Renewed,13591.56,14128.92,543.662400,-6.302400,Renewed with Uplift,4
CTR-00161-05,CUST-00161,Mid-Market,annual,2025-03-28,2025-03-25,2025-04-30,,Churned,14128.92,0.00,0.000000,0.000000,Churned,3
CTR-00162-02,CUST-00162,Mid-Market,multi_year,2025-03-21,2025-03-16,2025-04-30,CTR-00162-03,Renewed,27543.96,20343.96,826.318800,-8026.318800,Renewed with Contraction,5
CTR-00163-04,CUST-00163,Mid-Market,annual,2024-03-02,2024-03-02,2024-04-30,CTR-00163-05,Renewed,49372.08,51774.00,2468.604000,-66.684000,Renewed with Uplift,0
CTR-00163-05,CUST-00163,Mid-Market,annual,2025-03-04,2025-03-02,2025-04-30,CTR-00163-06,Renewed,51774.00,54291.96,2588.700000,-70.740000,Renewed with Uplift,2
CTR-00163-06,CUST-00163,Mid-Market,annual,2026-03-07,2026-03-02,2026-04-30,CTR-00163-07,Renewed,54291.96,56000.52,1628.758800,79.801200,Renewed with Uplift,5
CTR-00164-04,CUST-00164,Mid-Market,annual,2024-03-23,2024-03-19,2024-04-30,CTR-00164-05,Renewed,21244.92,22052.76,849.796800,-41.956800,Renewed with Uplift,4
CTR-00164-05,CUST-00164,Mid-Market,annual,2025-03-22,2025-03-19,2025-04-30,CTR-00164-06,Renewed,22052.76,23022.60,882.110400,87.729600,Renewed with Uplift,3
CTR-00164-06,CUST-00164,Mid-Market,annual,2026-03-21,2026-03-19,2026-04-30,CTR-00164-07,Renewed,23022.60,23021.88,0.000000,-0.720000,Renewed with Contraction,2
CTR-00165-04,CUST-00165,Mid-Market,annual,2024-04-21,2024-04-19,2024-05-31,CTR-00165-05,Renewed,36029.76,28484.88,1801.488000,-9346.368000,Renewed with Contraction,2
CTR-00165-05,CUST-00165,Mid-Market,annual,2025-04-23,2025-04-19,2025-05-31,CTR-00165-06,Renewed,37814.16,29803.56,1890.708000,-9901.308000,Renewed with Contraction,4
CTR-00165-06,CUST-00165,Mid-Market,annual,2026-04-24,2026-04-19,2026-05-31,CTR-00165-07,Renewed,29803.56,29804.88,0.000000,1.320000,Renewed with Uplift,5
CTR-00166-02,CUST-00166,Mid-Market,multi_year,2025-04-26,2025-04-23,2025-05-31,CTR-00166-03,Renewed,38874.36,36750.60,1554.974400,-3678.734400,Renewed with Contraction,3
CTR-00169-04,CUST-00169,Mid-Market,annual,2024-06-30,2024-06-28,2024-07-31,CTR-00169-05,Renewed,39021.24,40956.84,1951.062000,-15.462000,Renewed with Uplift,2
CTR-00169-05,CUST-00169,Mid-Market,annual,2025-06-28,2025-06-28,2025-07-31,CTR-00169-06,Renewed,54579.36,40959.72,0.000000,-13619.640000,Renewed with Contraction,0
CTR-00170-04,CUST-00170,Mid-Market,annual,2024-06-28,2024-06-25,2024-07-31,CTR-00170-05,Renewed,22004.52,23030.88,1100.226000,-73.866000,Renewed with Uplift,3
CTR-00170-05,CUST-00170,Mid-Market,annual,2025-06-27,2025-06-25,2025-07-31,CTR-00170-06,Renewed,23030.88,23830.80,690.926400,108.993600,Renewed with Uplift,2
CTR-00172-04,CUST-00172,Mid-Market,annual,2024-08-01,2024-07-28,2024-08-31,CTR-00172-05,Renewed,62262.00,46643.04,3113.100000,-18732.060000,Renewed with Contraction,4
CTR-00172-05,CUST-00172,Mid-Market,annual,2025-07-29,2025-07-28,2025-08-31,CTR-00172-06,Renewed,65300.28,48307.20,2612.011200,-19605.091200,Renewed with Contraction,1
CTR-00174-04,CUST-00174,Mid-Market,annual,2024-08-31,2024-08-26,2024-09-30,CTR-00174-05,Renewed,47199.24,49282.32,1887.969600,195.110400,Renewed with Uplift,5
CTR-00174-05,CUST-00174,Mid-Market,annual,2025-08-31,2025-08-26,2025-09-30,CTR-00174-06,Renewed,49282.32,50923.68,1478.469600,162.890400,Renewed with Uplift,5
CTR-00175-04,CUST-00175,Mid-Market,annual,2024-08-14,2024-08-13,2024-09-30,CTR-00175-05,Renewed,10646.52,10998.24,319.395600,32.324400,Renewed with Uplift,1
CTR-00175-05,CUST-00175,Mid-Market,annual,2025-08-15,2025-08-13,2025-09-30,CTR-00175-06,Renewed,10998.24,10998.60,0.000000,0.360000,Renewed with Uplift,2
CTR-00176-04,CUST-00176,Mid-Market,annual,2024-09-29,2024-09-27,2024-10-31,CTR-00176-05,Renewed,21900.72,16195.32,876.028800,-6581.428800,Renewed with Contraction,2
CTR-00176-05,CUST-00176,Mid-Market,annual,2025-09-27,2025-09-27,2025-10-31,CTR-00176-06,Renewed,16195.32,16787.40,647.812800,-55.732800,Renewed with Uplift,0
CTR-00178-04,CUST-00178,Mid-Market,annual,2024-10-15,2024-10-11,2024-11-30,CTR-00178-05,Renewed,12641.88,9346.44,505.675200,-3801.115200,Renewed with Contraction,4
CTR-00178-05,CUST-00178,Mid-Market,annual,2025-10-14,2025-10-11,2025-11-30,CTR-00178-06,Renewed,9346.44,9345.96,0.000000,-0.480000,Renewed with Contraction,3
CTR-00179-04,CUST-00179,Mid-Market,annual,2024-10-31,2024-10-29,2024-11-30,CTR-00179-05,Renewed,23318.16,23318.28,0.000000,0.120000,Renewed with Uplift,2
CTR-00179-05,CUST-00179,Mid-Market,annual,2025-10-29,2025-10-29,2025-11-30,CTR-00179-06,Renewed,23318.28,24244.08,932.731200,-6.931200,Renewed with Uplift,0
CTR-00180-04,CUST-00180,Mid-Market,annual,2024-10-08,2024-10-05,2024-11-30,CTR-00180-05,Renewed,99725.04,73053.00,0.000000,-26672.040000,Renewed with Contraction,3
CTR-00180-05,CUST-00180,Mid-Market,annual,2025-10-09,2025-10-05,2025-11-30,CTR-00180-06,Renewed,99721.80,76190.40,3988.872000,-27520.272000,Renewed with Contraction,4
CTR-00181-04,CUST-00181,Mid-Market,annual,2024-11-28,2024-11-24,2024-12-31,CTR-00181-05,Renewed,14181.24,14181.84,0.000000,0.600000,Renewed with Uplift,4
CTR-00181-05,CUST-00181,Mid-Market,annual,2025-11-29,2025-11-24,2025-12-31,CTR-00181-06,Renewed,14181.84,14837.88,709.092000,-53.052000,Renewed with Uplift,5
CTR-00182-04,CUST-00182,Mid-Market,annual,2024-12-04,2024-11-29,2024-12-31,CTR-00182-05,Renewed,25961.04,26739.36,778.831200,-0.511200,Renewed with Uplift,5
CTR-00182-05,CUST-00182,Mid-Market,annual,2025-12-04,2025-11-29,2025-12-31,CTR-00182-06,Renewed,26739.36,28015.56,1336.968000,-60.768000,Renewed with Uplift,5
CTR-00183-04,CUST-00183,Mid-Market,annual,2024-11-26,2024-11-24,2024-12-31,CTR-00183-05,Renewed,17116.80,17638.08,513.504000,7.776000,Renewed with Uplift,2
CTR-00183-05,CUST-00183,Mid-Market,annual,2025-11-29,2025-11-24,2025-12-31,CTR-00183-06,Renewed,24693.36,18385.44,987.734400,-7295.654400,Renewed with Contraction,5
CTR-00184-03,CUST-00184,Mid-Market,annual,2023-12-25,2023-12-21,2024-01-31,CTR-00184-04,Renewed,23014.20,17077.80,920.568000,-6856.968000,Renewed with Contraction,4
CTR-00184-04,CUST-00184,Mid-Market,annual,2024-12-21,2024-12-21,2025-01-31,CTR-00184-05,Renewed,23908.92,17737.80,956.356800,-7127.476800,Renewed with Contraction,0
CTR-00184-05,CUST-00184,Mid-Market,annual,2025-12-21,2025-12-21,2026-01-31,CTR-00184-06,Renewed,34051.92,18530.16,1362.076800,-16883.836800,Renewed with Contraction,0
CTR-00185-03,CUST-00185,Mid-Market,annual,2023-12-28,2023-12-26,2024-01-31,CTR-00185-04,Renewed,48877.92,36562.92,2443.896000,-14758.896000,Renewed with Contraction,2
CTR-00185-04,CUST-00185,Mid-Market,annual,2024-12-26,2024-12-26,2025-01-31,CTR-00185-05,Renewed,51188.16,37686.60,1535.644800,-15037.204800,Renewed with Contraction,0
CTR-00185-05,CUST-00185,Mid-Market,annual,2025-12-30,2025-12-26,2026-01-31,CTR-00185-06,Renewed,53960.40,56244.12,2158.416000,125.304000,Renewed with Uplift,4
CTR-00186-02,CUST-00186,Mid-Market,multi_year,2024-12-29,2024-12-29,2025-01-31,CTR-00186-03,Renewed,26777.16,22597.32,1071.086400,-5250.926400,Renewed with Contraction,0
CTR-00187-03,CUST-00187,Mid-Market,annual,2024-01-02,2023-12-29,2024-01-31,CTR-00187-04,Renewed,32612.52,24184.20,1304.500800,-9732.820800,Renewed with Contraction,4
CTR-00187-04,CUST-00187,Mid-Market,annual,2024-12-31,2024-12-29,2025-01-31,CTR-00187-05,Renewed,33857.88,24908.28,1015.736400,-9965.336400,Renewed with Contraction,2
CTR-00187-05,CUST-00187,Mid-Market,annual,2025-12-29,2025-12-29,2026-01-31,CTR-00187-06,Renewed,24908.28,22992.24,0.000000,-1916.040000,Renewed with Contraction,0
CTR-00188-03,CUST-00188,Mid-Market,annual,2024-01-02,2023-12-30,2024-01-31,CTR-00188-04,Renewed,22307.76,16441.20,669.232800,-6535.792800,Renewed with Contraction,3
CTR-00188-04,CUST-00188,Mid-Market,annual,2024-12-31,2024-12-30,2025-01-31,CTR-00188-05,Renewed,23017.68,23247.72,690.530400,-460.490400,Renewed with Uplift,1
CTR-00188-05,CUST-00188,Mid-Market,annual,2026-01-04,2025-12-30,2026-01-31,CTR-00188-06,Renewed,32546.88,24074.16,1301.875200,-9774.595200,Renewed with Contraction,5
CTR-00189-03,CUST-00189,Mid-Market,annual,2023-12-18,2023-12-13,2024-01-31,CTR-00189-04,Renewed,11170.08,10311.00,0.000000,-859.080000,Renewed with Contraction,5
CTR-00189-04,CUST-00189,Mid-Market,annual,2024-12-16,2024-12-13,2025-01-31,CTR-00189-05,Renewed,12715.32,9452.28,0.000000,-3263.040000,Renewed with Contraction,3
CTR-00189-05,CUST-00189,Mid-Market,annual,2025-12-15,2025-12-13,2026-01-31,CTR-00189-06,Renewed,9452.28,8593.08,0.000000,-859.200000,Renewed with Contraction,2
CTR-00190-02,CUST-00190,Enterprise,multi_year,2025-03-08,2025-03-03,2025-04-30,CTR-00190-03,Renewed,315064.44,315071.88,0.000000,7.440000,Renewed with Uplift,5
CTR-00191-03,CUST-00191,Enterprise,annual,2023-12-14,2023-12-11,2024-01-31,CTR-00191-04,Renewed,62073.96,46436.76,0.000000,-15637.200000,Renewed with Contraction,3
CTR-00191-04,CUST-00191,Enterprise,annual,2024-12-13,2024-12-11,2025-01-31,CTR-00191-05,Renewed,62074.20,48450.36,2482.968000,-16106.808000,Renewed with Contraction,2
CTR-00191-05,CUST-00191,Enterprise,annual,2025-12-15,2025-12-11,2026-01-31,CTR-00191-06,Renewed,67830.48,50746.08,3391.524000,-20475.924000,Renewed with Contraction,4
CTR-00201-03,CUST-00201,SMB,annual,2024-01-26,2024-01-25,2024-02-29,,Churned,7979.76,0.00,0.000000,0.000000,Churned,1
CTR-00207-02,CUST-00207,SMB,multi_year,2025-02-23,2025-02-23,2025-03-31,CTR-00207-03,Renewed,12153.60,11149.08,607.680000,-1612.200000,Renewed with Contraction,0
CTR-00208-03,CUST-00208,SMB,annual,2024-02-03,2024-02-01,2024-03-31,CTR-00208-04,Renewed,4674.96,4675.08,0.000000,0.120000,Renewed with Uplift,2
CTR-00208-04,CUST-00208,SMB,annual,2025-02-06,2025-02-01,2025-03-31,CTR-00208-05,Renewed,4675.08,4824.60,140.252400,9.267600,Renewed with Uplift,5
CTR-00208-05,CUST-00208,SMB,annual,2026-02-05,2026-02-01,2026-03-31,CTR-00208-06,Renewed,4824.60,4824.48,0.000000,-0.120000,Renewed with Contraction,4
CTR-00224-03,CUST-00224,SMB,annual,2024-03-10,2024-03-09,2024-04-30,CTR-00224-04,Renewed,2219.76,2317.92,88.790400,9.369600,Renewed with Uplift,1
CTR-00224-04,CUST-00224,SMB,annual,2025-03-11,2025-03-09,2025-04-30,CTR-00224-05,Renewed,2317.92,2425.56,115.896000,-8.256000,Renewed with Uplift,2
CTR-00224-05,CUST-00224,SMB,annual,2026-03-12,2026-03-09,2026-04-30,CTR-00224-06,Renewed,2425.56,2514.24,97.022400,-8.342400,Renewed with Uplift,3
CTR-00226-03,CUST-00226,SMB,annual,2024-03-27,2024-03-26,2024-04-30,CTR-00226-04,Renewed,4466.88,4606.32,134.006400,5.433600,Renewed with Uplift,1
CTR-00226-04,CUST-00226,SMB,annual,2025-03-28,2025-03-26,2025-04-30,CTR-00226-05,Renewed,4606.32,4812.36,184.252800,21.787200,Renewed with Uplift,2
CTR-00226-05,CUST-00226,SMB,annual,2026-03-29,2026-03-26,2026-04-30,CTR-00226-06,Renewed,4812.36,4970.52,144.370800,13.789200,Renewed with Uplift,3
CTR-00227-03,CUST-00227,SMB,annual,2024-03-25,2024-03-21,2024-04-30,CTR-00227-04,Renewed,6975.12,4349.28,279.004800,-2904.844800,Renewed with Contraction,4
CTR-00227-04,CUST-00227,SMB,annual,2025-03-21,2025-03-21,2025-04-30,CTR-00227-05,Renewed,4349.28,4498.92,130.478400,19.161600,Renewed with Uplift,0
CTR-00227-05,CUST-00227,SMB,annual,2026-03-24,2026-03-21,2026-04-30,CTR-00227-06,Renewed,4498.92,3855.96,0.000000,-642.960000,Renewed with Contraction,3
CTR-00233-03,CUST-00233,SMB,annual,2024-03-29,2024-03-25,2024-04-30,CTR-00233-04,Renewed,6169.92,5608.80,0.000000,-561.120000,Renewed with Contraction,4
CTR-00233-04,CUST-00233,SMB,annual,2025-03-27,2025-03-25,2025-04-30,CTR-00233-05,Renewed,5608.80,5823.24,224.352000,-9.912000,Renewed with Uplift,2
CTR-00233-05,CUST-00233,SMB,annual,2026-03-29,2026-03-25,2026-04-30,CTR-00233-06,Renewed,5823.24,5823.00,0.000000,-0.240000,Renewed with Contraction,4
CTR-00236-03,CUST-00236,SMB,annual,2024-04-25,2024-04-20,2024-05-31,CTR-00236-04,Renewed,1527.00,1587.00,61.080000,-1.080000,Renewed with Uplift,5
CTR-00236-04,CUST-00236,SMB,annual,2025-04-20,2025-04-20,2025-05-31,CTR-00236-05,Renewed,1587.00,1587.00,0.000000,0.000000,Renewed,0
CTR-00236-05,CUST-00236,SMB,annual,2026-04-24,2026-04-20,2026-05-31,CTR-00236-06,Renewed,2221.80,1642.32,66.654000,-646.134000,Renewed with Contraction,4
CTR-00248-03,CUST-00248,SMB,annual,2024-05-30,2024-05-27,2024-06-30,CTR-00248-04,Renewed,2221.08,2305.08,88.843200,-4.843200,Renewed with Uplift,3
CTR-00248-04,CUST-00248,SMB,annual,2025-05-31,2025-05-27,2025-06-30,CTR-00248-05,Renewed,2305.08,2415.48,115.254000,-4.854000,Renewed with Uplift,4
CTR-00248-05,CUST-00248,SMB,annual,2026-06-01,2026-05-27,2026-06-30,CTR-00248-06,Renewed,5280.96,2415.60,0.000000,-2865.360000,Renewed with Contraction,5
CTR-00253-03,CUST-00253,SMB,annual,2024-05-31,2024-05-27,2024-06-30,CTR-00253-04,Renewed,7229.16,5358.36,289.166400,-2159.966400,Renewed with Contraction,4
CTR-00253-04,CUST-00253,SMB,annual,2025-05-31,2025-05-27,2025-06-30,CTR-00253-05,Renewed,7395.12,5601.60,369.756000,-2163.276000,Renewed with Contraction,4
CTR-00253-05,CUST-00253,SMB,annual,2026-05-30,2026-05-27,2026-06-30,CTR-00253-06,Renewed,7730.76,5814.60,309.230400,-2225.390400,Renewed with Contraction,3
CTR-00255-03,CUST-00255,SMB,annual,2024-05-04,2024-04-30,2024-05-31,CTR-00255-04,Renewed,3056.04,2268.96,122.241600,-909.321600,Renewed with Contraction,4
CTR-00255-04,CUST-00255,SMB,annual,2025-04-30,2025-04-30,2025-05-31,CTR-00255-05,Renewed,2268.96,2268.84,0.000000,-0.120000,Renewed with Contraction,0
CTR-00255-05,CUST-00255,SMB,annual,2026-05-01,2026-04-30,2026-05-31,CTR-00255-06,Renewed,2268.84,2366.28,90.753600,6.686400,Renewed with Uplift,1
CTR-00258-03,CUST-00258,SMB,annual,2024-06-30,2024-06-29,2024-07-31,CTR-00258-04,Renewed,2265.72,2339.40,67.971600,5.708400,Renewed with Uplift,1
CTR-00258-04,CUST-00258,SMB,annual,2025-06-30,2025-06-29,2025-07-31,CTR-00258-05,Renewed,2339.40,2454.24,116.970000,-2.130000,Renewed with Uplift,1
CTR-00267-03R,CUST-00267,SMB,annual,2024-11-01,2024-10-31,2024-11-30,CTR-00267-04,Renewed,1820.64,1910.40,91.032000,-1.272000,Renewed with Uplift,1
CTR-00267-04,CUST-00267,SMB,annual,2025-10-31,2025-10-31,2025-11-30,,Churned,1910.40,0.00,0.000000,0.000000,Churned,0
CTR-00269-03,CUST-00269,SMB,annual,2024-06-29,2024-06-24,2024-07-31,CTR-00269-04,Renewed,7629.48,6612.24,0.000000,-1017.240000,Renewed with Contraction,5
CTR-00269-04,CUST-00269,SMB,annual,2025-06-24,2025-06-24,2025-07-31,,Churned,8637.72,0.00,0.000000,0.000000,Churned,0
CTR-00270-03,CUST-00270,SMB,annual,2024-06-07,2024-06-03,2024-07-31,CTR-00270-04,Renewed,2810.52,2896.80,84.315600,1.964400,Renewed with Uplift,4
CTR-00270-04,CUST-00270,SMB,annual,2025-06-07,2025-06-03,2025-07-31,CTR-00270-05,Renewed,2896.80,3011.40,115.872000,-1.272000,Renewed with Uplift,4
CTR-00274-03,CUST-00274,SMB,annual,2024-07-26,2024-07-26,2024-08-31,CTR-00274-04,Renewed,6500.76,4727.88,0.000000,-1772.880000,Renewed with Contraction,0
CTR-00274-04,CUST-00274,SMB,annual,2025-07-28,2025-07-26,2025-08-31,CTR-00274-05,Renewed,4727.88,4923.00,189.115200,6.004800,Renewed with Uplift,2
CTR-00275-03,CUST-00275,SMB,annual,2024-07-12,2024-07-10,2024-08-31,CTR-00275-04,Renewed,2406.60,2505.36,96.264000,2.496000,Renewed with Uplift,2
CTR-00275-04,CUST-00275,SMB,annual,2025-07-13,2025-07-10,2025-08-31,CTR-00275-05,Renewed,2505.36,2593.08,100.214400,-12.494400,Renewed with Uplift,3
CTR-00276-03,CUST-00276,SMB,annual,2024-08-03,2024-07-30,2024-08-31,CTR-00276-04,Renewed,2948.88,3084.72,147.444000,-11.604000,Renewed with Uplift,4
CTR-00276-04,CUST-00276,SMB,annual,2025-08-02,2025-07-30,2025-08-31,CTR-00276-05,Renewed,3084.72,3084.72,0.000000,0.000000,Renewed,3
CTR-00278-03,CUST-00278,SMB,annual,2024-07-30,2024-07-27,2024-08-31,CTR-00278-04,Renewed,10593.24,8239.08,0.000000,-2354.160000,Renewed with Contraction,3
CTR-00278-04,CUST-00278,SMB,annual,2025-07-28,2025-07-27,2025-08-31,CTR-00278-05,Renewed,11534.76,8238.84,0.000000,-3295.920000,Renewed with Contraction,1
CTR-00279-03,CUST-00279,SMB,annual,2024-07-13,2024-07-13,2024-08-31,CTR-00279-04,Renewed,6195.72,6480.60,309.786000,-24.906000,Renewed with Uplift,0
CTR-00279-04,CUST-00279,SMB,annual,2025-07-17,2025-07-13,2025-08-31,CTR-00279-05,Renewed,6480.60,5554.80,0.000000,-925.800000,Renewed with Contraction,4
CTR-00283-03,CUST-00283,SMB,annual,2024-08-29,2024-08-25,2024-09-30,CTR-00283-04,Renewed,4239.36,2710.20,169.574400,-1698.734400,Renewed with Contraction,4
CTR-00283-04,CUST-00283,SMB,annual,2025-08-28,2025-08-25,2025-09-30,CTR-00283-05,Renewed,4400.40,2838.84,220.020000,-1781.580000,Renewed with Contraction,3
CTR-00288-03,CUST-00288,SMB,annual,2024-08-21,2024-08-20,2024-09-30,,Churned,5459.40,0.00,0.000000,0.000000,Churned,1
CTR-00290-03,CUST-00290,SMB,annual,2024-09-01,2024-08-31,2024-09-30,CTR-00290-04,Renewed,6955.44,6085.92,0.000000,-869.520000,Renewed with Contraction,1
CTR-00290-04,CUST-00290,SMB,annual,2025-09-05,2025-08-31,2025-09-30,CTR-00290-05,Renewed,6085.92,6287.04,182.577600,18.542400,Renewed with Uplift,5
CTR-00297-03,CUST-00297,SMB,annual,2024-09-14,2024-09-13,2024-10-31,CTR-00297-04,Renewed,5415.36,5645.04,216.614400,13.065600,Renewed with Uplift,1
CTR-00297-04,CUST-00297,SMB,annual,2025-09-13,2025-09-13,2025-10-31,CTR-00297-05,Renewed,5645.04,5823.00,169.351200,8.608800,Renewed with Uplift,0
CTR-00303-03,CUST-00303,SMB,annual,2024-10-31,2024-10-26,2024-11-30,CTR-00303-04,Renewed,5007.96,3886.44,0.000000,-1121.520000,Renewed with Contraction,5
CTR-00303-04,CUST-00303,SMB,annual,2025-10-29,2025-10-26,2025-11-30,CTR-00303-05,Renewed,5441.04,3331.44,0.000000,-2109.600000,Renewed with Contraction,3
CTR-00325-02,CUST-00325,SMB,annual,2024-01-02,2023-12-29,2024-01-31,CTR-00325-03,Renewed,11266.68,10140.60,0.000000,-1126.080000,Renewed with Contraction,4
CTR-00325-03,CUST-00325,SMB,annual,2024-12-31,2024-12-29,2025-01-31,CTR-00325-04,Renewed,11267.28,11680.08,450.691200,-37.891200,Renewed with Uplift,2
CTR-00325-04,CUST-00325,SMB,annual,2026-01-02,2025-12-29,2026-01-31,CTR-00325-05,Renewed,11680.08,11680.20,0.000000,0.120000,Renewed with Uplift,4
CTR-00327-02,CUST-00327,SMB,annual,2023-12-12,2023-12-12,2024-01-31,CTR-00327-03,Renewed,2285.76,2285.76,0.000000,0.000000,Renewed,0
CTR-00327-03,CUST-00327,SMB,annual,2024-12-15,2024-12-12,2025-01-31,CTR-00327-04,Renewed,2285.76,2394.36,114.288000,-5.688000,Renewed with Uplift,3
CTR-00327-04,CUST-00327,SMB,annual,2025-12-15,2025-12-12,2026-01-31,CTR-00327-05,Renewed,2394.36,2474.52,71.830800,8.329200,Renewed with Uplift,3
CTR-00328-02,CUST-00328,SMB,annual,2023-12-27,2023-12-25,2024-01-31,CTR-00328-03,Renewed,1182.24,1233.36,47.289600,3.830400,Renewed with Uplift,2
CTR-00328-03,CUST-00328,SMB,annual,2024-12-26,2024-12-25,2025-01-31,CTR-00328-04,Renewed,2466.84,1935.00,123.342000,-655.182000,Renewed with Contraction,1
CTR-00328-04,CUST-00328,SMB,annual,2025-12-30,2025-12-25,2026-01-31,CTR-00328-05,Renewed,1935.00,1290.00,0.000000,-645.000000,Renewed with Contraction,5
CTR-00331-03,CUST-00331,SMB,annual,2024-12-03,2024-11-30,2024-12-31,CTR-00331-04,Renewed,7016.88,7343.16,350.844000,-24.564000,Renewed with Uplift,3
CTR-00331-04,CUST-00331,SMB,annual,2025-12-02,2025-11-30,2025-12-31,CTR-00331-05,Renewed,12054.24,7639.44,482.169600,-4896.969600,Renewed with Contraction,2
CTR-00336-02,CUST-00336,SMB,annual,2023-12-20,2023-12-16,2024-01-31,CTR-00336-03,Renewed,7343.88,5838.12,0.000000,-1505.760000,Renewed with Contraction,4
CTR-00336-03,CUST-00336,SMB,annual,2024-12-19,2024-12-16,2025-01-31,,Churned,7344.24,0.00,0.000000,0.000000,Churned,3
CTR-00345-02,CUST-00345,SMB,annual,2023-12-28,2023-12-26,2024-01-31,CTR-00345-03,Renewed,10156.56,10546.56,406.262400,-16.262400,Renewed with Uplift,2
CTR-00345-03,CUST-00345,SMB,annual,2024-12-30,2024-12-26,2025-01-31,CTR-00345-04,Renewed,10546.56,10968.84,421.862400,0.417600,Renewed with Uplift,4
CTR-00345-04,CUST-00345,SMB,annual,2025-12-31,2025-12-26,2026-01-31,,Churned,10968.84,0.00,0.000000,0.000000,Churned,5
CTR-00350-02R,CUST-00350,SMB,annual,2024-05-01,2024-04-30,2024-05-31,CTR-00350-03,Renewed,3639.12,3814.32,181.956000,-6.756000,Renewed with Uplift,1
CTR-00350-03,CUST-00350,SMB,annual,2025-05-05,2025-04-30,2025-05-31,,Churned,3814.32,0.00,0.000000,0.000000,Churned,5
CTR-00354-03,CUST-00354,Mid-Market,annual,2024-01-29,2024-01-28,2024-02-29,CTR-00354-04,Renewed,25024.20,26000.16,1000.968000,-25.008000,Renewed with Uplift,1
CTR-00354-04,CUST-00354,Mid-Market,annual,2025-01-29,2025-01-28,2025-02-28,CTR-00354-05,Renewed,30809.64,27084.24,1232.385600,-4957.785600,Renewed with Contraction,1
CTR-00354-05,CUST-00354,Mid-Market,annual,2026-01-30,2026-01-28,2026-02-28,CTR-00354-06,Renewed,27084.24,28406.40,1354.212000,-32.052000,Renewed with Uplift,2
CTR-00356-03,CUST-00356,Mid-Market,annual,2024-01-12,2024-01-12,2024-02-29,CTR-00356-04,Renewed,14403.48,14866.32,432.104400,30.735600,Renewed with Uplift,0
CTR-00356-04,CUST-00356,Mid-Market,annual,2025-01-13,2025-01-12,2025-02-28,CTR-00356-05,Renewed,16724.64,17451.24,668.985600,57.614400,Renewed with Uplift,1
CTR-00356-05,CUST-00356,Mid-Market,annual,2026-01-16,2026-01-12,2026-02-28,CTR-00356-06,Renewed,22298.88,33229.32,891.955200,10038.484800,Renewed with Uplift,4
CTR-00357-03,CUST-00357,Mid-Market,annual,2024-02-29,2024-02-26,2024-03-31,CTR-00357-04,Renewed,64245.84,66826.20,2569.833600,10.526400,Renewed with Uplift,3
CTR-00357-04,CUST-00357,Mid-Market,annual,2025-02-28,2025-02-26,2025-03-31,CTR-00357-05,Renewed,72792.84,51993.12,0.000000,-20799.720000,Renewed with Contraction,2
CTR-00357-05,CUST-00357,Mid-Market,annual,2026-03-01,2026-02-26,2026-03-31,CTR-00357-06,Renewed,84723.24,62601.72,2541.697200,-24663.217200,Renewed with Contraction,3
CTR-00358-03,CUST-00358,Mid-Market,annual,2024-02-17,2024-02-12,2024-03-31,CTR-00358-04,Renewed,19188.24,19917.24,767.529600,-38.529600,Renewed with Uplift,5
CTR-00358-04,CUST-00358,Mid-Market,annual,2025-02-13,2025-02-12,2025-03-31,,Churned,35721.12,0.00,0.000000,0.000000,Churned,1
CTR-00359-03,CUST-00359,Mid-Market,annual,2024-02-29,2024-02-24,2024-03-31,CTR-00359-04,Renewed,38156.76,29393.76,1144.702800,-9907.702800,Renewed with Contraction,5
CTR-00359-04,CUST-00359,Mid-Market,annual,2025-03-01,2025-02-24,2025-03-31,CTR-00359-05,Renewed,29393.76,26722.32,0.000000,-2671.440000,Renewed with Contraction,5
CTR-00359-05,CUST-00359,Mid-Market,annual,2026-02-25,2026-02-24,2026-03-31,CTR-00359-06,Renewed,51156.00,29395.56,0.000000,-21760.440000,Renewed with Contraction,1
CTR-00360-03,CUST-00360,Mid-Market,annual,2024-03-02,2024-02-27,2024-03-31,,Churned,25934.40,0.00,0.000000,0.000000,Churned,4
CTR-00361-03,CUST-00361,Mid-Market,annual,2024-04-01,2024-03-28,2024-04-30,CTR-00361-04,Renewed,42494.88,43918.56,1274.846400,148.833600,Renewed with Uplift,4
CTR-00361-04,CUST-00361,Mid-Market,annual,2025-04-02,2025-03-28,2025-04-30,CTR-00361-05,Renewed,43918.56,45482.76,1756.742400,-192.542400,Renewed with Uplift,5
CTR-00361-05,CUST-00361,Mid-Market,annual,2026-04-02,2026-03-28,2026-04-30,CTR-00361-06,Renewed,45482.76,47362.92,1819.310400,60.849600,Renewed with Uplift,5
CTR-00362-03,CUST-00362,Mid-Market,annual,2024-03-11,2024-03-10,2024-04-30,CTR-00362-04,Renewed,50085.24,51757.44,1502.557200,169.642800,Renewed with Uplift,1
CTR-00362-04,CUST-00362,Mid-Market,annual,2025-03-11,2025-03-10,2025-04-30,CTR-00362-05,Renewed,51757.44,51757.44,0.000000,0.000000,Renewed,1
CTR-00362-05,CUST-00362,Mid-Market,annual,2026-03-13,2026-03-10,2026-04-30,CTR-00362-06,Renewed,51757.44,54096.12,2587.872000,-249.192000,Renewed with Uplift,3
CTR-00363-03,CUST-00363,Mid-Market,annual,2024-03-12,2024-03-08,2024-04-30,CTR-00363-04,Renewed,29991.48,31360.20,1499.574000,-130.854000,Renewed with Uplift,4
CTR-00363-04,CUST-00363,Mid-Market,annual,2025-03-09,2025-03-08,2025-04-30,CTR-00363-05,Renewed,31360.20,32628.60,1254.408000,13.992000,Renewed with Uplift,1
CTR-00363-05,CUST-00363,Mid-Market,annual,2026-03-10,2026-03-08,2026-04-30,CTR-00363-06,Renewed,32628.60,34205.88,1631.430000,-54.150000,Renewed with Uplift,2
CTR-00364-03,CUST-00364,Mid-Market,annual,2024-03-25,2024-03-25,2024-04-30,CTR-00364-04,Renewed,52411.92,47140.08,2096.476800,-7368.316800,Renewed with Contraction,0
CTR-00364-04,CUST-00364,Mid-Market,annual,2025-03-25,2025-03-25,2025-04-30,CTR-00364-05,Renewed,47140.08,48677.88,1414.202400,123.597600,Renewed with Uplift,0
CTR-00364-05,CUST-00364,Mid-Market,annual,2026-03-27,2026-03-25,2026-04-30,CTR-00364-06,Renewed,48677.88,48676.92,0.000000,-0.960000,Renewed with Contraction,2
CTR-00366-03,CUST-00366,Mid-Market,annual,2024-07-05,2024-06-30,2024-07-31,CTR-00366-04,Renewed,40203.24,34517.52,2010.162000,-7695.882000,Renewed with Contraction,5
CTR-00366-04,CUST-00366,Mid-Market,annual,2025-07-04,2025-06-30,2025-07-31,CTR-00366-05,Renewed,37531.32,39054.00,1501.252800,21.427200,Renewed with Uplift,4
CTR-00367-02,CUST-00367,Mid-Market,multi_year,2025-04-27,2025-04-25,2025-05-31,CTR-00367-03,Renewed,67731.60,41903.52,2709.264000,-28537.344000,Renewed with Contraction,2
CTR-00369-03,CUST-00369,Mid-Market,annual,2024-04-30,2024-04-26,2024-05-31,CTR-00369-04,Renewed,30985.80,30985.80,0.000000,0.000000,Renewed,4
CTR-00369-04,CUST-00369,Mid-Market,annual,2025-04-28,2025-04-26,2025-05-31,CTR-00369-05,Renewed,37441.20,39147.60,1872.060000,-165.660000,Renewed with Uplift,2
CTR-00369-05,CUST-00369,Mid-Market,annual,2026-04-26,2026-04-26,2026-05-31,CTR-00369-06,Renewed,39147.60,40482.48,1174.428000,160.452000,Renewed with Uplift,0
CTR-00370-02,CUST-00370,Mid-Market,multi_year,2026-04-03,2026-04-02,2026-05-31,CTR-00370-03,Renewed,96132.60,65742.60,3845.304000,-34235.304000,Renewed with Contraction,1
CTR-00371-03,CUST-00371,Mid-Market,annual,2024-05-27,2024-05-27,2024-06-30,CTR-00371-04,Renewed,64508.64,58351.44,0.000000,-6157.200000,Renewed with Contraction,0
CTR-00371-04,CUST-00371,Mid-Market,annual,2025-05-29,2025-05-27,2025-06-30,CTR-00371-05,Renewed,58351.44,58347.84,0.000000,-3.600000,Renewed with Contraction,2
CTR-00371-05,CUST-00371,Mid-Market,annual,2026-05-29,2026-05-27,2026-06-30,CTR-00371-06,Renewed,58347.84,60692.16,2333.913600,10.406400,Renewed with Uplift,2
CTR-00372-03,CUST-00372,Mid-Market,annual,2024-11-01,2024-10-31,2024-11-30,CTR-00372-04,Renewed,13101.60,13733.76,655.080000,-22.920000,Renewed with Uplift,1
CTR-00372-04,CUST-00372,Mid-Market,annual,2025-11-02,2025-10-31,2025-11-30,CTR-00372-05,Renewed,27467.52,20457.36,1098.700800,-8108.860800,Renewed with Contraction,2
CTR-00373-03,CUST-00373,Mid-Market,annual,2024-05-27,2024-05-25,2024-06-30,CTR-00373-04,Renewed,19457.04,20134.80,583.711200,94.048800,Renewed with Uplift,2
CTR-00373-04,CUST-00373,Mid-Market,annual,2025-05-26,2025-05-25,2025-06-30,CTR-00373-05,Renewed,20134.80,20993.76,805.392000,53.568000,Renewed with Uplift,1
CTR-00373-05,CUST-00373,Mid-Market,annual,2026-05-25,2026-05-25,2026-06-30,CTR-00373-06,Renewed,29391.24,21961.92,1469.562000,-8898.882000,Renewed with Contraction,0
CTR-00374-03,CUST-00374,Mid-Market,annual,2024-05-30,2024-05-26,2024-06-30,CTR-00374-04,Renewed,10848.36,11306.40,433.934400,24.105600,Renewed with Uplift,4
CTR-00374-04,CUST-00374,Mid-Market,annual,2025-05-31,2025-05-26,2025-06-30,CTR-00374-05,Renewed,21199.56,21984.84,847.982400,-62.702400,Renewed with Uplift,5
CTR-00374-05,CUST-00374,Mid-Market,annual,2026-05-26,2026-05-26,2026-06-30,CTR-00374-06,Renewed,21984.84,15702.84,0.000000,-6282.000000,Renewed with Contraction,0
CTR-00375-03,CUST-00375,Mid-Market,annual,2024-06-12,2024-06-08,2024-07-31,CTR-00375-04,Renewed,76460.64,56620.44,3058.425600,-22898.625600,Renewed with Contraction,4
CTR-00375-04,CUST-00375,Mid-Market,annual,2025-06-10,2025-06-08,2025-07-31,CTR-00375-05,Renewed,65364.96,58536.96,1960.948800,-8788.948800,Renewed with Contraction,2
CTR-00377-03,CUST-00377,Mid-Market,annual,2024-06-11,2024-06-09,2024-07-31,CTR-00377-04,Renewed,15838.20,9434.16,475.146000,-6879.186000,Renewed with Contraction,2
CTR-00377-04,CUST-00377,Mid-Market,annual,2025-06-09,2025-06-09,2025-07-31,CTR-00377-05,Renewed,10482.36,10923.84,419.294400,22.185600,Renewed with Uplift,0
CTR-00378-03,CUST-00378,Mid-Market,annual,2024-06-28,2024-06-27,2024-07-31,CTR-00378-04,Renewed,65805.84,41511.12,3290.292000,-27585.012000,Renewed with Contraction,1
CTR-00378-04,CUST-00378,Mid-Market,annual,2025-07-01,2025-06-27,2025-07-31,CTR-00378-05,Renewed,58115.64,41510.76,0.000000,-16604.880000,Renewed with Contraction,4
CTR-00381-03,CUST-00381,Mid-Market,annual,2024-07-16,2024-07-16,2024-08-31,CTR-00381-04,Renewed,24552.00,25748.88,1227.600000,-30.720000,Renewed with Uplift,0
CTR-00381-04,CUST-00381,Mid-Market,annual,2025-07-18,2025-07-16,2025-08-31,CTR-00381-05,Renewed,25748.88,28257.48,1029.955200,1478.644800,Renewed with Uplift,2
CTR-00382-03,CUST-00382,Mid-Market,annual,2024-08-01,2024-07-27,2024-08-31,CTR-00382-04,Renewed,73887.00,69056.40,2955.480000,-7786.080000,Renewed with Contraction,5
CTR-00382-04,CUST-00382,Mid-Market,annual,2025-07-31,2025-07-27,2025-08-31,,Churned,77072.64,0.00,0.000000,0.000000,Churned,4
CTR-00384-03,CUST-00384,Mid-Market,annual,2024-09-02,2024-08-30,2024-09-30,CTR-00384-04,Renewed,46468.08,42430.44,1858.723200,-5896.363200,Renewed with Contraction,3
CTR-00384-04,CUST-00384,Mid-Market,annual,2025-09-04,2025-08-30,2025-09-30,CTR-00384-05,Renewed,42430.44,42431.28,0.000000,0.840000,Renewed with Uplift,5
CTR-00385-03,CUST-00385,Mid-Market,annual,2024-09-01,2024-08-28,2024-09-30,CTR-00385-04,Renewed,28314.00,29725.80,1415.700000,-3.900000,Renewed with Uplift,4
CTR-00385-04,CUST-00385,Mid-Market,annual,2025-09-01,2025-08-28,2025-09-30,CTR-00385-05,Renewed,29725.80,29725.92,0.000000,0.120000,Renewed with Uplift,4
CTR-00386-03,CUST-00386,Mid-Market,annual,2024-09-28,2024-09-27,2024-10-31,CTR-00386-04,Renewed,25670.88,26548.20,770.126400,107.193600,Renewed with Uplift,1
CTR-00386-04,CUST-00386,Mid-Market,annual,2025-09-29,2025-09-27,2025-10-31,CTR-00386-05,Renewed,26548.20,18963.36,0.000000,-7584.840000,Renewed with Contraction,2
CTR-00387-03,CUST-00387,Mid-Market,annual,2024-09-29,2024-09-26,2024-10-31,CTR-00387-04,Renewed,44015.88,34628.88,1320.476400,-10707.476400,Renewed with Contraction,3
CTR-00387-04,CUST-00387,Mid-Market,annual,2025-09-29,2025-09-26,2025-10-31,CTR-00387-05,Renewed,45414.72,35791.68,1362.441600,-10985.481600,Renewed with Contraction,3
CTR-00389-03,CUST-00389,Mid-Market,annual,2024-09-26,2024-09-26,2024-10-31,CTR-00389-04,Renewed,19012.56,19701.48,760.502400,-71.582400,Renewed with Uplift,0
CTR-00389-04,CUST-00389,Mid-Market,annual,2025-10-01,2025-09-26,2025-10-31,CTR-00389-05,Renewed,27582.12,19702.56,0.000000,-7879.560000,Renewed with Contraction,5
CTR-00391-03,CUST-00391,Mid-Market,annual,2024-10-15,2024-10-10,2024-11-30,CTR-00391-04,Renewed,36906.72,36905.40,0.000000,-1.320000,Renewed with Contraction,5
CTR-00391-04,CUST-00391,Mid-Market,annual,2025-10-13,2025-10-10,2025-11-30,CTR-00391-05,Renewed,36905.40,38420.28,1476.216000,38.664000,Renewed with Uplift,3
CTR-00393-03,CUST-00393,Mid-Market,annual,2024-10-23,2024-10-21,2024-11-30,CTR-00393-04,Renewed,30145.56,24411.60,904.366800,-6638.326800,Renewed with Contraction,2
CTR-00393-04,CUST-00393,Mid-Market,annual,2025-10-25,2025-10-21,2025-11-30,CTR-00393-05,Renewed,24411.60,24411.96,0.000000,0.360000,Renewed with Uplift,4
CTR-00395-03,CUST-00395,Mid-Market,annual,2024-11-27,2024-11-25,2024-12-31,CTR-00395-04,Renewed,19589.76,20221.20,587.692800,43.747200,Renewed with Uplift,2
CTR-00395-04,CUST-00395,Mid-Market,annual,2025-11-29,2025-11-25,2025-12-31,CTR-00395-05,Renewed,20221.20,20935.20,808.848000,-94.848000,Renewed with Uplift,4
CTR-00396-02R,CUST-00396,Mid-Market,annual,2024-02-04,2024-01-31,2024-02-29,CTR-00396-03,Renewed,27345.96,13052.16,0.000000,-14293.800000,Renewed with Contraction,4
CTR-00396-03,CUST-00396,Mid-Market,annual,2025-02-02,2025-01-31,2025-02-28,,Churned,13052.16,0.00,0.000000,0.000000,Churned,2
CTR-00397-01,CUST-00397,Mid-Market,multi_year,2024-11-24,2024-11-19,2024-12-31,CTR-00397-02,Renewed,47797.32,42606.00,1911.892800,-7103.212800,Renewed with Contraction,5
CTR-00398-02,CUST-00398,Mid-Market,annual,2023-12-14,2023-12-09,2024-01-31,CTR-00398-03,Renewed,45663.24,34246.92,0.000000,-11416.320000,Renewed with Contraction,5
CTR-00398-03,CUST-00398,Mid-Market,annual,2024-12-10,2024-12-09,2025-01-31,,Churned,63927.72,0.00,0.000000,0.000000,Churned,1
CTR-00399-02,CUST-00399,Mid-Market,annual,2023-12-13,2023-12-08,2024-01-31,CTR-00399-03,Renewed,14454.72,10718.28,578.188800,-4314.628800,Renewed with Contraction,5
CTR-00399-03,CUST-00399,Mid-Market,annual,2024-12-09,2024-12-08,2025-01-31,CTR-00399-04,Renewed,15005.64,11053.44,450.169200,-4402.369200,Renewed with Contraction,1
CTR-00399-04,CUST-00399,Mid-Market,annual,2025-12-13,2025-12-08,2026-01-31,CTR-00399-05,Renewed,16077.72,18088.20,0.000000,2010.480000,Renewed with Uplift,5
CTR-00400-02,CUST-00400,Mid-Market,annual,2023-12-10,2023-12-10,2024-01-31,CTR-00400-03,Renewed,54353.04,56404.68,2174.121600,-122.481600,Renewed with Uplift,0
CTR-00400-03,CUST-00400,Mid-Market,annual,2024-12-14,2024-12-10,2025-01-31,CTR-00400-04,Renewed,56404.68,56405.64,0.000000,0.960000,Renewed with Uplift,4
CTR-00400-04,CUST-00400,Mid-Market,annual,2025-12-14,2025-12-10,2026-01-31,CTR-00400-05,Renewed,56405.64,59094.96,2820.282000,-130.962000,Renewed with Uplift,4
CTR-00401-01,CUST-00401,Mid-Market,multi_year,2023-12-28,2023-12-25,2024-01-31,CTR-00401-02,Renewed,11456.40,11839.44,343.692000,39.348000,Renewed with Uplift,3
CTR-00401-02,CUST-00401,Mid-Market,multi_year,2025-12-27,2025-12-25,2026-01-31,,Churned,15391.32,0.00,0.000000,0.000000,Churned,2
CTR-00403-02,CUST-00403,Mid-Market,annual,2023-12-25,2023-12-22,2024-01-31,CTR-00403-03,Renewed,107213.04,111488.16,4288.521600,-13.401600,Renewed with Uplift,3
CTR-00403-03,CUST-00403,Mid-Market,annual,2024-12-23,2024-12-22,2025-01-31,CTR-00403-04,Renewed,191566.68,176739.60,0.000000,-14827.080000,Renewed with Contraction,1
CTR-00403-04,CUST-00403,Mid-Market,annual,2025-12-26,2025-12-22,2026-01-31,CTR-00403-05,Renewed,191569.20,191573.04,0.000000,3.840000,Renewed with Uplift,4
CTR-00404-02,CUST-00404,Mid-Market,annual,2024-01-02,2023-12-28,2024-01-31,CTR-00404-03,Renewed,21400.56,22114.92,642.016800,72.343200,Renewed with Uplift,5
CTR-00404-03,CUST-00404,Mid-Market,annual,2025-01-01,2024-12-28,2025-01-31,CTR-00404-04,Renewed,27380.40,28475.64,1095.216000,0.024000,Renewed with Uplift,4
CTR-00404-04,CUST-00404,Mid-Market,annual,2025-12-28,2025-12-28,2026-01-31,CTR-00404-05,Renewed,39427.80,40619.64,1182.834000,9.006000,Renewed with Uplift,0
CTR-00405-02,CUST-00405,Mid-Market,annual,2023-12-30,2023-12-30,2024-01-31,CTR-00405-03,Renewed,42406.92,43987.32,1696.276800,-115.876800,Renewed with Uplift,0
CTR-00405-03,CUST-00405,Mid-Market,annual,2024-12-30,2024-12-30,2025-01-31,CTR-00405-04,Renewed,43987.32,45527.64,1759.492800,-219.172800,Renewed with Uplift,0
CTR-00405-04,CUST-00405,Mid-Market,annual,2026-01-01,2025-12-30,2026-01-31,CTR-00405-05,Renewed,45527.64,46935.12,1365.829200,41.650800,Renewed with Uplift,2
CTR-00406-02,CUST-00406,Mid-Market,annual,2023-12-29,2023-12-24,2024-01-31,,Churned,8447.52,0.00,0.000000,0.000000,Churned,5
CTR-00407-02,CUST-00407,Mid-Market,annual,2023-12-22,2023-12-18,2024-01-31,CTR-00407-03,Renewed,31056.24,32150.76,1242.249600,-147.729600,Renewed with Uplift,4
CTR-00407-03,CUST-00407,Mid-Market,annual,2024-12-19,2024-12-18,2025-01-31,CTR-00407-04,Renewed,32150.76,32150.64,0.000000,-0.120000,Renewed with Contraction,1
CTR-00407-04,CUST-00407,Mid-Market,annual,2025-12-19,2025-12-18,2026-01-31,,Churned,39499.44,0.00,0.000000,0.000000,Churned,1
CTR-00409-01,CUST-00409,Enterprise,multi_year,2024-02-28,2024-02-27,2024-03-31,,Churned,86629.20,0.00,0.000000,0.000000,Churned,1
CTR-00413-03,CUST-00413,Enterprise,annual,2024-09-16,2024-09-12,2024-10-31,CTR-00413-04,Renewed,162345.12,167299.92,4870.353600,84.446400,Renewed with Uplift,4
CTR-00413-04,CUST-00413,Enterprise,annual,2025-09-15,2025-09-12,2025-10-31,CTR-00413-05,Renewed,167299.92,172674.12,5018.997600,355.202400,Renewed with Uplift,3
CTR-00415-02,CUST-00415,Enterprise,multi_year,2025-11-21,2025-11-16,2025-12-31,CTR-00415-03,Renewed,78488.28,78493.56,0.000000,5.280000,Renewed with Uplift,5
CTR-00416-01,CUST-00416,Enterprise,multi_year,2024-12-31,2024-12-27,2025-01-31,CTR-00416-02,Renewed,147027.84,118368.60,0.000000,-28659.240000,Renewed with Contraction,4
CTR-00422-02,CUST-00422,SMB,annual,2024-01-09,2024-01-04,2024-02-29,CTR-00422-03,Renewed,11772.12,12344.52,588.606000,-16.206000,Renewed with Uplift,5
CTR-00422-03,CUST-00422,SMB,annual,2025-01-08,2025-01-04,2025-02-28,CTR-00422-04,Renewed,14989.56,12835.56,599.582400,-2753.582400,Renewed with Contraction,4
CTR-00422-04,CUST-00422,SMB,annual,2026-01-09,2026-01-04,2026-02-28,CTR-00422-05,Renewed,12835.56,12836.40,0.000000,0.840000,Renewed with Uplift,5
CTR-00424-02,CUST-00424,SMB,annual,2024-01-07,2024-01-07,2024-02-29,,Churned,5353.20,0.00,0.000000,0.000000,Churned,0
CTR-00439-02,CUST-00439,SMB,annual,2024-02-28,2024-02-27,2024-03-31,,Churned,2976.00,0.00,0.000000,0.000000,Churned,1
CTR-00440-02,CUST-00440,SMB,annual,2024-02-26,2024-02-23,2024-03-31,CTR-00440-03,Renewed,4893.00,5111.40,195.720000,22.680000,Renewed with Uplift,3
CTR-00440-03,CUST-00440,SMB,annual,2025-02-26,2025-02-23,2025-03-31,CTR-00440-04,Renewed,5111.40,5305.20,204.456000,-10.656000,Renewed with Uplift,3
CTR-00440-04,CUST-00440,SMB,annual,2026-02-24,2026-02-23,2026-03-31,CTR-00440-05,Renewed,5305.20,5553.84,265.260000,-16.620000,Renewed with Uplift,1
CTR-00442-02,CUST-00442,SMB,annual,2024-02-10,2024-02-10,2024-03-31,CTR-00442-03,Renewed,7920.12,5625.48,396.006000,-2690.646000,Renewed with Contraction,0
CTR-00442-03,CUST-00442,SMB,annual,2025-02-11,2025-02-10,2025-03-31,CTR-00442-04,Renewed,7875.72,5903.04,393.786000,-2366.466000,Renewed with Contraction,1
CTR-00442-04,CUST-00442,SMB,annual,2026-02-14,2026-02-10,2026-03-31,CTR-00442-05,Renewed,5903.04,5902.80,0.000000,-0.240000,Renewed with Contraction,4
CTR-00455-02,CUST-00455,SMB,annual,2024-03-04,2024-02-29,2024-03-31,CTR-00455-03,Renewed,20533.92,21173.76,616.017600,23.822400,Renewed with Uplift,4
CTR-00455-03,CUST-00455,SMB,annual,2025-03-04,2025-02-28,2025-03-31,CTR-00455-04,Renewed,21173.76,22013.16,846.950400,-7.550400,Renewed with Uplift,4
CTR-00455-04,CUST-00455,SMB,annual,2026-03-02,2026-02-28,2026-03-31,,Churned,25158.00,0.00,0.000000,0.000000,Churned,2
CTR-00461-02,CUST-00461,SMB,annual,2024-04-01,2024-03-27,2024-04-30,CTR-00461-03,Renewed,1871.52,1928.64,56.145600,0.974400,Renewed with Uplift,5
CTR-00461-03,CUST-00461,SMB,annual,2025-03-28,2025-03-27,2025-04-30,CTR-00461-04,Renewed,1928.64,1992.60,57.859200,6.100800,Renewed with Uplift,1
CTR-00461-04,CUST-00461,SMB,annual,2026-03-28,2026-03-27,2026-04-30,CTR-00461-05,Renewed,1992.60,2083.08,99.630000,-9.150000,Renewed with Uplift,1
CTR-00462-02,CUST-00462,SMB,annual,2024-03-28,2024-03-27,2024-04-30,CTR-00462-03,Renewed,11406.36,11814.48,456.254400,-48.134400,Renewed with Uplift,1
CTR-00462-03,CUST-00462,SMB,annual,2025-03-29,2025-03-27,2025-04-30,CTR-00462-04,Renewed,11814.48,12330.24,472.579200,43.180800,Renewed with Uplift,2
CTR-00462-04,CUST-00462,SMB,annual,2026-03-30,2026-03-27,2026-04-30,CTR-00462-05,Renewed,17262.36,12822.84,690.494400,-5130.014400,Renewed with Contraction,3
CTR-00465-02,CUST-00465,SMB,annual,2024-03-12,2024-03-10,2024-04-30,CTR-00465-03,Renewed,6410.04,6663.84,256.401600,-2.601600,Renewed with Uplift,2
CTR-00465-03,CUST-00465,SMB,annual,2025-03-11,2025-03-10,2025-04-30,,Churned,7496.88,0.00,0.000000,0.000000,Churned,1
CTR-00469-02,CUST-00469,SMB,annual,2024-03-29,2024-03-28,2024-04-30,CTR-00469-03,Renewed,1865.04,1928.88,55.951200,7.888800,Renewed with Uplift,1
CTR-00469-03,CUST-00469,SMB,annual,2025-03-28,2025-03-28,2025-04-30,CTR-00469-04,Renewed,1928.88,2006.28,77.155200,0.244800,Renewed with Uplift,0
CTR-00469-04,CUST-00469,SMB,annual,2026-04-02,2026-03-28,2026-04-30,,Churned,2006.28,0.00,0.000000,0.000000,Churned,5
CTR-00475-02,CUST-00475,SMB,annual,2024-04-04,2024-03-30,2024-04-30,CTR-00475-03,Renewed,5138.04,5359.20,205.521600,15.638400,Renewed with Uplift,5
CTR-00475-03,CUST-00475,SMB,annual,2025-04-02,2025-03-30,2025-04-30,CTR-00475-04,Renewed,5359.20,5538.48,160.776000,18.504000,Renewed with Uplift,3
CTR-00475-04,CUST-00475,SMB,annual,2026-04-02,2026-03-30,2026-04-30,CTR-00475-05,Renewed,5538.48,5776.32,221.539200,16.300800,Renewed with Uplift,3
CTR-00483-02,CUST-00483,SMB,annual,2024-04-30,2024-04-25,2024-05-31,CTR-00483-03,Renewed,3927.72,4108.80,196.386000,-15.306000,Renewed with Uplift,5
CTR-00483-03,CUST-00483,SMB,annual,2025-04-25,2025-04-25,2025-05-31,CTR-00483-04,Renewed,4108.80,4298.76,205.440000,-15.480000,Renewed with Uplift,0
CTR-00483-04,CUST-00483,SMB,annual,2026-04-25,2026-04-25,2026-05-31,CTR-00483-05,Renewed,4298.76,4299.00,0.000000,0.240000,Renewed with Uplift,0
CTR-00485-02,CUST-00485,SMB,annual,2024-04-27,2024-04-24,2024-05-31,CTR-00485-03,Renewed,9807.84,10165.32,392.313600,-34.833600,Renewed with Uplift,3
CTR-00485-03,CUST-00485,SMB,annual,2025-04-29,2025-04-24,2025-05-31,CTR-00485-04,Renewed,10165.32,10670.16,508.266000,-3.426000,Renewed with Uplift,5
CTR-00485-04,CUST-00485,SMB,annual,2026-04-27,2026-04-24,2026-05-31,CTR-00485-05,Renewed,10670.16,10670.16,0.000000,0.000000,Renewed,3
CTR-00486-02,CUST-00486,SMB,annual,2024-04-07,2024-04-07,2024-05-31,CTR-00486-03,Renewed,7665.96,6257.76,0.000000,-1408.200000,Renewed with Contraction,0
CTR-00486-03,CUST-00486,SMB,annual,2025-04-08,2025-04-07,2025-05-31,,Churned,6257.76,0.00,0.000000,0.000000,Churned,1
CTR-00488-02,CUST-00488,SMB,annual,2024-05-01,2024-04-28,2024-05-31,CTR-00488-03,Renewed,4281.36,4477.08,214.068000,-18.348000,Renewed with Uplift,3
CTR-00488-03,CUST-00488,SMB,annual,2025-04-29,2025-04-28,2025-05-31,CTR-00488-04,Renewed,5372.40,5586.84,214.896000,-0.456000,Renewed with Uplift,1
CTR-00488-04,CUST-00488,SMB,annual,2026-04-29,2026-04-28,2026-05-31,CTR-00488-05,Renewed,5586.84,5828.28,223.473600,17.966400,Renewed with Uplift,1
CTR-00492-02,CUST-00492,SMB,annual,2024-04-26,2024-04-26,2024-05-31,CTR-00492-03,Renewed,4959.60,3707.04,247.980000,-1500.540000,Renewed with Contraction,0
CTR-00492-03,CUST-00492,SMB,annual,2025-04-28,2025-04-26,2025-05-31,,Churned,6054.72,0.00,0.000000,0.000000,Churned,2
CTR-00494-02,CUST-00494,SMB,annual,2024-04-04,2024-03-31,2024-04-30,CTR-00494-03,Renewed,8844.00,8844.00,0.000000,0.000000,Renewed,4
CTR-00494-03,CUST-00494,SMB,annual,2025-04-05,2025-03-31,2025-04-30,CTR-00494-04,Renewed,8844.00,9202.08,353.760000,4.320000,Renewed with Uplift,5
CTR-00494-04,CUST-00494,SMB,annual,2026-03-31,2026-03-31,2026-04-30,CTR-00494-05,Renewed,9202.08,9627.36,460.104000,-34.824000,Renewed with Uplift,0
CTR-00500-02,CUST-00500,SMB,annual,2024-05-14,2024-05-13,2024-06-30,CTR-00500-03,Renewed,5640.12,4176.48,225.604800,-1689.244800,Renewed with Contraction,1
CTR-00500-03,CUST-00500,SMB,annual,2025-05-13,2025-05-13,2025-06-30,CTR-00500-04,Renewed,4176.48,4317.72,125.294400,15.945600,Renewed with Uplift,0
CTR-00500-04,CUST-00500,SMB,annual,2026-05-14,2026-05-13,2026-06-30,CTR-00500-05,Renewed,4317.72,4518.60,215.886000,-15.006000,Renewed with Uplift,1
CTR-00502-02,CUST-00502,SMB,annual,2024-06-01,2024-05-27,2024-06-30,CTR-00502-03,Renewed,3178.32,2542.56,0.000000,-635.760000,Renewed with Contraction,5
CTR-00502-03,CUST-00502,SMB,annual,2025-05-30,2025-05-27,2025-06-30,CTR-00502-04,Renewed,2542.56,2649.36,101.702400,5.097600,Renewed with Uplift,3
CTR-00502-04,CUST-00502,SMB,annual,2026-05-27,2026-05-27,2026-06-30,CTR-00502-05,Renewed,4636.32,3464.52,231.816000,-1403.616000,Renewed with Contraction,0
CTR-00506-01,CUST-00506,SMB,multi_year,2024-05-15,2024-05-15,2024-06-30,CTR-00506-02,Renewed,4656.00,3325.68,0.000000,-1330.320000,Renewed with Contraction,0
CTR-00528-02R,CUST-00528,SMB,annual,2024-09-01,2024-08-31,2024-09-30,CTR-00528-03,Renewed,6216.48,5328.72,0.000000,-887.760000,Renewed with Contraction,1
CTR-00528-03,CUST-00528,SMB,annual,2025-09-04,2025-08-31,2025-09-30,,Churned,5328.72,0.00,0.000000,0.000000,Churned,4
CTR-00529-02,CUST-00529,SMB,annual,2024-06-25,2024-06-23,2024-07-31,CTR-00529-03,Renewed,2825.16,2955.96,141.258000,-10.458000,Renewed with Uplift,2
CTR-00529-03,CUST-00529,SMB,annual,2025-06-25,2025-06-23,2025-07-31,CTR-00529-04,Renewed,2955.96,3066.00,118.238400,-8.198400,Renewed with Uplift,2
CTR-00529-04,CUST-00529,SMB,annual,2025-11-01,2025-10-31,2025-11-30,,Early Termination,3066.00,0.00,0.000000,0.000000,Early Termination,1
CTR-00532-02,CUST-00532,SMB,annual,2024-07-07,2024-07-05,2024-08-31,CTR-00532-03,Renewed,2245.08,2331.36,89.803200,-3.523200,Renewed with Uplift,2
CTR-00532-03,CUST-00532,SMB,annual,2025-07-10,2025-07-05,2025-08-31,CTR-00532-04,Renewed,3263.88,2331.36,0.000000,-932.520000,Renewed with Contraction,5
CTR-00537-01,CUST-00537,SMB,multi_year,2025-07-21,2025-07-21,2025-08-31,CTR-00537-02,Renewed,9309.84,6874.32,279.295200,-2714.815200,Renewed with Contraction,0
CTR-00549-02,CUST-00549,SMB,annual,2024-08-10,2024-08-07,2024-09-30,CTR-00549-03,Renewed,2235.00,2235.00,0.000000,0.000000,Renewed,3
CTR-00549-03,CUST-00549,SMB,annual,2025-08-11,2025-08-07,2025-09-30,CTR-00549-04,Renewed,3129.00,2332.56,125.160000,-921.600000,Renewed with Contraction,4
CTR-00550-02,CUST-00550,SMB,annual,2024-08-29,2024-08-27,2024-09-30,CTR-00550-03,Renewed,12387.00,6200.40,0.000000,-6186.600000,Renewed with Contraction,2
CTR-00550-03,CUST-00550,SMB,annual,2025-08-31,2025-08-27,2025-09-30,,Churned,6820.44,0.00,0.000000,0.000000,Churned,4
CTR-00579-02,CUST-00579,SMB,annual,2024-11-01,2024-10-30,2024-11-30,,Churned,4315.56,0.00,0.000000,0.000000,Churned,2
CTR-00583-02,CUST-00583,SMB,annual,2024-10-16,2024-10-15,2024-11-30,CTR-00583-03,Renewed,11518.20,12030.48,460.728000,51.552000,Renewed with Uplift,1
CTR-00583-03,CUST-00583,SMB,annual,2025-10-19,2025-10-15,2025-11-30,CTR-00583-04,Renewed,12030.48,10130.64,0.000000,-1899.840000,Renewed with Contraction,4
CTR-00585-02,CUST-00585,SMB,annual,2024-11-01,2024-10-27,2024-11-30,CTR-00585-03,Renewed,8234.04,5157.36,329.361600,-3406.041600,Renewed with Contraction,5
CTR-00585-03,CUST-00585,SMB,annual,2025-10-27,2025-10-27,2025-11-30,CTR-00585-04,Renewed,5157.36,5380.68,206.294400,17.025600,Renewed with Uplift,0
CTR-00587-02,CUST-00587,SMB,annual,2024-10-11,2024-10-09,2024-11-30,CTR-00587-03,Renewed,2527.68,2607.96,75.830400,4.449600,Renewed with Uplift,2
CTR-00587-03,CUST-00587,SMB,annual,2025-10-12,2025-10-09,2025-11-30,CTR-00587-04,Renewed,2607.96,2707.44,104.318400,-4.838400,Renewed with Uplift,3
CTR-00589-02,CUST-00589,SMB,annual,2024-10-30,2024-10-29,2024-11-30,CTR-00589-03,Renewed,2961.48,2961.60,0.000000,0.120000,Renewed with Uplift,1
CTR-00589-03,CUST-00589,SMB,annual,2025-10-31,2025-10-29,2025-11-30,CTR-00589-04,Renewed,2961.60,2961.48,0.000000,-0.120000,Renewed with Contraction,2
CTR-00590-02,CUST-00590,SMB,annual,2024-10-31,2024-10-26,2024-11-30,,Churned,9100.32,0.00,0.000000,0.000000,Churned,5
CTR-00592-02,CUST-00592,SMB,annual,2024-11-24,2024-11-22,2024-12-31,CTR-00592-03,Renewed,8814.72,9152.88,352.588800,-14.428800,Renewed with Uplift,2
CTR-00592-03,CUST-00592,SMB,annual,2025-11-24,2025-11-22,2025-12-31,CTR-00592-04,Renewed,9152.88,9439.68,274.586400,12.213600,Renewed with Uplift,2
CTR-00599-02,CUST-00599,SMB,annual,2024-11-29,2024-11-24,2024-12-31,CTR-00599-03,Renewed,2546.04,2630.04,76.381200,7.618800,Renewed with Uplift,5
CTR-00599-03,CUST-00599,SMB,annual,2025-11-29,2025-11-24,2025-12-31,CTR-00599-04,Renewed,2630.04,2713.20,78.901200,4.258800,Renewed with Uplift,5
CTR-00603-02,CUST-00603,SMB,annual,2024-11-05,2024-11-01,2024-12-31,CTR-00603-03,Renewed,12310.56,9207.12,615.528000,-3718.968000,Renewed with Contraction,4
CTR-00603-03,CUST-00603,SMB,annual,2025-11-05,2025-11-01,2025-12-31,CTR-00603-04,Renewed,9207.12,9565.56,368.284800,-9.844800,Renewed with Uplift,4
CTR-00607-02,CUST-00607,SMB,annual,2024-11-26,2024-11-24,2024-12-31,CTR-00607-03,Renewed,19115.16,17329.20,764.606400,-2550.566400,Renewed with Contraction,2
CTR-00607-03,CUST-00607,SMB,annual,2025-11-29,2025-11-24,2025-12-31,,Churned,19928.52,0.00,0.000000,0.000000,Churned,5
CTR-00611-01,CUST-00611,SMB,annual,2024-01-03,2023-12-30,2024-01-31,,Churned,3810.96,0.00,0.000000,0.000000,Churned,4
CTR-00614-02,CUST-00614,SMB,annual,2024-12-01,2024-11-30,2024-12-31,CTR-00614-03,Renewed,5368.68,5575.32,214.747200,-8.107200,Renewed with Uplift,1
CTR-00614-03,CUST-00614,SMB,annual,2025-12-01,2025-11-30,2025-12-31,CTR-00614-04,Renewed,6690.36,6935.16,267.614400,-22.814400,Renewed with Uplift,1
CTR-00619-01,CUST-00619,SMB,annual,2023-12-27,2023-12-24,2024-01-31,CTR-00619-02,Renewed,3271.20,1188.24,0.000000,-2082.960000,Renewed with Contraction,3
CTR-00619-02,CUST-00619,SMB,annual,2024-12-28,2024-12-24,2025-01-31,CTR-00619-03,Renewed,1188.24,1230.00,47.529600,-5.769600,Renewed with Uplift,4
CTR-00619-03,CUST-00619,SMB,annual,2025-12-29,2025-12-24,2026-01-31,CTR-00619-04,Renewed,1230.00,1276.20,49.200000,-3.000000,Renewed with Uplift,5
CTR-00623-01,CUST-00623,SMB,annual,2023-12-30,2023-12-29,2024-01-31,,Churned,7524.00,0.00,0.000000,0.000000,Churned,1
CTR-00631-01,CUST-00631,SMB,annual,2023-12-26,2023-12-26,2024-01-31,,Churned,2349.60,0.00,0.000000,0.000000,Churned,0
CTR-00638-01,CUST-00638,SMB,annual,2023-12-30,2023-12-27,2024-01-31,,Churned,1146.72,0.00,0.000000,0.000000,Churned,3
CTR-00642-01,CUST-00642,SMB,annual,2023-12-15,2023-12-15,2024-01-31,CTR-00642-02,Renewed,9808.80,9397.08,392.352000,-804.072000,Renewed with Contraction,0
CTR-00642-02,CUST-00642,SMB,annual,2024-12-17,2024-12-15,2025-01-31,CTR-00642-03,Renewed,9397.08,8143.68,0.000000,-1253.400000,Renewed with Contraction,2
CTR-00642-03,CUST-00642,SMB,annual,2025-12-20,2025-12-15,2026-01-31,CTR-00642-04,Renewed,8143.68,8409.24,244.310400,21.249600,Renewed with Uplift,5
CTR-00648-01,CUST-00648,SMB,annual,2023-12-27,2023-12-24,2024-01-31,,Churned,5637.96,0.00,0.000000,0.000000,Churned,3
CTR-00649-01,CUST-00649,SMB,annual,2024-01-01,2023-12-27,2024-01-31,,Churned,2270.88,0.00,0.000000,0.000000,Churned,5
CTR-00651-01,CUST-00651,Mid-Market,multi_year,2024-01-09,2024-01-04,2024-02-29,,Churned,63852.60,0.00,0.000000,0.000000,Churned,5
CTR-00651-02R,CUST-00651,Mid-Market,multi_year,2026-06-05,2026-05-31,2026-06-30,CTR-00651-03,Renewed,46844.40,33460.56,0.000000,-13383.840000,Renewed with Contraction,5
CTR-00653-02,CUST-00653,Mid-Market,annual,2024-01-30,2024-01-27,2024-02-29,CTR-00653-03,Renewed,26881.68,34590.72,806.450400,6902.589600,Renewed with Uplift,3
CTR-00653-03,CUST-00653,Mid-Market,annual,2025-01-31,2025-01-27,2025-02-28,CTR-00653-04,Renewed,34590.72,36075.84,1383.628800,101.491200,Renewed with Uplift,4
CTR-00653-04,CUST-00653,Mid-Market,annual,2026-01-28,2026-01-27,2026-02-28,CTR-00653-05,Renewed,36075.84,37549.68,1443.033600,30.806400,Renewed with Uplift,1
CTR-00654-01,CUST-00654,Mid-Market,multi_year,2024-01-29,2024-01-29,2024-02-29,CTR-00654-02,Renewed,17331.84,18074.88,693.273600,49.766400,Renewed with Uplift,0
CTR-00654-02,CUST-00654,Mid-Market,multi_year,2026-01-31,2026-01-29,2026-02-28,CTR-00654-03,Renewed,22378.44,23438.64,1118.922000,-58.722000,Renewed with Uplift,2
CTR-00656-02,CUST-00656,Mid-Market,annual,2024-03-03,2024-02-27,2024-03-31,CTR-00656-03,Renewed,33926.40,35017.44,1017.792000,73.248000,Renewed with Uplift,5
CTR-00656-03,CUST-00656,Mid-Market,annual,2025-03-03,2025-02-27,2025-03-31,CTR-00656-04,Renewed,70035.00,72139.08,2101.050000,3.030000,Renewed with Uplift,4
CTR-00656-04,CUST-00656,Mid-Market,annual,2026-02-28,2026-02-27,2026-03-31,CTR-00656-05,Renewed,72139.08,60114.96,0.000000,-12024.120000,Renewed with Contraction,1
CTR-00657-02,CUST-00657,Mid-Market,annual,2024-02-11,2024-02-10,2024-03-31,CTR-00657-03,Renewed,65029.92,48256.20,2601.196800,-19374.916800,Renewed with Contraction,1
CTR-00657-03,CUST-00657,Mid-Market,annual,2025-02-14,2025-02-10,2025-03-31,CTR-00657-04,Renewed,67558.68,50462.64,3377.934000,-20473.974000,Renewed with Contraction,4
CTR-00657-04,CUST-00657,Mid-Market,annual,2026-02-14,2026-02-10,2026-03-31,CTR-00657-05,Renewed,50462.64,52508.16,2018.505600,27.014400,Renewed with Uplift,4
CTR-00657-05,CUST-00657,Mid-Market,annual,2026-06-02,2026-05-31,2026-06-30,,Early Termination,52508.16,0.00,0.000000,0.000000,Early Termination,2
CTR-00658-02,CUST-00658,Mid-Market,annual,2024-02-09,2024-02-09,2024-03-31,CTR-00658-03,Renewed,14266.44,14888.52,570.657600,51.422400,Renewed with Uplift,0
CTR-00658-03,CUST-00658,Mid-Market,annual,2025-02-09,2025-02-09,2025-03-31,CTR-00658-04,Renewed,14888.52,15368.16,446.655600,32.984400,Renewed with Uplift,0
CTR-00658-04,CUST-00658,Mid-Market,annual,2026-02-09,2026-02-09,2026-03-31,,Churned,18441.72,0.00,0.000000,0.000000,Churned,0
CTR-00660-02,CUST-00660,Mid-Market,annual,2024-02-26,2024-02-25,2024-03-31,,Churned,22970.28,0.00,0.000000,0.000000,Churned,1
CTR-00661-02,CUST-00661,Mid-Market,annual,2024-02-20,2024-02-18,2024-03-31,CTR-00661-03,Renewed,23290.92,24257.04,931.636800,34.483200,Renewed with Uplift,2
CTR-00661-03,CUST-00661,Mid-Market,annual,2025-02-20,2025-02-18,2025-03-31,CTR-00661-04,Renewed,31720.68,31722.60,0.000000,1.920000,Renewed with Uplift,2
CTR-00661-04,CUST-00661,Mid-Market,annual,2026-02-21,2026-02-18,2026-03-31,CTR-00661-05,Renewed,31722.60,33194.64,1586.130000,-114.090000,Renewed with Uplift,3
CTR-00662-02,CUST-00662,Mid-Market,annual,2024-03-30,2024-03-26,2024-04-30,CTR-00662-03,Renewed,52725.12,54305.16,1581.753600,-1.713600,Renewed with Uplift,4
CTR-00662-03,CUST-00662,Mid-Market,annual,2025-03-28,2025-03-26,2025-04-30,CTR-00662-04,Renewed,54305.16,68683.20,0.000000,14378.040000,Renewed with Uplift,2
CTR-00662-04,CUST-00662,Mid-Market,annual,2026-03-31,2026-03-26,2026-04-30,CTR-00662-05,Renewed,68683.20,70997.76,2060.496000,254.064000,Renewed with Uplift,5
CTR-00663-01,CUST-00663,Mid-Market,multi_year,2024-03-09,2024-03-07,2024-04-30,CTR-00663-02,Renewed,35291.88,36970.08,1764.594000,-86.394000,Renewed with Uplift,2
CTR-00663-02,CUST-00663,Mid-Market,multi_year,2026-03-12,2026-03-07,2026-04-30,CTR-00663-03,Renewed,54955.44,57655.32,2747.772000,-47.892000,Renewed with Uplift,5
CTR-00664-02,CUST-00664,Mid-Market,annual,2024-03-14,2024-03-11,2024-04-30,CTR-00664-03,Renewed,19615.32,19616.16,0.000000,0.840000,Renewed with Uplift,3
CTR-00664-03,CUST-00664,Mid-Market,annual,2025-03-15,2025-03-11,2025-04-30,CTR-00664-04,Renewed,19616.16,20352.12,784.646400,-48.686400,Renewed with Uplift,4
CTR-00664-04,CUST-00664,Mid-Market,annual,2026-03-16,2026-03-11,2026-04-30,,Churned,20352.12,0.00,0.000000,0.000000,Churned,5
CTR-00665-02,CUST-00665,Mid-Market,annual,2024-03-28,2024-03-27,2024-04-30,CTR-00665-03,Renewed,46059.72,48090.48,1842.388800,188.371200,Renewed with Uplift,1
CTR-00665-03,CUST-00665,Mid-Market,annual,2025-03-29,2025-03-27,2025-04-30,CTR-00665-04,Renewed,49124.88,51522.72,2456.244000,-58.404000,Renewed with Uplift,2
CTR-00665-04,CUST-00665,Mid-Market,annual,2026-03-30,2026-03-27,2026-04-30,CTR-00665-05,Renewed,51522.72,53950.20,2576.136000,-148.656000,Renewed with Uplift,3
CTR-00667-02,CUST-00667,Mid-Market,annual,2024-03-14,2024-03-14,2024-04-30,CTR-00667-03,Renewed,22226.04,23076.96,889.041600,-38.121600,Renewed with Uplift,0
CTR-00667-03,CUST-00667,Mid-Market,annual,2025-03-16,2025-03-14,2025-04-30,CTR-00667-04,Renewed,23076.96,23944.56,923.078400,-55.478400,Renewed with Uplift,2
CTR-00667-04,CUST-00667,Mid-Market,annual,2026-03-15,2026-03-14,2026-04-30,CTR-00667-05,Renewed,23944.56,24897.12,957.782400,-5.222400,Renewed with Uplift,1
CTR-00668-02,CUST-00668,Mid-Market,annual,2024-03-16,2024-03-12,2024-04-30,CTR-00668-03,Renewed,40638.24,30325.80,1625.529600,-11937.969600,Renewed with Contraction,4
CTR-00668-03,CUST-00668,Mid-Market,annual,2025-03-15,2025-03-12,2025-04-30,CTR-00668-04,Renewed,42456.12,31773.60,2122.806000,-12805.326000,Renewed with Contraction,3
CTR-00668-04,CUST-00668,Mid-Market,annual,2026-03-13,2026-03-12,2026-04-30,CTR-00668-05,Renewed,31773.60,33218.16,1588.680000,-144.120000,Renewed with Uplift,1
CTR-00669-02,CUST-00669,Mid-Market,annual,2024-03-20,2024-03-16,2024-04-30,CTR-00669-03,Renewed,17296.92,17296.08,0.000000,-0.840000,Renewed with Contraction,4
CTR-00669-03,CUST-00669,Mid-Market,annual,2025-03-20,2025-03-16,2025-04-30,CTR-00669-04,Renewed,17296.08,17297.16,0.000000,1.080000,Renewed with Uplift,4
CTR-00669-04,CUST-00669,Mid-Market,annual,2026-03-19,2026-03-16,2026-04-30,CTR-00669-05,Renewed,22384.68,22385.16,0.000000,0.480000,Renewed with Uplift,3
CTR-00670-02,CUST-00670,Mid-Market,annual,2024-03-29,2024-03-28,2024-04-30,CTR-00670-03,Renewed,7938.84,7938.72,0.000000,-0.120000,Renewed with Contraction,1
CTR-00670-03,CUST-00670,Mid-Market,annual,2025-04-02,2025-03-28,2025-04-30,CTR-00670-04,Renewed,7938.72,7938.24,0.000000,-0.480000,Renewed with Contraction,5
CTR-00670-04,CUST-00670,Mid-Market,annual,2026-03-30,2026-03-28,2026-04-30,,Churned,7938.24,0.00,0.000000,0.000000,Churned,2
CTR-00671-01,CUST-00671,Mid-Market,multi_year,2025-04-25,2025-04-24,2025-05-31,CTR-00671-02,Renewed,72701.28,53986.20,2908.051200,-21623.131200,Renewed with Contraction,1
CTR-00672-02,CUST-00672,Mid-Market,annual,2024-04-27,2024-04-23,2024-05-31,CTR-00672-03,Renewed,34712.64,25635.60,1041.379200,-10118.419200,Renewed with Contraction,4
CTR-00672-03,CUST-00672,Mid-Market,annual,2025-04-24,2025-04-23,2025-05-31,CTR-00672-04,Renewed,51088.56,25636.08,0.000000,-25452.480000,Renewed with Contraction,1
CTR-00672-04,CUST-00672,Mid-Market,annual,2026-04-24,2026-04-23,2026-05-31,CTR-00672-05,Renewed,51089.52,26469.96,1532.685600,-26152.245600,Renewed with Contraction,1
CTR-00673-02,CUST-00673,Mid-Market,annual,2024-05-01,2024-04-27,2024-05-31,CTR-00673-03,Renewed,73821.48,57747.24,3691.074000,-19765.314000,Renewed with Contraction,4
CTR-00673-03,CUST-00673,Mid-Market,annual,2025-05-01,2025-04-27,2025-05-31,,Churned,64308.84,0.00,0.000000,0.000000,Churned,4
CTR-00674-02,CUST-00674,Mid-Market,annual,2024-04-28,2024-04-27,2024-05-31,CTR-00674-03,Renewed,63482.52,66132.48,2539.300800,110.659200,Renewed with Uplift,1
CTR-00674-03,CUST-00674,Mid-Market,annual,2025-04-27,2025-04-27,2025-05-31,CTR-00674-04,Renewed,66132.48,68651.52,2645.299200,-126.259200,Renewed with Uplift,0
CTR-00674-04,CUST-00674,Mid-Market,annual,2026-04-28,2026-04-27,2026-05-31,CTR-00674-05,Renewed,100780.20,79382.64,4031.208000,-25428.768000,Renewed with Contraction,1
CTR-00677-02,CUST-00677,Mid-Market,annual,2024-05-31,2024-05-27,2024-06-30,CTR-00677-03,Renewed,77070.96,57502.92,3082.838400,-22650.878400,Renewed with Contraction,4
CTR-00677-03,CUST-00677,Mid-Market,annual,2025-05-29,2025-05-27,2025-06-30,CTR-00677-04,Renewed,65544.24,57503.28,0.000000,-8040.960000,Renewed with Contraction,2
CTR-00677-04,CUST-00677,Mid-Market,annual,2026-05-28,2026-05-27,2026-06-30,CTR-00677-05,Renewed,57503.28,39398.88,0.000000,-18104.400000,Renewed with Contraction,1
CTR-00678-02,CUST-00678,Mid-Market,annual,2024-05-29,2024-05-27,2024-06-30,CTR-00678-03,Renewed,82515.48,49223.04,0.000000,-33292.440000,Renewed with Contraction,2
CTR-00678-03,CUST-00678,Mid-Market,annual,2025-05-31,2025-05-27,2025-06-30,CTR-00678-04,Renewed,59349.96,51062.88,2373.998400,-10661.078400,Renewed with Contraction,4
CTR-00678-04,CUST-00678,Mid-Market,annual,2026-05-31,2026-05-27,2026-06-30,CTR-00678-05,Renewed,51062.88,37547.28,0.000000,-13515.600000,Renewed with Contraction,4
CTR-00679-02,CUST-00679,Mid-Market,annual,2024-06-03,2024-05-30,2024-06-30,CTR-00679-03,Renewed,40906.08,42914.40,2045.304000,-36.984000,Renewed with Uplift,4
CTR-00679-03,CUST-00679,Mid-Market,annual,2025-06-01,2025-05-30,2025-06-30,CTR-00679-04,Renewed,91940.52,95195.16,3677.620800,-422.980800,Renewed with Uplift,2
CTR-00679-04,CUST-00679,Mid-Market,annual,2026-06-02,2026-05-30,2026-06-30,CTR-00679-05,Renewed,95195.16,99314.40,3807.806400,311.433600,Renewed with Uplift,3
CTR-00682-02,CUST-00682,Mid-Market,annual,2024-06-28,2024-06-28,2024-07-31,CTR-00682-03,Renewed,109041.60,112930.80,4361.664000,-472.464000,Renewed with Uplift,0
CTR-00682-03,CUST-00682,Mid-Market,annual,2025-06-28,2025-06-28,2025-07-31,CTR-00682-04,Renewed,112930.80,116787.60,3387.924000,468.876000,Renewed with Uplift,0
CTR-00684-02,CUST-00684,Mid-Market,annual,2024-06-07,2024-06-02,2024-07-31,CTR-00684-03,Renewed,33878.52,26159.40,0.000000,-7719.120000,Renewed with Contraction,5
CTR-00684-03,CUST-00684,Mid-Market,annual,2025-06-03,2025-06-02,2025-07-31,CTR-00684-04,Renewed,39566.52,31711.20,1978.326000,-9833.646000,Renewed with Contraction,1
CTR-00685-02,CUST-00685,Mid-Market,annual,2024-06-29,2024-06-29,2024-07-31,CTR-00685-03,Renewed,14244.24,10630.20,569.769600,-4183.809600,Renewed with Contraction,0
CTR-00685-03,CUST-00685,Mid-Market,annual,2025-07-04,2025-06-29,2025-07-31,CTR-00685-04,Renewed,10630.20,10629.72,0.000000,-0.480000,Renewed with Contraction,5
CTR-00687-01,CUST-00687,Mid-Market,multi_year,2024-08-01,2024-07-30,2024-08-31,CTR-00687-02,Renewed,12159.96,11098.32,607.998000,-1669.638000,Renewed with Contraction,2
CTR-00688-02,CUST-00688,Mid-Market,annual,2024-07-30,2024-07-26,2024-08-31,CTR-00688-03,Renewed,52782.36,52782.00,0.000000,-0.360000,Renewed with Contraction,4
CTR-00688-03,CUST-00688,Mid-Market,annual,2025-07-28,2025-07-26,2025-08-31,CTR-00688-04,Renewed,55946.64,57868.56,1678.399200,243.520800,Renewed with Uplift,2
CTR-00689-02,CUST-00689,Mid-Market,annual,2024-07-30,2024-07-27,2024-08-31,CTR-00689-03,Renewed,56646.72,56648.88,0.000000,2.160000,Renewed with Uplift,3
CTR-00689-03,CUST-00689,Mid-Market,annual,2025-07-27,2025-07-27,2025-08-31,CTR-00689-04,Renewed,56648.88,59314.44,2832.444000,-166.884000,Renewed with Uplift,0
CTR-00690-02,CUST-00690,Mid-Market,annual,2024-07-17,2024-07-17,2024-08-31,CTR-00690-03,Renewed,31061.04,32246.88,1242.441600,-56.601600,Renewed with Uplift,0
CTR-00690-03,CUST-00690,Mid-Market,annual,2025-07-18,2025-07-17,2025-08-31,CTR-00690-04,Renewed,44519.04,46471.20,1780.761600,171.398400,Renewed with Uplift,1
CTR-00691-02,CUST-00691,Mid-Market,annual,2024-08-17,2024-08-13,2024-09-30,CTR-00691-03,Renewed,23507.04,13094.04,940.281600,-11353.281600,Renewed with Contraction,4
CTR-00691-03,CUST-00691,Mid-Market,annual,2025-08-14,2025-08-13,2025-09-30,CTR-00691-04,Renewed,13094.04,13498.92,392.821200,12.058800,Renewed with Uplift,1
CTR-00693-02R,CUST-00693,Mid-Market,annual,2024-12-31,2024-12-31,2025-01-31,CTR-00693-03,Renewed,11327.76,9652.92,453.110400,-2127.950400,Renewed with Contraction,0
CTR-00693-03,CUST-00693,Mid-Market,annual,2025-12-31,2025-12-31,2026-01-31,CTR-00693-04,Renewed,9652.92,10052.28,386.116800,13.243200,Renewed with Uplift,0
CTR-00694-02,CUST-00694,Mid-Market,annual,2024-08-12,2024-08-11,2024-09-30,CTR-00694-03,Renewed,24509.16,25529.64,980.366400,40.113600,Renewed with Uplift,1
CTR-00694-03,CUST-00694,Mid-Market,annual,2025-08-14,2025-08-11,2025-09-30,CTR-00694-04,Renewed,35741.52,26600.64,1429.660800,-10570.540800,Renewed with Contraction,3
CTR-00696-02,CUST-00696,Mid-Market,annual,2024-09-27,2024-09-26,2024-10-31,CTR-00696-03,Renewed,20145.48,20146.44,0.000000,0.960000,Renewed with Uplift,1
CTR-00696-03,CUST-00696,Mid-Market,annual,2025-09-26,2025-09-26,2025-10-31,,Churned,29689.44,0.00,0.000000,0.000000,Churned,0
CTR-00697-01,CUST-00697,Mid-Market,multi_year,2024-09-11,2024-09-10,2024-10-31,CTR-00697-02,Renewed,79056.48,82958.04,3952.824000,-51.264000,Renewed with Uplift,1
CTR-00699-02,CUST-00699,Mid-Market,annual,2024-09-29,2024-09-29,2024-10-31,CTR-00699-03,Renewed,101956.92,78190.32,5097.846000,-28864.446000,Renewed with Contraction,0
CTR-00699-03,CUST-00699,Mid-Market,annual,2025-10-02,2025-09-29,2025-10-31,CTR-00699-04,Renewed,106772.76,80955.72,4270.910400,-30087.950400,Renewed with Contraction,3
CTR-00701-02,CUST-00701,Mid-Market,annual,2024-11-03,2024-10-30,2024-11-30,,Churned,21355.92,0.00,0.000000,0.000000,Churned,4
CTR-00702-02,CUST-00702,Mid-Market,annual,2024-10-10,2024-10-09,2024-11-30,CTR-00702-03,Renewed,29649.00,30726.96,1185.960000,-108.000000,Renewed with Uplift,1
CTR-00702-03,CUST-00702,Mid-Market,annual,2025-10-13,2025-10-09,2025-11-30,CTR-00702-04,Renewed,54627.96,31671.12,1638.838800,-24595.678800,Renewed with Contraction,4
CTR-00703-02,CUST-00703,Mid-Market,annual,2024-10-15,2024-10-13,2024-11-30,CTR-00703-03,Renewed,11201.28,11648.76,448.051200,-0.571200,Renewed with Uplift,2
CTR-00703-03,CUST-00703,Mid-Market,annual,2025-10-13,2025-10-13,2025-11-30,CTR-00703-04,Renewed,11648.76,12138.84,465.950400,24.129600,Renewed with Uplift,0
CTR-00704-02,CUST-00704,Mid-Market,annual,2024-10-08,2024-10-03,2024-11-30,CTR-00704-03,Renewed,7400.52,7639.32,222.015600,16.784400,Renewed with Uplift,5
CTR-00704-03,CUST-00704,Mid-Market,annual,2025-10-06,2025-10-03,2025-11-30,CTR-00704-04,Renewed,18011.88,7986.00,900.594000,-10926.474000,Renewed with Contraction,3
CTR-00706-02,CUST-00706,Mid-Market,annual,2024-10-28,2024-10-25,2024-11-30,CTR-00706-03,Renewed,58715.16,37794.00,2935.758000,-23856.918000,Renewed with Contraction,3
CTR-00706-03,CUST-00706,Mid-Market,annual,2025-10-26,2025-10-25,2025-11-30,CTR-00706-04,Renewed,142025.88,105142.56,5681.035200,-42564.355200,Renewed with Contraction,1
CTR-00707-02,CUST-00707,Mid-Market,annual,2024-12-03,2024-11-28,2024-12-31,CTR-00707-03,Renewed,13261.56,13765.56,530.462400,-26.462400,Renewed with Uplift,5
CTR-00707-03,CUST-00707,Mid-Market,annual,2025-11-29,2025-11-28,2025-12-31,CTR-00707-04,Renewed,17887.20,18481.92,536.616000,58.104000,Renewed with Uplift,1
CTR-00709-02,CUST-00709,Mid-Market,annual,2024-11-17,2024-11-13,2024-12-31,CTR-00709-03,Renewed,65526.36,49027.44,3276.318000,-19775.238000,Renewed with Contraction,4
CTR-00709-03,CUST-00709,Mid-Market,annual,2025-11-13,2025-11-13,2025-12-31,CTR-00709-04,Renewed,49027.44,49025.52,0.000000,-1.920000,Renewed with Contraction,0
CTR-00712-01,CUST-00712,Mid-Market,annual,2023-12-26,2023-12-25,2024-01-31,CTR-00712-02,Renewed,8425.08,8424.60,0.000000,-0.480000,Renewed with Contraction,1
CTR-00712-02,CUST-00712,Mid-Market,annual,2024-12-30,2024-12-25,2025-01-31,CTR-00712-03,Renewed,8424.60,8715.36,252.738000,38.022000,Renewed with Uplift,5
CTR-00712-03,CUST-00712,Mid-Market,annual,2025-12-26,2025-12-25,2026-01-31,CTR-00712-04,Renewed,12201.48,8984.16,366.044400,-3583.364400,Renewed with Contraction,1
CTR-00713-01,CUST-00713,Mid-Market,multi_year,2025-01-01,2024-12-29,2025-01-31,,Churned,12110.40,0.00,0.000000,0.000000,Churned,3
CTR-00714-01,CUST-00714,Mid-Market,annual,2023-12-22,2023-12-22,2024-01-31,,Churned,42799.44,0.00,0.000000,0.000000,Churned,0
CTR-00715-01,CUST-00715,Mid-Market,annual,2023-12-22,2023-12-17,2024-01-31,CTR-00715-02,Renewed,44336.64,38393.64,1773.465600,-7716.465600,Renewed with Contraction,5
CTR-00715-02,CUST-00715,Mid-Market,annual,2024-12-18,2024-12-17,2025-01-31,CTR-00715-03,Renewed,46272.12,39564.48,1388.163600,-8095.803600,Renewed with Contraction,1
CTR-00715-03,CUST-00715,Mid-Market,annual,2025-12-18,2025-12-17,2026-01-31,CTR-00715-04,Renewed,39564.48,37980.24,0.000000,-1584.240000,Renewed with Contraction,1
CTR-00716-01,CUST-00716,Mid-Market,annual,2024-01-02,2023-12-30,2024-01-31,CTR-00716-02,Renewed,34831.92,25709.88,1044.957600,-10166.997600,Renewed with Contraction,3
CTR-00716-02,CUST-00716,Mid-Market,annual,2025-01-02,2024-12-30,2025-01-31,CTR-00716-03,Renewed,69194.64,63360.60,2767.785600,-8601.825600,Renewed with Contraction,3
CTR-00716-03,CUST-00716,Mid-Market,annual,2026-01-03,2025-12-30,2026-01-31,CTR-00716-04,Renewed,88704.84,66053.64,3548.193600,-26199.393600,Renewed with Contraction,4
CTR-00717-01,CUST-00717,Mid-Market,annual,2023-12-30,2023-12-25,2024-01-31,CTR-00717-02,Renewed,42360.48,31430.88,1694.419200,-12624.019200,Renewed with Contraction,5
CTR-00717-02,CUST-00717,Mid-Market,annual,2024-12-27,2024-12-25,2025-01-31,CTR-00717-03,Renewed,37933.92,37933.92,0.000000,0.000000,Renewed,2
CTR-00717-03,CUST-00717,Mid-Market,annual,2025-12-30,2025-12-25,2026-01-31,CTR-00717-04,Renewed,37933.92,39553.20,1517.356800,101.923200,Renewed with Uplift,5
CTR-00718-01,CUST-00718,Mid-Market,annual,2023-12-30,2023-12-28,2024-01-31,,Churned,28107.72,0.00,0.000000,0.000000,Churned,2
CTR-00719-01,CUST-00719,Mid-Market,annual,2023-12-29,2023-12-26,2024-01-31,CTR-00719-02,Renewed,129300.96,129298.56,0.000000,-2.400000,Renewed with Contraction,3
CTR-00719-02,CUST-00719,Mid-Market,annual,2024-12-27,2024-12-26,2025-01-31,CTR-00719-03,Renewed,129298.56,129301.56,0.000000,3.000000,Renewed with Uplift,1
CTR-00719-03,CUST-00719,Mid-Market,annual,2025-12-30,2025-12-26,2026-01-31,CTR-00719-04,Renewed,153582.72,153589.92,0.000000,7.200000,Renewed with Uplift,4
CTR-00720-01,CUST-00720,Mid-Market,annual,2023-12-23,2023-12-23,2024-01-31,CTR-00720-02,Renewed,67109.16,69599.52,2684.366400,-194.006400,Renewed with Uplift,0
CTR-00720-02,CUST-00720,Mid-Market,annual,2024-12-25,2024-12-23,2025-01-31,CTR-00720-03,Renewed,79373.04,72176.64,3174.921600,-10371.321600,Renewed with Contraction,2
CTR-00720-03,CUST-00720,Mid-Market,annual,2025-12-25,2025-12-23,2026-01-31,CTR-00720-04,Renewed,148714.44,138584.88,0.000000,-10129.560000,Renewed with Contraction,2
CTR-00721-01,CUST-00721,Mid-Market,annual,2023-12-13,2023-12-10,2024-01-31,,Churned,10631.04,0.00,0.000000,0.000000,Churned,3
CTR-00722-01,CUST-00722,Mid-Market,annual,2023-12-29,2023-12-26,2024-01-31,CTR-00722-02,Renewed,39498.12,41071.32,1579.924800,-6.724800,Renewed with Uplift,3
CTR-00722-02,CUST-00722,Mid-Market,annual,2024-12-29,2024-12-26,2025-01-31,CTR-00722-03,Renewed,41071.32,41069.76,0.000000,-1.560000,Renewed with Contraction,3
CTR-00722-03,CUST-00722,Mid-Market,annual,2025-12-27,2025-12-26,2026-01-31,CTR-00722-04,Renewed,69772.80,66072.60,3488.640000,-7188.840000,Renewed with Contraction,1
CTR-00723-01,CUST-00723,Mid-Market,annual,2023-12-31,2023-12-26,2024-01-31,CTR-00723-02,Renewed,15333.12,15990.24,613.324800,43.795200,Renewed with Uplift,5
CTR-00723-02,CUST-00723,Mid-Market,annual,2024-12-31,2024-12-26,2025-01-31,CTR-00723-03,Renewed,15990.24,11421.96,0.000000,-4568.280000,Renewed with Contraction,5
CTR-00723-03,CUST-00723,Mid-Market,annual,2025-12-30,2025-12-26,2026-01-31,CTR-00723-04,Renewed,11421.96,11802.48,342.658800,37.861200,Renewed with Uplift,4
CTR-00724-01,CUST-00724,Mid-Market,annual,2023-12-28,2023-12-28,2024-01-31,,Churned,17061.36,0.00,0.000000,0.000000,Churned,0
CTR-00725-02,CUST-00725,Enterprise,annual,2024-01-25,2024-01-21,2024-02-29,CTR-00725-03,Renewed,98095.08,83875.80,3923.803200,-18143.083200,Renewed with Contraction,4
CTR-00725-03,CUST-00725,Enterprise,annual,2025-01-22,2025-01-21,2025-02-28,CTR-00725-04,Renewed,102479.28,86826.96,4099.171200,-19751.491200,Renewed with Contraction,1
CTR-00725-04,CUST-00725,Enterprise,annual,2026-01-25,2026-01-21,2026-02-28,CTR-00725-05,Renewed,86826.96,90908.52,4341.348000,-259.788000,Renewed with Uplift,4
CTR-00726-01,CUST-00726,Enterprise,multi_year,2025-02-02,2025-01-31,2025-02-28,CTR-00726-02,Renewed,68014.80,71135.64,3400.740000,-279.900000,Renewed with Uplift,2
CTR-00727-02,CUST-00727,Enterprise,annual,2024-03-30,2024-03-27,2024-04-30,CTR-00727-03,Renewed,199908.84,208653.96,7996.353600,748.766400,Renewed with Uplift,3
CTR-00727-03,CUST-00727,Enterprise,annual,2025-03-28,2025-03-27,2025-04-30,CTR-00727-04,Renewed,208653.96,147064.56,0.000000,-61589.400000,Renewed with Contraction,1
CTR-00727-04,CUST-00727,Enterprise,annual,2026-03-27,2026-03-27,2026-04-30,CTR-00727-05,Renewed,147064.56,147061.92,0.000000,-2.640000,Renewed with Contraction,0
CTR-00728-01,CUST-00728,Enterprise,multi_year,2024-04-02,2024-03-29,2024-04-30,CTR-00728-02,Renewed,70074.60,76077.96,0.000000,6003.360000,Renewed with Uplift,4
CTR-00728-02,CUST-00728,Enterprise,multi_year,2026-03-30,2026-03-29,2026-04-30,CTR-00728-03,Renewed,93588.24,76074.72,0.000000,-17513.520000,Renewed with Contraction,1
CTR-00730-01,CUST-00730,Enterprise,multi_year,2025-05-09,2025-05-06,2025-06-30,CTR-00730-02,Renewed,202510.68,193209.00,6075.320400,-15377.000400,Renewed with Contraction,3
CTR-00731-01,CUST-00731,Enterprise,multi_year,2024-06-25,2024-06-25,2024-07-31,CTR-00731-02,Renewed,108146.40,108144.48,0.000000,-1.920000,Renewed with Contraction,0
CTR-00732-02,CUST-00732,Enterprise,annual,2024-08-01,2024-07-30,2024-08-31,CTR-00732-03,Renewed,216834.00,224646.96,8673.360000,-860.400000,Renewed with Uplift,2
CTR-00732-03,CUST-00732,Enterprise,annual,2025-08-04,2025-07-30,2025-08-31,CTR-00732-04,Renewed,224646.96,231613.20,6739.408800,226.831200,Renewed with Uplift,5
CTR-00733-01,CUST-00733,Enterprise,multi_year,2024-08-29,2024-08-29,2024-09-30,CTR-00733-02,Renewed,314507.76,314527.32,0.000000,19.560000,Renewed with Uplift,0
CTR-00734-01,CUST-00734,Enterprise,multi_year,2024-09-26,2024-09-23,2024-10-31,CTR-00734-02,Renewed,105622.56,95283.36,0.000000,-10339.200000,Renewed with Contraction,3
CTR-00735-01,CUST-00735,Enterprise,multi_year,2024-10-29,2024-10-26,2024-11-30,CTR-00735-02,Renewed,180623.40,134948.16,9031.170000,-54706.410000,Renewed with Contraction,3
CTR-00736-02,CUST-00736,Enterprise,annual,2024-11-27,2024-11-26,2024-12-31,CTR-00736-03,Renewed,258652.80,183108.12,12932.640000,-88477.320000,Renewed with Contraction,1
CTR-00736-03,CUST-00736,Enterprise,annual,2025-11-28,2025-11-26,2025-12-31,CTR-00736-04,Renewed,197512.08,188665.92,5925.362400,-14771.522400,Renewed with Contraction,2
CTR-00737-01,CUST-00737,Enterprise,annual,2023-12-30,2023-12-30,2024-01-31,CTR-00737-02,Renewed,614997.12,459727.44,24599.884800,-179869.564800,Renewed with Contraction,0
CTR-00737-02,CUST-00737,Enterprise,annual,2024-12-30,2024-12-30,2025-01-31,CTR-00737-03,Renewed,636500.28,477158.16,25460.011200,-184802.131200,Renewed with Contraction,0
CTR-00737-03,CUST-00737,Enterprise,annual,2026-01-03,2025-12-30,2026-01-31,CTR-00737-04,Renewed,660633.36,492951.36,19819.000800,-187501.000800,Renewed with Contraction,4
CTR-00738-01,CUST-00738,Enterprise,multi_year,2025-12-28,2025-12-28,2026-01-31,CTR-00738-02,Renewed,154360.44,161533.68,7718.022000,-544.782000,Renewed with Uplift,0
CTR-00739-01,CUST-00739,SMB,annual,2024-01-29,2024-01-28,2024-02-29,CTR-00739-02,Renewed,6351.96,6543.96,190.558800,1.441200,Renewed with Uplift,1
CTR-00739-02,CUST-00739,SMB,annual,2025-02-01,2025-01-28,2025-02-28,CTR-00739-03,Renewed,9161.52,7852.44,0.000000,-1309.080000,Renewed with Contraction,4
CTR-00739-03,CUST-00739,SMB,annual,2026-01-30,2026-01-28,2026-02-28,CTR-00739-04,Renewed,11124.24,11624.40,444.969600,55.190400,Renewed with Uplift,2
CTR-00741-01,CUST-00741,SMB,annual,2024-01-16,2024-01-16,2024-02-29,CTR-00741-02,Renewed,3728.16,3883.56,149.126400,6.273600,Renewed with Uplift,0
CTR-00741-02,CUST-00741,SMB,annual,2025-01-20,2025-01-16,2025-02-28,CTR-00741-03,Renewed,4530.84,4530.60,0.000000,-0.240000,Renewed with Contraction,4
CTR-00741-03,CUST-00741,SMB,annual,2026-01-21,2026-01-16,2026-02-28,CTR-00741-04,Renewed,4530.60,4747.56,226.530000,-9.570000,Renewed with Uplift,5
CTR-00746-01,CUST-00746,SMB,annual,2024-01-20,2024-01-19,2024-02-29,,Churned,18160.44,0.00,0.000000,0.000000,Churned,1
CTR-00749-01,CUST-00749,SMB,annual,2024-01-25,2024-01-23,2024-02-29,CTR-00749-02,Renewed,6713.16,7020.24,335.658000,-28.578000,Renewed with Uplift,2
CTR-00749-02,CUST-00749,SMB,annual,2025-01-24,2025-01-23,2025-02-28,CTR-00749-03,Renewed,8645.16,5014.44,0.000000,-3630.720000,Renewed with Contraction,1
CTR-00749-03,CUST-00749,SMB,annual,2026-01-27,2026-01-23,2026-02-28,CTR-00749-04,Renewed,5014.44,5014.56,0.000000,0.120000,Renewed with Uplift,4
CTR-00754-01,CUST-00754,SMB,annual,2024-01-07,2024-01-06,2024-02-29,CTR-00754-02,Renewed,2525.88,2641.80,126.294000,-10.374000,Renewed with Uplift,1
CTR-00754-02,CUST-00754,SMB,annual,2025-01-06,2025-01-06,2025-02-28,CTR-00754-03,Renewed,2641.80,1761.12,0.000000,-880.680000,Renewed with Contraction,0
CTR-00754-03,CUST-00754,SMB,annual,2026-01-10,2026-01-06,2026-02-28,,Churned,2641.80,0.00,0.000000,0.000000,Churned,4
CTR-00757-01,CUST-00757,SMB,annual,2024-01-18,2024-01-16,2024-02-29,CTR-00757-02,Renewed,10747.32,11101.44,322.419600,31.700400,Renewed with Uplift,2
CTR-00757-02,CUST-00757,SMB,annual,2025-01-21,2025-01-16,2025-02-28,CTR-00757-03,Renewed,11101.44,11609.76,555.072000,-46.752000,Renewed with Uplift,5
CTR-00757-03,CUST-00757,SMB,annual,2026-01-16,2026-01-16,2026-02-28,CTR-00757-04,Renewed,11609.76,12036.72,464.390400,-37.430400,Renewed with Uplift,0
CTR-00758-01,CUST-00758,SMB,annual,2024-01-30,2024-01-25,2024-02-29,CTR-00758-02,Renewed,3074.52,3216.72,153.726000,-11.526000,Renewed with Uplift,5
CTR-00758-02,CUST-00758,SMB,annual,2025-01-25,2025-01-25,2025-02-28,CTR-00758-03,Renewed,3216.72,3216.84,0.000000,0.120000,Renewed with Uplift,0
CTR-00758-03,CUST-00758,SMB,annual,2026-01-30,2026-01-25,2026-02-28,CTR-00758-04,Renewed,3216.84,3216.84,0.000000,0.000000,Renewed,5
CTR-00765-01,CUST-00765,SMB,annual,2024-02-29,2024-02-27,2024-03-31,,Churned,7627.68,0.00,0.000000,0.000000,Churned,2
CTR-00767-01,CUST-00767,SMB,annual,2024-03-02,2024-02-26,2024-03-31,CTR-00767-02,Renewed,6394.20,6394.08,0.000000,-0.120000,Renewed with Contraction,5
CTR-00767-02,CUST-00767,SMB,annual,2025-03-03,2025-02-26,2025-03-31,CTR-00767-03,Renewed,6394.08,6394.08,0.000000,0.000000,Renewed,5
CTR-00767-03,CUST-00767,SMB,annual,2026-03-03,2026-02-26,2026-03-31,CTR-00767-04,Renewed,6394.08,6698.76,319.704000,-15.024000,Renewed with Uplift,5
CTR-00769-01,CUST-00769,SMB,annual,2024-02-28,2024-02-27,2024-03-31,CTR-00769-02,Renewed,3559.08,3666.36,106.772400,0.507600,Renewed with Uplift,1
CTR-00769-02,CUST-00769,SMB,annual,2025-02-28,2025-02-27,2025-03-31,CTR-00769-03,Renewed,4888.44,4888.44,0.000000,0.000000,Renewed,1
CTR-00769-03,CUST-00769,SMB,annual,2026-02-28,2026-02-27,2026-03-31,CTR-00769-04,Renewed,4888.44,5116.92,244.422000,-15.942000,Renewed with Uplift,1
CTR-00777-01,CUST-00777,SMB,annual,2024-02-05,2024-01-31,2024-02-29,,Churned,2394.00,0.00,0.000000,0.000000,Churned,5
CTR-00778-01,CUST-00778,SMB,annual,2024-03-03,2024-02-27,2024-03-31,CTR-00778-02,Renewed,19675.32,20547.60,787.012800,85.267200,Renewed with Uplift,5
CTR-00778-02,CUST-00778,SMB,annual,2025-03-02,2025-02-27,2025-03-31,CTR-00778-03,Renewed,22752.36,21405.48,910.094400,-2256.974400,Renewed with Contraction,3
CTR-00778-03,CUST-00778,SMB,annual,2026-03-04,2026-02-27,2026-03-31,CTR-00778-04,Renewed,21405.48,22215.00,856.219200,-46.699200,Renewed with Uplift,5
CTR-00783-01,CUST-00783,SMB,annual,2024-03-09,2024-03-05,2024-04-30,CTR-00783-02,Renewed,7286.28,6071.88,0.000000,-1214.400000,Renewed with Contraction,4
CTR-00783-02,CUST-00783,SMB,annual,2025-03-09,2025-03-05,2025-04-30,CTR-00783-03,Renewed,6071.88,6368.88,303.594000,-6.594000,Renewed with Uplift,4
CTR-00783-03,CUST-00783,SMB,annual,2026-03-08,2026-03-05,2026-04-30,,Churned,6368.88,0.00,0.000000,0.000000,Churned,3
CTR-00786-01,CUST-00786,SMB,annual,2024-03-22,2024-03-21,2024-04-30,CTR-00786-02,Renewed,13950.60,9964.56,0.000000,-3986.040000,Renewed with Contraction,1
CTR-00786-02,CUST-00786,SMB,annual,2025-03-24,2025-03-21,2025-04-30,CTR-00786-03,Renewed,9964.56,10436.28,498.228000,-26.508000,Renewed with Uplift,3
CTR-00786-03,CUST-00786,SMB,annual,2026-03-21,2026-03-21,2026-04-30,CTR-00786-04,Renewed,10436.28,10949.52,521.814000,-8.574000,Renewed with Uplift,0
CTR-00788-01,CUST-00788,SMB,annual,2024-04-01,2024-03-29,2024-04-30,CTR-00788-02,Renewed,3718.68,3891.48,185.934000,-13.134000,Renewed with Uplift,3
CTR-00788-02,CUST-00788,SMB,annual,2025-03-31,2025-03-29,2025-04-30,,Churned,5448.12,0.00,0.000000,0.000000,Churned,2
CTR-00790-01,CUST-00790,SMB,annual,2024-03-12,2024-03-07,2024-04-30,CTR-00790-02,Renewed,9978.84,10336.20,399.153600,-41.793600,Renewed with Uplift,5
CTR-00790-02,CUST-00790,SMB,annual,2025-03-11,2025-03-07,2025-04-30,CTR-00790-03,Renewed,10336.20,10778.76,413.448000,29.112000,Renewed with Uplift,4
CTR-00790-03,CUST-00790,SMB,annual,2026-03-08,2026-03-07,2026-04-30,CTR-00790-04,Renewed,10778.76,11135.04,323.362800,32.917200,Renewed with Uplift,1
CTR-00798-01,CUST-00798,SMB,annual,2024-03-17,2024-03-16,2024-04-30,,Churned,7653.72,0.00,0.000000,0.000000,Churned,1
CTR-00799-01,CUST-00799,SMB,annual,2024-03-10,2024-03-05,2024-04-30,,Churned,14308.80,0.00,0.000000,0.000000,Churned,5
CTR-00799-02R,CUST-00799,SMB,annual,2025-05-02,2025-04-30,2025-05-31,CTR-00799-03,Renewed,8655.48,9013.68,346.219200,11.980800,Renewed with Uplift,2
CTR-00799-03,CUST-00799,SMB,annual,2026-05-05,2026-04-30,2026-05-31,,Churned,9013.68,0.00,0.000000,0.000000,Churned,5
CTR-00800-01,CUST-00800,SMB,annual,2024-03-09,2024-03-09,2024-04-30,CTR-00800-02,Renewed,22357.44,16711.92,1117.872000,-6763.392000,Renewed with Contraction,0
CTR-00800-02,CUST-00800,SMB,annual,2025-03-09,2025-03-09,2025-04-30,,Churned,25151.76,0.00,0.000000,0.000000,Churned,0
CTR-00801-01,CUST-00801,SMB,annual,2024-03-10,2024-03-09,2024-04-30,,Churned,15809.52,0.00,0.000000,0.000000,Churned,1
CTR-00802-01,CUST-00802,SMB,annual,2024-03-24,2024-03-19,2024-04-30,CTR-00802-02,Renewed,9883.56,7297.56,296.506800,-2882.506800,Renewed with Contraction,5
CTR-00802-02,CUST-00802,SMB,annual,2025-03-21,2025-03-19,2025-04-30,CTR-00802-03,Renewed,7297.56,7556.40,291.902400,-33.062400,Renewed with Uplift,2
CTR-00802-03,CUST-00802,SMB,annual,2026-03-20,2026-03-19,2026-04-30,CTR-00802-04,Renewed,10578.96,7922.64,528.948000,-3185.268000,Renewed with Contraction,1
CTR-00803-01,CUST-00803,SMB,multi_year,2026-03-18,2026-03-17,2026-04-30,,Churned,4218.36,0.00,0.000000,0.000000,Churned,1
CTR-00808-01,CUST-00808,SMB,annual,2024-03-25,2024-03-25,2024-04-30,,Churned,3512.16,0.00,0.000000,0.000000,Churned,0
CTR-00809-01,CUST-00809,SMB,annual,2024-03-17,2024-03-17,2024-04-30,,Churned,5168.28,0.00,0.000000,0.000000,Churned,0
CTR-00811-01,CUST-00811,SMB,annual,2024-03-26,2024-03-26,2024-04-30,,Churned,9001.08,0.00,0.000000,0.000000,Churned,0
CTR-00812-01,CUST-00812,SMB,annual,2024-03-29,2024-03-26,2024-04-30,,Churned,8718.60,0.00,0.000000,0.000000,Churned,3
CTR-00817-01,CUST-00817,SMB,annual,2024-04-29,2024-04-26,2024-05-31,CTR-00817-02,Renewed,5824.08,4529.76,0.000000,-1294.320000,Renewed with Contraction,3
CTR-00817-02,CUST-00817,SMB,annual,2025-04-28,2025-04-26,2025-05-31,,Churned,5176.80,0.00,0.000000,0.000000,Churned,2
CTR-00820-01,CUST-00820,SMB,annual,2024-04-15,2024-04-15,2024-05-31,,Churned,2864.52,0.00,0.000000,0.000000,Churned,0
CTR-00822-01,CUST-00822,SMB,annual,2024-04-01,2024-03-31,2024-04-30,CTR-00822-02,Renewed,6000.96,4457.04,240.038400,-1783.958400,Renewed with Contraction,1
CTR-00822-02,CUST-00822,SMB,annual,2025-04-05,2025-03-31,2025-04-30,CTR-00822-03,Renewed,7131.24,5313.12,285.249600,-2103.369600,Renewed with Contraction,5
CTR-00822-03,CUST-00822,SMB,annual,2026-04-02,2026-03-31,2026-04-30,CTR-00822-04,Renewed,7438.32,5542.56,297.532800,-2193.292800,Renewed with Contraction,2
CTR-00823-01,CUST-00823,SMB,annual,2024-04-27,2024-04-25,2024-05-31,CTR-00823-02,Renewed,8390.88,8658.48,251.726400,15.873600,Renewed with Uplift,2
CTR-00823-02,CUST-00823,SMB,annual,2025-04-30,2025-04-25,2025-05-31,,Churned,8658.48,0.00,0.000000,0.000000,Churned,5
CTR-00824-01,CUST-00824,SMB,annual,2024-04-04,2024-04-04,2024-05-31,CTR-00824-02,Renewed,13280.76,9798.48,398.422800,-3880.702800,Renewed with Contraction,0
CTR-00824-02,CUST-00824,SMB,annual,2025-04-05,2025-04-04,2025-05-31,CTR-00824-03,Renewed,13717.92,10191.72,548.716800,-4074.916800,Renewed with Contraction,1
CTR-00824-03,CUST-00824,SMB,annual,2026-04-09,2026-04-04,2026-05-31,CTR-00824-04,Renewed,10191.72,10597.32,407.668800,-2.068800,Renewed with Uplift,5
CTR-00827-01,CUST-00827,SMB,annual,2024-04-21,2024-04-21,2024-05-31,CTR-00827-02,Renewed,6952.08,7221.72,278.083200,-8.443200,Renewed with Uplift,0
CTR-00827-02,CUST-00827,SMB,annual,2025-04-25,2025-04-21,2025-05-31,CTR-00827-03,Renewed,7221.72,7438.56,216.651600,0.188400,Renewed with Uplift,4
CTR-00827-03,CUST-00827,SMB,annual,2026-04-25,2026-04-21,2026-05-31,CTR-00827-04,Renewed,7438.56,7749.84,297.542400,13.737600,Renewed with Uplift,4
CTR-00828-01,CUST-00828,SMB,annual,2024-05-01,2024-04-26,2024-05-31,,Churned,5614.44,0.00,0.000000,0.000000,Churned,5
CTR-00829-01,CUST-00829,SMB,annual,2024-04-14,2024-04-10,2024-05-31,CTR-00829-02,Renewed,23877.24,24595.08,716.317200,1.522800,Renewed with Uplift,4
CTR-00829-02,CUST-00829,SMB,annual,2025-04-14,2025-04-10,2025-05-31,CTR-00829-03,Renewed,24595.08,20712.36,0.000000,-3882.720000,Renewed with Contraction,4
CTR-00829-03,CUST-00829,SMB,annual,2026-04-12,2026-04-10,2026-05-31,CTR-00829-04,Renewed,34434.24,25502.76,1377.369600,-10308.849600,Renewed with Contraction,2
CTR-00830-01,CUST-00830,SMB,annual,2024-04-21,2024-04-19,2024-05-31,CTR-00830-02,Renewed,6381.96,7020.00,0.000000,638.040000,Renewed with Uplift,2
CTR-00830-02,CUST-00830,SMB,annual,2025-04-24,2025-04-19,2025-05-31,CTR-00830-03,Renewed,7658.16,7956.24,306.326400,-8.246400,Renewed with Uplift,5
CTR-00830-03,CUST-00830,SMB,annual,2026-04-23,2026-04-19,2026-05-31,CTR-00830-04,Renewed,7956.24,8352.48,397.812000,-1.572000,Renewed with Uplift,4
CTR-00833-01,CUST-00833,SMB,annual,2024-05-27,2024-05-27,2024-06-30,CTR-00833-02,Renewed,9305.40,9699.60,372.216000,21.984000,Renewed with Uplift,0
CTR-00833-02,CUST-00833,SMB,annual,2025-05-30,2025-05-27,2025-06-30,CTR-00833-03,Renewed,10992.84,10992.96,0.000000,0.120000,Renewed with Uplift,3
CTR-00833-03,CUST-00833,SMB,annual,2026-05-29,2026-05-27,2026-06-30,CTR-00833-04,Renewed,10992.96,11394.00,439.718400,-38.678400,Renewed with Uplift,2
CTR-00835-01,CUST-00835,SMB,annual,2024-04-30,2024-04-30,2024-05-31,CTR-00835-02,Renewed,11790.72,8763.72,471.628800,-3498.628800,Renewed with Contraction,0
CTR-00835-02,CUST-00835,SMB,annual,2025-05-05,2025-04-30,2025-05-31,CTR-00835-03,Renewed,8763.72,9086.40,350.548800,-27.868800,Renewed with Uplift,5
CTR-00835-03,CUST-00835,SMB,annual,2026-05-02,2026-04-30,2026-05-31,CTR-00835-04,Renewed,9086.40,9419.76,363.456000,-30.096000,Renewed with Uplift,2
CTR-00836-01,CUST-00836,SMB,annual,2024-03-04,2024-02-29,2024-03-31,,Early Termination,4317.60,0.00,0.000000,0.000000,Early Termination,4
CTR-00837-01,CUST-00837,SMB,annual,2024-06-03,2024-05-30,2024-06-30,CTR-00837-02,Renewed,4192.08,4337.76,125.762400,19.917600,Renewed with Uplift,4
CTR-00837-02,CUST-00837,SMB,annual,2025-06-03,2025-05-30,2025-06-30,CTR-00837-03,Renewed,4337.76,4539.00,216.888000,-15.648000,Renewed with Uplift,4
CTR-00837-03,CUST-00837,SMB,annual,2026-06-04,2026-05-30,2026-06-30,CTR-00837-04,Renewed,4539.00,4718.76,181.560000,-1.800000,Renewed with Uplift,5
CTR-00838-01,CUST-00838,SMB,annual,2024-05-06,2024-05-02,2024-06-30,CTR-00838-02,Renewed,6228.60,6508.56,249.144000,30.816000,Renewed with Uplift,4
CTR-00838-02,CUST-00838,SMB,annual,2025-05-03,2025-05-02,2025-06-30,CTR-00838-03,Renewed,6508.56,6827.16,325.428000,-6.828000,Renewed with Uplift,1
CTR-00838-03,CUST-00838,SMB,annual,2026-05-07,2026-05-02,2026-06-30,CTR-00838-04,Renewed,6827.16,7046.88,204.814800,14.905200,Renewed with Uplift,5
CTR-00839-01,CUST-00839,SMB,multi_year,2025-05-12,2025-05-12,2025-06-30,CTR-00839-02,Renewed,13102.32,8848.56,524.092800,-4777.852800,Renewed with Contraction,0
CTR-00842-01,CUST-00842,SMB,annual,2024-05-29,2024-05-27,2024-06-30,CTR-00842-02,Renewed,6333.60,7630.56,190.008000,1106.952000,Renewed with Uplift,2
CTR-00842-02,CUST-00842,SMB,annual,2025-05-29,2025-05-27,2025-06-30,CTR-00842-03,Renewed,7630.56,7983.72,381.528000,-28.368000,Renewed with Uplift,2
CTR-00842-03,CUST-00842,SMB,annual,2026-05-30,2026-05-27,2026-06-30,CTR-00842-04,Renewed,7983.72,8287.68,319.348800,-15.388800,Renewed with Uplift,3
CTR-00843-01,CUST-00843,SMB,annual,2024-05-04,2024-04-30,2024-05-31,,Churned,8591.88,0.00,0.000000,0.000000,Churned,4
CTR-00844-01,CUST-00844,SMB,annual,2024-05-19,2024-05-14,2024-06-30,CTR-00844-02,Renewed,10796.16,11297.64,539.808000,-38.328000,Renewed with Uplift,5
CTR-00844-02,CUST-00844,SMB,annual,2025-05-16,2025-05-14,2025-06-30,CTR-00844-03,Renewed,15423.24,11962.20,0.000000,-3461.040000,Renewed with Contraction,2
CTR-00844-03,CUST-00844,SMB,annual,2026-05-18,2026-05-14,2026-06-30,CTR-00844-04,Renewed,11962.20,12485.04,478.488000,44.352000,Renewed with Uplift,4
CTR-00847-01,CUST-00847,SMB,annual,2024-05-04,2024-04-30,2024-05-31,CTR-00847-02,Renewed,3501.00,3666.60,175.050000,-9.450000,Renewed with Uplift,4
CTR-00847-02,CUST-00847,SMB,annual,2025-05-05,2025-04-30,2025-05-31,CTR-00847-03,Renewed,5369.28,3791.64,161.078400,-1738.718400,Renewed with Contraction,5
CTR-00847-03,CUST-00847,SMB,annual,2026-04-30,2026-04-30,2026-05-31,CTR-00847-04,Renewed,3791.64,3925.80,151.665600,-17.505600,Renewed with Uplift,0
CTR-00851-01,CUST-00851,SMB,annual,2024-07-02,2024-06-27,2024-07-31,CTR-00851-02,Renewed,13810.08,14242.20,414.302400,17.817600,Renewed with Uplift,5
CTR-00851-02,CUST-00851,SMB,annual,2025-07-02,2025-06-27,2025-07-31,CTR-00851-03,Renewed,14242.20,14720.16,427.266000,50.694000,Renewed with Uplift,5
CTR-00854-01,CUST-00854,SMB,annual,2024-06-20,2024-06-17,2024-07-31,,Churned,2802.96,0.00,0.000000,0.000000,Churned,3
CTR-00857-01,CUST-00857,SMB,annual,2024-06-07,2024-06-03,2024-07-31,CTR-00857-02,Renewed,3022.68,3125.28,90.680400,11.919600,Renewed with Uplift,4
CTR-00857-02,CUST-00857,SMB,annual,2025-06-08,2025-06-03,2025-07-31,CTR-00857-03,Renewed,5124.96,2500.32,0.000000,-2624.640000,Renewed with Contraction,5
CTR-00858-01,CUST-00858,SMB,annual,2024-06-20,2024-06-20,2024-07-31,CTR-00858-02,Renewed,3647.40,3803.88,145.896000,10.584000,Renewed with Uplift,0
CTR-00858-02,CUST-00858,SMB,annual,2025-06-20,2025-06-20,2025-07-31,CTR-00858-03,Renewed,4437.84,5299.08,177.513600,683.726400,Renewed with Uplift,0
CTR-00862-01,CUST-00862,SMB,annual,2024-07-02,2024-06-27,2024-07-31,,Churned,6674.64,0.00,0.000000,0.000000,Churned,5
CTR-00863-01,CUST-00863,SMB,annual,2024-06-28,2024-06-26,2024-07-31,CTR-00863-02,Renewed,7149.96,5276.28,214.498800,-2088.178800,Renewed with Contraction,2
CTR-00863-02,CUST-00863,SMB,annual,2025-06-29,2025-06-26,2025-07-31,CTR-00863-03,Renewed,5276.28,5276.28,0.000000,0.000000,Renewed,3
CTR-00866-01,CUST-00866,SMB,annual,2024-06-17,2024-06-12,2024-07-31,CTR-00866-02,Renewed,7440.00,7744.32,297.600000,6.720000,Renewed with Uplift,5
CTR-00866-02,CUST-00866,SMB,annual,2025-06-17,2025-06-12,2025-07-31,CTR-00866-03,Renewed,7744.32,8036.16,309.772800,-17.932800,Renewed with Uplift,5
CTR-00877-01,CUST-00877,SMB,annual,2024-07-04,2024-07-01,2024-08-31,,Churned,5130.72,0.00,0.000000,0.000000,Churned,3
CTR-00878-01,CUST-00878,SMB,annual,2024-08-02,2024-07-28,2024-08-31,,Churned,8479.80,0.00,0.000000,0.000000,Churned,5
CTR-00881-01,CUST-00881,SMB,annual,2024-07-29,2024-07-25,2024-08-31,,Churned,7090.20,0.00,0.000000,0.000000,Churned,4
CTR-00886-01,CUST-00886,SMB,annual,2024-07-25,2024-07-25,2024-08-31,,Churned,3686.16,0.00,0.000000,0.000000,Churned,0
CTR-00886-02R,CUST-00886,SMB,annual,2026-01-02,2025-12-31,2026-01-31,CTR-00886-03,Renewed,6051.36,5563.20,181.540800,-669.700800,Renewed with Contraction,2
CTR-00888-01,CUST-00888,SMB,annual,2024-07-11,2024-07-08,2024-08-31,CTR-00888-02,Renewed,14880.48,14881.32,0.000000,0.840000,Renewed with Uplift,3
CTR-00888-02,CUST-00888,SMB,annual,2025-07-13,2025-07-08,2025-08-31,CTR-00888-03,Renewed,20833.80,15336.96,625.014000,-6121.854000,Renewed with Contraction,5
CTR-00889-01,CUST-00889,SMB,annual,2024-07-04,2024-07-01,2024-08-31,,Churned,7923.36,0.00,0.000000,0.000000,Churned,3
CTR-00892-01,CUST-00892,SMB,annual,2024-08-25,2024-08-23,2024-09-30,,Churned,8536.44,0.00,0.000000,0.000000,Churned,2
CTR-00895-01,CUST-00895,SMB,annual,2024-08-14,2024-08-09,2024-09-30,,Churned,6257.64,0.00,0.000000,0.000000,Churned,5
CTR-00898-01,CUST-00898,SMB,annual,2024-08-12,2024-08-07,2024-09-30,CTR-00898-02,Renewed,1818.36,1894.20,72.734400,3.105600,Renewed with Uplift,5
CTR-00898-02,CUST-00898,SMB,annual,2025-08-08,2025-08-07,2025-09-30,CTR-00898-03,Renewed,1894.20,2643.24,94.710000,654.330000,Renewed with Uplift,1
CTR-00900-01,CUST-00900,SMB,annual,2024-08-18,2024-08-15,2024-09-30,CTR-00900-02,Renewed,7252.92,7491.72,217.587600,21.212400,Renewed with Uplift,3
CTR-00900-02,CUST-00900,SMB,annual,2025-08-19,2025-08-15,2025-09-30,CTR-00900-03,Renewed,7491.72,7730.52,224.751600,14.048400,Renewed with Uplift,4
CTR-00903-01,CUST-00903,SMB,annual,2024-08-08,2024-08-04,2024-09-30,,Churned,12617.52,0.00,0.000000,0.000000,Churned,4
CTR-00909-01,CUST-00909,SMB,annual,2024-09-28,2024-09-26,2024-10-31,CTR-00909-02,Renewed,19424.64,13199.04,582.739200,-6808.339200,Renewed with Contraction,2
CTR-00909-02,CUST-00909,SMB,annual,2025-09-27,2025-09-26,2025-10-31,CTR-00909-03,Renewed,13199.04,13199.40,0.000000,0.360000,Renewed with Uplift,1
CTR-00915-01,CUST-00915,SMB,annual,2024-09-19,2024-09-18,2024-10-31,CTR-00915-02,Renewed,8139.72,8390.88,244.191600,6.968400,Renewed with Uplift,1
CTR-00915-02,CUST-00915,SMB,annual,2025-09-21,2025-09-18,2025-10-31,CTR-00915-03,Renewed,8390.88,8668.44,251.726400,25.833600,Renewed with Uplift,3
CTR-00916-01,CUST-00916,SMB,annual,2024-10-03,2024-09-29,2024-10-31,CTR-00916-02,Renewed,6284.88,6482.40,188.546400,8.973600,Renewed with Uplift,4
CTR-00916-02,CUST-00916,SMB,annual,2025-10-02,2025-09-29,2025-10-31,CTR-00916-03,Renewed,6482.40,6769.68,259.296000,27.984000,Renewed with Uplift,3
CTR-00924-01,CUST-00924,SMB,annual,2024-09-25,2024-09-24,2024-10-31,,Churned,4873.44,0.00,0.000000,0.000000,Churned,1
CTR-00929-01,CUST-00929,SMB,annual,2024-10-28,2024-10-28,2024-11-30,CTR-00929-02,Renewed,10261.56,7201.92,0.000000,-3059.640000,Renewed with Contraction,0
CTR-00929-02,CUST-00929,SMB,annual,2025-10-29,2025-10-28,2025-11-30,CTR-00929-03,Renewed,10082.76,7541.16,504.138000,-3045.738000,Renewed with Contraction,1
CTR-00935-01,CUST-00935,SMB,annual,2024-10-17,2024-10-14,2024-11-30,CTR-00935-02,Renewed,10279.32,10013.76,411.172800,-676.732800,Renewed with Contraction,3
CTR-00935-02,CUST-00935,SMB,annual,2025-10-14,2025-10-14,2025-11-30,CTR-00935-03,Renewed,10013.76,10436.88,400.550400,22.569600,Renewed with Uplift,0
CTR-00943-01,CUST-00943,SMB,annual,2024-10-29,2024-10-25,2024-11-30,CTR-00943-02,Renewed,13636.92,14106.12,409.107600,60.092400,Renewed with Uplift,4
CTR-00943-02,CUST-00943,SMB,annual,2025-10-25,2025-10-25,2025-11-30,CTR-00943-03,Renewed,14106.12,14690.28,564.244800,19.915200,Renewed with Uplift,0
CTR-00945-01,CUST-00945,SMB,annual,2024-10-15,2024-10-13,2024-11-30,,Churned,5706.72,0.00,0.000000,0.000000,Churned,2
CTR-00947-01,CUST-00947,SMB,annual,2024-11-13,2024-11-09,2024-12-31,,Churned,5989.68,0.00,0.000000,0.000000,Churned,4
CTR-00947-02R,CUST-00947,SMB,annual,2026-05-03,2026-04-30,2026-05-31,CTR-00947-03,Renewed,6973.68,4860.84,278.947200,-2391.787200,Renewed with Contraction,3
CTR-00948-01,CUST-00948,SMB,annual,2024-11-25,2024-11-21,2024-12-31,,Churned,3501.00,0.00,0.000000,0.000000,Churned,4
CTR-00948-02R,CUST-00948,SMB,annual,2026-05-05,2026-04-30,2026-05-31,CTR-00948-03,Renewed,3831.60,3951.48,114.948000,4.932000,Renewed with Uplift,5
CTR-00949-01,CUST-00949,SMB,annual,2024-11-02,2024-10-31,2024-11-30,,Churned,2277.48,0.00,0.000000,0.000000,Churned,2
CTR-00951-01,CUST-00951,SMB,annual,2024-11-27,2024-11-27,2024-12-31,,Churned,4212.60,0.00,0.000000,0.000000,Churned,0
CTR-00954-01,CUST-00954,SMB,annual,2024-11-04,2024-10-31,2024-11-30,CTR-00954-02,Renewed,8682.12,8681.76,0.000000,-0.360000,Renewed with Contraction,4
CTR-00954-02,CUST-00954,SMB,annual,2025-11-03,2025-10-31,2025-11-30,CTR-00954-03,Renewed,16352.28,12510.24,817.614000,-4659.654000,Renewed with Contraction,3
CTR-00956-01,CUST-00956,SMB,annual,2024-11-20,2024-11-16,2024-12-31,CTR-00956-02,Renewed,7179.36,7404.48,215.380800,9.739200,Renewed with Uplift,4
CTR-00956-02,CUST-00956,SMB,annual,2025-11-16,2025-11-16,2025-12-31,CTR-00956-03,Renewed,7404.48,7633.56,222.134400,6.945600,Renewed with Uplift,0
CTR-00957-01,CUST-00957,SMB,annual,2024-12-02,2024-11-27,2024-12-31,,Churned,2853.96,0.00,0.000000,0.000000,Churned,5
CTR-00959-01,CUST-00959,SMB,annual,2024-11-26,2024-11-22,2024-12-31,,Churned,5354.16,0.00,0.000000,0.000000,Churned,4
CTR-00960-01,CUST-00960,SMB,annual,2024-11-27,2024-11-27,2024-12-31,,Churned,13541.76,0.00,0.000000,0.000000,Churned,0
CTR-00971-01,CUST-00971,SMB,annual,2024-12-14,2024-12-09,2025-01-31,CTR-00971-02,Renewed,8868.48,7310.52,443.424000,-2001.384000,Renewed with Contraction,5
CTR-00971-02,CUST-00971,SMB,annual,2025-12-10,2025-12-09,2026-01-31,CTR-00971-03,Renewed,8560.44,8825.28,256.813200,8.026800,Renewed with Uplift,1
CTR-00972-01,CUST-00972,SMB,annual,2025-01-02,2024-12-28,2025-01-31,CTR-00972-02,Renewed,2243.64,2342.16,89.745600,8.774400,Renewed with Uplift,5
CTR-00972-02,CUST-00972,SMB,annual,2025-12-31,2025-12-28,2026-01-31,CTR-00972-03,Renewed,2342.16,2439.24,93.686400,3.393600,Renewed with Uplift,3
CTR-00975-01,CUST-00975,SMB,annual,2024-12-14,2024-12-09,2025-01-31,CTR-00975-02,Renewed,5060.88,5251.08,202.435200,-12.235200,Renewed with Uplift,5
CTR-00975-02,CUST-00975,SMB,annual,2025-12-12,2025-12-09,2026-01-31,,Churned,5251.08,0.00,0.000000,0.000000,Churned,3
CTR-00976-01,CUST-00976,SMB,annual,2024-12-16,2024-12-11,2025-01-31,CTR-00976-02,Renewed,9027.12,9324.36,270.813600,26.426400,Renewed with Uplift,5
CTR-00976-02,CUST-00976,SMB,annual,2025-12-15,2025-12-11,2026-01-31,CTR-00976-03,Renewed,13562.64,14056.68,542.505600,-48.465600,Renewed with Uplift,4
CTR-00979-01,CUST-00979,SMB,annual,2024-11-30,2024-11-30,2024-12-31,CTR-00979-02,Renewed,8663.76,8960.28,259.912800,36.607200,Renewed with Uplift,0
CTR-00979-02,CUST-00979,SMB,annual,2025-12-01,2025-11-30,2025-12-31,,Churned,8960.28,0.00,0.000000,0.000000,Churned,1
CTR-00981-01,CUST-00981,SMB,annual,2024-12-09,2024-12-08,2025-01-31,,Churned,5267.88,0.00,0.000000,0.000000,Churned,1
CTR-00982-01,CUST-00982,SMB,annual,2024-12-30,2024-12-28,2025-01-31,,Churned,6583.68,0.00,0.000000,0.000000,Churned,2
CTR-00983-01,CUST-00983,SMB,annual,2024-12-12,2024-12-09,2025-01-31,,Churned,5793.12,0.00,0.000000,0.000000,Churned,3
CTR-00983-02R,CUST-00983,SMB,annual,2026-05-04,2026-04-30,2026-05-31,CTR-00983-03,Renewed,6869.16,5061.48,206.074800,-2013.754800,Renewed with Contraction,4
CTR-00986-01,CUST-00986,SMB,annual,2024-12-02,2024-11-30,2024-12-31,,Churned,4877.40,0.00,0.000000,0.000000,Churned,2
CTR-00987-01,CUST-00987,SMB,annual,2024-12-09,2024-12-06,2025-01-31,CTR-00987-02,Renewed,1947.00,2040.96,97.350000,-3.390000,Renewed with Uplift,3
CTR-00987-02,CUST-00987,SMB,annual,2025-12-07,2025-12-06,2026-01-31,,Churned,2040.96,0.00,0.000000,0.000000,Churned,1
CTR-00990-01,CUST-00990,SMB,annual,2024-12-15,2024-12-12,2025-01-31,,Churned,12673.68,0.00,0.000000,0.000000,Churned,3
CTR-00992-01,CUST-00992,SMB,annual,2024-12-27,2024-12-24,2025-01-31,CTR-00992-02,Renewed,4491.60,4713.96,224.580000,-2.220000,Renewed with Uplift,3
CTR-00992-02,CUST-00992,SMB,annual,2025-12-27,2025-12-24,2026-01-31,CTR-00992-03,Renewed,4713.96,4713.72,0.000000,-0.240000,Renewed with Contraction,3
CTR-00993-01,CUST-00993,SMB,annual,2024-12-30,2024-12-25,2025-01-31,,Churned,13144.32,0.00,0.000000,0.000000,Churned,5
CTR-00994-01,CUST-00994,SMB,annual,2024-12-31,2024-12-29,2025-01-31,CTR-00994-02,Renewed,3529.80,3704.64,176.490000,-1.650000,Renewed with Uplift,2
CTR-00994-02,CUST-00994,SMB,annual,2026-01-03,2025-12-29,2026-01-31,CTR-00994-03,Renewed,4322.04,4477.32,172.881600,-17.601600,Renewed with Uplift,5
CTR-01002-01,CUST-01002,SMB,annual,2024-12-31,2024-12-30,2025-01-31,CTR-01002-02,Renewed,4362.36,4497.72,130.870800,4.489200,Renewed with Uplift,1
CTR-01002-02,CUST-01002,SMB,annual,2025-12-30,2025-12-30,2026-01-31,CTR-01002-03,Renewed,4497.72,4685.52,179.908800,7.891200,Renewed with Uplift,0
CTR-01004-01,CUST-01004,SMB,annual,2024-12-27,2024-12-22,2025-01-31,CTR-01004-02,Renewed,4536.36,4536.24,0.000000,-0.120000,Renewed with Contraction,5
CTR-01004-02,CUST-01004,SMB,annual,2025-12-25,2025-12-22,2026-01-31,,Churned,4536.24,0.00,0.000000,0.000000,Churned,3
CTR-01007-01,CUST-01007,SMB,annual,2025-01-04,2024-12-30,2025-01-31,,Churned,14199.72,0.00,0.000000,0.000000,Churned,5
CTR-01009-01,CUST-01009,SMB,annual,2025-01-01,2024-12-30,2025-01-31,CTR-01009-02,Renewed,10248.12,7595.52,409.924800,-3062.524800,Renewed with Contraction,2
CTR-01009-02,CUST-01009,SMB,annual,2026-01-03,2025-12-30,2026-01-31,CTR-01009-03,Renewed,10633.68,7896.36,425.347200,-3162.667200,Renewed with Contraction,4
CTR-01010-01,CUST-01010,SMB,annual,2024-12-28,2024-12-26,2025-01-31,,Churned,9920.04,0.00,0.000000,0.000000,Churned,2
CTR-01012-01,CUST-01012,SMB,annual,2024-12-28,2024-12-28,2025-01-31,CTR-01012-02,Renewed,11473.56,8478.12,344.206800,-3339.646800,Renewed with Contraction,0
CTR-01012-02,CUST-01012,SMB,annual,2025-12-31,2025-12-28,2026-01-31,CTR-01012-03,Renewed,8478.12,8890.08,423.906000,-11.946000,Renewed with Uplift,3
CTR-01016-01,CUST-01016,Mid-Market,annual,2024-01-20,2024-01-16,2024-02-29,CTR-01016-02,Renewed,47131.80,44412.36,0.000000,-2719.440000,Renewed with Contraction,4
CTR-01016-02,CUST-01016,Mid-Market,annual,2025-01-16,2025-01-16,2025-02-28,CTR-01016-03,Renewed,44412.36,46428.36,2220.618000,-204.618000,Renewed with Uplift,0
CTR-01016-03,CUST-01016,Mid-Market,annual,2026-01-16,2026-01-16,2026-02-28,CTR-01016-04,Renewed,46428.36,46428.60,0.000000,0.240000,Renewed with Uplift,0
CTR-01017-01,CUST-01017,Mid-Market,annual,2024-01-30,2024-01-30,2024-02-29,CTR-01017-02,Renewed,20568.72,21242.16,617.061600,56.378400,Renewed with Uplift,0
CTR-01017-02,CUST-01017,Mid-Market,annual,2025-01-30,2025-01-30,2025-02-28,CTR-01017-03,Renewed,47050.08,38662.20,2352.504000,-10740.384000,Renewed with Contraction,0
CTR-01017-03,CUST-01017,Mid-Market,annual,2026-02-04,2026-01-30,2026-02-28,CTR-01017-04,Renewed,99887.28,66756.12,4994.364000,-38125.524000,Renewed with Contraction,5
CTR-01018-01,CUST-01018,Mid-Market,annual,2024-01-03,2024-01-01,2024-02-29,CTR-01018-02,Renewed,133611.96,82568.16,0.000000,-51043.800000,Renewed with Contraction,2
CTR-01018-02,CUST-01018,Mid-Market,annual,2025-01-06,2025-01-01,2025-02-28,CTR-01018-03,Renewed,139400.88,139398.24,0.000000,-2.640000,Renewed with Contraction,5
CTR-01018-03,CUST-01018,Mid-Market,annual,2026-01-06,2026-01-01,2026-02-28,CTR-01018-04,Renewed,193012.92,200086.32,7720.516800,-647.116800,Renewed with Uplift,5
CTR-01019-01,CUST-01019,Mid-Market,multi_year,2025-01-27,2025-01-26,2025-02-28,CTR-01019-02,Renewed,28882.56,30249.36,1444.128000,-77.328000,Renewed with Uplift,1
CTR-01020-01,CUST-01020,Mid-Market,multi_year,2026-01-01,2025-12-31,2026-01-31,CTR-01020-02,Renewed,10640.04,10640.52,0.000000,0.480000,Renewed with Uplift,1
CTR-01021-01,CUST-01021,Mid-Market,annual,2024-01-11,2024-01-09,2024-02-29,CTR-01021-02,Renewed,77043.60,80186.88,3081.744000,61.536000,Renewed with Uplift,2
CTR-01021-02,CUST-01021,Mid-Market,annual,2025-01-09,2025-01-09,2025-02-28,CTR-01021-03,Renewed,124382.04,118505.64,4975.281600,-10851.681600,Renewed with Contraction,0
CTR-01021-03,CUST-01021,Mid-Market,annual,2026-01-12,2026-01-09,2026-02-28,CTR-01021-04,Renewed,129355.08,122289.96,3880.652400,-10945.772400,Renewed with Contraction,3
CTR-01022-01,CUST-01022,Mid-Market,multi_year,2026-01-28,2026-01-25,2026-02-28,CTR-01022-02,Renewed,65654.16,37874.16,3282.708000,-31062.708000,Renewed with Contraction,3
CTR-01023-01,CUST-01023,Mid-Market,annual,2024-02-27,2024-02-22,2024-03-31,CTR-01023-02,Renewed,28067.40,29091.72,1122.696000,-98.376000,Renewed with Uplift,5
CTR-01023-02,CUST-01023,Mid-Market,annual,2025-02-27,2025-02-22,2025-03-31,CTR-01023-03,Renewed,29091.72,30026.64,872.751600,62.168400,Renewed with Uplift,5
CTR-01023-03,CUST-01023,Mid-Market,annual,2026-02-24,2026-02-22,2026-03-31,CTR-01023-04,Renewed,30026.64,31257.96,1201.065600,30.254400,Renewed with Uplift,2
CTR-01024-01,CUST-01024,Mid-Market,annual,2024-02-21,2024-02-16,2024-03-31,CTR-01024-02,Renewed,21657.60,9162.48,649.728000,-13144.848000,Renewed with Contraction,5
CTR-01024-02,CUST-01024,Mid-Market,annual,2025-02-21,2025-02-16,2025-03-31,CTR-01024-03,Renewed,12827.52,9493.20,513.100800,-3847.420800,Renewed with Contraction,5
CTR-01024-03,CUST-01024,Mid-Market,annual,2026-02-19,2026-02-16,2026-03-31,,Churned,23114.76,0.00,0.000000,0.000000,Churned,3
CTR-01025-01,CUST-01025,Mid-Market,annual,2024-02-25,2024-02-24,2024-03-31,,Churned,29394.72,0.00,0.000000,0.000000,Churned,1
CTR-01026-01,CUST-01026,Mid-Market,annual,2024-02-11,2024-02-06,2024-03-31,CTR-01026-02,Renewed,47003.04,35107.32,2350.152000,-14245.872000,Renewed with Contraction,5
CTR-01026-02,CUST-01026,Mid-Market,annual,2025-02-06,2025-02-06,2025-03-31,CTR-01026-03,Renewed,91218.60,84350.76,3648.744000,-10516.584000,Renewed with Contraction,0
CTR-01026-03,CUST-01026,Mid-Market,annual,2026-02-06,2026-02-06,2026-03-31,CTR-01026-04,Renewed,95060.16,70122.24,0.000000,-24937.920000,Renewed with Contraction,0
CTR-01027-01,CUST-01027,Mid-Market,annual,2024-03-01,2024-02-25,2024-03-31,CTR-01027-02,Renewed,278961.96,282747.48,13948.098000,-10162.578000,Renewed with Uplift,5
CTR-01027-02,CUST-01027,Mid-Market,annual,2025-02-27,2025-02-25,2025-03-31,CTR-01027-03,Renewed,282747.48,294313.20,11309.899200,255.820800,Renewed with Uplift,2
CTR-01027-03,CUST-01027,Mid-Market,annual,2026-03-02,2026-02-25,2026-03-31,CTR-01027-04,Renewed,294313.20,308325.24,14715.660000,-703.620000,Renewed with Uplift,5
CTR-01028-01,CUST-01028,Mid-Market,annual,2024-02-29,2024-02-27,2024-03-31,CTR-01028-02,Renewed,56754.60,45289.08,2270.184000,-13735.704000,Renewed with Contraction,2
CTR-01028-02,CUST-01028,Mid-Market,annual,2025-03-03,2025-02-27,2025-03-31,CTR-01028-03,Renewed,58752.24,50423.76,2350.089600,-10678.569600,Renewed with Contraction,4
CTR-01028-03,CUST-01028,Mid-Market,annual,2026-02-27,2026-02-27,2026-03-31,CTR-01028-04,Renewed,81316.68,52520.64,3252.667200,-32048.707200,Renewed with Contraction,0
CTR-01029-01,CUST-01029,Mid-Market,annual,2024-03-12,2024-03-10,2024-04-30,CTR-01029-02,Renewed,36489.84,29163.96,1459.593600,-8785.473600,Renewed with Contraction,2
CTR-01029-02,CUST-01029,Mid-Market,annual,2025-03-11,2025-03-10,2025-04-30,CTR-01029-03,Renewed,36107.76,37400.52,1444.310400,-151.550400,Renewed with Uplift,1
CTR-01029-03,CUST-01029,Mid-Market,annual,2026-03-10,2026-03-10,2026-04-30,CTR-01029-04,Renewed,38839.08,40741.20,1941.954000,-39.834000,Renewed with Uplift,0
CTR-01030-01,CUST-01030,Mid-Market,annual,2024-03-07,2024-03-07,2024-04-30,CTR-01030-02,Renewed,69556.08,59496.84,0.000000,-10059.240000,Renewed with Contraction,0
CTR-01030-02,CUST-01030,Mid-Market,annual,2025-03-08,2025-03-07,2025-04-30,CTR-01030-03,Renewed,59496.84,61584.84,2379.873600,-291.873600,Renewed with Uplift,1
CTR-01030-03,CUST-01030,Mid-Market,annual,2026-03-12,2026-03-07,2026-04-30,,Churned,61584.84,0.00,0.000000,0.000000,Churned,5
CTR-01031-01,CUST-01031,Mid-Market,annual,2024-04-03,2024-03-30,2024-04-30,,Churned,24078.12,0.00,0.000000,0.000000,Churned,4
CTR-01032-01,CUST-01032,Mid-Market,annual,2024-03-31,2024-03-27,2024-04-30,,Churned,16815.12,0.00,0.000000,0.000000,Churned,4
CTR-01032-02R,CUST-01032,Mid-Market,annual,2025-09-04,2025-08-31,2025-09-30,CTR-01032-03,Renewed,17320.44,17320.92,0.000000,0.480000,Renewed with Uplift,4
CTR-01034-01,CUST-01034,Mid-Market,annual,2024-03-31,2024-03-30,2024-04-30,,Churned,8433.48,0.00,0.000000,0.000000,Churned,1
CTR-01035-01,CUST-01035,Mid-Market,annual,2024-03-09,2024-03-05,2024-04-30,CTR-01035-02,Renewed,10621.92,9656.64,0.000000,-965.280000,Renewed with Contraction,4
CTR-01035-02,CUST-01035,Mid-Market,annual,2025-03-08,2025-03-05,2025-04-30,CTR-01035-03,Renewed,9656.64,7725.12,0.000000,-1931.520000,Renewed with Contraction,3
CTR-01035-03,CUST-01035,Mid-Market,annual,2026-03-06,2026-03-05,2026-04-30,CTR-01035-04,Renewed,7725.12,7725.00,0.000000,-0.120000,Renewed with Contraction,1
CTR-01036-01,CUST-01036,Mid-Market,annual,2024-03-21,2024-03-18,2024-04-30,CTR-01036-02,Renewed,72162.60,75202.68,2886.504000,153.576000,Renewed with Uplift,3
CTR-01036-02,CUST-01036,Mid-Market,annual,2025-03-21,2025-03-18,2025-04-30,CTR-01036-03,Renewed,75202.68,77891.52,3008.107200,-319.267200,Renewed with Uplift,3
CTR-01036-03,CUST-01036,Mid-Market,annual,2026-03-21,2026-03-18,2026-04-30,CTR-01036-04,Renewed,77891.52,80921.40,3115.660800,-85.780800,Renewed with Uplift,3
CTR-01037-01,CUST-01037,Mid-Market,multi_year,2025-04-01,2025-03-28,2025-04-30,CTR-01037-02,Renewed,57995.88,57999.12,0.000000,3.240000,Renewed with Uplift,4
CTR-01038-01,CUST-01038,Mid-Market,annual,2024-04-04,2024-03-30,2024-04-30,,Churned,14799.36,0.00,0.000000,0.000000,Churned,5
CTR-01039-01,CUST-01039,Mid-Market,annual,2024-04-28,2024-04-24,2024-05-31,,Churned,20377.56,0.00,0.000000,0.000000,Churned,4
CTR-01040-01,CUST-01040,Mid-Market,annual,2024-04-30,2024-04-27,2024-05-31,,Churned,39032.16,0.00,0.000000,0.000000,Churned,3
CTR-01040-02R,CUST-01040,Mid-Market,annual,2025-07-01,2025-06-30,2025-07-31,CTR-01040-03,Renewed,28983.84,28984.08,0.000000,0.240000,Renewed with Uplift,1
CTR-01041-01,CUST-01041,Mid-Market,multi_year,2026-05-01,2026-04-27,2026-05-31,CTR-01041-02,Renewed,21887.04,22961.16,1094.352000,-20.232000,Renewed with Uplift,4
CTR-01043-01,CUST-01043,Mid-Market,annual,2024-04-27,2024-04-25,2024-05-31,,Churned,13431.60,0.00,0.000000,0.000000,Churned,2
CTR-01044-01,CUST-01044,Mid-Market,annual,2024-04-11,2024-04-07,2024-05-31,CTR-01044-02,Renewed,10700.76,11174.88,428.030400,46.089600,Renewed with Uplift,4
CTR-01044-02,CUST-01044,Mid-Market,annual,2025-04-07,2025-04-07,2025-05-31,CTR-01044-03,Renewed,11174.88,11574.60,446.995200,-47.275200,Renewed with Uplift,0
CTR-01044-03,CUST-01044,Mid-Market,annual,2026-04-08,2026-04-07,2026-05-31,CTR-01044-04,Renewed,11574.60,12090.84,462.984000,53.256000,Renewed with Uplift,1
CTR-01045-01,CUST-01045,Mid-Market,annual,2024-05-28,2024-05-25,2024-06-30,,Churned,39422.52,0.00,0.000000,0.000000,Churned,3
CTR-01046-01,CUST-01046,Mid-Market,annual,2024-05-15,2024-05-10,2024-06-30,,Churned,16664.16,0.00,0.000000,0.000000,Churned,5
CTR-01047-01,CUST-01047,Mid-Market,multi_year,2025-05-22,2025-05-17,2025-06-30,,Churned,58917.72,0.00,0.000000,0.000000,Churned,5
CTR-01048-01,CUST-01048,Mid-Market,annual,2024-05-30,2024-05-26,2024-06-30,CTR-01048-02,Renewed,22564.20,9634.08,0.000000,-12930.120000,Renewed with Contraction,4
CTR-01048-02,CUST-01048,Mid-Market,annual,2025-05-30,2025-05-26,2025-06-30,CTR-01048-03,Renewed,9634.08,10059.48,385.363200,40.036800,Renewed with Uplift,4
CTR-01048-03,CUST-01048,Mid-Market,annual,2026-05-29,2026-05-26,2026-06-30,CTR-01048-04,Renewed,10059.48,10060.20,0.000000,0.720000,Renewed with Uplift,3
CTR-01049-01,CUST-01049,Mid-Market,multi_year,2025-05-31,2025-05-26,2025-06-30,CTR-01049-02,Renewed,37773.24,39381.72,1510.929600,97.550400,Renewed with Uplift,5
CTR-01050-01,CUST-01050,Mid-Market,multi_year,2026-05-27,2026-05-24,2026-06-30,,Churned,11569.92,0.00,0.000000,0.000000,Churned,3
CTR-01051-01,CUST-01051,Mid-Market,annual,2024-06-27,2024-06-25,2024-07-31,CTR-01051-02,Renewed,8228.64,8551.08,329.145600,-6.705600,Renewed with Uplift,2
CTR-01051-02,CUST-01051,Mid-Market,annual,2025-06-28,2025-06-25,2025-07-31,CTR-01051-03,Renewed,8551.08,8963.76,427.554000,-14.874000,Renewed with Uplift,3
CTR-01052-01,CUST-01052,Mid-Market,multi_year,2025-06-28,2025-06-27,2025-07-31,CTR-01052-02,Renewed,105186.48,109077.72,4207.459200,-316.219200,Renewed with Uplift,1
CTR-01053-01,CUST-01053,Mid-Market,annual,2024-06-05,2024-06-03,2024-07-31,CTR-01053-02,Renewed,37094.64,37093.44,0.000000,-1.200000,Renewed with Contraction,2
CTR-01053-02,CUST-01053,Mid-Market,annual,2025-06-04,2025-06-03,2025-07-31,CTR-01053-03,Renewed,37093.44,38869.80,1854.672000,-78.312000,Renewed with Uplift,1
CTR-01054-01,CUST-01054,Mid-Market,annual,2024-06-18,2024-06-13,2024-07-31,CTR-01054-02,Renewed,167195.40,174378.84,6687.816000,495.624000,Renewed with Uplift,5
CTR-01054-02,CUST-01054,Mid-Market,annual,2025-06-14,2025-06-13,2025-07-31,CTR-01054-03,Renewed,188769.96,182023.08,7550.798400,-14297.678400,Renewed with Contraction,1
CTR-01055-01,CUST-01055,Mid-Market,annual,2024-06-08,2024-06-08,2024-07-31,CTR-01055-02,Renewed,79992.60,71929.68,3199.704000,-11262.624000,Renewed with Contraction,0
CTR-01055-02,CUST-01055,Mid-Market,annual,2025-06-09,2025-06-08,2025-07-31,CTR-01055-03,Renewed,100701.48,74460.24,4028.059200,-30269.299200,Renewed with Contraction,1
CTR-01056-01,CUST-01056,Mid-Market,annual,2024-06-15,2024-06-12,2024-07-31,,Churned,12081.72,0.00,0.000000,0.000000,Churned,3
CTR-01057-01,CUST-01057,Mid-Market,annual,2024-07-01,2024-06-26,2024-07-31,,Churned,26848.44,0.00,0.000000,0.000000,Churned,5
CTR-01059-01,CUST-01059,Mid-Market,annual,2024-07-28,2024-07-26,2024-08-31,CTR-01059-02,Renewed,33360.48,35008.68,1668.024000,-19.824000,Renewed with Uplift,2
CTR-01059-02,CUST-01059,Mid-Market,annual,2025-07-26,2025-07-26,2025-08-31,CTR-01059-03,Renewed,59453.16,36453.00,2378.126400,-25378.286400,Renewed with Contraction,0
CTR-01060-01,CUST-01060,Mid-Market,annual,2024-07-29,2024-07-27,2024-08-31,CTR-01060-02,Renewed,32904.72,24607.08,1645.236000,-9942.876000,Renewed with Contraction,2
CTR-01060-02,CUST-01060,Mid-Market,annual,2025-07-28,2025-07-27,2025-08-31,CTR-01060-03,Renewed,30758.88,31775.04,922.766400,93.393600,Renewed with Uplift,1
CTR-01061-01,CUST-01061,Mid-Market,annual,2024-07-18,2024-07-16,2024-08-31,CTR-01061-02,Renewed,19656.84,20318.76,589.705200,72.214800,Renewed with Uplift,2
CTR-01061-02,CUST-01061,Mid-Market,annual,2025-07-20,2025-07-16,2025-08-31,,Churned,21393.72,0.00,0.000000,0.000000,Churned,4
CTR-01062-01,CUST-01062,Mid-Market,annual,2024-07-20,2024-07-19,2024-08-31,,Churned,47062.80,0.00,0.000000,0.000000,Churned,1
CTR-01064-01,CUST-01064,Mid-Market,annual,2024-08-29,2024-08-26,2024-09-30,CTR-01064-02,Renewed,23734.92,24916.08,1186.746000,-5.586000,Renewed with Uplift,3
CTR-01064-02,CUST-01064,Mid-Market,annual,2025-08-27,2025-08-26,2025-09-30,CTR-01064-03,Renewed,34795.80,22041.12,0.000000,-12754.680000,Renewed with Contraction,1
CTR-01065-01,CUST-01065,Mid-Market,annual,2024-08-11,2024-08-08,2024-09-30,CTR-01065-02,Renewed,32139.72,35133.84,0.000000,2994.120000,Renewed with Uplift,3
CTR-01065-02,CUST-01065,Mid-Market,annual,2025-08-10,2025-08-08,2025-09-30,CTR-01065-03,Renewed,37129.44,38286.36,1113.883200,43.036800,Renewed with Uplift,2
CTR-01066-01,CUST-01066,Mid-Market,annual,2024-08-28,2024-08-27,2024-09-30,CTR-01066-02,Renewed,33054.12,34112.88,991.623600,67.136400,Renewed with Uplift,1
CTR-01066-02,CUST-01066,Mid-Market,annual,2025-08-30,2025-08-27,2025-09-30,,Churned,43557.60,0.00,0.000000,0.000000,Churned,3
CTR-01067-01,CUST-01067,Mid-Market,annual,2024-08-26,2024-08-26,2024-09-30,CTR-01067-02,Renewed,26161.32,14015.28,0.000000,-12146.040000,Renewed with Contraction,0
CTR-01067-02,CUST-01067,Mid-Market,annual,2025-08-31,2025-08-26,2025-09-30,,Churned,47154.24,0.00,0.000000,0.000000,Churned,5
CTR-01068-01,CUST-01068,Mid-Market,annual,2024-09-06,2024-09-05,2024-10-31,CTR-01068-02,Renewed,42641.64,44524.80,1705.665600,177.494400,Renewed with Uplift,1
CTR-01068-02,CUST-01068,Mid-Market,annual,2025-09-10,2025-09-05,2025-10-31,,Churned,50269.92,0.00,0.000000,0.000000,Churned,5
CTR-01069-01,CUST-01069,Mid-Market,annual,2024-10-01,2024-09-28,2024-10-31,CTR-01069-02,Renewed,28828.32,29827.20,864.849600,134.030400,Renewed with Uplift,3
CTR-01069-02,CUST-01069,Mid-Market,annual,2025-10-02,2025-09-28,2025-10-31,CTR-01069-03,Renewed,35810.28,36912.96,1074.308400,28.371600,Renewed with Uplift,4
CTR-01071-01,CUST-01071,Mid-Market,annual,2024-09-30,2024-09-29,2024-10-31,,Churned,56194.80,0.00,0.000000,0.000000,Churned,1
CTR-01072-01,CUST-01072,Mid-Market,annual,2024-09-18,2024-09-13,2024-10-31,CTR-01072-02,Renewed,56991.36,59080.20,2279.654400,-190.814400,Renewed with Uplift,5
CTR-01072-02,CUST-01072,Mid-Market,annual,2025-09-18,2025-09-13,2025-10-31,CTR-01072-03,Renewed,80563.92,83073.12,2416.917600,92.282400,Renewed with Uplift,5
CTR-01073-01,CUST-01073,Mid-Market,annual,2024-10-02,2024-09-29,2024-10-31,CTR-01073-02,Renewed,13462.80,14032.80,538.512000,31.488000,Renewed with Uplift,3
CTR-01073-02,CUST-01073,Mid-Market,annual,2025-09-29,2025-09-29,2025-10-31,CTR-01073-03,Renewed,17039.76,17716.08,681.590400,-5.270400,Renewed with Uplift,0
CTR-01074-01,CUST-01074,Mid-Market,annual,2024-10-01,2024-09-30,2024-10-31,,Churned,12666.84,0.00,0.000000,0.000000,Churned,1
CTR-01075-01,CUST-01075,Mid-Market,annual,2024-10-27,2024-10-26,2024-11-30,,Churned,20045.16,0.00,0.000000,0.000000,Churned,1
CTR-01076-01,CUST-01076,Mid-Market,annual,2024-10-16,2024-10-12,2024-11-30,,Churned,10292.88,0.00,0.000000,0.000000,Churned,4
CTR-01077-01,CUST-01077,Mid-Market,annual,2024-11-03,2024-10-29,2024-11-30,,Churned,17152.20,0.00,0.000000,0.000000,Churned,5
CTR-01078-01,CUST-01078,Mid-Market,annual,2024-10-02,2024-10-01,2024-11-30,CTR-01078-02,Renewed,35315.64,35316.72,0.000000,1.080000,Renewed with Uplift,1
CTR-01078-02,CUST-01078,Mid-Market,annual,2025-10-04,2025-10-01,2025-11-30,CTR-01078-03,Renewed,35316.72,36981.84,1765.836000,-100.716000,Renewed with Uplift,3
CTR-01079-01,CUST-01079,Mid-Market,annual,2024-10-22,2024-10-18,2024-11-30,CTR-01079-02,Renewed,28170.12,28171.08,0.000000,0.960000,Renewed with Uplift,4
CTR-01079-02,CUST-01079,Mid-Market,annual,2025-10-20,2025-10-18,2025-11-30,CTR-01079-03,Renewed,39439.56,29028.48,1183.186800,-11594.266800,Renewed with Contraction,2
CTR-01080-01,CUST-01080,Mid-Market,annual,2024-11-25,2024-11-25,2024-12-31,,Churned,44976.12,0.00,0.000000,0.000000,Churned,0
CTR-01080-02R,CUST-01080,Mid-Market,annual,2026-04-01,2026-03-31,2026-04-30,CTR-01080-03,Renewed,41077.32,42781.20,1643.092800,60.787200,Renewed with Uplift,1
CTR-01081-01,CUST-01081,Mid-Market,annual,2024-11-23,2024-11-20,2024-12-31,CTR-01081-02,Renewed,93027.96,68954.16,3721.118400,-27794.918400,Renewed with Contraction,3
CTR-01081-02,CUST-01081,Mid-Market,annual,2025-11-21,2025-11-20,2025-12-31,CTR-01081-03,Renewed,68954.16,71954.64,2758.166400,242.313600,Renewed with Uplift,1
CTR-01082-01,CUST-01082,Mid-Market,annual,2024-11-05,2024-11-02,2024-12-31,,Churned,103903.68,0.00,0.000000,0.000000,Churned,3
CTR-01083-01,CUST-01083,Mid-Market,annual,2024-11-30,2024-11-25,2024-12-31,CTR-01083-02,Renewed,27731.76,20448.60,831.952800,-8115.112800,Renewed with Contraction,5
CTR-01083-02,CUST-01083,Mid-Market,annual,2025-11-30,2025-11-25,2025-12-31,CTR-01083-03,Renewed,93780.48,56636.04,2813.414400,-39957.854400,Renewed with Contraction,5
CTR-01084-01,CUST-01084,Mid-Market,annual,2024-11-30,2024-11-26,2024-12-31,,Churned,29401.92,0.00,0.000000,0.000000,Churned,4
CTR-01085-01,CUST-01085,Mid-Market,annual,2024-11-19,2024-11-14,2024-12-31,CTR-01085-02,Renewed,16768.92,17590.44,838.446000,-16.926000,Renewed with Uplift,5
CTR-01085-02,CUST-01085,Mid-Market,annual,2025-11-15,2025-11-14,2025-12-31,CTR-01085-03,Renewed,33691.56,35155.56,1347.662400,116.337600,Renewed with Uplift,1
CTR-01086-01,CUST-01086,Mid-Market,annual,2025-01-01,2024-12-27,2025-01-31,CTR-01086-02,Renewed,62885.16,57940.68,2515.406400,-7459.886400,Renewed with Contraction,5
CTR-01086-02,CUST-01086,Mid-Market,annual,2025-12-30,2025-12-27,2026-01-31,CTR-01086-03,Renewed,101668.20,69669.84,4066.728000,-36065.088000,Renewed with Contraction,3
CTR-01087-01,CUST-01087,Mid-Market,annual,2024-12-04,2024-11-30,2024-12-31,CTR-01087-02,Renewed,230532.72,220674.60,0.000000,-9858.120000,Renewed with Contraction,4
CTR-01087-02,CUST-01087,Mid-Market,annual,2025-12-03,2025-11-30,2025-12-31,CTR-01087-03,Renewed,235583.04,236739.84,11779.152000,-10622.352000,Renewed with Uplift,3
CTR-01088-01,CUST-01088,Mid-Market,annual,2024-12-30,2024-12-30,2025-01-31,,Churned,16051.92,0.00,0.000000,0.000000,Churned,0
CTR-01089-01,CUST-01089,Mid-Market,annual,2024-12-22,2024-12-19,2025-01-31,,Churned,64244.28,0.00,0.000000,0.000000,Churned,3
CTR-01090-01,CUST-01090,Mid-Market,annual,2024-12-22,2024-12-21,2025-01-31,,Churned,56410.44,0.00,0.000000,0.000000,Churned,1
CTR-01091-01,CUST-01091,Mid-Market,annual,2024-12-26,2024-12-26,2025-01-31,,Churned,15744.84,0.00,0.000000,0.000000,Churned,0
CTR-01092-01,CUST-01092,Mid-Market,multi_year,2025-12-30,2025-12-28,2026-01-31,CTR-01092-02,Renewed,20111.40,14993.52,804.456000,-5922.336000,Renewed with Contraction,2
CTR-01093-01,CUST-01093,Mid-Market,annual,2025-01-02,2024-12-29,2025-01-31,CTR-01093-02,Renewed,107267.04,111777.60,4290.681600,219.878400,Renewed with Uplift,4
CTR-01093-02,CUST-01093,Mid-Market,annual,2025-12-31,2025-12-29,2026-01-31,CTR-01093-03,Renewed,149514.48,154911.96,5980.579200,-583.099200,Renewed with Uplift,2
CTR-01094-01,CUST-01094,Mid-Market,annual,2025-01-01,2024-12-28,2025-01-31,CTR-01094-02,Renewed,77570.04,74098.56,3878.502000,-7349.982000,Renewed with Contraction,4
CTR-01094-02,CUST-01094,Mid-Market,annual,2026-01-02,2025-12-28,2026-01-31,CTR-01094-03,Renewed,109497.36,113996.88,4379.894400,119.625600,Renewed with Uplift,5
CTR-01095-01,CUST-01095,Mid-Market,annual,2024-12-10,2024-12-10,2025-01-31,,Churned,39073.20,0.00,0.000000,0.000000,Churned,0
CTR-01096-01,CUST-01096,Mid-Market,annual,2024-12-22,2024-12-20,2025-01-31,CTR-01096-02,Renewed,70888.80,46065.96,0.000000,-24822.840000,Renewed with Contraction,2
CTR-01096-02,CUST-01096,Mid-Market,annual,2025-12-21,2025-12-20,2026-01-31,CTR-01096-03,Renewed,56030.16,31206.48,0.000000,-24823.680000,Renewed with Contraction,1
CTR-01097-01,CUST-01097,Mid-Market,annual,2024-12-26,2024-12-21,2025-01-31,CTR-01097-02,Renewed,105544.44,77811.24,3166.333200,-30899.533200,Renewed with Contraction,5
CTR-01097-02,CUST-01097,Mid-Market,annual,2025-12-21,2025-12-21,2026-01-31,CTR-01097-03,Renewed,117468.60,80700.72,4698.744000,-41466.624000,Renewed with Contraction,0
CTR-01098-01,CUST-01098,Mid-Market,annual,2024-12-22,2024-12-21,2025-01-31,,Churned,46432.92,0.00,0.000000,0.000000,Churned,1
CTR-01099-01,CUST-01099,Mid-Market,annual,2024-12-30,2024-12-27,2025-01-31,CTR-01099-02,Renewed,21143.40,22024.32,845.736000,35.184000,Renewed with Uplift,3
CTR-01099-02,CUST-01099,Mid-Market,annual,2026-01-01,2025-12-27,2026-01-31,CTR-01099-03,Renewed,35789.40,37256.40,1431.576000,35.424000,Renewed with Uplift,5
CTR-01100-01,CUST-01100,Mid-Market,annual,2024-12-29,2024-12-27,2025-01-31,CTR-01100-02,Renewed,31525.80,32494.92,945.774000,23.346000,Renewed with Uplift,2
CTR-01100-02,CUST-01100,Mid-Market,annual,2026-01-01,2025-12-27,2026-01-31,CTR-01100-03,Renewed,43187.64,36568.92,1295.629200,-7914.349200,Renewed with Contraction,5
CTR-01101-01,CUST-01101,Enterprise,annual,2024-01-29,2024-01-29,2024-02-29,CTR-01101-02,Renewed,138046.92,144008.52,5521.876800,439.723200,Renewed with Uplift,0
CTR-01101-02,CUST-01101,Enterprise,annual,2025-02-01,2025-01-29,2025-02-28,CTR-01101-03,Renewed,195022.08,148475.28,5850.662400,-52397.462400,Renewed with Contraction,3
CTR-01101-03,CUST-01101,Enterprise,annual,2026-01-29,2026-01-29,2026-02-28,CTR-01101-04,Renewed,148475.28,153653.16,4454.258400,723.621600,Renewed with Uplift,0
CTR-01102-01,CUST-01102,Enterprise,annual,2024-01-04,2024-01-01,2024-02-29,CTR-01102-02,Renewed,382452.72,382467.36,0.000000,14.640000,Renewed with Uplift,3
CTR-01102-02,CUST-01102,Enterprise,annual,2025-01-06,2025-01-01,2025-02-28,CTR-01102-03,Renewed,382467.36,382460.88,0.000000,-6.480000,Renewed with Contraction,5
CTR-01102-03,CUST-01102,Enterprise,annual,2026-01-05,2026-01-01,2026-02-28,CTR-01102-04,Renewed,382460.88,394977.72,11473.826400,1043.013600,Renewed with Uplift,4
CTR-01103-01,CUST-01103,Enterprise,multi_year,2025-02-10,2025-02-06,2025-03-31,CTR-01103-02,Renewed,176649.48,182793.96,5299.484400,844.995600,Renewed with Uplift,4
CTR-01104-01,CUST-01104,Enterprise,multi_year,2025-02-23,2025-02-22,2025-03-31,CTR-01104-02,Renewed,73365.84,61835.04,2934.633600,-14465.433600,Renewed with Contraction,1
CTR-01105-01,CUST-01105,Enterprise,annual,2024-03-28,2024-03-26,2024-04-30,CTR-01105-02,Renewed,127749.96,132069.36,3832.498800,486.901200,Renewed with Uplift,2
CTR-01105-02,CUST-01105,Enterprise,annual,2025-03-30,2025-03-26,2025-04-30,CTR-01105-03,Renewed,132069.36,137918.40,5282.774400,566.265600,Renewed with Uplift,4
CTR-01105-03,CUST-01105,Enterprise,annual,2026-03-26,2026-03-26,2026-04-30,CTR-01105-04,Renewed,137918.40,143058.60,5516.736000,-376.536000,Renewed with Uplift,0
CTR-01106-01,CUST-01106,Enterprise,annual,2024-03-02,2024-02-29,2024-03-31,CTR-01106-02,Renewed,115233.00,120390.12,4609.320000,547.800000,Renewed with Uplift,2
CTR-01106-02,CUST-01106,Enterprise,annual,2025-03-01,2025-02-28,2025-03-31,CTR-01106-03,Renewed,128115.60,128118.84,0.000000,3.240000,Renewed with Uplift,1
CTR-01106-03,CUST-01106,Enterprise,annual,2026-03-01,2026-02-28,2026-03-31,CTR-01106-04,Renewed,128118.84,133357.80,5124.753600,114.206400,Renewed with Uplift,1
CTR-01107-01,CUST-01107,Enterprise,multi_year,2026-04-27,2026-04-25,2026-05-31,CTR-01107-02,Renewed,193028.76,201571.08,7721.150400,821.169600,Renewed with Uplift,2
CTR-01108-01,CUST-01108,Enterprise,multi_year,2026-05-26,2026-05-25,2026-06-30,,Churned,407847.24,0.00,0.000000,0.000000,Churned,1
CTR-01110-01,CUST-01110,Enterprise,annual,2024-06-07,2024-06-03,2024-07-31,CTR-01110-02,Renewed,216688.68,210168.00,8667.547200,-15188.227200,Renewed with Contraction,4
CTR-01110-02,CUST-01110,Enterprise,annual,2025-06-07,2025-06-03,2025-07-31,CTR-01110-03,Renewed,224318.04,232801.44,8972.721600,-489.321600,Renewed with Uplift,4
CTR-01111-01,CUST-01111,Enterprise,annual,2024-07-16,2024-07-11,2024-08-31,,Churned,340061.88,0.00,0.000000,0.000000,Churned,5
CTR-01113-01,CUST-01113,Enterprise,annual,2024-09-28,2024-09-27,2024-10-31,,Churned,113261.40,0.00,0.000000,0.000000,Churned,1
CTR-01114-01,CUST-01114,Enterprise,annual,2024-10-03,2024-09-28,2024-10-31,CTR-01114-02,Renewed,113314.44,118202.88,4532.577600,355.862400,Renewed with Uplift,5
CTR-01114-02,CUST-01114,Enterprise,annual,2025-10-02,2025-09-28,2025-10-31,CTR-01114-03,Renewed,157706.16,118194.96,0.000000,-39511.200000,Renewed with Contraction,4
CTR-01115-01,CUST-01115,Enterprise,multi_year,2025-10-24,2025-10-21,2025-11-30,CTR-01115-02,Renewed,346687.92,361258.56,13867.516800,703.123200,Renewed with Uplift,3
CTR-01117-01,CUST-01117,Enterprise,multi_year,2025-12-25,2025-12-25,2026-01-31,CTR-01117-02,Renewed,220581.24,220580.88,0.000000,-0.360000,Renewed with Contraction,0
CTR-01119-01,CUST-01119,Enterprise,annual,2024-12-27,2024-12-27,2025-01-31,CTR-01119-02,Renewed,144410.04,151431.72,7220.502000,-198.822000,Renewed with Uplift,0
CTR-01119-02,CUST-01119,Enterprise,annual,2025-12-30,2025-12-27,2026-01-31,CTR-01119-03,Renewed,151431.72,156892.32,6057.268800,-596.668800,Renewed with Uplift,3
CTR-01120-01,CUST-01120,Enterprise,annual,2024-12-03,2024-11-30,2024-12-31,CTR-01120-02,Renewed,129426.72,133460.16,3882.801600,150.638400,Renewed with Uplift,3
CTR-01120-02,CUST-01120,Enterprise,annual,2025-12-03,2025-11-30,2025-12-31,CTR-01120-03,Renewed,133460.16,139890.12,6673.008000,-243.048000,Renewed with Uplift,3
CTR-01125-01,CUST-01125,SMB,annual,2025-02-02,2025-01-30,2025-02-28,,Churned,8211.72,0.00,0.000000,0.000000,Churned,3
CTR-01126-01,CUST-01126,SMB,annual,2025-01-12,2025-01-09,2025-02-28,CTR-01126-02,Renewed,7733.28,8088.60,386.664000,-31.344000,Renewed with Uplift,3
CTR-01126-02,CUST-01126,SMB,annual,2026-01-13,2026-01-09,2026-02-28,CTR-01126-03,Renewed,8088.60,8373.60,323.544000,-38.544000,Renewed with Uplift,4
CTR-01129-01,CUST-01129,SMB,annual,2025-01-05,2025-01-03,2025-02-28,CTR-01129-02,Renewed,15038.04,12299.52,601.521600,-3340.041600,Renewed with Contraction,2
CTR-01129-02,CUST-01129,SMB,annual,2026-01-06,2026-01-03,2026-02-28,CTR-01129-03,Renewed,17030.04,17578.68,510.901200,37.738800,Renewed with Uplift,3
CTR-01130-01,CUST-01130,SMB,annual,2025-01-25,2025-01-20,2025-02-28,CTR-01130-02,Renewed,9578.04,5386.08,0.000000,-4191.960000,Renewed with Contraction,5
CTR-01130-02,CUST-01130,SMB,annual,2026-01-24,2026-01-20,2026-02-28,CTR-01130-03,Renewed,5386.08,5386.32,0.000000,0.240000,Renewed with Uplift,4
CTR-01136-01,CUST-01136,SMB,annual,2025-02-05,2025-02-02,2025-03-31,,Churned,10249.20,0.00,0.000000,0.000000,Churned,3
CTR-01137-01,CUST-01137,SMB,annual,2025-02-28,2025-02-24,2025-03-31,CTR-01137-02,Renewed,2784.24,2920.32,139.212000,-3.132000,Renewed with Uplift,4
CTR-01137-02,CUST-01137,SMB,annual,2026-02-24,2026-02-24,2026-03-31,,Churned,3893.76,0.00,0.000000,0.000000,Churned,0
CTR-01138-01,CUST-01138,SMB,annual,2025-02-26,2025-02-21,2025-03-31,,Churned,5882.40,0.00,0.000000,0.000000,Churned,5
CTR-01146-01,CUST-01146,SMB,annual,2025-03-28,2025-03-24,2025-04-30,,Churned,9757.80,0.00,0.000000,0.000000,Churned,4
CTR-01151-01,CUST-01151,SMB,annual,2025-04-01,2025-03-27,2025-04-30,CTR-01151-02,Renewed,2812.32,1874.88,0.000000,-937.440000,Renewed with Contraction,5
CTR-01151-02,CUST-01151,SMB,annual,2026-03-28,2026-03-27,2026-04-30,,Churned,1874.88,0.00,0.000000,0.000000,Churned,1
CTR-01156-01,CUST-01156,SMB,annual,2025-03-26,2025-03-26,2025-04-30,CTR-01156-02,Renewed,5989.44,5989.68,0.000000,0.240000,Renewed with Uplift,0
CTR-01156-02,CUST-01156,SMB,annual,2026-03-27,2026-03-26,2026-04-30,CTR-01156-03,Renewed,5989.68,6179.64,179.690400,10.269600,Renewed with Uplift,1
CTR-01162-01,CUST-01162,SMB,annual,2025-04-21,2025-04-16,2025-05-31,,Churned,3648.72,0.00,0.000000,0.000000,Churned,5
CTR-01168-01,CUST-01168,SMB,annual,2025-04-23,2025-04-18,2025-05-31,,Churned,5808.24,0.00,0.000000,0.000000,Churned,5
CTR-01169-01,CUST-01169,SMB,annual,2025-04-02,2025-03-31,2025-04-30,,Churned,10420.56,0.00,0.000000,0.000000,Churned,2
CTR-01174-01,CUST-01174,SMB,annual,2025-05-21,2025-05-17,2025-06-30,CTR-01174-02,Renewed,4461.72,3943.20,133.851600,-652.371600,Renewed with Contraction,4
CTR-01174-02,CUST-01174,SMB,annual,2026-05-19,2026-05-17,2026-06-30,CTR-01174-03,Renewed,5520.48,4086.84,220.819200,-1654.459200,Renewed with Contraction,2
CTR-01177-01,CUST-01177,SMB,annual,2025-05-29,2025-05-29,2025-06-30,,Churned,6332.88,0.00,0.000000,0.000000,Churned,0
CTR-01180-01,CUST-01180,SMB,annual,2025-05-28,2025-05-28,2025-06-30,CTR-01180-02,Renewed,10788.24,11288.40,539.412000,-39.252000,Renewed with Uplift,0
CTR-01180-02,CUST-01180,SMB,annual,2026-06-02,2026-05-28,2026-06-30,CTR-01180-03,Renewed,11288.40,11853.00,564.420000,0.180000,Renewed with Uplift,5
CTR-01181-01,CUST-01181,SMB,annual,2025-05-20,2025-05-16,2025-06-30,,Churned,23795.88,0.00,0.000000,0.000000,Churned,4
CTR-01184-01,CUST-01184,SMB,annual,2025-06-14,2025-06-12,2025-07-31,,Churned,9831.72,0.00,0.000000,0.000000,Churned,2
CTR-01186-01,CUST-01186,SMB,annual,2025-06-25,2025-06-25,2025-07-31,CTR-01186-02,Renewed,24243.96,24244.08,0.000000,0.120000,Renewed with Uplift,0
CTR-01189-01,CUST-01189,SMB,annual,2025-06-20,2025-06-19,2025-07-31,,Churned,1240.56,0.00,0.000000,0.000000,Churned,1
CTR-01191-01,CUST-01191,SMB,annual,2025-06-30,2025-06-25,2025-07-31,CTR-01191-02,Renewed,9409.44,9749.52,376.377600,-36.297600,Renewed with Uplift,5
CTR-01194-01,CUST-01194,SMB,annual,2025-06-08,2025-06-07,2025-07-31,CTR-01194-02,Renewed,3869.76,4016.88,154.790400,-7.670400,Renewed with Uplift,1
CTR-01196-01,CUST-01196,SMB,annual,2025-06-24,2025-06-24,2025-07-31,CTR-01196-02,Renewed,11988.84,11989.32,0.000000,0.480000,Renewed with Uplift,0
CTR-01198-01,CUST-01198,SMB,annual,2025-07-29,2025-07-26,2025-08-31,CTR-01198-02,Renewed,3230.04,2675.16,129.201600,-684.081600,Renewed with Contraction,3
CTR-01206-01,CUST-01206,SMB,annual,2025-08-21,2025-08-21,2025-09-30,CTR-01206-02,Renewed,8438.52,8438.64,0.000000,0.120000,Renewed with Uplift,0
CTR-01207-01,CUST-01207,SMB,annual,2025-08-25,2025-08-22,2025-09-30,,Churned,11112.96,0.00,0.000000,0.000000,Churned,3
CTR-01212-01,CUST-01212,SMB,annual,2025-08-18,2025-08-17,2025-09-30,,Churned,10551.60,0.00,0.000000,0.000000,Churned,1
CTR-01214-01,CUST-01214,SMB,annual,2025-09-30,2025-09-29,2025-10-31,,Churned,4815.72,0.00,0.000000,0.000000,Churned,1
CTR-01215-01,CUST-01215,SMB,annual,2025-09-05,2025-09-02,2025-10-31,,Churned,2690.64,0.00,0.000000,0.000000,Churned,3
CTR-01229-01,CUST-01229,SMB,annual,2025-10-31,2025-10-28,2025-11-30,,Churned,12790.20,0.00,0.000000,0.000000,Churned,3
CTR-01230-01,CUST-01230,SMB,annual,2025-10-02,2025-10-02,2025-11-30,CTR-01230-02,Renewed,20600.04,15416.76,1030.002000,-6213.282000,Renewed with Contraction,0
CTR-01233-01,CUST-01233,SMB,annual,2025-11-01,2025-10-28,2025-11-30,,Churned,2691.72,0.00,0.000000,0.000000,Churned,4
CTR-01235-01,CUST-01235,SMB,annual,2025-10-18,2025-10-16,2025-11-30,CTR-01235-02,Renewed,9887.04,7391.76,494.352000,-2989.632000,Renewed with Contraction,2
CTR-01240-01,CUST-01240,SMB,annual,2025-11-25,2025-11-25,2025-12-31,CTR-01240-02,Renewed,10867.92,11313.84,434.716800,11.203200,Renewed with Uplift,0
CTR-01241-01,CUST-01241,SMB,annual,2025-11-05,2025-11-02,2025-12-31,,Churned,25258.32,0.00,0.000000,0.000000,Churned,3
CTR-01242-01,CUST-01242,SMB,annual,2025-11-28,2025-11-27,2025-12-31,CTR-01242-02,Renewed,11382.00,11733.60,341.460000,10.140000,Renewed with Uplift,1
CTR-01243-01,CUST-01243,SMB,annual,2025-11-20,2025-11-15,2025-12-31,CTR-01243-02,Renewed,12645.36,13263.60,632.268000,-14.028000,Renewed with Uplift,5
CTR-01248-01,CUST-01248,SMB,annual,2025-12-30,2025-12-29,2026-01-31,,Churned,4316.52,0.00,0.000000,0.000000,Churned,1
CTR-01252-01,CUST-01252,SMB,annual,2025-12-27,2025-12-23,2026-01-31,CTR-01252-02,Renewed,1278.60,1278.48,0.000000,-0.120000,Renewed with Contraction,4
CTR-01255-01,CUST-01255,SMB,annual,2025-12-19,2025-12-14,2026-01-31,,Churned,6700.32,0.00,0.000000,0.000000,Churned,5
CTR-01258-01,CUST-01258,SMB,annual,2025-12-28,2025-12-26,2026-01-31,,Churned,12604.80,0.00,0.000000,0.000000,Churned,2
CTR-01260-01,CUST-01260,SMB,annual,2025-12-25,2025-12-22,2026-01-31,CTR-01260-02,Renewed,7245.00,7593.36,362.250000,-13.890000,Renewed with Uplift,3
CTR-01262-01,CUST-01262,SMB,annual,2025-12-15,2025-12-11,2026-01-31,,Churned,14185.20,0.00,0.000000,0.000000,Churned,4
CTR-01266-01,CUST-01266,SMB,annual,2025-12-03,2025-11-30,2025-12-31,,Churned,15956.40,0.00,0.000000,0.000000,Churned,3
CTR-01267-01,CUST-01267,SMB,annual,2025-12-12,2025-12-07,2026-01-31,,Churned,5478.60,0.00,0.000000,0.000000,Churned,5
CTR-01270-01,CUST-01270,SMB,annual,2025-12-26,2025-12-21,2026-01-31,CTR-01270-02,Renewed,11386.68,8133.00,0.000000,-3253.680000,Renewed with Contraction,5
CTR-01272-01,CUST-01272,SMB,annual,2025-12-28,2025-12-27,2026-01-31,CTR-01272-02,Renewed,6183.12,5299.68,0.000000,-883.440000,Renewed with Contraction,1
CTR-01275-01,CUST-01275,Mid-Market,annual,2025-02-02,2025-01-29,2025-02-28,CTR-01275-02,Renewed,40212.96,42151.92,2010.648000,-71.688000,Renewed with Uplift,4
CTR-01275-02,CUST-01275,Mid-Market,annual,2026-02-01,2026-01-29,2026-02-28,CTR-01275-03,Renewed,48768.36,44016.48,1950.734400,-6702.614400,Renewed with Contraction,3
CTR-01276-01,CUST-01276,Mid-Market,annual,2025-01-31,2025-01-26,2025-02-28,,Churned,31149.36,0.00,0.000000,0.000000,Churned,5
CTR-01277-01,CUST-01277,Mid-Market,annual,2025-01-18,2025-01-17,2025-02-28,CTR-01277-02,Renewed,59259.36,51919.20,2962.968000,-10303.128000,Renewed with Contraction,1
CTR-01277-02,CUST-01277,Mid-Market,annual,2026-01-21,2026-01-17,2026-02-28,CTR-01277-03,Renewed,51919.20,54148.20,2076.768000,152.232000,Renewed with Uplift,4
CTR-01278-01,CUST-01278,Mid-Market,annual,2025-01-24,2025-01-19,2025-02-28,,Churned,69150.60,0.00,0.000000,0.000000,Churned,5
CTR-01279-01,CUST-01279,Mid-Market,annual,2025-02-23,2025-02-19,2025-03-31,CTR-01279-02,Renewed,128626.80,95682.60,5145.072000,-38089.272000,Renewed with Contraction,4
CTR-01279-02,CUST-01279,Mid-Market,annual,2026-02-22,2026-02-19,2026-03-31,CTR-01279-03,Renewed,133955.64,95687.52,0.000000,-38268.120000,Renewed with Contraction,3
CTR-01280-01,CUST-01280,Mid-Market,annual,2025-02-07,2025-02-06,2025-03-31,CTR-01280-02,Renewed,14124.96,14124.60,0.000000,-0.360000,Renewed with Contraction,1
CTR-01280-02,CUST-01280,Mid-Market,annual,2026-02-06,2026-02-06,2026-03-31,CTR-01280-03,Renewed,18362.04,19030.68,734.481600,-65.841600,Renewed with Uplift,0
CTR-01281-01,CUST-01281,Mid-Market,annual,2025-02-13,2025-02-09,2025-03-31,CTR-01281-02,Renewed,61756.08,55803.84,2470.243200,-8422.483200,Renewed with Contraction,4
CTR-01281-02,CUST-01281,Mid-Market,annual,2026-02-10,2026-02-09,2026-03-31,CTR-01281-03,Renewed,133463.16,104073.12,0.000000,-29390.040000,Renewed with Contraction,1
CTR-01282-01,CUST-01282,Mid-Market,annual,2025-02-08,2025-02-04,2025-03-31,CTR-01282-02,Renewed,42528.72,44239.80,1701.148800,9.931200,Renewed with Uplift,4
CTR-01282-02,CUST-01282,Mid-Market,annual,2026-02-09,2026-02-04,2026-03-31,CTR-01282-03,Renewed,61935.72,44242.20,0.000000,-17693.520000,Renewed with Contraction,5
CTR-01283-01,CUST-01283,Mid-Market,annual,2025-03-30,2025-03-27,2025-04-30,CTR-01283-02,Renewed,34434.00,25766.16,1721.700000,-10389.540000,Renewed with Contraction,3
CTR-01283-02,CUST-01283,Mid-Market,annual,2026-03-28,2026-03-27,2026-04-30,CTR-01283-03,Renewed,25766.16,21082.08,0.000000,-4684.080000,Renewed with Contraction,1
CTR-01284-01,CUST-01284,Mid-Market,annual,2025-04-01,2025-03-30,2025-04-30,CTR-01284-02,Renewed,18077.64,18078.00,0.000000,0.360000,Renewed with Uplift,2
CTR-01284-02,CUST-01284,Mid-Market,annual,2026-04-01,2026-03-30,2026-04-30,CTR-01284-03,Renewed,20337.72,21022.44,610.131600,74.588400,Renewed with Uplift,2
CTR-01285-01,CUST-01285,Mid-Market,annual,2025-03-13,2025-03-08,2025-04-30,CTR-01285-02,Renewed,103334.88,76106.64,3100.046400,-30328.286400,Renewed with Contraction,5
CTR-01285-02,CUST-01285,Mid-Market,annual,2026-03-09,2026-03-08,2026-04-30,CTR-01285-03,Renewed,76106.64,78393.24,2283.199200,3.400800,Renewed with Uplift,1
CTR-01286-01,CUST-01286,Mid-Market,annual,2025-04-01,2025-03-28,2025-04-30,CTR-01286-02,Renewed,27465.96,32553.84,1098.638400,3989.241600,Renewed with Uplift,4
CTR-01286-02,CUST-01286,Mid-Market,annual,2026-03-30,2026-03-28,2026-04-30,CTR-01286-03,Renewed,32553.84,33944.88,1302.153600,88.886400,Renewed with Uplift,2
CTR-01287-01,CUST-01287,Mid-Market,annual,2025-04-02,2025-03-29,2025-04-30,CTR-01287-02,Renewed,18212.88,19056.12,910.644000,-67.404000,Renewed with Uplift,4
CTR-01287-02,CUST-01287,Mid-Market,annual,2026-03-31,2026-03-29,2026-04-30,,Churned,28381.80,0.00,0.000000,0.000000,Churned,2
CTR-01288-01,CUST-01288,Mid-Market,annual,2025-04-27,2025-04-27,2025-05-31,,Churned,15685.68,0.00,0.000000,0.000000,Churned,0
CTR-01289-01,CUST-01289,Mid-Market,annual,2025-04-29,2025-04-24,2025-05-31,,Churned,10816.20,0.00,0.000000,0.000000,Churned,5
CTR-01291-01,CUST-01291,Mid-Market,annual,2025-05-26,2025-05-26,2025-06-30,CTR-01291-02,Renewed,20395.20,21078.12,611.856000,71.064000,Renewed with Uplift,0
CTR-01291-02,CUST-01291,Mid-Market,annual,2026-05-27,2026-05-26,2026-06-30,CTR-01291-03,Renewed,25293.72,26106.84,758.811600,54.308400,Renewed with Uplift,1
CTR-01292-01,CUST-01292,Mid-Market,annual,2025-05-19,2025-05-19,2025-06-30,CTR-01292-02,Renewed,62922.84,65099.52,1887.685200,288.994800,Renewed with Uplift,0
CTR-01292-02,CUST-01292,Mid-Market,annual,2026-05-20,2026-05-19,2026-06-30,CTR-01292-03,Renewed,65099.52,65102.04,0.000000,2.520000,Renewed with Uplift,1
CTR-01293-01,CUST-01293,Mid-Market,multi_year,2026-05-05,2026-05-04,2026-06-30,CTR-01293-02,Renewed,62843.52,65367.00,2513.740800,9.739200,Renewed with Uplift,1
CTR-01294-01,CUST-01294,Mid-Market,annual,2025-06-26,2025-06-24,2025-07-31,CTR-01294-02,Renewed,22809.84,23870.04,1140.492000,-80.292000,Renewed with Uplift,2
CTR-01295-01,CUST-01295,Mid-Market,annual,2025-06-07,2025-06-03,2025-07-31,CTR-01295-02,Renewed,24683.76,25815.24,1234.188000,-102.708000,Renewed with Uplift,4
CTR-01297-01,CUST-01297,Mid-Market,annual,2025-06-28,2025-06-28,2025-07-31,,Churned,28926.84,0.00,0.000000,0.000000,Churned,0
CTR-01298-01,CUST-01298,Mid-Market,annual,2025-07-26,2025-07-25,2025-08-31,CTR-01298-02,Renewed,231755.76,240681.48,9270.230400,-344.510400,Renewed with Uplift,1
CTR-01299-01,CUST-01299,Mid-Market,annual,2025-07-30,2025-07-25,2025-08-31,CTR-01299-02,Renewed,52555.56,39380.40,2627.778000,-15802.938000,Renewed with Contraction,5
CTR-01300-01,CUST-01300,Mid-Market,annual,2025-08-03,2025-07-30,2025-08-31,CTR-01300-02,Renewed,16175.16,16175.88,0.000000,0.720000,Renewed with Uplift,4
CTR-01301-01,CUST-01301,Mid-Market,annual,2025-08-30,2025-08-28,2025-09-30,CTR-01301-02,Renewed,68660.88,62807.16,3433.044000,-9286.764000,Renewed with Contraction,2
CTR-01302-01,CUST-01302,Mid-Market,annual,2025-08-25,2025-08-25,2025-09-30,,Churned,26710.20,0.00,0.000000,0.000000,Churned,0
CTR-01303-01,CUST-01303,Mid-Market,annual,2025-08-30,2025-08-27,2025-09-30,CTR-01303-02,Renewed,20216.16,8409.36,0.000000,-11806.800000,Renewed with Contraction,3
CTR-01304-01,CUST-01304,Mid-Market,annual,2025-09-30,2025-09-26,2025-10-31,CTR-01304-02,Renewed,29887.08,19599.36,0.000000,-10287.720000,Renewed with Contraction,4
CTR-01306-01,CUST-01306,Mid-Market,annual,2025-09-29,2025-09-27,2025-10-31,CTR-01306-02,Renewed,35697.72,18717.72,1784.886000,-18764.886000,Renewed with Contraction,2
CTR-01307-01,CUST-01307,Mid-Market,annual,2025-10-31,2025-10-28,2025-11-30,CTR-01307-02,Renewed,70279.56,73593.72,3513.978000,-199.818000,Renewed with Uplift,3
CTR-01308-01,CUST-01308,Mid-Market,annual,2025-10-06,2025-10-01,2025-11-30,,Churned,28781.28,0.00,0.000000,0.000000,Churned,5
CTR-01309-01,CUST-01309,Mid-Market,annual,2025-10-23,2025-10-19,2025-11-30,CTR-01309-02,Renewed,62541.36,54393.48,2501.654400,-10649.534400,Renewed with Contraction,4
CTR-01310-01,CUST-01310,Mid-Market,annual,2025-11-09,2025-11-08,2025-12-31,CTR-01310-02,Renewed,32304.48,32306.28,0.000000,1.800000,Renewed with Uplift,1
CTR-01311-01,CUST-01311,Mid-Market,annual,2025-11-23,2025-11-22,2025-12-31,,Churned,16800.36,0.00,0.000000,0.000000,Churned,1
CTR-01312-01,CUST-01312,Mid-Market,annual,2025-12-01,2025-11-29,2025-12-31,CTR-01312-02,Renewed,57667.32,45736.08,0.000000,-11931.240000,Renewed with Contraction,2
CTR-01313-01,CUST-01313,Mid-Market,annual,2025-11-04,2025-11-03,2025-12-31,,Churned,28462.08,0.00,0.000000,0.000000,Churned,1
CTR-01314-01,CUST-01314,Mid-Market,annual,2026-01-04,2025-12-30,2026-01-31,CTR-01314-02,Renewed,57797.76,49517.88,1733.932800,-10013.812800,Renewed with Contraction,5
CTR-01315-01,CUST-01315,Mid-Market,annual,2025-12-25,2025-12-24,2026-01-31,CTR-01315-02,Renewed,76283.28,79200.96,3051.331200,-133.651200,Renewed with Uplift,1
CTR-01316-01,CUST-01316,Mid-Market,annual,2025-12-29,2025-12-29,2026-01-31,CTR-01316-02,Renewed,55909.56,39934.32,0.000000,-15975.240000,Renewed with Contraction,0
CTR-01318-01,CUST-01318,Mid-Market,annual,2025-12-29,2025-12-28,2026-01-31,CTR-01318-02,Renewed,44841.00,28179.12,1793.640000,-18455.520000,Renewed with Contraction,1
CTR-01319-01,CUST-01319,Mid-Market,annual,2025-12-29,2025-12-29,2026-01-31,CTR-01319-02,Renewed,61200.84,61198.80,0.000000,-2.040000,Renewed with Contraction,0
CTR-01320-01,CUST-01320,Mid-Market,annual,2025-12-30,2025-12-28,2026-01-31,CTR-01320-02,Renewed,28091.76,13409.04,1123.670400,-15806.390400,Renewed with Contraction,2
CTR-01321-01,CUST-01321,Mid-Market,annual,2025-12-13,2025-12-08,2026-01-31,CTR-01321-02,Renewed,70842.60,55079.28,2833.704000,-18597.024000,Renewed with Contraction,5
CTR-01325-01,CUST-01325,Enterprise,multi_year,2026-04-15,2026-04-14,2026-05-31,CTR-01325-02,Renewed,137640.96,94326.60,0.000000,-43314.360000,Renewed with Contraction,1
CTR-01326-01,CUST-01326,Enterprise,multi_year,2026-05-14,2026-05-13,2026-06-30,CTR-01326-02,Renewed,185658.12,191728.32,5569.743600,500.456400,Renewed with Uplift,1
CTR-01327-01,CUST-01327,Enterprise,annual,2025-06-08,2025-06-05,2025-07-31,CTR-01327-02,Renewed,272317.92,283143.36,10892.716800,-67.276800,Renewed with Uplift,3
CTR-01328-01,CUST-01328,Enterprise,annual,2025-09-28,2025-09-24,2025-10-31,CTR-01328-02,Renewed,188053.80,194651.28,7522.152000,-924.672000,Renewed with Uplift,4
CTR-01329-01,CUST-01329,Enterprise,annual,2025-10-27,2025-10-25,2025-11-30,,Churned,252620.64,0.00,0.000000,0.000000,Churned,2
CTR-01333-01,CUST-01333,SMB,annual,2026-02-01,2026-01-27,2026-02-28,CTR-01333-02,Renewed,11547.36,8543.04,461.894400,-3466.214400,Renewed with Contraction,5
CTR-01335-01,CUST-01335,SMB,annual,2026-01-11,2026-01-06,2026-02-28,,Churned,13542.36,0.00,0.000000,0.000000,Churned,5
CTR-01336-01,CUST-01336,SMB,annual,2026-01-30,2026-01-28,2026-02-28,CTR-01336-02,Renewed,6046.08,6285.12,241.843200,-2.803200,Renewed with Uplift,2
CTR-01338-01,CUST-01338,SMB,annual,2026-01-09,2026-01-09,2026-02-28,,Churned,17056.56,0.00,0.000000,0.000000,Churned,0
CTR-01350-01,CUST-01350,SMB,annual,2026-02-02,2026-02-01,2026-03-31,,Churned,17188.56,0.00,0.000000,0.000000,Churned,1
CTR-01353-01,CUST-01353,SMB,annual,2026-03-01,2026-02-24,2026-03-31,CTR-01353-02,Renewed,8474.76,8474.52,0.000000,-0.240000,Renewed with Contraction,5
CTR-01355-01,CUST-01355,SMB,annual,2026-02-02,2026-02-02,2026-03-31,CTR-01355-02,Renewed,8283.00,8645.40,331.320000,31.080000,Renewed with Uplift,0
CTR-01358-01,CUST-01358,SMB,annual,2026-02-13,2026-02-08,2026-03-31,CTR-01358-02,Renewed,37220.40,38356.80,1116.612000,19.788000,Renewed with Uplift,5
CTR-01359-01,CUST-01359,SMB,annual,2026-03-28,2026-03-28,2026-04-30,,Churned,15454.68,0.00,0.000000,0.000000,Churned,0
CTR-01370-01,CUST-01370,SMB,annual,2026-03-22,2026-03-22,2026-04-30,CTR-01370-02,Renewed,10592.64,7566.48,0.000000,-3026.160000,Renewed with Contraction,0
CTR-01371-01,CUST-01371,SMB,annual,2026-03-26,2026-03-25,2026-04-30,CTR-01371-02,Renewed,3644.88,3772.80,145.795200,-17.875200,Renewed with Uplift,1
CTR-01379-01,CUST-01379,SMB,annual,2026-03-28,2026-03-27,2026-04-30,CTR-01379-02,Renewed,13404.60,14008.80,670.230000,-66.030000,Renewed with Uplift,1
CTR-01384-01,CUST-01384,SMB,annual,2026-05-01,2026-04-28,2026-05-31,CTR-01384-02,Renewed,11591.64,11592.36,0.000000,0.720000,Renewed with Uplift,3
CTR-01389-01,CUST-01389,SMB,annual,2026-04-30,2026-04-28,2026-05-31,,Churned,3684.72,0.00,0.000000,0.000000,Churned,2
CTR-01393-01,CUST-01393,SMB,annual,2026-05-26,2026-05-26,2026-06-30,,Churned,13142.16,0.00,0.000000,0.000000,Churned,0
CTR-01395-01,CUST-01395,SMB,annual,2026-05-15,2026-05-11,2026-06-30,CTR-01395-02,Renewed,9000.48,9287.88,270.014400,17.385600,Renewed with Uplift,4
CTR-01402-01,CUST-01402,SMB,annual,2026-05-23,2026-05-18,2026-06-30,CTR-01402-02,Renewed,3597.60,3713.28,107.928000,7.752000,Renewed with Uplift,5
CTR-01405-01,CUST-01405,SMB,annual,2026-05-31,2026-05-29,2026-06-30,CTR-01405-02,Renewed,12285.48,8775.36,0.000000,-3510.120000,Renewed with Contraction,2
CTR-01412-01,CUST-01412,SMB,annual,2026-06-03,2026-05-31,2026-06-30,CTR-01412-02,Renewed,14918.16,13349.76,0.000000,-1568.400000,Renewed with Contraction,3
CTR-01511-01,CUST-01511,Mid-Market,annual,2026-01-31,2026-01-26,2026-02-28,CTR-01511-02,Renewed,50924.88,38940.24,0.000000,-11984.640000,Renewed with Contraction,5
CTR-01512-01,CUST-01512,Mid-Market,annual,2026-01-29,2026-01-29,2026-02-28,CTR-01512-02,Renewed,48958.68,50846.52,1958.347200,-70.507200,Renewed with Uplift,0
CTR-01513-01,CUST-01513,Mid-Market,annual,2026-01-25,2026-01-25,2026-02-28,CTR-01513-02,Renewed,26440.56,23274.12,0.000000,-3166.440000,Renewed with Contraction,0
CTR-01514-01,CUST-01514,Mid-Market,annual,2026-01-26,2026-01-25,2026-02-28,CTR-01514-02,Renewed,117598.44,80986.20,5879.922000,-42492.162000,Renewed with Contraction,1
CTR-01516-01,CUST-01516,Mid-Market,annual,2026-02-23,2026-02-22,2026-03-31,,Churned,77279.88,0.00,0.000000,0.000000,Churned,1
CTR-01518-01,CUST-01518,Mid-Market,annual,2026-02-04,2026-02-04,2026-03-31,CTR-01518-02,Renewed,35792.52,28974.12,0.000000,-6818.400000,Renewed with Contraction,0
CTR-01520-01,CUST-01520,Mid-Market,annual,2026-03-01,2026-02-28,2026-03-31,CTR-01520-02,Renewed,99385.56,102740.88,2981.566800,373.753200,Renewed with Uplift,1
CTR-01522-01,CUST-01522,Mid-Market,annual,2026-03-23,2026-03-19,2026-04-30,CTR-01522-02,Renewed,110940.36,115363.56,4437.614400,-14.414400,Renewed with Uplift,4
CTR-01523-01,CUST-01523,Mid-Market,annual,2026-03-28,2026-03-25,2026-04-30,,Churned,50100.24,0.00,0.000000,0.000000,Churned,3
CTR-01524-01,CUST-01524,Mid-Market,annual,2026-04-27,2026-04-27,2026-05-31,CTR-01524-02,Renewed,147444.72,192750.12,7372.236000,37933.164000,Renewed with Uplift,0
CTR-01525-01,CUST-01525,Mid-Market,annual,2026-04-21,2026-04-21,2026-05-31,CTR-01525-02,Renewed,21469.08,22395.36,858.763200,67.516800,Renewed with Uplift,0
CTR-01526-01,CUST-01526,Mid-Market,annual,2026-05-01,2026-04-29,2026-05-31,CTR-01526-02,Renewed,94866.00,98613.48,3794.640000,-47.160000,Renewed with Uplift,2
CTR-01527-01,CUST-01527,Mid-Market,annual,2026-05-26,2026-05-25,2026-06-30,CTR-01527-02,Renewed,50170.68,51738.84,1505.120400,63.039600,Renewed with Uplift,1
CTR-01529-01,CUST-01529,Mid-Market,annual,2026-05-19,2026-05-17,2026-06-30,CTR-01529-02,Renewed,74289.24,69917.76,0.000000,-4371.480000,Renewed with Contraction,2
CTR-01533-01,CUST-01533,Mid-Market,annual,2026-06-02,2026-05-31,2026-06-30,CTR-01533-02,Renewed,83567.28,98613.96,0.000000,15046.680000,Renewed with Uplift,2
CTR-01558-01,CUST-01558,Enterprise,annual,2026-02-04,2026-01-30,2026-02-28,CTR-01558-02,Renewed,497831.28,500789.88,19913.251200,-16954.651200,Renewed with Uplift,5
CTR-01559-01,CUST-01559,Enterprise,annual,2026-02-05,2026-02-01,2026-03-31,CTR-01559-02,Renewed,126450.24,131829.12,5058.009600,320.870400,Renewed with Uplift,4
CTR-01560-01,CUST-01560,Enterprise,annual,2026-03-14,2026-03-14,2026-04-30,CTR-01560-02,Renewed,99749.04,89658.12,0.000000,-10090.920000,Renewed with Contraction,0
