variant,variant_order,useful_life_months,deal_type_eligibility_split,path,month_end_date,fiscal_year,commission_earned,immediate_expense,capitalised_amount,amortisation,gaap_commission_expense,ending_commission_asset,is_actual
Deal-type eligibility sensitivity - 36 months,4,36,true,Base,2024-01-31,2024,29264.806800000002,32.9442,29231.8626,811.9961833333333,844.9403833333333,28419.866416666668,true
Deal-type eligibility sensitivity - 36 months,4,36,true,Base,2024-02-29,2024,43091.9502,970.9904999999999,42120.9597,1982.0228416666664,2953.0133416666663,68558.803275,true
Deal-type eligibility sensitivity - 36 months,4,36,true,Base,2024-03-31,2024,80616.4647,917.847,79698.6177,4195.873333333333,5113.720333333333,144061.54764166666,true
Deal-type eligibility sensitivity - 36 months,4,36,true,Base,2024-04-30,2024,48675.9831,282.02639999999997,48393.956699999995,5540.149908333333,5822.176308333333,186915.35443333333,true
Deal-type eligibility sensitivity - 36 months,4,36,true,Base,2024-05-31,2024,76380.9684,237.08579999999998,76143.8826,7655.257758333333,7892.343558333333,255403.979275,true
Deal-type eligibility sensitivity - 36 months,4,36,true,Base,2024-06-30,2024,40940.9073,907.5827999999999,40033.3245,8767.294549999999,9674.877349999999,286670.009225,true
Deal-type eligibility sensitivity - 36 months,4,36,true,Base,2024-07-31,2024,23145.6615,301.58669999999995,22844.0748,9401.852183333333,9703.438883333332,300112.2318416666,true
Deal-type eligibility sensitivity - 36 months,4,36,true,Base,2024-08-31,2024,49222.0575,374.571,48847.4865,10758.726808333333,11133.297808333333,338200.9915333333,true
Deal-type eligibility sensitivity - 36 months,4,36,true,Base,2024-09-30,2024,39955.9515,508.98209999999995,39446.9694,11854.475958333333,12363.458058333332,365793.48497499997,true
Deal-type eligibility sensitivity - 36 months,4,36,true,Base,2024-10-31,2024,38229.6792,323.5131,37906.1661,12907.425016666666,13230.938116666666,390792.2260583333,true
Deal-type eligibility sensitivity - 36 months,4,36,true,Base,2024-11-30,2024,66653.70989999999,540.4797,66113.23019999999,14743.903633333332,15284.383333333331,442161.55262499995,true
Deal-type eligibility sensitivity - 36 months,4,36,true,Base,2024-12-31,2024,121994.9343,943.5612,121051.3731,18106.441775,19050.002975,545106.4839499999,true
Deal-type eligibility sensitivity - 36 months,4,36,true,Base,2025-01-31,2025,85339.689,872.2845,84467.4045,20452.758566666667,21325.04306666667,609121.1298833332,true
Deal-type eligibility sensitivity - 36 months,4,36,true,Base,2025-02-28,2025,57001.5375,1021.3634999999999,55980.174,22007.763400000003,23029.126900000003,643093.5404833332,true
Deal-type eligibility sensitivity - 36 months,4,36,true,Base,2025-03-31,2025,57146.47379999999,623.0943,56523.379499999995,23577.857275000002,24200.951575000003,676039.0627083331,true
Deal-type eligibility sensitivity - 36 months,4,36,true,Base,2025-04-30,2025,58565.10209999999,646.7175,57918.38459999999,25186.701291666668,25833.418791666667,708770.7460166664,true
Deal-type eligibility sensitivity - 36 months,4,36,true,Base,2025-05-31,2025,35813.6487,540.4044,35273.2443,26166.513633333336,26706.918033333335,717877.476683333,true
Deal-type eligibility sensitivity - 36 months,4,36,true,Base,2025-06-30,2025,59524.8819,627.2742,58897.6077,27802.558291666668,28429.832491666668,748972.5260916664,true
Deal-type eligibility sensitivity - 36 months,4,36,true,Base,2025-07-31,2025,29906.150400000002,574.6545,29331.4959,28617.322066666668,29191.976566666668,749686.6999249997,true
Deal-type eligibility sensitivity - 36 months,4,36,true,Base,2025-08-31,2025,38775.2583,277.806,38497.452300000004,29686.695741666666,29964.501741666667,758497.456483333,true
Deal-type eligibility sensitivity - 36 months,4,36,true,Base,2025-09-30,2025,67163.808,638.2338,66525.5742,31534.62835833333,32172.86215833333,793488.4023249997,true
Deal-type eligibility sensitivity - 36 months,4,36,true,Base,2025-10-31,2025,43416.6591,797.574,42619.0851,32718.49183333333,33516.06583333333,803388.9955916663,true
Deal-type eligibility sensitivity - 36 months,4,36,true,Base,2025-11-30,2025,103831.698,1363.4030999999998,102468.29490000001,35564.83335833333,36928.23645833333,870292.457133333,true
Deal-type eligibility sensitivity - 36 months,4,36,true,Base,2025-12-31,2025,73351.2321,2110.3653,71240.86679999999,37543.74632499999,39654.11162499999,903989.577608333,true
Deal-type eligibility sensitivity - 36 months,4,36,true,Base,2026-01-31,2026,44214.5802,1725.6467999999998,42488.933399999994,38723.994475,40449.641275,907754.516533333,true
Deal-type eligibility sensitivity - 36 months,4,36,true,Base,2026-02-28,2026,37999.94999999999,727.9695,37271.98049999999,39759.32726666667,40487.29676666667,905267.1697666664,true
Deal-type eligibility sensitivity - 36 months,4,36,true,Base,2026-03-31,2026,49128.0591,846.3537,48281.7054,41100.48575,41946.83945,912448.3894166664,true
Deal-type eligibility sensitivity - 36 months,4,36,true,Base,2026-04-30,2026,84928.4301,502.386,84426.0441,43445.653641666664,43948.03964166666,953428.7798749997,true
Deal-type eligibility sensitivity - 36 months,4,36,true,Base,2026-05-31,2026,60401.9679,518.1891,59883.7788,45109.091941666666,45627.28104166667,968203.466733333,true
Deal-type eligibility sensitivity - 36 months,4,36,true,Base,2026-06-30,2026,70471.7556,831.3341999999999,69640.4214,47043.54809166667,47874.88229166667,990800.3400416663,true
Deal-type eligibility sensitivity - 36 months,4,36,true,Base,2026-07-31,2026,65021.82221443437,0.0,65021.82221443437,48849.709819845404,48849.709819845404,1006972.4524362553,false
Deal-type eligibility sensitivity - 36 months,4,36,true,Base,2026-08-31,2026,37950.09842104734,0.0,37950.09842104734,49903.87922043005,49903.87922043005,995018.6716368727,false
Deal-type eligibility sensitivity - 36 months,4,36,true,Base,2026-09-30,2026,31784.11508603621,0.0,31784.11508603621,50786.77130615327,50786.77130615327,976016.0154167556,false
Deal-type eligibility sensitivity - 36 months,4,36,true,Base,2026-10-31,2026,31864.20432081882,0.0,31864.20432081882,51671.88809284268,51671.88809284268,956208.3316447317,false
Deal-type eligibility sensitivity - 36 months,4,36,true,Base,2026-11-30,2026,62433.46111569464,0.0,62433.46111569464,53406.15090161198,53406.15090161198,965235.6418588144,false
Deal-type eligibility sensitivity - 36 months,4,36,true,Base,2026-12-31,2026,62475.4798398557,0.0,62475.4798398557,55141.58089716353,55141.58089716353,972569.5408015066,false
Deal-type eligibility sensitivity - 36 months,4,36,true,Base,2027-01-31,2027,62475.4798398557,0.0,62475.4798398557,56065.014709381736,56065.014709381736,978980.0059319806,false
Deal-type eligibility sensitivity - 36 months,4,36,true,Base,2027-02-28,2027,62283.76452324122,0.0,62283.76452324122,56625.092621138436,56625.092621138436,984638.6778340833,false
Deal-type eligibility sensitivity - 36 months,4,36,true,Base,2027-03-31,2027,62066.415110500864,0.0,62066.415110500864,56135.30921587458,56135.30921587458,990569.7837287096,false
Deal-type eligibility sensitivity - 36 months,4,36,true,Base,2027-04-30,2027,61854.45159472648,0.0,61854.45159472648,56509.2118518392,56509.2118518392,995915.0234715969,false
Deal-type eligibility sensitivity - 36 months,4,36,true,Base,2027-05-31,2027,61647.74051392356,0.0,61647.74051392356,56106.54123833708,56106.54123833708,1001456.2227471834,false
Deal-type eligibility sensitivity - 36 months,4,36,true,Base,2027-06-30,2027,61446.15171327262,0.0,61446.15171327262,56701.34199426132,56701.34199426132,1006201.0324661947,false
Deal-type eligibility sensitivity - 36 months,4,36,true,Base,2027-07-31,2027,61249.55826317778,0.0,61249.55826317778,57768.16097934959,57768.16097934959,1009682.429750023,false
Deal-type eligibility sensitivity - 36 months,4,36,true,Base,2027-08-31,2027,61057.83637934596,0.0,61057.83637934596,58107.337364886975,58107.337364886975,1012632.9287644819,false
Deal-type eligibility sensitivity - 36 months,4,36,true,Base,2027-09-30,2027,60870.865344846636,0.0,60870.865344846636,58702.44558557716,58702.44558557716,1014801.3485237514,false
Deal-type eligibility sensitivity - 36 months,4,36,true,Base,2027-10-31,2027,60688.527434102914,0.0,60688.527434102914,59335.288955968914,59335.288955968914,1016154.5870018854,false
Deal-type eligibility sensitivity - 36 months,4,36,true,Base,2027-11-30,2027,60510.70783876605,0.0,60510.70783876605,59179.66333482352,59179.66333482352,1017485.6315058279,false
Deal-type eligibility sensitivity - 36 months,4,36,true,Base,2027-12-31,2027,60337.294595426814,0.0,60337.294595426814,57493.16115414094,57493.16115414094,1020329.7649471138,false
Deal-type eligibility sensitivity - 36 months,4,36,true,Base_FullClose,2024-01-31,2024,29264.806800000002,32.9442,29231.8626,811.9961833333333,844.9403833333333,28419.866416666668,true
Deal-type eligibility sensitivity - 36 months,4,36,true,Base_FullClose,2024-02-29,2024,43091.9502,970.9904999999999,42120.9597,1982.0228416666664,2953.0133416666663,68558.803275,true
Deal-type eligibility sensitivity - 36 months,4,36,true,Base_FullClose,2024-03-31,2024,80616.4647,917.847,79698.6177,4195.873333333333,5113.720333333333,144061.54764166666,true
Deal-type eligibility sensitivity - 36 months,4,36,true,Base_FullClose,2024-04-30,2024,48675.9831,282.02639999999997,48393.956699999995,5540.149908333334,5822.1763083333335,186915.35443333333,true
Deal-type eligibility sensitivity - 36 months,4,36,true,Base_FullClose,2024-05-31,2024,76380.9684,237.08579999999998,76143.8826,7655.257758333333,7892.343558333333,255403.979275,true
Deal-type eligibility sensitivity - 36 months,4,36,true,Base_FullClose,2024-06-30,2024,40940.9073,907.5827999999999,40033.3245,8767.294549999999,9674.877349999999,286670.009225,true
Deal-type eligibility sensitivity - 36 months,4,36,true,Base_FullClose,2024-07-31,2024,23145.6615,301.58669999999995,22844.0748,9401.852183333333,9703.438883333332,300112.2318416666,true
Deal-type eligibility sensitivity - 36 months,4,36,true,Base_FullClose,2024-08-31,2024,49222.0575,374.571,48847.4865,10758.726808333333,11133.297808333333,338200.9915333333,true
Deal-type eligibility sensitivity - 36 months,4,36,true,Base_FullClose,2024-09-30,2024,39955.9515,508.98209999999995,39446.9694,11854.475958333333,12363.458058333332,365793.48497499997,true
Deal-type eligibility sensitivity - 36 months,4,36,true,Base_FullClose,2024-10-31,2024,38229.6792,323.5131,37906.1661,12907.425016666664,13230.938116666664,390792.2260583333,true
Deal-type eligibility sensitivity - 36 months,4,36,true,Base_FullClose,2024-11-30,2024,66653.70989999999,540.4797,66113.23019999999,14743.903633333333,15284.383333333333,442161.55262499995,true
Deal-type eligibility sensitivity - 36 months,4,36,true,Base_FullClose,2024-12-31,2024,121994.9343,943.5612,121051.3731,18106.441775,19050.002975,545106.4839499999,true
Deal-type eligibility sensitivity - 36 months,4,36,true,Base_FullClose,2025-01-31,2025,85339.689,872.2845,84467.4045,20452.758566666667,21325.04306666667,609121.1298833332,true
Deal-type eligibility sensitivity - 36 months,4,36,true,Base_FullClose,2025-02-28,2025,57001.5375,1021.3634999999999,55980.174,22007.7634,23029.1269,643093.5404833332,true
Deal-type eligibility sensitivity - 36 months,4,36,true,Base_FullClose,2025-03-31,2025,57146.47379999999,623.0943,56523.379499999995,23577.857275,24200.951575,676039.0627083331,true
Deal-type eligibility sensitivity - 36 months,4,36,true,Base_FullClose,2025-04-30,2025,58565.10209999999,646.7175,57918.38459999999,25186.701291666664,25833.418791666663,708770.7460166664,true
Deal-type eligibility sensitivity - 36 months,4,36,true,Base_FullClose,2025-05-31,2025,35813.6487,540.4044,35273.2443,26166.513633333332,26706.91803333333,717877.476683333,true
Deal-type eligibility sensitivity - 36 months,4,36,true,Base_FullClose,2025-06-30,2025,59524.8819,627.2742,58897.6077,27802.558291666664,28429.832491666664,748972.5260916664,true
Deal-type eligibility sensitivity - 36 months,4,36,true,Base_FullClose,2025-07-31,2025,29906.150400000002,574.6545,29331.4959,28617.322066666664,29191.976566666664,749686.6999249997,true
Deal-type eligibility sensitivity - 36 months,4,36,true,Base_FullClose,2025-08-31,2025,38775.2583,277.806,38497.452300000004,29686.695741666663,29964.501741666663,758497.456483333,true
Deal-type eligibility sensitivity - 36 months,4,36,true,Base_FullClose,2025-09-30,2025,67163.808,638.2338,66525.5742,31534.628358333324,32172.862158333322,793488.4023249997,true
Deal-type eligibility sensitivity - 36 months,4,36,true,Base_FullClose,2025-10-31,2025,43416.6591,797.574,42619.0851,32718.49183333333,33516.06583333333,803388.9955916663,true
Deal-type eligibility sensitivity - 36 months,4,36,true,Base_FullClose,2025-11-30,2025,103831.698,1363.4030999999998,102468.29490000001,35564.83335833333,36928.23645833333,870292.457133333,true
Deal-type eligibility sensitivity - 36 months,4,36,true,Base_FullClose,2025-12-31,2025,73351.2321,2110.3653,71240.86679999999,37543.746325,39654.111625,903989.577608333,true
Deal-type eligibility sensitivity - 36 months,4,36,true,Base_FullClose,2026-01-31,2026,44214.5802,1725.6467999999998,42488.933399999994,38723.99447499999,40449.641274999994,907754.516533333,true
Deal-type eligibility sensitivity - 36 months,4,36,true,Base_FullClose,2026-02-28,2026,37999.94999999999,727.9695,37271.98049999999,39759.32726666666,40487.29676666666,905267.1697666664,true
Deal-type eligibility sensitivity - 36 months,4,36,true,Base_FullClose,2026-03-31,2026,49128.0591,846.3537,48281.7054,41100.48574999999,41946.83944999999,912448.3894166664,true
Deal-type eligibility sensitivity - 36 months,4,36,true,Base_FullClose,2026-04-30,2026,84928.4301,502.386,84426.0441,43445.65364166666,43948.039641666655,953428.7798749997,true
Deal-type eligibility sensitivity - 36 months,4,36,true,Base_FullClose,2026-05-31,2026,60401.9679,518.1891,59883.7788,45109.09194166666,45627.28104166666,968203.466733333,true
Deal-type eligibility sensitivity - 36 months,4,36,true,Base_FullClose,2026-06-30,2026,70471.7556,831.3341999999999,69640.4214,47043.548091666664,47874.88229166666,990800.3400416663,true
Deal-type eligibility sensitivity - 36 months,4,36,true,Base_FullClose,2026-07-31,2026,65021.82221443437,0.0,65021.82221443437,48849.7098198454,48849.7098198454,1006972.4524362553,false
Deal-type eligibility sensitivity - 36 months,4,36,true,Base_FullClose,2026-08-31,2026,37950.09842104734,0.0,37950.09842104734,49903.87922043004,49903.87922043004,995018.6716368727,false
Deal-type eligibility sensitivity - 36 months,4,36,true,Base_FullClose,2026-09-30,2026,31784.11508603621,0.0,31784.11508603621,50786.77130615327,50786.77130615327,976016.0154167556,false
Deal-type eligibility sensitivity - 36 months,4,36,true,Base_FullClose,2026-10-31,2026,31864.20432081882,0.0,31864.20432081882,51671.88809284268,51671.88809284268,956208.3316447317,false
Deal-type eligibility sensitivity - 36 months,4,36,true,Base_FullClose,2026-11-30,2026,62475.4798398557,0.0,62475.4798398557,53407.31808839423,53407.31808839423,965276.4933961931,false
Deal-type eligibility sensitivity - 36 months,4,36,true,Base_FullClose,2026-12-31,2026,62475.4798398557,0.0,62475.4798398557,55142.74808394578,55142.74808394578,972609.2251521031,false
Deal-type eligibility sensitivity - 36 months,4,36,true,Base_FullClose,2027-01-31,2027,62475.4798398557,0.0,62475.4798398557,56066.181896163995,56066.181896163995,979018.5230957948,false
Deal-type eligibility sensitivity - 36 months,4,36,true,Base_FullClose,2027-02-28,2027,62475.4798398557,0.0,62475.4798398557,56631.5852333822,56631.5852333822,984862.4177022683,false
Deal-type eligibility sensitivity - 36 months,4,36,true,Base_FullClose,2027-03-31,2027,62475.4798398557,0.0,62475.4798398557,56153.164737267085,56153.164737267085,991184.732804857,false
Deal-type eligibility sensitivity - 36 months,4,36,true,Base_FullClose,2027-04-30,2027,62475.4798398557,0.0,62475.4798398557,56544.318157818634,56544.318157818634,997115.894486894,false
Deal-type eligibility sensitivity - 36 months,4,36,true,Base_FullClose,2027-05-31,2027,62475.4798398557,0.0,62475.4798398557,56164.64030337018,56164.64030337018,1003426.7340233795,false
Deal-type eligibility sensitivity - 36 months,4,36,true,Base_FullClose,2027-06-30,2027,62475.4798398557,0.0,62475.4798398557,56788.033507255066,56788.033507255066,1009114.1803559802,false
Deal-type eligibility sensitivity - 36 months,4,36,true,Base_FullClose,2027-07-31,2027,62475.4798398557,0.0,62475.4798398557,57888.90586947328,57888.90586947328,1013700.7543263626,false
Deal-type eligibility sensitivity - 36 months,4,36,true,Base_FullClose,2027-08-31,2027,62475.4798398557,0.0,62475.4798398557,58267.46124002482,58267.46124002482,1017908.7729261935,false
Deal-type eligibility sensitivity - 36 months,4,36,true,Base_FullClose,2027-09-30,2027,62475.4798398557,0.0,62475.4798398557,58907.14208557637,58907.14208557637,1021477.1106804729,false
Deal-type eligibility sensitivity - 36 months,4,36,true,Base_FullClose,2027-10-31,2027,62475.4798398557,0.0,62475.4798398557,59589.623022794585,59589.623022794585,1024362.967497534,false
Deal-type eligibility sensitivity - 36 months,4,36,true,Base_FullClose,2027-11-30,2027,62475.4798398557,0.0,62475.4798398557,59488.57440167946,59488.57440167946,1027349.8729357102,false
Deal-type eligibility sensitivity - 36 months,4,36,true,Base_FullClose,2027-12-31,2027,62475.4798398557,0.0,62475.4798398557,57861.466255564344,57861.466255564344,1031963.8865200016,false
Deal-type eligibility sensitivity - 36 months,4,36,true,Base_Targeted,2024-01-31,2024,29264.806800000002,32.9442,29231.8626,811.9961833333333,844.9403833333333,28419.866416666668,true
Deal-type eligibility sensitivity - 36 months,4,36,true,Base_Targeted,2024-02-29,2024,43091.9502,970.9904999999999,42120.9597,1982.0228416666664,2953.0133416666663,68558.803275,true
Deal-type eligibility sensitivity - 36 months,4,36,true,Base_Targeted,2024-03-31,2024,80616.4647,917.847,79698.6177,4195.873333333333,5113.720333333333,144061.54764166666,true
Deal-type eligibility sensitivity - 36 months,4,36,true,Base_Targeted,2024-04-30,2024,48675.9831,282.02639999999997,48393.956699999995,5540.149908333333,5822.176308333333,186915.35443333333,true
Deal-type eligibility sensitivity - 36 months,4,36,true,Base_Targeted,2024-05-31,2024,76380.9684,237.08579999999998,76143.8826,7655.257758333333,7892.343558333333,255403.979275,true
Deal-type eligibility sensitivity - 36 months,4,36,true,Base_Targeted,2024-06-30,2024,40940.9073,907.5827999999999,40033.3245,8767.29455,9674.87735,286670.009225,true
Deal-type eligibility sensitivity - 36 months,4,36,true,Base_Targeted,2024-07-31,2024,23145.6615,301.58669999999995,22844.0748,9401.852183333334,9703.438883333334,300112.2318416666,true
Deal-type eligibility sensitivity - 36 months,4,36,true,Base_Targeted,2024-08-31,2024,49222.0575,374.571,48847.4865,10758.726808333335,11133.297808333335,338200.9915333333,true
Deal-type eligibility sensitivity - 36 months,4,36,true,Base_Targeted,2024-09-30,2024,39955.9515,508.98209999999995,39446.9694,11854.475958333334,12363.458058333334,365793.48497499997,true
Deal-type eligibility sensitivity - 36 months,4,36,true,Base_Targeted,2024-10-31,2024,38229.6792,323.5131,37906.1661,12907.425016666666,13230.938116666666,390792.2260583333,true
Deal-type eligibility sensitivity - 36 months,4,36,true,Base_Targeted,2024-11-30,2024,66653.70989999999,540.4797,66113.23019999999,14743.903633333333,15284.383333333333,442161.55262499995,true
Deal-type eligibility sensitivity - 36 months,4,36,true,Base_Targeted,2024-12-31,2024,121994.9343,943.5612,121051.3731,18106.441775,19050.002975,545106.4839499999,true
Deal-type eligibility sensitivity - 36 months,4,36,true,Base_Targeted,2025-01-31,2025,85339.689,872.2845,84467.4045,20452.758566666667,21325.04306666667,609121.1298833332,true
Deal-type eligibility sensitivity - 36 months,4,36,true,Base_Targeted,2025-02-28,2025,57001.5375,1021.3634999999999,55980.174,22007.7634,23029.1269,643093.5404833332,true
Deal-type eligibility sensitivity - 36 months,4,36,true,Base_Targeted,2025-03-31,2025,57146.47379999999,623.0943,56523.379499999995,23577.857275,24200.951575,676039.0627083331,true
Deal-type eligibility sensitivity - 36 months,4,36,true,Base_Targeted,2025-04-30,2025,58565.10209999999,646.7175,57918.38459999999,25186.701291666664,25833.418791666663,708770.7460166664,true
Deal-type eligibility sensitivity - 36 months,4,36,true,Base_Targeted,2025-05-31,2025,35813.6487,540.4044,35273.2443,26166.513633333336,26706.918033333335,717877.476683333,true
Deal-type eligibility sensitivity - 36 months,4,36,true,Base_Targeted,2025-06-30,2025,59524.8819,627.2742,58897.6077,27802.558291666668,28429.832491666668,748972.5260916664,true
Deal-type eligibility sensitivity - 36 months,4,36,true,Base_Targeted,2025-07-31,2025,29906.150400000002,574.6545,29331.4959,28617.322066666668,29191.976566666668,749686.6999249997,true
Deal-type eligibility sensitivity - 36 months,4,36,true,Base_Targeted,2025-08-31,2025,38775.2583,277.806,38497.452300000004,29686.695741666666,29964.501741666667,758497.456483333,true
Deal-type eligibility sensitivity - 36 months,4,36,true,Base_Targeted,2025-09-30,2025,67163.808,638.2338,66525.5742,31534.62835833333,32172.86215833333,793488.4023249997,true
Deal-type eligibility sensitivity - 36 months,4,36,true,Base_Targeted,2025-10-31,2025,43416.6591,797.574,42619.0851,32718.49183333333,33516.06583333333,803388.9955916663,true
Deal-type eligibility sensitivity - 36 months,4,36,true,Base_Targeted,2025-11-30,2025,103831.698,1363.4030999999998,102468.29490000001,35564.83335833334,36928.23645833334,870292.457133333,true
Deal-type eligibility sensitivity - 36 months,4,36,true,Base_Targeted,2025-12-31,2025,73351.2321,2110.3653,71240.86679999999,37543.746325,39654.111625,903989.577608333,true
Deal-type eligibility sensitivity - 36 months,4,36,true,Base_Targeted,2026-01-31,2026,44214.5802,1725.6467999999998,42488.933399999994,38723.994475,40449.641275,907754.516533333,true
Deal-type eligibility sensitivity - 36 months,4,36,true,Base_Targeted,2026-02-28,2026,37999.94999999999,727.9695,37271.98049999999,39759.32726666666,40487.29676666666,905267.1697666664,true
Deal-type eligibility sensitivity - 36 months,4,36,true,Base_Targeted,2026-03-31,2026,49128.0591,846.3537,48281.7054,41100.48574999999,41946.83944999999,912448.3894166664,true
Deal-type eligibility sensitivity - 36 months,4,36,true,Base_Targeted,2026-04-30,2026,84928.4301,502.386,84426.0441,43445.653641666664,43948.03964166666,953428.7798749997,true
Deal-type eligibility sensitivity - 36 months,4,36,true,Base_Targeted,2026-05-31,2026,60401.9679,518.1891,59883.7788,45109.09194166666,45627.28104166666,968203.466733333,true
Deal-type eligibility sensitivity - 36 months,4,36,true,Base_Targeted,2026-06-30,2026,70471.7556,831.3341999999999,69640.4214,47043.54809166666,47874.882291666654,990800.3400416663,true
Deal-type eligibility sensitivity - 36 months,4,36,true,Base_Targeted,2026-07-31,2026,65021.82221443437,0.0,65021.82221443437,48849.70981984539,48849.70981984539,1006972.4524362553,false
Deal-type eligibility sensitivity - 36 months,4,36,true,Base_Targeted,2026-08-31,2026,37950.09842104734,0.0,37950.09842104734,49903.87922043004,49903.87922043004,995018.6716368727,false
Deal-type eligibility sensitivity - 36 months,4,36,true,Base_Targeted,2026-09-30,2026,31784.11508603621,0.0,31784.11508603621,50786.77130615327,50786.77130615327,976016.0154167556,false
Deal-type eligibility sensitivity - 36 months,4,36,true,Base_Targeted,2026-10-31,2026,31864.20432081882,0.0,31864.20432081882,51671.88809284268,51671.88809284268,956208.3316447317,false
Deal-type eligibility sensitivity - 36 months,4,36,true,Base_Targeted,2026-11-30,2026,62433.46111569464,0.0,62433.46111569464,53406.15090161198,53406.15090161198,965235.6418588144,false
Deal-type eligibility sensitivity - 36 months,4,36,true,Base_Targeted,2026-12-31,2026,62475.4798398557,0.0,62475.4798398557,55141.58089716353,55141.58089716353,972569.5408015066,false
Deal-type eligibility sensitivity - 36 months,4,36,true,Base_Targeted,2027-01-31,2027,62475.4798398557,0.0,62475.4798398557,56065.01470938175,56065.01470938175,978980.0059319806,false
Deal-type eligibility sensitivity - 36 months,4,36,true,Base_Targeted,2027-02-28,2027,62283.76452324122,0.0,62283.76452324122,56625.09262113845,56625.09262113845,984638.6778340833,false
Deal-type eligibility sensitivity - 36 months,4,36,true,Base_Targeted,2027-03-31,2027,62066.415110500864,0.0,62066.415110500864,56135.309215874586,56135.309215874586,990569.7837287096,false
Deal-type eligibility sensitivity - 36 months,4,36,true,Base_Targeted,2027-04-30,2027,61854.45159472648,0.0,61854.45159472648,56509.21185183921,56509.21185183921,995915.0234715969,false
Deal-type eligibility sensitivity - 36 months,4,36,true,Base_Targeted,2027-05-31,2027,61647.74051392356,0.0,61647.74051392356,56106.541238337086,56106.541238337086,1001456.2227471834,false
Deal-type eligibility sensitivity - 36 months,4,36,true,Base_Targeted,2027-06-30,2027,61446.15171327262,0.0,61446.15171327262,56701.34199426131,56701.34199426131,1006201.0324661947,false
Deal-type eligibility sensitivity - 36 months,4,36,true,Base_Targeted,2027-07-31,2027,61249.55826317778,0.0,61249.55826317778,57768.16097934959,57768.16097934959,1009682.429750023,false
Deal-type eligibility sensitivity - 36 months,4,36,true,Base_Targeted,2027-08-31,2027,61057.83637934596,0.0,61057.83637934596,58107.337364886975,58107.337364886975,1012632.9287644819,false
Deal-type eligibility sensitivity - 36 months,4,36,true,Base_Targeted,2027-09-30,2027,60870.865344846636,0.0,60870.865344846636,58702.44558557715,58702.44558557715,1014801.3485237514,false
Deal-type eligibility sensitivity - 36 months,4,36,true,Base_Targeted,2027-10-31,2027,60688.527434102914,0.0,60688.527434102914,59335.28895596891,59335.28895596891,1016154.5870018854,false
Deal-type eligibility sensitivity - 36 months,4,36,true,Base_Targeted,2027-11-30,2027,60510.70783876605,0.0,60510.70783876605,59179.66333482352,59179.66333482352,1017485.6315058279,false
Deal-type eligibility sensitivity - 36 months,4,36,true,Base_Targeted,2027-12-31,2027,60337.294595426814,0.0,60337.294595426814,57493.16115414093,57493.16115414093,1020329.7649471137,false
Deal-type eligibility sensitivity - 36 months,4,36,true,Bear,2024-01-31,2024,29264.806800000002,32.9442,29231.8626,811.9961833333333,844.9403833333333,28419.866416666668,true
Deal-type eligibility sensitivity - 36 months,4,36,true,Bear,2024-02-29,2024,43091.9502,970.9904999999999,42120.9597,1982.0228416666664,2953.0133416666663,68558.803275,true
Deal-type eligibility sensitivity - 36 months,4,36,true,Bear,2024-03-31,2024,80616.4647,917.847,79698.6177,4195.873333333333,5113.720333333333,144061.54764166666,true
Deal-type eligibility sensitivity - 36 months,4,36,true,Bear,2024-04-30,2024,48675.9831,282.02639999999997,48393.956699999995,5540.149908333333,5822.176308333333,186915.35443333333,true
Deal-type eligibility sensitivity - 36 months,4,36,true,Bear,2024-05-31,2024,76380.9684,237.08579999999998,76143.8826,7655.257758333333,7892.343558333333,255403.979275,true
Deal-type eligibility sensitivity - 36 months,4,36,true,Bear,2024-06-30,2024,40940.9073,907.5827999999999,40033.3245,8767.29455,9674.87735,286670.009225,true
Deal-type eligibility sensitivity - 36 months,4,36,true,Bear,2024-07-31,2024,23145.6615,301.58669999999995,22844.0748,9401.852183333334,9703.438883333334,300112.2318416666,true
Deal-type eligibility sensitivity - 36 months,4,36,true,Bear,2024-08-31,2024,49222.0575,374.571,48847.4865,10758.726808333335,11133.297808333335,338200.9915333333,true
Deal-type eligibility sensitivity - 36 months,4,36,true,Bear,2024-09-30,2024,39955.9515,508.98209999999995,39446.9694,11854.475958333334,12363.458058333334,365793.48497499997,true
Deal-type eligibility sensitivity - 36 months,4,36,true,Bear,2024-10-31,2024,38229.6792,323.5131,37906.1661,12907.425016666668,13230.938116666668,390792.2260583333,true
Deal-type eligibility sensitivity - 36 months,4,36,true,Bear,2024-11-30,2024,66653.70989999999,540.4797,66113.23019999999,14743.903633333332,15284.383333333331,442161.55262499995,true
Deal-type eligibility sensitivity - 36 months,4,36,true,Bear,2024-12-31,2024,121994.9343,943.5612,121051.3731,18106.441775,19050.002975,545106.4839499999,true
Deal-type eligibility sensitivity - 36 months,4,36,true,Bear,2025-01-31,2025,85339.689,872.2845,84467.4045,20452.758566666664,21325.043066666665,609121.1298833332,true
Deal-type eligibility sensitivity - 36 months,4,36,true,Bear,2025-02-28,2025,57001.5375,1021.3634999999999,55980.174,22007.7634,23029.1269,643093.5404833332,true
Deal-type eligibility sensitivity - 36 months,4,36,true,Bear,2025-03-31,2025,57146.47379999999,623.0943,56523.379499999995,23577.857275,24200.951575,676039.0627083331,true
Deal-type eligibility sensitivity - 36 months,4,36,true,Bear,2025-04-30,2025,58565.10209999999,646.7175,57918.38459999999,25186.701291666664,25833.418791666663,708770.7460166664,true
Deal-type eligibility sensitivity - 36 months,4,36,true,Bear,2025-05-31,2025,35813.6487,540.4044,35273.2443,26166.513633333332,26706.91803333333,717877.476683333,true
Deal-type eligibility sensitivity - 36 months,4,36,true,Bear,2025-06-30,2025,59524.8819,627.2742,58897.6077,27802.558291666664,28429.832491666664,748972.5260916664,true
Deal-type eligibility sensitivity - 36 months,4,36,true,Bear,2025-07-31,2025,29906.150400000002,574.6545,29331.4959,28617.322066666664,29191.976566666664,749686.6999249997,true
Deal-type eligibility sensitivity - 36 months,4,36,true,Bear,2025-08-31,2025,38775.2583,277.806,38497.452300000004,29686.695741666666,29964.501741666667,758497.456483333,true
Deal-type eligibility sensitivity - 36 months,4,36,true,Bear,2025-09-30,2025,67163.808,638.2338,66525.5742,31534.62835833333,32172.86215833333,793488.4023249997,true
Deal-type eligibility sensitivity - 36 months,4,36,true,Bear,2025-10-31,2025,43416.6591,797.574,42619.0851,32718.491833333333,33516.065833333334,803388.9955916663,true
Deal-type eligibility sensitivity - 36 months,4,36,true,Bear,2025-11-30,2025,103831.698,1363.4030999999998,102468.29490000001,35564.83335833333,36928.23645833333,870292.457133333,true
Deal-type eligibility sensitivity - 36 months,4,36,true,Bear,2025-12-31,2025,73351.2321,2110.3653,71240.86679999999,37543.746325,39654.111625,903989.577608333,true
Deal-type eligibility sensitivity - 36 months,4,36,true,Bear,2026-01-31,2026,44214.5802,1725.6467999999998,42488.933399999994,38723.994475,40449.641275,907754.516533333,true
Deal-type eligibility sensitivity - 36 months,4,36,true,Bear,2026-02-28,2026,37999.94999999999,727.9695,37271.98049999999,39759.32726666666,40487.29676666666,905267.1697666664,true
Deal-type eligibility sensitivity - 36 months,4,36,true,Bear,2026-03-31,2026,49128.0591,846.3537,48281.7054,41100.48574999999,41946.83944999999,912448.3894166664,true
Deal-type eligibility sensitivity - 36 months,4,36,true,Bear,2026-04-30,2026,84928.4301,502.386,84426.0441,43445.653641666664,43948.03964166666,953428.7798749997,true
Deal-type eligibility sensitivity - 36 months,4,36,true,Bear,2026-05-31,2026,60401.9679,518.1891,59883.7788,45109.09194166666,45627.28104166666,968203.466733333,true
Deal-type eligibility sensitivity - 36 months,4,36,true,Bear,2026-06-30,2026,70471.7556,831.3341999999999,69640.4214,47043.54809166666,47874.882291666654,990800.3400416663,true
Deal-type eligibility sensitivity - 36 months,4,36,true,Bear,2026-07-31,2026,55268.5488822692,0.0,55268.5488822692,48578.78556061858,48578.78556061858,997490.103363317,false
Deal-type eligibility sensitivity - 36 months,4,36,true,Bear,2026-08-31,2026,32257.583657890234,0.0,32257.583657890234,49474.82955111553,49474.82955111553,980272.8574700918,false
Deal-type eligibility sensitivity - 36 months,4,36,true,Bear,2026-09-30,2026,27016.497823130772,0.0,27016.497823130772,50225.28782398028,50225.28782398028,957064.0674692423,false
Deal-type eligibility sensitivity - 36 months,4,36,true,Bear,2026-10-31,2026,27084.57367269599,0.0,27084.57367269599,50977.63709266628,50977.63709266628,933171.0040492719,false
Deal-type eligibility sensitivity - 36 months,4,36,true,Bear,2026-11-30,2026,47727.261267119335,0.0,47727.261267119335,52303.39435008626,52303.39435008626,928594.870966305,false
Deal-type eligibility sensitivity - 36 months,4,36,true,Bear,2026-12-31,2026,47727.261267119335,0.0,47727.261267119335,53629.15160750625,53629.15160750625,922692.9806259181,false
Deal-type eligibility sensitivity - 36 months,4,36,true,Bear,2027-01-31,2027,47727.261267119335,0.0,47727.261267119335,54142.9126815929,54142.9126815929,916277.3292114446,false
Deal-type eligibility sensitivity - 36 months,4,36,true,Bear,2027-02-28,2027,47727.261267119335,0.0,47727.261267119335,54298.64328067955,54298.64328067955,909705.9471978843,false
Deal-type eligibility sensitivity - 36 months,4,36,true,Bear,2027-03-31,2027,47727.261267119335,0.0,47727.261267119335,53410.55004643286,53410.55004643286,904022.6584185708,false
Deal-type eligibility sensitivity - 36 months,4,36,true,Bear,2027-04-30,2027,47727.261267119335,0.0,47727.261267119335,53392.030728852835,53392.030728852835,898357.8889568372,false
Deal-type eligibility sensitivity - 36 months,4,36,true,Bear,2027-05-31,2027,47727.261267119335,0.0,47727.261267119335,52602.68013627282,52602.68013627282,893482.4700876838,false
Deal-type eligibility sensitivity - 36 months,4,36,true,Bear,2027-06-30,2027,47727.261267119335,0.0,47727.261267119335,52816.40060202613,52816.40060202613,888393.3307527769,false
Deal-type eligibility sensitivity - 36 months,4,36,true,Bear,2027-07-31,2027,47727.261267119335,0.0,47727.261267119335,53507.60022611279,53507.60022611279,882612.9917937835,false
Deal-type eligibility sensitivity - 36 months,4,36,true,Bear,2027-08-31,2027,47727.261267119335,0.0,47727.261267119335,53476.48285853276,53476.48285853276,876863.7702023701,false
Deal-type eligibility sensitivity - 36 months,4,36,true,Bear,2027-09-30,2027,47727.261267119335,0.0,47727.261267119335,53706.49096595275,53706.49096595275,870884.5405035367,false
Deal-type eligibility sensitivity - 36 months,4,36,true,Bear,2027-10-31,2027,47727.261267119335,0.0,47727.261267119335,53979.299165039396,53979.299165039396,864632.5026056166,false
Deal-type eligibility sensitivity - 36 months,4,36,true,Bear,2027-11-30,2027,47727.261267119335,0.0,47727.261267119335,53468.57780579271,53468.57780579271,858891.1860669432,false
Deal-type eligibility sensitivity - 36 months,4,36,true,Bear,2027-12-31,2027,47727.261267119335,0.0,47727.261267119335,51431.796921546025,51431.796921546025,855186.6504125167,false
Deal-type eligibility sensitivity - 36 months,4,36,true,Bull,2024-01-31,2024,29264.806800000002,32.9442,29231.8626,811.9961833333333,844.9403833333333,28419.866416666668,true
Deal-type eligibility sensitivity - 36 months,4,36,true,Bull,2024-02-29,2024,43091.9502,970.9904999999999,42120.9597,1982.0228416666664,2953.0133416666663,68558.803275,true
Deal-type eligibility sensitivity - 36 months,4,36,true,Bull,2024-03-31,2024,80616.4647,917.847,79698.6177,4195.873333333333,5113.720333333333,144061.54764166666,true
Deal-type eligibility sensitivity - 36 months,4,36,true,Bull,2024-04-30,2024,48675.9831,282.02639999999997,48393.956699999995,5540.149908333333,5822.176308333333,186915.35443333333,true
Deal-type eligibility sensitivity - 36 months,4,36,true,Bull,2024-05-31,2024,76380.9684,237.08579999999998,76143.8826,7655.257758333333,7892.343558333333,255403.979275,true
Deal-type eligibility sensitivity - 36 months,4,36,true,Bull,2024-06-30,2024,40940.9073,907.5827999999999,40033.3245,8767.29455,9674.87735,286670.009225,true
Deal-type eligibility sensitivity - 36 months,4,36,true,Bull,2024-07-31,2024,23145.6615,301.58669999999995,22844.0748,9401.852183333334,9703.438883333334,300112.2318416666,true
Deal-type eligibility sensitivity - 36 months,4,36,true,Bull,2024-08-31,2024,49222.0575,374.571,48847.4865,10758.726808333335,11133.297808333335,338200.9915333333,true
Deal-type eligibility sensitivity - 36 months,4,36,true,Bull,2024-09-30,2024,39955.9515,508.98209999999995,39446.9694,11854.475958333334,12363.458058333334,365793.48497499997,true
Deal-type eligibility sensitivity - 36 months,4,36,true,Bull,2024-10-31,2024,38229.6792,323.5131,37906.1661,12907.425016666666,13230.938116666666,390792.2260583333,true
Deal-type eligibility sensitivity - 36 months,4,36,true,Bull,2024-11-30,2024,66653.70989999999,540.4797,66113.23019999999,14743.903633333333,15284.383333333333,442161.55262499995,true
Deal-type eligibility sensitivity - 36 months,4,36,true,Bull,2024-12-31,2024,121994.9343,943.5612,121051.3731,18106.441775,19050.002975,545106.4839499999,true
Deal-type eligibility sensitivity - 36 months,4,36,true,Bull,2025-01-31,2025,85339.689,872.2845,84467.4045,20452.758566666667,21325.04306666667,609121.1298833332,true
Deal-type eligibility sensitivity - 36 months,4,36,true,Bull,2025-02-28,2025,57001.5375,1021.3634999999999,55980.174,22007.7634,23029.1269,643093.5404833332,true
Deal-type eligibility sensitivity - 36 months,4,36,true,Bull,2025-03-31,2025,57146.47379999999,623.0943,56523.379499999995,23577.857275,24200.951575,676039.0627083331,true
Deal-type eligibility sensitivity - 36 months,4,36,true,Bull,2025-04-30,2025,58565.10209999999,646.7175,57918.38459999999,25186.701291666664,25833.418791666663,708770.7460166664,true
Deal-type eligibility sensitivity - 36 months,4,36,true,Bull,2025-05-31,2025,35813.6487,540.4044,35273.2443,26166.513633333336,26706.918033333335,717877.476683333,true
Deal-type eligibility sensitivity - 36 months,4,36,true,Bull,2025-06-30,2025,59524.8819,627.2742,58897.6077,27802.558291666668,28429.832491666668,748972.5260916664,true
Deal-type eligibility sensitivity - 36 months,4,36,true,Bull,2025-07-31,2025,29906.150400000002,574.6545,29331.4959,28617.322066666668,29191.976566666668,749686.6999249997,true
Deal-type eligibility sensitivity - 36 months,4,36,true,Bull,2025-08-31,2025,38775.2583,277.806,38497.452300000004,29686.695741666666,29964.501741666667,758497.456483333,true
Deal-type eligibility sensitivity - 36 months,4,36,true,Bull,2025-09-30,2025,67163.808,638.2338,66525.5742,31534.62835833333,32172.86215833333,793488.4023249997,true
Deal-type eligibility sensitivity - 36 months,4,36,true,Bull,2025-10-31,2025,43416.6591,797.574,42619.0851,32718.49183333333,33516.06583333333,803388.9955916663,true
Deal-type eligibility sensitivity - 36 months,4,36,true,Bull,2025-11-30,2025,103831.698,1363.4030999999998,102468.29490000001,35564.83335833334,36928.23645833334,870292.457133333,true
Deal-type eligibility sensitivity - 36 months,4,36,true,Bull,2025-12-31,2025,73351.2321,2110.3653,71240.86679999999,37543.746325,39654.111625,903989.577608333,true
Deal-type eligibility sensitivity - 36 months,4,36,true,Bull,2026-01-31,2026,44214.5802,1725.6467999999998,42488.933399999994,38723.994475,40449.641275,907754.516533333,true
Deal-type eligibility sensitivity - 36 months,4,36,true,Bull,2026-02-28,2026,37999.94999999999,727.9695,37271.98049999999,39759.32726666666,40487.29676666666,905267.1697666664,true
Deal-type eligibility sensitivity - 36 months,4,36,true,Bull,2026-03-31,2026,49128.0591,846.3537,48281.7054,41100.48574999999,41946.83944999999,912448.3894166664,true
Deal-type eligibility sensitivity - 36 months,4,36,true,Bull,2026-04-30,2026,84928.4301,502.386,84426.0441,43445.653641666664,43948.03964166666,953428.7798749997,true
Deal-type eligibility sensitivity - 36 months,4,36,true,Bull,2026-05-31,2026,60401.9679,518.1891,59883.7788,45109.09194166666,45627.28104166666,968203.466733333,true
Deal-type eligibility sensitivity - 36 months,4,36,true,Bull,2026-06-30,2026,70471.7556,831.3341999999999,69640.4214,47043.54809166666,47874.882291666654,990800.3400416663,true
Deal-type eligibility sensitivity - 36 months,4,36,true,Bull,2026-07-31,2026,76317.42936307524,0.0,76317.42936307524,49163.47668508542,49163.47668508542,1017954.2927196561,false
Deal-type eligibility sensitivity - 36 months,4,36,true,Bull,2026-08-31,2026,45184.947000680164,0.0,45184.947000680164,50418.614101770974,50418.614101770974,1012720.6256185654,false
Deal-type eligibility sensitivity - 36 months,4,36,true,Bull,2026-09-30,2026,38094.06616541737,0.0,38094.06616541737,51476.7826063659,51476.7826063659,999337.9091776168,false
Deal-type eligibility sensitivity - 36 months,4,36,true,Bull,2026-10-31,2026,38186.168785417365,0.0,38186.168785417365,52537.50951707194,52537.50951707194,984986.5684459623,false
Deal-type eligibility sensitivity - 36 months,4,36,true,Bull,2026-11-30,2026,79240.79661901675,0.0,79240.79661901675,54738.64275648908,54738.64275648908,1009488.72230849,false
Deal-type eligibility sensitivity - 36 months,4,36,true,Bull,2026-12-31,2026,79587.76405525072,0.0,79587.76405525072,56949.41398024604,56949.41398024604,1032127.0723834946,false
Deal-type eligibility sensitivity - 36 months,4,36,true,Bull,2027-01-31,2027,79324.94852504143,0.0,79324.94852504143,58340.88858927497,58340.88858927497,1053111.132319261,false
Deal-type eligibility sensitivity - 36 months,4,36,true,Bull,2027-02-28,2027,79068.64553769532,0.0,79068.64553769532,59367.213195877615,59367.213195877615,1072812.5646610789,false
Deal-type eligibility sensitivity - 36 months,4,36,true,Bull,2027-03-31,2027,78818.6937130439,0.0,78818.6937130439,59342.77086290662,59342.77086290662,1092288.4875112162,false
Deal-type eligibility sensitivity - 36 months,4,36,true,Bull,2027-04-30,2027,78574.93566990337,0.0,78574.93566990337,60181.131389848364,60181.131389848364,1110682.2917912712,false
Deal-type eligibility sensitivity - 36 months,4,36,true,Bull,2027-05-31,2027,78337.21792698,0.0,78337.21792698,60242.05737115338,60242.05737115338,1128777.452347098,false
Deal-type eligibility sensitivity - 36 months,4,36,true,Bull,2027-06-30,2027,78105.39080623144,0.0,78105.39080623144,61299.614768548694,61299.614768548694,1145583.2283847807,false
Deal-type eligibility sensitivity - 36 months,4,36,true,Bull,2027-07-31,2027,77879.30833862236,0.0,77879.30833862236,62828.371255732636,62828.371255732636,1160634.1654676704,false
Deal-type eligibility sensitivity - 36 months,4,36,true,Bull,2027-08-31,2027,77658.82817221576,0.0,77658.82817221576,63628.68630218308,63628.68630218308,1174664.3073377032,false
Deal-type eligibility sensitivity - 36 months,4,36,true,Bull,2027-09-30,2027,77443.81148254155,0.0,77443.81148254155,64684.15413780923,64684.15413780923,1187423.9646824356,false
Deal-type eligibility sensitivity - 36 months,4,36,true,Bull,2027-10-31,2027,77234.12288518627,0.0,77234.12288518627,65776.59738184219,65776.59738184219,1198881.4901857798,false
Deal-type eligibility sensitivity - 36 months,4,36,true,Bull,2027-11-30,2027,76723.77816629245,0.0,76723.77816629245,66071.3348253503,66071.3348253503,1209533.9335267218,false
Deal-type eligibility sensitivity - 36 months,4,36,true,Bull,2027-12-31,2027,76211.94850516034,0.0,76211.94850516034,64825.795253271426,64825.795253271426,1220920.0867786102,false
Frozen policy - 36 months,1,36,false,Base,2024-01-31,2024,29264.806800000002,11998.570788,17266.236011999998,479.6176669999999,12478.188455000001,16786.618345,true
Frozen policy - 36 months,1,36,false,Base,2024-02-29,2024,43091.9502,17667.699581999997,25424.250618,1185.8468508333333,18853.54643283333,41025.02211216667,true
Frozen policy - 36 months,1,36,false,Base,2024-03-31,2024,80616.4647,33052.750527,47563.714173,2507.061133416667,35559.811660416664,86081.67515175001,true
Frozen policy - 36 months,1,36,false,Base,2024-04-30,2024,48675.9831,19957.153070999997,28718.830028999993,3304.806412,23261.959483,111495.69876875001,true
Frozen policy - 36 months,1,36,false,Base,2024-05-31,2024,76380.9684,31316.197043999997,45064.77135599999,4556.605616333332,35872.80266033333,152003.86450841668,true
Frozen policy - 36 months,1,36,false,Base,2024-06-30,2024,40940.9073,16785.771993000002,24155.135307,5227.581597083333,22013.353590083334,170931.41821833333,true
Frozen policy - 36 months,1,36,false,Base,2024-07-31,2024,23145.6615,9489.721214999998,13655.940284999999,5606.913271666666,15096.634486666664,178980.44523166667,true
Frozen policy - 36 months,1,36,false,Base,2024-08-31,2024,49222.0575,20181.043575,29041.013924999996,6413.608102916666,26594.651677916667,201607.85105375,true
Frozen policy - 36 months,1,36,false,Base,2024-09-30,2024,39955.9515,16381.940115,23574.011384999994,7068.441752499999,23450.3818675,218113.42068625,true
Frozen policy - 36 months,1,36,false,Base,2024-10-31,2024,38229.6792,15674.168471999998,22555.510727999997,7694.983717166666,23369.152189166663,232973.94769708332,true
Frozen policy - 36 months,1,36,false,Base,2024-11-30,2024,66653.70989999999,27328.021058999995,39325.688840999996,8787.36396275,36115.38502174999,263512.2725753333,true
Frozen policy - 36 months,1,36,false,Base,2024-12-31,2024,121994.9343,50017.923063,71977.01123699998,10786.725386,60804.648449,324702.5584263333,true
Frozen policy - 36 months,1,36,false,Base,2025-01-31,2025,85339.689,34989.272489999996,50350.416509999995,12185.348066833332,47174.620556833324,362867.6268695,true
Frozen policy - 36 months,1,36,false,Base,2025-02-28,2025,57001.5375,23370.630374999997,33630.907125,13119.539931416666,36490.170306416665,383378.9940630833,true
Frozen policy - 36 months,1,36,false,Base,2025-03-31,2025,57146.47379999999,23430.054257999996,33716.419541999996,14056.107140916665,37486.161398916665,403039.3064641667,true
Frozen policy - 36 months,1,36,false,Base,2025-04-30,2025,58565.10209999999,24011.691860999996,34553.410239,15015.924092,39027.61595299999,422576.79261116666,true
Frozen policy - 36 months,1,36,false,Base,2025-05-31,2025,35813.6487,14683.595967,21130.052733,15602.87000125,30286.46596825,428103.9753429167,true
Frozen policy - 36 months,1,36,false,Base,2025-06-30,2025,59524.8819,24405.201579,35119.680321,16578.416676833334,40983.61825583334,446645.2389870833,true
Frozen policy - 36 months,1,36,false,Base,2025-07-31,2025,29906.150400000002,12261.521664,17644.628736000002,17068.545252833334,29330.066916833333,447221.32247024996,true
Frozen policy - 36 months,1,36,false,Base,2025-08-31,2025,38775.2583,15897.855903,22877.402396999998,17704.02865275,33601.88455575,452394.69621449994,true
Frozen policy - 36 months,1,36,false,Base,2025-09-30,2025,67163.808,27537.161279999997,39626.64672,18804.768839416665,46341.93011941666,473216.5740950833,true
Frozen policy - 36 months,1,36,false,Base,2025-10-31,2025,43416.6591,17800.830230999996,25615.828868999997,19516.319641333328,37317.14987233332,479316.08332274994,true
Frozen policy - 36 months,1,36,false,Base,2025-11-30,2025,103831.698,42570.996179999995,61260.70182,21218.005803,63789.001982999995,519358.77933974995,true
Frozen policy - 36 months,1,36,false,Base,2025-12-31,2025,73351.2321,30074.005160999997,43277.226939,22420.150995750002,52494.15615675,540215.8552829999,true
Frozen policy - 36 months,1,36,false,Base,2026-01-31,2026,44214.5802,18127.977882,26086.602318,23144.778837916667,41272.756719916666,543157.6787630833,true
Frozen policy - 36 months,1,36,false,Base,2026-02-28,2026,37999.94999999999,15579.979499999998,22419.970499999992,23767.555796250002,39347.535296250004,541810.0934668332,true
Frozen policy - 36 months,1,36,false,Base,2026-03-31,2026,49128.0591,20142.504231,28985.554868999996,24572.710098166666,44715.214329166665,546222.9382376666,true
Frozen policy - 36 months,1,36,false,Base,2026-04-30,2026,84928.4301,34820.656341,50107.773758999996,25964.592702583333,60785.24904358333,570366.1192940833,true
Frozen policy - 36 months,1,36,false,Base,2026-05-31,2026,60401.9679,24764.806838999997,35637.161061,26954.513843166667,51719.32068216667,579048.7665119166,true
Frozen policy - 36 months,1,36,false,Base,2026-06-30,2026,70471.7556,28893.419796000002,41578.335804,28109.4676155,57002.88741150001,592517.6347004167,true
Frozen policy - 36 months,1,36,false,Base,2026-07-31,2026,65021.82221443437,26658.947107918088,38362.87510651628,29175.103035125452,55834.05014304354,601705.4067718076,false
Frozen policy - 36 months,1,36,false,Base,2026-08-31,2026,37950.09842104734,15559.540352629407,22390.55806841793,29797.062981470393,45356.6033340998,594298.901858755,false
Frozen policy - 36 months,1,36,false,Base,2026-09-30,2026,31784.11508603621,13031.487185274846,18752.627900761363,30317.9693120471,43349.456497321946,582733.5604474694,false
Frozen policy - 36 months,1,36,false,Base,2026-10-31,2026,31864.20432081882,13064.323771535715,18799.8805492831,30840.18821619385,43904.511987729566,570693.2527805587,false
Frozen policy - 36 months,1,36,false,Base,2026-11-30,2026,62433.46111569464,25597.719057434802,36835.74205825984,31863.403273367738,57461.12233080254,575665.5915654508,false
Frozen policy - 36 months,1,36,false,Base,2026-12-31,2026,62475.4798398557,25614.94673434084,36860.53310551487,32887.30697074315,58502.25370508399,579638.8177002225,false
Frozen policy - 36 months,1,36,false,Base,2027-01-31,2027,62475.4798398557,25614.94673434084,36860.53310551487,33431.59300111856,59046.5397354594,583067.7578046188,false
Frozen policy - 36 months,1,36,false,Base,2027-02-28,2027,62283.76452324122,25536.3434545289,36747.42106871232,33746.12551363835,59282.468968167246,586069.0533596928,false
Frozen policy - 36 months,1,36,false,Base,2027-03-31,2027,62066.415110500864,25447.230195305354,36619.18491519551,33442.11081203267,58889.34100733802,589246.1274628557,false
Frozen policy - 36 months,1,36,false,Base,2027-04-30,2027,61854.45159472648,25360.325153837854,36494.12644088862,33658.09126791846,59018.416421756316,592082.1626358258,false
Frozen policy - 36 months,1,36,false,Base,2027-05-31,2027,61647.74051392356,25275.573610708656,36372.1669032149,33416.630033118876,58692.20364382753,595037.6995059218,false
Frozen policy - 36 months,1,36,false,Base,2027-06-30,2027,61446.15171327262,25192.922202441776,36253.229510830846,33752.688205447506,58945.61040788928,597538.2408113051,false
Frozen policy - 36 months,1,36,false,Base,2027-07-31,2027,61249.55826317778,25112.31888790289,36137.23937527489,34377.16873573292,59489.48762363581,599298.3114508471,false
Frozen policy - 36 months,1,36,false,Base,2027-08-31,2027,61057.83637934596,25033.71291553184,36024.12346381412,34571.144000699984,59604.85691623182,600751.2909139612,false
Frozen policy - 36 months,1,36,false,Base,2027-09-30,2027,60870.865344846636,24957.05479138712,35913.810553459516,34913.916199823856,59870.970991210976,601751.1852675969,false
Frozen policy - 36 months,1,36,false,Base,2027-10-31,2027,60688.527434102914,24882.296247982194,35806.23118612072,35281.99176810499,60164.28801608719,602275.4246856126,false
Frozen policy - 36 months,1,36,false,Base,2027-11-30,2027,60510.70783876605,24809.39021389408,35701.31762487197,35181.31478987921,59990.705003773284,602795.4275206053,false
Frozen policy - 36 months,1,36,false,Base,2027-12-31,2027,60337.294595426814,24738.29078412499,35599.00381130182,34170.81458360981,58909.1053677348,604223.6167482972,false
Frozen policy - 36 months,1,36,false,Base_FullClose,2024-01-31,2024,29264.806800000002,11998.570788,17266.236011999998,479.6176669999999,12478.188455000001,16786.618345,true
Frozen policy - 36 months,1,36,false,Base_FullClose,2024-02-29,2024,43091.9502,17667.699581999997,25424.250618,1185.8468508333333,18853.54643283333,41025.02211216667,true
Frozen policy - 36 months,1,36,false,Base_FullClose,2024-03-31,2024,80616.4647,33052.750527,47563.714173,2507.0611334166665,35559.811660416664,86081.67515175001,true
Frozen policy - 36 months,1,36,false,Base_FullClose,2024-04-30,2024,48675.9831,19957.153070999997,28718.830028999993,3304.806412,23261.959483,111495.69876875001,true
Frozen policy - 36 months,1,36,false,Base_FullClose,2024-05-31,2024,76380.9684,31316.197043999997,45064.77135599999,4556.605616333333,35872.80266033333,152003.86450841668,true
Frozen policy - 36 months,1,36,false,Base_FullClose,2024-06-30,2024,40940.9073,16785.771993000002,24155.135307,5227.581597083333,22013.353590083334,170931.41821833333,true
Frozen policy - 36 months,1,36,false,Base_FullClose,2024-07-31,2024,23145.6615,9489.721214999998,13655.940284999999,5606.913271666666,15096.634486666664,178980.44523166667,true
Frozen policy - 36 months,1,36,false,Base_FullClose,2024-08-31,2024,49222.0575,20181.043575,29041.013924999996,6413.608102916666,26594.651677916667,201607.85105375,true
Frozen policy - 36 months,1,36,false,Base_FullClose,2024-09-30,2024,39955.9515,16381.940115,23574.011384999994,7068.441752499999,23450.3818675,218113.42068625,true
Frozen policy - 36 months,1,36,false,Base_FullClose,2024-10-31,2024,38229.6792,15674.168471999998,22555.510727999997,7694.983717166666,23369.152189166663,232973.94769708332,true
Frozen policy - 36 months,1,36,false,Base_FullClose,2024-11-30,2024,66653.70989999999,27328.021058999995,39325.688840999996,8787.36396275,36115.38502174999,263512.2725753333,true
Frozen policy - 36 months,1,36,false,Base_FullClose,2024-12-31,2024,121994.9343,50017.923063,71977.01123699998,10786.725386,60804.648449,324702.5584263333,true
Frozen policy - 36 months,1,36,false,Base_FullClose,2025-01-31,2025,85339.689,34989.272489999996,50350.416509999995,12185.348066833332,47174.620556833324,362867.6268695,true
Frozen policy - 36 months,1,36,false,Base_FullClose,2025-02-28,2025,57001.5375,23370.630374999997,33630.907125,13119.539931416664,36490.170306416665,383378.9940630833,true
Frozen policy - 36 months,1,36,false,Base_FullClose,2025-03-31,2025,57146.47379999999,23430.054257999996,33716.419541999996,14056.107140916665,37486.161398916665,403039.3064641667,true
Frozen policy - 36 months,1,36,false,Base_FullClose,2025-04-30,2025,58565.10209999999,24011.691860999996,34553.410239,15015.924091999997,39027.61595299999,422576.79261116666,true
Frozen policy - 36 months,1,36,false,Base_FullClose,2025-05-31,2025,35813.6487,14683.595967,21130.052733,15602.870001249998,30286.46596825,428103.9753429167,true
Frozen policy - 36 months,1,36,false,Base_FullClose,2025-06-30,2025,59524.8819,24405.201579,35119.680321,16578.41667683333,40983.61825583333,446645.2389870833,true
Frozen policy - 36 months,1,36,false,Base_FullClose,2025-07-31,2025,29906.150400000002,12261.521664,17644.628736000002,17068.54525283333,29330.06691683333,447221.32247024996,true
Frozen policy - 36 months,1,36,false,Base_FullClose,2025-08-31,2025,38775.2583,15897.855903,22877.402396999998,17704.028652749996,33601.884555749995,452394.69621449994,true
Frozen policy - 36 months,1,36,false,Base_FullClose,2025-09-30,2025,67163.808,27537.161279999997,39626.64672,18804.76883941666,46341.93011941666,473216.5740950833,true
Frozen policy - 36 months,1,36,false,Base_FullClose,2025-10-31,2025,43416.6591,17800.830230999996,25615.828868999997,19516.319641333328,37317.14987233332,479316.08332274994,true
Frozen policy - 36 months,1,36,false,Base_FullClose,2025-11-30,2025,103831.698,42570.996179999995,61260.70182,21218.005802999996,63789.001982999995,519358.77933974995,true
Frozen policy - 36 months,1,36,false,Base_FullClose,2025-12-31,2025,73351.2321,30074.005160999997,43277.226939,22420.15099575,52494.156156749996,540215.8552829999,true
Frozen policy - 36 months,1,36,false,Base_FullClose,2026-01-31,2026,44214.5802,18127.977882,26086.602318,23144.778837916663,41272.756719916666,543157.6787630833,true
Frozen policy - 36 months,1,36,false,Base_FullClose,2026-02-28,2026,37999.94999999999,15579.979499999998,22419.970499999992,23767.55579625,39347.53529625,541810.0934668332,true
Frozen policy - 36 months,1,36,false,Base_FullClose,2026-03-31,2026,49128.0591,20142.504231,28985.554868999996,24572.710098166666,44715.214329166665,546222.9382376666,true
Frozen policy - 36 months,1,36,false,Base_FullClose,2026-04-30,2026,84928.4301,34820.656341,50107.773758999996,25964.592702583333,60785.24904358333,570366.1192940833,true
Frozen policy - 36 months,1,36,false,Base_FullClose,2026-05-31,2026,60401.9679,24764.806838999997,35637.161061,26954.513843166664,51719.32068216666,579048.7665119166,true
Frozen policy - 36 months,1,36,false,Base_FullClose,2026-06-30,2026,70471.7556,28893.419796000002,41578.335804,28109.467615499998,57002.8874115,592517.6347004167,true
Frozen policy - 36 months,1,36,false,Base_FullClose,2026-07-31,2026,65021.82221443437,26658.947107918088,38362.87510651628,29175.103035125452,55834.05014304354,601705.4067718076,false
Frozen policy - 36 months,1,36,false,Base_FullClose,2026-08-31,2026,37950.09842104734,15559.540352629407,22390.55806841793,29797.062981470393,45356.6033340998,594298.901858755,false
Frozen policy - 36 months,1,36,false,Base_FullClose,2026-09-30,2026,31784.11508603621,13031.487185274846,18752.627900761363,30317.9693120471,43349.456497321946,582733.5604474694,false
Frozen policy - 36 months,1,36,false,Base_FullClose,2026-10-31,2026,31864.20432081882,13064.323771535715,18799.8805492831,30840.188216193852,43904.511987729566,570693.2527805587,false
Frozen policy - 36 months,1,36,false,Base_FullClose,2026-11-30,2026,62475.4798398557,25614.94673434084,36860.53310551487,31864.091913569267,57479.03864791011,575689.6939725042,false
Frozen policy - 36 months,1,36,false,Base_FullClose,2026-12-31,2026,62475.4798398557,25614.94673434084,36860.53310551487,32887.99561094468,58502.94234528552,579662.2314670745,false
Frozen policy - 36 months,1,36,false,Base_FullClose,2027-01-31,2027,62475.4798398557,25614.94673434084,36860.53310551487,33432.28164132009,59047.22837566093,583090.4829312692,false
Frozen policy - 36 months,1,36,false,Base_FullClose,2027-02-28,2027,62475.4798398557,25614.94673434084,36860.53310551487,33749.95615486217,59364.90288920301,586201.0598819219,false
Frozen policy - 36 months,1,36,false,Base_FullClose,2027-03-31,2027,62475.4798398557,25614.94673434084,36860.53310551487,33452.64556965425,59067.59230399509,589608.9474177825,false
Frozen policy - 36 months,1,36,false,Base_FullClose,2027-04-30,2027,62475.4798398557,25614.94673434084,36860.53310551487,33678.80398844633,59293.75072278717,592790.6765348511,false
Frozen policy - 36 months,1,36,false,Base_FullClose,2027-05-31,2027,62475.4798398557,25614.94673434084,36860.53310551487,33450.90848148841,59065.85521582925,596200.3011588776,false
Frozen policy - 36 months,1,36,false,Base_FullClose,2027-06-30,2027,62475.4798398557,25614.94673434084,36860.53310551487,33803.83619811382,59418.78293245466,599256.9980662786,false
Frozen policy - 36 months,1,36,false,Base_FullClose,2027-07-31,2027,62475.4798398557,25614.94673434084,36860.53310551487,34448.408220905905,60063.354955246745,601669.1229508877,false
Frozen policy - 36 months,1,36,false,Base_FullClose,2027-08-31,2027,62475.4798398557,25614.94673434084,36860.53310551487,34665.617087031314,60280.563821372154,603864.0389693712,false
Frozen policy - 36 months,1,36,false,Base_FullClose,2027-09-30,2027,62475.4798398557,25614.94673434084,36860.53310551487,35034.68713482339,60649.63386916423,605689.8849400628,false
Frozen policy - 36 months,1,36,false,Base_FullClose,2027-10-31,2027,62475.4798398557,25614.94673434084,36860.53310551487,35432.04886753214,61046.99560187298,607118.3691780455,false
Frozen policy - 36 months,1,36,false,Base_FullClose,2027-11-30,2027,62475.4798398557,25614.94673434084,36860.53310551487,35363.572319324216,60978.519053665055,608615.3299642362,false
Frozen policy - 36 months,1,36,false,Base_FullClose,2027-12-31,2027,62475.4798398557,25614.94673434084,36860.53310551487,34388.11459344963,60003.06132779047,611087.7484763011,false
Frozen policy - 36 months,1,36,false,Base_Targeted,2024-01-31,2024,29264.806800000002,11998.570788,17266.236011999998,479.6176669999999,12478.188455000001,16786.618345,true
Frozen policy - 36 months,1,36,false,Base_Targeted,2024-02-29,2024,43091.9502,17667.699581999997,25424.250618,1185.8468508333333,18853.54643283333,41025.02211216667,true
Frozen policy - 36 months,1,36,false,Base_Targeted,2024-03-31,2024,80616.4647,33052.750527,47563.714173,2507.061133416667,35559.811660416664,86081.67515175001,true
Frozen policy - 36 months,1,36,false,Base_Targeted,2024-04-30,2024,48675.9831,19957.153070999997,28718.830028999993,3304.806412,23261.959483,111495.69876875001,true
Frozen policy - 36 months,1,36,false,Base_Targeted,2024-05-31,2024,76380.9684,31316.197043999997,45064.77135599999,4556.605616333332,35872.80266033333,152003.86450841668,true
Frozen policy - 36 months,1,36,false,Base_Targeted,2024-06-30,2024,40940.9073,16785.771993000002,24155.135307,5227.581597083333,22013.353590083334,170931.41821833333,true
Frozen policy - 36 months,1,36,false,Base_Targeted,2024-07-31,2024,23145.6615,9489.721214999998,13655.940284999999,5606.913271666666,15096.634486666664,178980.44523166667,true
Frozen policy - 36 months,1,36,false,Base_Targeted,2024-08-31,2024,49222.0575,20181.043575,29041.013924999996,6413.608102916666,26594.651677916667,201607.85105375,true
Frozen policy - 36 months,1,36,false,Base_Targeted,2024-09-30,2024,39955.9515,16381.940115,23574.011384999994,7068.441752499999,23450.3818675,218113.42068625,true
Frozen policy - 36 months,1,36,false,Base_Targeted,2024-10-31,2024,38229.6792,15674.168471999998,22555.510727999997,7694.983717166666,23369.152189166663,232973.94769708332,true
Frozen policy - 36 months,1,36,false,Base_Targeted,2024-11-30,2024,66653.70989999999,27328.021058999995,39325.688840999996,8787.36396275,36115.38502174999,263512.2725753333,true
Frozen policy - 36 months,1,36,false,Base_Targeted,2024-12-31,2024,121994.9343,50017.923063,71977.01123699998,10786.725385999998,60804.648449,324702.5584263333,true
Frozen policy - 36 months,1,36,false,Base_Targeted,2025-01-31,2025,85339.689,34989.272489999996,50350.416509999995,12185.34806683333,47174.620556833324,362867.6268695,true
Frozen policy - 36 months,1,36,false,Base_Targeted,2025-02-28,2025,57001.5375,23370.630374999997,33630.907125,13119.539931416666,36490.170306416665,383378.9940630833,true
Frozen policy - 36 months,1,36,false,Base_Targeted,2025-03-31,2025,57146.47379999999,23430.054257999996,33716.419541999996,14056.107140916667,37486.161398916665,403039.3064641666,true
Frozen policy - 36 months,1,36,false,Base_Targeted,2025-04-30,2025,58565.10209999999,24011.691860999996,34553.410239,15015.924092,39027.61595299999,422576.7926111666,true
Frozen policy - 36 months,1,36,false,Base_Targeted,2025-05-31,2025,35813.6487,14683.595967,21130.052733,15602.87000125,30286.46596825,428103.9753429166,true
Frozen policy - 36 months,1,36,false,Base_Targeted,2025-06-30,2025,59524.8819,24405.201579,35119.680321,16578.41667683333,40983.61825583333,446645.2389870833,true
Frozen policy - 36 months,1,36,false,Base_Targeted,2025-07-31,2025,29906.150400000002,12261.521664,17644.628736000002,17068.54525283333,29330.06691683333,447221.32247024996,true
Frozen policy - 36 months,1,36,false,Base_Targeted,2025-08-31,2025,38775.2583,15897.855903,22877.402396999998,17704.02865275,33601.88455575,452394.69621449994,true
Frozen policy - 36 months,1,36,false,Base_Targeted,2025-09-30,2025,67163.808,27537.161279999997,39626.64672,18804.76883941667,46341.93011941666,473216.5740950833,true
Frozen policy - 36 months,1,36,false,Base_Targeted,2025-10-31,2025,43416.6591,17800.830230999996,25615.828868999997,19516.319641333328,37317.14987233332,479316.08332274994,true
Frozen policy - 36 months,1,36,false,Base_Targeted,2025-11-30,2025,103831.698,42570.996179999995,61260.70182,21218.005803,63789.001982999995,519358.77933974995,true
Frozen policy - 36 months,1,36,false,Base_Targeted,2025-12-31,2025,73351.2321,30074.005160999997,43277.226939,22420.150995749995,52494.15615674999,540215.8552829999,true
Frozen policy - 36 months,1,36,false,Base_Targeted,2026-01-31,2026,44214.5802,18127.977882,26086.602318,23144.778837916667,41272.756719916666,543157.6787630833,true
Frozen policy - 36 months,1,36,false,Base_Targeted,2026-02-28,2026,37999.94999999999,15579.979499999998,22419.970499999992,23767.555796249995,39347.53529624999,541810.0934668334,true
Frozen policy - 36 months,1,36,false,Base_Targeted,2026-03-31,2026,49128.0591,20142.504231,28985.554868999996,24572.710098166666,44715.214329166665,546222.9382376667,true
Frozen policy - 36 months,1,36,false,Base_Targeted,2026-04-30,2026,84928.4301,34820.656341,50107.773758999996,25964.59270258333,60785.24904358333,570366.1192940834,true
Frozen policy - 36 months,1,36,false,Base_Targeted,2026-05-31,2026,60401.9679,24764.806838999997,35637.161061,26954.513843166664,51719.32068216666,579048.7665119168,true
Frozen policy - 36 months,1,36,false,Base_Targeted,2026-06-30,2026,70471.7556,28893.419796000002,41578.335804,28109.467615499998,57002.8874115,592517.6347004168,true
Frozen policy - 36 months,1,36,false,Base_Targeted,2026-07-31,2026,65021.82221443437,26658.947107918088,38362.87510651628,29175.103035125452,55834.05014304354,601705.4067718077,false
Frozen policy - 36 months,1,36,false,Base_Targeted,2026-08-31,2026,37950.09842104734,15559.540352629407,22390.55806841793,29797.062981470393,45356.6033340998,594298.9018587549,false
Frozen policy - 36 months,1,36,false,Base_Targeted,2026-09-30,2026,31784.11508603621,13031.487185274846,18752.627900761363,30317.969312047095,43349.45649732194,582733.5604474692,false
Frozen policy - 36 months,1,36,false,Base_Targeted,2026-10-31,2026,31864.20432081882,13064.323771535715,18799.8805492831,30840.18821619385,43904.511987729566,570693.2527805585,false
Frozen policy - 36 months,1,36,false,Base_Targeted,2026-11-30,2026,62433.46111569464,25597.719057434802,36835.74205825984,31863.403273367734,57461.12233080254,575665.5915654507,false
Frozen policy - 36 months,1,36,false,Base_Targeted,2026-12-31,2026,62475.4798398557,25614.94673434084,36860.53310551487,32887.30697074315,58502.25370508399,579638.8177002224,false
Frozen policy - 36 months,1,36,false,Base_Targeted,2027-01-31,2027,62475.4798398557,25614.94673434084,36860.53310551487,33431.59300111856,59046.5397354594,583067.7578046187,false
Frozen policy - 36 months,1,36,false,Base_Targeted,2027-02-28,2027,62283.76452324122,25536.3434545289,36747.42106871232,33746.12551363835,59282.468968167246,586069.0533596927,false
Frozen policy - 36 months,1,36,false,Base_Targeted,2027-03-31,2027,62066.415110500864,25447.230195305354,36619.18491519551,33442.11081203267,58889.34100733802,589246.1274628555,false
Frozen policy - 36 months,1,36,false,Base_Targeted,2027-04-30,2027,61854.45159472648,25360.325153837854,36494.12644088862,33658.09126791846,59018.416421756316,592082.1626358257,false
Frozen policy - 36 months,1,36,false,Base_Targeted,2027-05-31,2027,61647.74051392356,25275.573610708656,36372.1669032149,33416.630033118876,58692.20364382753,595037.6995059217,false
Frozen policy - 36 months,1,36,false,Base_Targeted,2027-06-30,2027,61446.15171327262,25192.922202441776,36253.229510830846,33752.68820544751,58945.61040788929,597538.240811305,false
Frozen policy - 36 months,1,36,false,Base_Targeted,2027-07-31,2027,61249.55826317778,25112.31888790289,36137.23937527489,34377.16873573293,59489.48762363582,599298.311450847,false
Frozen policy - 36 months,1,36,false,Base_Targeted,2027-08-31,2027,61057.83637934596,25033.71291553184,36024.12346381412,34571.144000699984,59604.85691623182,600751.2909139611,false
Frozen policy - 36 months,1,36,false,Base_Targeted,2027-09-30,2027,60870.865344846636,24957.05479138712,35913.810553459516,34913.91619982386,59870.97099121098,601751.1852675967,false
Frozen policy - 36 months,1,36,false,Base_Targeted,2027-10-31,2027,60688.527434102914,24882.296247982194,35806.23118612072,35281.99176810499,60164.28801608719,602275.4246856124,false
Frozen policy - 36 months,1,36,false,Base_Targeted,2027-11-30,2027,60510.70783876605,24809.39021389408,35701.31762487197,35181.31478987921,59990.705003773284,602795.4275206052,false
Frozen policy - 36 months,1,36,false,Base_Targeted,2027-12-31,2027,60337.294595426814,24738.29078412499,35599.00381130182,34170.81458360983,58909.10536773482,604223.6167482971,false
Frozen policy - 36 months,1,36,false,Bear,2024-01-31,2024,29264.806800000002,11998.570788,17266.236011999998,479.6176669999999,12478.188455000001,16786.618345,true
Frozen policy - 36 months,1,36,false,Bear,2024-02-29,2024,43091.9502,17667.699581999997,25424.250618,1185.8468508333333,18853.54643283333,41025.02211216667,true
Frozen policy - 36 months,1,36,false,Bear,2024-03-31,2024,80616.4647,33052.750527,47563.714173,2507.061133416667,35559.811660416664,86081.67515175001,true
Frozen policy - 36 months,1,36,false,Bear,2024-04-30,2024,48675.9831,19957.153070999997,28718.830028999993,3304.806412,23261.959483,111495.69876875001,true
Frozen policy - 36 months,1,36,false,Bear,2024-05-31,2024,76380.9684,31316.197043999997,45064.77135599999,4556.605616333332,35872.80266033333,152003.86450841668,true
Frozen policy - 36 months,1,36,false,Bear,2024-06-30,2024,40940.9073,16785.771993000002,24155.135307,5227.581597083333,22013.353590083334,170931.41821833333,true
Frozen policy - 36 months,1,36,false,Bear,2024-07-31,2024,23145.6615,9489.721214999998,13655.940284999999,5606.913271666666,15096.634486666664,178980.44523166667,true
Frozen policy - 36 months,1,36,false,Bear,2024-08-31,2024,49222.0575,20181.043575,29041.013924999996,6413.608102916666,26594.651677916667,201607.85105375,true
Frozen policy - 36 months,1,36,false,Bear,2024-09-30,2024,39955.9515,16381.940115,23574.011384999994,7068.441752499999,23450.3818675,218113.42068625,true
Frozen policy - 36 months,1,36,false,Bear,2024-10-31,2024,38229.6792,15674.168471999998,22555.510727999997,7694.983717166666,23369.152189166663,232973.94769708332,true
Frozen policy - 36 months,1,36,false,Bear,2024-11-30,2024,66653.70989999999,27328.021058999995,39325.688840999996,8787.363962749998,36115.38502174999,263512.2725753333,true
Frozen policy - 36 months,1,36,false,Bear,2024-12-31,2024,121994.9343,50017.923063,71977.01123699998,10786.725385999998,60804.648449,324702.5584263333,true
Frozen policy - 36 months,1,36,false,Bear,2025-01-31,2025,85339.689,34989.272489999996,50350.416509999995,12185.348066833332,47174.620556833324,362867.6268695,true
Frozen policy - 36 months,1,36,false,Bear,2025-02-28,2025,57001.5375,23370.630374999997,33630.907125,13119.539931416666,36490.170306416665,383378.9940630833,true
Frozen policy - 36 months,1,36,false,Bear,2025-03-31,2025,57146.47379999999,23430.054257999996,33716.419541999996,14056.107140916665,37486.161398916665,403039.3064641667,true
Frozen policy - 36 months,1,36,false,Bear,2025-04-30,2025,58565.10209999999,24011.691860999996,34553.410239,15015.924092,39027.61595299999,422576.79261116666,true
Frozen policy - 36 months,1,36,false,Bear,2025-05-31,2025,35813.6487,14683.595967,21130.052733,15602.87000125,30286.46596825,428103.9753429167,true
Frozen policy - 36 months,1,36,false,Bear,2025-06-30,2025,59524.8819,24405.201579,35119.680321,16578.41667683333,40983.61825583333,446645.2389870833,true
Frozen policy - 36 months,1,36,false,Bear,2025-07-31,2025,29906.150400000002,12261.521664,17644.628736000002,17068.545252833334,29330.066916833333,447221.32247024996,true
Frozen policy - 36 months,1,36,false,Bear,2025-08-31,2025,38775.2583,15897.855903,22877.402396999998,17704.02865275,33601.88455575,452394.69621449994,true
Frozen policy - 36 months,1,36,false,Bear,2025-09-30,2025,67163.808,27537.161279999997,39626.64672,18804.768839416665,46341.93011941666,473216.5740950833,true
Frozen policy - 36 months,1,36,false,Bear,2025-10-31,2025,43416.6591,17800.830230999996,25615.828868999997,19516.319641333335,37317.149872333335,479316.08332274994,true
Frozen policy - 36 months,1,36,false,Bear,2025-11-30,2025,103831.698,42570.996179999995,61260.70182,21218.005803,63789.001982999995,519358.77933974995,true
Frozen policy - 36 months,1,36,false,Bear,2025-12-31,2025,73351.2321,30074.005160999997,43277.226939,22420.150995750002,52494.15615675,540215.8552829999,true
Frozen policy - 36 months,1,36,false,Bear,2026-01-31,2026,44214.5802,18127.977882,26086.602318,23144.778837916667,41272.756719916666,543157.6787630833,true
Frozen policy - 36 months,1,36,false,Bear,2026-02-28,2026,37999.94999999999,15579.979499999998,22419.970499999992,23767.55579625,39347.53529625,541810.0934668332,true
Frozen policy - 36 months,1,36,false,Bear,2026-03-31,2026,49128.0591,20142.504231,28985.554868999996,24572.710098166666,44715.214329166665,546222.9382376666,true
Frozen policy - 36 months,1,36,false,Bear,2026-04-30,2026,84928.4301,34820.656341,50107.773758999996,25964.592702583333,60785.24904358333,570366.1192940833,true
Frozen policy - 36 months,1,36,false,Bear,2026-05-31,2026,60401.9679,24764.806838999997,35637.161061,26954.513843166667,51719.32068216667,579048.7665119166,true
Frozen policy - 36 months,1,36,false,Bear,2026-06-30,2026,70471.7556,28893.419796000002,41578.335804,28109.4676155,57002.88741150001,592517.6347004167,true
Frozen policy - 36 months,1,36,false,Bear,2026-07-31,2026,55268.5488822692,22660.10504173037,32608.44384053883,29015.257722181635,51675.36276391201,596110.8208187739,false
Frozen policy - 36 months,1,36,false,Bear,2026-08-31,2026,32257.583657890234,13225.609299734995,19031.974358155236,29543.923676574832,42769.53297630983,585598.8715003543,false
Frozen policy - 36 months,1,36,false,Bear,2026-09-30,2026,27016.497823130772,11076.764107483617,15939.733715647155,29986.69405756503,41063.45816504865,571551.9111584364,false
Frozen policy - 36 months,1,36,false,Bear,2026-10-31,2026,27084.57367269599,11104.675205805355,15979.898466890634,30430.58012608977,41535.255331895125,557101.2294992373,false
Frozen policy - 36 months,1,36,false,Bear,2026-11-30,2026,47727.261267119335,19568.17711951893,28159.084147600406,31212.776907967564,50780.95402748649,554047.5367388701,false
Frozen policy - 36 months,1,36,false,Bear,2026-12-31,2026,47727.261267119335,19568.17711951893,28159.084147600406,31994.973689845352,51563.15080936428,550211.6471966251,false
Frozen policy - 36 months,1,36,false,Bear,2027-01-31,2027,47727.261267119335,19568.17711951893,28159.084147600406,32297.55280472314,51865.72992424207,546073.1785395024,false
Frozen policy - 36 months,1,36,false,Bear,2027-02-28,2027,47727.261267119335,19568.17711951893,28159.084147600406,32373.520402767597,51941.69752228653,541858.7422843352,false
Frozen policy - 36 months,1,36,false,Bear,2027-03-31,2027,47727.261267119335,19568.17711951893,28159.084147600406,31834.502902062053,51402.68002158098,538183.3235298735,false
Frozen policy - 36 months,1,36,false,Bear,2027-04-30,2027,47727.261267119335,19568.17711951893,28159.084147600406,31818.954405356508,51387.13152487544,534523.4532721174,false
Frozen policy - 36 months,1,36,false,Bear,2027-05-31,2027,47727.261267119335,19568.17711951893,28159.084147600406,31349.351982900964,50917.529102419896,531333.1854368169,false
Frozen policy - 36 months,1,36,false,Bear,2027-06-30,2027,47727.261267119335,19568.17711951893,28159.084147600406,31460.57278402875,51028.74990354768,528031.6968003885,false
Frozen policy - 36 months,1,36,false,Bear,2027-07-31,2027,47727.261267119335,19568.17711951893,28159.084147600406,31863.437891323207,51431.615010842135,524327.3430566657,false
Frozen policy - 36 months,1,36,false,Bear,2027-08-31,2027,47727.261267119335,19568.17711951893,28159.084147600406,31838.939841950996,51407.116961469925,520647.4873623151,false
Frozen policy - 36 months,1,36,false,Bear,2027-09-30,2027,47727.261267119335,19568.17711951893,28159.084147600406,31966.302974245453,51534.48009376438,516840.26853567007,false
Frozen policy - 36 months,1,36,false,Bear,2027-10-31,2027,47727.261267119335,19568.17711951893,28159.084147600406,32121.957791456574,51690.1349109755,512877.3948918139,false
Frozen policy - 36 months,1,36,false,Bear,2027-11-30,2027,47727.261267119335,19568.17711951893,28159.084147600406,31811.774327751027,51379.95144726995,509224.7047116633,false
Frozen policy - 36 months,1,36,false,Bear,2027-12-31,2027,47727.261267119335,19568.17711951893,28159.084147600406,30594.60968637882,50162.78680589775,506789.1791728849,false
Frozen policy - 36 months,1,36,false,Bull,2024-01-31,2024,29264.806800000002,11998.570788,17266.236011999998,479.6176669999999,12478.188455000001,16786.618345,true
Frozen policy - 36 months,1,36,false,Bull,2024-02-29,2024,43091.9502,17667.699581999997,25424.250618,1185.8468508333333,18853.54643283333,41025.02211216667,true
Frozen policy - 36 months,1,36,false,Bull,2024-03-31,2024,80616.4647,33052.750527,47563.714173,2507.061133416667,35559.811660416664,86081.67515175001,true
Frozen policy - 36 months,1,36,false,Bull,2024-04-30,2024,48675.9831,19957.153070999997,28718.830028999993,3304.806412,23261.959483,111495.69876875001,true
Frozen policy - 36 months,1,36,false,Bull,2024-05-31,2024,76380.9684,31316.197043999997,45064.77135599999,4556.605616333333,35872.80266033333,152003.86450841668,true
Frozen policy - 36 months,1,36,false,Bull,2024-06-30,2024,40940.9073,16785.771993000002,24155.135307,5227.581597083333,22013.353590083334,170931.41821833333,true
Frozen policy - 36 months,1,36,false,Bull,2024-07-31,2024,23145.6615,9489.721214999998,13655.940284999999,5606.913271666666,15096.634486666664,178980.44523166667,true
Frozen policy - 36 months,1,36,false,Bull,2024-08-31,2024,49222.0575,20181.043575,29041.013924999996,6413.608102916666,26594.651677916667,201607.85105375,true
Frozen policy - 36 months,1,36,false,Bull,2024-09-30,2024,39955.9515,16381.940115,23574.011384999994,7068.4417525,23450.3818675,218113.42068625,true
Frozen policy - 36 months,1,36,false,Bull,2024-10-31,2024,38229.6792,15674.168471999998,22555.510727999997,7694.983717166665,23369.152189166663,232973.94769708332,true
Frozen policy - 36 months,1,36,false,Bull,2024-11-30,2024,66653.70989999999,27328.021058999995,39325.688840999996,8787.363962749998,36115.38502174999,263512.2725753333,true
Frozen policy - 36 months,1,36,false,Bull,2024-12-31,2024,121994.9343,50017.923063,71977.01123699998,10786.725385999998,60804.648449,324702.5584263333,true
Frozen policy - 36 months,1,36,false,Bull,2025-01-31,2025,85339.689,34989.272489999996,50350.416509999995,12185.348066833332,47174.620556833324,362867.6268695,true
Frozen policy - 36 months,1,36,false,Bull,2025-02-28,2025,57001.5375,23370.630374999997,33630.907125,13119.539931416664,36490.170306416665,383378.9940630833,true
Frozen policy - 36 months,1,36,false,Bull,2025-03-31,2025,57146.47379999999,23430.054257999996,33716.419541999996,14056.107140916665,37486.161398916665,403039.3064641667,true
Frozen policy - 36 months,1,36,false,Bull,2025-04-30,2025,58565.10209999999,24011.691860999996,34553.410239,15015.924091999997,39027.61595299999,422576.79261116666,true
Frozen policy - 36 months,1,36,false,Bull,2025-05-31,2025,35813.6487,14683.595967,21130.052733,15602.870001249998,30286.46596825,428103.9753429167,true
Frozen policy - 36 months,1,36,false,Bull,2025-06-30,2025,59524.8819,24405.201579,35119.680321,16578.41667683333,40983.61825583333,446645.2389870833,true
Frozen policy - 36 months,1,36,false,Bull,2025-07-31,2025,29906.150400000002,12261.521664,17644.628736000002,17068.54525283333,29330.06691683333,447221.32247024996,true
Frozen policy - 36 months,1,36,false,Bull,2025-08-31,2025,38775.2583,15897.855903,22877.402396999998,17704.028652749996,33601.884555749995,452394.69621449994,true
Frozen policy - 36 months,1,36,false,Bull,2025-09-30,2025,67163.808,27537.161279999997,39626.64672,18804.76883941666,46341.93011941666,473216.5740950833,true
Frozen policy - 36 months,1,36,false,Bull,2025-10-31,2025,43416.6591,17800.830230999996,25615.828868999997,19516.319641333328,37317.14987233332,479316.08332274994,true
Frozen policy - 36 months,1,36,false,Bull,2025-11-30,2025,103831.698,42570.996179999995,61260.70182,21218.005802999996,63789.001982999995,519358.77933974995,true
Frozen policy - 36 months,1,36,false,Bull,2025-12-31,2025,73351.2321,30074.005160999997,43277.226939,22420.150995749995,52494.15615674999,540215.8552829999,true
Frozen policy - 36 months,1,36,false,Bull,2026-01-31,2026,44214.5802,18127.977882,26086.602318,23144.778837916667,41272.756719916666,543157.6787630833,true
Frozen policy - 36 months,1,36,false,Bull,2026-02-28,2026,37999.94999999999,15579.979499999998,22419.970499999992,23767.555796250002,39347.535296250004,541810.0934668332,true
Frozen policy - 36 months,1,36,false,Bull,2026-03-31,2026,49128.0591,20142.504231,28985.554868999996,24572.710098166666,44715.214329166665,546222.9382376666,true
Frozen policy - 36 months,1,36,false,Bull,2026-04-30,2026,84928.4301,34820.656341,50107.773758999996,25964.592702583337,60785.24904358334,570366.1192940833,true
Frozen policy - 36 months,1,36,false,Bull,2026-05-31,2026,60401.9679,24764.806838999997,35637.161061,26954.51384316667,51719.32068216667,579048.7665119166,true
Frozen policy - 36 months,1,36,false,Bull,2026-06-30,2026,70471.7556,28893.419796000002,41578.335804,28109.467615500005,57002.88741150001,592517.6347004166,true
Frozen policy - 36 months,1,36,false,Bull,2026-07-31,2026,76317.42936307524,31290.146038860847,45027.28332421439,29360.22548561707,60650.371524477916,608184.6925390139,false
Frozen policy - 36 months,1,36,false,Bull,2026-08-31,2026,45184.947000680164,18525.828270278867,26659.118730401293,30100.756561461552,48626.584831740416,604743.0547079537,false
Frozen policy - 36 months,1,36,false,Bull,2026-09-30,2026,38094.06616541737,15618.56712782112,22475.499037596244,30725.075979172558,46343.64310699368,596493.4777663774,false
Frozen policy - 36 months,1,36,false,Bull,2026-10-31,2026,38186.168785417365,15656.32920202112,22529.839583396246,31350.90485648912,47007.234058510236,587672.4124932846,false
Frozen policy - 36 months,1,36,false,Bull,2026-11-30,2026,79240.79661901675,32488.72661379687,46752.07000521988,32649.573467745227,65138.3000815421,601774.9090307592,false
Frozen policy - 36 months,1,36,false,Bull,2026-12-31,2026,79587.76405525072,32630.983262652793,46956.78079259792,33953.928489761834,66584.91175241463,614777.7613335954,false
Frozen policy - 36 months,1,36,false,Bull,2027-01-31,2027,79324.94852504143,32523.228895266984,46801.71962977444,34774.35859025557,67297.58748552256,626805.1223731142,false
Frozen policy - 36 months,1,36,false,Bull,2027-02-28,2027,79068.64553769532,32418.144670455076,46650.50086724023,35363.97665273447,67782.12132318955,638091.64658762,false
Frozen policy - 36 months,1,36,false,Bull,2027-03-31,2027,78818.6937130439,32315.664422348003,46503.02929069591,35334.51318378157,67650.17760612958,649260.1626945344,false
Frozen policy - 36 months,1,36,false,Bull,2027-04-30,2027,78574.93566990337,32215.72362466038,46359.21204524298,35824.52379534388,68040.24742000425,659794.8509444335,false
Frozen policy - 36 months,1,36,false,Bull,2027-05-31,2027,78337.21792698,32118.259350061802,46218.9585769182,35856.5845514805,67974.8439015423,670157.2249698712,false
Frozen policy - 36 months,1,36,false,Bull,2027-06-30,2027,78105.39080623144,32023.21023055489,46082.180575676546,36465.66914227707,68488.87937283196,679773.7364032707,false
Frozen policy - 36 months,1,36,false,Bull,2027-07-31,2027,77879.30833862236,31930.516418835163,45948.79191978719,37362.69279879893,69293.2092176341,688359.835524259,false
Frozen policy - 36 months,1,36,false,Bull,2027-08-31,2027,77658.82817221576,31840.119550608462,45818.70862160729,37828.73987370469,69668.85942431315,696349.8042721616,false
Frozen policy - 36 months,1,36,false,Bull,2027-09-30,2027,77443.81148254155,31751.96270784203,45691.84877469951,38443.124245640785,70195.08695348282,703598.5288012202,false
Frozen policy - 36 months,1,36,false,Bull,2027-10-31,2027,77234.12288518627,31665.99038292637,45568.1325022599,39082.36373937023,70748.3541222966,710084.2975641099,false
Frozen policy - 36 months,1,36,false,Bull,2027-11-30,2027,76723.77816629245,31456.749048179903,45267.02911811255,39247.40096929002,70704.15001746992,716103.9257129325,false
Frozen policy - 36 months,1,36,false,Bull,2027-12-31,2027,76211.94850516034,31246.898887115734,44965.04961804459,38497.06870209681,69743.96758921255,722571.9066288801,false
Useful life - 24 months,2,24,false,Base,2024-01-31,2024,29264.806800000002,11998.570788,17266.236011999998,719.4265004999999,12717.9972885,16546.809511499996,true
Useful life - 24 months,2,24,false,Base,2024-02-29,2024,43091.9502,17667.699581999997,25424.250618,1778.7702762499998,19446.46985825,40192.28985325,true
Useful life - 24 months,2,24,false,Base,2024-03-31,2024,80616.4647,33052.750527,47563.714173,3760.591700125,36813.342227124995,83995.41232612499,true
Useful life - 24 months,2,24,false,Base,2024-04-30,2024,48675.9831,19957.153070999997,28718.830028999993,4957.209617999999,24914.362688999994,107757.03273712499,true
Useful life - 24 months,2,24,false,Base,2024-05-31,2024,76380.9684,31316.197043999997,45064.77135599999,6834.908424499999,38151.1054685,145986.895668625,true
Useful life - 24 months,2,24,false,Base,2024-06-30,2024,40940.9073,16785.771993000002,24155.135307,7841.372395624999,24627.144388625,162300.65858,true
Useful life - 24 months,2,24,false,Base,2024-07-31,2024,23145.6615,9489.721214999998,13655.940284999999,8410.369907499999,17900.091122499995,167546.2289575,true
Useful life - 24 months,2,24,false,Base,2024-08-31,2024,49222.0575,20181.043575,29041.013924999996,9620.412154374999,29801.455729374997,186966.830728125,true
Useful life - 24 months,2,24,false,Base,2024-09-30,2024,39955.9515,16381.940115,23574.011384999994,10602.662628749998,26984.602743749998,199938.179484375,true
Useful life - 24 months,2,24,false,Base,2024-10-31,2024,38229.6792,15674.168471999998,22555.510727999997,11542.475575749999,27216.644047749996,210951.214636625,true
Useful life - 24 months,2,24,false,Base,2024-11-30,2024,66653.70989999999,27328.021058999995,39325.688840999996,13181.045944124999,40509.06700312499,237095.8575335,true
Useful life - 24 months,2,24,false,Base,2024-12-31,2024,121994.9343,50017.923063,71977.01123699998,16180.088078999997,66198.011142,292892.7806915,true
Useful life - 24 months,2,24,false,Base,2025-01-31,2025,85339.689,34989.272489999996,50350.416509999995,18278.022100249997,53267.29459024999,324965.17510125,true
Useful life - 24 months,2,24,false,Base,2025-02-28,2025,57001.5375,23370.630374999997,33630.907125,19679.309897124996,43049.94027212499,338916.77232912503,true
Useful life - 24 months,2,24,false,Base,2025-03-31,2025,57146.47379999999,23430.054257999996,33716.419541999996,21084.160711374996,44514.214969374996,351549.03115975,true
Useful life - 24 months,2,24,false,Base,2025-04-30,2025,58565.10209999999,24011.691860999996,34553.410239,22523.886137999998,46535.577998999994,363578.55526075,true
Useful life - 24 months,2,24,false,Base,2025-05-31,2025,35813.6487,14683.595967,21130.052733,23404.305001874996,38087.900968874994,361304.302991875,true
Useful life - 24 months,2,24,false,Base,2025-06-30,2025,59524.8819,24405.201579,35119.680321,24867.625015249996,49272.82659425,371556.358297625,true
Useful life - 24 months,2,24,false,Base,2025-07-31,2025,29906.150400000002,12261.521664,17644.628736000002,25602.817879249997,37864.33954325,363598.169154375,true
Useful life - 24 months,2,24,false,Base,2025-08-31,2025,38775.2583,15897.855903,22877.402396999998,26556.042979125,42453.898882124995,359919.52857225,true
Useful life - 24 months,2,24,false,Base,2025-09-30,2025,67163.808,27537.161279999997,39626.64672,28207.153259125,55744.314539125,371339.022033125,true
Useful life - 24 months,2,24,false,Base,2025-10-31,2025,43416.6591,17800.830230999996,25615.828868999997,29274.479462,47075.309692999996,367680.371440125,true
Useful life - 24 months,2,24,false,Base,2025-11-30,2025,103831.698,42570.996179999995,61260.70182,31827.0087045,74398.0048845,397114.06455562497,true
Useful life - 24 months,2,24,false,Base,2025-12-31,2025,73351.2321,30074.005160999997,43277.226939,33630.226493625,63704.23165462499,406761.06500099995,true
Useful life - 24 months,2,24,false,Base,2026-01-31,2026,44214.5802,18127.977882,26086.602318,33997.741756375,52125.719638375,398849.92556262494,true
Useful life - 24 months,2,24,false,Base,2026-02-28,2026,37999.94999999999,15579.979499999998,22419.970499999992,33872.563418125,49452.54291812499,387397.33264449995,true
Useful life - 24 months,2,24,false,Base,2026-03-31,2026,49128.0591,20142.504231,28985.554868999996,33098.473447125,53240.977678125,383284.41406637494,true
Useful life - 24 months,2,24,false,Base,2026-04-30,2026,84928.4301,34820.656341,50107.773758999996,33989.679435875,68810.335776875,399402.50838949997,true
Useful life - 24 months,2,24,false,Base,2026-05-31,2026,60401.9679,24764.806838999997,35637.161061,33596.86234025,58361.66917925,401442.80711025,true
Useful life - 24 months,2,24,false,Base,2026-06-30,2026,70471.7556,28893.419796000002,41578.335804,34322.829027625,63216.248823625,408698.313886625,true
Useful life - 24 months,2,24,false,Base,2026-07-31,2026,65021.82221443437,26658.947107918088,38362.87510651628,35352.28464518818,62011.231753106265,411708.9043479531,false
Useful life - 24 months,2,24,false,Base,2026-08-31,2026,37950.09842104734,15559.540352629407,22390.55806841793,35075.182317830586,50634.72267045999,399024.2800985405,false
Useful life - 24 months,2,24,false,Base,2026-09-30,2026,31784.11508603621,13031.487185274846,18752.627900761363,34874.29133932065,47905.778524595495,382902.6166599812,false
Useful life - 24 months,2,24,false,Base,2026-10-31,2026,31864.20432081882,13064.323771535715,18799.8805492831,34717.806748540774,47782.13052007649,366984.69046072353,false
Useful life - 24 months,2,24,false,Base,2026-11-30,2026,62433.46111569464,25597.719057434802,36835.74205825984,34614.058965926604,60211.7780233614,369206.3735530568,false
Useful life - 24 months,2,24,false,Base,2026-12-31,2026,62475.4798398557,25614.94673434084,36860.53310551487,33150.87237711472,58765.81911145556,372916.03428145696,false
Useful life - 24 months,2,24,false,Base,2027-01-31,2027,62475.4798398557,25614.94673434084,36860.53310551487,32588.793901927842,58203.74063626868,377187.773485044,false
Useful life - 24 months,2,24,false,Base,2027-02-28,2027,62283.76452324122,25536.3434545289,36747.42106871232,32718.648649582523,58254.99210411142,381216.5459041738,false
Useful life - 24 months,2,24,false,Base,2027-03-31,2027,62066.415110500864,25447.230195305354,36619.18491519551,32839.597206799,58286.827402104354,384996.1336125703,false
Useful life - 24 months,2,24,false,Base,2027-04-30,2027,61854.45159472648,25360.325153837854,36494.12644088862,32920.460381877696,58280.78553571555,388569.79967158125,false
Useful life - 24 months,2,24,false,Base,2027-05-31,2027,61647.74051392356,25275.573610708656,36372.1669032149,33555.548472303315,58831.12208301197,391386.4181024928,false
Useful life - 24 months,2,24,false,Base,2027-06-30,2027,61446.15171327262,25192.922202441776,36253.229510830846,33602.779688546274,58795.70189098805,394036.8679247774,false
Useful life - 24 months,2,24,false,Base,2027-07-31,2027,61249.55826317778,25112.31888790289,36137.23937527489,34373.305131849396,59485.624019752286,395800.8021682029,false
Useful life - 24 months,2,24,false,Base,2027-08-31,2027,61057.83637934596,25033.71291553184,36024.12346381412,34921.08517629998,59954.79809183182,396903.840455717,false
Useful life - 24 months,2,24,false,Base,2027-09-30,2027,60870.865344846636,24957.05479138712,35913.810553459516,34766.38366936079,59723.43846074791,398051.26733981573,false
Useful life - 24 months,2,24,false,Base,2027-10-31,2027,60688.527434102914,24882.296247982194,35806.23118612072,35190.98376590749,60073.280013889686,398666.514760029,false
Useful life - 24 months,2,24,false,Base,2027-11-30,2027,60510.70783876605,24809.39021389408,35701.31762487197,34126.00942444382,58935.3996383379,400241.8229604571,false
Useful life - 24 months,2,24,false,Base,2027-12-31,2027,60337.294595426814,24738.29078412499,35599.00381130182,33806.083460789734,58544.374244914725,402034.74331096915,false
Useful life - 24 months,2,24,false,Base_FullClose,2024-01-31,2024,29264.806800000002,11998.570788,17266.236011999998,719.4265004999999,12717.9972885,16546.809511499996,true
Useful life - 24 months,2,24,false,Base_FullClose,2024-02-29,2024,43091.9502,17667.699581999997,25424.250618,1778.7702762499998,19446.46985825,40192.28985325,true
Useful life - 24 months,2,24,false,Base_FullClose,2024-03-31,2024,80616.4647,33052.750527,47563.714173,3760.591700125,36813.342227124995,83995.41232612499,true
Useful life - 24 months,2,24,false,Base_FullClose,2024-04-30,2024,48675.9831,19957.153070999997,28718.830028999993,4957.209617999999,24914.362688999994,107757.03273712499,true
Useful life - 24 months,2,24,false,Base_FullClose,2024-05-31,2024,76380.9684,31316.197043999997,45064.77135599999,6834.908424499999,38151.1054685,145986.895668625,true
Useful life - 24 months,2,24,false,Base_FullClose,2024-06-30,2024,40940.9073,16785.771993000002,24155.135307,7841.372395624999,24627.144388625,162300.65858,true
Useful life - 24 months,2,24,false,Base_FullClose,2024-07-31,2024,23145.6615,9489.721214999998,13655.940284999999,8410.369907499999,17900.091122499995,167546.2289575,true
Useful life - 24 months,2,24,false,Base_FullClose,2024-08-31,2024,49222.0575,20181.043575,29041.013924999996,9620.412154374999,29801.455729374997,186966.830728125,true
Useful life - 24 months,2,24,false,Base_FullClose,2024-09-30,2024,39955.9515,16381.940115,23574.011384999994,10602.662628749998,26984.602743749998,199938.179484375,true
Useful life - 24 months,2,24,false,Base_FullClose,2024-10-31,2024,38229.6792,15674.168471999998,22555.510727999997,11542.475575749999,27216.644047749996,210951.214636625,true
Useful life - 24 months,2,24,false,Base_FullClose,2024-11-30,2024,66653.70989999999,27328.021058999995,39325.688840999996,13181.045944124999,40509.06700312499,237095.8575335,true
Useful life - 24 months,2,24,false,Base_FullClose,2024-12-31,2024,121994.9343,50017.923063,71977.01123699998,16180.088078999997,66198.011142,292892.7806915,true
Useful life - 24 months,2,24,false,Base_FullClose,2025-01-31,2025,85339.689,34989.272489999996,50350.416509999995,18278.022100249997,53267.29459024999,324965.17510125,true
Useful life - 24 months,2,24,false,Base_FullClose,2025-02-28,2025,57001.5375,23370.630374999997,33630.907125,19679.309897124996,43049.94027212499,338916.77232912503,true
Useful life - 24 months,2,24,false,Base_FullClose,2025-03-31,2025,57146.47379999999,23430.054257999996,33716.419541999996,21084.160711374996,44514.214969374996,351549.03115975,true
Useful life - 24 months,2,24,false,Base_FullClose,2025-04-30,2025,58565.10209999999,24011.691860999996,34553.410239,22523.886137999998,46535.577998999994,363578.55526075,true
Useful life - 24 months,2,24,false,Base_FullClose,2025-05-31,2025,35813.6487,14683.595967,21130.052733,23404.305001874996,38087.900968874994,361304.302991875,true
Useful life - 24 months,2,24,false,Base_FullClose,2025-06-30,2025,59524.8819,24405.201579,35119.680321,24867.625015249996,49272.82659425,371556.358297625,true
Useful life - 24 months,2,24,false,Base_FullClose,2025-07-31,2025,29906.150400000002,12261.521664,17644.628736000002,25602.817879249993,37864.33954325,363598.169154375,true
Useful life - 24 months,2,24,false,Base_FullClose,2025-08-31,2025,38775.2583,15897.855903,22877.402396999998,26556.042979124995,42453.898882124995,359919.52857225,true
Useful life - 24 months,2,24,false,Base_FullClose,2025-09-30,2025,67163.808,27537.161279999997,39626.64672,28207.153259124996,55744.31453912499,371339.022033125,true
Useful life - 24 months,2,24,false,Base_FullClose,2025-10-31,2025,43416.6591,17800.830230999996,25615.828868999997,29274.479461999992,47075.30969299999,367680.371440125,true
Useful life - 24 months,2,24,false,Base_FullClose,2025-11-30,2025,103831.698,42570.996179999995,61260.70182,31827.008704499993,74398.00488449998,397114.064555625,true
Useful life - 24 months,2,24,false,Base_FullClose,2025-12-31,2025,73351.2321,30074.005160999997,43277.226939,33630.226493625,63704.23165462499,406761.065001,true
Useful life - 24 months,2,24,false,Base_FullClose,2026-01-31,2026,44214.5802,18127.977882,26086.602318,33997.741756375,52125.719638375,398849.925562625,true
Useful life - 24 months,2,24,false,Base_FullClose,2026-02-28,2026,37999.94999999999,15579.979499999998,22419.970499999992,33872.563418125,49452.54291812499,387397.3326445,true
Useful life - 24 months,2,24,false,Base_FullClose,2026-03-31,2026,49128.0591,20142.504231,28985.554868999996,33098.473447125,53240.977678125,383284.414066375,true
Useful life - 24 months,2,24,false,Base_FullClose,2026-04-30,2026,84928.4301,34820.656341,50107.773758999996,33989.679435875,68810.335776875,399402.50838949997,true
Useful life - 24 months,2,24,false,Base_FullClose,2026-05-31,2026,60401.9679,24764.806838999997,35637.161061,33596.862340249994,58361.66917924999,401442.80711025,true
Useful life - 24 months,2,24,false,Base_FullClose,2026-06-30,2026,70471.7556,28893.419796000002,41578.335804,34322.829027625,63216.248823625,408698.313886625,true
Useful life - 24 months,2,24,false,Base_FullClose,2026-07-31,2026,65021.82221443437,26658.947107918088,38362.87510651628,35352.28464518818,62011.231753106265,411708.9043479531,false
Useful life - 24 months,2,24,false,Base_FullClose,2026-08-31,2026,37950.09842104734,15559.540352629407,22390.55806841793,35075.18231783059,50634.72267046,399024.2800985405,false
Useful life - 24 months,2,24,false,Base_FullClose,2026-09-30,2026,31784.11508603621,13031.487185274846,18752.627900761363,34874.29133932065,47905.778524595495,382902.6166599812,false
Useful life - 24 months,2,24,false,Base_FullClose,2026-10-31,2026,31864.20432081882,13064.323771535715,18799.8805492831,34717.80674854078,47782.1305200765,366984.69046072353,false
Useful life - 24 months,2,24,false,Base_FullClose,2026-11-30,2026,62475.4798398557,25614.94673434084,36860.53310551487,34615.0919262289,60230.03866056974,369230.1316400095,false
Useful life - 24 months,2,24,false,Base_FullClose,2026-12-31,2026,62475.4798398557,25614.94673434084,36860.53310551487,33151.90533741702,58766.85207175786,372938.7594081074,false
Useful life - 24 months,2,24,false,Base_FullClose,2027-01-31,2027,62475.4798398557,25614.94673434084,36860.53310551487,32589.826862230137,58204.77359657097,377209.4656513921,false
Useful life - 24 months,2,24,false,Base_FullClose,2027-02-28,2027,62475.4798398557,25614.94673434084,36860.53310551487,32724.394611418254,58339.341345759094,381345.60414548876,false
Useful life - 24 months,2,24,false,Base_FullClose,2027-03-31,2027,62475.4798398557,25614.94673434084,36860.53310551487,32855.39934323138,58470.34607757222,385350.73790777224,false
Useful life - 24 months,2,24,false,Base_FullClose,2027-04-30,2027,62475.4798398557,25614.94673434084,36860.53310551487,32951.529462669496,58566.476197010335,389259.7415506176,false
Useful life - 24 months,2,24,false,Base_FullClose,2027-05-31,2027,62475.4798398557,25614.94673434084,36860.53310551487,33606.966144857615,59221.912879198455,392513.30851127487,false
Useful life - 24 months,2,24,false,Base_FullClose,2027-06-30,2027,62475.4798398557,25614.94673434084,36860.53310551487,33679.50167754573,59294.44841188657,395694.339939244,false
Useful life - 24 months,2,24,false,Base_FullClose,2027-07-31,2027,62475.4798398557,25614.94673434084,36860.53310551487,34480.164359608854,60095.111093949694,398074.70868515,false
Useful life - 24 months,2,24,false,Base_FullClose,2027-08-31,2027,62475.4798398557,25614.94673434084,36860.53310551487,35062.79480579698,60677.74154013782,399872.4469848679,false
Useful life - 24 months,2,24,false,Base_FullClose,2027-09-30,2027,62475.4798398557,25614.94673434084,36860.53310551487,34947.54007186009,60562.48680620093,401785.44001852267,false
Useful life - 24 months,2,24,false,Base_FullClose,2027-10-31,2027,62475.4798398557,25614.94673434084,36860.53310551487,35416.069415048216,61031.016149389055,403229.9037089893,false
Useful life - 24 months,2,24,false,Base_FullClose,2027-11-30,2027,62475.4798398557,25614.94673434084,36860.53310551487,34399.395718611326,60014.342452952165,405691.0410958929,false
Useful life - 24 months,2,24,false,Base_FullClose,2027-12-31,2027,62475.4798398557,25614.94673434084,36860.53310551487,34132.033475549455,59746.980209890295,408419.54072585824,false
Useful life - 24 months,2,24,false,Base_Targeted,2024-01-31,2024,29264.806800000002,11998.570788,17266.236011999998,719.4265004999999,12717.9972885,16546.809511499996,true
Useful life - 24 months,2,24,false,Base_Targeted,2024-02-29,2024,43091.9502,17667.699581999997,25424.250618,1778.7702762499998,19446.46985825,40192.28985325,true
Useful life - 24 months,2,24,false,Base_Targeted,2024-03-31,2024,80616.4647,33052.750527,47563.714173,3760.591700125,36813.342227124995,83995.41232612499,true
Useful life - 24 months,2,24,false,Base_Targeted,2024-04-30,2024,48675.9831,19957.153070999997,28718.830028999993,4957.209617999999,24914.362688999994,107757.03273712499,true
Useful life - 24 months,2,24,false,Base_Targeted,2024-05-31,2024,76380.9684,31316.197043999997,45064.77135599999,6834.908424499999,38151.1054685,145986.895668625,true
Useful life - 24 months,2,24,false,Base_Targeted,2024-06-30,2024,40940.9073,16785.771993000002,24155.135307,7841.372395624999,24627.144388625,162300.65858,true
Useful life - 24 months,2,24,false,Base_Targeted,2024-07-31,2024,23145.6615,9489.721214999998,13655.940284999999,8410.369907499999,17900.091122499995,167546.2289575,true
Useful life - 24 months,2,24,false,Base_Targeted,2024-08-31,2024,49222.0575,20181.043575,29041.013924999996,9620.412154374999,29801.455729374997,186966.830728125,true
Useful life - 24 months,2,24,false,Base_Targeted,2024-09-30,2024,39955.9515,16381.940115,23574.011384999994,10602.662628749998,26984.602743749998,199938.179484375,true
Useful life - 24 months,2,24,false,Base_Targeted,2024-10-31,2024,38229.6792,15674.168471999998,22555.510727999997,11542.475575749999,27216.644047749996,210951.214636625,true
Useful life - 24 months,2,24,false,Base_Targeted,2024-11-30,2024,66653.70989999999,27328.021058999995,39325.688840999996,13181.045944124999,40509.06700312499,237095.8575335,true
Useful life - 24 months,2,24,false,Base_Targeted,2024-12-31,2024,121994.9343,50017.923063,71977.01123699998,16180.088078999997,66198.011142,292892.7806915,true
Useful life - 24 months,2,24,false,Base_Targeted,2025-01-31,2025,85339.689,34989.272489999996,50350.416509999995,18278.022100249997,53267.29459024999,324965.17510125,true
Useful life - 24 months,2,24,false,Base_Targeted,2025-02-28,2025,57001.5375,23370.630374999997,33630.907125,19679.309897124996,43049.94027212499,338916.77232912503,true
Useful life - 24 months,2,24,false,Base_Targeted,2025-03-31,2025,57146.47379999999,23430.054257999996,33716.419541999996,21084.160711374996,44514.214969374996,351549.03115975,true
Useful life - 24 months,2,24,false,Base_Targeted,2025-04-30,2025,58565.10209999999,24011.691860999996,34553.410239,22523.886137999998,46535.577998999994,363578.55526075,true
Useful life - 24 months,2,24,false,Base_Targeted,2025-05-31,2025,35813.6487,14683.595967,21130.052733,23404.305001874996,38087.900968874994,361304.302991875,true
Useful life - 24 months,2,24,false,Base_Targeted,2025-06-30,2025,59524.8819,24405.201579,35119.680321,24867.625015249996,49272.82659425,371556.358297625,true
Useful life - 24 months,2,24,false,Base_Targeted,2025-07-31,2025,29906.150400000002,12261.521664,17644.628736000002,25602.817879249993,37864.33954325,363598.169154375,true
Useful life - 24 months,2,24,false,Base_Targeted,2025-08-31,2025,38775.2583,15897.855903,22877.402396999998,26556.042979124995,42453.898882124995,359919.52857225,true
Useful life - 24 months,2,24,false,Base_Targeted,2025-09-30,2025,67163.808,27537.161279999997,39626.64672,28207.153259124996,55744.31453912499,371339.022033125,true
Useful life - 24 months,2,24,false,Base_Targeted,2025-10-31,2025,43416.6591,17800.830230999996,25615.828868999997,29274.479461999992,47075.30969299999,367680.371440125,true
Useful life - 24 months,2,24,false,Base_Targeted,2025-11-30,2025,103831.698,42570.996179999995,61260.70182,31827.008704499993,74398.00488449998,397114.064555625,true
Useful life - 24 months,2,24,false,Base_Targeted,2025-12-31,2025,73351.2321,30074.005160999997,43277.226939,33630.226493625,63704.23165462499,406761.065001,true
Useful life - 24 months,2,24,false,Base_Targeted,2026-01-31,2026,44214.5802,18127.977882,26086.602318,33997.741756375,52125.719638375,398849.925562625,true
Useful life - 24 months,2,24,false,Base_Targeted,2026-02-28,2026,37999.94999999999,15579.979499999998,22419.970499999992,33872.563418125,49452.54291812499,387397.3326445,true
Useful life - 24 months,2,24,false,Base_Targeted,2026-03-31,2026,49128.0591,20142.504231,28985.554868999996,33098.473447125,53240.977678125,383284.414066375,true
Useful life - 24 months,2,24,false,Base_Targeted,2026-04-30,2026,84928.4301,34820.656341,50107.773758999996,33989.679435875,68810.335776875,399402.50838949997,true
Useful life - 24 months,2,24,false,Base_Targeted,2026-05-31,2026,60401.9679,24764.806838999997,35637.161061,33596.862340249994,58361.66917924999,401442.80711025,true
Useful life - 24 months,2,24,false,Base_Targeted,2026-06-30,2026,70471.7556,28893.419796000002,41578.335804,34322.829027625,63216.248823625,408698.313886625,true
Useful life - 24 months,2,24,false,Base_Targeted,2026-07-31,2026,65021.82221443437,26658.947107918088,38362.87510651628,35352.28464518818,62011.231753106265,411708.9043479531,false
Useful life - 24 months,2,24,false,Base_Targeted,2026-08-31,2026,37950.09842104734,15559.540352629407,22390.55806841793,35075.18231783059,50634.72267046,399024.2800985405,false
Useful life - 24 months,2,24,false,Base_Targeted,2026-09-30,2026,31784.11508603621,13031.487185274846,18752.627900761363,34874.29133932065,47905.778524595495,382902.6166599812,false
Useful life - 24 months,2,24,false,Base_Targeted,2026-10-31,2026,31864.20432081882,13064.323771535715,18799.8805492831,34717.80674854078,47782.1305200765,366984.69046072353,false
Useful life - 24 months,2,24,false,Base_Targeted,2026-11-30,2026,62433.46111569464,25597.719057434802,36835.74205825984,34614.058965926604,60211.7780233614,369206.3735530568,false
Useful life - 24 months,2,24,false,Base_Targeted,2026-12-31,2026,62475.4798398557,25614.94673434084,36860.53310551487,33150.87237711473,58765.81911145557,372916.03428145696,false
Useful life - 24 months,2,24,false,Base_Targeted,2027-01-31,2027,62475.4798398557,25614.94673434084,36860.53310551487,32588.793901927846,58203.74063626869,377187.77348504396,false
Useful life - 24 months,2,24,false,Base_Targeted,2027-02-28,2027,62283.76452324122,25536.3434545289,36747.42106871232,32718.648649582527,58254.99210411143,381216.54590417375,false
Useful life - 24 months,2,24,false,Base_Targeted,2027-03-31,2027,62066.415110500864,25447.230195305354,36619.18491519551,32839.59720679901,58286.82740210436,384996.13361257024,false
Useful life - 24 months,2,24,false,Base_Targeted,2027-04-30,2027,61854.45159472648,25360.325153837854,36494.12644088862,32920.4603818777,58280.78553571556,388569.79967158113,false
Useful life - 24 months,2,24,false,Base_Targeted,2027-05-31,2027,61647.74051392356,25275.573610708656,36372.1669032149,33555.54847230332,58831.12208301198,391386.4181024927,false
Useful life - 24 months,2,24,false,Base_Targeted,2027-06-30,2027,61446.15171327262,25192.922202441776,36253.229510830846,33602.779688546274,58795.70189098805,394036.86792477727,false
Useful life - 24 months,2,24,false,Base_Targeted,2027-07-31,2027,61249.55826317778,25112.31888790289,36137.23937527489,34373.305131849396,59485.624019752286,395800.80216820276,false
Useful life - 24 months,2,24,false,Base_Targeted,2027-08-31,2027,61057.83637934596,25033.71291553184,36024.12346381412,34921.08517629998,59954.79809183182,396903.8404557169,false
Useful life - 24 months,2,24,false,Base_Targeted,2027-09-30,2027,60870.865344846636,24957.05479138712,35913.810553459516,34766.383669360795,59723.438460747915,398051.2673398156,false
Useful life - 24 months,2,24,false,Base_Targeted,2027-10-31,2027,60688.527434102914,24882.296247982194,35806.23118612072,35190.98376590749,60073.280013889686,398666.51476002886,false
Useful life - 24 months,2,24,false,Base_Targeted,2027-11-30,2027,60510.70783876605,24809.39021389408,35701.31762487197,34126.00942444382,58935.3996383379,400241.822960457,false
Useful life - 24 months,2,24,false,Base_Targeted,2027-12-31,2027,60337.294595426814,24738.29078412499,35599.00381130182,33806.083460789734,58544.374244914725,402034.7433109691,false
Useful life - 24 months,2,24,false,Bear,2024-01-31,2024,29264.806800000002,11998.570788,17266.236011999998,719.4265004999999,12717.9972885,16546.809511499996,true
Useful life - 24 months,2,24,false,Bear,2024-02-29,2024,43091.9502,17667.699581999997,25424.250618,1778.7702762499998,19446.46985825,40192.28985325,true
Useful life - 24 months,2,24,false,Bear,2024-03-31,2024,80616.4647,33052.750527,47563.714173,3760.591700125,36813.342227124995,83995.41232612499,true
Useful life - 24 months,2,24,false,Bear,2024-04-30,2024,48675.9831,19957.153070999997,28718.830028999993,4957.209617999999,24914.362688999994,107757.03273712499,true
Useful life - 24 months,2,24,false,Bear,2024-05-31,2024,76380.9684,31316.197043999997,45064.77135599999,6834.908424499999,38151.1054685,145986.895668625,true
Useful life - 24 months,2,24,false,Bear,2024-06-30,2024,40940.9073,16785.771993000002,24155.135307,7841.372395624999,24627.144388625,162300.65858,true
Useful life - 24 months,2,24,false,Bear,2024-07-31,2024,23145.6615,9489.721214999998,13655.940284999999,8410.369907499999,17900.091122499995,167546.2289575,true
Useful life - 24 months,2,24,false,Bear,2024-08-31,2024,49222.0575,20181.043575,29041.013924999996,9620.412154374997,29801.455729374997,186966.830728125,true
Useful life - 24 months,2,24,false,Bear,2024-09-30,2024,39955.9515,16381.940115,23574.011384999994,10602.662628749997,26984.602743749994,199938.179484375,true
Useful life - 24 months,2,24,false,Bear,2024-10-31,2024,38229.6792,15674.168471999998,22555.510727999997,11542.475575749997,27216.644047749993,210951.214636625,true
Useful life - 24 months,2,24,false,Bear,2024-11-30,2024,66653.70989999999,27328.021058999995,39325.688840999996,13181.045944124997,40509.06700312499,237095.8575335,true
Useful life - 24 months,2,24,false,Bear,2024-12-31,2024,121994.9343,50017.923063,71977.01123699998,16180.088079,66198.011142,292892.7806915,true
Useful life - 24 months,2,24,false,Bear,2025-01-31,2025,85339.689,34989.272489999996,50350.416509999995,18278.022100249997,53267.29459024999,324965.17510125,true
Useful life - 24 months,2,24,false,Bear,2025-02-28,2025,57001.5375,23370.630374999997,33630.907125,19679.309897124996,43049.94027212499,338916.77232912503,true
Useful life - 24 months,2,24,false,Bear,2025-03-31,2025,57146.47379999999,23430.054257999996,33716.419541999996,21084.160711374996,44514.214969374996,351549.03115975,true
Useful life - 24 months,2,24,false,Bear,2025-04-30,2025,58565.10209999999,24011.691860999996,34553.410239,22523.886137999994,46535.57799899999,363578.55526075,true
Useful life - 24 months,2,24,false,Bear,2025-05-31,2025,35813.6487,14683.595967,21130.052733,23404.305001874996,38087.900968874994,361304.302991875,true
Useful life - 24 months,2,24,false,Bear,2025-06-30,2025,59524.8819,24405.201579,35119.680321,24867.625015249996,49272.82659425,371556.358297625,true
Useful life - 24 months,2,24,false,Bear,2025-07-31,2025,29906.150400000002,12261.521664,17644.628736000002,25602.817879249997,37864.33954325,363598.169154375,true
Useful life - 24 months,2,24,false,Bear,2025-08-31,2025,38775.2583,15897.855903,22877.402396999998,26556.042979124995,42453.898882124995,359919.52857225,true
Useful life - 24 months,2,24,false,Bear,2025-09-30,2025,67163.808,27537.161279999997,39626.64672,28207.153259124992,55744.314539124985,371339.022033125,true
Useful life - 24 months,2,24,false,Bear,2025-10-31,2025,43416.6591,17800.830230999996,25615.828868999997,29274.479461999992,47075.30969299999,367680.371440125,true
Useful life - 24 months,2,24,false,Bear,2025-11-30,2025,103831.698,42570.996179999995,61260.70182,31827.008704499993,74398.00488449998,397114.064555625,true
Useful life - 24 months,2,24,false,Bear,2025-12-31,2025,73351.2321,30074.005160999997,43277.226939,33630.226493625,63704.23165462499,406761.065001,true
Useful life - 24 months,2,24,false,Bear,2026-01-31,2026,44214.5802,18127.977882,26086.602318,33997.741756375,52125.719638375,398849.925562625,true
Useful life - 24 months,2,24,false,Bear,2026-02-28,2026,37999.94999999999,15579.979499999998,22419.970499999992,33872.563418125,49452.54291812499,387397.3326445,true
Useful life - 24 months,2,24,false,Bear,2026-03-31,2026,49128.0591,20142.504231,28985.554868999996,33098.473447125,53240.977678125,383284.414066375,true
Useful life - 24 months,2,24,false,Bear,2026-04-30,2026,84928.4301,34820.656341,50107.773758999996,33989.679435875,68810.335776875,399402.50838949997,true
Useful life - 24 months,2,24,false,Bear,2026-05-31,2026,60401.9679,24764.806838999997,35637.161061,33596.862340249994,58361.66917924999,401442.80711025,true
Useful life - 24 months,2,24,false,Bear,2026-06-30,2026,70471.7556,28893.419796000002,41578.335804,34322.829027625,63216.248823625,408698.313886625,true
Useful life - 24 months,2,24,false,Bear,2026-07-31,2026,55268.5488822692,22660.10504173037,32608.44384053883,35112.51667577245,57772.62171750282,406194.24105139135,false
Useful life - 24 months,2,24,false,Bear,2026-08-31,2026,32257.583657890234,13225.609299734995,19031.974358155236,34695.47336048725,47921.08266022225,390530.7420490594,false
Useful life - 24 months,2,24,false,Bear,2026-09-30,2026,27016.497823130772,11076.764107483617,15939.733715647155,34377.37845759755,45454.14256508117,372093.09730710904,false
Useful life - 24 months,2,24,false,Bear,2026-10-31,2026,27084.57367269599,11104.675205805355,15979.898466890634,34103.39461338466,45208.069819190016,353969.601160615,false
Useful life - 24 months,2,24,false,Bear,2026-11-30,2026,47727.261267119335,19568.17711951893,28159.084147600406,33638.11941782634,53206.29653734527,348490.565890389,false
Useful life - 24 months,2,24,false,Bear,2026-12-31,2026,47727.261267119335,19568.17711951893,28159.084147600406,31812.37245576802,51380.54957528695,344837.27758222143,false
Useful life - 24 months,2,24,false,Bear,2027-01-31,2027,47727.261267119335,19568.17711951893,28159.084147600406,30887.733607334707,50455.91072685363,342108.6281224871,false
Useful life - 24 months,2,24,false,Bear,2027-02-28,2027,47727.261267119335,19568.17711951893,28159.084147600406,30659.74098327639,50227.91810279532,339607.9712868111,false
Useful life - 24 months,2,24,false,Bear,2027-03-31,2027,47727.261267119335,19568.17711951893,28159.084147600406,30428.185341843076,49996.362461362005,337338.87009256845,false
Useful life - 24 months,2,24,false,Bear,2027-04-30,2027,47727.261267119335,19568.17711951893,28159.084147600406,30161.75508803476,49729.93220755369,335336.1991521341,false
Useful life - 24 months,2,24,false,Bear,2027-05-31,2027,47727.261267119335,19568.17711951893,28159.084147600406,30454.63139697644,50022.808516495366,333040.6519027581,false
Useful life - 24 months,2,24,false,Bear,2027-06-30,2027,47727.261267119335,19568.17711951893,28159.084147600406,30164.60655641813,49732.783675937055,331035.1294939404,false
Useful life - 24 months,2,24,false,Bear,2027-07-31,2027,47727.261267119335,19568.17711951893,28159.084147600406,30602.708865234814,50170.88598475374,328591.504776306,false
Useful life - 24 months,2,24,false,Bear,2027-08-31,2027,47727.261267119335,19568.17711951893,28159.084147600406,30822.7789381765,50390.956057695425,325927.80998572987,false
Useful life - 24 months,2,24,false,Bear,2027-09-30,2027,47727.261267119335,19568.17711951893,28159.084147600406,30344.963830993183,49913.14095051211,323741.9303023371,false
Useful life - 24 months,2,24,false,Bear,2027-10-31,2027,47727.261267119335,19568.17711951893,28159.084147600406,30450.93280093487,50019.1099204538,321450.0816490026,false
Useful life - 24 months,2,24,false,Bear,2027-11-30,2027,47727.261267119335,19568.17711951893,28159.084147600406,29071.698731251552,48639.87585077048,320537.4670653515,false
Useful life - 24 months,2,24,false,Bear,2027-12-31,2027,47727.261267119335,19568.17711951893,28159.084147600406,28441.77611494323,48009.953234462155,320254.7750980087,false
Useful life - 24 months,2,24,false,Bull,2024-01-31,2024,29264.806800000002,11998.570788,17266.236011999998,719.4265004999999,12717.9972885,16546.809511499996,true
Useful life - 24 months,2,24,false,Bull,2024-02-29,2024,43091.9502,17667.699581999997,25424.250618,1778.7702762499998,19446.46985825,40192.28985325,true
Useful life - 24 months,2,24,false,Bull,2024-03-31,2024,80616.4647,33052.750527,47563.714173,3760.591700125,36813.342227124995,83995.41232612499,true
Useful life - 24 months,2,24,false,Bull,2024-04-30,2024,48675.9831,19957.153070999997,28718.830028999993,4957.209617999999,24914.362688999994,107757.03273712499,true
Useful life - 24 months,2,24,false,Bull,2024-05-31,2024,76380.9684,31316.197043999997,45064.77135599999,6834.908424499999,38151.1054685,145986.895668625,true
Useful life - 24 months,2,24,false,Bull,2024-06-30,2024,40940.9073,16785.771993000002,24155.135307,7841.372395624999,24627.144388625,162300.65858,true
Useful life - 24 months,2,24,false,Bull,2024-07-31,2024,23145.6615,9489.721214999998,13655.940284999999,8410.369907499999,17900.091122499995,167546.2289575,true
Useful life - 24 months,2,24,false,Bull,2024-08-31,2024,49222.0575,20181.043575,29041.013924999996,9620.412154374999,29801.455729374997,186966.830728125,true
Useful life - 24 months,2,24,false,Bull,2024-09-30,2024,39955.9515,16381.940115,23574.011384999994,10602.662628749998,26984.602743749998,199938.179484375,true
Useful life - 24 months,2,24,false,Bull,2024-10-31,2024,38229.6792,15674.168471999998,22555.510727999997,11542.475575749999,27216.644047749996,210951.214636625,true
Useful life - 24 months,2,24,false,Bull,2024-11-30,2024,66653.70989999999,27328.021058999995,39325.688840999996,13181.045944125,40509.067003125,237095.8575335,true
Useful life - 24 months,2,24,false,Bull,2024-12-31,2024,121994.9343,50017.923063,71977.01123699998,16180.088079,66198.011142,292892.7806915,true
Useful life - 24 months,2,24,false,Bull,2025-01-31,2025,85339.689,34989.272489999996,50350.416509999995,18278.022100249997,53267.29459024999,324965.17510125,true
Useful life - 24 months,2,24,false,Bull,2025-02-28,2025,57001.5375,23370.630374999997,33630.907125,19679.309897124996,43049.94027212499,338916.77232912503,true
Useful life - 24 months,2,24,false,Bull,2025-03-31,2025,57146.47379999999,23430.054257999996,33716.419541999996,21084.160711374996,44514.214969374996,351549.03115975,true
Useful life - 24 months,2,24,false,Bull,2025-04-30,2025,58565.10209999999,24011.691860999996,34553.410239,22523.886137999994,46535.57799899999,363578.55526075,true
Useful life - 24 months,2,24,false,Bull,2025-05-31,2025,35813.6487,14683.595967,21130.052733,23404.305001874996,38087.900968874994,361304.302991875,true
Useful life - 24 months,2,24,false,Bull,2025-06-30,2025,59524.8819,24405.201579,35119.680321,24867.625015249996,49272.82659425,371556.358297625,true
Useful life - 24 months,2,24,false,Bull,2025-07-31,2025,29906.150400000002,12261.521664,17644.628736000002,25602.817879249997,37864.33954325,363598.169154375,true
Useful life - 24 months,2,24,false,Bull,2025-08-31,2025,38775.2583,15897.855903,22877.402396999998,26556.042979124995,42453.898882124995,359919.52857225,true
Useful life - 24 months,2,24,false,Bull,2025-09-30,2025,67163.808,27537.161279999997,39626.64672,28207.153259124996,55744.31453912499,371339.022033125,true
Useful life - 24 months,2,24,false,Bull,2025-10-31,2025,43416.6591,17800.830230999996,25615.828868999997,29274.479461999996,47075.30969299999,367680.371440125,true
Useful life - 24 months,2,24,false,Bull,2025-11-30,2025,103831.698,42570.996179999995,61260.70182,31827.008704499993,74398.00488449998,397114.064555625,true
Useful life - 24 months,2,24,false,Bull,2025-12-31,2025,73351.2321,30074.005160999997,43277.226939,33630.226493625,63704.23165462499,406761.065001,true
Useful life - 24 months,2,24,false,Bull,2026-01-31,2026,44214.5802,18127.977882,26086.602318,33997.74175637499,52125.71963837499,398849.925562625,true
Useful life - 24 months,2,24,false,Bull,2026-02-28,2026,37999.94999999999,15579.979499999998,22419.970499999992,33872.56341812499,49452.54291812499,387397.3326445,true
Useful life - 24 months,2,24,false,Bull,2026-03-31,2026,49128.0591,20142.504231,28985.554868999996,33098.47344712499,53240.97767812499,383284.414066375,true
Useful life - 24 months,2,24,false,Bull,2026-04-30,2026,84928.4301,34820.656341,50107.773758999996,33989.679435875,68810.335776875,399402.50838949997,true
Useful life - 24 months,2,24,false,Bull,2026-05-31,2026,60401.9679,24764.806838999997,35637.161061,33596.862340249994,58361.66917924999,401442.80711025,true
Useful life - 24 months,2,24,false,Bull,2026-06-30,2026,70471.7556,28893.419796000002,41578.335804,34322.82902762499,63216.24882362499,408698.313886625,true
Useful life - 24 months,2,24,false,Bull,2026-07-31,2026,76317.42936307524,31290.146038860847,45027.28332421439,35629.96832092559,66920.11435978644,418095.6288899138,false
Useful life - 24 months,2,24,false,Bull,2026-08-31,2026,45184.947000680164,18525.828270278867,26659.118730401293,35530.72268781731,54056.55095809618,409224.0249324978,false
Useful life - 24 months,2,24,false,Bull,2026-09-30,2026,38094.06616541737,15618.56712782112,22475.499037596244,35484.951340008825,51103.51846782994,396214.5726300852,false
Useful life - 24 months,2,24,false,Bull,2026-10-31,2026,38186.168785417365,15656.32920202112,22529.839583396246,35483.88170898367,51140.21091100479,383260.5305044978,false
Useful life - 24 months,2,24,false,Bull,2026-11-30,2026,79240.79661901675,32488.72661379687,46752.07000521988,35793.31425749283,68282.0408712897,394219.2862522249,false
Useful life - 24 months,2,24,false,Bull,2026-12-31,2026,79587.76405525072,32630.983262652793,46956.78079259792,34750.80465564274,67381.78791829554,406425.2623891801,false
Useful life - 24 months,2,24,false,Bull,2027-01-31,2027,79324.94852504143,32523.228895266984,46801.71962977444,34602.94228563335,67126.17118090033,418624.0397333212,false
Useful life - 24 months,2,24,false,Bull,2027-02-28,2027,79068.64553769532,32418.144670455076,46650.50086724023,35145.42535822669,67563.57002868177,430129.1152423347,false
Useful life - 24 months,2,24,false,Bull,2027-03-31,2027,78818.6937130439,32315.664422348003,46503.02929069591,35678.200764422356,67993.86518677036,440953.94376860827,false
Useful life - 24 months,2,24,false,Bull,2027-04-30,2027,78574.93566990337,32215.72362466038,46359.21204524298,36170.10917301581,68385.83279767618,451143.04664083547,false
Useful life - 24 months,2,24,false,Bull,2027-05-31,2027,78337.21792698,32118.259350061802,46218.9585769182,37215.480249845736,69333.73959990754,460146.5249679079,false
Useful life - 24 months,2,24,false,Bull,2027-06-30,2027,78105.39080623144,32023.21023055489,46082.180575676546,37672.25109379059,69695.46132434548,468556.4544497939,false
Useful life - 24 months,2,24,false,Bull,2027-07-31,2027,77879.30833862236,31930.516418835163,45948.79191978719,38851.59122644839,70782.10764528356,475653.6551431327,false
Useful life - 24 months,2,24,false,Bull,2027-08-31,2027,77658.82817221576,31840.119550608462,45818.70862160729,39807.47898580703,71647.59853641549,481664.884778933,false
Useful life - 24 months,2,24,false,Bull,2027-09-30,2027,77443.81148254155,31751.96270784203,45691.84877469951,40060.19573808617,71812.1584459282,487296.5378155464,false
Useful life - 24 months,2,24,false,Bull,2027-10-31,2027,77234.12288518627,31665.99038292637,45568.1325022599,40891.54172280534,72557.53210573172,491973.12859500095,false
Useful life - 24 months,2,24,false,Bull,2027-11-30,2027,76723.77816629245,31456.749048179903,45267.02911811255,40225.13869356003,71681.88774173993,497015.01901955344,false
Useful life - 24 months,2,24,false,Bull,2027-12-31,2027,76211.94850516034,31246.898887115734,44965.04961804459,40295.46463852022,71542.36352563596,501684.6039990777,false
Useful life - 60 months,3,60,false,Base,2024-01-31,2024,29264.806800000002,11998.570788,17266.236011999998,287.77060019999993,12286.3413882,16978.465411799996,true
Useful life - 60 months,3,60,false,Base,2024-02-29,2024,43091.9502,17667.699581999997,25424.250618,711.5081104999999,18379.207692499996,41691.207919299995,true
Useful life - 60 months,3,60,false,Base,2024-03-31,2024,80616.4647,33052.750527,47563.714173,1504.23668005,34556.98720705,87750.68541225,true
Useful life - 60 months,3,60,false,Base,2024-04-30,2024,48675.9831,19957.153070999997,28718.830028999993,1982.8838471999998,21940.036918199996,114486.63159404999,true
Useful life - 60 months,3,60,false,Base,2024-05-31,2024,76380.9684,31316.197043999997,45064.77135599999,2733.9633697999993,34050.1604138,156817.43958024998,true
Useful life - 60 months,3,60,false,Base,2024-06-30,2024,40940.9073,16785.771993000002,24155.135307,3136.5489582499995,19922.320951250003,177836.025929,true
Useful life - 60 months,3,60,false,Base,2024-07-31,2024,23145.6615,9489.721214999998,13655.940284999999,3364.1479629999994,12853.869177999997,188127.818251,true
Useful life - 60 months,3,60,false,Base,2024-08-31,2024,49222.0575,20181.043575,29041.013924999996,3848.1648617499995,24029.20843675,213320.66731425,true
Useful life - 60 months,3,60,false,Base,2024-09-30,2024,39955.9515,16381.940115,23574.011384999994,4241.0650515,20623.0051665,232653.61364775,true
Useful life - 60 months,3,60,false,Base,2024-10-31,2024,38229.6792,15674.168471999998,22555.510727999997,4616.9902303,20291.158702299996,250592.13414545,true
Useful life - 60 months,3,60,false,Base,2024-11-30,2024,66653.70989999999,27328.021058999995,39325.688840999996,5272.4183776499995,32600.439436649995,284645.40460879996,true
Useful life - 60 months,3,60,false,Base,2024-12-31,2024,121994.9343,50017.923063,71977.01123699998,6472.035231599999,56489.9582946,350150.38061419997,true
Useful life - 60 months,3,60,false,Base,2025-01-31,2025,85339.689,34989.272489999996,50350.416509999995,7311.208840099998,42300.481330099996,393189.58828409994,true
Useful life - 60 months,3,60,false,Base,2025-02-28,2025,57001.5375,23370.630374999997,33630.907125,7871.72395885,31242.354333849995,418948.77145024994,true
Useful life - 60 months,3,60,false,Base,2025-03-31,2025,57146.47379999999,23430.054257999996,33716.419541999996,8433.66428455,31863.718542549996,444231.52670769993,true
Useful life - 60 months,3,60,false,Base,2025-04-30,2025,58565.10209999999,24011.691860999996,34553.410239,9009.554455199997,33021.24631619999,469775.38249149994,true
Useful life - 60 months,3,60,false,Base,2025-05-31,2025,35813.6487,14683.595967,21130.052733,9361.722000749998,24045.317967749997,481543.71322374995,true
Useful life - 60 months,3,60,false,Base,2025-06-30,2025,59524.8819,24405.201579,35119.680321,9947.050006099998,34352.2515851,506716.34353864996,true
Useful life - 60 months,3,60,false,Base,2025-07-31,2025,29906.150400000002,12261.521664,17644.628736000002,10241.127151699999,22502.6488157,514119.84512295,true
Useful life - 60 months,3,60,false,Base,2025-08-31,2025,38775.2583,15897.855903,22877.402396999998,10622.417191649998,26520.273094649998,526374.8303283,true
Useful life - 60 months,3,60,false,Base,2025-09-30,2025,67163.808,27537.161279999997,39626.64672,11282.861303649997,38820.022583649996,554718.61574465,true
Useful life - 60 months,3,60,false,Base,2025-10-31,2025,43416.6591,17800.830230999996,25615.828868999997,11709.791784799998,29510.622015799992,568624.65282885,true
Useful life - 60 months,3,60,false,Base,2025-11-30,2025,103831.698,42570.996179999995,61260.70182,12730.803481799998,55301.79966179999,617154.5511670499,true
Useful life - 60 months,3,60,false,Base,2025-12-31,2025,73351.2321,30074.005160999997,43277.226939,13452.090597449996,43526.09575844999,646979.6875086,true
Useful life - 60 months,3,60,false,Base,2026-01-31,2026,44214.5802,18127.977882,26086.602318,13886.867302749997,32014.845184749996,659179.42252385,true
Useful life - 60 months,3,60,false,Base,2026-02-28,2026,37999.94999999999,15579.979499999998,22419.970499999992,14260.533477749997,29840.512977749997,667338.8595461,true
Useful life - 60 months,3,60,false,Base,2026-03-31,2026,49128.0591,20142.504231,28985.554868999996,14743.626058899998,34886.1302899,681580.7883562,true
Useful life - 60 months,3,60,false,Base,2026-04-30,2026,84928.4301,34820.656341,50107.773758999996,15578.755621549999,50399.41196255,716109.80649365,true
Useful life - 60 months,3,60,false,Base,2026-05-31,2026,60401.9679,24764.806838999997,35637.161061,16172.7083059,40937.5151449,735574.2592487499,true
Useful life - 60 months,3,60,false,Base,2026-06-30,2026,70471.7556,28893.419796000002,41578.335804,16865.6805693,45759.1003653,760286.9144834499,true
Useful life - 60 months,3,60,false,Base,2026-07-31,2026,65021.82221443437,26658.947107918088,38362.87510651628,17505.061821075273,44164.00892899336,781144.7277688909,false
Useful life - 60 months,3,60,false,Base,2026-08-31,2026,37950.09842104734,15559.540352629407,22390.55806841793,17878.237788882238,33437.77814151165,785657.0480484266,false
Useful life - 60 months,3,60,false,Base,2026-09-30,2026,31784.11508603621,13031.487185274846,18752.627900761363,18190.781587228255,31222.2687725031,786218.8943619598,false
Useful life - 60 months,3,60,false,Base,2026-10-31,2026,31864.20432081882,13064.323771535715,18799.8805492831,18504.112929716306,31568.436701252023,786514.6619815265,false
Useful life - 60 months,3,60,false,Base,2026-11-30,2026,62433.46111569464,25597.719057434802,36835.74205825984,19118.04196402064,44715.761021455444,804232.3620757657,false
Useful life - 60 months,3,60,false,Base,2026-12-31,2026,62475.4798398557,25614.94673434084,36860.53310551487,19732.384182445887,45347.33091678673,821360.5109988347,false
Useful life - 60 months,3,60,false,Base,2027-01-31,2027,62475.4798398557,25614.94673434084,36860.53310551487,20346.726400871135,45961.673135211975,837874.3177034785,false
Useful life - 60 months,3,60,false,Base,2027-02-28,2027,62283.76452324122,25536.3434545289,36747.42106871232,20959.18341868301,46495.52687321191,853662.5553535079,false
Useful life - 60 months,3,60,false,Base,2027-03-31,2027,62066.415110500864,25447.230195305354,36619.18491519551,21569.5031672696,47016.73336257495,868712.2371014338,false
Useful life - 60 months,3,60,false,Base,2027-04-30,2027,61854.45159472648,25360.325153837854,36494.12644088862,22177.738607951076,47538.06376178893,883028.6249343713,false
Useful life - 60 months,3,60,false,Base,2027-05-31,2027,61647.74051392356,25275.573610708656,36372.1669032149,22783.941389671323,48059.51500037998,896616.8504479149,false
Useful life - 60 months,3,60,false,Base,2027-06-30,2027,61446.15171327262,25192.922202441776,36253.229510830846,23388.161881518503,48581.084083960275,909481.9180772273,false
Useful life - 60 months,3,60,false,Base,2027-07-31,2027,61249.55826317778,25112.31888790289,36137.23937527489,23990.449204439752,49102.76809234264,921628.7082480624,false
Useful life - 60 months,3,60,false,Base,2027-08-31,2027,61057.83637934596,25033.71291553184,36024.12346381412,24590.85126216999,49624.56417770183,933061.9804497065,false
Useful life - 60 months,3,60,false,Base,2027-09-30,2027,60870.865344846636,24957.05479138712,35913.810553459516,25189.414771394313,50146.469562781436,943786.3762317718,false
Useful life - 60 months,3,60,false,Base,2027-10-31,2027,60688.527434102914,24882.296247982194,35806.23118612072,25786.18529116299,50668.481539145185,953806.4221267295,false
Useful life - 60 months,3,60,false,Base,2027-11-30,2027,60510.70783876605,24809.39021389408,35701.31762487197,26381.20725157752,51190.5974654716,963126.532500024,false
Useful life - 60 months,3,60,false,Base,2027-12-31,2027,60337.294595426814,24738.29078412499,35599.00381130182,26974.523981765888,51712.81476589088,971751.0123295598,false
Useful life - 60 months,3,60,false,Base_FullClose,2024-01-31,2024,29264.806800000002,11998.570788,17266.236011999998,287.77060019999993,12286.3413882,16978.465411799996,true
Useful life - 60 months,3,60,false,Base_FullClose,2024-02-29,2024,43091.9502,17667.699581999997,25424.250618,711.5081104999999,18379.207692499996,41691.207919299995,true
Useful life - 60 months,3,60,false,Base_FullClose,2024-03-31,2024,80616.4647,33052.750527,47563.714173,1504.23668005,34556.98720705,87750.68541225,true
Useful life - 60 months,3,60,false,Base_FullClose,2024-04-30,2024,48675.9831,19957.153070999997,28718.830028999993,1982.8838471999998,21940.036918199996,114486.63159404999,true
Useful life - 60 months,3,60,false,Base_FullClose,2024-05-31,2024,76380.9684,31316.197043999997,45064.77135599999,2733.9633697999993,34050.1604138,156817.43958024998,true
Useful life - 60 months,3,60,false,Base_FullClose,2024-06-30,2024,40940.9073,16785.771993000002,24155.135307,3136.5489582499995,19922.320951250003,177836.025929,true
Useful life - 60 months,3,60,false,Base_FullClose,2024-07-31,2024,23145.6615,9489.721214999998,13655.940284999999,3364.1479629999994,12853.869177999997,188127.818251,true
Useful life - 60 months,3,60,false,Base_FullClose,2024-08-31,2024,49222.0575,20181.043575,29041.013924999996,3848.1648617499995,24029.20843675,213320.66731425,true
Useful life - 60 months,3,60,false,Base_FullClose,2024-09-30,2024,39955.9515,16381.940115,23574.011384999994,4241.0650515,20623.0051665,232653.61364775,true
Useful life - 60 months,3,60,false,Base_FullClose,2024-10-31,2024,38229.6792,15674.168471999998,22555.510727999997,4616.9902303,20291.158702299996,250592.13414545,true
Useful life - 60 months,3,60,false,Base_FullClose,2024-11-30,2024,66653.70989999999,27328.021058999995,39325.688840999996,5272.4183776499995,32600.439436649995,284645.40460879996,true
Useful life - 60 months,3,60,false,Base_FullClose,2024-12-31,2024,121994.9343,50017.923063,71977.01123699998,6472.035231599999,56489.9582946,350150.38061419997,true
Useful life - 60 months,3,60,false,Base_FullClose,2025-01-31,2025,85339.689,34989.272489999996,50350.416509999995,7311.208840099998,42300.481330099996,393189.58828409994,true
Useful life - 60 months,3,60,false,Base_FullClose,2025-02-28,2025,57001.5375,23370.630374999997,33630.907125,7871.72395885,31242.354333849995,418948.77145024994,true
Useful life - 60 months,3,60,false,Base_FullClose,2025-03-31,2025,57146.47379999999,23430.054257999996,33716.419541999996,8433.66428455,31863.718542549996,444231.52670769993,true
Useful life - 60 months,3,60,false,Base_FullClose,2025-04-30,2025,58565.10209999999,24011.691860999996,34553.410239,9009.554455199997,33021.24631619999,469775.38249149994,true
Useful life - 60 months,3,60,false,Base_FullClose,2025-05-31,2025,35813.6487,14683.595967,21130.052733,9361.722000749998,24045.317967749997,481543.71322374995,true
Useful life - 60 months,3,60,false,Base_FullClose,2025-06-30,2025,59524.8819,24405.201579,35119.680321,9947.050006099998,34352.2515851,506716.34353864996,true
Useful life - 60 months,3,60,false,Base_FullClose,2025-07-31,2025,29906.150400000002,12261.521664,17644.628736000002,10241.127151699999,22502.6488157,514119.84512295,true
Useful life - 60 months,3,60,false,Base_FullClose,2025-08-31,2025,38775.2583,15897.855903,22877.402396999998,10622.417191649998,26520.273094649998,526374.8303283,true
Useful life - 60 months,3,60,false,Base_FullClose,2025-09-30,2025,67163.808,27537.161279999997,39626.64672,11282.861303649997,38820.022583649996,554718.61574465,true
Useful life - 60 months,3,60,false,Base_FullClose,2025-10-31,2025,43416.6591,17800.830230999996,25615.828868999997,11709.791784799998,29510.622015799992,568624.65282885,true
Useful life - 60 months,3,60,false,Base_FullClose,2025-11-30,2025,103831.698,42570.996179999995,61260.70182,12730.803481799998,55301.79966179999,617154.5511670499,true
Useful life - 60 months,3,60,false,Base_FullClose,2025-12-31,2025,73351.2321,30074.005160999997,43277.226939,13452.090597449996,43526.09575844999,646979.6875086,true
Useful life - 60 months,3,60,false,Base_FullClose,2026-01-31,2026,44214.5802,18127.977882,26086.602318,13886.867302749997,32014.845184749996,659179.42252385,true
Useful life - 60 months,3,60,false,Base_FullClose,2026-02-28,2026,37999.94999999999,15579.979499999998,22419.970499999992,14260.533477749997,29840.512977749997,667338.8595461,true
Useful life - 60 months,3,60,false,Base_FullClose,2026-03-31,2026,49128.0591,20142.504231,28985.554868999996,14743.626058899998,34886.1302899,681580.7883562,true
Useful life - 60 months,3,60,false,Base_FullClose,2026-04-30,2026,84928.4301,34820.656341,50107.773758999996,15578.755621549999,50399.41196255,716109.80649365,true
Useful life - 60 months,3,60,false,Base_FullClose,2026-05-31,2026,60401.9679,24764.806838999997,35637.161061,16172.7083059,40937.5151449,735574.2592487499,true
Useful life - 60 months,3,60,false,Base_FullClose,2026-06-30,2026,70471.7556,28893.419796000002,41578.335804,16865.6805693,45759.1003653,760286.9144834499,true
Useful life - 60 months,3,60,false,Base_FullClose,2026-07-31,2026,65021.82221443437,26658.947107918088,38362.87510651628,17505.061821075273,44164.00892899336,781144.7277688909,false
Useful life - 60 months,3,60,false,Base_FullClose,2026-08-31,2026,37950.09842104734,15559.540352629407,22390.55806841793,17878.237788882238,33437.77814151165,785657.0480484266,false
Useful life - 60 months,3,60,false,Base_FullClose,2026-09-30,2026,31784.11508603621,13031.487185274846,18752.627900761363,18190.781587228255,31222.2687725031,786218.8943619598,false
Useful life - 60 months,3,60,false,Base_FullClose,2026-10-31,2026,31864.20432081882,13064.323771535715,18799.8805492831,18504.112929716306,31568.436701252023,786514.6619815265,false
Useful life - 60 months,3,60,false,Base_FullClose,2026-11-30,2026,62475.4798398557,25614.94673434084,36860.53310551487,19118.455148141555,44733.401882482394,804256.7399388999,false
Useful life - 60 months,3,60,false,Base_FullClose,2026-12-31,2026,62475.4798398557,25614.94673434084,36860.53310551487,19732.797366566803,45347.74410090764,821384.475677848,false
Useful life - 60 months,3,60,false,Base_FullClose,2027-01-31,2027,62475.4798398557,25614.94673434084,36860.53310551487,20347.139584992052,45962.08631933289,837897.8691983708,false
Useful life - 60 months,3,60,false,Base_FullClose,2027-02-28,2027,62475.4798398557,25614.94673434084,36860.53310551487,20961.4818034173,46576.42853775814,853796.9205004685,false
Useful life - 60 months,3,60,false,Base_FullClose,2027-03-31,2027,62475.4798398557,25614.94673434084,36860.53310551487,21575.82402184255,47190.77075618339,869081.6295841408,false
Useful life - 60 months,3,60,false,Base_FullClose,2027-04-30,2027,62475.4798398557,25614.94673434084,36860.53310551487,22190.166240267794,47805.11297460864,883751.9964493879,false
Useful life - 60 months,3,60,false,Base_FullClose,2027-05-31,2027,62475.4798398557,25614.94673434084,36860.53310551487,22804.508458693042,48419.45519303388,897808.0210962096,false
Useful life - 60 months,3,60,false,Base_FullClose,2027-06-30,2027,62475.4798398557,25614.94673434084,36860.53310551487,23418.85067711829,49033.797411459134,911249.7035246062,false
Useful life - 60 months,3,60,false,Base_FullClose,2027-07-31,2027,62475.4798398557,25614.94673434084,36860.53310551487,24033.19289554354,49648.139629884376,924077.0437345775,false
Useful life - 60 months,3,60,false,Base_FullClose,2027-08-31,2027,62475.4798398557,25614.94673434084,36860.53310551487,24647.53511396879,50262.48184830963,936290.0417261235,false
Useful life - 60 months,3,60,false,Base_FullClose,2027-09-30,2027,62475.4798398557,25614.94673434084,36860.53310551487,25261.877332394037,50876.82406673487,947888.6974992444,false
Useful life - 60 months,3,60,false,Base_FullClose,2027-10-31,2027,62475.4798398557,25614.94673434084,36860.53310551487,25876.219550819285,51491.16628516013,958873.0110539399,false
Useful life - 60 months,3,60,false,Base_FullClose,2027-11-30,2027,62475.4798398557,25614.94673434084,36860.53310551487,26490.561769244527,52105.50850358537,969242.9823902103,false
Useful life - 60 months,3,60,false,Base_FullClose,2027-12-31,2027,62475.4798398557,25614.94673434084,36860.53310551487,27104.903987669775,52719.85072201061,978998.6115080554,false
Useful life - 60 months,3,60,false,Base_Targeted,2024-01-31,2024,29264.806800000002,11998.570788,17266.236011999998,287.77060019999993,12286.3413882,16978.465411799996,true
Useful life - 60 months,3,60,false,Base_Targeted,2024-02-29,2024,43091.9502,17667.699581999997,25424.250618,711.5081104999999,18379.207692499996,41691.207919299995,true
Useful life - 60 months,3,60,false,Base_Targeted,2024-03-31,2024,80616.4647,33052.750527,47563.714173,1504.23668005,34556.98720705,87750.68541225,true
Useful life - 60 months,3,60,false,Base_Targeted,2024-04-30,2024,48675.9831,19957.153070999997,28718.830028999993,1982.8838471999998,21940.036918199996,114486.63159404999,true
Useful life - 60 months,3,60,false,Base_Targeted,2024-05-31,2024,76380.9684,31316.197043999997,45064.77135599999,2733.9633698,34050.1604138,156817.43958024998,true
Useful life - 60 months,3,60,false,Base_Targeted,2024-06-30,2024,40940.9073,16785.771993000002,24155.135307,3136.5489582499995,19922.320951250003,177836.025929,true
Useful life - 60 months,3,60,false,Base_Targeted,2024-07-31,2024,23145.6615,9489.721214999998,13655.940284999999,3364.1479629999994,12853.869177999997,188127.818251,true
Useful life - 60 months,3,60,false,Base_Targeted,2024-08-31,2024,49222.0575,20181.043575,29041.013924999996,3848.1648617499995,24029.20843675,213320.66731425,true
Useful life - 60 months,3,60,false,Base_Targeted,2024-09-30,2024,39955.9515,16381.940115,23574.011384999994,4241.0650515,20623.0051665,232653.61364775,true
Useful life - 60 months,3,60,false,Base_Targeted,2024-10-31,2024,38229.6792,15674.168471999998,22555.510727999997,4616.9902303,20291.158702299996,250592.13414545,true
Useful life - 60 months,3,60,false,Base_Targeted,2024-11-30,2024,66653.70989999999,27328.021058999995,39325.688840999996,5272.4183776499995,32600.439436649995,284645.40460879996,true
Useful life - 60 months,3,60,false,Base_Targeted,2024-12-31,2024,121994.9343,50017.923063,71977.01123699998,6472.0352316,56489.9582946,350150.38061419997,true
Useful life - 60 months,3,60,false,Base_Targeted,2025-01-31,2025,85339.689,34989.272489999996,50350.416509999995,7311.208840099999,42300.481330099996,393189.58828409994,true
Useful life - 60 months,3,60,false,Base_Targeted,2025-02-28,2025,57001.5375,23370.630374999997,33630.907125,7871.723958849999,31242.354333849995,418948.77145024994,true
Useful life - 60 months,3,60,false,Base_Targeted,2025-03-31,2025,57146.47379999999,23430.054257999996,33716.419541999996,8433.66428455,31863.718542549996,444231.52670769993,true
Useful life - 60 months,3,60,false,Base_Targeted,2025-04-30,2025,58565.10209999999,24011.691860999996,34553.410239,9009.5544552,33021.24631619999,469775.38249149994,true
Useful life - 60 months,3,60,false,Base_Targeted,2025-05-31,2025,35813.6487,14683.595967,21130.052733,9361.722000749998,24045.317967749997,481543.71322374995,true
Useful life - 60 months,3,60,false,Base_Targeted,2025-06-30,2025,59524.8819,24405.201579,35119.680321,9947.050006099998,34352.2515851,506716.34353864996,true
Useful life - 60 months,3,60,false,Base_Targeted,2025-07-31,2025,29906.150400000002,12261.521664,17644.628736000002,10241.127151699999,22502.6488157,514119.84512295,true
Useful life - 60 months,3,60,false,Base_Targeted,2025-08-31,2025,38775.2583,15897.855903,22877.402396999998,10622.417191649998,26520.273094649998,526374.8303283,true
Useful life - 60 months,3,60,false,Base_Targeted,2025-09-30,2025,67163.808,27537.161279999997,39626.64672,11282.86130365,38820.022583649996,554718.61574465,true
Useful life - 60 months,3,60,false,Base_Targeted,2025-10-31,2025,43416.6591,17800.830230999996,25615.828868999997,11709.791784799996,29510.622015799992,568624.65282885,true
Useful life - 60 months,3,60,false,Base_Targeted,2025-11-30,2025,103831.698,42570.996179999995,61260.70182,12730.803481799998,55301.79966179999,617154.5511670499,true
Useful life - 60 months,3,60,false,Base_Targeted,2025-12-31,2025,73351.2321,30074.005160999997,43277.226939,13452.090597449998,43526.09575845,646979.6875086,true
Useful life - 60 months,3,60,false,Base_Targeted,2026-01-31,2026,44214.5802,18127.977882,26086.602318,13886.867302749997,32014.845184749996,659179.42252385,true
Useful life - 60 months,3,60,false,Base_Targeted,2026-02-28,2026,37999.94999999999,15579.979499999998,22419.970499999992,14260.533477749996,29840.512977749993,667338.8595461,true
Useful life - 60 months,3,60,false,Base_Targeted,2026-03-31,2026,49128.0591,20142.504231,28985.554868999996,14743.626058899998,34886.1302899,681580.7883562,true
Useful life - 60 months,3,60,false,Base_Targeted,2026-04-30,2026,84928.4301,34820.656341,50107.773758999996,15578.755621549997,50399.41196255,716109.80649365,true
Useful life - 60 months,3,60,false,Base_Targeted,2026-05-31,2026,60401.9679,24764.806838999997,35637.161061,16172.7083059,40937.5151449,735574.2592487499,true
Useful life - 60 months,3,60,false,Base_Targeted,2026-06-30,2026,70471.7556,28893.419796000002,41578.335804,16865.6805693,45759.1003653,760286.9144834499,true
Useful life - 60 months,3,60,false,Base_Targeted,2026-07-31,2026,65021.82221443437,26658.947107918088,38362.87510651628,17505.06182107527,44164.00892899335,781144.7277688909,false
Useful life - 60 months,3,60,false,Base_Targeted,2026-08-31,2026,37950.09842104734,15559.540352629407,22390.55806841793,17878.237788882234,33437.77814151164,785657.0480484266,false
Useful life - 60 months,3,60,false,Base_Targeted,2026-09-30,2026,31784.11508603621,13031.487185274846,18752.627900761363,18190.78158722826,31222.268772503106,786218.8943619598,false
Useful life - 60 months,3,60,false,Base_Targeted,2026-10-31,2026,31864.20432081882,13064.323771535715,18799.8805492831,18504.11292971631,31568.436701252023,786514.6619815265,false
Useful life - 60 months,3,60,false,Base_Targeted,2026-11-30,2026,62433.46111569464,25597.719057434802,36835.74205825984,19118.04196402064,44715.761021455444,804232.3620757657,false
Useful life - 60 months,3,60,false,Base_Targeted,2026-12-31,2026,62475.4798398557,25614.94673434084,36860.53310551487,19732.384182445887,45347.33091678673,821360.5109988347,false
Useful life - 60 months,3,60,false,Base_Targeted,2027-01-31,2027,62475.4798398557,25614.94673434084,36860.53310551487,20346.726400871135,45961.673135211975,837874.3177034785,false
Useful life - 60 months,3,60,false,Base_Targeted,2027-02-28,2027,62283.76452324122,25536.3434545289,36747.42106871232,20959.18341868301,46495.52687321191,853662.5553535079,false
Useful life - 60 months,3,60,false,Base_Targeted,2027-03-31,2027,62066.415110500864,25447.230195305354,36619.18491519551,21569.503167269602,47016.73336257496,868712.2371014338,false
Useful life - 60 months,3,60,false,Base_Targeted,2027-04-30,2027,61854.45159472648,25360.325153837854,36494.12644088862,22177.738607951076,47538.06376178893,883028.6249343713,false
Useful life - 60 months,3,60,false,Base_Targeted,2027-05-31,2027,61647.74051392356,25275.573610708656,36372.1669032149,22783.941389671327,48059.51500037998,896616.8504479149,false
Useful life - 60 months,3,60,false,Base_Targeted,2027-06-30,2027,61446.15171327262,25192.922202441776,36253.229510830846,23388.161881518507,48581.08408396028,909481.9180772272,false
Useful life - 60 months,3,60,false,Base_Targeted,2027-07-31,2027,61249.55826317778,25112.31888790289,36137.23937527489,23990.449204439752,49102.76809234264,921628.7082480623,false
Useful life - 60 months,3,60,false,Base_Targeted,2027-08-31,2027,61057.83637934596,25033.71291553184,36024.12346381412,24590.85126216999,49624.56417770183,933061.9804497064,false
Useful life - 60 months,3,60,false,Base_Targeted,2027-09-30,2027,60870.865344846636,24957.05479138712,35913.810553459516,25189.414771394313,50146.469562781436,943786.3762317717,false
Useful life - 60 months,3,60,false,Base_Targeted,2027-10-31,2027,60688.527434102914,24882.296247982194,35806.23118612072,25786.18529116299,50668.481539145185,953806.4221267294,false
Useful life - 60 months,3,60,false,Base_Targeted,2027-11-30,2027,60510.70783876605,24809.39021389408,35701.31762487197,26381.207251577525,51190.597465471605,963126.5325000238,false
Useful life - 60 months,3,60,false,Base_Targeted,2027-12-31,2027,60337.294595426814,24738.29078412499,35599.00381130182,26974.52398176589,51712.814765890886,971751.0123295597,false
Useful life - 60 months,3,60,false,Bear,2024-01-31,2024,29264.806800000002,11998.570788,17266.236011999998,287.77060019999993,12286.3413882,16978.465411799996,true
Useful life - 60 months,3,60,false,Bear,2024-02-29,2024,43091.9502,17667.699581999997,25424.250618,711.5081104999999,18379.207692499996,41691.207919299995,true
Useful life - 60 months,3,60,false,Bear,2024-03-31,2024,80616.4647,33052.750527,47563.714173,1504.23668005,34556.98720705,87750.68541225,true
Useful life - 60 months,3,60,false,Bear,2024-04-30,2024,48675.9831,19957.153070999997,28718.830028999993,1982.8838471999998,21940.036918199996,114486.63159404999,true
Useful life - 60 months,3,60,false,Bear,2024-05-31,2024,76380.9684,31316.197043999997,45064.77135599999,2733.9633698,34050.1604138,156817.43958024998,true
Useful life - 60 months,3,60,false,Bear,2024-06-30,2024,40940.9073,16785.771993000002,24155.135307,3136.54895825,19922.320951250003,177836.02592899997,true
Useful life - 60 months,3,60,false,Bear,2024-07-31,2024,23145.6615,9489.721214999998,13655.940284999999,3364.147963,12853.869177999997,188127.81825099996,true
Useful life - 60 months,3,60,false,Bear,2024-08-31,2024,49222.0575,20181.043575,29041.013924999996,3848.16486175,24029.20843675,213320.66731424996,true
Useful life - 60 months,3,60,false,Bear,2024-09-30,2024,39955.9515,16381.940115,23574.011384999994,4241.065051499999,20623.0051665,232653.61364774997,true
Useful life - 60 months,3,60,false,Bear,2024-10-31,2024,38229.6792,15674.168471999998,22555.510727999997,4616.990230299999,20291.158702299996,250592.13414544996,true
Useful life - 60 months,3,60,false,Bear,2024-11-30,2024,66653.70989999999,27328.021058999995,39325.688840999996,5272.418377649999,32600.439436649995,284645.40460879996,true
Useful life - 60 months,3,60,false,Bear,2024-12-31,2024,121994.9343,50017.923063,71977.01123699998,6472.035231599999,56489.9582946,350150.38061419997,true
Useful life - 60 months,3,60,false,Bear,2025-01-31,2025,85339.689,34989.272489999996,50350.416509999995,7311.208840099998,42300.481330099996,393189.58828409994,true
Useful life - 60 months,3,60,false,Bear,2025-02-28,2025,57001.5375,23370.630374999997,33630.907125,7871.723958849998,31242.354333849995,418948.77145024994,true
Useful life - 60 months,3,60,false,Bear,2025-03-31,2025,57146.47379999999,23430.054257999996,33716.419541999996,8433.664284549997,31863.718542549992,444231.52670769993,true
Useful life - 60 months,3,60,false,Bear,2025-04-30,2025,58565.10209999999,24011.691860999996,34553.410239,9009.554455199997,33021.24631619999,469775.38249149994,true
Useful life - 60 months,3,60,false,Bear,2025-05-31,2025,35813.6487,14683.595967,21130.052733,9361.722000749998,24045.317967749997,481543.71322374995,true
Useful life - 60 months,3,60,false,Bear,2025-06-30,2025,59524.8819,24405.201579,35119.680321,9947.050006099998,34352.2515851,506716.34353864996,true
Useful life - 60 months,3,60,false,Bear,2025-07-31,2025,29906.150400000002,12261.521664,17644.628736000002,10241.127151699999,22502.6488157,514119.84512295,true
Useful life - 60 months,3,60,false,Bear,2025-08-31,2025,38775.2583,15897.855903,22877.402396999998,10622.417191649998,26520.273094649998,526374.8303283,true
Useful life - 60 months,3,60,false,Bear,2025-09-30,2025,67163.808,27537.161279999997,39626.64672,11282.861303649997,38820.022583649996,554718.61574465,true
Useful life - 60 months,3,60,false,Bear,2025-10-31,2025,43416.6591,17800.830230999996,25615.828868999997,11709.791784799998,29510.622015799992,568624.65282885,true
Useful life - 60 months,3,60,false,Bear,2025-11-30,2025,103831.698,42570.996179999995,61260.70182,12730.803481799996,55301.79966179999,617154.55116705,true
Useful life - 60 months,3,60,false,Bear,2025-12-31,2025,73351.2321,30074.005160999997,43277.226939,13452.090597449996,43526.09575844999,646979.6875086001,true
Useful life - 60 months,3,60,false,Bear,2026-01-31,2026,44214.5802,18127.977882,26086.602318,13886.867302749997,32014.845184749996,659179.4225238501,true
Useful life - 60 months,3,60,false,Bear,2026-02-28,2026,37999.94999999999,15579.979499999998,22419.970499999992,14260.533477749997,29840.512977749997,667338.8595461001,true
Useful life - 60 months,3,60,false,Bear,2026-03-31,2026,49128.0591,20142.504231,28985.554868999996,14743.626058899998,34886.1302899,681580.7883562001,true
Useful life - 60 months,3,60,false,Bear,2026-04-30,2026,84928.4301,34820.656341,50107.773758999996,15578.755621549997,50399.41196255,716109.8064936501,true
Useful life - 60 months,3,60,false,Bear,2026-05-31,2026,60401.9679,24764.806838999997,35637.161061,16172.708305899998,40937.5151449,735574.25924875,true
Useful life - 60 months,3,60,false,Bear,2026-06-30,2026,70471.7556,28893.419796000002,41578.335804,16865.6805693,45759.1003653,760286.91448345,true
Useful life - 60 months,3,60,false,Bear,2026-07-31,2026,55268.5488822692,22660.10504173037,32608.44384053883,17409.15463330898,40069.25967503935,775486.2036906799,false
Useful life - 60 months,3,60,false,Bear,2026-08-31,2026,32257.583657890234,13225.609299734995,19031.974358155236,17726.3542059449,30951.963505679894,776791.8238428901,false
Useful life - 60 months,3,60,false,Bear,2026-09-30,2026,27016.497823130772,11076.764107483617,15939.733715647155,17992.01643453902,29068.780542022636,774739.5411239982,false
Useful life - 60 months,3,60,false,Bear,2026-10-31,2026,27084.57367269599,11104.675205805355,15979.898466890634,18258.348075653863,29363.023281459216,772461.091515235,false
Useful life - 60 months,3,60,false,Bear,2026-11-30,2026,47727.261267119335,19568.17711951893,28159.084147600406,18727.666144780538,38295.84326429947,781892.5095180549,false
Useful life - 60 months,3,60,false,Bear,2026-12-31,2026,47727.261267119335,19568.17711951893,28159.084147600406,19196.984213907206,38765.161333426135,790854.6094517481,false
Useful life - 60 months,3,60,false,Bear,2027-01-31,2027,47727.261267119335,19568.17711951893,28159.084147600406,19666.30228303388,39234.47940255281,799347.3913163146,false
Useful life - 60 months,3,60,false,Bear,2027-02-28,2027,47727.261267119335,19568.17711951893,28159.084147600406,20135.620352160557,39703.797471679485,807370.8551117544,false
Useful life - 60 months,3,60,false,Bear,2027-03-31,2027,47727.261267119335,19568.17711951893,28159.084147600406,20604.938421287232,40173.11554080616,814925.0008380676,false
Useful life - 60 months,3,60,false,Bear,2027-04-30,2027,47727.261267119335,19568.17711951893,28159.084147600406,21074.2564904139,40642.43360993283,822009.8284952542,false
Useful life - 60 months,3,60,false,Bear,2027-05-31,2027,47727.261267119335,19568.17711951893,28159.084147600406,21543.574559540575,41111.751679059504,828625.338083314,false
Useful life - 60 months,3,60,false,Bear,2027-06-30,2027,47727.261267119335,19568.17711951893,28159.084147600406,22012.89262866725,41581.06974818618,834771.5296022472,false
Useful life - 60 months,3,60,false,Bear,2027-07-31,2027,47727.261267119335,19568.17711951893,28159.084147600406,22482.210697793926,42050.387817312854,840448.4030520536,false
Useful life - 60 months,3,60,false,Bear,2027-08-31,2027,47727.261267119335,19568.17711951893,28159.084147600406,22951.528766920594,42519.70588643952,845655.9584327334,false
Useful life - 60 months,3,60,false,Bear,2027-09-30,2027,47727.261267119335,19568.17711951893,28159.084147600406,23420.84683604727,42989.0239555662,850394.1957442865,false
Useful life - 60 months,3,60,false,Bear,2027-10-31,2027,47727.261267119335,19568.17711951893,28159.084147600406,23890.164905173944,43458.34202469287,854663.114986713,false
Useful life - 60 months,3,60,false,Bear,2027-11-30,2027,47727.261267119335,19568.17711951893,28159.084147600406,24359.48297430062,43927.66009381955,858462.7161600129,false
Useful life - 60 months,3,60,false,Bear,2027-12-31,2027,47727.261267119335,19568.17711951893,28159.084147600406,24828.801043427287,44396.978162946216,861792.9992641859,false
Useful life - 60 months,3,60,false,Bull,2024-01-31,2024,29264.806800000002,11998.570788,17266.236011999998,287.77060019999993,12286.3413882,16978.465411799996,true
Useful life - 60 months,3,60,false,Bull,2024-02-29,2024,43091.9502,17667.699581999997,25424.250618,711.5081104999999,18379.207692499996,41691.207919299995,true
Useful life - 60 months,3,60,false,Bull,2024-03-31,2024,80616.4647,33052.750527,47563.714173,1504.23668005,34556.98720705,87750.68541225,true
Useful life - 60 months,3,60,false,Bull,2024-04-30,2024,48675.9831,19957.153070999997,28718.830028999993,1982.8838471999998,21940.036918199996,114486.63159404999,true
Useful life - 60 months,3,60,false,Bull,2024-05-31,2024,76380.9684,31316.197043999997,45064.77135599999,2733.9633698,34050.1604138,156817.43958024998,true
Useful life - 60 months,3,60,false,Bull,2024-06-30,2024,40940.9073,16785.771993000002,24155.135307,3136.5489582499995,19922.320951250003,177836.025929,true
Useful life - 60 months,3,60,false,Bull,2024-07-31,2024,23145.6615,9489.721214999998,13655.940284999999,3364.1479629999994,12853.869177999997,188127.818251,true
Useful life - 60 months,3,60,false,Bull,2024-08-31,2024,49222.0575,20181.043575,29041.013924999996,3848.1648617499995,24029.20843675,213320.66731425,true
Useful life - 60 months,3,60,false,Bull,2024-09-30,2024,39955.9515,16381.940115,23574.011384999994,4241.0650515,20623.0051665,232653.61364775,true
Useful life - 60 months,3,60,false,Bull,2024-10-31,2024,38229.6792,15674.168471999998,22555.510727999997,4616.9902303,20291.158702299996,250592.13414545,true
Useful life - 60 months,3,60,false,Bull,2024-11-30,2024,66653.70989999999,27328.021058999995,39325.688840999996,5272.4183776499995,32600.439436649995,284645.40460879996,true
Useful life - 60 months,3,60,false,Bull,2024-12-31,2024,121994.9343,50017.923063,71977.01123699998,6472.0352316,56489.9582946,350150.38061419997,true
Useful life - 60 months,3,60,false,Bull,2025-01-31,2025,85339.689,34989.272489999996,50350.416509999995,7311.208840099999,42300.481330099996,393189.58828409994,true
Useful life - 60 months,3,60,false,Bull,2025-02-28,2025,57001.5375,23370.630374999997,33630.907125,7871.723958849999,31242.354333849995,418948.77145024994,true
Useful life - 60 months,3,60,false,Bull,2025-03-31,2025,57146.47379999999,23430.054257999996,33716.419541999996,8433.66428455,31863.718542549996,444231.52670769993,true
Useful life - 60 months,3,60,false,Bull,2025-04-30,2025,58565.10209999999,24011.691860999996,34553.410239,9009.5544552,33021.24631619999,469775.38249149994,true
Useful life - 60 months,3,60,false,Bull,2025-05-31,2025,35813.6487,14683.595967,21130.052733,9361.722000749998,24045.317967749997,481543.71322374995,true
Useful life - 60 months,3,60,false,Bull,2025-06-30,2025,59524.8819,24405.201579,35119.680321,9947.050006099998,34352.2515851,506716.34353864996,true
Useful life - 60 months,3,60,false,Bull,2025-07-31,2025,29906.150400000002,12261.521664,17644.628736000002,10241.127151699999,22502.6488157,514119.84512295,true
Useful life - 60 months,3,60,false,Bull,2025-08-31,2025,38775.2583,15897.855903,22877.402396999998,10622.417191649998,26520.273094649998,526374.8303283,true
Useful life - 60 months,3,60,false,Bull,2025-09-30,2025,67163.808,27537.161279999997,39626.64672,11282.86130365,38820.022583649996,554718.61574465,true
Useful life - 60 months,3,60,false,Bull,2025-10-31,2025,43416.6591,17800.830230999996,25615.828868999997,11709.791784799996,29510.622015799992,568624.65282885,true
Useful life - 60 months,3,60,false,Bull,2025-11-30,2025,103831.698,42570.996179999995,61260.70182,12730.803481799998,55301.79966179999,617154.5511670499,true
Useful life - 60 months,3,60,false,Bull,2025-12-31,2025,73351.2321,30074.005160999997,43277.226939,13452.090597449998,43526.09575845,646979.6875086,true
Useful life - 60 months,3,60,false,Bull,2026-01-31,2026,44214.5802,18127.977882,26086.602318,13886.867302749997,32014.845184749996,659179.42252385,true
Useful life - 60 months,3,60,false,Bull,2026-02-28,2026,37999.94999999999,15579.979499999998,22419.970499999992,14260.533477749996,29840.512977749993,667338.8595461,true
Useful life - 60 months,3,60,false,Bull,2026-03-31,2026,49128.0591,20142.504231,28985.554868999996,14743.626058899998,34886.1302899,681580.7883562,true
Useful life - 60 months,3,60,false,Bull,2026-04-30,2026,84928.4301,34820.656341,50107.773758999996,15578.755621549997,50399.41196255,716109.80649365,true
Useful life - 60 months,3,60,false,Bull,2026-05-31,2026,60401.9679,24764.806838999997,35637.161061,16172.7083059,40937.5151449,735574.2592487499,true
Useful life - 60 months,3,60,false,Bull,2026-06-30,2026,70471.7556,28893.419796000002,41578.335804,16865.6805693,45759.1003653,760286.9144834499,true
Useful life - 60 months,3,60,false,Bull,2026-07-31,2026,76317.42936307524,31290.146038860847,45027.28332421439,17616.135291370236,48906.28133023108,787698.0625162941,false
Useful life - 60 months,3,60,false,Bull,2026-08-31,2026,45184.947000680164,18525.828270278867,26659.118730401293,18060.453936876926,36586.28220715579,796296.7273098185,false
Useful life - 60 months,3,60,false,Bull,2026-09-30,2026,38094.06616541737,15618.56712782112,22475.499037596244,18435.04558750353,34053.61271532465,800337.1807599112,false
Useful life - 60 months,3,60,false,Bull,2026-10-31,2026,38186.168785417365,15656.32920202112,22529.839583396246,18810.542913893467,34466.872115914586,804056.4774294139,false
Useful life - 60 months,3,60,false,Bull,2026-11-30,2026,79240.79661901675,32488.72661379687,46752.07000521988,19589.74408064713,52078.470694444,831218.8033539867,false
Useful life - 60 months,3,60,false,Bull,2026-12-31,2026,79587.76405525072,32630.983262652793,46956.78079259792,20372.3570938571,53003.34035650989,857803.2270527275,false
Useful life - 60 months,3,60,false,Bull,2027-01-31,2027,79324.94852504143,32523.228895266984,46801.71962977444,21152.385754353338,53675.61464962032,883452.5609281486,false
Useful life - 60 months,3,60,false,Bull,2027-02-28,2027,79068.64553769532,32418.144670455076,46650.50086724023,21929.894102140675,54348.038772595755,908173.1676932481,false
Useful life - 60 months,3,60,false,Bull,2027-03-31,2027,78818.6937130439,32315.664422348003,46503.02929069591,22704.94459031894,55020.609012666944,931971.2523936251,false
Useful life - 60 months,3,60,false,Bull,2027-04-30,2027,78574.93566990337,32215.72362466038,46359.21204524298,23477.598124406326,55693.3217490667,954852.8663144618,false
Useful life - 60 months,3,60,false,Bull,2027-05-31,2027,78337.21792698,32118.259350061802,46218.9585769182,24247.914100688293,56366.173450750095,976823.9107906917,false
Useful life - 60 months,3,60,false,Bull,2027-06-30,2027,78105.39080623144,32023.21023055489,46082.180575676546,25015.950443616235,57039.16067417113,997890.1409227521,false
Useful life - 60 months,3,60,false,Bull,2027-07-31,2027,77879.30833862236,31930.516418835163,45948.79191978719,25781.763642279355,57712.28006111452,1018057.16920026,false
Useful life - 60 months,3,60,false,Bull,2027-08-31,2027,77658.82817221576,31840.119550608462,45818.70862160729,26545.40878597281,58385.52833658127,1037330.4690358945,false
Useful life - 60 months,3,60,false,Bull,2027-09-30,2027,77443.81148254155,31751.96270784203,45691.84877469951,27306.93959888447,59058.9023067265,1055715.3782117094,false
Useful life - 60 months,3,60,false,Bull,2027-10-31,2027,77234.12288518627,31665.99038292637,45568.1325022599,28066.408473922133,59732.39885684851,1073217.1022400472,false
Useful life - 60 months,3,60,false,Bull,2027-11-30,2027,76723.77816629245,31456.749048179903,45267.02911811255,28820.85895922401,60277.60800740391,1089663.2723989356,false
Useful life - 60 months,3,60,false,Bull,2027-12-31,2027,76211.94850516034,31246.898887115734,44965.04961804459,29570.276452858085,60817.17533997382,1105058.0455641223,false
