rep_id,rep_name,segment,territory,hire_date,termination_date,month_end_date,months_since_hire,annual_quota,monthly_quota,ramp_profile_id,ramp_pct,expected_attainment,theoretical_quota_capacity,expected_productive_capacity,new_logo_share_of_bookings,new_logo_productive_capacity,actual_bookings,actual_attainment
REP-005,Priya Hollingsworth,SMB,Midwest,2019-01-23,2024-04-30,2024-01-31,61,700000.00,58333.333333333336,standard,1.00,0.47052666608506,58333.333333333336,27447.388854961835,0.8680089553271375,23824.57932645314,16093.68,0.2758916571428571
REP-005,Priya Hollingsworth,SMB,Midwest,2019-01-23,2024-04-30,2024-02-29,62,700000.00,58333.333333333336,standard,1.00,0.47052666608506,58333.333333333336,27447.388854961835,0.8680089553271375,23824.57932645314,27502.64,0.47147382857142855
REP-005,Priya Hollingsworth,SMB,Midwest,2019-01-23,2024-04-30,2024-03-31,63,700000.00,58333.333333333336,standard,1.00,0.47052666608506,58333.333333333336,27447.388854961835,0.8680089553271375,23824.57932645314,10376.59,0.1778844
REP-005,Priya Hollingsworth,SMB,Midwest,2019-01-23,2024-04-30,2024-04-30,64,700000.00,58333.333333333336,standard,1.00,0.47052666608506,58333.333333333336,27447.388854961835,0.8680089553271375,23824.57932645314,7295.54,0.1250664
REP-007,Emeka Bhattacharya,Mid-Market,Midwest,2019-01-18,2024-06-30,2024-01-31,61,1000000.00,83333.33333333333,standard,1.00,0.7712577286363639,83333.33333333333,64271.47738636365,0.4147782801896837,26658.412855566065,6894.04,0.08272848000000001
REP-007,Emeka Bhattacharya,Mid-Market,Midwest,2019-01-18,2024-06-30,2024-02-29,62,1000000.00,83333.33333333333,standard,1.00,0.7712577286363639,83333.33333333333,64271.47738636365,0.4147782801896837,26658.412855566065,41053.25,0.49263900000000005
REP-007,Emeka Bhattacharya,Mid-Market,Midwest,2019-01-18,2024-06-30,2024-03-31,63,1000000.00,83333.33333333333,standard,1.00,0.7712577286363639,83333.33333333333,64271.47738636365,0.4147782801896837,26658.412855566065,23304.42,0.27965304
REP-007,Emeka Bhattacharya,Mid-Market,Midwest,2019-01-18,2024-06-30,2024-04-30,64,1000000.00,83333.33333333333,standard,1.00,0.7712577286363639,83333.33333333333,64271.47738636365,0.4147782801896837,26658.412855566065,70731.03,0.84877236
REP-007,Emeka Bhattacharya,Mid-Market,Midwest,2019-01-18,2024-06-30,2024-05-31,65,1000000.00,83333.33333333333,standard,1.00,0.7712577286363639,83333.33333333333,64271.47738636365,0.4147782801896837,26658.412855566065,195864.77,2.35037724
REP-007,Emeka Bhattacharya,Mid-Market,Midwest,2019-01-18,2024-06-30,2024-06-30,66,1000000.00,83333.33333333333,standard,1.00,0.7712577286363639,83333.33333333333,64271.47738636365,0.4147782801896837,26658.412855566065,61694.28,0.74033136
REP-010,Anouk Reyes,Mid-Market,West,2019-01-02,,2024-01-31,61,1000000.00,83333.33333333333,standard,1.00,0.7712577286363639,83333.33333333333,64271.47738636365,0.4147782801896837,26658.412855566065,48498.13,0.58197756
REP-010,Anouk Reyes,Mid-Market,West,2019-01-02,,2024-02-29,62,1000000.00,83333.33333333333,standard,1.00,0.7712577286363639,83333.33333333333,64271.47738636365,0.4147782801896837,26658.412855566065,19802.57,0.23763084
REP-010,Anouk Reyes,Mid-Market,West,2019-01-02,,2024-03-31,63,1000000.00,83333.33333333333,standard,1.00,0.7712577286363639,83333.33333333333,64271.47738636365,0.4147782801896837,26658.412855566065,0.00,0.0
REP-010,Anouk Reyes,Mid-Market,West,2019-01-02,,2024-04-30,64,1000000.00,83333.33333333333,standard,1.00,0.7712577286363639,83333.33333333333,64271.47738636365,0.4147782801896837,26658.412855566065,81945.75,0.983349
REP-010,Anouk Reyes,Mid-Market,West,2019-01-02,,2024-05-31,65,1000000.00,83333.33333333333,standard,1.00,0.7712577286363639,83333.33333333333,64271.47738636365,0.4147782801896837,26658.412855566065,36401.50,0.43681800000000004
REP-010,Anouk Reyes,Mid-Market,West,2019-01-02,,2024-06-30,66,1000000.00,83333.33333333333,standard,1.00,0.7712577286363639,83333.33333333333,64271.47738636365,0.4147782801896837,26658.412855566065,141770.51,1.7012461200000002
REP-010,Anouk Reyes,Mid-Market,West,2019-01-02,,2024-07-31,67,1000000.00,83333.33333333333,standard,1.00,0.7712577286363639,83333.33333333333,64271.47738636365,0.4147782801896837,26658.412855566065,64821.02,0.77785224
REP-010,Anouk Reyes,Mid-Market,West,2019-01-02,,2024-08-31,68,1000000.00,83333.33333333333,standard,1.00,0.7712577286363639,83333.33333333333,64271.47738636365,0.4147782801896837,26658.412855566065,1106.42,0.013277040000000002
REP-010,Anouk Reyes,Mid-Market,West,2019-01-02,,2024-09-30,69,1000000.00,83333.33333333333,standard,1.00,0.7712577286363639,83333.33333333333,64271.47738636365,0.4147782801896837,26658.412855566065,21992.07,0.26390484000000003
REP-010,Anouk Reyes,Mid-Market,West,2019-01-02,,2024-10-31,70,1000000.00,83333.33333333333,standard,1.00,0.7712577286363639,83333.33333333333,64271.47738636365,0.4147782801896837,26658.412855566065,114107.55,1.3692906
REP-010,Anouk Reyes,Mid-Market,West,2019-01-02,,2024-11-30,71,1000000.00,83333.33333333333,standard,1.00,0.7712577286363639,83333.33333333333,64271.47738636365,0.4147782801896837,26658.412855566065,131461.20,1.5775344000000002
REP-010,Anouk Reyes,Mid-Market,West,2019-01-02,,2024-12-31,72,1000000.00,83333.33333333333,standard,1.00,0.7712577286363639,83333.33333333333,64271.47738636365,0.4147782801896837,26658.412855566065,13878.25,0.16653900000000002
REP-010,Anouk Reyes,Mid-Market,West,2019-01-02,,2025-01-31,73,1000000.00,83333.33333333333,standard,1.00,0.7712577286363639,83333.33333333333,64271.47738636365,0.4147782801896837,26658.412855566065,1819.81,0.02183772
REP-010,Anouk Reyes,Mid-Market,West,2019-01-02,,2025-02-28,74,1000000.00,83333.33333333333,standard,1.00,0.7712577286363639,83333.33333333333,64271.47738636365,0.4147782801896837,26658.412855566065,36096.78,0.43316136
REP-010,Anouk Reyes,Mid-Market,West,2019-01-02,,2025-03-31,75,1000000.00,83333.33333333333,standard,1.00,0.7712577286363639,83333.33333333333,64271.47738636365,0.4147782801896837,26658.412855566065,32953.41,0.3954409200000001
REP-010,Anouk Reyes,Mid-Market,West,2019-01-02,,2025-04-30,76,1000000.00,83333.33333333333,standard,1.00,0.7712577286363639,83333.33333333333,64271.47738636365,0.4147782801896837,26658.412855566065,80131.39,0.9615766800000001
REP-010,Anouk Reyes,Mid-Market,West,2019-01-02,,2025-05-31,77,1000000.00,83333.33333333333,standard,1.00,0.7712577286363639,83333.33333333333,64271.47738636365,0.4147782801896837,26658.412855566065,51585.17,0.61902204
REP-010,Anouk Reyes,Mid-Market,West,2019-01-02,,2025-06-30,78,1000000.00,83333.33333333333,standard,1.00,0.7712577286363639,83333.33333333333,64271.47738636365,0.4147782801896837,26658.412855566065,112805.15,1.3536618
REP-010,Anouk Reyes,Mid-Market,West,2019-01-02,,2025-07-31,79,1000000.00,83333.33333333333,standard,1.00,0.7712577286363639,83333.33333333333,64271.47738636365,0.4147782801896837,26658.412855566065,52122.83,0.6254739600000001
REP-010,Anouk Reyes,Mid-Market,West,2019-01-02,,2025-08-31,80,1000000.00,83333.33333333333,standard,1.00,0.7712577286363639,83333.33333333333,64271.47738636365,0.4147782801896837,26658.412855566065,13445.55,0.1613466
REP-010,Anouk Reyes,Mid-Market,West,2019-01-02,,2025-09-30,81,1000000.00,83333.33333333333,standard,1.00,0.7712577286363639,83333.33333333333,64271.47738636365,0.4147782801896837,26658.412855566065,25987.66,0.31185192
REP-010,Anouk Reyes,Mid-Market,West,2019-01-02,,2025-10-31,82,1000000.00,83333.33333333333,standard,1.00,0.7712577286363639,83333.33333333333,64271.47738636365,0.4147782801896837,26658.412855566065,0.00,0.0
REP-010,Anouk Reyes,Mid-Market,West,2019-01-02,,2025-11-30,83,1000000.00,83333.33333333333,standard,1.00,0.7712577286363639,83333.33333333333,64271.47738636365,0.4147782801896837,26658.412855566065,83062.71,0.9967525200000001
REP-010,Anouk Reyes,Mid-Market,West,2019-01-02,,2025-12-31,84,1000000.00,83333.33333333333,standard,1.00,0.7712577286363639,83333.33333333333,64271.47738636365,0.4147782801896837,26658.412855566065,48178.51,0.5781421200000001
REP-010,Anouk Reyes,Mid-Market,West,2019-01-02,,2026-01-31,85,1000000.00,83333.33333333333,standard,1.00,0.7712577286363639,83333.33333333333,64271.47738636365,0.4147782801896837,26658.412855566065,39706.81,0.47648172
REP-010,Anouk Reyes,Mid-Market,West,2019-01-02,,2026-02-28,86,1000000.00,83333.33333333333,standard,1.00,0.7712577286363639,83333.33333333333,64271.47738636365,0.4147782801896837,26658.412855566065,31407.32,0.37688784000000003
REP-010,Anouk Reyes,Mid-Market,West,2019-01-02,,2026-03-31,87,1000000.00,83333.33333333333,standard,1.00,0.7712577286363639,83333.33333333333,64271.47738636365,0.4147782801896837,26658.412855566065,43427.35,0.5211282
REP-010,Anouk Reyes,Mid-Market,West,2019-01-02,,2026-04-30,88,1000000.00,83333.33333333333,standard,1.00,0.7712577286363639,83333.33333333333,64271.47738636365,0.4147782801896837,26658.412855566065,26343.30,0.3161196
REP-010,Anouk Reyes,Mid-Market,West,2019-01-02,,2026-05-31,89,1000000.00,83333.33333333333,standard,1.00,0.7712577286363639,83333.33333333333,64271.47738636365,0.4147782801896837,26658.412855566065,22111.93,0.26534316
REP-010,Anouk Reyes,Mid-Market,West,2019-01-02,,2026-06-30,90,1000000.00,83333.33333333333,standard,1.00,0.7712577286363639,83333.33333333333,64271.47738636365,0.4147782801896837,26658.412855566065,0.00,0.0
REP-014,Zubeida Sandoval,Enterprise,Midwest,2019-01-02,2026-04-30,2024-01-31,61,1400000.00,116666.66666666667,enterprise,1.00,0.5721396848571428,116666.66666666667,66749.6299,0.5737636670113491,38298.51242307439,149726.01,1.2833658000000001
REP-014,Zubeida Sandoval,Enterprise,Midwest,2019-01-02,2026-04-30,2024-02-29,62,1400000.00,116666.66666666667,enterprise,1.00,0.5721396848571428,116666.66666666667,66749.6299,0.5737636670113491,38298.51242307439,33780.03,0.2895431142857143
REP-014,Zubeida Sandoval,Enterprise,Midwest,2019-01-02,2026-04-30,2024-03-31,63,1400000.00,116666.66666666667,enterprise,1.00,0.5721396848571428,116666.66666666667,66749.6299,0.5737636670113491,38298.51242307439,0.00,0.0
REP-014,Zubeida Sandoval,Enterprise,Midwest,2019-01-02,2026-04-30,2024-04-30,64,1400000.00,116666.66666666667,enterprise,1.00,0.5721396848571428,116666.66666666667,66749.6299,0.5737636670113491,38298.51242307439,95091.44,0.8150694857142857
REP-014,Zubeida Sandoval,Enterprise,Midwest,2019-01-02,2026-04-30,2024-05-31,65,1400000.00,116666.66666666667,enterprise,1.00,0.5721396848571428,116666.66666666667,66749.6299,0.5737636670113491,38298.51242307439,0.00,0.0
REP-014,Zubeida Sandoval,Enterprise,Midwest,2019-01-02,2026-04-30,2024-06-30,66,1400000.00,116666.66666666667,enterprise,1.00,0.5721396848571428,116666.66666666667,66749.6299,0.5737636670113491,38298.51242307439,176772.85,1.5151958571428572
REP-014,Zubeida Sandoval,Enterprise,Midwest,2019-01-02,2026-04-30,2024-07-31,67,1400000.00,116666.66666666667,enterprise,1.00,0.5721396848571428,116666.66666666667,66749.6299,0.5737636670113491,38298.51242307439,26895.80,0.23053542857142856
REP-014,Zubeida Sandoval,Enterprise,Midwest,2019-01-02,2026-04-30,2024-08-31,68,1400000.00,116666.66666666667,enterprise,1.00,0.5721396848571428,116666.66666666667,66749.6299,0.5737636670113491,38298.51242307439,0.00,0.0
REP-014,Zubeida Sandoval,Enterprise,Midwest,2019-01-02,2026-04-30,2024-09-30,69,1400000.00,116666.66666666667,enterprise,1.00,0.5721396848571428,116666.66666666667,66749.6299,0.5737636670113491,38298.51242307439,4894.90,0.04195628571428571
REP-014,Zubeida Sandoval,Enterprise,Midwest,2019-01-02,2026-04-30,2024-10-31,70,1400000.00,116666.66666666667,enterprise,1.00,0.5721396848571428,116666.66666666667,66749.6299,0.5737636670113491,38298.51242307439,0.00,0.0
REP-014,Zubeida Sandoval,Enterprise,Midwest,2019-01-02,2026-04-30,2024-11-30,71,1400000.00,116666.66666666667,enterprise,1.00,0.5721396848571428,116666.66666666667,66749.6299,0.5737636670113491,38298.51242307439,0.00,0.0
REP-014,Zubeida Sandoval,Enterprise,Midwest,2019-01-02,2026-04-30,2024-12-31,72,1400000.00,116666.66666666667,enterprise,1.00,0.5721396848571428,116666.66666666667,66749.6299,0.5737636670113491,38298.51242307439,0.00,0.0
REP-014,Zubeida Sandoval,Enterprise,Midwest,2019-01-02,2026-04-30,2025-01-31,73,1400000.00,116666.66666666667,enterprise,1.00,0.5721396848571428,116666.66666666667,66749.6299,0.5737636670113491,38298.51242307439,0.00,0.0
REP-014,Zubeida Sandoval,Enterprise,Midwest,2019-01-02,2026-04-30,2025-02-28,74,1400000.00,116666.66666666667,enterprise,1.00,0.5721396848571428,116666.66666666667,66749.6299,0.5737636670113491,38298.51242307439,14149.99,0.12128562857142856
REP-014,Zubeida Sandoval,Enterprise,Midwest,2019-01-02,2026-04-30,2025-03-31,75,1400000.00,116666.66666666667,enterprise,1.00,0.5721396848571428,116666.66666666667,66749.6299,0.5737636670113491,38298.51242307439,23360.84,0.20023577142857144
REP-014,Zubeida Sandoval,Enterprise,Midwest,2019-01-02,2026-04-30,2025-04-30,76,1400000.00,116666.66666666667,enterprise,1.00,0.5721396848571428,116666.66666666667,66749.6299,0.5737636670113491,38298.51242307439,0.00,0.0
REP-014,Zubeida Sandoval,Enterprise,Midwest,2019-01-02,2026-04-30,2025-05-31,77,1400000.00,116666.66666666667,enterprise,1.00,0.5721396848571428,116666.66666666667,66749.6299,0.5737636670113491,38298.51242307439,0.00,0.0
REP-014,Zubeida Sandoval,Enterprise,Midwest,2019-01-02,2026-04-30,2025-06-30,78,1400000.00,116666.66666666667,enterprise,1.00,0.5721396848571428,116666.66666666667,66749.6299,0.5737636670113491,38298.51242307439,77274.94,0.6623566285714285
REP-014,Zubeida Sandoval,Enterprise,Midwest,2019-01-02,2026-04-30,2025-07-31,79,1400000.00,116666.66666666667,enterprise,1.00,0.5721396848571428,116666.66666666667,66749.6299,0.5737636670113491,38298.51242307439,0.00,0.0
REP-014,Zubeida Sandoval,Enterprise,Midwest,2019-01-02,2026-04-30,2025-08-31,80,1400000.00,116666.66666666667,enterprise,1.00,0.5721396848571428,116666.66666666667,66749.6299,0.5737636670113491,38298.51242307439,0.00,0.0
REP-014,Zubeida Sandoval,Enterprise,Midwest,2019-01-02,2026-04-30,2025-09-30,81,1400000.00,116666.66666666667,enterprise,1.00,0.5721396848571428,116666.66666666667,66749.6299,0.5737636670113491,38298.51242307439,0.00,0.0
REP-014,Zubeida Sandoval,Enterprise,Midwest,2019-01-02,2026-04-30,2025-10-31,82,1400000.00,116666.66666666667,enterprise,1.00,0.5721396848571428,116666.66666666667,66749.6299,0.5737636670113491,38298.51242307439,4896.19,0.041967342857142854
REP-014,Zubeida Sandoval,Enterprise,Midwest,2019-01-02,2026-04-30,2025-11-30,83,1400000.00,116666.66666666667,enterprise,1.00,0.5721396848571428,116666.66666666667,66749.6299,0.5737636670113491,38298.51242307439,19111.31,0.16381122857142857
REP-014,Zubeida Sandoval,Enterprise,Midwest,2019-01-02,2026-04-30,2025-12-31,84,1400000.00,116666.66666666667,enterprise,1.00,0.5721396848571428,116666.66666666667,66749.6299,0.5737636670113491,38298.51242307439,16778.49,0.14381562857142857
REP-014,Zubeida Sandoval,Enterprise,Midwest,2019-01-02,2026-04-30,2026-01-31,85,1400000.00,116666.66666666667,enterprise,1.00,0.5721396848571428,116666.66666666667,66749.6299,0.5737636670113491,38298.51242307439,5181.66,0.04441422857142857
REP-014,Zubeida Sandoval,Enterprise,Midwest,2019-01-02,2026-04-30,2026-02-28,86,1400000.00,116666.66666666667,enterprise,1.00,0.5721396848571428,116666.66666666667,66749.6299,0.5737636670113491,38298.51242307439,0.00,0.0
REP-014,Zubeida Sandoval,Enterprise,Midwest,2019-01-02,2026-04-30,2026-03-31,87,1400000.00,116666.66666666667,enterprise,1.00,0.5721396848571428,116666.66666666667,66749.6299,0.5737636670113491,38298.51242307439,122294.13,1.0482354
REP-014,Zubeida Sandoval,Enterprise,Midwest,2019-01-02,2026-04-30,2026-04-30,88,1400000.00,116666.66666666667,enterprise,1.00,0.5721396848571428,116666.66666666667,66749.6299,0.5737636670113491,38298.51242307439,11202.92,0.09602502857142857
REP-016,Jian Zielinski,SMB,West,2019-05-13,2024-01-31,2024-01-31,57,700000.00,58333.333333333336,standard,1.00,0.47052666608506,58333.333333333336,27447.388854961835,0.8680089553271375,23824.57932645314,5201.59,0.08917011428571428
REP-018,Esperanza Kaminski,Mid-Market,West,2019-10-25,2025-02-28,2024-01-31,52,1000000.00,83333.33333333333,standard,1.00,0.7712577286363639,83333.33333333333,64271.47738636365,0.4147782801896837,26658.412855566065,0.00,0.0
REP-018,Esperanza Kaminski,Mid-Market,West,2019-10-25,2025-02-28,2024-02-29,53,1000000.00,83333.33333333333,standard,1.00,0.7712577286363639,83333.33333333333,64271.47738636365,0.4147782801896837,26658.412855566065,1526.63,0.018319560000000002
REP-018,Esperanza Kaminski,Mid-Market,West,2019-10-25,2025-02-28,2024-03-31,54,1000000.00,83333.33333333333,standard,1.00,0.7712577286363639,83333.33333333333,64271.47738636365,0.4147782801896837,26658.412855566065,73650.48,0.88380576
REP-018,Esperanza Kaminski,Mid-Market,West,2019-10-25,2025-02-28,2024-04-30,55,1000000.00,83333.33333333333,standard,1.00,0.7712577286363639,83333.33333333333,64271.47738636365,0.4147782801896837,26658.412855566065,499.70,0.0059964
REP-018,Esperanza Kaminski,Mid-Market,West,2019-10-25,2025-02-28,2024-05-31,56,1000000.00,83333.33333333333,standard,1.00,0.7712577286363639,83333.33333333333,64271.47738636365,0.4147782801896837,26658.412855566065,0.00,0.0
REP-018,Esperanza Kaminski,Mid-Market,West,2019-10-25,2025-02-28,2024-06-30,57,1000000.00,83333.33333333333,standard,1.00,0.7712577286363639,83333.33333333333,64271.47738636365,0.4147782801896837,26658.412855566065,14988.29,0.17985948000000002
REP-018,Esperanza Kaminski,Mid-Market,West,2019-10-25,2025-02-28,2024-07-31,58,1000000.00,83333.33333333333,standard,1.00,0.7712577286363639,83333.33333333333,64271.47738636365,0.4147782801896837,26658.412855566065,50993.88,0.61192656
REP-018,Esperanza Kaminski,Mid-Market,West,2019-10-25,2025-02-28,2024-08-31,59,1000000.00,83333.33333333333,standard,1.00,0.7712577286363639,83333.33333333333,64271.47738636365,0.4147782801896837,26658.412855566065,58227.94,0.6987352800000001
REP-018,Esperanza Kaminski,Mid-Market,West,2019-10-25,2025-02-28,2024-09-30,60,1000000.00,83333.33333333333,standard,1.00,0.7712577286363639,83333.33333333333,64271.47738636365,0.4147782801896837,26658.412855566065,48867.60,0.5864112
REP-018,Esperanza Kaminski,Mid-Market,West,2019-10-25,2025-02-28,2024-10-31,61,1000000.00,83333.33333333333,standard,1.00,0.7712577286363639,83333.33333333333,64271.47738636365,0.4147782801896837,26658.412855566065,30433.40,0.36520080000000005
REP-018,Esperanza Kaminski,Mid-Market,West,2019-10-25,2025-02-28,2024-11-30,62,1000000.00,83333.33333333333,standard,1.00,0.7712577286363639,83333.33333333333,64271.47738636365,0.4147782801896837,26658.412855566065,7071.95,0.0848634
REP-018,Esperanza Kaminski,Mid-Market,West,2019-10-25,2025-02-28,2024-12-31,63,1000000.00,83333.33333333333,standard,1.00,0.7712577286363639,83333.33333333333,64271.47738636365,0.4147782801896837,26658.412855566065,30699.62,0.36839544
REP-018,Esperanza Kaminski,Mid-Market,West,2019-10-25,2025-02-28,2025-01-31,64,1000000.00,83333.33333333333,standard,1.00,0.7712577286363639,83333.33333333333,64271.47738636365,0.4147782801896837,26658.412855566065,60023.64,0.72028368
REP-018,Esperanza Kaminski,Mid-Market,West,2019-10-25,2025-02-28,2025-02-28,65,1000000.00,83333.33333333333,standard,1.00,0.7712577286363639,83333.33333333333,64271.47738636365,0.4147782801896837,26658.412855566065,14827.84,0.17793408000000002
REP-023,Saoirse Eriksen,Mid-Market,Midwest,2021-05-18,2024-07-31,2024-01-31,33,1000000.00,83333.33333333333,standard,1.00,0.7712577286363639,83333.33333333333,64271.47738636365,0.4147782801896837,26658.412855566065,50929.02,0.61114824
REP-023,Saoirse Eriksen,Mid-Market,Midwest,2021-05-18,2024-07-31,2024-02-29,34,1000000.00,83333.33333333333,standard,1.00,0.7712577286363639,83333.33333333333,64271.47738636365,0.4147782801896837,26658.412855566065,74896.43,0.8987571599999999
REP-023,Saoirse Eriksen,Mid-Market,Midwest,2021-05-18,2024-07-31,2024-03-31,35,1000000.00,83333.33333333333,standard,1.00,0.7712577286363639,83333.33333333333,64271.47738636365,0.4147782801896837,26658.412855566065,80927.12,0.97112544
REP-023,Saoirse Eriksen,Mid-Market,Midwest,2021-05-18,2024-07-31,2024-04-30,36,1000000.00,83333.33333333333,standard,1.00,0.7712577286363639,83333.33333333333,64271.47738636365,0.4147782801896837,26658.412855566065,43328.64,0.51994368
REP-023,Saoirse Eriksen,Mid-Market,Midwest,2021-05-18,2024-07-31,2024-05-31,37,1000000.00,83333.33333333333,standard,1.00,0.7712577286363639,83333.33333333333,64271.47738636365,0.4147782801896837,26658.412855566065,15596.01,0.18715212
REP-023,Saoirse Eriksen,Mid-Market,Midwest,2021-05-18,2024-07-31,2024-06-30,38,1000000.00,83333.33333333333,standard,1.00,0.7712577286363639,83333.33333333333,64271.47738636365,0.4147782801896837,26658.412855566065,44937.31,0.53924772
REP-023,Saoirse Eriksen,Mid-Market,Midwest,2021-05-18,2024-07-31,2024-07-31,39,1000000.00,83333.33333333333,standard,1.00,0.7712577286363639,83333.33333333333,64271.47738636365,0.4147782801896837,26658.412855566065,14372.08,0.17246496
REP-026,Nadia Eriksen,Mid-Market,Mountain,2021-11-11,,2024-01-31,27,1000000.00,83333.33333333333,standard,1.00,0.7712577286363639,83333.33333333333,64271.47738636365,0.4147782801896837,26658.412855566065,9401.34,0.11281608000000001
REP-026,Nadia Eriksen,Mid-Market,Mountain,2021-11-11,,2024-02-29,28,1000000.00,83333.33333333333,standard,1.00,0.7712577286363639,83333.33333333333,64271.47738636365,0.4147782801896837,26658.412855566065,140834.39,1.6900126800000002
REP-026,Nadia Eriksen,Mid-Market,Mountain,2021-11-11,,2024-03-31,29,1000000.00,83333.33333333333,standard,1.00,0.7712577286363639,83333.33333333333,64271.47738636365,0.4147782801896837,26658.412855566065,20572.85,0.2468742
REP-026,Nadia Eriksen,Mid-Market,Mountain,2021-11-11,,2024-04-30,30,1000000.00,83333.33333333333,standard,1.00,0.7712577286363639,83333.33333333333,64271.47738636365,0.4147782801896837,26658.412855566065,31498.94,0.37798728
REP-026,Nadia Eriksen,Mid-Market,Mountain,2021-11-11,,2024-05-31,31,1000000.00,83333.33333333333,standard,1.00,0.7712577286363639,83333.33333333333,64271.47738636365,0.4147782801896837,26658.412855566065,103876.17,1.24651404
REP-026,Nadia Eriksen,Mid-Market,Mountain,2021-11-11,,2024-06-30,32,1000000.00,83333.33333333333,standard,1.00,0.7712577286363639,83333.33333333333,64271.47738636365,0.4147782801896837,26658.412855566065,17305.14,0.20766168000000002
REP-026,Nadia Eriksen,Mid-Market,Mountain,2021-11-11,,2024-07-31,33,1000000.00,83333.33333333333,standard,1.00,0.7712577286363639,83333.33333333333,64271.47738636365,0.4147782801896837,26658.412855566065,93114.04,1.1173684799999999
REP-026,Nadia Eriksen,Mid-Market,Mountain,2021-11-11,,2024-08-31,34,1000000.00,83333.33333333333,standard,1.00,0.7712577286363639,83333.33333333333,64271.47738636365,0.4147782801896837,26658.412855566065,99465.82,1.1935898400000002
REP-026,Nadia Eriksen,Mid-Market,Mountain,2021-11-11,,2024-09-30,35,1000000.00,83333.33333333333,standard,1.00,0.7712577286363639,83333.33333333333,64271.47738636365,0.4147782801896837,26658.412855566065,81866.74,0.9824008800000001
REP-026,Nadia Eriksen,Mid-Market,Mountain,2021-11-11,,2024-10-31,36,1000000.00,83333.33333333333,standard,1.00,0.7712577286363639,83333.33333333333,64271.47738636365,0.4147782801896837,26658.412855566065,97553.11,1.17063732
REP-026,Nadia Eriksen,Mid-Market,Mountain,2021-11-11,,2024-11-30,37,1000000.00,83333.33333333333,standard,1.00,0.7712577286363639,83333.33333333333,64271.47738636365,0.4147782801896837,26658.412855566065,89231.35,1.0707762
REP-026,Nadia Eriksen,Mid-Market,Mountain,2021-11-11,,2024-12-31,38,1000000.00,83333.33333333333,standard,1.00,0.7712577286363639,83333.33333333333,64271.47738636365,0.4147782801896837,26658.412855566065,105080.74,1.26096888
REP-026,Nadia Eriksen,Mid-Market,Mountain,2021-11-11,,2025-01-31,39,1000000.00,83333.33333333333,standard,1.00,0.7712577286363639,83333.33333333333,64271.47738636365,0.4147782801896837,26658.412855566065,58427.31,0.70112772
REP-026,Nadia Eriksen,Mid-Market,Mountain,2021-11-11,,2025-02-28,40,1000000.00,83333.33333333333,standard,1.00,0.7712577286363639,83333.33333333333,64271.47738636365,0.4147782801896837,26658.412855566065,61800.09,0.74160108
REP-026,Nadia Eriksen,Mid-Market,Mountain,2021-11-11,,2025-03-31,41,1000000.00,83333.33333333333,standard,1.00,0.7712577286363639,83333.33333333333,64271.47738636365,0.4147782801896837,26658.412855566065,157795.44,1.89354528
REP-026,Nadia Eriksen,Mid-Market,Mountain,2021-11-11,,2025-04-30,42,1000000.00,83333.33333333333,standard,1.00,0.7712577286363639,83333.33333333333,64271.47738636365,0.4147782801896837,26658.412855566065,73134.37,0.87761244
REP-026,Nadia Eriksen,Mid-Market,Mountain,2021-11-11,,2025-05-31,43,1000000.00,83333.33333333333,standard,1.00,0.7712577286363639,83333.33333333333,64271.47738636365,0.4147782801896837,26658.412855566065,19763.63,0.23716356000000002
REP-026,Nadia Eriksen,Mid-Market,Mountain,2021-11-11,,2025-06-30,44,1000000.00,83333.33333333333,standard,1.00,0.7712577286363639,83333.33333333333,64271.47738636365,0.4147782801896837,26658.412855566065,50255.14,0.60306168
REP-026,Nadia Eriksen,Mid-Market,Mountain,2021-11-11,,2025-07-31,45,1000000.00,83333.33333333333,standard,1.00,0.7712577286363639,83333.33333333333,64271.47738636365,0.4147782801896837,26658.412855566065,159448.19,1.91337828
REP-026,Nadia Eriksen,Mid-Market,Mountain,2021-11-11,,2025-08-31,46,1000000.00,83333.33333333333,standard,1.00,0.7712577286363639,83333.33333333333,64271.47738636365,0.4147782801896837,26658.412855566065,0.00,0.0
REP-026,Nadia Eriksen,Mid-Market,Mountain,2021-11-11,,2025-09-30,47,1000000.00,83333.33333333333,standard,1.00,0.7712577286363639,83333.33333333333,64271.47738636365,0.4147782801896837,26658.412855566065,180664.16,2.16796992
REP-026,Nadia Eriksen,Mid-Market,Mountain,2021-11-11,,2025-10-31,48,1000000.00,83333.33333333333,standard,1.00,0.7712577286363639,83333.33333333333,64271.47738636365,0.4147782801896837,26658.412855566065,58433.79,0.70120548
REP-026,Nadia Eriksen,Mid-Market,Mountain,2021-11-11,,2025-11-30,49,1000000.00,83333.33333333333,standard,1.00,0.7712577286363639,83333.33333333333,64271.47738636365,0.4147782801896837,26658.412855566065,24435.86,0.29323032000000004
REP-026,Nadia Eriksen,Mid-Market,Mountain,2021-11-11,,2025-12-31,50,1000000.00,83333.33333333333,standard,1.00,0.7712577286363639,83333.33333333333,64271.47738636365,0.4147782801896837,26658.412855566065,86591.90,1.0391028
REP-026,Nadia Eriksen,Mid-Market,Mountain,2021-11-11,,2026-01-31,51,1000000.00,83333.33333333333,standard,1.00,0.7712577286363639,83333.33333333333,64271.47738636365,0.4147782801896837,26658.412855566065,134854.74,1.61825688
REP-026,Nadia Eriksen,Mid-Market,Mountain,2021-11-11,,2026-02-28,52,1000000.00,83333.33333333333,standard,1.00,0.7712577286363639,83333.33333333333,64271.47738636365,0.4147782801896837,26658.412855566065,61154.53,0.73385436
REP-026,Nadia Eriksen,Mid-Market,Mountain,2021-11-11,,2026-03-31,53,1000000.00,83333.33333333333,standard,1.00,0.7712577286363639,83333.33333333333,64271.47738636365,0.4147782801896837,26658.412855566065,99477.79,1.19373348
REP-026,Nadia Eriksen,Mid-Market,Mountain,2021-11-11,,2026-04-30,54,1000000.00,83333.33333333333,standard,1.00,0.7712577286363639,83333.33333333333,64271.47738636365,0.4147782801896837,26658.412855566065,121757.58,1.4610909600000002
REP-026,Nadia Eriksen,Mid-Market,Mountain,2021-11-11,,2026-05-31,55,1000000.00,83333.33333333333,standard,1.00,0.7712577286363639,83333.33333333333,64271.47738636365,0.4147782801896837,26658.412855566065,122687.71,1.47225252
REP-026,Nadia Eriksen,Mid-Market,Mountain,2021-11-11,,2026-06-30,56,1000000.00,83333.33333333333,standard,1.00,0.7712577286363639,83333.33333333333,64271.47738636365,0.4147782801896837,26658.412855566065,112709.44,1.3525132800000002
REP-028,Xiomara Pellegrino,SMB,Mountain,2022-08-21,2024-02-29,2024-01-31,18,700000.00,58333.333333333336,standard,1.00,0.47052666608506,58333.333333333336,27447.388854961835,0.8680089553271375,23824.57932645314,29081.89,0.4985466857142857
REP-028,Xiomara Pellegrino,SMB,Mountain,2022-08-21,2024-02-29,2024-02-29,19,700000.00,58333.333333333336,standard,1.00,0.47052666608506,58333.333333333336,27447.388854961835,0.8680089553271375,23824.57932645314,50000.05,0.8571437142857143
REP-029,Cormac Jorgensen,Enterprise,Southwest,2022-08-22,,2024-01-31,18,1400000.00,116666.66666666667,enterprise,1.00,0.5721396848571428,116666.66666666667,66749.6299,0.5737636670113491,38298.51242307439,0.00,0.0
REP-029,Cormac Jorgensen,Enterprise,Southwest,2022-08-22,,2024-02-29,19,1400000.00,116666.66666666667,enterprise,1.00,0.5721396848571428,116666.66666666667,66749.6299,0.5737636670113491,38298.51242307439,30738.44,0.2634723428571428
REP-029,Cormac Jorgensen,Enterprise,Southwest,2022-08-22,,2024-03-31,20,1400000.00,116666.66666666667,enterprise,1.00,0.5721396848571428,116666.66666666667,66749.6299,0.5737636670113491,38298.51242307439,175425.49,1.503647057142857
REP-029,Cormac Jorgensen,Enterprise,Southwest,2022-08-22,,2024-04-30,21,1400000.00,116666.66666666667,enterprise,1.00,0.5721396848571428,116666.66666666667,66749.6299,0.5737636670113491,38298.51242307439,188895.74,1.6191063428571426
REP-029,Cormac Jorgensen,Enterprise,Southwest,2022-08-22,,2024-05-31,22,1400000.00,116666.66666666667,enterprise,1.00,0.5721396848571428,116666.66666666667,66749.6299,0.5737636670113491,38298.51242307439,406263.22,3.482256171428571
REP-029,Cormac Jorgensen,Enterprise,Southwest,2022-08-22,,2024-06-30,23,1400000.00,116666.66666666667,enterprise,1.00,0.5721396848571428,116666.66666666667,66749.6299,0.5737636670113491,38298.51242307439,7165.97,0.0614226
REP-029,Cormac Jorgensen,Enterprise,Southwest,2022-08-22,,2024-07-31,24,1400000.00,116666.66666666667,enterprise,1.00,0.5721396848571428,116666.66666666667,66749.6299,0.5737636670113491,38298.51242307439,0.00,0.0
REP-029,Cormac Jorgensen,Enterprise,Southwest,2022-08-22,,2024-08-31,25,1400000.00,116666.66666666667,enterprise,1.00,0.5721396848571428,116666.66666666667,66749.6299,0.5737636670113491,38298.51242307439,254633.80,2.1825754285714285
REP-029,Cormac Jorgensen,Enterprise,Southwest,2022-08-22,,2024-09-30,26,1400000.00,116666.66666666667,enterprise,1.00,0.5721396848571428,116666.66666666667,66749.6299,0.5737636670113491,38298.51242307439,15637.48,0.13403554285714284
REP-029,Cormac Jorgensen,Enterprise,Southwest,2022-08-22,,2024-10-31,27,1400000.00,116666.66666666667,enterprise,1.00,0.5721396848571428,116666.66666666667,66749.6299,0.5737636670113491,38298.51242307439,18603.46,0.15945822857142855
REP-029,Cormac Jorgensen,Enterprise,Southwest,2022-08-22,,2024-11-30,28,1400000.00,116666.66666666667,enterprise,1.00,0.5721396848571428,116666.66666666667,66749.6299,0.5737636670113491,38298.51242307439,249852.23,2.1415905428571427
REP-029,Cormac Jorgensen,Enterprise,Southwest,2022-08-22,,2024-12-31,29,1400000.00,116666.66666666667,enterprise,1.00,0.5721396848571428,116666.66666666667,66749.6299,0.5737636670113491,38298.51242307439,711835.87,6.101450314285714
REP-029,Cormac Jorgensen,Enterprise,Southwest,2022-08-22,,2025-01-31,30,1400000.00,116666.66666666667,enterprise,1.00,0.5721396848571428,116666.66666666667,66749.6299,0.5737636670113491,38298.51242307439,4478.31,0.03838551428571429
REP-029,Cormac Jorgensen,Enterprise,Southwest,2022-08-22,,2025-02-28,31,1400000.00,116666.66666666667,enterprise,1.00,0.5721396848571428,116666.66666666667,66749.6299,0.5737636670113491,38298.51242307439,44878.95,0.38467671428571426
REP-029,Cormac Jorgensen,Enterprise,Southwest,2022-08-22,,2025-03-31,32,1400000.00,116666.66666666667,enterprise,1.00,0.5721396848571428,116666.66666666667,66749.6299,0.5737636670113491,38298.51242307439,26550.03,0.22757168571428568
REP-029,Cormac Jorgensen,Enterprise,Southwest,2022-08-22,,2025-04-30,33,1400000.00,116666.66666666667,enterprise,1.00,0.5721396848571428,116666.66666666667,66749.6299,0.5737636670113491,38298.51242307439,6027.25,0.05166214285714286
REP-029,Cormac Jorgensen,Enterprise,Southwest,2022-08-22,,2025-05-31,34,1400000.00,116666.66666666667,enterprise,1.00,0.5721396848571428,116666.66666666667,66749.6299,0.5737636670113491,38298.51242307439,12269.59,0.10516791428571429
REP-029,Cormac Jorgensen,Enterprise,Southwest,2022-08-22,,2025-06-30,35,1400000.00,116666.66666666667,enterprise,1.00,0.5721396848571428,116666.66666666667,66749.6299,0.5737636670113491,38298.51242307439,0.00,0.0
REP-029,Cormac Jorgensen,Enterprise,Southwest,2022-08-22,,2025-07-31,36,1400000.00,116666.66666666667,enterprise,1.00,0.5721396848571428,116666.66666666667,66749.6299,0.5737636670113491,38298.51242307439,0.00,0.0
REP-029,Cormac Jorgensen,Enterprise,Southwest,2022-08-22,,2025-08-31,37,1400000.00,116666.66666666667,enterprise,1.00,0.5721396848571428,116666.66666666667,66749.6299,0.5737636670113491,38298.51242307439,14428.17,0.12367002857142857
REP-029,Cormac Jorgensen,Enterprise,Southwest,2022-08-22,,2025-09-30,38,1400000.00,116666.66666666667,enterprise,1.00,0.5721396848571428,116666.66666666667,66749.6299,0.5737636670113491,38298.51242307439,21364.16,0.18312137142857143
REP-029,Cormac Jorgensen,Enterprise,Southwest,2022-08-22,,2025-10-31,39,1400000.00,116666.66666666667,enterprise,1.00,0.5721396848571428,116666.66666666667,66749.6299,0.5737636670113491,38298.51242307439,12132.96,0.10399679999999999
REP-029,Cormac Jorgensen,Enterprise,Southwest,2022-08-22,,2025-11-30,40,1400000.00,116666.66666666667,enterprise,1.00,0.5721396848571428,116666.66666666667,66749.6299,0.5737636670113491,38298.51242307439,50903.89,0.4363190571428571
REP-029,Cormac Jorgensen,Enterprise,Southwest,2022-08-22,,2025-12-31,41,1400000.00,116666.66666666667,enterprise,1.00,0.5721396848571428,116666.66666666667,66749.6299,0.5737636670113491,38298.51242307439,15793.91,0.13537637142857142
REP-029,Cormac Jorgensen,Enterprise,Southwest,2022-08-22,,2026-01-31,42,1400000.00,116666.66666666667,enterprise,1.00,0.5721396848571428,116666.66666666667,66749.6299,0.5737636670113491,38298.51242307439,12506.80,0.10720114285714284
REP-029,Cormac Jorgensen,Enterprise,Southwest,2022-08-22,,2026-02-28,43,1400000.00,116666.66666666667,enterprise,1.00,0.5721396848571428,116666.66666666667,66749.6299,0.5737636670113491,38298.51242307439,5374.33,0.04606568571428571
REP-029,Cormac Jorgensen,Enterprise,Southwest,2022-08-22,,2026-03-31,44,1400000.00,116666.66666666667,enterprise,1.00,0.5721396848571428,116666.66666666667,66749.6299,0.5737636670113491,38298.51242307439,32077.30,0.2749482857142857
REP-029,Cormac Jorgensen,Enterprise,Southwest,2022-08-22,,2026-04-30,45,1400000.00,116666.66666666667,enterprise,1.00,0.5721396848571428,116666.66666666667,66749.6299,0.5737636670113491,38298.51242307439,350321.14,3.0027526285714288
REP-029,Cormac Jorgensen,Enterprise,Southwest,2022-08-22,,2026-05-31,46,1400000.00,116666.66666666667,enterprise,1.00,0.5721396848571428,116666.66666666667,66749.6299,0.5737636670113491,38298.51242307439,0.00,0.0
REP-029,Cormac Jorgensen,Enterprise,Southwest,2022-08-22,,2026-06-30,47,1400000.00,116666.66666666667,enterprise,1.00,0.5721396848571428,116666.66666666667,66749.6299,0.5737636670113491,38298.51242307439,431755.66,3.7007627999999997
REP-030,Ilaria Thornbury,SMB,West,2022-09-22,,2024-01-31,17,700000.00,58333.333333333336,standard,1.00,0.47052666608506,58333.333333333336,27447.388854961835,0.8680089553271375,23824.57932645314,26552.77,0.4551903428571428
REP-030,Ilaria Thornbury,SMB,West,2022-09-22,,2024-02-29,18,700000.00,58333.333333333336,standard,1.00,0.47052666608506,58333.333333333336,27447.388854961835,0.8680089553271375,23824.57932645314,22700.89,0.3891581142857143
REP-030,Ilaria Thornbury,SMB,West,2022-09-22,,2024-03-31,19,700000.00,58333.333333333336,standard,1.00,0.47052666608506,58333.333333333336,27447.388854961835,0.8680089553271375,23824.57932645314,30197.89,0.5176781142857143
REP-030,Ilaria Thornbury,SMB,West,2022-09-22,,2024-04-30,20,700000.00,58333.333333333336,standard,1.00,0.47052666608506,58333.333333333336,27447.388854961835,0.8680089553271375,23824.57932645314,17443.25,0.2990271428571428
REP-030,Ilaria Thornbury,SMB,West,2022-09-22,,2024-05-31,21,700000.00,58333.333333333336,standard,1.00,0.47052666608506,58333.333333333336,27447.388854961835,0.8680089553271375,23824.57932645314,61934.36,1.0617318857142857
REP-030,Ilaria Thornbury,SMB,West,2022-09-22,,2024-06-30,22,700000.00,58333.333333333336,standard,1.00,0.47052666608506,58333.333333333336,27447.388854961835,0.8680089553271375,23824.57932645314,53413.03,0.9156519428571428
REP-030,Ilaria Thornbury,SMB,West,2022-09-22,,2024-07-31,23,700000.00,58333.333333333336,standard,1.00,0.47052666608506,58333.333333333336,27447.388854961835,0.8680089553271375,23824.57932645314,22889.55,0.3923922857142857
REP-030,Ilaria Thornbury,SMB,West,2022-09-22,,2024-08-31,24,700000.00,58333.333333333336,standard,1.00,0.47052666608506,58333.333333333336,27447.388854961835,0.8680089553271375,23824.57932645314,27831.47,0.4771109142857143
REP-030,Ilaria Thornbury,SMB,West,2022-09-22,,2024-09-30,25,700000.00,58333.333333333336,standard,1.00,0.47052666608506,58333.333333333336,27447.388854961835,0.8680089553271375,23824.57932645314,16500.42,0.2828643428571428
REP-030,Ilaria Thornbury,SMB,West,2022-09-22,,2024-10-31,26,700000.00,58333.333333333336,standard,1.00,0.47052666608506,58333.333333333336,27447.388854961835,0.8680089553271375,23824.57932645314,20642.50,0.35387142857142856
REP-030,Ilaria Thornbury,SMB,West,2022-09-22,,2024-11-30,27,700000.00,58333.333333333336,standard,1.00,0.47052666608506,58333.333333333336,27447.388854961835,0.8680089553271375,23824.57932645314,30805.18,0.5280888
REP-030,Ilaria Thornbury,SMB,West,2022-09-22,,2024-12-31,28,700000.00,58333.333333333336,standard,1.00,0.47052666608506,58333.333333333336,27447.388854961835,0.8680089553271375,23824.57932645314,57412.70,0.9842177142857141
REP-030,Ilaria Thornbury,SMB,West,2022-09-22,,2025-01-31,29,700000.00,58333.333333333336,standard,1.00,0.47052666608506,58333.333333333336,27447.388854961835,0.8680089553271375,23824.57932645314,6046.08,0.10364708571428571
REP-030,Ilaria Thornbury,SMB,West,2022-09-22,,2025-02-28,30,700000.00,58333.333333333336,standard,1.00,0.47052666608506,58333.333333333336,27447.388854961835,0.8680089553271375,23824.57932645314,63813.22,1.0939409142857142
REP-030,Ilaria Thornbury,SMB,West,2022-09-22,,2025-03-31,31,700000.00,58333.333333333336,standard,1.00,0.47052666608506,58333.333333333336,27447.388854961835,0.8680089553271375,23824.57932645314,22622.97,0.38782234285714284
REP-030,Ilaria Thornbury,SMB,West,2022-09-22,,2025-04-30,32,700000.00,58333.333333333336,standard,1.00,0.47052666608506,58333.333333333336,27447.388854961835,0.8680089553271375,23824.57932645314,29279.50,0.5019342857142857
REP-030,Ilaria Thornbury,SMB,West,2022-09-22,,2025-05-31,33,700000.00,58333.333333333336,standard,1.00,0.47052666608506,58333.333333333336,27447.388854961835,0.8680089553271375,23824.57932645314,44305.89,0.7595295428571428
REP-030,Ilaria Thornbury,SMB,West,2022-09-22,,2025-06-30,34,700000.00,58333.333333333336,standard,1.00,0.47052666608506,58333.333333333336,27447.388854961835,0.8680089553271375,23824.57932645314,55996.72,0.9599437714285715
REP-030,Ilaria Thornbury,SMB,West,2022-09-22,,2025-07-31,35,700000.00,58333.333333333336,standard,1.00,0.47052666608506,58333.333333333336,27447.388854961835,0.8680089553271375,23824.57932645314,8344.50,0.1430485714285714
REP-030,Ilaria Thornbury,SMB,West,2022-09-22,,2025-08-31,36,700000.00,58333.333333333336,standard,1.00,0.47052666608506,58333.333333333336,27447.388854961835,0.8680089553271375,23824.57932645314,44261.65,0.7587711428571429
REP-030,Ilaria Thornbury,SMB,West,2022-09-22,,2025-09-30,37,700000.00,58333.333333333336,standard,1.00,0.47052666608506,58333.333333333336,27447.388854961835,0.8680089553271375,23824.57932645314,30632.57,0.5251297714285714
REP-030,Ilaria Thornbury,SMB,West,2022-09-22,,2025-10-31,38,700000.00,58333.333333333336,standard,1.00,0.47052666608506,58333.333333333336,27447.388854961835,0.8680089553271375,23824.57932645314,48416.11,0.8299904571428571
REP-030,Ilaria Thornbury,SMB,West,2022-09-22,,2025-11-30,39,700000.00,58333.333333333336,standard,1.00,0.47052666608506,58333.333333333336,27447.388854961835,0.8680089553271375,23824.57932645314,66972.39,1.1480981142857143
REP-030,Ilaria Thornbury,SMB,West,2022-09-22,,2025-12-31,40,700000.00,58333.333333333336,standard,1.00,0.47052666608506,58333.333333333336,27447.388854961835,0.8680089553271375,23824.57932645314,27186.15,0.4660482857142857
REP-030,Ilaria Thornbury,SMB,West,2022-09-22,,2026-01-31,41,700000.00,58333.333333333336,standard,1.00,0.47052666608506,58333.333333333336,27447.388854961835,0.8680089553271375,23824.57932645314,14915.57,0.2556954857142857
REP-030,Ilaria Thornbury,SMB,West,2022-09-22,,2026-02-28,42,700000.00,58333.333333333336,standard,1.00,0.47052666608506,58333.333333333336,27447.388854961835,0.8680089553271375,23824.57932645314,30312.47,0.5196423428571428
REP-030,Ilaria Thornbury,SMB,West,2022-09-22,,2026-03-31,43,700000.00,58333.333333333336,standard,1.00,0.47052666608506,58333.333333333336,27447.388854961835,0.8680089553271375,23824.57932645314,18386.00,0.31518857142857143
REP-030,Ilaria Thornbury,SMB,West,2022-09-22,,2026-04-30,44,700000.00,58333.333333333336,standard,1.00,0.47052666608506,58333.333333333336,27447.388854961835,0.8680089553271375,23824.57932645314,34411.42,0.589910057142857
REP-030,Ilaria Thornbury,SMB,West,2022-09-22,,2026-05-31,45,700000.00,58333.333333333336,standard,1.00,0.47052666608506,58333.333333333336,27447.388854961835,0.8680089553271375,23824.57932645314,1965.28,0.03369051428571428
REP-030,Ilaria Thornbury,SMB,West,2022-09-22,,2026-06-30,46,700000.00,58333.333333333336,standard,1.00,0.47052666608506,58333.333333333336,27447.388854961835,0.8680089553271375,23824.57932645314,36959.11,0.6335847428571428
REP-031,Mateo Nazarian,SMB,West,2022-10-07,2024-09-30,2024-01-31,16,700000.00,58333.333333333336,standard,1.00,0.47052666608506,58333.333333333336,27447.388854961835,0.8680089553271375,23824.57932645314,14475.11,0.24814474285714286
REP-031,Mateo Nazarian,SMB,West,2022-10-07,2024-09-30,2024-02-29,17,700000.00,58333.333333333336,standard,1.00,0.47052666608506,58333.333333333336,27447.388854961835,0.8680089553271375,23824.57932645314,7749.55,0.13284942857142856
REP-031,Mateo Nazarian,SMB,West,2022-10-07,2024-09-30,2024-03-31,18,700000.00,58333.333333333336,standard,1.00,0.47052666608506,58333.333333333336,27447.388854961835,0.8680089553271375,23824.57932645314,60959.81,1.0450253142857142
REP-031,Mateo Nazarian,SMB,West,2022-10-07,2024-09-30,2024-04-30,19,700000.00,58333.333333333336,standard,1.00,0.47052666608506,58333.333333333336,27447.388854961835,0.8680089553271375,23824.57932645314,19573.66,0.33554845714285714
REP-031,Mateo Nazarian,SMB,West,2022-10-07,2024-09-30,2024-05-31,20,700000.00,58333.333333333336,standard,1.00,0.47052666608506,58333.333333333336,27447.388854961835,0.8680089553271375,23824.57932645314,62072.81,1.0641053142857142
REP-031,Mateo Nazarian,SMB,West,2022-10-07,2024-09-30,2024-06-30,21,700000.00,58333.333333333336,standard,1.00,0.47052666608506,58333.333333333336,27447.388854961835,0.8680089553271375,23824.57932645314,27399.93,0.4697130857142857
REP-031,Mateo Nazarian,SMB,West,2022-10-07,2024-09-30,2024-07-31,22,700000.00,58333.333333333336,standard,1.00,0.47052666608506,58333.333333333336,27447.388854961835,0.8680089553271375,23824.57932645314,12807.39,0.21955525714285712
REP-031,Mateo Nazarian,SMB,West,2022-10-07,2024-09-30,2024-08-31,23,700000.00,58333.333333333336,standard,1.00,0.47052666608506,58333.333333333336,27447.388854961835,0.8680089553271375,23824.57932645314,12190.80,0.20898514285714284
REP-031,Mateo Nazarian,SMB,West,2022-10-07,2024-09-30,2024-09-30,24,700000.00,58333.333333333336,standard,1.00,0.47052666608506,58333.333333333336,27447.388854961835,0.8680089553271375,23824.57932645314,9096.18,0.15593451428571428
REP-032,Priya Dunleavy,Mid-Market,Southwest,2023-07-24,,2024-01-31,7,1000000.00,83333.33333333333,standard,1.00,0.7712577286363639,83333.33333333333,64271.47738636365,0.4147782801896837,26658.412855566065,18618.36,0.22342032000000003
REP-032,Priya Dunleavy,Mid-Market,Southwest,2023-07-24,,2024-02-29,8,1000000.00,83333.33333333333,standard,1.00,0.7712577286363639,83333.33333333333,64271.47738636365,0.4147782801896837,26658.412855566065,153217.32,1.83860784
REP-032,Priya Dunleavy,Mid-Market,Southwest,2023-07-24,,2024-03-31,9,1000000.00,83333.33333333333,standard,1.00,0.7712577286363639,83333.33333333333,64271.47738636365,0.4147782801896837,26658.412855566065,38066.72,0.45680064000000004
REP-032,Priya Dunleavy,Mid-Market,Southwest,2023-07-24,,2024-04-30,10,1000000.00,83333.33333333333,standard,1.00,0.7712577286363639,83333.33333333333,64271.47738636365,0.4147782801896837,26658.412855566065,29083.02,0.34899624
REP-032,Priya Dunleavy,Mid-Market,Southwest,2023-07-24,,2024-05-31,11,1000000.00,83333.33333333333,standard,1.00,0.7712577286363639,83333.33333333333,64271.47738636365,0.4147782801896837,26658.412855566065,42316.08,0.5077929600000001
REP-032,Priya Dunleavy,Mid-Market,Southwest,2023-07-24,,2024-06-30,12,1000000.00,83333.33333333333,standard,1.00,0.7712577286363639,83333.33333333333,64271.47738636365,0.4147782801896837,26658.412855566065,23265.63,0.27918756
REP-032,Priya Dunleavy,Mid-Market,Southwest,2023-07-24,,2024-07-31,13,1000000.00,83333.33333333333,standard,1.00,0.7712577286363639,83333.33333333333,64271.47738636365,0.4147782801896837,26658.412855566065,59290.48,0.7114857600000001
REP-032,Priya Dunleavy,Mid-Market,Southwest,2023-07-24,,2024-08-31,14,1000000.00,83333.33333333333,standard,1.00,0.7712577286363639,83333.33333333333,64271.47738636365,0.4147782801896837,26658.412855566065,78740.49,0.9448858800000001
REP-032,Priya Dunleavy,Mid-Market,Southwest,2023-07-24,,2024-09-30,15,1000000.00,83333.33333333333,standard,1.00,0.7712577286363639,83333.33333333333,64271.47738636365,0.4147782801896837,26658.412855566065,7760.11,0.09312132000000001
REP-032,Priya Dunleavy,Mid-Market,Southwest,2023-07-24,,2024-10-31,16,1000000.00,83333.33333333333,standard,1.00,0.7712577286363639,83333.33333333333,64271.47738636365,0.4147782801896837,26658.412855566065,30404.01,0.36484812
REP-032,Priya Dunleavy,Mid-Market,Southwest,2023-07-24,,2024-11-30,17,1000000.00,83333.33333333333,standard,1.00,0.7712577286363639,83333.33333333333,64271.47738636365,0.4147782801896837,26658.412855566065,101218.69,1.21462428
REP-032,Priya Dunleavy,Mid-Market,Southwest,2023-07-24,,2024-12-31,18,1000000.00,83333.33333333333,standard,1.00,0.7712577286363639,83333.33333333333,64271.47738636365,0.4147782801896837,26658.412855566065,43113.83,0.51736596
REP-032,Priya Dunleavy,Mid-Market,Southwest,2023-07-24,,2025-01-31,19,1000000.00,83333.33333333333,standard,1.00,0.7712577286363639,83333.33333333333,64271.47738636365,0.4147782801896837,26658.412855566065,15198.70,0.18238440000000003
REP-032,Priya Dunleavy,Mid-Market,Southwest,2023-07-24,,2025-02-28,20,1000000.00,83333.33333333333,standard,1.00,0.7712577286363639,83333.33333333333,64271.47738636365,0.4147782801896837,26658.412855566065,25490.83,0.30588996
REP-032,Priya Dunleavy,Mid-Market,Southwest,2023-07-24,,2025-03-31,21,1000000.00,83333.33333333333,standard,1.00,0.7712577286363639,83333.33333333333,64271.47738636365,0.4147782801896837,26658.412855566065,157218.89,1.8866266800000002
REP-032,Priya Dunleavy,Mid-Market,Southwest,2023-07-24,,2025-04-30,22,1000000.00,83333.33333333333,standard,1.00,0.7712577286363639,83333.33333333333,64271.47738636365,0.4147782801896837,26658.412855566065,94866.06,1.1383927200000001
REP-032,Priya Dunleavy,Mid-Market,Southwest,2023-07-24,,2025-05-31,23,1000000.00,83333.33333333333,standard,1.00,0.7712577286363639,83333.33333333333,64271.47738636365,0.4147782801896837,26658.412855566065,78197.94,0.93837528
REP-032,Priya Dunleavy,Mid-Market,Southwest,2023-07-24,,2025-06-30,24,1000000.00,83333.33333333333,standard,1.00,0.7712577286363639,83333.33333333333,64271.47738636365,0.4147782801896837,26658.412855566065,57976.73,0.69572076
REP-032,Priya Dunleavy,Mid-Market,Southwest,2023-07-24,,2025-07-31,25,1000000.00,83333.33333333333,standard,1.00,0.7712577286363639,83333.33333333333,64271.47738636365,0.4147782801896837,26658.412855566065,0.00,0.0
REP-032,Priya Dunleavy,Mid-Market,Southwest,2023-07-24,,2025-08-31,26,1000000.00,83333.33333333333,standard,1.00,0.7712577286363639,83333.33333333333,64271.47738636365,0.4147782801896837,26658.412855566065,88519.51,1.06223412
REP-032,Priya Dunleavy,Mid-Market,Southwest,2023-07-24,,2025-09-30,27,1000000.00,83333.33333333333,standard,1.00,0.7712577286363639,83333.33333333333,64271.47738636365,0.4147782801896837,26658.412855566065,78005.91,0.9360709200000001
REP-032,Priya Dunleavy,Mid-Market,Southwest,2023-07-24,,2025-10-31,28,1000000.00,83333.33333333333,standard,1.00,0.7712577286363639,83333.33333333333,64271.47738636365,0.4147782801896837,26658.412855566065,31683.92,0.38020704
REP-032,Priya Dunleavy,Mid-Market,Southwest,2023-07-24,,2025-11-30,29,1000000.00,83333.33333333333,standard,1.00,0.7712577286363639,83333.33333333333,64271.47738636365,0.4147782801896837,26658.412855566065,22923.10,0.2750772
REP-032,Priya Dunleavy,Mid-Market,Southwest,2023-07-24,,2025-12-31,30,1000000.00,83333.33333333333,standard,1.00,0.7712577286363639,83333.33333333333,64271.47738636365,0.4147782801896837,26658.412855566065,85554.31,1.02665172
REP-032,Priya Dunleavy,Mid-Market,Southwest,2023-07-24,,2026-01-31,31,1000000.00,83333.33333333333,standard,1.00,0.7712577286363639,83333.33333333333,64271.47738636365,0.4147782801896837,26658.412855566065,8125.31,0.09750372000000002
REP-032,Priya Dunleavy,Mid-Market,Southwest,2023-07-24,,2026-02-28,32,1000000.00,83333.33333333333,standard,1.00,0.7712577286363639,83333.33333333333,64271.47738636365,0.4147782801896837,26658.412855566065,19192.17,0.23030604
REP-032,Priya Dunleavy,Mid-Market,Southwest,2023-07-24,,2026-03-31,33,1000000.00,83333.33333333333,standard,1.00,0.7712577286363639,83333.33333333333,64271.47738636365,0.4147782801896837,26658.412855566065,26360.64,0.31632768
REP-032,Priya Dunleavy,Mid-Market,Southwest,2023-07-24,,2026-04-30,34,1000000.00,83333.33333333333,standard,1.00,0.7712577286363639,83333.33333333333,64271.47738636365,0.4147782801896837,26658.412855566065,148047.76,1.7765731200000001
REP-032,Priya Dunleavy,Mid-Market,Southwest,2023-07-24,,2026-05-31,35,1000000.00,83333.33333333333,standard,1.00,0.7712577286363639,83333.33333333333,64271.47738636365,0.4147782801896837,26658.412855566065,10070.85,0.1208502
REP-032,Priya Dunleavy,Mid-Market,Southwest,2023-07-24,,2026-06-30,36,1000000.00,83333.33333333333,standard,1.00,0.7712577286363639,83333.33333333333,64271.47738636365,0.4147782801896837,26658.412855566065,68853.66,0.8262439200000001
REP-033,Wren Ivanov,Enterprise,Southwest,2023-09-21,2024-09-30,2024-01-31,5,1400000.00,116666.66666666667,enterprise,0.85,0.5721396848571428,99166.66666666667,56737.185415,0.5737636670113491,32553.73555961323,0.00,0.0
REP-033,Wren Ivanov,Enterprise,Southwest,2023-09-21,2024-09-30,2024-02-29,6,1400000.00,116666.66666666667,enterprise,1.00,0.5721396848571428,116666.66666666667,66749.6299,0.5737636670113491,38298.51242307439,19055.47,0.1633326
REP-033,Wren Ivanov,Enterprise,Southwest,2023-09-21,2024-09-30,2024-03-31,7,1400000.00,116666.66666666667,enterprise,1.00,0.5721396848571428,116666.66666666667,66749.6299,0.5737636670113491,38298.51242307439,507190.61,4.347348085714286
REP-033,Wren Ivanov,Enterprise,Southwest,2023-09-21,2024-09-30,2024-04-30,8,1400000.00,116666.66666666667,enterprise,1.00,0.5721396848571428,116666.66666666667,66749.6299,0.5737636670113491,38298.51242307439,94008.43,0.8057865428571428
REP-033,Wren Ivanov,Enterprise,Southwest,2023-09-21,2024-09-30,2024-05-31,9,1400000.00,116666.66666666667,enterprise,1.00,0.5721396848571428,116666.66666666667,66749.6299,0.5737636670113491,38298.51242307439,0.00,0.0
REP-033,Wren Ivanov,Enterprise,Southwest,2023-09-21,2024-09-30,2024-06-30,10,1400000.00,116666.66666666667,enterprise,1.00,0.5721396848571428,116666.66666666667,66749.6299,0.5737636670113491,38298.51242307439,0.00,0.0
REP-033,Wren Ivanov,Enterprise,Southwest,2023-09-21,2024-09-30,2024-07-31,11,1400000.00,116666.66666666667,enterprise,1.00,0.5721396848571428,116666.66666666667,66749.6299,0.5737636670113491,38298.51242307439,0.00,0.0
REP-033,Wren Ivanov,Enterprise,Southwest,2023-09-21,2024-09-30,2024-08-31,12,1400000.00,116666.66666666667,enterprise,1.00,0.5721396848571428,116666.66666666667,66749.6299,0.5737636670113491,38298.51242307439,66585.49,0.5707327714285715
REP-033,Wren Ivanov,Enterprise,Southwest,2023-09-21,2024-09-30,2024-09-30,13,1400000.00,116666.66666666667,enterprise,1.00,0.5721396848571428,116666.66666666667,66749.6299,0.5737636670113491,38298.51242307439,0.00,0.0
REP-034,Fatima Reyes,SMB,Midwest,2024-01-18,2024-04-30,2024-01-31,1,700000.00,58333.333333333336,standard,0.00,0.47052666608506,0.0,0.0,0.8680089553271375,0.0,0.00,
REP-034,Fatima Reyes,SMB,Midwest,2024-01-18,2024-04-30,2024-02-29,2,700000.00,58333.333333333336,standard,0.25,0.47052666608506,14583.333333333334,6861.847213740459,0.8680089553271375,5956.144831613285,0.00,0.0
REP-034,Fatima Reyes,SMB,Midwest,2024-01-18,2024-04-30,2024-03-31,3,700000.00,58333.333333333336,standard,0.50,0.47052666608506,29166.666666666668,13723.694427480918,0.8680089553271375,11912.28966322657,25369.55,0.8698131428571428
REP-034,Fatima Reyes,SMB,Midwest,2024-01-18,2024-04-30,2024-04-30,4,700000.00,58333.333333333336,standard,0.75,0.47052666608506,43750.0,20585.541641221374,0.8680089553271375,17868.434494839854,7751.73,0.1771824
REP-035,Noor Falkenrath,SMB,Midwest,2024-02-11,,2024-02-29,1,700000.00,58333.333333333336,standard,0.00,0.47052666608506,0.0,0.0,0.8680089553271375,0.0,234.04,
REP-035,Noor Falkenrath,SMB,Midwest,2024-02-11,,2024-03-31,2,700000.00,58333.333333333336,standard,0.25,0.47052666608506,14583.333333333334,6861.847213740459,0.8680089553271375,5956.144831613285,195.66,0.013416685714285713
REP-035,Noor Falkenrath,SMB,Midwest,2024-02-11,,2024-04-30,3,700000.00,58333.333333333336,standard,0.50,0.47052666608506,29166.666666666668,13723.694427480918,0.8680089553271375,11912.28966322657,0.00,0.0
REP-035,Noor Falkenrath,SMB,Midwest,2024-02-11,,2024-05-31,4,700000.00,58333.333333333336,standard,0.75,0.47052666608506,43750.0,20585.541641221374,0.8680089553271375,17868.434494839854,7682.58,0.17560182857142856
REP-035,Noor Falkenrath,SMB,Midwest,2024-02-11,,2024-06-30,5,700000.00,58333.333333333336,standard,1.00,0.47052666608506,58333.333333333336,27447.388854961835,0.8680089553271375,23824.57932645314,142.90,0.0024497142857142855
REP-035,Noor Falkenrath,SMB,Midwest,2024-02-11,,2024-07-31,6,700000.00,58333.333333333336,standard,1.00,0.47052666608506,58333.333333333336,27447.388854961835,0.8680089553271375,23824.57932645314,0.00,0.0
REP-035,Noor Falkenrath,SMB,Midwest,2024-02-11,,2024-08-31,7,700000.00,58333.333333333336,standard,1.00,0.47052666608506,58333.333333333336,27447.388854961835,0.8680089553271375,23824.57932645314,9885.03,0.16945765714285715
REP-035,Noor Falkenrath,SMB,Midwest,2024-02-11,,2024-09-30,8,700000.00,58333.333333333336,standard,1.00,0.47052666608506,58333.333333333336,27447.388854961835,0.8680089553271375,23824.57932645314,0.00,0.0
REP-035,Noor Falkenrath,SMB,Midwest,2024-02-11,,2024-10-31,9,700000.00,58333.333333333336,standard,1.00,0.47052666608506,58333.333333333336,27447.388854961835,0.8680089553271375,23824.57932645314,2691.63,0.04614222857142857
REP-035,Noor Falkenrath,SMB,Midwest,2024-02-11,,2024-11-30,10,700000.00,58333.333333333336,standard,1.00,0.47052666608506,58333.333333333336,27447.388854961835,0.8680089553271375,23824.57932645314,7074.47,0.12127662857142857
REP-035,Noor Falkenrath,SMB,Midwest,2024-02-11,,2024-12-31,11,700000.00,58333.333333333336,standard,1.00,0.47052666608506,58333.333333333336,27447.388854961835,0.8680089553271375,23824.57932645314,5478.63,0.09391937142857143
REP-035,Noor Falkenrath,SMB,Midwest,2024-02-11,,2025-01-31,12,700000.00,58333.333333333336,standard,1.00,0.47052666608506,58333.333333333336,27447.388854961835,0.8680089553271375,23824.57932645314,0.00,0.0
REP-035,Noor Falkenrath,SMB,Midwest,2024-02-11,,2025-02-28,13,700000.00,58333.333333333336,standard,1.00,0.47052666608506,58333.333333333336,27447.388854961835,0.8680089553271375,23824.57932645314,10355.72,0.17752662857142856
REP-035,Noor Falkenrath,SMB,Midwest,2024-02-11,,2025-03-31,14,700000.00,58333.333333333336,standard,1.00,0.47052666608506,58333.333333333336,27447.388854961835,0.8680089553271375,23824.57932645314,31996.82,0.5485169142857143
REP-035,Noor Falkenrath,SMB,Midwest,2024-02-11,,2025-04-30,15,700000.00,58333.333333333336,standard,1.00,0.47052666608506,58333.333333333336,27447.388854961835,0.8680089553271375,23824.57932645314,12516.54,0.21456925714285716
REP-035,Noor Falkenrath,SMB,Midwest,2024-02-11,,2025-05-31,16,700000.00,58333.333333333336,standard,1.00,0.47052666608506,58333.333333333336,27447.388854961835,0.8680089553271375,23824.57932645314,0.00,0.0
REP-035,Noor Falkenrath,SMB,Midwest,2024-02-11,,2025-06-30,17,700000.00,58333.333333333336,standard,1.00,0.47052666608506,58333.333333333336,27447.388854961835,0.8680089553271375,23824.57932645314,15797.38,0.27081222857142856
REP-035,Noor Falkenrath,SMB,Midwest,2024-02-11,,2025-07-31,18,700000.00,58333.333333333336,standard,1.00,0.47052666608506,58333.333333333336,27447.388854961835,0.8680089553271375,23824.57932645314,0.00,0.0
REP-035,Noor Falkenrath,SMB,Midwest,2024-02-11,,2025-08-31,19,700000.00,58333.333333333336,standard,1.00,0.47052666608506,58333.333333333336,27447.388854961835,0.8680089553271375,23824.57932645314,0.00,0.0
REP-035,Noor Falkenrath,SMB,Midwest,2024-02-11,,2025-09-30,20,700000.00,58333.333333333336,standard,1.00,0.47052666608506,58333.333333333336,27447.388854961835,0.8680089553271375,23824.57932645314,11975.72,0.20529805714285712
REP-035,Noor Falkenrath,SMB,Midwest,2024-02-11,,2025-10-31,21,700000.00,58333.333333333336,standard,1.00,0.47052666608506,58333.333333333336,27447.388854961835,0.8680089553271375,23824.57932645314,18738.09,0.32122439999999997
REP-035,Noor Falkenrath,SMB,Midwest,2024-02-11,,2025-11-30,22,700000.00,58333.333333333336,standard,1.00,0.47052666608506,58333.333333333336,27447.388854961835,0.8680089553271375,23824.57932645314,28391.61,0.4867133142857143
REP-035,Noor Falkenrath,SMB,Midwest,2024-02-11,,2025-12-31,23,700000.00,58333.333333333336,standard,1.00,0.47052666608506,58333.333333333336,27447.388854961835,0.8680089553271375,23824.57932645314,7652.15,0.13117971428571426
REP-035,Noor Falkenrath,SMB,Midwest,2024-02-11,,2026-01-31,24,700000.00,58333.333333333336,standard,1.00,0.47052666608506,58333.333333333336,27447.388854961835,0.8680089553271375,23824.57932645314,10820.02,0.18548605714285715
REP-035,Noor Falkenrath,SMB,Midwest,2024-02-11,,2026-02-28,25,700000.00,58333.333333333336,standard,1.00,0.47052666608506,58333.333333333336,27447.388854961835,0.8680089553271375,23824.57932645314,6514.72,0.11168091428571429
REP-035,Noor Falkenrath,SMB,Midwest,2024-02-11,,2026-03-31,26,700000.00,58333.333333333336,standard,1.00,0.47052666608506,58333.333333333336,27447.388854961835,0.8680089553271375,23824.57932645314,3260.18,0.055888799999999995
REP-035,Noor Falkenrath,SMB,Midwest,2024-02-11,,2026-04-30,27,700000.00,58333.333333333336,standard,1.00,0.47052666608506,58333.333333333336,27447.388854961835,0.8680089553271375,23824.57932645314,3152.66,0.05404559999999999
REP-035,Noor Falkenrath,SMB,Midwest,2024-02-11,,2026-05-31,28,700000.00,58333.333333333336,standard,1.00,0.47052666608506,58333.333333333336,27447.388854961835,0.8680089553271375,23824.57932645314,18629.67,0.31936577142857137
REP-035,Noor Falkenrath,SMB,Midwest,2024-02-11,,2026-06-30,29,700000.00,58333.333333333336,standard,1.00,0.47052666608506,58333.333333333336,27447.388854961835,0.8680089553271375,23824.57932645314,9186.47,0.15748234285714283
REP-036,Lorcan Marchand,SMB,Mountain,2024-04-16,2024-05-31,2024-04-30,1,700000.00,58333.333333333336,standard,0.00,0.47052666608506,0.0,0.0,0.8680089553271375,0.0,4023.83,
REP-036,Lorcan Marchand,SMB,Mountain,2024-04-16,2024-05-31,2024-05-31,2,700000.00,58333.333333333336,standard,0.25,0.47052666608506,14583.333333333334,6861.847213740459,0.8680089553271375,5956.144831613285,5987.83,0.4105940571428571
REP-037,Solveig Zielinski,SMB,Southwest,2024-04-06,,2024-04-30,1,700000.00,58333.333333333336,standard,0.00,0.47052666608506,0.0,0.0,0.8680089553271375,0.0,8250.72,
REP-037,Solveig Zielinski,SMB,Southwest,2024-04-06,,2024-05-31,2,700000.00,58333.333333333336,standard,0.25,0.47052666608506,14583.333333333334,6861.847213740459,0.8680089553271375,5956.144831613285,0.00,0.0
REP-037,Solveig Zielinski,SMB,Southwest,2024-04-06,,2024-06-30,3,700000.00,58333.333333333336,standard,0.50,0.47052666608506,29166.666666666668,13723.694427480918,0.8680089553271375,11912.28966322657,12672.54,0.43448708571428574
REP-037,Solveig Zielinski,SMB,Southwest,2024-04-06,,2024-07-31,4,700000.00,58333.333333333336,standard,0.75,0.47052666608506,43750.0,20585.541641221374,0.8680089553271375,17868.434494839854,7356.51,0.16814880000000001
REP-037,Solveig Zielinski,SMB,Southwest,2024-04-06,,2024-08-31,5,700000.00,58333.333333333336,standard,1.00,0.47052666608506,58333.333333333336,27447.388854961835,0.8680089553271375,23824.57932645314,0.00,0.0
REP-037,Solveig Zielinski,SMB,Southwest,2024-04-06,,2024-09-30,6,700000.00,58333.333333333336,standard,1.00,0.47052666608506,58333.333333333336,27447.388854961835,0.8680089553271375,23824.57932645314,12553.35,0.2152002857142857
REP-037,Solveig Zielinski,SMB,Southwest,2024-04-06,,2024-10-31,7,700000.00,58333.333333333336,standard,1.00,0.47052666608506,58333.333333333336,27447.388854961835,0.8680089553271375,23824.57932645314,16987.64,0.2912166857142857
REP-037,Solveig Zielinski,SMB,Southwest,2024-04-06,,2024-11-30,8,700000.00,58333.333333333336,standard,1.00,0.47052666608506,58333.333333333336,27447.388854961835,0.8680089553271375,23824.57932645314,15316.00,0.26256
REP-037,Solveig Zielinski,SMB,Southwest,2024-04-06,,2024-12-31,9,700000.00,58333.333333333336,standard,1.00,0.47052666608506,58333.333333333336,27447.388854961835,0.8680089553271375,23824.57932645314,43018.38,0.7374579428571428
REP-037,Solveig Zielinski,SMB,Southwest,2024-04-06,,2025-01-31,10,700000.00,58333.333333333336,standard,1.00,0.47052666608506,58333.333333333336,27447.388854961835,0.8680089553271375,23824.57932645314,5952.51,0.10204302857142857
REP-037,Solveig Zielinski,SMB,Southwest,2024-04-06,,2025-02-28,11,700000.00,58333.333333333336,standard,1.00,0.47052666608506,58333.333333333336,27447.388854961835,0.8680089553271375,23824.57932645314,50169.90,0.8600554285714286
REP-037,Solveig Zielinski,SMB,Southwest,2024-04-06,,2025-03-31,12,700000.00,58333.333333333336,standard,1.00,0.47052666608506,58333.333333333336,27447.388854961835,0.8680089553271375,23824.57932645314,30880.55,0.5293808571428571
REP-037,Solveig Zielinski,SMB,Southwest,2024-04-06,,2025-04-30,13,700000.00,58333.333333333336,standard,1.00,0.47052666608506,58333.333333333336,27447.388854961835,0.8680089553271375,23824.57932645314,5070.57,0.08692405714285713
REP-037,Solveig Zielinski,SMB,Southwest,2024-04-06,,2025-05-31,14,700000.00,58333.333333333336,standard,1.00,0.47052666608506,58333.333333333336,27447.388854961835,0.8680089553271375,23824.57932645314,9019.45,0.15461914285714287
REP-037,Solveig Zielinski,SMB,Southwest,2024-04-06,,2025-06-30,15,700000.00,58333.333333333336,standard,1.00,0.47052666608506,58333.333333333336,27447.388854961835,0.8680089553271375,23824.57932645314,11211.56,0.1921981714285714
REP-037,Solveig Zielinski,SMB,Southwest,2024-04-06,,2025-07-31,16,700000.00,58333.333333333336,standard,1.00,0.47052666608506,58333.333333333336,27447.388854961835,0.8680089553271375,23824.57932645314,7808.03,0.13385194285714286
REP-037,Solveig Zielinski,SMB,Southwest,2024-04-06,,2025-08-31,17,700000.00,58333.333333333336,standard,1.00,0.47052666608506,58333.333333333336,27447.388854961835,0.8680089553271375,23824.57932645314,3562.76,0.06107588571428572
REP-037,Solveig Zielinski,SMB,Southwest,2024-04-06,,2025-09-30,18,700000.00,58333.333333333336,standard,1.00,0.47052666608506,58333.333333333336,27447.388854961835,0.8680089553271375,23824.57932645314,44743.61,0.7670333142857143
REP-037,Solveig Zielinski,SMB,Southwest,2024-04-06,,2025-10-31,19,700000.00,58333.333333333336,standard,1.00,0.47052666608506,58333.333333333336,27447.388854961835,0.8680089553271375,23824.57932645314,27139.36,0.46524617142857144
REP-037,Solveig Zielinski,SMB,Southwest,2024-04-06,,2025-11-30,20,700000.00,58333.333333333336,standard,1.00,0.47052666608506,58333.333333333336,27447.388854961835,0.8680089553271375,23824.57932645314,20644.72,0.3539094857142857
REP-037,Solveig Zielinski,SMB,Southwest,2024-04-06,,2025-12-31,21,700000.00,58333.333333333336,standard,1.00,0.47052666608506,58333.333333333336,27447.388854961835,0.8680089553271375,23824.57932645314,8737.54,0.14978640000000001
REP-037,Solveig Zielinski,SMB,Southwest,2024-04-06,,2026-01-31,22,700000.00,58333.333333333336,standard,1.00,0.47052666608506,58333.333333333336,27447.388854961835,0.8680089553271375,23824.57932645314,426.11,0.007304742857142857
REP-037,Solveig Zielinski,SMB,Southwest,2024-04-06,,2026-02-28,23,700000.00,58333.333333333336,standard,1.00,0.47052666608506,58333.333333333336,27447.388854961835,0.8680089553271375,23824.57932645314,9943.22,0.17045519999999997
REP-037,Solveig Zielinski,SMB,Southwest,2024-04-06,,2026-03-31,24,700000.00,58333.333333333336,standard,1.00,0.47052666608506,58333.333333333336,27447.388854961835,0.8680089553271375,23824.57932645314,6661.82,0.11420262857142856
REP-037,Solveig Zielinski,SMB,Southwest,2024-04-06,,2026-04-30,25,700000.00,58333.333333333336,standard,1.00,0.47052666608506,58333.333333333336,27447.388854961835,0.8680089553271375,23824.57932645314,4161.95,0.07134771428571428
REP-037,Solveig Zielinski,SMB,Southwest,2024-04-06,,2026-05-31,26,700000.00,58333.333333333336,standard,1.00,0.47052666608506,58333.333333333336,27447.388854961835,0.8680089553271375,23824.57932645314,17536.68,0.3006288
REP-037,Solveig Zielinski,SMB,Southwest,2024-04-06,,2026-06-30,27,700000.00,58333.333333333336,standard,1.00,0.47052666608506,58333.333333333336,27447.388854961835,0.8680089553271375,23824.57932645314,0.00,0.0
REP-038,Soren Underwood,SMB,West,2024-05-20,,2024-05-31,1,700000.00,58333.333333333336,standard,0.00,0.47052666608506,0.0,0.0,0.8680089553271375,0.0,1325.02,
REP-038,Soren Underwood,SMB,West,2024-05-20,,2024-06-30,2,700000.00,58333.333333333336,standard,0.25,0.47052666608506,14583.333333333334,6861.847213740459,0.8680089553271375,5956.144831613285,119.02,0.008161371428571427
REP-038,Soren Underwood,SMB,West,2024-05-20,,2024-07-31,3,700000.00,58333.333333333336,standard,0.50,0.47052666608506,29166.666666666668,13723.694427480918,0.8680089553271375,11912.28966322657,10553.30,0.3618274285714285
REP-038,Soren Underwood,SMB,West,2024-05-20,,2024-08-31,4,700000.00,58333.333333333336,standard,0.75,0.47052666608506,43750.0,20585.541641221374,0.8680089553271375,17868.434494839854,9191.78,0.21009782857142859
REP-038,Soren Underwood,SMB,West,2024-05-20,,2024-09-30,5,700000.00,58333.333333333336,standard,1.00,0.47052666608506,58333.333333333336,27447.388854961835,0.8680089553271375,23824.57932645314,35138.22,0.6023694857142857
REP-038,Soren Underwood,SMB,West,2024-05-20,,2024-10-31,6,700000.00,58333.333333333336,standard,1.00,0.47052666608506,58333.333333333336,27447.388854961835,0.8680089553271375,23824.57932645314,113203.89,1.940638114285714
REP-038,Soren Underwood,SMB,West,2024-05-20,,2024-11-30,7,700000.00,58333.333333333336,standard,1.00,0.47052666608506,58333.333333333336,27447.388854961835,0.8680089553271375,23824.57932645314,68341.72,1.1715723428571427
REP-038,Soren Underwood,SMB,West,2024-05-20,,2024-12-31,8,700000.00,58333.333333333336,standard,1.00,0.47052666608506,58333.333333333336,27447.388854961835,0.8680089553271375,23824.57932645314,76518.91,1.311752742857143
REP-038,Soren Underwood,SMB,West,2024-05-20,,2025-01-31,9,700000.00,58333.333333333336,standard,1.00,0.47052666608506,58333.333333333336,27447.388854961835,0.8680089553271375,23824.57932645314,79356.75,1.3604014285714285
REP-038,Soren Underwood,SMB,West,2024-05-20,,2025-02-28,10,700000.00,58333.333333333336,standard,1.00,0.47052666608506,58333.333333333336,27447.388854961835,0.8680089553271375,23824.57932645314,69262.00,1.1873485714285714
REP-038,Soren Underwood,SMB,West,2024-05-20,,2025-03-31,11,700000.00,58333.333333333336,standard,1.00,0.47052666608506,58333.333333333336,27447.388854961835,0.8680089553271375,23824.57932645314,30938.62,0.5303763428571429
REP-038,Soren Underwood,SMB,West,2024-05-20,,2025-04-30,12,700000.00,58333.333333333336,standard,1.00,0.47052666608506,58333.333333333336,27447.388854961835,0.8680089553271375,23824.57932645314,61480.03,1.0539433714285713
REP-038,Soren Underwood,SMB,West,2024-05-20,,2025-05-31,13,700000.00,58333.333333333336,standard,1.00,0.47052666608506,58333.333333333336,27447.388854961835,0.8680089553271375,23824.57932645314,85541.61,1.4664276
REP-038,Soren Underwood,SMB,West,2024-05-20,,2025-06-30,14,700000.00,58333.333333333336,standard,1.00,0.47052666608506,58333.333333333336,27447.388854961835,0.8680089553271375,23824.57932645314,94602.90,1.6217639999999998
REP-038,Soren Underwood,SMB,West,2024-05-20,,2025-07-31,15,700000.00,58333.333333333336,standard,1.00,0.47052666608506,58333.333333333336,27447.388854961835,0.8680089553271375,23824.57932645314,74546.64,1.2779424
REP-038,Soren Underwood,SMB,West,2024-05-20,,2025-08-31,16,700000.00,58333.333333333336,standard,1.00,0.47052666608506,58333.333333333336,27447.388854961835,0.8680089553271375,23824.57932645314,67185.07,1.1517440571428572
REP-038,Soren Underwood,SMB,West,2024-05-20,,2025-09-30,17,700000.00,58333.333333333336,standard,1.00,0.47052666608506,58333.333333333336,27447.388854961835,0.8680089553271375,23824.57932645314,70872.77,1.2149617714285714
REP-038,Soren Underwood,SMB,West,2024-05-20,,2025-10-31,18,700000.00,58333.333333333336,standard,1.00,0.47052666608506,58333.333333333336,27447.388854961835,0.8680089553271375,23824.57932645314,63118.16,1.0820256
REP-038,Soren Underwood,SMB,West,2024-05-20,,2025-11-30,19,700000.00,58333.333333333336,standard,1.00,0.47052666608506,58333.333333333336,27447.388854961835,0.8680089553271375,23824.57932645314,81351.08,1.3945899428571429
REP-038,Soren Underwood,SMB,West,2024-05-20,,2025-12-31,20,700000.00,58333.333333333336,standard,1.00,0.47052666608506,58333.333333333336,27447.388854961835,0.8680089553271375,23824.57932645314,116563.02,1.9982232
REP-038,Soren Underwood,SMB,West,2024-05-20,,2026-01-31,21,700000.00,58333.333333333336,standard,1.00,0.47052666608506,58333.333333333336,27447.388854961835,0.8680089553271375,23824.57932645314,41642.52,0.7138717714285714
REP-038,Soren Underwood,SMB,West,2024-05-20,,2026-02-28,22,700000.00,58333.333333333336,standard,1.00,0.47052666608506,58333.333333333336,27447.388854961835,0.8680089553271375,23824.57932645314,41425.98,0.7101596571428571
REP-038,Soren Underwood,SMB,West,2024-05-20,,2026-03-31,23,700000.00,58333.333333333336,standard,1.00,0.47052666608506,58333.333333333336,27447.388854961835,0.8680089553271375,23824.57932645314,87743.22,1.5041694857142858
REP-038,Soren Underwood,SMB,West,2024-05-20,,2026-04-30,24,700000.00,58333.333333333336,standard,1.00,0.47052666608506,58333.333333333336,27447.388854961835,0.8680089553271375,23824.57932645314,47154.11,0.8083561714285714
REP-038,Soren Underwood,SMB,West,2024-05-20,,2026-05-31,25,700000.00,58333.333333333336,standard,1.00,0.47052666608506,58333.333333333336,27447.388854961835,0.8680089553271375,23824.57932645314,88666.89,1.5200038285714286
REP-038,Soren Underwood,SMB,West,2024-05-20,,2026-06-30,26,700000.00,58333.333333333336,standard,1.00,0.47052666608506,58333.333333333336,27447.388854961835,0.8680089553271375,23824.57932645314,20911.26,0.3584787428571428
REP-039,Osric Montoya,Mid-Market,Southwest,2024-06-14,,2024-06-30,1,1000000.00,83333.33333333333,standard,0.00,0.7712577286363639,0.0,0.0,0.4147782801896837,0.0,1027.56,
REP-039,Osric Montoya,Mid-Market,Southwest,2024-06-14,,2024-07-31,2,1000000.00,83333.33333333333,standard,0.25,0.7712577286363639,20833.333333333332,16067.869346590913,0.4147782801896837,6664.603213891516,351.35,0.016864800000000003
REP-039,Osric Montoya,Mid-Market,Southwest,2024-06-14,,2024-08-31,3,1000000.00,83333.33333333333,standard,0.50,0.7712577286363639,41666.666666666664,32135.738693181826,0.4147782801896837,13329.206427783032,8764.53,0.21034872000000002
REP-039,Osric Montoya,Mid-Market,Southwest,2024-06-14,,2024-09-30,4,1000000.00,83333.33333333333,standard,0.75,0.7712577286363639,62500.0,48203.60803977274,0.4147782801896837,19993.80964167455,72780.35,1.1644856000000001
REP-039,Osric Montoya,Mid-Market,Southwest,2024-06-14,,2024-10-31,5,1000000.00,83333.33333333333,standard,1.00,0.7712577286363639,83333.33333333333,64271.47738636365,0.4147782801896837,26658.412855566065,22686.39,0.27223668
REP-039,Osric Montoya,Mid-Market,Southwest,2024-06-14,,2024-11-30,6,1000000.00,83333.33333333333,standard,1.00,0.7712577286363639,83333.33333333333,64271.47738636365,0.4147782801896837,26658.412855566065,78127.54,0.9375304799999999
REP-039,Osric Montoya,Mid-Market,Southwest,2024-06-14,,2024-12-31,7,1000000.00,83333.33333333333,standard,1.00,0.7712577286363639,83333.33333333333,64271.47738636365,0.4147782801896837,26658.412855566065,139514.25,1.674171
REP-039,Osric Montoya,Mid-Market,Southwest,2024-06-14,,2025-01-31,8,1000000.00,83333.33333333333,standard,1.00,0.7712577286363639,83333.33333333333,64271.47738636365,0.4147782801896837,26658.412855566065,181926.11,2.18311332
REP-039,Osric Montoya,Mid-Market,Southwest,2024-06-14,,2025-02-28,9,1000000.00,83333.33333333333,standard,1.00,0.7712577286363639,83333.33333333333,64271.47738636365,0.4147782801896837,26658.412855566065,91407.59,1.09689108
REP-039,Osric Montoya,Mid-Market,Southwest,2024-06-14,,2025-03-31,10,1000000.00,83333.33333333333,standard,1.00,0.7712577286363639,83333.33333333333,64271.47738636365,0.4147782801896837,26658.412855566065,94934.61,1.1392153200000001
REP-039,Osric Montoya,Mid-Market,Southwest,2024-06-14,,2025-04-30,11,1000000.00,83333.33333333333,standard,1.00,0.7712577286363639,83333.33333333333,64271.47738636365,0.4147782801896837,26658.412855566065,54750.86,0.65701032
REP-039,Osric Montoya,Mid-Market,Southwest,2024-06-14,,2025-05-31,12,1000000.00,83333.33333333333,standard,1.00,0.7712577286363639,83333.33333333333,64271.47738636365,0.4147782801896837,26658.412855566065,120619.12,1.44742944
REP-039,Osric Montoya,Mid-Market,Southwest,2024-06-14,,2025-06-30,13,1000000.00,83333.33333333333,standard,1.00,0.7712577286363639,83333.33333333333,64271.47738636365,0.4147782801896837,26658.412855566065,146609.92,1.7593190400000003
REP-039,Osric Montoya,Mid-Market,Southwest,2024-06-14,,2025-07-31,14,1000000.00,83333.33333333333,standard,1.00,0.7712577286363639,83333.33333333333,64271.47738636365,0.4147782801896837,26658.412855566065,53878.28,0.64653936
REP-039,Osric Montoya,Mid-Market,Southwest,2024-06-14,,2025-08-31,15,1000000.00,83333.33333333333,standard,1.00,0.7712577286363639,83333.33333333333,64271.47738636365,0.4147782801896837,26658.412855566065,60096.39,0.72115668
REP-039,Osric Montoya,Mid-Market,Southwest,2024-06-14,,2025-09-30,16,1000000.00,83333.33333333333,standard,1.00,0.7712577286363639,83333.33333333333,64271.47738636365,0.4147782801896837,26658.412855566065,75140.33,0.9016839600000001
REP-039,Osric Montoya,Mid-Market,Southwest,2024-06-14,,2025-10-31,17,1000000.00,83333.33333333333,standard,1.00,0.7712577286363639,83333.33333333333,64271.47738636365,0.4147782801896837,26658.412855566065,83723.64,1.00468368
REP-039,Osric Montoya,Mid-Market,Southwest,2024-06-14,,2025-11-30,18,1000000.00,83333.33333333333,standard,1.00,0.7712577286363639,83333.33333333333,64271.47738636365,0.4147782801896837,26658.412855566065,53768.95,0.6452274
REP-039,Osric Montoya,Mid-Market,Southwest,2024-06-14,,2025-12-31,19,1000000.00,83333.33333333333,standard,1.00,0.7712577286363639,83333.33333333333,64271.47738636365,0.4147782801896837,26658.412855566065,149676.45,1.7961174000000002
REP-039,Osric Montoya,Mid-Market,Southwest,2024-06-14,,2026-01-31,20,1000000.00,83333.33333333333,standard,1.00,0.7712577286363639,83333.33333333333,64271.47738636365,0.4147782801896837,26658.412855566065,111593.09,1.33911708
REP-039,Osric Montoya,Mid-Market,Southwest,2024-06-14,,2026-02-28,21,1000000.00,83333.33333333333,standard,1.00,0.7712577286363639,83333.33333333333,64271.47738636365,0.4147782801896837,26658.412855566065,90221.86,1.08266232
REP-039,Osric Montoya,Mid-Market,Southwest,2024-06-14,,2026-03-31,22,1000000.00,83333.33333333333,standard,1.00,0.7712577286363639,83333.33333333333,64271.47738636365,0.4147782801896837,26658.412855566065,103906.46,1.2468775200000002
REP-039,Osric Montoya,Mid-Market,Southwest,2024-06-14,,2026-04-30,23,1000000.00,83333.33333333333,standard,1.00,0.7712577286363639,83333.33333333333,64271.47738636365,0.4147782801896837,26658.412855566065,354096.52,4.249158240000001
REP-039,Osric Montoya,Mid-Market,Southwest,2024-06-14,,2026-05-31,24,1000000.00,83333.33333333333,standard,1.00,0.7712577286363639,83333.33333333333,64271.47738636365,0.4147782801896837,26658.412855566065,35933.32,0.43119984
REP-039,Osric Montoya,Mid-Market,Southwest,2024-06-14,,2026-06-30,25,1000000.00,83333.33333333333,standard,1.00,0.7712577286363639,83333.33333333333,64271.47738636365,0.4147782801896837,26658.412855566065,20804.39,0.24965268000000002
REP-040,Leila Papadopoulos,Mid-Market,West,2024-07-20,2025-02-28,2024-07-31,1,1000000.00,83333.33333333333,standard,0.00,0.7712577286363639,0.0,0.0,0.4147782801896837,0.0,0.00,
REP-040,Leila Papadopoulos,Mid-Market,West,2024-07-20,2025-02-28,2024-08-31,2,1000000.00,83333.33333333333,standard,0.25,0.7712577286363639,20833.333333333332,16067.869346590913,0.4147782801896837,6664.603213891516,0.00,0.0
REP-040,Leila Papadopoulos,Mid-Market,West,2024-07-20,2025-02-28,2024-09-30,3,1000000.00,83333.33333333333,standard,0.50,0.7712577286363639,41666.666666666664,32135.738693181826,0.4147782801896837,13329.206427783032,3873.22,0.09295728
REP-040,Leila Papadopoulos,Mid-Market,West,2024-07-20,2025-02-28,2024-10-31,4,1000000.00,83333.33333333333,standard,0.75,0.7712577286363639,62500.0,48203.60803977274,0.4147782801896837,19993.80964167455,25401.58,0.40642528000000006
REP-040,Leila Papadopoulos,Mid-Market,West,2024-07-20,2025-02-28,2024-11-30,5,1000000.00,83333.33333333333,standard,1.00,0.7712577286363639,83333.33333333333,64271.47738636365,0.4147782801896837,26658.412855566065,0.00,0.0
REP-040,Leila Papadopoulos,Mid-Market,West,2024-07-20,2025-02-28,2024-12-31,6,1000000.00,83333.33333333333,standard,1.00,0.7712577286363639,83333.33333333333,64271.47738636365,0.4147782801896837,26658.412855566065,68397.16,0.82076592
REP-040,Leila Papadopoulos,Mid-Market,West,2024-07-20,2025-02-28,2025-01-31,7,1000000.00,83333.33333333333,standard,1.00,0.7712577286363639,83333.33333333333,64271.47738636365,0.4147782801896837,26658.412855566065,11564.42,0.13877304000000001
REP-040,Leila Papadopoulos,Mid-Market,West,2024-07-20,2025-02-28,2025-02-28,8,1000000.00,83333.33333333333,standard,1.00,0.7712577286363639,83333.33333333333,64271.47738636365,0.4147782801896837,26658.412855566065,64514.32,0.77417184
REP-041,Jian Engebretsen,Mid-Market,Mountain,2024-07-12,2025-04-30,2024-07-31,1,1000000.00,83333.33333333333,standard,0.00,0.7712577286363639,0.0,0.0,0.4147782801896837,0.0,0.00,
REP-041,Jian Engebretsen,Mid-Market,Mountain,2024-07-12,2025-04-30,2024-08-31,2,1000000.00,83333.33333333333,standard,0.25,0.7712577286363639,20833.333333333332,16067.869346590913,0.4147782801896837,6664.603213891516,0.00,0.0
REP-041,Jian Engebretsen,Mid-Market,Mountain,2024-07-12,2025-04-30,2024-09-30,3,1000000.00,83333.33333333333,standard,0.50,0.7712577286363639,41666.666666666664,32135.738693181826,0.4147782801896837,13329.206427783032,0.00,0.0
REP-041,Jian Engebretsen,Mid-Market,Mountain,2024-07-12,2025-04-30,2024-10-31,4,1000000.00,83333.33333333333,standard,0.75,0.7712577286363639,62500.0,48203.60803977274,0.4147782801896837,19993.80964167455,10298.31,0.16477296
REP-041,Jian Engebretsen,Mid-Market,Mountain,2024-07-12,2025-04-30,2024-11-30,5,1000000.00,83333.33333333333,standard,1.00,0.7712577286363639,83333.33333333333,64271.47738636365,0.4147782801896837,26658.412855566065,49408.17,0.59289804
REP-041,Jian Engebretsen,Mid-Market,Mountain,2024-07-12,2025-04-30,2024-12-31,6,1000000.00,83333.33333333333,standard,1.00,0.7712577286363639,83333.33333333333,64271.47738636365,0.4147782801896837,26658.412855566065,189569.75,2.274837
REP-041,Jian Engebretsen,Mid-Market,Mountain,2024-07-12,2025-04-30,2025-01-31,7,1000000.00,83333.33333333333,standard,1.00,0.7712577286363639,83333.33333333333,64271.47738636365,0.4147782801896837,26658.412855566065,85965.84,1.03159008
REP-041,Jian Engebretsen,Mid-Market,Mountain,2024-07-12,2025-04-30,2025-02-28,8,1000000.00,83333.33333333333,standard,1.00,0.7712577286363639,83333.33333333333,64271.47738636365,0.4147782801896837,26658.412855566065,87581.46,1.0509775200000002
REP-041,Jian Engebretsen,Mid-Market,Mountain,2024-07-12,2025-04-30,2025-03-31,9,1000000.00,83333.33333333333,standard,1.00,0.7712577286363639,83333.33333333333,64271.47738636365,0.4147782801896837,26658.412855566065,14319.68,0.17183616000000002
REP-041,Jian Engebretsen,Mid-Market,Mountain,2024-07-12,2025-04-30,2025-04-30,10,1000000.00,83333.33333333333,standard,1.00,0.7712577286363639,83333.33333333333,64271.47738636365,0.4147782801896837,26658.412855566065,37079.27,0.44495123999999997
REP-042,Leila Vasquez,Enterprise,Mountain,2024-07-03,2024-09-30,2024-07-31,1,1400000.00,116666.66666666667,enterprise,0.00,0.5721396848571428,0.0,0.0,0.5737636670113491,0.0,0.00,
REP-042,Leila Vasquez,Enterprise,Mountain,2024-07-03,2024-09-30,2024-08-31,2,1400000.00,116666.66666666667,enterprise,0.15,0.5721396848571428,17500.0,10012.444485,0.5737636670113491,5744.776863461158,0.00,0.0
REP-042,Leila Vasquez,Enterprise,Mountain,2024-07-03,2024-09-30,2024-09-30,3,1400000.00,116666.66666666667,enterprise,0.35,0.5721396848571428,40833.333333333336,23362.370465,0.5737636670113491,13404.479348076036,7725.42,0.18919395918367346
REP-043,Nadia Abernathy,SMB,Midwest,2024-09-14,2025-04-30,2024-09-30,1,700000.00,58333.333333333336,standard,0.00,0.47052666608506,0.0,0.0,0.8680089553271375,0.0,0.00,
REP-043,Nadia Abernathy,SMB,Midwest,2024-09-14,2025-04-30,2024-10-31,2,700000.00,58333.333333333336,standard,0.25,0.47052666608506,14583.333333333334,6861.847213740459,0.8680089553271375,5956.144831613285,0.00,0.0
REP-043,Nadia Abernathy,SMB,Midwest,2024-09-14,2025-04-30,2024-11-30,3,700000.00,58333.333333333336,standard,0.50,0.47052666608506,29166.666666666668,13723.694427480918,0.8680089553271375,11912.28966322657,25195.81,0.8638563428571429
REP-043,Nadia Abernathy,SMB,Midwest,2024-09-14,2025-04-30,2024-12-31,4,700000.00,58333.333333333336,standard,0.75,0.47052666608506,43750.0,20585.541641221374,0.8680089553271375,17868.434494839854,1649.96,0.03771337142857143
REP-043,Nadia Abernathy,SMB,Midwest,2024-09-14,2025-04-30,2025-01-31,5,700000.00,58333.333333333336,standard,1.00,0.47052666608506,58333.333333333336,27447.388854961835,0.8680089553271375,23824.57932645314,4390.11,0.07525902857142856
REP-043,Nadia Abernathy,SMB,Midwest,2024-09-14,2025-04-30,2025-02-28,6,700000.00,58333.333333333336,standard,1.00,0.47052666608506,58333.333333333336,27447.388854961835,0.8680089553271375,23824.57932645314,14377.89,0.24647811428571426
REP-043,Nadia Abernathy,SMB,Midwest,2024-09-14,2025-04-30,2025-03-31,7,700000.00,58333.333333333336,standard,1.00,0.47052666608506,58333.333333333336,27447.388854961835,0.8680089553271375,23824.57932645314,21026.15,0.3604482857142857
REP-043,Nadia Abernathy,SMB,Midwest,2024-09-14,2025-04-30,2025-04-30,8,700000.00,58333.333333333336,standard,1.00,0.47052666608506,58333.333333333336,27447.388854961835,0.8680089553271375,23824.57932645314,12639.72,0.21668091428571426
REP-044,Malachi Dunleavy,Enterprise,Southwest,2024-09-12,,2024-09-30,1,1400000.00,116666.66666666667,enterprise,0.00,0.5721396848571428,0.0,0.0,0.5737636670113491,0.0,174091.51,
REP-044,Malachi Dunleavy,Enterprise,Southwest,2024-09-12,,2024-10-31,2,1400000.00,116666.66666666667,enterprise,0.15,0.5721396848571428,17500.0,10012.444485,0.5737636670113491,5744.776863461158,0.00,0.0
REP-044,Malachi Dunleavy,Enterprise,Southwest,2024-09-12,,2024-11-30,3,1400000.00,116666.66666666667,enterprise,0.35,0.5721396848571428,40833.333333333336,23362.370465,0.5737636670113491,13404.479348076036,0.00,0.0
REP-044,Malachi Dunleavy,Enterprise,Southwest,2024-09-12,,2024-12-31,4,1400000.00,116666.66666666667,enterprise,0.60,0.5721396848571428,70000.0,40049.77794,0.5737636670113491,22979.107453844634,2952.38,0.04217685714285715
REP-044,Malachi Dunleavy,Enterprise,Southwest,2024-09-12,,2025-01-31,5,1400000.00,116666.66666666667,enterprise,0.85,0.5721396848571428,99166.66666666667,56737.185415,0.5737636670113491,32553.73555961323,537047.00,5.4155999999999995
REP-044,Malachi Dunleavy,Enterprise,Southwest,2024-09-12,,2025-02-28,6,1400000.00,116666.66666666667,enterprise,1.00,0.5721396848571428,116666.66666666667,66749.6299,0.5737636670113491,38298.51242307439,9593.71,0.0822318
REP-044,Malachi Dunleavy,Enterprise,Southwest,2024-09-12,,2025-03-31,7,1400000.00,116666.66666666667,enterprise,1.00,0.5721396848571428,116666.66666666667,66749.6299,0.5737636670113491,38298.51242307439,4917.85,0.042153
REP-044,Malachi Dunleavy,Enterprise,Southwest,2024-09-12,,2025-04-30,8,1400000.00,116666.66666666667,enterprise,1.00,0.5721396848571428,116666.66666666667,66749.6299,0.5737636670113491,38298.51242307439,0.00,0.0
REP-044,Malachi Dunleavy,Enterprise,Southwest,2024-09-12,,2025-05-31,9,1400000.00,116666.66666666667,enterprise,1.00,0.5721396848571428,116666.66666666667,66749.6299,0.5737636670113491,38298.51242307439,10799.64,0.09256834285714285
REP-044,Malachi Dunleavy,Enterprise,Southwest,2024-09-12,,2025-06-30,10,1400000.00,116666.66666666667,enterprise,1.00,0.5721396848571428,116666.66666666667,66749.6299,0.5737636670113491,38298.51242307439,0.00,0.0
REP-044,Malachi Dunleavy,Enterprise,Southwest,2024-09-12,,2025-07-31,11,1400000.00,116666.66666666667,enterprise,1.00,0.5721396848571428,116666.66666666667,66749.6299,0.5737636670113491,38298.51242307439,6964.12,0.05969245714285714
REP-044,Malachi Dunleavy,Enterprise,Southwest,2024-09-12,,2025-08-31,12,1400000.00,116666.66666666667,enterprise,1.00,0.5721396848571428,116666.66666666667,66749.6299,0.5737636670113491,38298.51242307439,0.00,0.0
REP-044,Malachi Dunleavy,Enterprise,Southwest,2024-09-12,,2025-09-30,13,1400000.00,116666.66666666667,enterprise,1.00,0.5721396848571428,116666.66666666667,66749.6299,0.5737636670113491,38298.51242307439,0.00,0.0
REP-044,Malachi Dunleavy,Enterprise,Southwest,2024-09-12,,2025-10-31,14,1400000.00,116666.66666666667,enterprise,1.00,0.5721396848571428,116666.66666666667,66749.6299,0.5737636670113491,38298.51242307439,65671.54,0.5628989142857143
REP-044,Malachi Dunleavy,Enterprise,Southwest,2024-09-12,,2025-11-30,15,1400000.00,116666.66666666667,enterprise,1.00,0.5721396848571428,116666.66666666667,66749.6299,0.5737636670113491,38298.51242307439,444740.10,3.8120579999999995
REP-044,Malachi Dunleavy,Enterprise,Southwest,2024-09-12,,2025-12-31,16,1400000.00,116666.66666666667,enterprise,1.00,0.5721396848571428,116666.66666666667,66749.6299,0.5737636670113491,38298.51242307439,0.00,0.0
REP-044,Malachi Dunleavy,Enterprise,Southwest,2024-09-12,,2026-01-31,17,1400000.00,116666.66666666667,enterprise,1.00,0.5721396848571428,116666.66666666667,66749.6299,0.5737636670113491,38298.51242307439,0.00,0.0
REP-044,Malachi Dunleavy,Enterprise,Southwest,2024-09-12,,2026-02-28,18,1400000.00,116666.66666666667,enterprise,1.00,0.5721396848571428,116666.66666666667,66749.6299,0.5737636670113491,38298.51242307439,31842.09,0.2729322
REP-044,Malachi Dunleavy,Enterprise,Southwest,2024-09-12,,2026-03-31,19,1400000.00,116666.66666666667,enterprise,1.00,0.5721396848571428,116666.66666666667,66749.6299,0.5737636670113491,38298.51242307439,0.00,0.0
REP-044,Malachi Dunleavy,Enterprise,Southwest,2024-09-12,,2026-04-30,20,1400000.00,116666.66666666667,enterprise,1.00,0.5721396848571428,116666.66666666667,66749.6299,0.5737636670113491,38298.51242307439,53950.47,0.46243259999999997
REP-044,Malachi Dunleavy,Enterprise,Southwest,2024-09-12,,2026-05-31,21,1400000.00,116666.66666666667,enterprise,1.00,0.5721396848571428,116666.66666666667,66749.6299,0.5737636670113491,38298.51242307439,352431.92,3.0208450285714283
REP-044,Malachi Dunleavy,Enterprise,Southwest,2024-09-12,,2026-06-30,22,1400000.00,116666.66666666667,enterprise,1.00,0.5721396848571428,116666.66666666667,66749.6299,0.5737636670113491,38298.51242307439,0.00,0.0
REP-045,Rashid Pellegrino,Enterprise,Mountain,2024-09-14,,2024-09-30,1,1400000.00,116666.66666666667,enterprise,0.00,0.5721396848571428,0.0,0.0,0.5737636670113491,0.0,13011.30,
REP-045,Rashid Pellegrino,Enterprise,Mountain,2024-09-14,,2024-10-31,2,1400000.00,116666.66666666667,enterprise,0.15,0.5721396848571428,17500.0,10012.444485,0.5737636670113491,5744.776863461158,0.00,0.0
REP-045,Rashid Pellegrino,Enterprise,Mountain,2024-09-14,,2024-11-30,3,1400000.00,116666.66666666667,enterprise,0.35,0.5721396848571428,40833.333333333336,23362.370465,0.5737636670113491,13404.479348076036,0.00,0.0
REP-045,Rashid Pellegrino,Enterprise,Mountain,2024-09-14,,2024-12-31,4,1400000.00,116666.66666666667,enterprise,0.60,0.5721396848571428,70000.0,40049.77794,0.5737636670113491,22979.107453844634,0.00,0.0
REP-045,Rashid Pellegrino,Enterprise,Mountain,2024-09-14,,2025-01-31,5,1400000.00,116666.66666666667,enterprise,0.85,0.5721396848571428,99166.66666666667,56737.185415,0.5737636670113491,32553.73555961323,46816.55,0.47209966386554625
REP-045,Rashid Pellegrino,Enterprise,Mountain,2024-09-14,,2025-02-28,6,1400000.00,116666.66666666667,enterprise,1.00,0.5721396848571428,116666.66666666667,66749.6299,0.5737636670113491,38298.51242307439,126450.17,1.0838586
REP-045,Rashid Pellegrino,Enterprise,Mountain,2024-09-14,,2025-03-31,7,1400000.00,116666.66666666667,enterprise,1.00,0.5721396848571428,116666.66666666667,66749.6299,0.5737636670113491,38298.51242307439,60097.26,0.5151193714285714
REP-045,Rashid Pellegrino,Enterprise,Mountain,2024-09-14,,2025-04-30,8,1400000.00,116666.66666666667,enterprise,1.00,0.5721396848571428,116666.66666666667,66749.6299,0.5737636670113491,38298.51242307439,278748.66,2.3892742285714283
REP-045,Rashid Pellegrino,Enterprise,Mountain,2024-09-14,,2025-05-31,9,1400000.00,116666.66666666667,enterprise,1.00,0.5721396848571428,116666.66666666667,66749.6299,0.5737636670113491,38298.51242307439,0.00,0.0
REP-045,Rashid Pellegrino,Enterprise,Mountain,2024-09-14,,2025-06-30,10,1400000.00,116666.66666666667,enterprise,1.00,0.5721396848571428,116666.66666666667,66749.6299,0.5737636670113491,38298.51242307439,8479.37,0.0726803142857143
REP-045,Rashid Pellegrino,Enterprise,Mountain,2024-09-14,,2025-07-31,11,1400000.00,116666.66666666667,enterprise,1.00,0.5721396848571428,116666.66666666667,66749.6299,0.5737636670113491,38298.51242307439,0.00,0.0
REP-045,Rashid Pellegrino,Enterprise,Mountain,2024-09-14,,2025-08-31,12,1400000.00,116666.66666666667,enterprise,1.00,0.5721396848571428,116666.66666666667,66749.6299,0.5737636670113491,38298.51242307439,58883.39,0.5047147714285714
REP-045,Rashid Pellegrino,Enterprise,Mountain,2024-09-14,,2025-09-30,13,1400000.00,116666.66666666667,enterprise,1.00,0.5721396848571428,116666.66666666667,66749.6299,0.5737636670113491,38298.51242307439,13962.26,0.11967651428571428
REP-045,Rashid Pellegrino,Enterprise,Mountain,2024-09-14,,2025-10-31,14,1400000.00,116666.66666666667,enterprise,1.00,0.5721396848571428,116666.66666666667,66749.6299,0.5737636670113491,38298.51242307439,0.00,0.0
REP-045,Rashid Pellegrino,Enterprise,Mountain,2024-09-14,,2025-11-30,15,1400000.00,116666.66666666667,enterprise,1.00,0.5721396848571428,116666.66666666667,66749.6299,0.5737636670113491,38298.51242307439,39651.76,0.33987222857142857
REP-045,Rashid Pellegrino,Enterprise,Mountain,2024-09-14,,2025-12-31,16,1400000.00,116666.66666666667,enterprise,1.00,0.5721396848571428,116666.66666666667,66749.6299,0.5737636670113491,38298.51242307439,200082.40,1.7149919999999998
REP-045,Rashid Pellegrino,Enterprise,Mountain,2024-09-14,,2026-01-31,17,1400000.00,116666.66666666667,enterprise,1.00,0.5721396848571428,116666.66666666667,66749.6299,0.5737636670113491,38298.51242307439,186596.17,1.5993957428571428
REP-045,Rashid Pellegrino,Enterprise,Mountain,2024-09-14,,2026-02-28,18,1400000.00,116666.66666666667,enterprise,1.00,0.5721396848571428,116666.66666666667,66749.6299,0.5737636670113491,38298.51242307439,0.00,0.0
REP-045,Rashid Pellegrino,Enterprise,Mountain,2024-09-14,,2026-03-31,19,1400000.00,116666.66666666667,enterprise,1.00,0.5721396848571428,116666.66666666667,66749.6299,0.5737636670113491,38298.51242307439,0.00,0.0
REP-045,Rashid Pellegrino,Enterprise,Mountain,2024-09-14,,2026-04-30,20,1400000.00,116666.66666666667,enterprise,1.00,0.5721396848571428,116666.66666666667,66749.6299,0.5737636670113491,38298.51242307439,0.00,0.0
REP-045,Rashid Pellegrino,Enterprise,Mountain,2024-09-14,,2026-05-31,21,1400000.00,116666.66666666667,enterprise,1.00,0.5721396848571428,116666.66666666667,66749.6299,0.5737636670113491,38298.51242307439,103717.94,0.8890109142857142
REP-045,Rashid Pellegrino,Enterprise,Mountain,2024-09-14,,2026-06-30,22,1400000.00,116666.66666666667,enterprise,1.00,0.5721396848571428,116666.66666666667,66749.6299,0.5737636670113491,38298.51242307439,49216.52,0.42185588571428567
REP-046,Salim Ghorbani,Mid-Market,Midwest,2025-02-19,2026-03-31,2025-02-28,1,1000000.00,83333.33333333333,standard,0.00,0.7712577286363639,0.0,0.0,0.4147782801896837,0.0,0.00,
REP-046,Salim Ghorbani,Mid-Market,Midwest,2025-02-19,2026-03-31,2025-03-31,2,1000000.00,83333.33333333333,standard,0.25,0.7712577286363639,20833.333333333332,16067.869346590913,0.4147782801896837,6664.603213891516,0.00,0.0
REP-046,Salim Ghorbani,Mid-Market,Midwest,2025-02-19,2026-03-31,2025-04-30,3,1000000.00,83333.33333333333,standard,0.50,0.7712577286363639,41666.666666666664,32135.738693181826,0.4147782801896837,13329.206427783032,0.00,0.0
REP-046,Salim Ghorbani,Mid-Market,Midwest,2025-02-19,2026-03-31,2025-05-31,4,1000000.00,83333.33333333333,standard,0.75,0.7712577286363639,62500.0,48203.60803977274,0.4147782801896837,19993.80964167455,0.00,0.0
REP-046,Salim Ghorbani,Mid-Market,Midwest,2025-02-19,2026-03-31,2025-06-30,5,1000000.00,83333.33333333333,standard,1.00,0.7712577286363639,83333.33333333333,64271.47738636365,0.4147782801896837,26658.412855566065,0.00,0.0
REP-046,Salim Ghorbani,Mid-Market,Midwest,2025-02-19,2026-03-31,2025-07-31,6,1000000.00,83333.33333333333,standard,1.00,0.7712577286363639,83333.33333333333,64271.47738636365,0.4147782801896837,26658.412855566065,0.00,0.0
REP-046,Salim Ghorbani,Mid-Market,Midwest,2025-02-19,2026-03-31,2025-08-31,7,1000000.00,83333.33333333333,standard,1.00,0.7712577286363639,83333.33333333333,64271.47738636365,0.4147782801896837,26658.412855566065,592.73,0.007112760000000001
REP-046,Salim Ghorbani,Mid-Market,Midwest,2025-02-19,2026-03-31,2025-09-30,8,1000000.00,83333.33333333333,standard,1.00,0.7712577286363639,83333.33333333333,64271.47738636365,0.4147782801896837,26658.412855566065,0.00,0.0
REP-046,Salim Ghorbani,Mid-Market,Midwest,2025-02-19,2026-03-31,2025-10-31,9,1000000.00,83333.33333333333,standard,1.00,0.7712577286363639,83333.33333333333,64271.47738636365,0.4147782801896837,26658.412855566065,25344.24,0.30413088000000005
REP-046,Salim Ghorbani,Mid-Market,Midwest,2025-02-19,2026-03-31,2025-11-30,10,1000000.00,83333.33333333333,standard,1.00,0.7712577286363639,83333.33333333333,64271.47738636365,0.4147782801896837,26658.412855566065,143225.66,1.7187079200000002
REP-046,Salim Ghorbani,Mid-Market,Midwest,2025-02-19,2026-03-31,2025-12-31,11,1000000.00,83333.33333333333,standard,1.00,0.7712577286363639,83333.33333333333,64271.47738636365,0.4147782801896837,26658.412855566065,31133.51,0.37360212
REP-046,Salim Ghorbani,Mid-Market,Midwest,2025-02-19,2026-03-31,2026-01-31,12,1000000.00,83333.33333333333,standard,1.00,0.7712577286363639,83333.33333333333,64271.47738636365,0.4147782801896837,26658.412855566065,0.00,0.0
REP-046,Salim Ghorbani,Mid-Market,Midwest,2025-02-19,2026-03-31,2026-02-28,13,1000000.00,83333.33333333333,standard,1.00,0.7712577286363639,83333.33333333333,64271.47738636365,0.4147782801896837,26658.412855566065,0.00,0.0
REP-046,Salim Ghorbani,Mid-Market,Midwest,2025-02-19,2026-03-31,2026-03-31,14,1000000.00,83333.33333333333,standard,1.00,0.7712577286363639,83333.33333333333,64271.47738636365,0.4147782801896837,26658.412855566065,0.00,0.0
REP-047,Jian Ivanov,Mid-Market,Midwest,2025-02-09,2025-10-31,2025-02-28,1,1000000.00,83333.33333333333,standard,0.00,0.7712577286363639,0.0,0.0,0.4147782801896837,0.0,1446.60,
REP-047,Jian Ivanov,Mid-Market,Midwest,2025-02-09,2025-10-31,2025-03-31,2,1000000.00,83333.33333333333,standard,0.25,0.7712577286363639,20833.333333333332,16067.869346590913,0.4147782801896837,6664.603213891516,66390.37,3.1867377599999998
REP-047,Jian Ivanov,Mid-Market,Midwest,2025-02-09,2025-10-31,2025-04-30,3,1000000.00,83333.33333333333,standard,0.50,0.7712577286363639,41666.666666666664,32135.738693181826,0.4147782801896837,13329.206427783032,3556.25,0.08535000000000001
REP-047,Jian Ivanov,Mid-Market,Midwest,2025-02-09,2025-10-31,2025-05-31,4,1000000.00,83333.33333333333,standard,0.75,0.7712577286363639,62500.0,48203.60803977274,0.4147782801896837,19993.80964167455,18216.52,0.29146432
REP-047,Jian Ivanov,Mid-Market,Midwest,2025-02-09,2025-10-31,2025-06-30,5,1000000.00,83333.33333333333,standard,1.00,0.7712577286363639,83333.33333333333,64271.47738636365,0.4147782801896837,26658.412855566065,109019.82,1.30823784
REP-047,Jian Ivanov,Mid-Market,Midwest,2025-02-09,2025-10-31,2025-07-31,6,1000000.00,83333.33333333333,standard,1.00,0.7712577286363639,83333.33333333333,64271.47738636365,0.4147782801896837,26658.412855566065,41595.89,0.49915068
REP-047,Jian Ivanov,Mid-Market,Midwest,2025-02-09,2025-10-31,2025-08-31,7,1000000.00,83333.33333333333,standard,1.00,0.7712577286363639,83333.33333333333,64271.47738636365,0.4147782801896837,26658.412855566065,32756.32,0.39307584
REP-047,Jian Ivanov,Mid-Market,Midwest,2025-02-09,2025-10-31,2025-09-30,8,1000000.00,83333.33333333333,standard,1.00,0.7712577286363639,83333.33333333333,64271.47738636365,0.4147782801896837,26658.412855566065,78903.50,0.9468420000000001
REP-047,Jian Ivanov,Mid-Market,Midwest,2025-02-09,2025-10-31,2025-10-31,9,1000000.00,83333.33333333333,standard,1.00,0.7712577286363639,83333.33333333333,64271.47738636365,0.4147782801896837,26658.412855566065,134920.89,1.6190506800000002
REP-048,Wren Yamamoto,SMB,Midwest,2025-04-02,,2025-04-30,1,700000.00,58333.333333333336,standard,0.00,0.47052666608506,0.0,0.0,0.8680089553271375,0.0,4488.92,
REP-048,Wren Yamamoto,SMB,Midwest,2025-04-02,,2025-05-31,2,700000.00,58333.333333333336,standard,0.25,0.47052666608506,14583.333333333334,6861.847213740459,0.8680089553271375,5956.144831613285,0.00,0.0
REP-048,Wren Yamamoto,SMB,Midwest,2025-04-02,,2025-06-30,3,700000.00,58333.333333333336,standard,0.50,0.47052666608506,29166.666666666668,13723.694427480918,0.8680089553271375,11912.28966322657,0.00,0.0
REP-048,Wren Yamamoto,SMB,Midwest,2025-04-02,,2025-07-31,4,700000.00,58333.333333333336,standard,0.75,0.47052666608506,43750.0,20585.541641221374,0.8680089553271375,17868.434494839854,6559.67,0.1499353142857143
REP-048,Wren Yamamoto,SMB,Midwest,2025-04-02,,2025-08-31,5,700000.00,58333.333333333336,standard,1.00,0.47052666608506,58333.333333333336,27447.388854961835,0.8680089553271375,23824.57932645314,4621.06,0.07921817142857143
REP-048,Wren Yamamoto,SMB,Midwest,2025-04-02,,2025-09-30,6,700000.00,58333.333333333336,standard,1.00,0.47052666608506,58333.333333333336,27447.388854961835,0.8680089553271375,23824.57932645314,0.00,0.0
REP-048,Wren Yamamoto,SMB,Midwest,2025-04-02,,2025-10-31,7,700000.00,58333.333333333336,standard,1.00,0.47052666608506,58333.333333333336,27447.388854961835,0.8680089553271375,23824.57932645314,418.57,0.007175485714285714
REP-048,Wren Yamamoto,SMB,Midwest,2025-04-02,,2025-11-30,8,700000.00,58333.333333333336,standard,1.00,0.47052666608506,58333.333333333336,27447.388854961835,0.8680089553271375,23824.57932645314,0.00,0.0
REP-048,Wren Yamamoto,SMB,Midwest,2025-04-02,,2025-12-31,9,700000.00,58333.333333333336,standard,1.00,0.47052666608506,58333.333333333336,27447.388854961835,0.8680089553271375,23824.57932645314,54057.58,0.9267013714285715
REP-048,Wren Yamamoto,SMB,Midwest,2025-04-02,,2026-01-31,10,700000.00,58333.333333333336,standard,1.00,0.47052666608506,58333.333333333336,27447.388854961835,0.8680089553271375,23824.57932645314,13978.93,0.23963879999999999
REP-048,Wren Yamamoto,SMB,Midwest,2025-04-02,,2026-02-28,11,700000.00,58333.333333333336,standard,1.00,0.47052666608506,58333.333333333336,27447.388854961835,0.8680089553271375,23824.57932645314,19101.15,0.32744828571428575
REP-048,Wren Yamamoto,SMB,Midwest,2025-04-02,,2026-03-31,12,700000.00,58333.333333333336,standard,1.00,0.47052666608506,58333.333333333336,27447.388854961835,0.8680089553271375,23824.57932645314,7701.78,0.13203051428571427
REP-048,Wren Yamamoto,SMB,Midwest,2025-04-02,,2026-04-30,13,700000.00,58333.333333333336,standard,1.00,0.47052666608506,58333.333333333336,27447.388854961835,0.8680089553271375,23824.57932645314,10462.87,0.17936348571428573
REP-048,Wren Yamamoto,SMB,Midwest,2025-04-02,,2026-05-31,14,700000.00,58333.333333333336,standard,1.00,0.47052666608506,58333.333333333336,27447.388854961835,0.8680089553271375,23824.57932645314,0.00,0.0
REP-048,Wren Yamamoto,SMB,Midwest,2025-04-02,,2026-06-30,15,700000.00,58333.333333333336,standard,1.00,0.47052666608506,58333.333333333336,27447.388854961835,0.8680089553271375,23824.57932645314,6431.81,0.1102596
REP-049,Leila Ostrander,Mid-Market,Mountain,2025-04-02,2026-02-28,2025-04-30,1,1000000.00,83333.33333333333,standard,0.00,0.7712577286363639,0.0,0.0,0.4147782801896837,0.0,71237.34,
REP-049,Leila Ostrander,Mid-Market,Mountain,2025-04-02,2026-02-28,2025-05-31,2,1000000.00,83333.33333333333,standard,0.25,0.7712577286363639,20833.333333333332,16067.869346590913,0.4147782801896837,6664.603213891516,25963.83,1.2462638400000001
REP-049,Leila Ostrander,Mid-Market,Mountain,2025-04-02,2026-02-28,2025-06-30,3,1000000.00,83333.33333333333,standard,0.50,0.7712577286363639,41666.666666666664,32135.738693181826,0.4147782801896837,13329.206427783032,28124.78,0.67499472
REP-049,Leila Ostrander,Mid-Market,Mountain,2025-04-02,2026-02-28,2025-07-31,4,1000000.00,83333.33333333333,standard,0.75,0.7712577286363639,62500.0,48203.60803977274,0.4147782801896837,19993.80964167455,30452.18,0.48723488
REP-049,Leila Ostrander,Mid-Market,Mountain,2025-04-02,2026-02-28,2025-08-31,5,1000000.00,83333.33333333333,standard,1.00,0.7712577286363639,83333.33333333333,64271.47738636365,0.4147782801896837,26658.412855566065,149499.38,1.7939925600000002
REP-049,Leila Ostrander,Mid-Market,Mountain,2025-04-02,2026-02-28,2025-09-30,6,1000000.00,83333.33333333333,standard,1.00,0.7712577286363639,83333.33333333333,64271.47738636365,0.4147782801896837,26658.412855566065,281689.44,3.3802732800000004
REP-049,Leila Ostrander,Mid-Market,Mountain,2025-04-02,2026-02-28,2025-10-31,7,1000000.00,83333.33333333333,standard,1.00,0.7712577286363639,83333.33333333333,64271.47738636365,0.4147782801896837,26658.412855566065,18002.15,0.21602580000000002
REP-049,Leila Ostrander,Mid-Market,Mountain,2025-04-02,2026-02-28,2025-11-30,8,1000000.00,83333.33333333333,standard,1.00,0.7712577286363639,83333.33333333333,64271.47738636365,0.4147782801896837,26658.412855566065,198953.73,2.38744476
REP-049,Leila Ostrander,Mid-Market,Mountain,2025-04-02,2026-02-28,2025-12-31,9,1000000.00,83333.33333333333,standard,1.00,0.7712577286363639,83333.33333333333,64271.47738636365,0.4147782801896837,26658.412855566065,87295.45,1.0475454
REP-049,Leila Ostrander,Mid-Market,Mountain,2025-04-02,2026-02-28,2026-01-31,10,1000000.00,83333.33333333333,standard,1.00,0.7712577286363639,83333.33333333333,64271.47738636365,0.4147782801896837,26658.412855566065,35589.07,0.42706884
REP-049,Leila Ostrander,Mid-Market,Mountain,2025-04-02,2026-02-28,2026-02-28,11,1000000.00,83333.33333333333,standard,1.00,0.7712577286363639,83333.33333333333,64271.47738636365,0.4147782801896837,26658.412855566065,140694.33,1.68833196
REP-050,Rosalind Ashcombe,Mid-Market,Mountain,2025-10-03,2026-06-30,2025-10-31,1,1000000.00,83333.33333333333,standard,0.00,0.7712577286363639,0.0,0.0,0.4147782801896837,0.0,0.00,
REP-050,Rosalind Ashcombe,Mid-Market,Mountain,2025-10-03,2026-06-30,2025-11-30,2,1000000.00,83333.33333333333,standard,0.25,0.7712577286363639,20833.333333333332,16067.869346590913,0.4147782801896837,6664.603213891516,0.00,0.0
REP-050,Rosalind Ashcombe,Mid-Market,Mountain,2025-10-03,2026-06-30,2025-12-31,3,1000000.00,83333.33333333333,standard,0.50,0.7712577286363639,41666.666666666664,32135.738693181826,0.4147782801896837,13329.206427783032,14610.54,0.35065296000000007
REP-050,Rosalind Ashcombe,Mid-Market,Mountain,2025-10-03,2026-06-30,2026-01-31,4,1000000.00,83333.33333333333,standard,0.75,0.7712577286363639,62500.0,48203.60803977274,0.4147782801896837,19993.80964167455,9824.26,0.15718816
REP-050,Rosalind Ashcombe,Mid-Market,Mountain,2025-10-03,2026-06-30,2026-02-28,5,1000000.00,83333.33333333333,standard,1.00,0.7712577286363639,83333.33333333333,64271.47738636365,0.4147782801896837,26658.412855566065,52717.86,0.6326143200000001
REP-050,Rosalind Ashcombe,Mid-Market,Mountain,2025-10-03,2026-06-30,2026-03-31,6,1000000.00,83333.33333333333,standard,1.00,0.7712577286363639,83333.33333333333,64271.47738636365,0.4147782801896837,26658.412855566065,80715.36,0.96858432
REP-050,Rosalind Ashcombe,Mid-Market,Mountain,2025-10-03,2026-06-30,2026-04-30,7,1000000.00,83333.33333333333,standard,1.00,0.7712577286363639,83333.33333333333,64271.47738636365,0.4147782801896837,26658.412855566065,112895.50,1.354746
REP-050,Rosalind Ashcombe,Mid-Market,Mountain,2025-10-03,2026-06-30,2026-05-31,8,1000000.00,83333.33333333333,standard,1.00,0.7712577286363639,83333.33333333333,64271.47738636365,0.4147782801896837,26658.412855566065,78129.53,0.93755436
REP-050,Rosalind Ashcombe,Mid-Market,Mountain,2025-10-03,2026-06-30,2026-06-30,9,1000000.00,83333.33333333333,standard,1.00,0.7712577286363639,83333.33333333333,64271.47738636365,0.4147782801896837,26658.412855566065,60973.85,0.7316862000000001
REP-051,Imani Thornbury,Mid-Market,Midwest,2026-02-23,,2026-02-28,1,1000000.00,83333.33333333333,standard,0.00,0.7712577286363639,0.0,0.0,0.4147782801896837,0.0,0.00,
REP-051,Imani Thornbury,Mid-Market,Midwest,2026-02-23,,2026-03-31,2,1000000.00,83333.33333333333,standard,0.25,0.7712577286363639,20833.333333333332,16067.869346590913,0.4147782801896837,6664.603213891516,22811.60,1.0949568
REP-051,Imani Thornbury,Mid-Market,Midwest,2026-02-23,,2026-04-30,3,1000000.00,83333.33333333333,standard,0.50,0.7712577286363639,41666.666666666664,32135.738693181826,0.4147782801896837,13329.206427783032,29097.40,0.6983376000000001
REP-051,Imani Thornbury,Mid-Market,Midwest,2026-02-23,,2026-05-31,4,1000000.00,83333.33333333333,standard,0.75,0.7712577286363639,62500.0,48203.60803977274,0.4147782801896837,19993.80964167455,38704.10,0.6192656
REP-051,Imani Thornbury,Mid-Market,Midwest,2026-02-23,,2026-06-30,5,1000000.00,83333.33333333333,standard,1.00,0.7712577286363639,83333.33333333333,64271.47738636365,0.4147782801896837,26658.412855566065,77432.32,0.9291878400000001
REP-052,Yuki Abernathy,Mid-Market,West,2026-03-09,,2026-03-31,1,1000000.00,83333.33333333333,standard,0.00,0.7712577286363639,0.0,0.0,0.4147782801896837,0.0,0.00,
REP-052,Yuki Abernathy,Mid-Market,West,2026-03-09,,2026-04-30,2,1000000.00,83333.33333333333,standard,0.25,0.7712577286363639,20833.333333333332,16067.869346590913,0.4147782801896837,6664.603213891516,27867.93,1.3376606400000002
REP-052,Yuki Abernathy,Mid-Market,West,2026-03-09,,2026-05-31,3,1000000.00,83333.33333333333,standard,0.50,0.7712577286363639,41666.666666666664,32135.738693181826,0.4147782801896837,13329.206427783032,31801.63,0.76323912
REP-052,Yuki Abernathy,Mid-Market,West,2026-03-09,,2026-06-30,4,1000000.00,83333.33333333333,standard,0.75,0.7712577286363639,62500.0,48203.60803977274,0.4147782801896837,19993.80964167455,0.00,0.0
REP-053,Finnian Ivanov,Enterprise,Mountain,2026-04-19,,2026-04-30,1,1400000.00,116666.66666666667,enterprise,0.00,0.5721396848571428,0.0,0.0,0.5737636670113491,0.0,0.00,
REP-053,Finnian Ivanov,Enterprise,Mountain,2026-04-19,,2026-05-31,2,1400000.00,116666.66666666667,enterprise,0.15,0.5721396848571428,17500.0,10012.444485,0.5737636670113491,5744.776863461158,0.00,0.0
REP-053,Finnian Ivanov,Enterprise,Mountain,2026-04-19,,2026-06-30,3,1400000.00,116666.66666666667,enterprise,0.35,0.5721396848571428,40833.333333333336,23362.370465,0.5737636670113491,13404.479348076036,0.00,0.0
