opportunity_id,customer_id,account_id,segment,rep_id,deal_type,contract_term_months,created_date,actual_close_date,actual_close_month,acv,tcv,provisioned_flag,sales_cycle_days
OPP-000001,CUST-00352,CUST-00352,SMB,REP-028,Expansion,1,2024-01-16,2024-01-31,2024-01-31,1857.61,154.80,true,15
OPP-000002,CUST-00366,CUST-00366,Mid-Market,REP-010,Expansion,12,2023-11-30,2023-12-31,2023-12-31,7203.16,7203.16,true,31
OPP-000003,CUST-00375,CUST-00375,Mid-Market,REP-023,Expansion,12,2023-09-28,2024-01-31,2024-01-31,22513.99,22513.99,true,125
OPP-000004,CUST-00377,CUST-00377,Mid-Market,REP-010,Expansion,12,2023-12-31,2024-01-31,2024-01-31,6699.10,6699.10,true,31
OPP-000005,CUST-00378,CUST-00378,Mid-Market,REP-023,Expansion,12,2023-12-24,2024-01-31,2024-01-31,15813.45,15813.45,true,38
OPP-000006,CUST-00481,CUST-00481,SMB,REP-016,Expansion,1,2024-01-15,2024-01-31,2024-01-31,3804.34,317.03,true,16
OPP-000007,CUST-00664,CUST-00664,Mid-Market,REP-026,Expansion,12,2023-11-20,2023-12-31,2023-12-31,5230.73,5230.73,true,41
OPP-000008,CUST-00699,CUST-00699,Mid-Market,REP-018,Expansion,12,2023-11-28,2023-12-31,2023-12-31,27293.31,27293.31,true,33
OPP-000009,CUST-00725,CUST-00725,Enterprise,REP-029,Expansion,12,2023-10-17,2023-12-31,2023-12-31,17807.58,17807.58,true,75
OPP-000010,CUST-00759,CUST-00759,SMB,REP-030,Expansion,1,2023-12-08,2024-01-31,2024-01-31,8322.85,693.57,true,54
OPP-000011,CUST-00804,CUST-00804,SMB,REP-016,Expansion,1,2024-01-06,2024-01-31,2024-01-31,1397.25,116.44,true,25
OPP-000012,CUST-00865,CUST-00865,SMB,REP-031,Expansion,1,2024-01-18,2024-01-31,2024-01-31,4859.01,404.92,true,13
OPP-000013,CUST-00970,CUST-00970,SMB,REP-028,Expansion,1,2024-01-23,2024-01-31,2024-01-31,4610.92,384.24,true,8
OPP-000014,CUST-01016,CUST-01016,Mid-Market,REP-023,Expansion,12,2023-11-14,2024-01-31,2024-01-31,4531.90,4531.90,true,78
OPP-000015,CUST-01060,CUST-01060,Mid-Market,REP-026,Expansion,12,2023-12-14,2024-01-31,2024-01-31,9401.34,9401.34,true,48
OPP-000016,CUST-01067,CUST-01067,Mid-Market,REP-010,Expansion,12,2023-09-24,2024-01-31,2024-01-31,4237.83,4237.83,true,129
OPP-000017,CUST-01069,CUST-01069,Mid-Market,REP-023,Expansion,12,2023-08-23,2024-01-31,2024-01-31,1445.67,1445.67,true,161
OPP-000018,CUST-01071,CUST-01071,Mid-Market,REP-010,Expansion,12,2023-08-29,2024-01-31,2024-01-31,16055.68,16055.68,true,155
OPP-000019,CUST-01073,CUST-01073,Mid-Market,REP-032,Expansion,12,2023-11-25,2024-01-31,2024-01-31,1923.26,1923.26,true,67
OPP-000020,,ACCT-P-000020,SMB,REP-030,New Logo,1,2023-12-28,2024-01-31,2024-01-31,14756.17,1229.68,false,34
OPP-000021,,ACCT-P-000021,SMB,REP-030,New Logo,12,2023-11-07,2023-12-31,2023-12-31,8211.65,8211.65,false,54
OPP-000022,CUST-01128,CUST-01128,SMB,REP-028,New Logo,1,2023-12-27,2024-01-31,2024-01-31,14471.64,1205.97,true,35
OPP-000023,CUST-01278,CUST-01278,Mid-Market,REP-010,Expansion,12,2023-09-29,2024-01-31,2024-01-31,9220.09,9220.09,true,124
OPP-000024,CUST-01136,CUST-01136,SMB,REP-005,New Logo,12,2024-01-02,2024-02-03,2024-02-29,8882.60,8882.60,true,32
OPP-000025,CUST-01282,CUST-01282,Mid-Market,REP-032,New Logo,12,2023-12-18,2024-02-05,2024-02-29,42528.67,42528.67,true,49
OPP-000026,CUST-01135,CUST-01135,SMB,REP-031,New Logo,1,2023-12-23,2024-01-06,2024-01-31,3207.36,267.28,true,14
OPP-000027,CUST-01026,CUST-01026,Mid-Market,REP-007,Renewal Uplift,12,2024-01-02,2024-02-07,2024-02-29,1531.08,1531.08,true,36
OPP-000028,CUST-01280,CUST-01280,Mid-Market,REP-007,New Logo,12,2023-11-17,2024-02-07,2024-02-29,14124.93,14124.93,true,82
OPP-000029,CUST-00658,CUST-00658,Mid-Market,REP-010,Renewal Uplift,12,2024-01-03,2024-02-10,2024-02-29,622.02,622.02,true,38
OPP-000030,CUST-01281,CUST-01281,Mid-Market,REP-032,New Logo,12,2023-11-21,2024-02-10,2024-02-29,43601.86,43601.86,true,81
OPP-000031,CUST-00442,CUST-00442,SMB,REP-031,Renewal Uplift,12,2024-01-28,2024-02-11,2024-02-29,254.07,254.07,true,14
OPP-000032,CUST-00657,CUST-00657,Mid-Market,REP-032,Renewal Uplift,12,2024-01-01,2024-02-11,2024-02-29,1802.41,1802.41,true,41
OPP-000033,CUST-00358,CUST-00358,Mid-Market,REP-007,Renewal Uplift,12,2023-12-04,2024-02-13,2024-02-29,729.15,729.15,true,71
OPP-000034,CUST-01139,CUST-01139,SMB,REP-030,New Logo,1,2023-12-05,2024-01-15,2024-01-31,3300.84,275.07,true,41
OPP-000035,CUST-00661,CUST-00661,Mid-Market,REP-007,Renewal Uplift,12,2023-11-14,2024-02-19,2024-02-29,1010.62,1010.62,true,97
OPP-000036,CUST-01141,CUST-01141,SMB,REP-028,New Logo,1,2024-01-31,2024-02-20,2024-02-29,7168.51,597.38,true,20
OPP-000037,CUST-01279,CUST-01279,Mid-Market,REP-026,New Logo,12,2023-12-21,2024-02-20,2024-02-29,32049.88,32049.88,true,61
OPP-000038,CUST-01138,CUST-01138,SMB,REP-028,New Logo,12,2024-02-02,2024-02-22,2024-02-29,5882.43,5882.43,true,20
OPP-000039,CUST-01023,CUST-01023,Mid-Market,REP-026,Renewal Uplift,12,2023-11-27,2024-02-23,2024-02-29,1024.46,1024.46,true,88
OPP-000040,CUST-00440,CUST-00440,SMB,REP-005,Renewal Uplift,12,2023-12-16,2024-02-24,2024-02-29,218.23,218.23,true,70
OPP-000041,CUST-01133,CUST-01133,SMB,REP-028,New Logo,1,2024-02-03,2024-02-24,2024-02-29,11248.51,937.38,true,21
OPP-000042,CUST-01134,CUST-01134,SMB,REP-028,New Logo,1,2024-01-14,2024-02-24,2024-02-29,13352.13,1112.68,true,41
OPP-000043,CUST-01143,CUST-01143,SMB,REP-028,New Logo,1,2024-01-03,2024-01-24,2024-01-31,8141.72,678.48,true,21
OPP-000044,CUST-00359,CUST-00359,Mid-Market,REP-010,Renewal Uplift,12,2023-12-17,2024-01-25,2024-01-31,925.23,925.23,true,39
OPP-000045,CUST-01137,CUST-01137,SMB,REP-028,New Logo,12,2024-01-24,2024-02-25,2024-02-29,2784.29,2784.29,true,32
OPP-000046,CUST-01140,CUST-01140,SMB,REP-030,New Logo,1,2024-02-02,2024-02-25,2024-02-29,7668.82,639.07,true,23
OPP-000047,CUST-01027,CUST-01027,Mid-Market,REP-007,Renewal Uplift,12,2023-10-19,2024-02-26,2024-02-29,12460.24,12460.24,true,130
OPP-000048,CUST-00357,CUST-00357,Mid-Market,REP-023,Renewal Uplift,12,2024-01-11,2024-02-27,2024-02-29,2576.42,2576.42,true,47
OPP-000049,CUST-01142,CUST-01142,SMB,REP-028,New Logo,1,2024-01-22,2024-02-27,2024-02-29,3161.84,263.49,true,36
OPP-000050,CUST-00656,CUST-00656,Mid-Market,REP-010,Renewal Uplift,12,2024-01-23,2024-02-28,2024-02-29,1089.10,1089.10,true,36
OPP-000051,CUST-00769,CUST-00769,SMB,REP-030,Renewal Uplift,12,2023-12-18,2024-02-28,2024-02-29,107.13,107.13,true,72
OPP-000052,CUST-01323,CUST-01323,Enterprise,REP-014,New Logo,36,2023-09-23,2024-01-28,2024-01-31,149726.01,449178.03,true,127
OPP-000053,CUST-00054,CUST-00054,Mid-Market,REP-023,Expansion,12,2023-11-17,2024-01-29,2024-01-31,6624.01,6624.01,true,73
OPP-000054,CUST-00158,CUST-00158,Mid-Market,REP-023,Expansion,1,2024-02-04,2024-02-29,2024-02-29,6845.21,570.43,true,25
OPP-000055,CUST-00178,CUST-00178,Mid-Market,REP-032,Expansion,12,2023-10-20,2024-02-29,2024-02-29,3250.76,3250.76,true,132
OPP-000056,CUST-00322,CUST-00322,SMB,REP-030,Expansion,1,2023-12-15,2024-02-29,2024-02-29,801.76,66.81,true,76
OPP-000057,CUST-00361,CUST-00361,Mid-Market,REP-010,Expansion,12,2023-10-08,2024-02-29,2024-02-29,3642.42,3642.42,true,144
OPP-000058,CUST-00362,CUST-00362,Mid-Market,REP-007,Expansion,12,2024-01-05,2024-02-29,2024-02-29,8505.04,8505.04,true,55
OPP-000059,CUST-00398,CUST-00398,Mid-Market,REP-032,Expansion,12,2024-01-20,2024-02-29,2024-02-29,11415.65,11415.65,true,40
OPP-000060,CUST-00403,CUST-00403,Mid-Market,REP-026,Expansion,12,2023-12-23,2024-02-29,2024-02-29,80078.47,80078.47,true,68
OPP-000061,CUST-00630,CUST-00630,SMB,REP-031,Expansion,1,2024-02-04,2024-02-29,2024-02-29,3137.39,261.45,true,25
OPP-000062,CUST-00653,CUST-00653,Mid-Market,REP-007,Expansion,12,2023-12-12,2024-01-29,2024-01-31,6894.04,6894.04,true,48
OPP-000063,CUST-00655,CUST-00655,Mid-Market,REP-023,Expansion,1,2024-02-18,2024-02-29,2024-02-29,5722.28,476.86,true,11
OPP-000064,CUST-00678,CUST-00678,Mid-Market,REP-010,Expansion,12,2023-08-17,2024-01-29,2024-01-31,11360.20,11360.20,true,165
OPP-000065,CUST-00684,CUST-00684,Mid-Market,REP-032,Expansion,12,2023-12-09,2024-02-29,2024-02-29,7719.26,7719.26,true,82
OPP-000066,CUST-00687,CUST-00687,Mid-Market,REP-018,Expansion,24,2023-12-14,2024-02-29,2024-02-29,1526.63,3053.26,true,77
OPP-000067,CUST-00691,CUST-00691,Mid-Market,REP-032,Expansion,12,2024-01-20,2024-02-29,2024-02-29,10976.11,10976.11,true,40
OPP-000068,CUST-00763,CUST-00763,SMB,REP-030,Expansion,1,2024-02-05,2024-02-29,2024-02-29,3566.23,297.19,true,24
OPP-000069,CUST-00782,CUST-00782,SMB,REP-031,Expansion,1,2024-01-15,2024-01-29,2024-01-31,6408.74,534.06,true,14
OPP-000070,CUST-00824,CUST-00824,SMB,REP-005,Expansion,12,2024-02-09,2024-02-29,2024-02-29,3794.50,3794.50,true,20
OPP-000071,CUST-00877,CUST-00877,SMB,REP-005,Expansion,12,2024-01-14,2024-01-29,2024-01-31,744.70,744.70,true,15
OPP-000072,CUST-01006,CUST-01006,SMB,REP-030,Expansion,1,2024-01-25,2024-02-29,2024-02-29,645.59,53.80,true,35
OPP-000073,CUST-01045,CUST-01045,Mid-Market,REP-032,Expansion,12,2023-12-18,2024-02-29,2024-02-29,18629.73,18629.73,true,73
OPP-000074,CUST-01055,CUST-01055,Mid-Market,REP-023,Expansion,12,2023-10-27,2024-02-29,2024-02-29,33107.00,33107.00,true,125
OPP-000075,CUST-00455,CUST-00455,SMB,REP-028,Renewal Uplift,12,2024-01-24,2024-02-01,2024-02-29,640.63,640.63,true,8
OPP-000076,CUST-01106,CUST-01106,Enterprise,REP-029,Renewal Uplift,12,2023-11-20,2024-03-01,2024-03-31,5162.21,5162.21,true,102
OPP-000077,CUST-01157,CUST-01157,SMB,REP-034,New Logo,1,2024-01-13,2024-03-03,2024-03-31,8738.86,728.24,true,50
OPP-000078,CUST-01154,CUST-01154,SMB,REP-031,New Logo,1,2024-01-31,2024-03-04,2024-03-31,7381.46,615.12,true,33
OPP-000079,CUST-00663,CUST-00663,Mid-Market,REP-032,Renewal Uplift,24,2023-12-18,2024-03-08,2024-03-31,1679.81,3359.62,true,81
OPP-000080,CUST-00790,CUST-00790,SMB,REP-030,Renewal Uplift,12,2024-02-20,2024-03-08,2024-03-31,357.25,357.25,true,17
OPP-000081,CUST-01285,CUST-01285,Mid-Market,REP-018,New Logo,12,2023-12-24,2024-03-09,2024-03-31,32476.68,32476.68,true,76
OPP-000082,CUST-00224,CUST-00224,SMB,REP-030,Renewal Uplift,12,2024-02-14,2024-03-10,2024-03-31,98.11,98.11,true,25
OPP-000083,CUST-00800,CUST-00800,SMB,REP-030,Renewal Uplift,12,2024-02-29,2024-03-10,2024-03-31,630.72,630.72,true,10
OPP-000084,CUST-00362,CUST-00362,Mid-Market,REP-007,Renewal Uplift,12,2023-11-30,2024-03-11,2024-03-31,1672.83,1672.83,true,102
OPP-000085,CUST-00465,CUST-00465,SMB,REP-031,Renewal Uplift,12,2024-02-13,2024-03-11,2024-03-31,253.22,253.22,true,27
OPP-000086,CUST-01029,CUST-01029,Mid-Market,REP-023,Renewal Uplift,12,2023-11-21,2024-02-11,2024-02-29,1089.30,1089.30,true,82
OPP-000087,CUST-00668,CUST-00668,Mid-Market,REP-026,Renewal Uplift,12,2024-01-11,2024-02-13,2024-02-29,1297.56,1297.56,true,33
OPP-000088,CUST-00667,CUST-00667,Mid-Market,REP-026,Renewal Uplift,12,2024-02-22,2024-03-15,2024-03-31,851.24,851.24,true,22
OPP-000089,CUST-01149,CUST-01149,SMB,REP-030,New Logo,1,2024-02-14,2024-03-17,2024-03-31,7507.29,625.61,true,32
OPP-000090,CUST-01160,CUST-01160,SMB,REP-005,New Logo,1,2024-01-31,2024-02-18,2024-02-29,10863.51,905.29,true,18
OPP-000091,CUST-01036,CUST-01036,Mid-Market,REP-032,Renewal Uplift,12,2023-10-09,2024-03-19,2024-03-31,3236.72,3236.72,true,162
OPP-000092,CUST-01161,CUST-01161,SMB,REP-028,New Logo,1,2024-01-23,2024-02-19,2024-02-29,5761.71,480.14,true,27
OPP-000093,CUST-00164,CUST-00164,Mid-Market,REP-032,Renewal Uplift,12,2024-01-04,2024-02-20,2024-02-29,807.33,807.33,true,47
OPP-000094,CUST-01324,CUST-01324,Enterprise,REP-033,New Logo,36,2023-11-11,2024-03-21,2024-03-31,432632.39,1297897.17,true,131
OPP-000095,CUST-00227,CUST-00227,SMB,REP-030,Renewal Uplift,12,2024-01-22,2024-02-22,2024-02-29,153.56,153.56,true,31
OPP-000096,CUST-01146,CUST-01146,SMB,REP-030,New Logo,12,2024-01-28,2024-02-25,2024-02-29,9757.80,9757.80,true,28
OPP-000097,CUST-00161,CUST-00161,Mid-Market,REP-032,Renewal Uplift,12,2024-01-29,2024-03-26,2024-03-31,538.19,538.19,true,57
OPP-000098,CUST-01153,CUST-01153,SMB,REP-031,New Logo,1,2024-03-11,2024-03-26,2024-03-31,18490.21,1540.85,true,15
OPP-000099,CUST-01159,CUST-01159,SMB,REP-034,New Logo,1,2024-01-20,2024-03-26,2024-03-31,2650.06,220.84,true,66
OPP-000100,CUST-00226,CUST-00226,SMB,REP-030,Renewal Uplift,12,2024-03-13,2024-03-27,2024-03-31,130.36,130.36,true,14
OPP-000101,CUST-01105,CUST-01105,Enterprise,REP-033,Renewal Uplift,12,2023-08-19,2024-03-27,2024-03-31,4317.99,4317.99,true,221
OPP-000102,CUST-01147,CUST-01147,SMB,REP-005,New Logo,1,2024-02-25,2024-03-27,2024-03-31,5157.46,429.79,true,31
OPP-000103,CUST-01148,CUST-01148,SMB,REP-030,New Logo,1,2024-02-11,2024-03-27,2024-03-31,9906.93,825.58,true,45
OPP-000104,CUST-01156,CUST-01156,SMB,REP-031,New Logo,12,2024-03-12,2024-03-27,2024-03-31,5390.45,5390.45,true,15
OPP-000105,CUST-01158,CUST-01158,SMB,REP-030,New Logo,1,2024-02-22,2024-03-27,2024-03-31,2341.37,195.11,true,34
OPP-000106,CUST-00075,CUST-00075,SMB,REP-035,Renewal Uplift,12,2024-01-08,2024-02-28,2024-02-29,234.04,234.04,true,51
OPP-000107,CUST-00461,CUST-00461,SMB,REP-005,Renewal Uplift,12,2024-03-10,2024-03-28,2024-03-31,57.27,57.27,true,18
OPP-000108,CUST-00665,CUST-00665,Mid-Market,REP-032,Renewal Uplift,12,2024-01-24,2024-02-28,2024-02-29,2026.81,2026.81,true,35
OPP-000109,CUST-00727,CUST-00727,Enterprise,REP-029,Renewal Uplift,12,2024-01-16,2024-03-28,2024-03-31,8736.40,8736.40,true,72
OPP-000110,CUST-01144,CUST-01144,SMB,REP-005,New Logo,1,2024-03-07,2024-03-28,2024-03-31,1267.76,105.65,true,21
OPP-000111,CUST-01151,CUST-01151,SMB,REP-034,New Logo,12,2024-03-14,2024-03-28,2024-03-31,2812.26,2812.26,true,14
OPP-000112,CUST-01283,CUST-01283,Mid-Market,REP-026,New Logo,12,2024-02-12,2024-03-28,2024-03-31,15651.82,15651.82,true,45
OPP-000113,CUST-00361,CUST-00361,Mid-Market,REP-023,Renewal Uplift,12,2024-02-16,2024-03-29,2024-03-31,1419.47,1419.47,true,42
OPP-000114,CUST-00469,CUST-00469,SMB,REP-005,Renewal Uplift,12,2024-02-22,2024-03-29,2024-03-31,63.79,63.79,true,36
OPP-000115,CUST-01145,CUST-01145,SMB,REP-030,New Logo,1,2024-03-09,2024-03-29,2024-03-31,4624.49,385.37,true,20
OPP-000116,CUST-01150,CUST-01150,SMB,REP-031,New Logo,1,2024-02-12,2024-03-29,2024-03-31,10450.20,870.85,true,46
OPP-000117,CUST-01286,CUST-01286,Mid-Market,REP-007,New Logo,12,2024-02-23,2024-03-29,2024-03-31,21631.59,21631.59,true,35
OPP-000118,CUST-00788,CUST-00788,SMB,REP-030,Renewal Uplift,12,2023-12-13,2024-01-30,2024-01-31,172.91,172.91,true,48
OPP-000119,CUST-01152,CUST-01152,SMB,REP-005,New Logo,1,2024-01-22,2024-01-30,2024-01-31,15348.98,1279.08,true,8
OPP-000120,CUST-01287,CUST-01287,Mid-Market,REP-032,New Logo,12,2023-11-26,2024-01-30,2024-01-31,16695.10,16695.10,true,65
OPP-000121,CUST-00246,CUST-00246,SMB,REP-031,Expansion,1,2024-03-04,2024-03-31,2024-03-31,818.52,68.21,true,27
OPP-000122,CUST-00390,CUST-00390,Mid-Market,REP-023,Expansion,1,2024-02-06,2024-03-31,2024-03-31,14858.23,1238.19,true,54
OPP-000123,CUST-00397,CUST-00397,Mid-Market,REP-023,Expansion,36,2023-09-22,2024-03-31,2024-03-31,6664.02,19992.06,true,191
OPP-000124,CUST-00412,CUST-00412,Enterprise,REP-033,Expansion,36,2023-08-04,2024-03-31,2024-03-31,18633.56,55900.68,true,240
OPP-000125,CUST-00475,CUST-00475,SMB,REP-030,Renewal Uplift,12,2024-03-04,2024-03-31,2024-03-31,221.44,221.44,true,27
OPP-000126,CUST-00677,CUST-00677,Mid-Market,REP-018,Expansion,12,2024-03-02,2024-03-31,2024-03-31,22020.27,22020.27,true,29
OPP-000127,CUST-00678,CUST-00678,Mid-Market,REP-018,Expansion,12,2023-12-01,2024-03-31,2024-03-31,13029.90,13029.90,true,121
OPP-000128,CUST-00685,CUST-00685,Mid-Market,REP-026,Expansion,12,2023-11-13,2024-03-31,2024-03-31,4069.79,4069.79,true,139
OPP-000129,CUST-00706,CUST-00706,Mid-Market,REP-010,Expansion,12,2024-01-16,2024-02-29,2024-02-29,14449.03,14449.03,true,44
OPP-000130,CUST-00734,CUST-00734,Enterprise,REP-033,Expansion,24,2023-12-29,2024-02-29,2024-02-29,19055.47,38110.94,true,62
OPP-000131,CUST-00834,CUST-00834,SMB,REP-030,Expansion,1,2024-03-09,2024-03-31,2024-03-31,4379.93,364.99,true,22
OPP-000132,CUST-00883,CUST-00883,SMB,REP-031,Expansion,1,2024-03-04,2024-03-31,2024-03-31,2401.55,200.13,true,27
OPP-000133,CUST-00971,CUST-00971,SMB,REP-031,Expansion,12,2024-02-25,2024-03-31,2024-03-31,1905.04,1905.04,true,35
OPP-000134,CUST-01006,CUST-01006,SMB,REP-031,Expansion,1,2024-03-09,2024-03-31,2024-03-31,7488.86,624.07,true,22
OPP-000135,CUST-01018,CUST-01018,Mid-Market,REP-023,Expansion,12,2024-01-01,2024-02-29,2024-02-29,17157.03,17157.03,true,59
OPP-000136,CUST-01029,CUST-01029,Mid-Market,REP-023,Expansion,12,2024-03-07,2024-03-31,2024-03-31,4010.63,4010.63,true,24
OPP-000137,CUST-01031,CUST-01031,Mid-Market,REP-023,Expansion,12,2024-01-17,2024-02-29,2024-02-29,8399.19,8399.19,true,43
OPP-000138,CUST-01075,CUST-01075,Mid-Market,REP-032,Expansion,12,2024-02-18,2024-03-31,2024-03-31,5727.19,5727.19,true,42
OPP-000139,CUST-01079,CUST-01079,Mid-Market,REP-032,Expansion,12,2024-02-27,2024-03-31,2024-03-31,11066.84,11066.84,true,33
OPP-000140,CUST-01081,CUST-01081,Mid-Market,REP-023,Expansion,12,2024-02-19,2024-03-31,2024-03-31,18742.69,18742.69,true,41
OPP-000141,CUST-01107,CUST-01107,Enterprise,REP-014,Expansion,36,2023-09-21,2024-02-29,2024-02-29,33780.03,101340.09,true,161
OPP-000142,CUST-01117,CUST-01117,Enterprise,REP-029,Expansion,24,2023-10-17,2024-02-29,2024-02-29,30738.44,61476.88,true,135
OPP-000143,CUST-01155,CUST-01155,SMB,REP-005,New Logo,1,2024-02-14,2024-03-31,2024-03-31,3830.31,319.19,true,46
OPP-000144,CUST-01284,CUST-01284,Mid-Market,REP-032,New Logo,12,2024-01-09,2024-03-31,2024-03-31,15817.97,15817.97,true,82
OPP-000145,CUST-01324,CUST-01324,Enterprise,REP-029,Expansion,36,2023-10-28,2024-03-31,2024-03-31,157047.89,471143.67,true,155
OPP-000146,CUST-00822,CUST-00822,SMB,REP-030,Renewal Uplift,12,2024-03-13,2024-04-01,2024-04-30,170.60,170.60,true,19
OPP-000147,CUST-01169,CUST-01169,SMB,REP-034,New Logo,12,2024-02-23,2024-03-01,2024-03-31,7443.29,7443.29,true,7
OPP-000148,CUST-01163,CUST-01163,SMB,REP-031,New Logo,1,2024-02-18,2024-03-02,2024-03-31,5946.18,495.52,true,13
OPP-000149,CUST-00824,CUST-00824,SMB,REP-031,Renewal Uplift,12,2024-03-21,2024-04-05,2024-04-30,312.10,312.10,true,15
OPP-000150,CUST-01167,CUST-01167,SMB,REP-034,New Logo,1,2024-03-07,2024-04-07,2024-04-30,3034.13,252.84,true,31
OPP-000151,CUST-00829,CUST-00829,SMB,REP-031,Renewal Uplift,12,2024-03-23,2024-04-11,2024-04-30,718.68,718.68,true,19
OPP-000152,CUST-01325,CUST-01325,Enterprise,REP-029,New Logo,24,2024-02-01,2024-04-15,2024-04-30,99911.96,199823.92,true,74
OPP-000153,CUST-01162,CUST-01162,SMB,REP-031,New Logo,12,2024-04-08,2024-04-17,2024-04-30,3648.73,3648.73,true,9
OPP-000154,CUST-01168,CUST-01168,SMB,REP-031,New Logo,12,2024-03-26,2024-04-19,2024-04-30,3872.15,3872.15,true,24
OPP-000155,CUST-00165,CUST-00165,Mid-Market,REP-023,Renewal Uplift,12,2023-12-19,2024-04-20,2024-04-30,1343.50,1343.50,true,123
OPP-000156,CUST-00236,CUST-00236,SMB,REP-030,Renewal Uplift,12,2024-04-03,2024-04-21,2024-04-30,60.01,60.01,true,18
OPP-000157,CUST-00827,CUST-00827,SMB,REP-031,Renewal Uplift,12,2024-03-01,2024-03-22,2024-03-31,269.74,269.74,true,21
OPP-000158,CUST-00672,CUST-00672,Mid-Market,REP-026,Renewal Uplift,12,2024-03-26,2024-04-24,2024-04-30,842.95,842.95,true,29
OPP-000159,CUST-00485,CUST-00485,SMB,REP-034,Renewal Uplift,12,2024-03-11,2024-03-25,2024-03-31,357.03,357.03,true,14
OPP-000160,,ACCT-P-000160,Mid-Market,REP-010,New Logo,12,2024-02-15,2024-04-25,2024-04-30,10816.12,10816.12,false,70
OPP-000161,CUST-01290,CUST-01290,Mid-Market,REP-007,New Logo,36,2024-01-25,2024-04-25,2024-04-30,44183.91,132551.73,true,91
OPP-000162,CUST-00483,CUST-00483,SMB,REP-034,Renewal Uplift,12,2024-03-16,2024-03-26,2024-03-31,181.07,181.07,true,10
OPP-000163,CUST-00823,CUST-00823,SMB,REP-030,Renewal Uplift,12,2024-03-26,2024-04-26,2024-04-30,267.67,267.67,true,31
OPP-000164,CUST-01165,CUST-01165,SMB,REP-036,New Logo,1,2024-03-18,2024-04-26,2024-04-30,4023.83,335.32,true,39
OPP-000165,CUST-01172,CUST-01172,SMB,REP-031,New Logo,1,2024-03-27,2024-04-26,2024-04-30,2007.56,167.30,true,30
OPP-000166,CUST-00492,CUST-00492,SMB,REP-031,Renewal Uplift,12,2024-02-25,2024-03-27,2024-03-31,164.38,164.38,true,31
OPP-000167,CUST-00673,CUST-00673,Mid-Market,REP-007,Renewal Uplift,12,2024-01-21,2024-02-28,2024-02-29,2692.19,2692.19,true,38
OPP-000168,CUST-00674,CUST-00674,Mid-Market,REP-032,Renewal Uplift,12,2024-03-07,2024-04-28,2024-04-30,2647.33,2647.33,true,52
OPP-000169,CUST-01170,CUST-01170,SMB,REP-005,New Logo,1,2023-11-17,2024-02-28,2024-02-29,3743.80,311.98,true,103
OPP-000170,CUST-01288,CUST-01288,Mid-Market,REP-032,New Logo,12,2024-03-10,2024-04-28,2024-04-30,11204.09,11204.09,true,49
OPP-000171,CUST-00488,CUST-00488,SMB,REP-035,Renewal Uplift,12,2024-03-01,2024-03-29,2024-03-31,195.66,195.66,true,28
OPP-000172,CUST-00054,CUST-00054,Mid-Market,REP-018,Expansion,12,2023-08-02,2024-03-30,2024-03-31,6123.63,6123.63,true,241
OPP-000173,CUST-00055,CUST-00055,Mid-Market,REP-026,Expansion,12,2023-11-29,2024-02-29,2024-02-29,26384.02,26384.02,true,92
OPP-000174,CUST-00176,CUST-00176,Mid-Market,REP-026,Expansion,12,2024-01-30,2024-04-30,2024-04-30,6257.34,6257.34,true,91
OPP-000175,CUST-00378,CUST-00378,Mid-Market,REP-032,Expansion,12,2023-12-23,2024-02-29,2024-02-29,10458.73,10458.73,true,68
OPP-000176,CUST-00382,CUST-00382,Mid-Market,REP-007,Expansion,12,2024-02-05,2024-04-30,2024-04-30,7684.90,7684.90,true,85
OPP-000177,CUST-00385,CUST-00385,Mid-Market,REP-023,Expansion,12,2024-02-29,2024-04-30,2024-04-30,7451.05,7451.05,true,61
OPP-000178,CUST-00609,CUST-00609,SMB,REP-031,Expansion,1,2024-02-13,2024-02-29,2024-02-29,4358.09,363.17,true,16
OPP-000179,CUST-00716,CUST-00716,Mid-Market,REP-023,Expansion,12,2024-02-17,2024-03-30,2024-03-31,35232.08,35232.08,true,42
OPP-000180,CUST-00728,CUST-00728,Enterprise,REP-029,Expansion,24,2023-09-01,2024-04-30,2024-04-30,6006.16,12012.32,true,242
OPP-000181,CUST-00735,CUST-00735,Enterprise,REP-014,Expansion,24,2023-09-20,2024-04-30,2024-04-30,26972.12,53944.24,true,223
OPP-000182,CUST-00735,CUST-00735,Enterprise,REP-033,Expansion,24,2023-08-01,2024-03-30,2024-03-31,51606.67,103213.34,true,242
OPP-000183,CUST-00736,CUST-00736,Enterprise,REP-029,Expansion,12,2023-11-03,2024-04-30,2024-04-30,69969.34,69969.34,true,179
OPP-000184,CUST-00872,CUST-00872,SMB,REP-034,Expansion,1,2024-04-18,2024-04-30,2024-04-30,1052.43,87.70,true,12
OPP-000185,CUST-00879,CUST-00879,SMB,REP-031,Expansion,1,2024-04-03,2024-04-30,2024-04-30,4332.08,361.01,true,27
OPP-000186,CUST-01028,CUST-01028,Mid-Market,REP-010,Expansion,12,2024-02-24,2024-04-30,2024-04-30,3159.70,3159.70,true,66
OPP-000187,CUST-01069,CUST-01069,Mid-Market,REP-023,Expansion,12,2024-03-06,2024-04-30,2024-04-30,1445.68,1445.68,true,55
OPP-000188,CUST-01086,CUST-01086,Mid-Market,REP-023,Expansion,12,2024-01-16,2024-04-30,2024-04-30,33088.41,33088.41,true,105
OPP-000189,CUST-01090,CUST-01090,Mid-Market,REP-032,Expansion,12,2024-03-13,2024-04-30,2024-04-30,13223.12,13223.12,true,48
OPP-000190,CUST-01118,CUST-01118,Enterprise,REP-029,Expansion,36,2024-02-10,2024-04-30,2024-04-30,13008.28,39024.83,true,80
OPP-000191,CUST-01164,CUST-01164,SMB,REP-030,New Logo,1,2024-04-10,2024-04-30,2024-04-30,3695.72,307.98,true,20
OPP-000192,CUST-01166,CUST-01166,SMB,REP-031,New Logo,1,2024-03-23,2024-04-30,2024-04-30,4682.36,390.20,true,38
OPP-000193,CUST-01171,CUST-01171,SMB,REP-037,New Logo,1,2024-04-10,2024-04-30,2024-04-30,8250.72,687.56,true,20
OPP-000194,CUST-01279,CUST-01279,Mid-Market,REP-010,Expansion,12,2024-03-11,2024-04-30,2024-04-30,59826.45,59826.45,true,50
OPP-000195,CUST-01322,CUST-01322,Enterprise,REP-033,Expansion,36,2024-01-29,2024-04-30,2024-04-30,94008.43,282025.29,true,92
OPP-000196,CUST-01323,CUST-01323,Enterprise,REP-029,Expansion,36,2024-02-03,2024-03-30,2024-03-31,4478.99,13436.97,true,56
OPP-000197,CUST-00255,CUST-00255,SMB,REP-031,Renewal Uplift,12,2024-02-26,2024-05-01,2024-05-31,86.22,86.22,true,65
OPP-000198,CUST-00835,CUST-00835,SMB,REP-036,Renewal Uplift,12,2024-02-10,2024-05-01,2024-05-31,341.93,341.93,true,81
OPP-000199,CUST-00847,CUST-00847,SMB,REP-030,Renewal Uplift,12,2024-04-08,2024-05-01,2024-05-31,165.60,165.60,true,23
OPP-000200,,ACCT-P-000200,SMB,REP-031,New Logo,1,2024-04-03,2024-05-01,2024-05-31,9235.32,769.61,false,28
OPP-000201,CUST-00838,CUST-00838,SMB,REP-031,Renewal Uplift,12,2024-03-19,2024-05-03,2024-05-31,279.68,279.68,true,45
OPP-000202,CUST-01178,CUST-01178,SMB,REP-035,New Logo,1,2024-03-30,2024-05-03,2024-05-31,7533.64,627.80,true,34
OPP-000203,CUST-01293,CUST-01293,Mid-Market,REP-026,New Logo,24,2024-04-07,2024-05-05,2024-05-31,40314.72,80629.44,true,28
OPP-000204,CUST-01182,CUST-01182,SMB,REP-031,New Logo,1,2024-04-01,2024-05-08,2024-05-31,13042.68,1086.89,true,37
OPP-000205,CUST-01176,CUST-01176,SMB,REP-030,New Logo,1,2024-03-20,2024-05-10,2024-05-31,2100.85,175.07,true,51
OPP-000206,CUST-00049,CUST-00049,Mid-Market,REP-018,Renewal Uplift,24,2024-01-07,2024-04-13,2024-04-30,499.70,999.40,true,97
OPP-000207,CUST-00500,CUST-00500,SMB,REP-034,Renewal Uplift,12,2024-03-12,2024-04-14,2024-04-30,147.85,147.85,true,33
OPP-000208,CUST-01326,CUST-01326,Enterprise,REP-029,New Logo,24,2024-01-25,2024-05-14,2024-05-31,180761.79,361523.58,true,110
OPP-000209,CUST-00844,CUST-00844,SMB,REP-030,Renewal Uplift,12,2024-04-05,2024-05-15,2024-05-31,500.97,500.97,true,40
OPP-000210,CUST-01181,CUST-01181,SMB,REP-030,New Logo,12,2024-03-29,2024-05-17,2024-05-31,21812.88,21812.88,true,49
OPP-000211,CUST-01174,CUST-01174,SMB,REP-034,New Logo,12,2024-02-25,2024-03-18,2024-03-31,3186.98,3186.98,true,22
OPP-000212,CUST-01292,CUST-01292,Mid-Market,REP-007,New Logo,12,2024-03-30,2024-05-20,2024-05-31,41263.23,41263.23,true,51
OPP-000213,CUST-00095,CUST-00095,SMB,REP-005,Renewal Uplift,12,2024-04-09,2024-04-23,2024-04-30,382.01,382.01,true,14
OPP-000214,CUST-00373,CUST-00373,Mid-Market,REP-023,Renewal Uplift,12,2024-04-11,2024-05-26,2024-05-31,679.01,679.01,true,45
OPP-000215,CUST-01179,CUST-01179,SMB,REP-030,New Logo,1,2024-04-12,2024-04-26,2024-04-30,13249.25,1104.10,true,14
OPP-000216,CUST-00374,CUST-00374,Mid-Market,REP-023,Renewal Uplift,12,2024-02-26,2024-05-27,2024-05-31,458.85,458.85,true,91
OPP-000217,CUST-01291,CUST-01291,Mid-Market,REP-007,New Logo,12,2024-03-28,2024-04-27,2024-04-30,13596.75,13596.75,true,30
OPP-000218,CUST-00248,CUST-00248,SMB,REP-031,Renewal Uplift,12,2024-05-04,2024-05-28,2024-05-31,83.96,83.96,true,24
OPP-000219,CUST-00253,CUST-00253,SMB,REP-036,Renewal Uplift,12,2024-04-25,2024-05-28,2024-05-31,194.67,194.67,true,33
OPP-000220,CUST-00677,CUST-00677,Mid-Market,REP-026,Renewal Uplift,12,2024-02-29,2024-05-28,2024-05-31,2455.13,2455.13,true,89
OPP-000221,CUST-00842,CUST-00842,SMB,REP-030,Renewal Uplift,12,2024-05-03,2024-05-28,2024-05-31,142.96,142.96,true,25
OPP-000222,CUST-01175,CUST-01175,SMB,REP-005,New Logo,1,2024-01-19,2024-04-28,2024-04-30,6913.53,576.13,true,100
OPP-000223,CUST-01180,CUST-01180,SMB,REP-031,New Logo,12,2024-04-25,2024-05-29,2024-05-31,8091.20,8091.20,true,34
OPP-000224,CUST-01177,CUST-01177,SMB,REP-031,New Logo,12,2024-05-17,2024-05-30,2024-05-31,6332.95,6332.95,true,13
OPP-000225,CUST-00188,CUST-00188,Mid-Market,REP-032,Expansion,12,2024-05-14,2024-05-31,2024-05-31,6576.47,6576.47,true,17
OPP-000226,CUST-00293,CUST-00293,SMB,REP-031,Expansion,1,2024-05-24,2024-05-31,2024-05-31,676.86,56.41,true,7
OPP-000227,CUST-00404,CUST-00404,Mid-Market,REP-007,Expansion,12,2024-03-15,2024-04-30,2024-04-30,5265.47,5265.47,true,46
OPP-000228,CUST-00679,CUST-00679,Mid-Market,REP-032,Renewal Uplift,12,2023-10-20,2024-04-30,2024-04-30,2008.48,2008.48,true,193
OPP-000229,CUST-00706,CUST-00706,Mid-Market,REP-010,Expansion,12,2024-02-06,2024-04-30,2024-04-30,8143.48,8143.48,true,84
OPP-000230,CUST-00715,CUST-00715,Mid-Market,REP-007,Expansion,12,2024-02-14,2024-05-31,2024-05-31,7878.48,7878.48,true,107
OPP-000231,CUST-00720,CUST-00720,Mid-Market,REP-026,Expansion,12,2024-03-18,2024-04-30,2024-04-30,9773.46,9773.46,true,43
OPP-000232,CUST-00837,CUST-00837,SMB,REP-030,Renewal Uplift,12,2024-05-12,2024-05-31,2024-05-31,145.47,145.47,true,19
OPP-000233,CUST-00890,CUST-00890,SMB,REP-030,Expansion,1,2024-05-19,2024-05-31,2024-05-31,824.88,68.74,true,12
OPP-000234,CUST-01021,CUST-01021,Mid-Market,REP-032,Expansion,12,2024-04-14,2024-05-31,2024-05-31,33762.89,33762.89,true,47
OPP-000235,CUST-01026,CUST-01026,Mid-Market,REP-026,Expansion,12,2024-05-02,2024-05-31,2024-05-31,20479.28,20479.28,true,29
OPP-000236,CUST-01066,CUST-01066,Mid-Market,REP-026,Expansion,12,2024-04-21,2024-05-31,2024-05-31,11018.05,11018.05,true,40
OPP-000237,CUST-01067,CUST-01067,Mid-Market,REP-010,Expansion,12,2024-03-28,2024-05-31,2024-05-31,7474.65,7474.65,true,64
OPP-000238,CUST-01092,CUST-01092,Mid-Market,REP-026,Expansion,24,2024-04-14,2024-05-31,2024-05-31,4925.26,9850.52,true,47
OPP-000239,CUST-01097,CUST-01097,Mid-Market,REP-023,Expansion,12,2024-01-13,2024-05-31,2024-05-31,14458.15,14458.15,true,139
OPP-000240,CUST-01111,CUST-01111,Enterprise,REP-014,Expansion,12,2023-12-09,2024-04-30,2024-04-30,68119.32,68119.32,true,143
OPP-000241,CUST-01183,CUST-01183,SMB,REP-030,New Logo,1,2024-05-26,2024-05-31,2024-05-31,11252.68,937.72,true,5
OPP-000242,CUST-00100,CUST-00100,SMB,REP-035,Renewal Uplift,24,2024-05-18,2024-06-02,2024-06-30,142.90,285.80,true,15
OPP-000243,CUST-00270,CUST-00270,SMB,REP-030,Renewal Uplift,12,2024-04-17,2024-05-04,2024-05-31,86.28,86.28,true,17
OPP-000244,CUST-00857,CUST-00857,SMB,REP-038,Renewal Uplift,12,2024-05-02,2024-06-04,2024-06-30,119.02,119.02,true,33
OPP-000245,CUST-01110,CUST-01110,Enterprise,REP-029,Renewal Uplift,12,2024-02-06,2024-06-04,2024-06-30,7165.97,7165.97,true,119
OPP-000246,CUST-01295,CUST-01295,Mid-Market,REP-026,New Logo,12,2024-03-07,2024-05-04,2024-05-31,24683.73,24683.73,true,58
OPP-000247,CUST-01327,CUST-01327,Enterprise,REP-029,New Logo,12,2023-12-18,2024-05-06,2024-05-31,225501.43,225501.43,true,140
OPP-000248,CUST-01193,CUST-01193,SMB,REP-031,New Logo,1,2024-05-01,2024-06-07,2024-06-30,7930.56,660.88,true,37
OPP-000249,CUST-01194,CUST-01194,SMB,REP-030,New Logo,12,2024-04-28,2024-06-08,2024-06-30,3224.82,3224.82,true,41
OPP-000250,CUST-00375,CUST-00375,Mid-Market,REP-010,Renewal Uplift,12,2024-03-13,2024-06-09,2024-06-30,2004.41,2004.41,true,88
OPP-000251,CUST-01055,CUST-01055,Mid-Market,REP-023,Renewal Uplift,12,2024-03-20,2024-06-09,2024-06-30,2512.89,2512.89,true,81
OPP-000252,CUST-00377,CUST-00377,Mid-Market,REP-023,Renewal Uplift,12,2024-04-21,2024-06-10,2024-06-30,295.19,295.19,true,50
OPP-000253,CUST-01187,CUST-01187,SMB,REP-036,New Logo,1,2024-04-19,2024-05-11,2024-05-31,5451.23,454.27,true,22
OPP-000254,CUST-00866,CUST-00866,SMB,REP-031,Renewal Uplift,12,2024-05-01,2024-06-13,2024-06-30,304.30,304.30,true,43
OPP-000255,,ACCT-P-000255,SMB,REP-030,New Logo,12,2024-04-15,2024-05-13,2024-05-31,9831.64,9831.64,false,28
OPP-000256,CUST-01054,CUST-01054,Mid-Market,REP-007,Renewal Uplift,12,2024-04-06,2024-06-14,2024-06-30,7173.12,7173.12,true,69
OPP-000257,CUST-01189,CUST-01189,SMB,REP-031,New Logo,12,2024-06-15,2024-06-20,2024-06-30,1240.52,1240.52,true,5
OPP-000258,CUST-00858,CUST-00858,SMB,REP-030,Renewal Uplift,12,2024-05-03,2024-05-21,2024-05-31,156.47,156.47,true,18
OPP-000259,CUST-01185,CUST-01185,SMB,REP-030,New Logo,1,2024-02-28,2024-06-25,2024-06-30,3135.44,261.29,true,118
OPP-000260,CUST-01196,CUST-01196,SMB,REP-037,New Logo,12,2024-05-30,2024-06-25,2024-06-30,11988.81,11988.81,true,26
OPP-000261,CUST-01294,CUST-01294,Mid-Market,REP-032,New Logo,12,2024-05-01,2024-06-25,2024-06-30,22809.82,22809.82,true,55
OPP-000262,CUST-01296,CUST-01296,Mid-Market,REP-018,New Logo,1,2024-04-18,2024-06-25,2024-06-30,14988.29,1249.02,true,68
OPP-000263,CUST-00170,CUST-00170,Mid-Market,REP-039,Renewal Uplift,12,2024-04-11,2024-06-26,2024-06-30,1027.56,1027.56,true,76
OPP-000264,CUST-01186,CUST-01186,SMB,REP-031,New Logo,12,2024-05-09,2024-05-26,2024-05-31,24243.94,24243.94,true,17
OPP-000265,CUST-01190,CUST-01190,SMB,REP-030,New Logo,1,2024-05-28,2024-06-26,2024-06-30,14205.03,1183.75,true,29
OPP-000266,CUST-01191,CUST-01191,SMB,REP-031,New Logo,12,2024-03-04,2024-06-26,2024-06-30,9409.47,9409.47,true,114
OPP-000267,CUST-00020,CUST-00020,SMB,REP-037,Renewal Uplift,12,2024-06-22,2024-06-27,2024-06-30,252.82,252.82,true,5
OPP-000268,CUST-00863,CUST-00863,SMB,REP-030,Renewal Uplift,12,2024-03-29,2024-06-27,2024-06-30,169.05,169.05,true,90
OPP-000269,CUST-00099,CUST-00099,SMB,REP-035,Renewal Uplift,12,2024-05-11,2024-05-28,2024-05-31,148.94,148.94,true,17
OPP-000270,CUST-00378,CUST-00378,Mid-Market,REP-032,Renewal Uplift,12,2024-02-07,2024-05-28,2024-05-31,1976.72,1976.72,true,111
OPP-000271,CUST-00851,CUST-00851,SMB,REP-037,Renewal Uplift,12,2024-06-01,2024-06-28,2024-06-30,430.91,430.91,true,27
OPP-000272,CUST-01188,CUST-01188,SMB,REP-030,New Logo,1,2024-03-23,2024-05-28,2024-05-31,9338.72,778.23,true,66
OPP-000273,CUST-00050,CUST-00050,Mid-Market,REP-007,Renewal Uplift,12,2024-05-03,2024-06-29,2024-06-30,2815.86,2815.86,true,57
OPP-000274,CUST-00682,CUST-00682,Mid-Market,REP-026,Renewal Uplift,12,2024-05-05,2024-06-29,2024-06-30,3892.66,3892.66,true,55
OPP-000275,,ACCT-P-000275,SMB,REP-030,New Logo,1,2024-06-04,2024-06-29,2024-06-30,6659.50,554.96,false,25
OPP-000276,CUST-01297,CUST-01297,Mid-Market,REP-010,New Logo,12,2024-04-03,2024-05-29,2024-05-31,28926.85,28926.85,true,56
OPP-000277,CUST-00046,CUST-00046,Mid-Market,REP-007,Expansion,12,2024-05-01,2024-06-30,2024-06-30,28511.97,28511.97,true,60
OPP-000278,CUST-00185,CUST-00185,Mid-Market,REP-026,Expansion,12,2024-02-01,2024-04-30,2024-04-30,14625.19,14625.19,true,89
OPP-000279,CUST-00258,CUST-00258,SMB,REP-031,Renewal Uplift,12,2024-04-29,2024-06-30,2024-06-30,73.64,73.64,true,62
OPP-000280,CUST-00367,CUST-00367,Mid-Market,REP-023,Expansion,24,2024-04-08,2024-06-30,2024-06-30,16088.96,32177.92,true,83
OPP-000281,CUST-00603,CUST-00603,SMB,REP-034,Expansion,12,2024-04-09,2024-04-30,2024-04-30,3517.32,3517.32,true,21
OPP-000282,CUST-00685,CUST-00685,Mid-Market,REP-032,Renewal Uplift,12,2024-04-17,2024-06-30,2024-06-30,455.81,455.81,true,74
OPP-000283,CUST-00737,CUST-00737,Enterprise,REP-014,Expansion,12,2023-12-30,2024-06-30,2024-06-30,176772.85,176772.85,true,183
OPP-000284,CUST-00865,CUST-00865,SMB,REP-030,Expansion,1,2024-05-23,2024-06-30,2024-06-30,2279.10,189.92,true,38
OPP-000285,CUST-01029,CUST-01029,Mid-Market,REP-026,Expansion,12,2024-03-27,2024-06-30,2024-06-30,6943.81,6943.81,true,95
OPP-000286,CUST-01065,CUST-01065,Mid-Market,REP-010,Expansion,12,2024-04-16,2024-06-30,2024-06-30,9978.12,9978.12,true,75
OPP-000287,CUST-01195,CUST-01195,SMB,REP-030,New Logo,1,2024-06-17,2024-06-30,2024-06-30,10920.11,910.01,true,13
OPP-000288,CUST-01296,CUST-01296,Mid-Market,REP-023,Expansion,1,2024-02-04,2024-06-30,2024-06-30,24623.62,2051.97,true,147
OPP-000289,CUST-00366,CUST-00366,Mid-Market,REP-010,Renewal Uplift,12,2024-03-14,2024-07-01,2024-07-31,1517.98,1517.98,true,109
OPP-000290,CUST-00532,CUST-00532,SMB,REP-037,Renewal Uplift,12,2024-06-22,2024-07-06,2024-07-31,86.21,86.21,true,14
OPP-000291,CUST-00275,CUST-00275,SMB,REP-030,Renewal Uplift,12,2024-06-28,2024-07-11,2024-07-31,98.91,98.91,true,13
OPP-000292,CUST-01203,CUST-01203,SMB,REP-038,New Logo,1,2024-06-17,2024-07-13,2024-07-31,6736.55,561.38,true,26
OPP-000293,CUST-00279,CUST-00279,SMB,REP-038,Renewal Uplift,12,2024-06-27,2024-07-14,2024-07-31,284.41,284.41,true,17
OPP-000294,CUST-01197,CUST-01197,SMB,REP-030,New Logo,1,2024-05-15,2024-06-15,2024-06-30,10213.25,851.10,true,31
OPP-000295,CUST-01202,CUST-01202,SMB,REP-030,New Logo,1,2024-06-26,2024-07-16,2024-07-31,8414.36,701.20,true,20
OPP-000296,CUST-00690,CUST-00690,Mid-Market,REP-018,Renewal Uplift,12,2024-06-21,2024-07-18,2024-07-31,1186.51,1186.51,true,27
OPP-000297,CUST-01201,CUST-01201,SMB,REP-037,New Logo,1,2024-06-10,2024-07-25,2024-07-31,7270.30,605.86,true,45
OPP-000298,CUST-01200,CUST-01200,SMB,REP-030,New Logo,1,2024-04-25,2024-05-26,2024-05-31,5574.96,464.58,true,31
OPP-000299,CUST-01298,CUST-01298,Mid-Market,REP-010,New Logo,12,2024-04-08,2024-06-26,2024-06-30,78363.46,78363.46,true,79
OPP-000300,CUST-01299,CUST-01299,Mid-Market,REP-010,New Logo,12,2024-05-09,2024-06-26,2024-06-30,26069.23,26069.23,true,48
OPP-000301,CUST-01198,CUST-01198,SMB,REP-031,New Logo,12,2024-06-14,2024-06-27,2024-06-30,2584.05,2584.05,true,13
OPP-000302,CUST-01204,CUST-01204,SMB,REP-030,New Logo,1,2024-07-13,2024-07-27,2024-07-31,6755.22,562.94,true,14
OPP-000303,CUST-00382,CUST-00382,Mid-Market,REP-032,Renewal Uplift,12,2024-05-13,2024-07-28,2024-07-31,2859.70,2859.70,true,76
OPP-000304,CUST-01060,CUST-01060,Mid-Market,REP-023,Renewal Uplift,12,2024-05-11,2024-07-28,2024-07-31,1102.37,1102.37,true,78
OPP-000305,CUST-00052,CUST-00052,Mid-Market,REP-023,Renewal Uplift,12,2024-04-07,2024-06-29,2024-06-30,1416.65,1416.65,true,83
OPP-000306,CUST-00172,CUST-00172,Mid-Market,REP-018,Renewal Uplift,12,2024-05-09,2024-07-29,2024-07-31,2170.27,2170.27,true,81
OPP-000307,CUST-01199,CUST-01199,SMB,REP-031,New Logo,1,2024-06-10,2024-06-30,2024-06-30,5857.39,488.12,true,20
OPP-000308,CUST-00056,CUST-00056,Mid-Market,REP-018,Expansion,12,2024-02-11,2024-07-31,2024-07-31,5725.28,5725.28,true,171
OPP-000309,CUST-00183,CUST-00183,Mid-Market,REP-018,Expansion,12,2024-04-23,2024-07-31,2024-07-31,5135.04,5135.04,true,99
OPP-000310,CUST-00358,CUST-00358,Mid-Market,REP-010,Expansion,12,2024-06-19,2024-07-31,2024-07-31,7966.90,7966.90,true,42
OPP-000311,CUST-00384,CUST-00384,Mid-Market,REP-026,Expansion,12,2024-05-07,2024-07-31,2024-07-31,5859.85,5859.85,true,85
OPP-000312,CUST-00393,CUST-00393,Mid-Market,REP-026,Expansion,12,2024-06-10,2024-06-30,2024-06-30,6468.67,6468.67,true,20
OPP-000313,CUST-00398,CUST-00398,Mid-Market,REP-026,Expansion,12,2024-04-28,2024-07-31,2024-07-31,18265.05,18265.05,true,94
OPP-000314,CUST-00656,CUST-00656,Mid-Market,REP-026,Expansion,12,2024-05-10,2024-07-31,2024-07-31,10375.56,10375.56,true,82
OPP-000315,CUST-00668,CUST-00668,Mid-Market,REP-026,Expansion,12,2024-04-20,2024-07-31,2024-07-31,12130.34,12130.34,true,102
OPP-000316,CUST-00687,CUST-00687,Mid-Market,REP-010,Renewal Uplift,24,2024-04-13,2024-07-31,2024-07-31,395.18,790.36,true,109
OPP-000317,CUST-00909,CUST-00909,SMB,REP-031,Expansion,12,2024-07-21,2024-07-31,2024-07-31,5115.62,5115.62,true,10
OPP-000318,CUST-00913,CUST-00913,SMB,REP-038,Expansion,1,2024-07-09,2024-07-31,2024-07-31,3532.34,294.36,true,22
OPP-000319,CUST-01017,CUST-01017,Mid-Market,REP-018,Expansion,12,2024-06-10,2024-07-31,2024-07-31,10107.16,10107.16,true,51
OPP-000320,CUST-01026,CUST-01026,Mid-Market,REP-010,Expansion,12,2024-04-21,2024-06-30,2024-06-30,25355.29,25355.29,true,70
OPP-000321,CUST-01033,CUST-01033,Mid-Market,REP-007,Expansion,1,2024-05-25,2024-06-30,2024-06-30,23193.33,1932.78,true,36
OPP-000322,CUST-01097,CUST-01097,Mid-Market,REP-010,Expansion,12,2024-02-12,2024-07-31,2024-07-31,54940.96,54940.96,true,170
OPP-000323,CUST-01120,CUST-01120,Enterprise,REP-014,Expansion,12,2024-04-22,2024-07-31,2024-07-31,26895.80,26895.80,true,100
OPP-000324,CUST-01141,CUST-01141,SMB,REP-030,Expansion,1,2024-05-17,2024-06-30,2024-06-30,2606.73,217.23,true,44
OPP-000325,CUST-01159,CUST-01159,SMB,REP-038,Expansion,1,2024-05-20,2024-05-31,2024-05-31,1325.02,110.42,true,11
OPP-000326,CUST-01285,CUST-01285,Mid-Market,REP-032,Expansion,12,2024-03-10,2024-07-31,2024-07-31,41333.96,41333.96,true,143
OPP-000327,CUST-01298,CUST-01298,Mid-Market,REP-007,Expansion,12,2023-10-27,2024-05-31,2024-05-31,146723.06,146723.06,true,217
OPP-000328,CUST-01300,CUST-01300,Mid-Market,REP-032,New Logo,12,2024-06-11,2024-07-31,2024-07-31,15096.82,15096.82,true,50
OPP-000329,CUST-00898,CUST-00898,SMB,REP-031,Renewal Uplift,12,2024-07-05,2024-08-08,2024-08-31,75.83,75.83,true,34
OPP-000330,CUST-00694,CUST-00694,Mid-Market,REP-010,Renewal Uplift,12,2024-03-21,2024-08-12,2024-08-31,1106.42,1106.42,true,144
OPP-000331,CUST-00175,CUST-00175,Mid-Market,REP-039,Renewal Uplift,12,2024-05-13,2024-07-14,2024-07-31,351.35,351.35,true,62
OPP-000332,CUST-00691,CUST-00691,Mid-Market,REP-032,Renewal Uplift,12,2024-06-05,2024-08-14,2024-08-31,563.86,563.86,true,70
OPP-000333,CUST-01208,CUST-01208,SMB,REP-038,New Logo,1,2024-07-30,2024-08-14,2024-08-31,1285.16,107.10,true,15
OPP-000334,CUST-01211,CUST-01211,SMB,REP-031,New Logo,1,2024-06-24,2024-07-15,2024-07-31,2789.83,232.49,true,21
OPP-000335,CUST-01212,CUST-01212,SMB,REP-035,New Logo,12,2024-06-02,2024-08-18,2024-08-31,9885.03,9885.03,true,77
OPP-000336,CUST-01210,CUST-01210,SMB,REP-031,New Logo,1,2024-08-04,2024-08-20,2024-08-31,5656.51,471.38,true,16
OPP-000337,CUST-01206,CUST-01206,SMB,REP-038,New Logo,12,2024-06-10,2024-08-22,2024-08-31,5842.05,5842.05,true,73
OPP-000338,CUST-01207,CUST-01207,SMB,REP-030,New Logo,12,2024-08-07,2024-08-23,2024-08-31,11112.96,11112.96,true,16
OPP-000339,CUST-01302,CUST-01302,Mid-Market,REP-032,New Logo,12,2024-07-07,2024-08-26,2024-08-31,25138.98,25138.98,true,50
OPP-000340,CUST-01064,CUST-01064,Mid-Market,REP-026,Renewal Uplift,12,2024-07-14,2024-08-27,2024-08-31,1181.96,1181.96,true,44
OPP-000341,CUST-01066,CUST-01066,Mid-Market,REP-032,Renewal Uplift,12,2024-07-05,2024-08-28,2024-08-31,1057.77,1057.77,true,54
OPP-000342,CUST-01303,CUST-01303,Mid-Market,REP-018,New Logo,12,2024-07-05,2024-08-28,2024-08-31,9460.31,9460.31,true,54
OPP-000343,CUST-00385,CUST-00385,Mid-Market,REP-026,Renewal Uplift,12,2024-05-17,2024-08-29,2024-08-31,1412.81,1412.81,true,104
OPP-000344,,ACCT-P-000344,SMB,REP-031,New Logo,1,2024-07-19,2024-08-29,2024-08-31,6458.46,538.21,false,41
OPP-000345,CUST-01301,CUST-01301,Mid-Market,REP-026,New Logo,12,2024-07-09,2024-08-29,2024-08-31,59903.73,59903.73,true,51
OPP-000346,CUST-00053,CUST-00053,Mid-Market,REP-026,Renewal Uplift,12,2024-06-27,2024-08-31,2024-08-31,1170.05,1170.05,true,65
OPP-000347,CUST-00056,CUST-00056,Mid-Market,REP-039,Expansion,12,2024-05-26,2024-08-31,2024-08-31,5240.29,5240.29,true,97
OPP-000348,CUST-00158,CUST-00158,Mid-Market,REP-032,Expansion,1,2024-07-01,2024-08-31,2024-08-31,3881.67,323.47,true,61
OPP-000349,CUST-00180,CUST-00180,Mid-Market,REP-018,Expansion,12,2024-07-07,2024-07-31,2024-07-31,26669.62,26669.62,true,24
OPP-000350,CUST-00384,CUST-00384,Mid-Market,REP-018,Renewal Uplift,12,2024-06-19,2024-08-31,2024-08-31,1823.26,1823.26,true,73
OPP-000351,CUST-00387,CUST-00387,Mid-Market,REP-026,Expansion,12,2024-06-07,2024-07-31,2024-07-31,10453.57,10453.57,true,54
OPP-000352,CUST-00633,CUST-00633,SMB,REP-030,Expansion,1,2024-08-17,2024-08-31,2024-08-31,583.47,48.62,true,14
OPP-000353,CUST-00657,CUST-00657,Mid-Market,REP-026,Expansion,12,2024-06-07,2024-07-31,2024-07-31,19302.48,19302.48,true,54
OPP-000354,CUST-00709,CUST-00709,Mid-Market,REP-018,Expansion,12,2024-03-26,2024-08-31,2024-08-31,18721.83,18721.83,true,158
OPP-000355,CUST-01022,CUST-01022,Mid-Market,REP-018,Expansion,36,2024-06-15,2024-08-31,2024-08-31,27653.04,82959.12,true,77
OPP-000356,CUST-01063,CUST-01063,Mid-Market,REP-023,Expansion,36,2024-07-08,2024-07-31,2024-07-31,13269.71,39809.13,true,23
OPP-000357,CUST-01078,CUST-01078,Mid-Market,REP-032,Expansion,12,2024-06-21,2024-08-31,2024-08-31,7357.42,7357.42,true,71
OPP-000358,CUST-01083,CUST-01083,Mid-Market,REP-026,Expansion,12,2024-04-16,2024-07-31,2024-07-31,7923.38,7923.38,true,106
OPP-000359,CUST-01093,CUST-01093,Mid-Market,REP-032,Expansion,12,2024-07-16,2024-08-31,2024-08-31,40740.79,40740.79,true,46
OPP-000360,CUST-01095,CUST-01095,Mid-Market,REP-026,Expansion,12,2024-06-14,2024-07-31,2024-07-31,8803.81,8803.81,true,47
OPP-000361,CUST-01101,CUST-01101,Enterprise,REP-033,Expansion,12,2024-03-18,2024-08-31,2024-08-31,51013.55,51013.55,true,166
OPP-000362,CUST-01119,CUST-01119,Enterprise,REP-029,Expansion,12,2024-04-07,2024-08-31,2024-08-31,2013.17,2013.17,true,146
OPP-000363,,ACCT-P-000363,SMB,REP-030,New Logo,1,2024-08-21,2024-08-31,2024-08-31,11239.22,936.60,false,10
OPP-000364,CUST-01278,CUST-01278,Mid-Market,REP-026,Expansion,12,2024-03-04,2024-08-31,2024-08-31,26123.57,26123.57,true,180
OPP-000365,CUST-01323,CUST-01323,Enterprise,REP-033,Expansion,36,2024-06-06,2024-08-31,2024-08-31,15571.94,46715.82,true,86
OPP-000366,CUST-01213,CUST-01213,SMB,REP-037,New Logo,1,2024-08-16,2024-09-01,2024-09-30,7817.16,651.43,true,16
OPP-000367,CUST-01215,CUST-01215,SMB,REP-030,New Logo,12,2024-07-18,2024-09-03,2024-09-30,2690.68,2690.68,true,47
OPP-000368,CUST-01068,CUST-01068,Mid-Market,REP-026,Renewal Uplift,12,2024-07-26,2024-09-06,2024-09-30,1880.61,1880.61,true,42
OPP-000369,CUST-00697,CUST-00697,Mid-Market,REP-032,Renewal Uplift,36,2024-06-29,2024-09-11,2024-09-30,3897.68,11693.04,true,74
OPP-000370,CUST-00297,CUST-00297,SMB,REP-031,Renewal Uplift,12,2024-09-01,2024-09-14,2024-09-30,229.61,229.61,true,13
OPP-000371,CUST-01072,CUST-01072,Mid-Market,REP-026,Renewal Uplift,12,2024-08-18,2024-09-14,2024-09-30,2085.99,2085.99,true,27
OPP-000372,CUST-01218,CUST-01218,SMB,REP-031,New Logo,1,2024-08-21,2024-09-15,2024-09-30,3217.24,268.10,true,25
OPP-000373,CUST-00026,CUST-00026,SMB,REP-030,Renewal Uplift,12,2024-09-06,2024-09-19,2024-09-30,75.10,75.10,true,13
OPP-000374,CUST-01224,CUST-01224,SMB,REP-038,New Logo,1,2024-08-07,2024-09-20,2024-09-30,6243.71,520.31,true,44
OPP-000375,CUST-01222,CUST-01222,SMB,REP-038,New Logo,1,2024-08-17,2024-09-21,2024-09-30,9739.71,811.64,true,35
OPP-000376,CUST-01216,CUST-01216,SMB,REP-030,New Logo,1,2024-09-11,2024-09-23,2024-09-30,8381.54,698.46,true,12
OPP-000377,CUST-01220,CUST-01220,SMB,REP-030,New Logo,1,2024-07-14,2024-07-25,2024-07-31,7621.06,635.09,true,11
OPP-000378,CUST-01305,CUST-01305,Mid-Market,REP-010,New Logo,36,2024-05-02,2024-09-25,2024-09-30,21992.07,65976.21,true,146
OPP-000379,CUST-01328,CUST-01328,Enterprise,REP-044,New Logo,12,2024-07-16,2024-09-25,2024-09-30,174091.51,174091.51,true,71
OPP-000380,CUST-01221,CUST-01221,SMB,REP-038,New Logo,1,2024-08-13,2024-08-26,2024-08-31,1370.77,114.23,true,13
OPP-000381,CUST-00387,CUST-00387,Mid-Market,REP-026,Renewal Uplift,12,2024-08-26,2024-09-27,2024-09-30,1064.01,1064.01,true,32
OPP-000382,CUST-00909,CUST-00909,SMB,REP-030,Renewal Uplift,12,2024-09-13,2024-09-27,2024-09-30,409.27,409.27,true,14
OPP-000383,CUST-01304,CUST-01304,Mid-Market,REP-018,New Logo,12,2024-08-02,2024-09-27,2024-09-30,19598.96,19598.96,true,56
OPP-000384,CUST-00176,CUST-00176,Mid-Market,REP-032,Renewal Uplift,12,2024-05-23,2024-09-28,2024-09-30,550.69,550.69,true,128
OPP-000385,CUST-00386,CUST-00386,Mid-Market,REP-026,Renewal Uplift,12,2024-08-04,2024-09-28,2024-09-30,877.92,877.92,true,55
OPP-000386,CUST-01219,CUST-01219,SMB,REP-038,New Logo,1,2024-09-12,2024-09-28,2024-09-30,7257.68,604.81,true,16
OPP-000387,CUST-01306,CUST-01306,Mid-Market,REP-026,New Logo,12,2024-08-07,2024-09-28,2024-09-30,17884.26,17884.26,true,52
OPP-000388,CUST-01069,CUST-01069,Mid-Market,REP-026,Renewal Uplift,12,2024-07-12,2024-09-29,2024-09-30,1000.29,1000.29,true,79
OPP-000389,CUST-01114,CUST-01114,Enterprise,REP-014,Renewal Uplift,12,2024-01-30,2024-09-29,2024-09-30,4894.90,4894.90,true,243
OPP-000390,CUST-01217,CUST-01217,SMB,REP-030,New Logo,1,2024-08-27,2024-09-29,2024-09-30,4311.46,359.28,true,33
OPP-000391,CUST-00195,CUST-00195,SMB,REP-038,Expansion,1,2024-06-24,2024-08-30,2024-08-31,693.80,57.82,true,67
OPP-000392,CUST-00358,CUST-00358,Mid-Market,REP-039,Expansion,12,2024-08-16,2024-09-30,2024-09-30,7836.97,7836.97,true,45
OPP-000393,CUST-00369,CUST-00369,Mid-Market,REP-040,Expansion,12,2024-08-07,2024-09-30,2024-09-30,3873.22,3873.22,true,54
OPP-000394,CUST-00492,CUST-00492,SMB,REP-031,Expansion,12,2024-09-02,2024-09-30,2024-09-30,1729.94,1729.94,true,28
OPP-000395,CUST-00637,CUST-00637,SMB,REP-030,Expansion,1,2024-08-11,2024-08-30,2024-08-31,715.75,59.65,true,19
OPP-000396,CUST-00671,CUST-00671,Mid-Market,REP-039,Expansion,36,2024-07-01,2024-09-30,2024-09-30,35249.13,105747.39,true,91
OPP-000397,CUST-00699,CUST-00699,Mid-Market,REP-039,Renewal Uplift,12,2024-06-25,2024-08-30,2024-08-31,3524.24,3524.24,true,66
OPP-000398,CUST-00824,CUST-00824,SMB,REP-031,Expansion,12,2024-09-16,2024-09-30,2024-09-30,3919.39,3919.39,true,14
OPP-000399,CUST-01024,CUST-01024,Mid-Market,REP-039,Expansion,12,2024-07-20,2024-09-30,2024-09-30,3665.00,3665.00,true,72
OPP-000400,CUST-01073,CUST-01073,Mid-Market,REP-018,Renewal Uplift,12,2024-07-12,2024-08-30,2024-08-31,569.50,569.50,true,49
OPP-000401,CUST-01081,CUST-01081,Mid-Market,REP-026,Expansion,12,2024-08-01,2024-09-30,2024-09-30,26579.40,26579.40,true,60
OPP-000402,CUST-01100,CUST-01100,Mid-Market,REP-026,Expansion,12,2024-06-10,2024-09-30,2024-09-30,20061.89,20061.89,true,112
OPP-000403,CUST-01106,CUST-01106,Enterprise,REP-042,Expansion,12,2024-02-05,2024-09-30,2024-09-30,7725.42,7725.42,true,238
OPP-000404,CUST-01118,CUST-01118,Enterprise,REP-045,Expansion,36,2024-07-10,2024-09-30,2024-09-30,13011.30,39033.90,true,82
OPP-000405,CUST-01127,CUST-01127,SMB,REP-031,Expansion,1,2024-05-29,2024-07-30,2024-07-31,4901.94,408.49,true,62
OPP-000406,CUST-01142,CUST-01142,SMB,REP-030,Expansion,1,2024-06-26,2024-09-30,2024-09-30,632.37,52.70,true,96
OPP-000407,CUST-01150,CUST-01150,SMB,REP-030,Expansion,1,2024-08-11,2024-08-30,2024-08-31,4180.07,348.34,true,19
OPP-000408,CUST-01214,CUST-01214,SMB,REP-038,New Logo,12,2024-09-03,2024-09-30,2024-09-30,4815.71,4815.71,true,27
OPP-000409,CUST-01223,CUST-01223,SMB,REP-037,New Logo,1,2024-08-20,2024-09-30,2024-09-30,4736.19,394.68,true,41
OPP-000410,CUST-01283,CUST-01283,Mid-Market,REP-039,Expansion,12,2024-06-12,2024-09-30,2024-09-30,8943.90,8943.90,true,110
OPP-000411,CUST-01292,CUST-01292,Mid-Market,REP-032,Expansion,12,2024-08-07,2024-09-30,2024-09-30,3311.74,3311.74,true,54
OPP-000412,CUST-01234,CUST-01234,SMB,REP-038,New Logo,1,2024-07-02,2024-09-01,2024-09-30,4475.50,372.96,true,61
OPP-000413,CUST-01308,CUST-01308,Mid-Market,REP-010,New Logo,12,2024-08-08,2024-10-02,2024-10-31,12951.60,12951.60,true,55
OPP-000414,CUST-01230,CUST-01230,SMB,REP-038,New Logo,12,2024-09-11,2024-10-03,2024-10-31,14714.25,14714.25,true,22
OPP-000415,CUST-00704,CUST-00704,Mid-Market,REP-026,Renewal Uplift,12,2024-06-16,2024-10-04,2024-10-31,239.03,239.03,true,110
OPP-000416,CUST-00587,CUST-00587,SMB,REP-037,Renewal Uplift,12,2024-10-01,2024-10-10,2024-10-31,80.13,80.13,true,9
OPP-000417,CUST-01226,CUST-01226,SMB,REP-037,New Logo,1,2024-09-27,2024-10-11,2024-10-31,7898.62,658.22,true,14
OPP-000418,CUST-00178,CUST-00178,Mid-Market,REP-039,Renewal Uplift,12,2024-08-01,2024-10-12,2024-10-31,316.06,316.06,true,72
OPP-000419,CUST-00935,CUST-00935,SMB,REP-038,Renewal Uplift,12,2024-09-21,2024-10-15,2024-10-31,339.56,339.56,true,24
OPP-000420,CUST-01235,CUST-01235,SMB,REP-030,New Logo,12,2024-10-01,2024-10-17,2024-10-31,6420.14,6420.14,true,16
OPP-000421,CUST-01309,CUST-01309,Mid-Market,REP-026,New Logo,12,2024-08-23,2024-10-20,2024-10-31,28390.52,28390.52,true,58
OPP-000422,CUST-00393,CUST-00393,Mid-Market,REP-039,Renewal Uplift,12,2024-07-11,2024-10-22,2024-10-31,734.01,734.01,true,103
OPP-000423,CUST-01227,CUST-01227,SMB,REP-038,New Logo,1,2024-09-24,2024-10-24,2024-10-31,15389.66,1282.47,true,30
OPP-000424,CUST-00706,CUST-00706,Mid-Market,REP-039,Renewal Uplift,12,2024-09-06,2024-10-26,2024-10-31,1668.98,1668.98,true,50
OPP-000425,CUST-01232,CUST-01232,SMB,REP-038,New Logo,1,2024-10-07,2024-10-26,2024-10-31,9137.98,761.50,true,19
OPP-000426,CUST-01236,CUST-01236,SMB,REP-030,New Logo,1,2024-10-02,2024-10-26,2024-10-31,8011.78,667.65,true,24
OPP-000427,CUST-01329,CUST-01329,Enterprise,REP-029,New Logo,12,2024-05-01,2024-08-26,2024-08-31,252620.63,252620.63,true,117
OPP-000428,CUST-01225,CUST-01225,SMB,REP-038,New Logo,1,2024-10-08,2024-10-27,2024-10-31,7997.13,666.43,true,19
OPP-000429,CUST-01231,CUST-01231,SMB,REP-038,New Logo,1,2024-10-13,2024-10-28,2024-10-31,10110.83,842.57,true,15
OPP-000430,CUST-01229,CUST-01229,SMB,REP-038,New Logo,12,2024-10-21,2024-10-29,2024-10-31,11806.39,11806.39,true,8
OPP-000431,CUST-01233,CUST-01233,SMB,REP-035,New Logo,12,2024-10-18,2024-10-29,2024-10-31,2691.63,2691.63,true,11
OPP-000432,CUST-01307,CUST-01307,Mid-Market,REP-010,New Logo,12,2024-09-25,2024-10-29,2024-10-31,34422.65,34422.65,true,34
OPP-000433,CUST-01228,CUST-01228,SMB,REP-030,New Logo,1,2024-10-08,2024-10-30,2024-10-31,5426.21,452.18,true,22
OPP-000434,CUST-00046,CUST-00046,Mid-Market,REP-040,Expansion,12,2024-09-09,2024-10-31,2024-10-31,4320.00,4320.00,true,52
OPP-000435,CUST-00048,CUST-00048,Mid-Market,REP-026,Expansion,12,2024-09-19,2024-10-31,2024-10-31,4152.62,4152.62,true,42
OPP-000436,CUST-00050,CUST-00050,Mid-Market,REP-018,Expansion,12,2024-09-29,2024-10-31,2024-10-31,13127.80,13127.80,true,32
OPP-000437,CUST-00055,CUST-00055,Mid-Market,REP-039,Renewal Uplift,12,2024-09-17,2024-10-31,2024-10-31,2993.16,2993.16,true,44
OPP-000438,CUST-00187,CUST-00187,Mid-Market,REP-026,Expansion,12,2024-07-25,2024-08-31,2024-08-31,9673.70,9673.70,true,37
OPP-000439,CUST-00191,CUST-00191,Enterprise,REP-029,Expansion,12,2024-07-21,2024-09-30,2024-09-30,15637.48,15637.48,true,71
OPP-000440,CUST-00331,CUST-00331,SMB,REP-038,Expansion,12,2024-10-17,2024-10-31,2024-10-31,1169.48,1169.48,true,14
OPP-000441,CUST-00357,CUST-00357,Mid-Market,REP-032,Expansion,12,2024-10-03,2024-10-31,2024-10-31,5966.62,5966.62,true,28
OPP-000442,CUST-00374,CUST-00374,Mid-Market,REP-032,Expansion,12,2024-08-23,2024-10-31,2024-10-31,9893.15,9893.15,true,69
OPP-000443,CUST-00395,CUST-00395,Mid-Market,REP-026,Expansion,12,2024-08-28,2024-10-31,2024-10-31,5155.19,5155.19,true,64
OPP-000444,CUST-00399,CUST-00399,Mid-Market,REP-010,Expansion,12,2024-09-21,2024-10-31,2024-10-31,4287.33,4287.33,true,40
OPP-000445,CUST-00672,CUST-00672,Mid-Market,REP-039,Expansion,12,2024-08-26,2024-09-30,2024-09-30,10254.25,10254.25,true,35
OPP-000446,CUST-00677,CUST-00677,Mid-Market,REP-032,Expansion,12,2024-09-05,2024-10-31,2024-10-31,8041.29,8041.29,true,56
OPP-000447,CUST-00717,CUST-00717,Mid-Market,REP-032,Expansion,12,2024-09-08,2024-10-31,2024-10-31,6502.95,6502.95,true,53
OPP-000448,CUST-00864,CUST-00864,SMB,REP-038,Expansion,1,2024-08-03,2024-09-30,2024-09-30,1447.84,120.65,true,58
OPP-000449,CUST-00963,CUST-00963,SMB,REP-037,Expansion,1,2024-09-20,2024-10-31,2024-10-31,4468.47,372.37,true,41
OPP-000450,CUST-01028,CUST-01028,Mid-Market,REP-026,Expansion,12,2024-09-16,2024-10-31,2024-10-31,10303.45,10303.45,true,45
OPP-000451,CUST-01033,CUST-01033,Mid-Market,REP-010,Expansion,1,2024-07-20,2024-10-31,2024-10-31,5522.23,460.19,true,103
OPP-000452,CUST-01082,CUST-01082,Mid-Market,REP-018,Expansion,12,2024-08-18,2024-09-30,2024-09-30,29268.64,29268.64,true,43
OPP-000453,CUST-01091,CUST-01091,Mid-Market,REP-010,Expansion,12,2024-09-22,2024-10-31,2024-10-31,7708.69,7708.69,true,39
OPP-000454,CUST-01124,CUST-01124,SMB,REP-038,Expansion,1,2024-08-11,2024-09-30,2024-09-30,1158.07,96.51,true,50
OPP-000455,CUST-01161,CUST-01161,SMB,REP-038,Expansion,1,2024-10-04,2024-10-31,2024-10-31,6273.86,522.82,true,27
OPP-000456,CUST-01277,CUST-01277,Mid-Market,REP-041,Expansion,12,2024-10-10,2024-10-31,2024-10-31,9666.78,9666.78,true,21
OPP-000457,CUST-01286,CUST-01286,Mid-Market,REP-039,Expansion,12,2024-09-08,2024-10-31,2024-10-31,3889.58,3889.58,true,53
OPP-000458,CUST-01296,CUST-01296,Mid-Market,REP-039,Expansion,1,2024-09-18,2024-10-31,2024-10-31,13084.60,1090.38,true,43
OPP-000459,CUST-00372,CUST-00372,Mid-Market,REP-041,Renewal Uplift,12,2024-07-25,2024-10-01,2024-10-31,631.53,631.53,true,68
OPP-000460,CUST-00603,CUST-00603,SMB,REP-038,Renewal Uplift,12,2024-10-20,2024-11-02,2024-11-30,414.15,414.15,true,13
OPP-000461,CUST-01241,CUST-01241,SMB,REP-038,New Logo,12,2024-08-26,2024-10-03,2024-10-31,23237.60,23237.60,true,38
OPP-000462,CUST-01313,CUST-01313,Mid-Market,REP-026,New Logo,12,2024-09-05,2024-11-04,2024-11-30,20330.04,20330.04,true,60
OPP-000463,CUST-01237,CUST-01237,SMB,REP-030,New Logo,1,2024-10-20,2024-11-06,2024-11-30,10103.30,841.94,true,17
OPP-000464,CUST-01244,CUST-01244,SMB,REP-043,New Logo,1,2024-10-10,2024-11-07,2024-11-30,3947.22,328.94,true,28
OPP-000465,CUST-01310,CUST-01310,Mid-Market,REP-041,New Logo,12,2024-10-14,2024-11-09,2024-11-30,32304.46,32304.46,true,26
OPP-000466,CUST-01243,CUST-01243,SMB,REP-030,New Logo,12,2024-10-14,2024-11-16,2024-11-30,10959.25,10959.25,true,33
OPP-000467,CUST-01247,CUST-01247,SMB,REP-037,New Logo,1,2024-10-11,2024-10-18,2024-10-31,4540.42,378.37,true,7
OPP-000468,CUST-00397,CUST-00397,Mid-Market,REP-032,Renewal Uplift,24,2024-08-15,2024-11-20,2024-11-30,1472.57,2945.14,true,97
OPP-000469,CUST-00592,CUST-00592,SMB,REP-038,Renewal Uplift,12,2024-09-27,2024-11-23,2024-11-30,338.47,338.47,true,57
OPP-000470,CUST-01311,CUST-01311,Mid-Market,REP-018,New Logo,12,2024-06-13,2024-10-23,2024-10-31,16800.38,16800.38,true,132
OPP-000471,CUST-01239,CUST-01239,SMB,REP-037,New Logo,1,2024-09-24,2024-11-24,2024-11-30,8414.39,701.20,true,61
OPP-000472,CUST-00132,CUST-00132,SMB,REP-030,Renewal Uplift,12,2024-10-25,2024-11-25,2024-11-30,120.92,120.92,true,31
OPP-000473,CUST-00183,CUST-00183,Mid-Market,REP-041,Renewal Uplift,12,2024-11-02,2024-11-25,2024-11-30,567.13,567.13,true,23
OPP-000474,CUST-00599,CUST-00599,SMB,REP-038,Renewal Uplift,12,2024-09-14,2024-10-25,2024-10-31,83.77,83.77,true,41
OPP-000475,CUST-00607,CUST-00607,SMB,REP-038,Renewal Uplift,12,2024-10-23,2024-11-25,2024-11-30,706.47,706.47,true,33
OPP-000476,CUST-01330,CUST-01330,Enterprise,REP-029,New Logo,24,2024-09-16,2024-11-25,2024-11-30,227905.81,455811.62,true,70
OPP-000477,CUST-00395,CUST-00395,Mid-Market,REP-026,Renewal Uplift,12,2024-10-08,2024-11-26,2024-11-30,632.71,632.71,true,49
OPP-000478,CUST-01240,CUST-01240,SMB,REP-038,New Logo,12,2024-10-15,2024-11-26,2024-11-30,10867.92,10867.92,true,42
OPP-000479,,ACCT-P-000479,SMB,REP-035,New Logo,1,2024-11-09,2024-11-26,2024-11-30,7074.47,589.54,false,17
OPP-000480,CUST-00736,CUST-00736,Enterprise,REP-029,Renewal Uplift,12,2024-06-18,2024-11-27,2024-11-30,8186.34,8186.34,true,162
OPP-000481,CUST-01238,CUST-01238,SMB,REP-038,New Logo,1,2024-10-01,2024-10-27,2024-10-31,5367.88,447.32,true,26
OPP-000482,CUST-01245,CUST-01245,SMB,REP-043,New Logo,1,2024-10-19,2024-11-27,2024-11-30,11116.31,926.36,true,39
OPP-000483,CUST-01242,CUST-01242,SMB,REP-038,New Logo,12,2024-11-07,2024-11-28,2024-11-30,11381.97,11381.97,true,21
OPP-000484,CUST-00707,CUST-00707,Mid-Market,REP-018,Renewal Uplift,12,2024-08-05,2024-10-29,2024-10-31,505.22,505.22,true,85
OPP-000485,CUST-00046,CUST-00046,Mid-Market,REP-040,Expansion,12,2024-09-19,2024-10-30,2024-10-31,21081.58,21081.58,true,41
OPP-000486,CUST-00048,CUST-00048,Mid-Market,REP-018,Expansion,12,2024-09-22,2024-11-30,2024-11-30,2768.41,2768.41,true,69
OPP-000487,CUST-00182,CUST-00182,Mid-Market,REP-026,Renewal Uplift,12,2024-09-18,2024-10-30,2024-10-31,778.82,778.82,true,42
OPP-000488,CUST-00184,CUST-00184,Mid-Market,REP-039,Expansion,12,2024-06-24,2024-09-30,2024-09-30,6831.10,6831.10,true,98
OPP-000489,CUST-00651,CUST-00651,Mid-Market,REP-032,Expansion,24,2024-09-29,2024-11-30,2024-11-30,9691.96,19383.92,true,62
OPP-000490,CUST-00654,CUST-00654,Mid-Market,REP-018,Expansion,24,2024-10-10,2024-11-30,2024-11-30,4303.54,8607.08,true,51
OPP-000491,CUST-00684,CUST-00684,Mid-Market,REP-041,Expansion,12,2024-10-12,2024-11-30,2024-11-30,4062.78,4062.78,true,49
OPP-000492,CUST-00716,CUST-00716,Mid-Market,REP-039,Expansion,12,2024-07-30,2024-11-30,2024-11-30,8252.59,8252.59,true,123
OPP-000493,CUST-00725,CUST-00725,Enterprise,REP-029,Expansion,12,2024-07-06,2024-10-30,2024-10-31,18603.46,18603.46,true,116
OPP-000494,CUST-00736,CUST-00736,Enterprise,REP-029,Expansion,12,2024-07-06,2024-11-30,2024-11-30,13760.08,13760.08,true,147
OPP-000495,CUST-00807,CUST-00807,SMB,REP-037,Expansion,1,2024-10-12,2024-11-30,2024-11-30,838.18,69.85,true,49
OPP-000496,CUST-00919,CUST-00919,SMB,REP-038,Expansion,1,2024-09-09,2024-10-30,2024-10-31,3026.75,252.23,true,51
OPP-000497,CUST-01018,CUST-01018,Mid-Market,REP-026,Expansion,12,2024-11-01,2024-11-30,2024-11-30,39675.62,39675.62,true,29
OPP-000498,CUST-01021,CUST-01021,Mid-Market,REP-026,Expansion,12,2024-08-20,2024-09-30,2024-09-30,10432.37,10432.37,true,41
OPP-000499,CUST-01047,CUST-01047,Mid-Market,REP-032,Expansion,24,2024-09-03,2024-11-30,2024-11-30,16833.64,33667.28,true,88
OPP-000500,CUST-01080,CUST-01080,Mid-Market,REP-026,Expansion,12,2024-10-12,2024-11-30,2024-11-30,5803.36,5803.36,true,49
OPP-000501,CUST-01082,CUST-01082,Mid-Market,REP-026,Expansion,12,2024-09-03,2024-10-30,2024-10-31,39512.66,39512.66,true,57
OPP-000502,CUST-01087,CUST-01087,Mid-Market,REP-010,Expansion,12,2024-10-06,2024-11-30,2024-11-30,119603.93,119603.93,true,55
OPP-000503,CUST-01096,CUST-01096,Mid-Market,REP-039,Expansion,12,2024-10-02,2024-11-30,2024-11-30,9964.02,9964.02,true,59
OPP-000504,CUST-01099,CUST-01099,Mid-Market,REP-026,Expansion,12,2024-09-26,2024-10-30,2024-10-31,6607.32,6607.32,true,34
OPP-000505,CUST-01155,CUST-01155,SMB,REP-030,Expansion,1,2024-10-14,2024-10-30,2024-10-31,784.37,65.36,true,16
OPP-000506,CUST-01224,CUST-01224,SMB,REP-037,Expansion,1,2024-11-14,2024-11-30,2024-11-30,2141.63,178.47,true,16
OPP-000507,CUST-01298,CUST-01298,Mid-Market,REP-026,Expansion,12,2024-08-19,2024-11-30,2024-11-30,6669.24,6669.24,true,103
OPP-000508,CUST-01308,CUST-01308,Mid-Market,REP-026,Expansion,12,2024-10-25,2024-11-30,2024-11-30,15829.73,15829.73,true,36
OPP-000509,CUST-01312,CUST-01312,Mid-Market,REP-039,New Logo,12,2024-06-05,2024-11-30,2024-11-30,14501.07,14501.07,true,178
OPP-000510,CUST-00331,CUST-00331,SMB,REP-037,Renewal Uplift,12,2024-11-17,2024-12-01,2024-12-31,325.61,325.61,true,14
OPP-000511,CUST-00614,CUST-00614,SMB,REP-030,Renewal Uplift,12,2024-10-26,2024-12-01,2024-12-31,206.69,206.69,true,36
OPP-000512,CUST-00979,CUST-00979,SMB,REP-037,Renewal Uplift,12,2024-11-08,2024-12-01,2024-12-31,350.83,350.83,true,23
OPP-000513,CUST-01266,CUST-01266,SMB,REP-038,New Logo,12,2024-11-04,2024-12-01,2024-12-31,15956.40,15956.40,true,27
OPP-000514,CUST-00987,CUST-00987,SMB,REP-038,Renewal Uplift,12,2024-10-19,2024-11-07,2024-11-30,94.04,94.04,true,19
OPP-000515,CUST-01267,CUST-01267,SMB,REP-035,New Logo,12,2024-11-18,2024-12-08,2024-12-31,5478.63,5478.63,true,20
OPP-000516,CUST-00399,CUST-00399,Mid-Market,REP-039,Renewal Uplift,12,2024-10-23,2024-12-09,2024-12-31,335.47,335.47,true,47
OPP-000517,CUST-01259,CUST-01259,SMB,REP-030,New Logo,1,2024-10-07,2024-12-09,2024-12-31,7625.13,635.43,true,63
OPP-000518,CUST-01321,CUST-01321,Mid-Market,REP-040,New Logo,12,2024-10-18,2024-12-09,2024-12-31,27517.70,27517.70,true,52
OPP-000519,CUST-00971,CUST-00971,SMB,REP-043,Renewal Uplift,12,2024-10-28,2024-11-10,2024-11-30,346.79,346.79,true,13
OPP-000520,CUST-00975,CUST-00975,SMB,REP-038,Renewal Uplift,12,2024-11-24,2024-12-10,2024-12-31,190.29,190.29,true,16
OPP-000521,CUST-01263,CUST-01263,SMB,REP-037,New Logo,1,2024-11-25,2024-12-11,2024-12-31,6111.16,509.26,true,16
OPP-000522,CUST-01262,CUST-01262,SMB,REP-038,New Logo,12,2024-10-28,2024-11-12,2024-11-30,12270.87,12270.87,true,15
OPP-000523,CUST-00327,CUST-00327,SMB,REP-038,Renewal Uplift,12,2024-12-02,2024-12-13,2024-12-31,124.97,124.97,true,11
OPP-000524,CUST-01261,CUST-01261,SMB,REP-030,New Logo,1,2024-11-20,2024-12-14,2024-12-31,7252.91,604.41,true,24
OPP-000525,CUST-01264,CUST-01264,SMB,REP-030,New Logo,1,2024-10-08,2024-11-14,2024-11-30,9621.71,801.81,true,37
OPP-000526,CUST-01274,CUST-01274,SMB,REP-037,New Logo,1,2024-10-16,2024-11-14,2024-11-30,3921.80,326.82,true,29
OPP-000527,CUST-01255,CUST-01255,SMB,REP-038,New Logo,12,2024-09-17,2024-10-15,2024-10-31,4548.75,4548.75,true,28
OPP-000528,CUST-00059,CUST-00059,Mid-Market,REP-032,Renewal Uplift,12,2024-09-13,2024-12-17,2024-12-31,594.79,594.79,true,95
OPP-000529,CUST-00146,CUST-00146,SMB,REP-038,Renewal Uplift,12,2024-11-24,2024-12-17,2024-12-31,162.26,162.26,true,23
OPP-000530,CUST-01257,CUST-01257,SMB,REP-030,New Logo,1,2024-11-02,2024-12-17,2024-12-31,11055.59,921.30,true,45
OPP-000531,CUST-00715,CUST-00715,Mid-Market,REP-032,Renewal Uplift,12,2024-10-04,2024-11-18,2024-11-30,1167.28,1167.28,true,45
OPP-000532,CUST-01249,CUST-01249,SMB,REP-030,New Logo,1,2024-11-12,2024-12-19,2024-12-31,5563.49,463.62,true,37
OPP-000533,CUST-01273,CUST-01273,SMB,REP-030,New Logo,1,2024-12-03,2024-12-19,2024-12-31,2717.81,226.48,true,16
OPP-000534,CUST-00184,CUST-00184,Mid-Market,REP-041,Renewal Uplift,12,2024-08-30,2024-11-22,2024-11-30,660.88,660.88,true,84
OPP-000535,CUST-01097,CUST-01097,Mid-Market,REP-026,Renewal Uplift,12,2024-10-16,2024-12-22,2024-12-31,2420.06,2420.06,true,67
OPP-000536,CUST-01265,CUST-01265,SMB,REP-038,New Logo,1,2024-11-27,2024-12-22,2024-12-31,6591.11,549.26,true,25
OPP-000537,CUST-01270,CUST-01270,SMB,REP-038,New Logo,12,2024-11-26,2024-12-22,2024-12-31,8133.41,8133.41,true,26
OPP-000538,CUST-01260,CUST-01260,SMB,REP-030,New Logo,12,2024-12-14,2024-12-23,2024-12-31,7245.00,7245.00,true,9
OPP-000539,CUST-00720,CUST-00720,Mid-Market,REP-010,Renewal Uplift,12,2024-10-13,2024-12-24,2024-12-31,2581.96,2581.96,true,72
OPP-000540,CUST-01252,CUST-01252,SMB,REP-038,New Logo,12,2024-11-07,2024-12-24,2024-12-31,1278.54,1278.54,true,47
OPP-000541,CUST-00992,CUST-00992,SMB,REP-030,Renewal Uplift,12,2024-12-02,2024-12-25,2024-12-31,222.33,222.33,true,23
OPP-000542,CUST-01253,CUST-01253,SMB,REP-037,New Logo,1,2024-11-21,2024-12-25,2024-12-31,11522.54,960.21,true,34
OPP-000543,CUST-01315,CUST-01315,Mid-Market,REP-010,New Logo,12,2024-05-29,2024-10-25,2024-10-31,49215.05,49215.05,true,149
OPP-000544,CUST-00712,CUST-00712,Mid-Market,REP-026,Renewal Uplift,12,2024-07-16,2024-11-26,2024-11-30,290.65,290.65,true,133
OPP-000545,CUST-01269,CUST-01269,SMB,REP-038,New Logo,1,2024-12-09,2024-12-26,2024-12-31,5305.07,442.09,true,17
OPP-000546,CUST-00185,CUST-00185,Mid-Market,REP-010,Renewal Uplift,12,2024-10-28,2024-12-27,2024-12-31,1122.52,1122.52,true,60
OPP-000547,CUST-01258,CUST-01258,SMB,REP-038,New Logo,12,2024-11-18,2024-11-27,2024-11-30,12604.83,12604.83,true,9
OPP-000548,CUST-01331,CUST-01331,Enterprise,REP-029,New Logo,24,2024-09-21,2024-12-27,2024-12-31,593709.32,1187418.64,true,97
OPP-000549,CUST-01332,CUST-01332,Enterprise,REP-029,New Logo,24,2024-10-24,2024-12-27,2024-12-31,111094.29,222188.58,true,64
OPP-000550,CUST-01086,CUST-01086,Mid-Market,REP-041,Renewal Uplift,12,2024-10-02,2024-11-28,2024-11-30,2468.51,2468.51,true,57
OPP-000551,CUST-01100,CUST-01100,Mid-Market,REP-032,Renewal Uplift,12,2024-12-11,2024-12-28,2024-12-31,967.88,967.88,true,17
OPP-000552,CUST-01119,CUST-01119,Enterprise,REP-029,Renewal Uplift,12,2024-10-23,2024-12-28,2024-12-31,7032.26,7032.26,true,66
OPP-000553,CUST-01251,CUST-01251,SMB,REP-038,New Logo,1,2024-11-23,2024-12-28,2024-12-31,10838.75,903.23,true,35
OPP-000554,CUST-01272,CUST-01272,SMB,REP-038,New Logo,12,2024-12-14,2024-12-28,2024-12-31,6183.12,6183.12,true,14
OPP-000555,CUST-01317,CUST-01317,Mid-Market,REP-041,New Logo,1,2024-09-02,2024-12-28,2024-12-31,101652.91,8471.08,true,117
OPP-000556,CUST-00404,CUST-00404,Mid-Market,REP-032,Renewal Uplift,12,2024-10-28,2024-12-29,2024-12-31,1097.85,1097.85,true,62
OPP-000557,CUST-00972,CUST-00972,SMB,REP-038,Renewal Uplift,12,2024-11-06,2024-12-29,2024-12-31,98.49,98.49,true,53
OPP-000558,CUST-01094,CUST-01094,Mid-Market,REP-018,Renewal Uplift,12,2024-08-28,2024-12-29,2024-12-31,2672.85,2672.85,true,123
OPP-000559,CUST-01256,CUST-01256,SMB,REP-038,New Logo,1,2024-11-30,2024-12-29,2024-12-31,5639.28,469.94,true,29
OPP-000560,CUST-01318,CUST-01318,Mid-Market,REP-026,New Logo,12,2024-10-30,2024-12-29,2024-12-31,22808.96,22808.96,true,60
OPP-000561,CUST-01320,CUST-01320,Mid-Market,REP-039,New Logo,12,2024-07-22,2024-12-29,2024-12-31,12895.75,12895.75,true,160
OPP-000562,CUST-00186,CUST-00186,Mid-Market,REP-026,Renewal Uplift,24,2024-12-02,2024-12-30,2024-12-31,973.09,1946.18,true,28
OPP-000563,CUST-00187,CUST-00187,Mid-Market,REP-026,Renewal Uplift,12,2024-09-26,2024-12-30,2024-12-31,725.48,725.48,true,95
OPP-000564,CUST-00994,CUST-00994,SMB,REP-030,Renewal Uplift,12,2024-11-30,2024-12-30,2024-12-31,175.07,175.07,true,30
OPP-000565,CUST-01093,CUST-01093,Mid-Market,REP-039,Renewal Uplift,12,2024-11-04,2024-12-30,2024-12-31,4505.43,4505.43,true,56
OPP-000566,CUST-01248,CUST-01248,SMB,REP-030,New Logo,12,2024-12-16,2024-12-30,2024-12-31,4316.50,4316.50,true,14
OPP-000567,CUST-01254,CUST-01254,SMB,REP-043,New Logo,1,2024-11-05,2024-11-30,2024-11-30,9785.49,815.46,true,25
OPP-000568,CUST-01316,CUST-01316,Mid-Market,REP-032,New Logo,12,2024-08-18,2024-12-30,2024-12-31,13074.78,13074.78,true,134
OPP-000569,CUST-01319,CUST-01319,Mid-Market,REP-032,New Logo,12,2024-09-20,2024-11-30,2024-11-30,51963.01,51963.01,true,71
OPP-000570,CUST-00048,CUST-00048,Mid-Market,REP-040,Expansion,12,2024-11-21,2024-12-31,2024-12-31,17994.68,17994.68,true,40
OPP-000571,CUST-00058,CUST-00058,Mid-Market,REP-040,Expansion,24,2024-11-06,2024-12-31,2024-12-31,6980.79,13961.58,true,55
OPP-000572,CUST-00169,CUST-00169,Mid-Market,REP-041,Expansion,12,2024-12-04,2024-12-31,2024-12-31,13622.50,13622.50,true,27
OPP-000573,CUST-00188,CUST-00188,Mid-Market,REP-039,Renewal Uplift,12,2024-10-29,2024-11-30,2024-11-30,549.08,549.08,true,32
OPP-000574,CUST-00366,CUST-00366,Mid-Market,REP-039,Expansion,12,2024-11-05,2024-12-31,2024-12-31,3013.77,3013.77,true,56
OPP-000575,CUST-00382,CUST-00382,Mid-Market,REP-026,Expansion,12,2024-11-19,2024-12-31,2024-12-31,8016.21,8016.21,true,42
OPP-000576,CUST-00427,CUST-00427,SMB,REP-043,Expansion,1,2024-12-19,2024-12-31,2024-12-31,1649.96,137.50,true,12
OPP-000577,CUST-00656,CUST-00656,Mid-Market,REP-026,Expansion,12,2024-09-30,2024-12-31,2024-12-31,24641.93,24641.93,true,92
OPP-000578,CUST-00671,CUST-00671,Mid-Market,REP-041,Expansion,36,2024-11-22,2024-12-31,2024-12-31,9913.81,29741.43,true,39
OPP-000579,CUST-00678,CUST-00678,Mid-Market,REP-032,Expansion,12,2024-11-22,2024-12-31,2024-12-31,10126.94,10126.94,true,39
OPP-000580,CUST-00684,CUST-00684,Mid-Market,REP-041,Expansion,12,2024-09-04,2024-11-30,2024-11-30,9344.41,9344.41,true,87
OPP-000581,CUST-00706,CUST-00706,Mid-Market,REP-041,Expansion,12,2024-12-10,2024-12-31,2024-12-31,63653.05,63653.05,true,21
OPP-000582,CUST-00716,CUST-00716,Mid-Market,REP-026,Renewal Uplift,12,2024-08-10,2024-10-31,2024-10-31,2413.50,2413.50,true,82
OPP-000583,CUST-00800,CUST-00800,SMB,REP-037,Expansion,12,2024-12-06,2024-12-31,2024-12-31,6684.76,6684.76,true,25
OPP-000584,CUST-00830,CUST-00830,SMB,REP-030,Expansion,12,2024-12-19,2024-12-31,2024-12-31,638.19,638.19,true,12
OPP-000585,CUST-01002,CUST-01002,SMB,REP-030,Renewal Uplift,12,2024-12-18,2024-12-31,2024-12-31,120.65,120.65,true,13
OPP-000586,CUST-01009,CUST-01009,SMB,REP-030,Renewal Uplift,12,2024-11-20,2024-12-31,2024-12-31,275.24,275.24,true,41
OPP-000587,CUST-01033,CUST-01033,Mid-Market,REP-040,Expansion,1,2024-11-25,2024-12-31,2024-12-31,15903.99,1325.33,true,36
OPP-000588,CUST-01086,CUST-01086,Mid-Market,REP-032,Expansion,12,2024-10-28,2024-12-31,2024-12-31,7413.31,7413.31,true,64
OPP-000589,CUST-01094,CUST-01094,Mid-Market,REP-032,Expansion,12,2024-08-31,2024-11-30,2024-11-30,20090.23,20090.23,true,91
OPP-000590,CUST-01135,CUST-01135,SMB,REP-038,Expansion,1,2024-12-14,2024-12-31,2024-12-31,1924.42,160.37,true,17
OPP-000591,CUST-01250,CUST-01250,SMB,REP-038,New Logo,1,2024-12-16,2024-12-31,2024-12-31,6234.30,519.52,true,15
OPP-000592,CUST-01268,CUST-01268,SMB,REP-038,New Logo,1,2024-11-07,2024-11-30,2024-11-30,2799.62,233.30,true,23
OPP-000593,CUST-01271,CUST-01271,SMB,REP-038,New Logo,1,2024-12-12,2024-12-31,2024-12-31,3513.68,292.81,true,19
OPP-000594,CUST-01279,CUST-01279,Mid-Market,REP-026,Expansion,12,2024-11-05,2024-12-31,2024-12-31,36750.53,36750.53,true,56
OPP-000595,CUST-01281,CUST-01281,Mid-Market,REP-010,Expansion,12,2024-09-01,2024-12-31,2024-12-31,10173.77,10173.77,true,121
OPP-000596,CUST-01281,CUST-01281,Mid-Market,REP-018,Expansion,12,2024-10-04,2024-12-31,2024-12-31,7980.45,7980.45,true,88
OPP-000597,CUST-01283,CUST-01283,Mid-Market,REP-032,Expansion,12,2024-09-05,2024-12-31,2024-12-31,9838.28,9838.28,true,117
OPP-000598,CUST-01288,CUST-01288,Mid-Market,REP-018,Expansion,12,2024-12-05,2024-12-31,2024-12-31,4481.64,4481.64,true,26
OPP-000599,CUST-01292,CUST-01292,Mid-Market,REP-039,Expansion,12,2024-11-14,2024-12-31,2024-12-31,13246.92,13246.92,true,47
OPP-000600,CUST-01293,CUST-01293,Mid-Market,REP-010,Expansion,24,2024-08-24,2024-11-30,2024-11-30,11857.27,23714.54,true,98
OPP-000601,CUST-01304,CUST-01304,Mid-Market,REP-039,Expansion,12,2024-10-07,2024-12-31,2024-12-31,7021.71,7021.71,true,85
OPP-000602,CUST-01306,CUST-01306,Mid-Market,REP-018,Expansion,12,2024-06-27,2024-12-31,2024-12-31,10659.76,10659.76,true,187
OPP-000603,CUST-01312,CUST-01312,Mid-Market,REP-039,Expansion,12,2024-11-27,2024-12-31,2024-12-31,31233.06,31233.06,true,34
OPP-000604,CUST-01314,CUST-01314,Mid-Market,REP-039,New Logo,12,2024-09-03,2024-11-30,2024-11-30,44860.78,44860.78,true,88
OPP-000605,CUST-00693,CUST-00693,Mid-Market,REP-010,Renewal Uplift,12,2024-11-14,2025-01-01,2025-01-31,385.53,385.53,true,48
OPP-000606,CUST-01129,CUST-01129,SMB,REP-038,Renewal Uplift,12,2024-11-08,2025-01-04,2025-01-31,433.12,433.12,true,57
OPP-000607,CUST-00422,CUST-00422,SMB,REP-037,Renewal Uplift,12,2024-09-12,2024-12-05,2024-12-31,490.11,490.11,true,84
OPP-000608,CUST-01335,CUST-01335,SMB,REP-037,New Logo,12,2024-11-24,2024-12-07,2024-12-31,9104.12,9104.12,true,13
OPP-000609,CUST-01021,CUST-01021,Mid-Market,REP-018,Renewal Uplift,12,2024-12-07,2025-01-10,2025-01-31,4557.91,4557.91,true,34
OPP-000610,CUST-01126,CUST-01126,SMB,REP-038,Renewal Uplift,12,2024-12-01,2025-01-10,2025-01-31,355.71,355.71,true,40
OPP-000611,CUST-01338,CUST-01338,SMB,REP-038,New Logo,12,2024-12-01,2025-01-10,2025-01-31,15019.88,15019.88,true,40
OPP-000612,CUST-00356,CUST-00356,Mid-Market,REP-041,Renewal Uplift,12,2024-09-20,2024-12-13,2024-12-31,727.48,727.48,true,84
OPP-000613,CUST-01334,CUST-01334,SMB,REP-038,New Logo,1,2024-12-27,2025-01-14,2025-01-31,18352.86,1529.40,true,18
OPP-000614,CUST-01340,CUST-01340,SMB,REP-038,New Logo,1,2024-11-10,2024-11-17,2024-11-30,7710.16,642.51,true,7
OPP-000615,CUST-00725,CUST-00725,Enterprise,REP-044,Renewal Uplift,12,2024-07-14,2024-12-22,2024-12-31,2952.38,2952.38,true,161
OPP-000616,CUST-00060,CUST-00060,SMB,REP-038,Renewal Uplift,12,2025-01-08,2025-01-25,2025-01-31,495.53,495.53,true,17
OPP-000617,CUST-00156,CUST-00156,Mid-Market,REP-018,Renewal Uplift,12,2024-12-28,2025-01-26,2025-01-31,1488.35,1488.35,true,29
OPP-000618,CUST-01513,CUST-01513,Mid-Market,REP-039,New Logo,12,2025-01-05,2025-01-26,2025-01-31,26440.61,26440.61,true,21
OPP-000619,CUST-01514,CUST-01514,Mid-Market,REP-026,New Logo,12,2024-12-19,2025-01-26,2025-01-31,35636.40,35636.40,true,38
OPP-000620,CUST-01019,CUST-01019,Mid-Market,REP-026,Renewal Uplift,24,2024-11-26,2025-01-27,2025-01-31,1366.17,2732.34,true,62
OPP-000621,CUST-01337,CUST-01337,SMB,REP-043,New Logo,1,2025-01-11,2025-01-27,2025-01-31,3744.26,312.02,true,16
OPP-000622,CUST-01344,CUST-01344,SMB,REP-030,New Logo,1,2024-12-03,2024-12-27,2024-12-31,9252.53,771.04,true,24
OPP-000623,CUST-01511,CUST-01511,Mid-Market,REP-041,New Logo,12,2024-12-13,2025-01-27,2025-01-31,50924.84,50924.84,true,45
OPP-000624,CUST-00653,CUST-00653,Mid-Market,REP-041,Renewal Uplift,12,2024-11-26,2025-01-28,2025-01-31,1483.99,1483.99,true,63
OPP-000625,CUST-01333,CUST-01333,SMB,REP-038,New Logo,12,2025-01-17,2025-01-28,2025-01-31,6979.13,6979.13,true,11
OPP-000626,CUST-01341,CUST-01341,SMB,REP-038,New Logo,1,2025-01-17,2025-01-28,2025-01-31,10721.78,893.48,true,11
OPP-000627,CUST-01342,CUST-01342,SMB,REP-038,New Logo,1,2024-11-07,2024-11-28,2024-11-30,9153.22,762.77,true,21
OPP-000628,CUST-01343,CUST-01343,SMB,REP-038,New Logo,1,2024-12-14,2024-12-28,2024-12-31,4344.82,362.07,true,14
OPP-000629,CUST-01336,CUST-01336,SMB,REP-030,New Logo,12,2025-01-19,2025-01-29,2025-01-31,6046.08,6046.08,true,10
OPP-000630,CUST-01339,CUST-01339,SMB,REP-037,New Logo,1,2024-12-21,2024-12-29,2024-12-31,8429.25,702.44,true,8
OPP-000631,CUST-01101,CUST-01101,Enterprise,REP-029,Renewal Uplift,12,2024-10-11,2025-01-30,2025-01-31,4478.31,4478.31,true,111
OPP-000632,CUST-01275,CUST-01275,Mid-Market,REP-041,Renewal Uplift,12,2024-07-24,2025-01-30,2025-01-31,1942.13,1942.13,true,190
OPP-000633,CUST-01512,CUST-01512,Mid-Market,REP-039,New Logo,12,2024-12-06,2025-01-30,2025-01-31,48958.64,48958.64,true,55
OPP-000634,CUST-00148,CUST-00148,SMB,REP-030,Expansion,1,2024-12-17,2024-12-31,2024-12-31,745.57,62.13,true,14
OPP-000635,CUST-00165,CUST-00165,Mid-Market,REP-039,Expansion,12,2024-07-24,2025-01-31,2025-01-31,9329.25,9329.25,true,191
OPP-000636,CUST-00188,CUST-00188,Mid-Market,REP-018,Expansion,12,2024-12-19,2025-01-31,2025-01-31,6259.01,6259.01,true,43
OPP-000637,CUST-00354,CUST-00354,Mid-Market,REP-039,Expansion,12,2024-09-11,2025-01-31,2025-01-31,4809.51,4809.51,true,142
OPP-000638,CUST-00375,CUST-00375,Mid-Market,REP-026,Expansion,12,2024-11-20,2024-12-31,2024-12-31,8744.48,8744.48,true,41
OPP-000639,CUST-00378,CUST-00378,Mid-Market,REP-039,Expansion,12,2024-10-01,2025-01-31,2025-01-31,16604.46,16604.46,true,122
OPP-000640,CUST-00672,CUST-00672,Mid-Market,REP-032,Expansion,12,2024-11-06,2025-01-31,2025-01-31,15198.70,15198.70,true,86
OPP-000641,CUST-00673,CUST-00673,Mid-Market,REP-039,Expansion,12,2024-12-30,2025-01-31,2025-01-31,6561.62,6561.62,true,32
OPP-000642,CUST-00690,CUST-00690,Mid-Market,REP-041,Expansion,12,2024-12-27,2025-01-31,2025-01-31,12272.07,12272.07,true,35
OPP-000643,CUST-00694,CUST-00694,Mid-Market,REP-039,Expansion,12,2024-11-25,2025-01-31,2025-01-31,10211.83,10211.83,true,67
OPP-000644,CUST-00888,CUST-00888,SMB,REP-037,Expansion,12,2024-12-31,2025-01-31,2025-01-31,5952.51,5952.51,true,31
OPP-000645,CUST-01017,CUST-01017,Mid-Market,REP-018,Expansion,12,2024-10-24,2025-01-31,2025-01-31,15700.75,15700.75,true,99
OPP-000646,CUST-01085,CUST-01085,Mid-Market,REP-026,Expansion,12,2024-11-03,2025-01-31,2025-01-31,10063.26,10063.26,true,89
OPP-000647,CUST-01094,CUST-01094,Mid-Market,REP-041,Expansion,12,2024-11-20,2025-01-31,2025-01-31,13944.99,13944.99,true,72
OPP-000648,CUST-01205,CUST-01205,SMB,REP-043,Expansion,1,2024-12-25,2025-01-31,2025-01-31,645.85,53.82,true,37
OPP-000649,CUST-01307,CUST-01307,Mid-Market,REP-010,Expansion,12,2024-12-13,2025-01-31,2025-01-31,1434.28,1434.28,true,49
OPP-000650,CUST-01327,CUST-01327,Enterprise,REP-045,Expansion,12,2024-09-15,2025-01-31,2025-01-31,46816.55,46816.55,true,138
OPP-000651,CUST-01345,CUST-01345,SMB,REP-038,New Logo,1,2025-01-07,2025-01-31,2025-01-31,10103.05,841.92,true,24
OPP-000652,CUST-01558,CUST-01558,Enterprise,REP-044,New Logo,12,2024-11-01,2025-01-31,2025-01-31,339495.88,339495.88,true,91
OPP-000653,CUST-01558,CUST-01558,Enterprise,REP-044,Expansion,12,2024-04-06,2025-01-31,2025-01-31,143571.85,143571.85,true,300
OPP-000654,CUST-00726,CUST-00726,Enterprise,REP-044,Renewal Uplift,36,2024-11-19,2025-02-01,2025-02-28,3446.41,10339.23,true,74
OPP-000655,CUST-00208,CUST-00208,SMB,REP-038,Renewal Uplift,12,2025-01-23,2025-02-02,2025-02-28,149.60,149.60,true,10
OPP-000656,CUST-01350,CUST-01350,SMB,REP-030,New Logo,12,2025-01-12,2025-02-02,2025-02-28,17188.53,17188.53,true,21
OPP-000657,CUST-01559,CUST-01559,Enterprise,REP-045,New Logo,12,2024-12-13,2025-02-02,2025-02-28,126450.17,126450.17,true,51
OPP-000658,CUST-01355,CUST-01355,SMB,REP-038,New Logo,12,2025-01-14,2025-02-03,2025-02-28,6212.29,6212.29,true,20
OPP-000659,CUST-01282,CUST-01282,Mid-Market,REP-041,Renewal Uplift,12,2024-12-10,2025-02-05,2025-02-28,1713.80,1713.80,true,57
OPP-000660,CUST-01518,CUST-01518,Mid-Market,REP-041,New Logo,12,2024-11-11,2025-02-05,2025-02-28,35792.58,35792.58,true,86
OPP-000661,CUST-01026,CUST-01026,Mid-Market,REP-018,Renewal Uplift,12,2024-11-24,2025-02-07,2025-02-28,3407.70,3407.70,true,75
OPP-000662,CUST-01103,CUST-01103,Enterprise,REP-044,Renewal Uplift,36,2024-10-12,2025-02-07,2025-02-28,6147.30,18441.90,true,118
OPP-000663,CUST-01351,CUST-01351,SMB,REP-037,New Logo,1,2025-01-15,2025-02-07,2025-02-28,8832.36,736.03,true,23
OPP-000664,CUST-01358,CUST-01358,SMB,REP-038,New Logo,12,2024-12-19,2025-02-09,2025-02-28,29384.56,29384.56,true,52
OPP-000665,CUST-01281,CUST-01281,Mid-Market,REP-041,Renewal Uplift,12,2024-12-21,2025-02-10,2025-02-28,2032.56,2032.56,true,51
OPP-000666,CUST-00442,CUST-00442,SMB,REP-035,Renewal Uplift,12,2025-01-16,2025-02-11,2025-02-28,277.88,277.88,true,26
OPP-000667,CUST-00657,CUST-00657,Mid-Market,REP-026,Renewal Uplift,12,2024-12-05,2025-02-11,2025-02-28,2205.36,2205.36,true,68
OPP-000668,CUST-01346,CUST-01346,SMB,REP-043,New Logo,1,2025-01-31,2025-02-14,2025-02-28,5322.45,443.54,true,14
OPP-000669,CUST-01024,CUST-01024,Mid-Market,REP-026,Renewal Uplift,12,2024-12-06,2025-01-17,2025-01-31,330.76,330.76,true,42
OPP-000670,CUST-01279,CUST-01279,Mid-Market,REP-026,Renewal Uplift,12,2024-12-31,2025-02-20,2025-02-28,3803.78,3803.78,true,51
OPP-000671,CUST-01356,CUST-01356,SMB,REP-037,New Logo,1,2025-01-08,2025-02-20,2025-02-28,22288.30,1857.36,true,43
OPP-000672,CUST-01023,CUST-01023,Mid-Market,REP-039,Renewal Uplift,12,2025-01-15,2025-02-23,2025-02-28,933.88,933.88,true,39
OPP-000673,CUST-01104,CUST-01104,Enterprise,REP-029,Renewal Uplift,36,2024-10-11,2025-02-23,2025-02-28,2355.39,7066.17,true,135
OPP-000674,CUST-01516,CUST-01516,Mid-Market,REP-039,New Logo,12,2024-08-29,2024-12-23,2024-12-31,67262.14,67262.14,true,116
OPP-000675,CUST-00440,CUST-00440,SMB,REP-038,Renewal Uplift,12,2024-12-23,2025-01-24,2025-01-31,194.22,194.22,true,32
OPP-000676,CUST-01348,CUST-01348,SMB,REP-030,New Logo,1,2025-02-17,2025-02-25,2025-02-28,8768.19,730.68,true,8
OPP-000677,CUST-01349,CUST-01349,SMB,REP-030,New Logo,1,2025-01-30,2025-02-25,2025-02-28,9592.80,799.40,true,26
OPP-000678,CUST-01353,CUST-01353,SMB,REP-030,New Logo,12,2025-02-13,2025-02-25,2025-02-28,7768.48,7768.48,true,12
OPP-000679,CUST-01357,CUST-01357,SMB,REP-043,New Logo,1,2025-02-13,2025-02-25,2025-02-28,3458.60,288.22,true,12
OPP-000680,CUST-01027,CUST-01027,Mid-Market,REP-040,Renewal Uplift,12,2024-12-21,2025-01-26,2025-01-31,11564.42,11564.42,true,36
OPP-000681,CUST-01352,CUST-01352,SMB,REP-037,New Logo,1,2025-01-31,2025-02-26,2025-02-28,2594.58,216.22,true,26
OPP-000682,CUST-01515,CUST-01515,Mid-Market,REP-018,New Logo,24,2024-12-05,2025-01-26,2025-01-31,32017.62,64035.24,true,52
OPP-000683,CUST-01517,CUST-01517,Mid-Market,REP-039,New Logo,24,2025-01-07,2025-02-26,2025-02-28,10316.58,20633.16,true,50
OPP-000684,CUST-01347,CUST-01347,SMB,REP-030,New Logo,1,2025-02-08,2025-02-27,2025-02-28,2022.20,168.52,true,19
OPP-000685,CUST-00055,CUST-00055,Mid-Market,REP-010,Expansion,12,2025-01-17,2025-02-28,2025-02-28,27443.23,27443.23,true,42
OPP-000686,CUST-00367,CUST-00367,Mid-Market,REP-018,Expansion,24,2024-11-10,2025-02-28,2025-02-28,11420.14,22840.28,true,110
OPP-000687,CUST-00370,CUST-00370,Mid-Market,REP-026,Expansion,36,2025-02-13,2025-02-28,2025-02-28,25217.48,75652.44,true,15
OPP-000688,CUST-00372,CUST-00372,Mid-Market,REP-018,Expansion,12,2024-11-15,2024-12-28,2024-12-31,4904.92,4904.92,true,43
OPP-000689,CUST-00605,CUST-00605,SMB,REP-037,Expansion,1,2025-01-28,2025-02-28,2025-02-28,3925.57,327.13,true,31
OPP-000690,CUST-00661,CUST-00661,Mid-Market,REP-041,Expansion,12,2024-12-27,2025-02-28,2025-02-28,7463.70,7463.70,true,63
OPP-000691,CUST-00706,CUST-00706,Mid-Market,REP-041,Expansion,12,2025-01-02,2025-02-28,2025-02-28,40578.82,40578.82,true,57
OPP-000692,CUST-00735,CUST-00735,Enterprise,REP-044,Expansion,24,2024-10-24,2025-01-28,2025-01-31,53979.27,107958.54,true,96
OPP-000693,CUST-00738,CUST-00738,Enterprise,REP-029,Expansion,36,2024-11-30,2025-02-28,2025-02-28,42523.56,127570.68,true,90
OPP-000694,CUST-00778,CUST-00778,SMB,REP-030,Renewal Uplift,12,2025-01-16,2025-02-28,2025-02-28,856.88,856.88,true,43
OPP-000695,CUST-00822,CUST-00822,SMB,REP-043,Expansion,12,2025-02-17,2025-02-28,2025-02-28,2037.50,2037.50,true,11
OPP-000696,CUST-00931,CUST-00931,SMB,REP-038,Expansion,1,2025-02-17,2025-02-28,2025-02-28,1768.36,147.36,true,11
OPP-000697,CUST-01026,CUST-01026,Mid-Market,REP-032,Expansion,12,2024-11-23,2025-02-28,2025-02-28,10276.63,10276.63,true,97
OPP-000698,CUST-01037,CUST-01037,Mid-Market,REP-041,Expansion,24,2024-11-15,2025-01-28,2025-01-31,5397.82,10795.64,true,74
OPP-000699,CUST-01052,CUST-01052,Mid-Market,REP-040,Expansion,24,2025-01-23,2025-02-28,2025-02-28,64514.32,129028.64,true,36
OPP-000700,CUST-01054,CUST-01054,Mid-Market,REP-039,Expansion,12,2025-01-18,2025-02-28,2025-02-28,14391.13,14391.13,true,41
OPP-000701,CUST-01063,CUST-01063,Mid-Market,REP-039,Expansion,36,2025-01-25,2025-02-28,2025-02-28,8138.75,24416.25,true,34
OPP-000702,CUST-01067,CUST-01067,Mid-Market,REP-032,Expansion,12,2025-01-21,2025-02-28,2025-02-28,12816.88,12816.88,true,38
OPP-000703,CUST-01171,CUST-01171,SMB,REP-043,Expansion,1,2025-02-06,2025-02-28,2025-02-28,3300.28,275.02,true,22
OPP-000704,CUST-01229,CUST-01229,SMB,REP-038,Expansion,12,2024-12-20,2025-02-28,2025-02-28,983.87,983.87,true,70
OPP-000705,CUST-01245,CUST-01245,SMB,REP-038,Expansion,1,2024-12-30,2025-01-28,2025-01-31,4446.52,370.54,true,29
OPP-000706,CUST-01285,CUST-01285,Mid-Market,REP-026,Expansion,12,2024-09-24,2025-02-28,2025-02-28,29524.25,29524.25,true,157
OPP-000707,CUST-01291,CUST-01291,Mid-Market,REP-039,Expansion,12,2025-01-15,2025-02-28,2025-02-28,5438.70,5438.70,true,44
OPP-000708,CUST-01296,CUST-01296,Mid-Market,REP-026,Expansion,1,2025-01-04,2025-01-28,2025-01-31,11030.72,919.23,true,24
OPP-000709,CUST-01299,CUST-01299,Mid-Market,REP-039,Expansion,12,2024-12-16,2025-02-28,2025-02-28,5213.85,5213.85,true,74
OPP-000710,CUST-01303,CUST-01303,Mid-Market,REP-010,Expansion,12,2024-11-23,2025-02-28,2025-02-28,8653.55,8653.55,true,97
OPP-000711,CUST-01354,CUST-01354,SMB,REP-038,New Logo,1,2025-01-05,2025-01-28,2025-01-31,2930.40,244.20,true,23
OPP-000712,CUST-00455,CUST-00455,SMB,REP-030,Renewal Uplift,12,2025-01-14,2025-03-01,2025-03-31,838.52,838.52,true,46
OPP-000713,CUST-01372,CUST-01372,SMB,REP-035,New Logo,1,2025-01-13,2025-02-01,2025-02-28,10077.84,839.82,true,19
OPP-000714,CUST-01520,CUST-01520,Mid-Market,REP-039,New Logo,12,2024-10-29,2025-01-01,2025-01-31,59010.19,59010.19,true,64
OPP-000715,CUST-01366,CUST-01366,SMB,REP-038,New Logo,1,2024-12-22,2025-02-04,2025-02-28,8871.01,739.25,true,44
OPP-000716,CUST-01521,CUST-01521,Mid-Market,REP-026,New Logo,24,2024-12-10,2025-03-05,2025-03-31,53708.60,107417.20,true,85
OPP-000717,CUST-00783,CUST-00783,SMB,REP-038,Renewal Uplift,12,2025-02-15,2025-03-06,2025-03-31,296.92,296.92,true,19
OPP-000718,CUST-00790,CUST-00790,SMB,REP-038,Renewal Uplift,12,2025-01-27,2025-02-08,2025-02-28,442.40,442.40,true,12
OPP-000719,CUST-01030,CUST-01030,Mid-Market,REP-041,Renewal Uplift,12,2024-12-24,2025-03-08,2025-03-31,2088.33,2088.33,true,74
OPP-000720,CUST-01285,CUST-01285,Mid-Market,REP-041,Renewal Uplift,12,2025-01-24,2025-03-09,2025-03-31,2295.53,2295.53,true,44
OPP-000721,CUST-00224,CUST-00224,SMB,REP-038,Renewal Uplift,12,2024-12-21,2025-02-10,2025-02-28,107.78,107.78,true,51
OPP-000722,CUST-00664,CUST-00664,Mid-Market,REP-010,Renewal Uplift,12,2024-12-24,2025-03-12,2025-03-31,735.62,735.62,true,78
OPP-000723,CUST-01367,CUST-01367,SMB,REP-038,New Logo,1,2025-02-08,2025-02-12,2025-02-28,13278.57,1106.55,true,4
OPP-000724,CUST-00668,CUST-00668,Mid-Market,REP-047,Renewal Uplift,12,2024-12-02,2025-02-13,2025-02-28,1446.60,1446.60,true,73
OPP-000725,CUST-01376,CUST-01376,SMB,REP-037,New Logo,1,2025-02-27,2025-03-14,2025-03-31,10573.19,881.10,true,15
OPP-000726,CUST-00667,CUST-00667,Mid-Market,REP-010,Renewal Uplift,12,2024-11-23,2025-03-15,2025-03-31,867.69,867.69,true,112
OPP-000727,CUST-01560,CUST-01560,Enterprise,REP-045,New Logo,12,2024-07-03,2025-03-15,2025-03-31,60097.26,60097.26,true,255
OPP-000728,CUST-01361,CUST-01361,SMB,REP-037,New Logo,1,2025-02-21,2025-03-16,2025-03-31,9016.49,751.37,true,23
OPP-000729,CUST-01364,CUST-01364,SMB,REP-043,New Logo,1,2025-02-14,2025-03-16,2025-03-31,6313.76,526.15,true,30
OPP-000730,CUST-01360,CUST-01360,SMB,REP-037,New Logo,1,2025-02-26,2025-03-17,2025-03-31,6327.60,527.30,true,19
OPP-000731,CUST-00084,CUST-00084,SMB,REP-038,Renewal Uplift,12,2025-02-01,2025-02-18,2025-02-28,317.87,317.87,true,17
OPP-000732,CUST-00802,CUST-00802,SMB,REP-043,Renewal Uplift,12,2025-01-29,2025-02-20,2025-02-28,259.06,259.06,true,22
OPP-000733,,ACCT-P-000733,SMB,REP-030,New Logo,1,2025-03-01,2025-03-20,2025-03-31,10874.57,906.21,false,19
OPP-000734,CUST-01522,CUST-01522,Mid-Market,REP-032,New Logo,12,2024-12-29,2025-03-20,2025-03-31,78127.04,78127.04,true,81
OPP-000735,CUST-01369,CUST-01369,SMB,REP-038,New Logo,1,2025-03-16,2025-03-21,2025-03-31,6726.84,560.57,true,5
OPP-000736,CUST-01370,CUST-01370,SMB,REP-038,New Logo,12,2025-01-26,2025-02-23,2025-02-28,7566.17,7566.17,true,28
OPP-000737,CUST-01377,CUST-01377,SMB,REP-038,New Logo,1,2024-12-18,2025-01-24,2025-01-31,9324.55,777.05,true,37
OPP-000738,CUST-00233,CUST-00233,SMB,REP-035,Renewal Uplift,12,2025-02-03,2025-03-26,2025-03-31,214.26,214.26,true,51
OPP-000739,CUST-00364,CUST-00364,Mid-Market,REP-026,Renewal Uplift,12,2024-11-24,2025-03-26,2025-03-31,1536.80,1536.80,true,122
OPP-000740,CUST-01371,CUST-01371,SMB,REP-030,New Logo,12,2025-01-11,2025-03-26,2025-03-31,2365.94,2365.94,true,74
OPP-000741,CUST-01374,CUST-01374,SMB,REP-030,New Logo,1,2025-02-13,2025-03-26,2025-03-31,2617.03,218.09,true,41
OPP-000742,CUST-01523,CUST-01523,Mid-Market,REP-026,New Logo,12,2025-02-16,2025-03-26,2025-03-31,35785.90,35785.90,true,38
OPP-000743,CUST-01105,CUST-01105,Enterprise,REP-014,Renewal Uplift,12,2025-01-07,2025-03-27,2025-03-31,5850.61,5850.61,true,79
OPP-000744,CUST-00075,CUST-00075,SMB,REP-038,Renewal Uplift,12,2025-02-18,2025-03-28,2025-03-31,256.69,256.69,true,38
OPP-000745,CUST-00461,CUST-00461,SMB,REP-030,Renewal Uplift,12,2025-02-05,2025-03-28,2025-03-31,63.84,63.84,true,51
OPP-000746,CUST-00462,CUST-00462,SMB,REP-030,Renewal Uplift,12,2025-02-08,2025-02-28,2025-02-28,515.14,515.14,true,20
OPP-000747,CUST-00665,CUST-00665,Mid-Market,REP-032,Renewal Uplift,12,2025-01-01,2025-02-28,2025-02-28,2397.32,2397.32,true,58
OPP-000748,CUST-01283,CUST-01283,Mid-Market,REP-010,Renewal Uplift,12,2024-12-20,2025-03-28,2025-03-31,1170.74,1170.74,true,98
OPP-000749,CUST-01365,CUST-01365,SMB,REP-037,New Logo,1,2025-02-14,2025-02-28,2025-02-28,4838.03,403.17,true,14
OPP-000750,CUST-01373,CUST-01373,SMB,REP-037,New Logo,1,2025-03-13,2025-03-28,2025-03-31,4963.27,413.61,true,15
OPP-000751,CUST-01379,CUST-01379,SMB,REP-043,New Logo,12,2025-03-01,2025-03-28,2025-03-31,12518.57,12518.57,true,27
OPP-000752,CUST-01519,CUST-01519,Mid-Market,REP-047,New Logo,24,2024-12-28,2025-03-28,2025-03-31,28331.28,56662.56,true,90
OPP-000753,CUST-00361,CUST-00361,Mid-Market,REP-041,Renewal Uplift,12,2025-01-13,2025-03-29,2025-03-31,1567.77,1567.77,true,75
OPP-000754,CUST-01286,CUST-01286,Mid-Market,REP-026,Renewal Uplift,12,2024-12-24,2025-02-28,2025-02-28,1049.22,1049.22,true,66
OPP-000755,CUST-01359,CUST-01359,SMB,REP-030,New Logo,12,2025-01-19,2025-02-28,2025-02-28,13347.23,13347.23,true,40
OPP-000756,CUST-01287,CUST-01287,Mid-Market,REP-026,Renewal Uplift,12,2025-01-09,2025-03-30,2025-03-31,843.25,843.25,true,80
OPP-000757,CUST-01362,CUST-01362,SMB,REP-038,New Logo,1,2025-01-15,2025-03-30,2025-03-31,8558.01,713.17,true,74
OPP-000758,CUST-01363,CUST-01363,SMB,REP-043,New Logo,1,2025-02-27,2025-03-30,2025-03-31,2193.82,182.82,true,31
OPP-000759,CUST-01368,CUST-01368,SMB,REP-037,New Logo,1,2025-01-18,2025-02-28,2025-02-28,7691.06,640.92,true,41
OPP-000760,CUST-01375,CUST-01375,SMB,REP-035,New Logo,1,2025-03-08,2025-03-30,2025-03-31,11591.65,965.97,true,22
OPP-000761,CUST-00253,CUST-00253,SMB,REP-038,Expansion,12,2025-03-07,2025-03-31,2025-03-31,2036.74,2036.74,true,24
OPP-000762,CUST-00387,CUST-00387,Mid-Market,REP-010,Expansion,12,2025-03-16,2025-03-31,2025-03-31,10785.78,10785.78,true,15
OPP-000763,CUST-00475,CUST-00475,SMB,REP-038,Renewal Uplift,12,2025-02-13,2025-02-28,2025-02-28,179.52,179.52,true,15
OPP-000764,CUST-00679,CUST-00679,Mid-Market,REP-039,Expansion,12,2025-01-19,2025-03-31,2025-03-31,49026.14,49026.14,true,71
OPP-000765,CUST-00704,CUST-00704,Mid-Market,REP-041,Expansion,12,2025-02-06,2025-03-31,2025-03-31,7049.21,7049.21,true,53
OPP-000766,CUST-01033,CUST-01033,Mid-Market,REP-047,Expansion,1,2025-02-02,2025-03-31,2025-03-31,9421.67,785.14,true,57
OPP-000767,CUST-01068,CUST-01068,Mid-Market,REP-026,Expansion,12,2025-01-15,2025-03-31,2025-03-31,5745.14,5745.14,true,75
OPP-000768,CUST-01072,CUST-01072,Mid-Market,REP-047,Expansion,12,2025-01-29,2025-03-31,2025-03-31,21483.71,21483.71,true,61
OPP-000769,CUST-01093,CUST-01093,Mid-Market,REP-039,Expansion,12,2024-12-08,2025-02-28,2025-02-28,37736.83,37736.83,true,82
OPP-000770,CUST-01110,CUST-01110,Enterprise,REP-014,Expansion,12,2024-12-04,2025-02-28,2025-02-28,14149.99,14149.99,true,86
OPP-000771,CUST-01221,CUST-01221,SMB,REP-030,Expansion,1,2025-02-28,2025-03-31,2025-03-31,685.39,57.12,true,31
OPP-000772,CUST-01306,CUST-01306,Mid-Market,REP-047,Expansion,12,2024-12-28,2025-03-31,2025-03-31,7153.71,7153.71,true,93
OPP-000773,CUST-01307,CUST-01307,Mid-Market,REP-039,Expansion,12,2024-11-06,2025-03-31,2025-03-31,27251.26,27251.26,true,145
OPP-000774,CUST-01315,CUST-01315,Mid-Market,REP-032,Expansion,12,2025-01-04,2025-03-31,2025-03-31,27068.28,27068.28,true,86
OPP-000775,CUST-01319,CUST-01319,Mid-Market,REP-039,Expansion,12,2025-01-22,2025-02-28,2025-02-28,9237.87,9237.87,true,37
OPP-000776,CUST-01514,CUST-01514,Mid-Market,REP-032,Expansion,12,2025-02-12,2025-03-31,2025-03-31,41780.61,41780.61,true,47
OPP-000777,CUST-00494,CUST-00494,SMB,REP-038,Renewal Uplift,12,2025-03-23,2025-04-01,2025-04-30,366.58,366.58,true,9
OPP-000778,CUST-01385,CUST-01385,SMB,REP-038,New Logo,1,2025-04-01,2025-04-17,2025-04-30,9456.49,788.04,true,16
OPP-000779,CUST-00165,CUST-00165,Mid-Market,REP-041,Renewal Uplift,12,2025-02-20,2025-03-20,2025-03-31,1318.84,1318.84,true,28
OPP-000780,CUST-01381,CUST-01381,SMB,REP-038,New Logo,1,2025-03-16,2025-04-21,2025-04-30,9399.46,783.29,true,36
OPP-000781,CUST-01525,CUST-01525,Mid-Market,REP-010,New Logo,12,2025-02-06,2025-04-22,2025-04-30,18402.04,18402.04,true,75
OPP-000782,CUST-01391,CUST-01391,SMB,REP-037,New Logo,1,2025-04-08,2025-04-23,2025-04-30,5070.57,422.55,true,15
OPP-000783,CUST-00166,CUST-00166,Mid-Market,REP-047,Renewal Uplift,24,2025-02-21,2025-04-24,2025-04-30,1494.84,2989.68,true,62
OPP-000784,CUST-00485,CUST-00485,SMB,REP-038,Renewal Uplift,12,2025-04-06,2025-04-25,2025-04-30,505.20,505.20,true,19
OPP-000785,CUST-00671,CUST-00671,Mid-Market,REP-047,Renewal Uplift,24,2024-12-22,2025-04-25,2025-04-30,2061.41,4122.82,true,124
OPP-000786,CUST-01387,CUST-01387,SMB,REP-038,New Logo,1,2025-04-01,2025-04-25,2025-04-30,11395.71,949.64,true,24
OPP-000787,CUST-01392,CUST-01392,SMB,REP-038,New Logo,1,2025-04-16,2025-04-25,2025-04-30,6041.13,503.43,true,9
OPP-000788,CUST-00367,CUST-00367,Mid-Market,REP-041,Renewal Uplift,24,2025-04-10,2025-04-26,2025-04-30,1685.15,3370.30,true,16
OPP-000789,CUST-00483,CUST-00483,SMB,REP-043,Renewal Uplift,12,2025-04-02,2025-04-26,2025-04-30,219.68,219.68,true,24
OPP-000790,CUST-01386,CUST-01386,SMB,REP-038,New Logo,1,2025-04-04,2025-04-26,2025-04-30,4380.46,365.04,true,22
OPP-000791,CUST-00048,CUST-00048,Mid-Market,REP-041,Renewal Uplift,12,2025-04-03,2025-04-27,2025-04-30,3752.21,3752.21,true,24
OPP-000792,CUST-00369,CUST-00369,Mid-Market,REP-041,Renewal Uplift,12,2025-02-11,2025-04-27,2025-04-30,1707.28,1707.28,true,75
OPP-000793,CUST-01380,CUST-01380,SMB,REP-043,New Logo,1,2025-03-30,2025-04-27,2025-04-30,9595.18,799.60,true,28
OPP-000794,CUST-01382,CUST-01382,SMB,REP-035,New Logo,1,2025-04-20,2025-04-27,2025-04-30,11621.13,968.43,true,7
OPP-000795,CUST-00674,CUST-00674,Mid-Market,REP-041,Renewal Uplift,12,2025-03-18,2025-04-28,2025-04-30,2519.62,2519.62,true,41
OPP-000796,CUST-01390,CUST-01390,SMB,REP-035,New Logo,1,2025-02-16,2025-03-28,2025-03-31,20190.91,1682.58,true,40
OPP-000797,CUST-01524,CUST-01524,Mid-Market,REP-049,New Logo,12,2025-02-21,2025-04-28,2025-04-30,71237.34,71237.34,true,66
OPP-000798,CUST-00488,CUST-00488,SMB,REP-048,Renewal Uplift,12,2025-03-29,2025-04-29,2025-04-30,214.36,214.36,true,31
OPP-000799,CUST-01383,CUST-01383,SMB,REP-030,New Logo,1,2025-04-03,2025-04-29,2025-04-30,1902.27,158.52,true,26
OPP-000800,CUST-01384,CUST-01384,SMB,REP-038,New Logo,12,2025-03-21,2025-04-29,2025-04-30,11591.61,11591.61,true,39
OPP-000801,CUST-01389,CUST-01389,SMB,REP-038,New Logo,12,2025-03-03,2025-03-29,2025-03-31,2763.56,2763.56,true,26
OPP-000802,CUST-00049,CUST-00049,Mid-Market,REP-010,Expansion,24,2025-01-27,2025-03-30,2025-03-31,4197.49,8394.98,true,62
OPP-000803,CUST-00172,CUST-00172,Mid-Market,REP-039,Expansion,12,2025-02-21,2025-03-30,2025-03-31,18657.21,18657.21,true,37
OPP-000804,CUST-00190,CUST-00190,Enterprise,REP-045,Expansion,36,2024-07-30,2025-04-30,2025-04-30,75128.32,225384.96,true,274
OPP-000805,CUST-00357,CUST-00357,Mid-Market,REP-039,Expansion,12,2025-03-13,2025-04-30,2025-04-30,8523.46,8523.46,true,48
OPP-000806,CUST-00415,CUST-00415,Enterprise,REP-045,Expansion,24,2024-10-21,2025-04-30,2025-04-30,5741.18,11482.36,true,191
OPP-000807,CUST-00488,CUST-00488,SMB,REP-035,Expansion,12,2025-04-15,2025-04-30,2025-04-30,895.41,895.41,true,15
OPP-000808,CUST-00662,CUST-00662,Mid-Market,REP-026,Expansion,12,2025-02-06,2025-03-30,2025-03-31,22361.97,22361.97,true,52
OPP-000809,CUST-00697,CUST-00697,Mid-Market,REP-026,Expansion,36,2025-03-04,2025-04-30,2025-04-30,51266.22,153798.66,true,57
OPP-000810,CUST-00728,CUST-00728,Enterprise,REP-014,Expansion,24,2025-01-08,2025-03-30,2025-03-31,17510.23,35020.46,true,81
OPP-000811,CUST-00734,CUST-00734,Enterprise,REP-044,Expansion,36,2025-01-10,2025-03-30,2025-03-31,4917.85,14753.55,true,79
OPP-000812,CUST-00736,CUST-00736,Enterprise,REP-045,Expansion,12,2024-10-18,2025-04-30,2025-04-30,14403.93,14403.93,true,194
OPP-000813,CUST-00737,CUST-00737,Enterprise,REP-045,Expansion,12,2024-12-15,2025-04-30,2025-04-30,183475.23,183475.23,true,136
OPP-000814,CUST-00931,CUST-00931,SMB,REP-030,Expansion,1,2025-02-11,2025-02-28,2025-02-28,3753.77,312.81,true,17
OPP-000815,CUST-01049,CUST-01049,Mid-Market,REP-041,Expansion,24,2025-02-28,2025-04-30,2025-04-30,9443.30,18886.60,true,61
OPP-000816,CUST-01086,CUST-01086,Mid-Market,REP-026,Expansion,12,2025-03-24,2025-04-30,2025-04-30,9148.53,9148.53,true,37
OPP-000817,CUST-01086,CUST-01086,Mid-Market,REP-026,Expansion,12,2025-01-19,2025-03-30,2025-03-31,26835.70,26835.70,true,70
OPP-000818,CUST-01097,CUST-01097,Mid-Market,REP-010,Expansion,12,2025-02-04,2025-04-30,2025-04-30,31124.51,31124.51,true,85
OPP-000819,CUST-01127,CUST-01127,SMB,REP-038,Expansion,1,2025-03-14,2025-03-30,2025-03-31,5417.93,451.49,true,16
OPP-000820,CUST-01190,CUST-01190,SMB,REP-030,Expansion,1,2025-04-01,2025-04-30,2025-04-30,5069.06,422.42,true,29
OPP-000821,CUST-01194,CUST-01194,SMB,REP-038,Expansion,12,2025-03-02,2025-04-30,2025-04-30,644.96,644.96,true,59
OPP-000822,CUST-01195,CUST-01195,SMB,REP-038,Expansion,1,2025-03-15,2025-03-30,2025-03-31,4881.93,406.83,true,15
OPP-000823,CUST-01235,CUST-01235,SMB,REP-043,Expansion,12,2025-04-14,2025-04-30,2025-04-30,2824.86,2824.86,true,16
OPP-000824,CUST-01261,CUST-01261,SMB,REP-030,Expansion,1,2025-03-24,2025-04-30,2025-04-30,2030.81,169.23,true,37
OPP-000825,CUST-01286,CUST-01286,Mid-Market,REP-026,Expansion,12,2024-12-29,2025-03-30,2025-03-31,4038.23,4038.23,true,91
OPP-000826,CUST-01299,CUST-01299,Mid-Market,REP-026,Expansion,12,2024-11-28,2025-03-30,2025-03-31,6256.62,6256.62,true,122
OPP-000827,CUST-01309,CUST-01309,Mid-Market,REP-032,Expansion,12,2025-02-23,2025-03-30,2025-03-31,10242.96,10242.96,true,35
OPP-000828,CUST-01312,CUST-01312,Mid-Market,REP-026,Expansion,12,2025-02-12,2025-04-30,2025-04-30,11933.16,11933.16,true,77
OPP-000829,CUST-01320,CUST-01320,Mid-Market,REP-010,Expansion,12,2024-12-27,2025-03-30,2025-03-31,15196.09,15196.09,true,93
OPP-000830,CUST-01325,CUST-01325,Enterprise,REP-029,Expansion,24,2024-12-18,2025-03-30,2025-03-31,26550.03,53100.06,true,102
OPP-000831,CUST-01388,CUST-01388,SMB,REP-030,New Logo,1,2025-04-14,2025-04-30,2025-04-30,3701.04,308.42,true,16
OPP-000832,CUST-01514,CUST-01514,Mid-Market,REP-041,Expansion,12,2025-04-10,2025-04-30,2025-04-30,9214.60,9214.60,true,20
OPP-000833,CUST-01526,CUST-01526,Mid-Market,REP-032,New Logo,12,2025-03-29,2025-04-30,2025-04-30,94866.06,94866.06,true,32
OPP-000834,CUST-00847,CUST-00847,SMB,REP-038,Renewal Uplift,12,2025-04-24,2025-05-01,2025-05-31,125.03,125.03,true,7
OPP-000835,CUST-01401,CUST-01401,SMB,REP-030,New Logo,1,2025-02-18,2025-04-01,2025-04-30,9298.77,774.90,true,42
OPP-000836,CUST-00838,CUST-00838,SMB,REP-038,Renewal Uplift,12,2025-03-12,2025-05-03,2025-05-31,318.29,318.29,true,52
OPP-000837,CUST-00730,CUST-00730,Enterprise,REP-029,Renewal Uplift,36,2024-12-12,2025-04-07,2025-04-30,6027.25,18081.75,true,116
OPP-000838,CUST-01403,CUST-01403,SMB,REP-038,New Logo,1,2025-05-03,2025-05-07,2025-05-31,10826.11,902.18,true,4
OPP-000839,CUST-01400,CUST-01400,SMB,REP-030,New Logo,1,2025-03-14,2025-04-11,2025-04-30,7277.55,606.46,true,28
OPP-000840,CUST-01528,CUST-01528,Mid-Market,REP-010,New Logo,36,2025-03-13,2025-04-11,2025-04-30,30604.84,91814.52,true,29
OPP-000841,CUST-01395,CUST-01395,SMB,REP-038,New Logo,12,2025-04-11,2025-05-12,2025-05-31,8000.43,8000.43,true,31
OPP-000842,CUST-00839,CUST-00839,SMB,REP-038,Renewal Uplift,36,2025-04-19,2025-05-13,2025-05-31,346.87,1040.61,true,24
OPP-000843,CUST-00500,CUST-00500,SMB,REP-030,Renewal Uplift,12,2025-02-01,2025-03-14,2025-03-31,141.17,141.17,true,41
OPP-000844,CUST-01529,CUST-01529,Mid-Market,REP-039,New Logo,12,2025-04-06,2025-05-18,2025-05-31,74289.27,74289.27,true,42
OPP-000845,CUST-01402,CUST-01402,SMB,REP-038,New Logo,12,2025-01-09,2025-04-19,2025-04-30,3597.65,3597.65,true,100
OPP-000846,CUST-00095,CUST-00095,SMB,REP-038,Renewal Uplift,12,2025-05-02,2025-05-23,2025-05-31,363.15,363.15,true,21
OPP-000847,CUST-01397,CUST-01397,SMB,REP-037,New Logo,1,2025-04-28,2025-05-26,2025-05-31,3008.91,250.74,true,28
OPP-000848,CUST-01527,CUST-01527,Mid-Market,REP-032,New Logo,12,2024-12-27,2025-05-26,2025-05-31,50170.68,50170.68,true,150
OPP-000849,CUST-00374,CUST-00374,Mid-Market,REP-026,Renewal Uplift,12,2025-01-15,2025-04-27,2025-04-30,786.46,786.46,true,102
OPP-000850,CUST-01048,CUST-01048,Mid-Market,REP-049,Renewal Uplift,12,2025-04-14,2025-05-27,2025-05-31,424.89,424.89,true,43
OPP-000851,CUST-01049,CUST-01049,Mid-Market,REP-039,Renewal Uplift,24,2025-01-31,2025-05-27,2025-05-31,1605.49,3210.98,true,116
OPP-000852,CUST-01291,CUST-01291,Mid-Market,REP-026,Renewal Uplift,12,2025-02-04,2025-03-27,2025-03-31,683.23,683.23,true,51
OPP-000853,CUST-01393,CUST-01393,SMB,REP-038,New Logo,12,2025-05-13,2025-05-27,2025-05-31,13142.18,13142.18,true,14
OPP-000854,CUST-00248,CUST-00248,SMB,REP-038,Renewal Uplift,12,2025-04-17,2025-04-28,2025-04-30,110.42,110.42,true,11
OPP-000855,CUST-00502,CUST-00502,SMB,REP-038,Renewal Uplift,12,2025-04-14,2025-04-28,2025-04-30,106.79,106.79,true,14
OPP-000856,CUST-00678,CUST-00678,Mid-Market,REP-010,Renewal Uplift,12,2025-02-02,2025-05-28,2025-05-31,1836.16,1836.16,true,115
OPP-000857,CUST-01396,CUST-01396,SMB,REP-038,New Logo,1,2025-05-11,2025-05-28,2025-05-31,20719.06,1726.59,true,17
OPP-000858,CUST-01398,CUST-01398,SMB,REP-038,New Logo,1,2025-05-10,2025-05-28,2025-05-31,3732.63,311.05,true,18
OPP-000859,CUST-01404,CUST-01404,SMB,REP-030,New Logo,1,2025-04-14,2025-05-28,2025-05-31,16708.85,1392.40,true,44
OPP-000860,CUST-01399,CUST-01399,SMB,REP-048,New Logo,1,2025-02-07,2025-04-29,2025-04-30,4274.56,356.21,true,81
OPP-000861,CUST-01405,CUST-01405,SMB,REP-037,New Logo,12,2025-04-10,2025-05-30,2025-05-31,5850.24,5850.24,true,50
OPP-000862,CUST-00054,CUST-00054,Mid-Market,REP-032,Expansion,12,2025-03-07,2025-05-31,2025-05-31,6123.41,6123.41,true,85
OPP-000863,CUST-00180,CUST-00180,Mid-Market,REP-039,Expansion,12,2025-02-27,2025-05-31,2025-05-31,26668.75,26668.75,true,93
OPP-000864,CUST-00183,CUST-00183,Mid-Market,REP-026,Expansion,12,2025-04-19,2025-05-31,2025-05-31,7055.24,7055.24,true,42
OPP-000865,CUST-00399,CUST-00399,Mid-Market,REP-010,Expansion,12,2025-02-23,2025-05-31,2025-05-31,4019.43,4019.43,true,97
OPP-000866,CUST-00404,CUST-00404,Mid-Market,REP-010,Expansion,12,2025-02-18,2025-05-31,2025-05-31,10952.18,10952.18,true,102
OPP-000867,CUST-00407,CUST-00407,Mid-Market,REP-047,Expansion,12,2025-03-16,2025-05-31,2025-05-31,4592.95,4592.95,true,76
OPP-000868,CUST-00679,CUST-00679,Mid-Market,REP-039,Renewal Uplift,12,2024-12-27,2025-05-31,2025-05-31,3254.69,3254.69,true,155
OPP-000869,CUST-00696,CUST-00696,Mid-Market,REP-039,Expansion,12,2025-03-31,2025-05-31,2025-05-31,6362.02,6362.02,true,61
OPP-000870,CUST-00702,CUST-00702,Mid-Market,REP-039,Expansion,12,2025-01-14,2025-04-30,2025-04-30,11610.18,11610.18,true,106
OPP-000871,CUST-00722,CUST-00722,Mid-Market,REP-032,Expansion,12,2025-04-14,2025-05-31,2025-05-31,21903.85,21903.85,true,47
OPP-000872,CUST-00735,CUST-00735,Enterprise,REP-029,Expansion,24,2024-03-20,2025-05-31,2025-05-31,12269.59,24539.18,true,437
OPP-000873,CUST-00738,CUST-00738,Enterprise,REP-044,Expansion,36,2025-02-05,2025-05-31,2025-05-31,10799.64,32398.92,true,115
OPP-000874,CUST-00837,CUST-00837,SMB,REP-038,Renewal Uplift,12,2025-05-09,2025-05-31,2025-05-31,201.27,201.27,true,22
OPP-000875,CUST-00925,CUST-00925,SMB,REP-030,Expansion,1,2025-03-02,2025-03-31,2025-03-31,5036.51,419.71,true,29
OPP-000876,CUST-01059,CUST-01059,Mid-Market,REP-010,Expansion,12,2025-05-07,2025-05-31,2025-05-31,14003.46,14003.46,true,24
OPP-000877,CUST-01063,CUST-01063,Mid-Market,REP-047,Expansion,36,2025-04-01,2025-05-31,2025-05-31,13623.57,40870.71,true,60
OPP-000878,CUST-01096,CUST-01096,Mid-Market,REP-039,Expansion,12,2025-04-16,2025-05-31,2025-05-31,8438.90,8438.90,true,45
OPP-000879,CUST-01181,CUST-01181,SMB,REP-030,Expansion,12,2025-04-28,2025-05-31,2025-05-31,1982.99,1982.99,true,33
OPP-000880,CUST-01299,CUST-01299,Mid-Market,REP-010,Expansion,12,2025-03-11,2025-05-31,2025-05-31,15015.88,15015.88,true,81
OPP-000881,CUST-01301,CUST-01301,Mid-Market,REP-041,Expansion,12,2025-03-03,2025-04-30,2025-04-30,8757.11,8757.11,true,58
OPP-000882,CUST-01394,CUST-01394,SMB,REP-038,New Logo,1,2025-05-14,2025-05-31,2025-05-31,4564.53,380.38,true,17
OPP-000883,CUST-01410,CUST-01410,SMB,REP-035,New Logo,1,2025-04-01,2025-06-01,2025-06-30,15797.38,1316.45,true,61
OPP-000884,CUST-01412,CUST-01412,SMB,REP-038,New Logo,12,2025-05-14,2025-06-01,2025-06-30,10011.92,10011.92,true,18
OPP-000885,CUST-01420,CUST-01420,SMB,REP-030,New Logo,1,2025-05-21,2025-06-01,2025-06-30,10621.83,885.15,true,11
OPP-000886,CUST-01533,CUST-01533,Mid-Market,REP-010,New Logo,12,2025-04-22,2025-06-01,2025-06-30,28056.13,28056.13,true,40
OPP-000887,CUST-01561,CUST-01561,Enterprise,REP-014,New Logo,12,2024-12-13,2025-06-02,2025-06-30,77274.94,77274.94,true,171
OPP-000888,CUST-00684,CUST-00684,Mid-Market,REP-049,Renewal Uplift,12,2025-04-18,2025-06-03,2025-06-30,1489.91,1489.91,true,46
OPP-000889,CUST-01053,CUST-01053,Mid-Market,REP-032,Renewal Uplift,12,2025-03-08,2025-06-04,2025-06-30,1776.76,1776.76,true,88
OPP-000890,CUST-01110,CUST-01110,Enterprise,REP-045,Renewal Uplift,12,2024-11-16,2025-06-04,2025-06-30,8479.37,8479.37,true,200
OPP-000891,CUST-01295,CUST-01295,Mid-Market,REP-049,Renewal Uplift,12,2025-02-13,2025-05-04,2025-05-31,1130.56,1130.56,true,80
OPP-000892,CUST-00104,CUST-00104,SMB,REP-038,Renewal Uplift,12,2025-04-06,2025-06-05,2025-06-30,141.49,141.49,true,60
OPP-000893,CUST-01055,CUST-01055,Mid-Market,REP-049,Renewal Uplift,12,2025-04-02,2025-06-09,2025-06-30,2531.88,2531.88,true,68
OPP-000894,CUST-00021,CUST-00021,SMB,REP-038,Renewal Uplift,12,2025-05-10,2025-06-10,2025-06-30,76.18,76.18,true,31
OPP-000895,CUST-01054,CUST-01054,Mid-Market,REP-026,Renewal Uplift,12,2025-04-21,2025-05-14,2025-05-31,7654.77,7654.77,true,23
OPP-000896,CUST-01413,CUST-01413,SMB,REP-037,New Logo,12,2025-04-04,2025-06-14,2025-06-30,11211.56,11211.56,true,71
OPP-000897,CUST-01415,CUST-01415,SMB,REP-030,New Logo,12,2025-06-01,2025-06-15,2025-06-30,7174.20,7174.20,true,14
OPP-000898,CUST-01408,CUST-01408,SMB,REP-038,New Logo,1,2025-05-27,2025-06-17,2025-06-30,15534.51,1294.54,true,21
OPP-000899,CUST-01531,CUST-01531,Mid-Market,REP-010,New Logo,12,2025-05-16,2025-06-19,2025-06-30,24236.03,24236.03,true,34
OPP-000900,CUST-00858,CUST-00858,SMB,REP-030,Renewal Uplift,12,2025-05-31,2025-06-21,2025-06-30,198.82,198.82,true,21
OPP-000901,CUST-00529,CUST-00529,SMB,REP-030,Renewal Uplift,12,2025-05-27,2025-06-24,2025-06-30,109.96,109.96,true,28
OPP-000902,CUST-01406,CUST-01406,SMB,REP-038,New Logo,1,2025-05-06,2025-05-24,2025-05-31,14615.83,1217.99,true,18
OPP-000903,CUST-01294,CUST-01294,Mid-Market,REP-032,Renewal Uplift,12,2025-02-27,2025-06-25,2025-06-30,1058.46,1058.46,true,118
OPP-000904,CUST-01532,CUST-01532,Mid-Market,REP-032,New Logo,12,2025-03-14,2025-06-25,2025-06-30,40863.41,40863.41,true,103
OPP-000905,CUST-01191,CUST-01191,SMB,REP-038,Renewal Uplift,12,2025-05-18,2025-06-26,2025-06-30,339.70,339.70,true,39
OPP-000906,CUST-01411,CUST-01411,SMB,REP-038,New Logo,12,2025-04-29,2025-05-27,2025-05-31,8109.09,8109.09,true,28
OPP-000907,CUST-01417,CUST-01417,SMB,REP-030,New Logo,12,2025-06-04,2025-06-27,2025-06-30,11010.35,11010.35,true,23
OPP-000908,CUST-01418,CUST-01418,SMB,REP-030,New Logo,1,2025-04-28,2025-05-27,2025-05-31,17653.07,1471.09,true,29
OPP-000909,CUST-00099,CUST-00099,SMB,REP-037,Renewal Uplift,12,2025-04-18,2025-05-28,2025-05-31,160.30,160.30,true,40
OPP-000910,CUST-00851,CUST-00851,SMB,REP-038,Renewal Uplift,12,2025-04-28,2025-05-28,2025-05-31,477.14,477.14,true,30
OPP-000911,CUST-01419,CUST-01419,SMB,REP-038,New Logo,1,2025-06-16,2025-06-28,2025-06-30,13603.35,1133.61,true,12
OPP-000912,CUST-01407,CUST-01407,SMB,REP-030,New Logo,1,2025-04-16,2025-05-29,2025-05-31,7846.11,653.85,true,43
OPP-000913,CUST-01414,CUST-01414,SMB,REP-030,New Logo,1,2025-06-09,2025-06-29,2025-06-30,21220.79,1768.40,true,20
OPP-000914,CUST-00059,CUST-00059,Mid-Market,REP-010,Expansion,12,2025-03-31,2025-05-30,2025-05-31,5758.06,5758.06,true,60
OPP-000915,CUST-00258,CUST-00258,SMB,REP-030,Renewal Uplift,12,2025-05-15,2025-05-30,2025-05-31,114.87,114.87,true,15
OPP-000916,CUST-00356,CUST-00356,Mid-Market,REP-049,Expansion,12,2025-02-28,2025-06-30,2025-06-30,4847.58,4847.58,true,122
OPP-000917,CUST-00401,CUST-00401,Mid-Market,REP-039,Expansion,24,2025-03-14,2025-06-30,2025-06-30,3551.85,7103.70,true,108
OPP-000918,CUST-00720,CUST-00720,Mid-Market,REP-039,Expansion,12,2025-05-19,2025-06-30,2025-06-30,10135.35,10135.35,true,42
OPP-000919,CUST-00722,CUST-00722,Mid-Market,REP-047,Expansion,12,2025-03-09,2025-06-30,2025-06-30,6799.18,6799.18,true,113
OPP-000920,CUST-00739,CUST-00739,SMB,REP-038,Expansion,12,2025-06-06,2025-06-30,2025-06-30,1963.10,1963.10,true,24
OPP-000921,CUST-00829,CUST-00829,SMB,REP-038,Expansion,12,2025-04-06,2025-04-30,2025-04-30,3883.57,3883.57,true,24
OPP-000922,CUST-00887,CUST-00887,SMB,REP-038,Expansion,1,2025-06-09,2025-06-30,2025-06-30,2044.62,170.38,true,21
OPP-000923,CUST-01024,CUST-01024,Mid-Market,REP-039,Expansion,12,2025-05-07,2025-06-30,2025-06-30,3797.28,3797.28,true,54
OPP-000924,CUST-01026,CUST-01026,Mid-Market,REP-039,Expansion,12,2025-03-21,2025-04-30,2025-04-30,10709.42,10709.42,true,40
OPP-000925,CUST-01055,CUST-01055,Mid-Market,REP-039,Expansion,12,2025-04-07,2025-06-30,2025-06-30,28771.85,28771.85,true,84
OPP-000926,CUST-01059,CUST-01059,Mid-Market,REP-010,Expansion,12,2025-05-02,2025-06-30,2025-06-30,12335.66,12335.66,true,59
OPP-000927,CUST-01060,CUST-01060,Mid-Market,REP-047,Expansion,12,2025-05-03,2025-06-30,2025-06-30,5798.24,5798.24,true,58
OPP-000928,CUST-01066,CUST-01066,Mid-Market,REP-049,Expansion,12,2025-04-18,2025-06-30,2025-06-30,9444.71,9444.71,true,73
OPP-000929,CUST-01083,CUST-01083,Mid-Market,REP-039,Expansion,12,2025-05-25,2025-06-30,2025-06-30,8179.45,8179.45,true,36
OPP-000930,CUST-01087,CUST-01087,Mid-Market,REP-026,Expansion,12,2025-03-20,2025-05-30,2025-05-31,5053.62,5053.62,true,71
OPP-000931,CUST-01087,CUST-01087,Mid-Market,REP-032,Expansion,12,2025-05-02,2025-06-30,2025-06-30,9854.84,9854.84,true,59
OPP-000932,CUST-01097,CUST-01097,Mid-Market,REP-039,Expansion,12,2025-05-24,2025-06-30,2025-06-30,8532.83,8532.83,true,37
OPP-000933,CUST-01281,CUST-01281,Mid-Market,REP-010,Expansion,12,2025-04-21,2025-06-30,2025-06-30,39213.52,39213.52,true,70
OPP-000934,CUST-01302,CUST-01302,Mid-Market,REP-047,Expansion,12,2025-02-05,2025-06-30,2025-06-30,1571.18,1571.18,true,145
OPP-000935,CUST-01309,CUST-01309,Mid-Market,REP-039,Expansion,12,2025-03-26,2025-04-30,2025-04-30,23907.80,23907.80,true,35
OPP-000936,CUST-01321,CUST-01321,Mid-Market,REP-049,Expansion,12,2025-04-23,2025-05-30,2025-05-31,24408.38,24408.38,true,37
OPP-000937,CUST-01345,CUST-01345,SMB,REP-038,Expansion,1,2025-06-15,2025-06-30,2025-06-30,4580.05,381.67,true,15
OPP-000938,CUST-01409,CUST-01409,SMB,REP-038,New Logo,1,2025-06-15,2025-06-30,2025-06-30,17863.75,1488.65,true,15
OPP-000939,CUST-01416,CUST-01416,SMB,REP-038,New Logo,1,2025-05-17,2025-06-30,2025-06-30,11503.10,958.59,true,44
OPP-000940,CUST-01520,CUST-01520,Mid-Market,REP-026,Expansion,12,2025-02-19,2025-06-30,2025-06-30,40375.39,40375.39,true,131
OPP-000941,CUST-01530,CUST-01530,Mid-Market,REP-039,New Logo,12,2025-05-22,2025-06-30,2025-06-30,37904.36,37904.36,true,39
OPP-000942,CUST-00366,CUST-00366,Mid-Market,REP-032,Renewal Uplift,12,2025-03-28,2025-06-01,2025-06-30,1523.73,1523.73,true,65
OPP-000943,CUST-01429,CUST-01429,SMB,REP-038,New Logo,12,2025-06-17,2025-07-01,2025-07-31,2650.18,2650.18,true,14
OPP-000944,CUST-01424,CUST-01424,SMB,REP-038,New Logo,1,2025-06-19,2025-07-04,2025-07-31,6623.50,551.96,true,15
OPP-000945,CUST-01425,CUST-01425,SMB,REP-038,New Logo,1,2025-06-09,2025-07-08,2025-07-31,6368.39,530.70,true,29
OPP-000946,CUST-00275,CUST-00275,SMB,REP-038,Renewal Uplift,12,2025-07-02,2025-07-11,2025-07-31,87.69,87.69,true,9
OPP-000947,CUST-01427,CUST-01427,SMB,REP-038,New Logo,12,2025-06-21,2025-07-12,2025-07-31,4410.18,4410.18,true,21
OPP-000948,CUST-01535,CUST-01535,Mid-Market,REP-039,New Logo,12,2025-04-20,2025-06-14,2025-06-30,33485.74,33485.74,true,55
OPP-000949,CUST-00381,CUST-00381,Mid-Market,REP-039,Renewal Uplift,12,2025-05-06,2025-07-17,2025-07-31,1096.85,1096.85,true,72
OPP-000950,CUST-00690,CUST-00690,Mid-Market,REP-047,Renewal Uplift,12,2025-01-23,2025-07-18,2025-07-31,1950.03,1950.03,true,176
OPP-000951,CUST-01536,CUST-01536,Mid-Market,REP-010,New Logo,12,2025-05-03,2025-07-19,2025-07-31,23550.92,23550.92,true,77
OPP-000952,CUST-01428,CUST-01428,SMB,REP-038,New Logo,1,2025-05-25,2025-06-22,2025-06-30,4009.12,334.09,true,28
OPP-000953,CUST-01423,CUST-01423,SMB,REP-030,New Logo,1,2025-05-20,2025-06-23,2025-06-30,5660.77,471.73,true,34
OPP-000954,CUST-01299,CUST-01299,Mid-Market,REP-039,Renewal Uplift,12,2025-05-25,2025-07-26,2025-07-31,1839.50,1839.50,true,62
OPP-000955,CUST-00274,CUST-00274,SMB,REP-038,Renewal Uplift,12,2025-04-16,2025-06-27,2025-06-30,195.26,195.26,true,72
OPP-000956,CUST-00688,CUST-00688,Mid-Market,REP-039,Renewal Uplift,12,2025-04-30,2025-07-27,2025-07-31,1924.48,1924.48,true,88
OPP-000957,CUST-01059,CUST-01059,Mid-Market,REP-026,Renewal Uplift,12,2025-05-10,2025-07-27,2025-07-31,1445.80,1445.80,true,78
OPP-000958,CUST-01422,CUST-01422,SMB,REP-038,New Logo,24,2025-06-08,2025-07-27,2025-07-31,8605.96,17211.92,true,49
OPP-000959,CUST-01426,CUST-01426,SMB,REP-030,New Logo,1,2025-07-11,2025-07-27,2025-07-31,7169.72,597.48,true,16
OPP-000960,CUST-01060,CUST-01060,Mid-Market,REP-047,Renewal Uplift,12,2025-03-26,2025-07-28,2025-07-31,1018.06,1018.06,true,124
OPP-000961,CUST-01534,CUST-01534,Mid-Market,REP-047,New Logo,12,2024-11-25,2025-07-28,2025-07-31,27778.32,27778.32,true,245
OPP-000962,CUST-00172,CUST-00172,Mid-Market,REP-049,Renewal Uplift,12,2025-05-27,2025-07-29,2025-07-31,1665.12,1665.12,true,63
OPP-000963,CUST-01421,CUST-01421,SMB,REP-038,New Logo,1,2025-06-18,2025-06-29,2025-06-30,11489.05,957.42,true,11
OPP-000964,CUST-00049,CUST-00049,Mid-Market,REP-039,Expansion,24,2025-06-25,2025-07-31,2025-07-31,6300.36,12600.72,true,36
OPP-000965,CUST-00156,CUST-00156,Mid-Market,REP-039,Expansion,12,2025-02-01,2025-06-30,2025-06-30,12251.21,12251.21,true,149
OPP-000966,CUST-00184,CUST-00184,Mid-Market,REP-049,Expansion,12,2025-06-22,2025-07-31,2025-07-31,9219.00,9219.00,true,39
OPP-000967,CUST-00357,CUST-00357,Mid-Market,REP-010,Expansion,12,2025-05-20,2025-07-31,2025-07-31,24206.64,24206.64,true,72
OPP-000968,CUST-00372,CUST-00372,Mid-Market,REP-049,Expansion,12,2025-07-07,2025-07-31,2025-07-31,7847.87,7847.87,true,24
OPP-000969,CUST-00699,CUST-00699,Mid-Market,REP-047,Expansion,12,2025-03-26,2025-06-30,2025-06-30,28582.50,28582.50,true,96
OPP-000970,CUST-00720,CUST-00720,Mid-Market,REP-026,Expansion,12,2025-05-06,2025-07-31,2025-07-31,66402.48,66402.48,true,86
OPP-000971,CUST-00732,CUST-00732,Enterprise,REP-044,Renewal Uplift,12,2025-05-15,2025-07-31,2025-07-31,6964.12,6964.12,true,77
OPP-000972,CUST-00865,CUST-00865,SMB,REP-048,Expansion,1,2025-07-16,2025-07-31,2025-07-31,6559.67,546.64,true,15
OPP-000973,CUST-01064,CUST-01064,Mid-Market,REP-026,Expansion,12,2025-04-16,2025-06-30,2025-06-30,9879.75,9879.75,true,75
OPP-000974,CUST-01069,CUST-01069,Mid-Market,REP-049,Expansion,12,2025-04-19,2025-07-31,2025-07-31,5983.08,5983.08,true,103
OPP-000975,CUST-01083,CUST-01083,Mid-Market,REP-026,Expansion,12,2025-05-30,2025-07-31,2025-07-31,57256.09,57256.09,true,62
OPP-000976,CUST-01085,CUST-01085,Mid-Market,REP-047,Expansion,12,2025-05-16,2025-06-30,2025-06-30,6037.96,6037.96,true,45
OPP-000977,CUST-01099,CUST-01099,Mid-Market,REP-039,Expansion,12,2025-07-03,2025-07-31,2025-07-31,13765.16,13765.16,true,28
OPP-000978,CUST-01190,CUST-01190,SMB,REP-038,Expansion,1,2025-06-12,2025-07-31,2025-07-31,1774.17,147.85,true,49
OPP-000979,CUST-01210,CUST-01210,SMB,REP-030,Expansion,1,2025-06-14,2025-07-31,2025-07-31,1174.78,97.90,true,47
OPP-000980,CUST-01264,CUST-01264,SMB,REP-038,Expansion,1,2025-06-03,2025-06-30,2025-06-30,1159.61,96.63,true,27
OPP-000981,CUST-01307,CUST-01307,Mid-Market,REP-049,Expansion,12,2025-02-17,2025-07-31,2025-07-31,5737.11,5737.11,true,164
OPP-000982,CUST-01313,CUST-01313,Mid-Market,REP-026,Expansion,12,2025-05-19,2025-07-31,2025-07-31,8132.02,8132.02,true,73
OPP-000983,CUST-01344,CUST-01344,SMB,REP-038,Expansion,1,2025-06-28,2025-07-31,2025-07-31,6405.60,533.80,true,33
OPP-000984,CUST-01430,CUST-01430,SMB,REP-038,New Logo,12,2025-07-09,2025-07-31,2025-07-31,5801.02,5801.02,true,22
OPP-000985,CUST-01515,CUST-01515,Mid-Market,REP-010,Expansion,24,2025-06-06,2025-07-31,2025-07-31,3201.77,6403.54,true,55
OPP-000986,CUST-01517,CUST-01517,Mid-Market,REP-010,Expansion,24,2025-05-14,2025-06-30,2025-06-30,8963.81,17927.62,true,47
OPP-000987,CUST-01431,CUST-01431,SMB,REP-037,New Logo,12,2025-06-17,2025-07-01,2025-07-31,7808.03,7808.03,true,14
OPP-000988,CUST-01433,CUST-01433,SMB,REP-038,New Logo,1,2025-07-05,2025-08-01,2025-08-31,8991.15,749.26,true,27
OPP-000989,CUST-01538,CUST-01538,Mid-Market,REP-049,New Logo,12,2025-06-07,2025-08-01,2025-08-31,56113.53,56113.53,true,55
OPP-000990,CUST-01439,CUST-01439,SMB,REP-038,New Logo,12,2025-07-21,2025-08-05,2025-08-31,8885.52,8885.52,true,15
OPP-000991,CUST-01436,CUST-01436,SMB,REP-030,New Logo,1,2025-07-25,2025-08-06,2025-08-31,8743.44,728.62,true,12
OPP-000992,CUST-01537,CUST-01537,Mid-Market,REP-047,New Logo,24,2025-04-21,2025-06-06,2025-06-30,60230.76,120461.52,true,46
OPP-000993,CUST-00549,CUST-00549,SMB,REP-038,Renewal Uplift,12,2025-08-01,2025-08-08,2025-08-31,97.45,97.45,true,7
OPP-000994,CUST-00898,CUST-00898,SMB,REP-038,Renewal Uplift,12,2025-04-10,2025-06-08,2025-06-30,88.09,88.09,true,59
OPP-000995,CUST-01065,CUST-01065,Mid-Market,REP-010,Renewal Uplift,12,2025-05-05,2025-08-09,2025-08-31,1154.79,1154.79,true,96
OPP-000996,CUST-00694,CUST-00694,Mid-Market,REP-039,Renewal Uplift,12,2024-12-18,2025-08-12,2025-08-31,1069.75,1069.75,true,237
OPP-000997,CUST-01437,CUST-01437,SMB,REP-038,New Logo,12,2025-05-29,2025-07-16,2025-07-31,16051.23,16051.23,true,48
OPP-000998,CUST-00283,CUST-00283,SMB,REP-037,Renewal Uplift,12,2025-06-25,2025-08-26,2025-08-31,128.73,128.73,true,62
OPP-000999,CUST-00174,CUST-00174,Mid-Market,REP-047,Renewal Uplift,12,2025-06-10,2025-08-27,2025-08-31,1641.11,1641.11,true,78
OPP-001000,CUST-01432,CUST-01432,SMB,REP-038,New Logo,1,2025-07-25,2025-08-27,2025-08-31,24580.27,2048.36,true,33
OPP-001001,CUST-01434,CUST-01434,SMB,REP-030,New Logo,1,2025-07-25,2025-08-27,2025-08-31,14076.34,1173.03,true,33
OPP-001002,CUST-01435,CUST-01435,SMB,REP-030,New Logo,12,2025-05-19,2025-08-28,2025-08-31,2150.07,2150.07,true,101
OPP-001003,CUST-01438,CUST-01438,SMB,REP-038,New Logo,12,2025-07-09,2025-07-28,2025-07-31,9879.51,9879.51,true,19
OPP-001004,CUST-01301,CUST-01301,Mid-Market,REP-032,Renewal Uplift,12,2025-01-10,2025-06-29,2025-06-30,2899.53,2899.53,true,170
OPP-001005,CUST-01539,CUST-01539,Mid-Market,REP-032,New Logo,12,2025-07-11,2025-08-29,2025-08-31,36799.48,36799.48,true,49
OPP-001006,CUST-01440,CUST-01440,SMB,REP-030,New Logo,12,2025-08-04,2025-08-30,2025-08-31,4041.37,4041.37,true,26
OPP-001007,CUST-00048,CUST-00048,Mid-Market,REP-039,Expansion,12,2025-05-24,2025-08-31,2025-08-31,18848.92,18848.92,true,99
OPP-001008,CUST-00053,CUST-00053,Mid-Market,REP-039,Renewal Uplift,12,2025-06-20,2025-08-31,2025-08-31,1009.99,1009.99,true,72
OPP-001009,CUST-00121,CUST-00121,SMB,REP-038,Expansion,1,2025-07-30,2025-08-31,2025-08-31,729.72,60.81,true,32
OPP-001010,CUST-00359,CUST-00359,Mid-Market,REP-047,Expansion,12,2025-03-18,2025-08-31,2025-08-31,10003.64,10003.64,true,166
OPP-001011,CUST-00367,CUST-00367,Mid-Market,REP-049,Expansion,24,2025-07-21,2025-08-31,2025-08-31,16761.40,33522.80,true,41
OPP-001012,CUST-00367,CUST-00367,Mid-Market,REP-026,Expansion,24,2025-06-27,2025-07-31,2025-07-31,11897.44,23794.88,true,34
OPP-001013,CUST-00671,CUST-00671,Mid-Market,REP-049,Expansion,24,2025-07-14,2025-08-31,2025-08-31,7496.79,14993.58,true,48
OPP-001014,CUST-00802,CUST-00802,SMB,REP-038,Expansion,12,2025-08-21,2025-08-31,2025-08-31,3022.58,3022.58,true,10
OPP-001015,CUST-00946,CUST-00946,SMB,REP-030,Expansion,1,2025-07-22,2025-08-31,2025-08-31,4064.19,338.68,true,40
OPP-001016,CUST-01013,CUST-01013,SMB,REP-030,Expansion,1,2025-08-04,2025-08-31,2025-08-31,661.44,55.12,true,27
OPP-001017,CUST-01018,CUST-01018,Mid-Market,REP-039,Expansion,12,2025-05-19,2025-07-31,2025-07-31,28951.93,28951.93,true,73
OPP-001018,CUST-01021,CUST-01021,Mid-Market,REP-047,Expansion,12,2025-06-24,2025-07-31,2025-07-31,10849.48,10849.48,true,37
OPP-001019,CUST-01067,CUST-01067,Mid-Market,REP-032,Expansion,12,2025-07-14,2025-08-31,2025-08-31,10511.46,10511.46,true,48
OPP-001020,CUST-01067,CUST-01067,Mid-Market,REP-049,Expansion,12,2025-05-24,2025-06-30,2025-06-30,9810.70,9810.70,true,37
OPP-001021,CUST-01079,CUST-01079,Mid-Market,REP-047,Expansion,12,2025-05-30,2025-08-31,2025-08-31,11268.43,11268.43,true,93
OPP-001022,CUST-01104,CUST-01104,Enterprise,REP-029,Expansion,36,2025-04-21,2025-08-31,2025-08-31,14428.17,43284.51,true,132
OPP-001023,CUST-01114,CUST-01114,Enterprise,REP-045,Expansion,12,2025-03-24,2025-08-31,2025-08-31,39503.25,39503.25,true,160
OPP-001024,CUST-01230,CUST-01230,SMB,REP-030,Expansion,12,2025-07-15,2025-08-31,2025-08-31,5885.70,5885.70,true,47
OPP-001025,CUST-01231,CUST-01231,SMB,REP-048,Expansion,1,2025-08-06,2025-08-31,2025-08-31,4621.06,385.09,true,25
OPP-001026,CUST-01236,CUST-01236,SMB,REP-038,Expansion,1,2025-08-11,2025-08-31,2025-08-31,4540.01,378.33,true,20
OPP-001027,CUST-01314,CUST-01314,Mid-Market,REP-047,Expansion,12,2025-05-05,2025-08-31,2025-08-31,9843.14,9843.14,true,118
OPP-001028,CUST-01316,CUST-01316,Mid-Market,REP-032,Expansion,12,2025-06-25,2025-08-31,2025-08-31,27015.17,27015.17,true,67
OPP-001029,CUST-01316,CUST-01316,Mid-Market,REP-039,Expansion,12,2025-07-14,2025-08-31,2025-08-31,15974.18,15974.18,true,48
OPP-001030,CUST-01335,CUST-01335,SMB,REP-030,Expansion,12,2025-08-11,2025-08-31,2025-08-31,569.01,569.01,true,20
OPP-001031,CUST-01335,CUST-01335,SMB,REP-030,Expansion,12,2025-08-18,2025-08-31,2025-08-31,3869.25,3869.25,true,13
OPP-001032,CUST-01396,CUST-01396,SMB,REP-038,Expansion,1,2025-05-27,2025-08-31,2025-08-31,4504.14,375.35,true,96
OPP-001033,CUST-01523,CUST-01523,Mid-Market,REP-026,Expansion,12,2025-03-10,2025-07-31,2025-07-31,14314.36,14314.36,true,143
OPP-001034,CUST-00290,CUST-00290,SMB,REP-030,Renewal Uplift,12,2025-06-21,2025-08-01,2025-08-31,200.84,200.84,true,41
OPP-001035,CUST-01541,CUST-01541,Mid-Market,REP-026,New Logo,12,2025-05-12,2025-09-02,2025-09-30,93806.61,93806.61,true,113
OPP-001036,CUST-01445,CUST-01445,SMB,REP-038,New Logo,12,2025-08-05,2025-09-03,2025-09-30,10529.20,10529.20,true,29
OPP-001037,CUST-01446,CUST-01446,SMB,REP-030,New Logo,1,2025-05-26,2025-09-07,2025-09-30,3517.62,293.13,true,104
OPP-001038,CUST-01450,CUST-01450,SMB,REP-037,New Logo,1,2025-07-31,2025-09-12,2025-09-30,9557.47,796.46,true,43
OPP-001039,CUST-01072,CUST-01072,Mid-Market,REP-049,Renewal Uplift,12,2025-05-28,2025-08-14,2025-08-31,2505.65,2505.65,true,78
OPP-001040,CUST-01449,CUST-01449,SMB,REP-035,New Logo,1,2025-09-01,2025-09-16,2025-09-30,2044.34,170.36,true,15
OPP-001041,CUST-00915,CUST-00915,SMB,REP-038,Renewal Uplift,12,2025-07-10,2025-09-19,2025-09-30,276.92,276.92,true,71
OPP-001042,CUST-01540,CUST-01540,Mid-Market,REP-032,New Logo,12,2025-04-19,2025-08-22,2025-08-31,14193.40,14193.40,true,125
OPP-001043,CUST-01452,CUST-01452,SMB,REP-037,New Logo,12,2025-09-15,2025-09-24,2025-09-30,6765.88,6765.88,true,9
OPP-001044,CUST-01328,CUST-01328,Enterprise,REP-029,Renewal Uplift,12,2025-06-21,2025-09-25,2025-09-30,6600.58,6600.58,true,96
OPP-001045,CUST-01542,CUST-01542,Mid-Market,REP-049,New Logo,12,2025-08-01,2025-08-25,2025-08-31,39234.64,39234.64,true,24
OPP-001046,CUST-01441,CUST-01441,SMB,REP-038,New Logo,1,2025-09-07,2025-09-26,2025-09-30,7629.44,635.79,true,19
OPP-001047,CUST-01442,CUST-01442,SMB,REP-038,New Logo,1,2025-08-25,2025-09-26,2025-09-30,5029.84,419.15,true,32
OPP-001048,CUST-01444,CUST-01444,SMB,REP-037,New Logo,1,2025-08-23,2025-09-26,2025-09-30,17236.20,1436.35,true,34
OPP-001049,CUST-01447,CUST-01447,SMB,REP-037,New Logo,1,2025-09-14,2025-09-26,2025-09-30,1962.39,163.53,true,12
OPP-001050,CUST-00387,CUST-00387,Mid-Market,REP-010,Renewal Uplift,12,2025-04-16,2025-07-27,2025-07-31,1163.50,1163.50,true,102
OPP-001051,CUST-01443,CUST-01443,SMB,REP-037,New Logo,12,2025-06-16,2025-09-27,2025-09-30,2149.27,2149.27,true,103
OPP-001052,CUST-01448,CUST-01448,SMB,REP-038,New Logo,12,2025-07-08,2025-08-27,2025-08-31,8255.64,8255.64,true,50
OPP-001053,CUST-00176,CUST-00176,Mid-Market,REP-046,Renewal Uplift,12,2025-05-24,2025-08-28,2025-08-31,592.73,592.73,true,96
OPP-001054,CUST-01306,CUST-01306,Mid-Market,REP-026,Renewal Uplift,12,2025-09-01,2025-09-28,2025-09-30,831.70,831.70,true,27
OPP-001055,CUST-01451,CUST-01451,SMB,REP-030,New Logo,12,2025-08-09,2025-09-28,2025-09-30,3721.34,3721.34,true,50
OPP-001056,CUST-01069,CUST-01069,Mid-Market,REP-026,Renewal Uplift,12,2025-05-02,2025-09-29,2025-09-30,1102.95,1102.95,true,150
OPP-001057,CUST-00185,CUST-00185,Mid-Market,REP-049,Expansion,12,2025-05-04,2025-08-30,2025-08-31,16273.78,16273.78,true,118
OPP-001058,CUST-00188,CUST-00188,Mid-Market,REP-047,Expansion,12,2025-08-03,2025-09-30,2025-09-30,9299.10,9299.10,true,58
OPP-001059,CUST-00274,CUST-00274,SMB,REP-030,Expansion,12,2025-09-14,2025-09-30,2025-09-30,1846.13,1846.13,true,16
OPP-001060,CUST-00389,CUST-00389,Mid-Market,REP-049,Expansion,12,2025-08-11,2025-09-30,2025-09-30,7880.59,7880.59,true,50
OPP-001061,CUST-00403,CUST-00403,Mid-Market,REP-026,Expansion,12,2025-08-13,2025-09-30,2025-09-30,14829.53,14829.53,true,48
OPP-001062,CUST-00672,CUST-00672,Mid-Market,REP-049,Expansion,12,2025-07-27,2025-08-30,2025-08-31,10254.43,10254.43,true,34
OPP-001063,CUST-00699,CUST-00699,Mid-Market,REP-047,Renewal Uplift,12,2025-07-14,2025-09-30,2025-09-30,2767.85,2767.85,true,78
OPP-001064,CUST-00704,CUST-00704,Mid-Market,REP-039,Expansion,12,2025-09-01,2025-09-30,2025-09-30,2791.05,2791.05,true,29
OPP-001065,CUST-00719,CUST-00719,Mid-Market,REP-026,Expansion,12,2025-02-11,2025-09-30,2025-09-30,24281.12,24281.12,true,231
OPP-001066,CUST-00742,CUST-00742,SMB,REP-037,Expansion,1,2025-08-17,2025-08-30,2025-08-31,3434.03,286.17,true,13
OPP-001067,CUST-00916,CUST-00916,SMB,REP-030,Renewal Uplift,12,2025-09-18,2025-09-30,2025-09-30,302.45,302.45,true,12
OPP-001068,CUST-00954,CUST-00954,SMB,REP-037,Expansion,12,2025-09-21,2025-09-30,2025-09-30,4602.26,4602.26,true,9
OPP-001069,CUST-01028,CUST-01028,Mid-Market,REP-026,Expansion,12,2025-07-04,2025-09-30,2025-09-30,20169.52,20169.52,true,88
OPP-001070,CUST-01083,CUST-01083,Mid-Market,REP-010,Expansion,12,2025-05-28,2025-09-30,2025-09-30,7896.41,7896.41,true,125
OPP-001071,CUST-01086,CUST-01086,Mid-Market,REP-026,Expansion,12,2025-08-19,2025-09-30,2025-09-30,7743.26,7743.26,true,42
OPP-001072,CUST-01094,CUST-01094,Mid-Market,REP-032,Expansion,12,2025-08-11,2025-09-30,2025-09-30,31108.06,31108.06,true,50
OPP-001073,CUST-01153,CUST-01153,SMB,REP-038,Expansion,1,2025-09-19,2025-09-30,2025-09-30,7642.63,636.89,true,11
OPP-001074,CUST-01174,CUST-01174,SMB,REP-038,Expansion,12,2025-08-09,2025-09-30,2025-09-30,1577.30,1577.30,true,52
OPP-001075,CUST-01188,CUST-01188,SMB,REP-035,Expansion,1,2025-07-29,2025-09-30,2025-09-30,4377.20,364.77,true,63
OPP-001076,CUST-01238,CUST-01238,SMB,REP-038,Expansion,1,2025-07-14,2025-08-30,2025-08-31,3578.59,298.22,true,47
OPP-001077,CUST-01281,CUST-01281,Mid-Market,REP-049,Expansion,12,2025-08-18,2025-09-30,2025-09-30,8281.44,8281.44,true,43
OPP-001078,CUST-01305,CUST-01305,Mid-Market,REP-032,Expansion,36,2025-08-24,2025-09-30,2025-09-30,10840.99,32522.97,true,37
OPP-001079,CUST-01321,CUST-01321,Mid-Market,REP-026,Expansion,12,2025-09-08,2025-09-30,2025-09-30,17899.47,17899.47,true,22
OPP-001080,CUST-01328,CUST-01328,Enterprise,REP-045,Expansion,12,2025-06-25,2025-09-30,2025-09-30,13962.26,13962.26,true,97
OPP-001081,CUST-01398,CUST-01398,SMB,REP-035,Expansion,1,2025-09-02,2025-09-30,2025-09-30,622.10,51.84,true,28
OPP-001082,CUST-01453,CUST-01453,SMB,REP-038,New Logo,1,2025-07-10,2025-07-30,2025-07-31,5889.21,490.77,true,20
OPP-001083,CUST-01516,CUST-01516,Mid-Market,REP-047,Expansion,12,2025-08-08,2025-09-30,2025-09-30,10017.76,10017.76,true,53
OPP-001084,CUST-01531,CUST-01531,Mid-Market,REP-010,Expansion,12,2025-08-21,2025-09-30,2025-09-30,9694.42,9694.42,true,40
OPP-001085,CUST-01540,CUST-01540,Mid-Market,REP-039,Expansion,12,2025-07-07,2025-09-30,2025-09-30,18560.60,18560.60,true,85
OPP-001086,CUST-01558,CUST-01558,Enterprise,REP-029,Expansion,12,2025-09-02,2025-09-30,2025-09-30,14763.58,14763.58,true,28
OPP-001087,CUST-01456,CUST-01456,SMB,REP-038,New Logo,12,2025-08-06,2025-09-02,2025-09-30,3309.20,3309.20,true,27
OPP-001088,CUST-01459,CUST-01459,SMB,REP-038,New Logo,12,2025-08-03,2025-10-02,2025-10-31,11721.03,11721.03,true,60
OPP-001089,CUST-01562,CUST-01562,Enterprise,REP-044,New Logo,36,2025-07-09,2025-10-02,2025-10-31,65671.54,197014.62,true,85
OPP-001090,CUST-01230,CUST-01230,SMB,REP-038,Renewal Uplift,12,2025-08-31,2025-10-03,2025-10-31,701.90,701.90,true,33
OPP-001091,CUST-01455,CUST-01455,SMB,REP-038,New Logo,24,2025-08-11,2025-09-03,2025-09-30,20829.90,41659.80,true,23
OPP-001092,CUST-00704,CUST-00704,Mid-Market,REP-047,Renewal Uplift,12,2025-07-28,2025-10-04,2025-10-31,346.09,346.09,true,68
OPP-001093,CUST-00180,CUST-00180,Mid-Market,REP-039,Renewal Uplift,12,2025-06-27,2025-09-06,2025-09-30,3141.12,3141.12,true,71
OPP-001094,,ACCT-P-001094,SMB,REP-038,New Logo,1,2025-09-06,2025-10-07,2025-10-31,7001.74,583.48,false,31
OPP-001095,CUST-01544,CUST-01544,Mid-Market,REP-039,New Logo,24,2025-04-17,2025-10-08,2025-10-31,45865.58,91731.16,true,174
OPP-001096,CUST-01461,CUST-01461,SMB,REP-038,New Logo,1,2025-09-11,2025-10-13,2025-10-31,9806.41,817.20,true,32
OPP-001097,CUST-00703,CUST-00703,Mid-Market,REP-032,Renewal Uplift,12,2025-09-01,2025-10-14,2025-10-31,490.40,490.40,true,43
OPP-001098,CUST-01235,CUST-01235,SMB,REP-048,Renewal Uplift,12,2025-10-07,2025-10-17,2025-10-31,329.80,329.80,true,10
OPP-001099,CUST-01079,CUST-01079,Mid-Market,REP-049,Renewal Uplift,12,2025-07-14,2025-08-19,2025-08-31,859.16,859.16,true,36
OPP-001100,CUST-01309,CUST-01309,Mid-Market,REP-047,Renewal Uplift,12,2025-08-15,2025-09-20,2025-09-30,2097.09,2097.09,true,36
OPP-001101,CUST-01115,CUST-01115,Enterprise,REP-029,Renewal Uplift,36,2025-02-23,2025-10-22,2025-10-31,12132.96,36398.89,true,241
OPP-001102,CUST-00706,CUST-00706,Mid-Market,REP-010,Renewal Uplift,12,2025-06-02,2025-09-26,2025-09-30,3692.77,3692.77,true,116
OPP-001103,CUST-00943,CUST-00943,SMB,REP-030,Renewal Uplift,12,2025-09-28,2025-10-26,2025-10-31,584.00,584.00,true,28
OPP-001104,CUST-01465,CUST-01465,SMB,REP-038,New Logo,12,2025-09-25,2025-10-26,2025-10-31,3574.96,3574.96,true,31
OPP-001105,CUST-01460,CUST-01460,SMB,REP-037,New Logo,1,2025-08-13,2025-10-27,2025-10-31,19769.28,1647.44,true,75
OPP-001106,CUST-00585,CUST-00585,SMB,REP-037,Renewal Uplift,12,2025-09-11,2025-10-28,2025-10-31,223.32,223.32,true,47
OPP-001107,,ACCT-P-001107,SMB,REP-030,New Logo,12,2025-09-11,2025-09-28,2025-09-30,8662.98,8662.98,false,17
OPP-001108,CUST-01458,CUST-01458,SMB,REP-030,New Logo,12,2025-10-15,2025-10-28,2025-10-31,5521.01,5521.01,true,13
OPP-001109,CUST-00029,CUST-00029,SMB,REP-030,Renewal Uplift,12,2025-07-26,2025-09-29,2025-09-30,174.53,174.53,true,65
OPP-001110,CUST-01307,CUST-01307,Mid-Market,REP-049,Renewal Uplift,12,2025-09-17,2025-10-29,2025-10-31,3310.35,3310.35,true,42
OPP-001111,CUST-01462,CUST-01462,SMB,REP-037,New Logo,1,2025-09-16,2025-09-29,2025-09-30,2183.64,181.97,true,13
OPP-001112,CUST-01545,CUST-01545,Mid-Market,REP-049,New Logo,12,2025-08-16,2025-09-29,2025-09-30,47369.04,47369.04,true,44
OPP-001113,CUST-00179,CUST-00179,Mid-Market,REP-047,Renewal Uplift,12,2025-10-03,2025-10-30,2025-10-31,925.74,925.74,true,27
OPP-001114,CUST-01457,CUST-01457,SMB,REP-038,New Logo,1,2025-09-01,2025-09-30,2025-09-30,7150.67,595.89,true,29
OPP-001115,CUST-00055,CUST-00055,Mid-Market,REP-049,Renewal Uplift,12,2025-10-07,2025-10-31,2025-10-31,2640.88,2640.88,true,24
OPP-001116,CUST-00169,CUST-00169,Mid-Market,REP-032,Expansion,12,2025-08-06,2025-10-31,2025-10-31,14196.22,14196.22,true,86
OPP-001117,CUST-00191,CUST-00191,Enterprise,REP-045,Expansion,12,2025-05-14,2025-08-31,2025-08-31,19380.14,19380.14,true,109
OPP-001118,CUST-00359,CUST-00359,Mid-Market,REP-049,Expansion,12,2025-08-18,2025-10-31,2025-10-31,10688.91,10688.91,true,74
OPP-001119,CUST-00366,CUST-00366,Mid-Market,REP-010,Expansion,12,2025-04-19,2025-09-30,2025-09-30,4704.06,4704.06,true,164
OPP-001120,CUST-00462,CUST-00462,SMB,REP-035,Expansion,12,2025-09-14,2025-09-30,2025-09-30,4932.08,4932.08,true,16
OPP-001121,CUST-00672,CUST-00672,Mid-Market,REP-026,Expansion,12,2025-09-22,2025-10-31,2025-10-31,15198.98,15198.98,true,39
OPP-001122,CUST-00687,CUST-00687,Mid-Market,REP-039,Expansion,24,2025-08-04,2025-10-31,2025-10-31,5044.71,10089.42,true,88
OPP-001123,CUST-00702,CUST-00702,Mid-Market,REP-010,Expansion,12,2025-07-06,2025-08-31,2025-08-31,12290.76,12290.76,true,56
OPP-001124,CUST-00716,CUST-00716,Mid-Market,REP-046,Expansion,12,2025-07-17,2025-10-31,2025-10-31,25344.24,25344.24,true,106
OPP-001125,CUST-00829,CUST-00829,SMB,REP-030,Expansion,12,2025-09-05,2025-09-30,2025-09-30,9838.37,9838.37,true,25
OPP-001126,CUST-00947,CUST-00947,SMB,REP-037,Expansion,12,2025-10-19,2025-10-31,2025-10-31,2291.44,2291.44,true,12
OPP-001127,CUST-01017,CUST-01017,Mid-Market,REP-039,Expansion,12,2025-09-11,2025-09-30,2025-09-30,25130.47,25130.47,true,19
OPP-001128,CUST-01017,CUST-01017,Mid-Market,REP-039,Expansion,12,2025-08-09,2025-09-30,2025-09-30,25517.09,25517.09,true,52
OPP-001129,CUST-01028,CUST-01028,Mid-Market,REP-047,Expansion,12,2025-07-08,2025-10-31,2025-10-31,10723.47,10723.47,true,115
OPP-001130,CUST-01196,CUST-01196,SMB,REP-030,Expansion,12,2025-08-31,2025-09-30,2025-09-30,2569.15,2569.15,true,30
OPP-001131,CUST-01262,CUST-01262,SMB,REP-030,Expansion,12,2025-10-13,2025-10-31,2025-10-31,3868.70,3868.70,true,18
OPP-001132,CUST-01270,CUST-01270,SMB,REP-038,Expansion,12,2025-10-12,2025-10-31,2025-10-31,3309.58,3309.58,true,19
OPP-001133,CUST-01279,CUST-01279,Mid-Market,REP-047,Expansion,12,2025-08-18,2025-10-31,2025-10-31,38273.04,38273.04,true,74
OPP-001134,CUST-01294,CUST-01294,Mid-Market,REP-032,Expansion,12,2025-08-14,2025-09-30,2025-09-30,26040.02,26040.02,true,47
OPP-001135,CUST-01294,CUST-01294,Mid-Market,REP-032,Expansion,12,2025-03-20,2025-09-30,2025-09-30,10016.84,10016.84,true,194
OPP-001136,CUST-01326,CUST-01326,Enterprise,REP-014,Expansion,24,2025-08-02,2025-10-31,2025-10-31,4896.19,9792.38,true,90
OPP-001137,CUST-01463,CUST-01463,SMB,REP-035,New Logo,1,2025-08-18,2025-10-31,2025-10-31,15221.46,1268.45,true,74
OPP-001138,CUST-01466,CUST-01466,SMB,REP-038,New Logo,1,2025-10-05,2025-10-31,2025-10-31,12482.75,1040.23,true,26
OPP-001139,CUST-01522,CUST-01522,Mid-Market,REP-039,Expansion,12,2025-09-11,2025-10-31,2025-10-31,32813.35,32813.35,true,50
OPP-001140,CUST-01524,CUST-01524,Mid-Market,REP-039,Expansion,12,2025-06-17,2025-08-31,2025-08-31,23193.55,23193.55,true,75
OPP-001141,CUST-01531,CUST-01531,Mid-Market,REP-032,Expansion,12,2025-08-10,2025-10-31,2025-10-31,16997.30,16997.30,true,82
OPP-001142,CUST-01532,CUST-01532,Mid-Market,REP-047,Expansion,12,2025-07-09,2025-09-30,2025-09-30,54721.70,54721.70,true,83
OPP-001143,CUST-01541,CUST-01541,Mid-Market,REP-049,Expansion,12,2025-08-15,2025-09-30,2025-09-30,46327.19,46327.19,true,46
OPP-001144,CUST-01543,CUST-01543,Mid-Market,REP-049,New Logo,12,2025-08-05,2025-09-30,2025-09-30,171831.18,171831.18,true,56
OPP-001145,CUST-00372,CUST-00372,Mid-Market,REP-026,Renewal Uplift,12,2025-09-16,2025-11-01,2025-11-30,837.76,837.76,true,46
OPP-001146,CUST-00603,CUST-00603,SMB,REP-038,Renewal Uplift,12,2025-08-13,2025-11-02,2025-11-30,358.17,358.17,true,81
OPP-001147,CUST-01472,CUST-01472,SMB,REP-038,New Logo,12,2025-09-03,2025-10-03,2025-10-31,2591.99,2591.99,true,30
OPP-001148,CUST-01471,CUST-01471,SMB,REP-030,New Logo,12,2025-09-20,2025-10-04,2025-10-31,21707.49,21707.49,true,14
OPP-001149,CUST-01467,CUST-01467,SMB,REP-030,New Logo,1,2025-10-13,2025-11-05,2025-11-30,5659.77,471.65,true,23
OPP-001150,CUST-01546,CUST-01546,Mid-Market,REP-047,New Logo,12,2025-06-04,2025-10-11,2025-10-31,34512.23,34512.23,true,129
OPP-001151,CUST-01085,CUST-01085,Mid-Market,REP-026,Renewal Uplift,12,2025-09-21,2025-11-15,2025-11-30,1465.52,1465.52,true,55
OPP-001152,CUST-01243,CUST-01243,SMB,REP-038,Renewal Uplift,12,2025-11-02,2025-11-16,2025-11-30,617.14,617.14,true,14
OPP-001153,CUST-00956,CUST-00956,SMB,REP-030,Renewal Uplift,12,2025-10-29,2025-11-17,2025-11-30,229.53,229.53,true,19
OPP-001154,CUST-01468,CUST-01468,SMB,REP-030,New Logo,12,2025-09-11,2025-10-19,2025-10-31,16734.91,16734.91,true,38
OPP-001155,CUST-01081,CUST-01081,Mid-Market,REP-039,Renewal Uplift,12,2025-10-10,2025-11-21,2025-11-30,2999.54,2999.54,true,42
OPP-001156,CUST-00592,CUST-00592,SMB,REP-037,Renewal Uplift,12,2025-09-09,2025-09-23,2025-09-30,286.50,286.50,true,14
OPP-001157,CUST-01473,CUST-01473,SMB,REP-038,New Logo,12,2025-11-11,2025-11-24,2025-11-30,2787.58,2787.58,true,13
OPP-001158,CUST-00181,CUST-00181,Mid-Market,REP-049,Renewal Uplift,12,2025-10-02,2025-11-25,2025-11-30,656.59,656.59,true,54
OPP-001159,CUST-00183,CUST-00183,Mid-Market,REP-049,Renewal Uplift,12,2025-03-27,2025-11-25,2025-11-30,747.83,747.83,true,243
OPP-001160,CUST-00599,CUST-00599,SMB,REP-048,Renewal Uplift,12,2025-10-12,2025-10-25,2025-10-31,88.77,88.77,true,13
OPP-001161,CUST-01469,CUST-01469,SMB,REP-038,New Logo,12,2025-11-02,2025-11-25,2025-11-30,6010.63,6010.63,true,23
OPP-001162,CUST-01479,CUST-01479,SMB,REP-038,New Logo,12,2025-11-16,2025-11-25,2025-11-30,7335.04,7335.04,true,9
OPP-001163,CUST-01549,CUST-01549,Mid-Market,REP-049,New Logo,12,2025-10-06,2025-11-25,2025-11-30,31389.66,31389.66,true,50
OPP-001164,CUST-00395,CUST-00395,Mid-Market,REP-010,Renewal Uplift,12,2025-10-17,2025-11-26,2025-11-30,713.82,713.82,true,40
OPP-001165,CUST-01083,CUST-01083,Mid-Market,REP-026,Renewal Uplift,12,2025-08-15,2025-10-26,2025-10-31,1737.13,1737.13,true,72
OPP-001166,CUST-01240,CUST-01240,SMB,REP-038,Renewal Uplift,12,2025-10-08,2025-10-26,2025-10-31,436.95,436.95,true,18
OPP-001167,CUST-00736,CUST-00736,Enterprise,REP-014,Renewal Uplift,12,2025-07-19,2025-11-27,2025-11-30,5548.46,5548.46,true,131
OPP-001168,CUST-01470,CUST-01470,SMB,REP-038,New Logo,1,2025-09-04,2025-09-27,2025-09-30,6897.67,574.81,true,23
OPP-001169,CUST-01476,CUST-01476,SMB,REP-030,New Logo,1,2025-11-04,2025-11-27,2025-11-30,3955.59,329.63,true,23
OPP-001170,CUST-01477,CUST-01477,SMB,REP-037,New Logo,1,2025-11-16,2025-11-27,2025-11-30,20644.72,1720.39,true,11
OPP-001171,CUST-01242,CUST-01242,SMB,REP-030,Renewal Uplift,12,2025-11-05,2025-11-28,2025-11-30,351.70,351.70,true,23
OPP-001172,CUST-01475,CUST-01475,SMB,REP-038,New Logo,1,2025-08-04,2025-10-28,2025-10-31,2642.88,220.24,true,85
OPP-001173,CUST-01478,CUST-01478,SMB,REP-038,New Logo,1,2025-11-10,2025-11-28,2025-11-30,4292.19,357.68,true,18
OPP-001174,CUST-01563,CUST-01563,Enterprise,REP-044,New Logo,12,2025-07-29,2025-11-28,2025-11-30,437562.54,437562.54,true,122
OPP-001175,CUST-01547,CUST-01547,Mid-Market,REP-049,New Logo,12,2025-09-10,2025-11-29,2025-11-30,83374.15,83374.15,true,80
OPP-001176,CUST-00182,CUST-00182,Mid-Market,REP-026,Renewal Uplift,12,2025-10-04,2025-10-30,2025-10-31,1275.50,1275.50,true,26
OPP-001177,CUST-00184,CUST-00184,Mid-Market,REP-049,Expansion,12,2025-09-12,2025-11-30,2025-11-30,7095.10,7095.10,true,79
OPP-001178,CUST-00359,CUST-00359,Mid-Market,REP-026,Expansion,12,2025-07-10,2025-11-30,2025-11-30,3741.12,3741.12,true,143
OPP-001179,CUST-00366,CUST-00366,Mid-Market,REP-026,Expansion,12,2025-10-11,2025-11-30,2025-11-30,6272.08,6272.08,true,50
OPP-001180,CUST-00674,CUST-00674,Mid-Market,REP-026,Expansion,12,2025-08-01,2025-10-30,2025-10-31,4988.93,4988.93,true,90
OPP-001181,CUST-00674,CUST-00674,Mid-Market,REP-049,Expansion,12,2025-09-24,2025-11-30,2025-11-30,27139.78,27139.78,true,67
OPP-001182,CUST-00684,CUST-00684,Mid-Market,REP-049,Expansion,12,2025-09-14,2025-11-30,2025-11-30,10662.15,10662.15,true,77
OPP-001183,CUST-00731,CUST-00731,Enterprise,REP-014,Expansion,24,2025-08-21,2025-11-30,2025-11-30,8096.38,16192.76,true,101
OPP-001184,CUST-00759,CUST-00759,SMB,REP-038,Expansion,1,2025-10-17,2025-11-30,2025-11-30,7767.99,647.33,true,44
OPP-001185,CUST-01017,CUST-01017,Mid-Market,REP-026,Expansion,12,2025-10-04,2025-11-30,2025-11-30,10577.55,10577.55,true,57
OPP-001186,CUST-01029,CUST-01029,Mid-Market,REP-049,Expansion,12,2025-10-11,2025-11-30,2025-11-30,1438.48,1438.48,true,50
OPP-001187,CUST-01100,CUST-01100,Mid-Market,REP-039,Expansion,12,2025-09-27,2025-11-30,2025-11-30,2954.08,2954.08,true,64
OPP-001188,CUST-01100,CUST-01100,Mid-Market,REP-049,Expansion,12,2025-10-07,2025-11-30,2025-11-30,7738.71,7738.71,true,54
OPP-001189,CUST-01129,CUST-01129,SMB,REP-030,Expansion,12,2025-11-16,2025-11-30,2025-11-30,4730.57,4730.57,true,14
OPP-001190,CUST-01134,CUST-01134,SMB,REP-030,Expansion,1,2025-10-31,2025-11-30,2025-11-30,5340.86,445.07,true,30
OPP-001191,CUST-01282,CUST-01282,Mid-Market,REP-049,Expansion,12,2025-10-16,2025-11-30,2025-11-30,17695.92,17695.92,true,45
OPP-001192,CUST-01296,CUST-01296,Mid-Market,REP-010,Expansion,1,2025-09-02,2025-11-30,2025-11-30,21840.07,1820.01,true,89
OPP-001193,CUST-01298,CUST-01298,Mid-Market,REP-039,Expansion,12,2025-10-27,2025-11-30,2025-11-30,13055.54,13055.54,true,34
OPP-001194,CUST-01318,CUST-01318,Mid-Market,REP-032,Expansion,12,2025-10-17,2025-11-30,2025-11-30,10000.48,10000.48,true,44
OPP-001195,CUST-01325,CUST-01325,Enterprise,REP-029,Expansion,24,2025-09-12,2025-11-30,2025-11-30,11178.96,22357.92,true,79
OPP-001196,CUST-01332,CUST-01332,Enterprise,REP-029,Expansion,24,2025-08-19,2025-11-30,2025-11-30,37428.42,74856.84,true,103
OPP-001197,CUST-01358,CUST-01358,SMB,REP-030,Expansion,12,2025-09-21,2025-11-30,2025-11-30,7835.88,7835.88,true,70
OPP-001198,CUST-01367,CUST-01367,SMB,REP-038,Expansion,1,2025-11-15,2025-11-30,2025-11-30,3753.71,312.81,true,15
OPP-001199,CUST-01474,CUST-01474,SMB,REP-030,New Logo,1,2025-10-29,2025-11-30,2025-11-30,22591.40,1882.62,true,32
OPP-001200,CUST-01533,CUST-01533,Mid-Market,REP-047,Expansion,12,2025-09-04,2025-10-30,2025-10-31,50140.32,50140.32,true,56
OPP-001201,CUST-01548,CUST-01548,Mid-Market,REP-010,New Logo,12,2025-10-05,2025-11-30,2025-11-30,60508.82,60508.82,true,56
OPP-001202,CUST-01560,CUST-01560,Enterprise,REP-045,Expansion,12,2025-09-07,2025-11-30,2025-11-30,39651.76,39651.76,true,84
OPP-001203,CUST-00331,CUST-00331,SMB,REP-038,Renewal Uplift,12,2025-10-30,2025-12-01,2025-12-31,296.65,296.65,true,32
OPP-001204,CUST-01087,CUST-01087,Mid-Market,REP-049,Renewal Uplift,12,2024-11-05,2025-11-01,2025-11-30,11015.36,11015.36,true,361
OPP-001205,CUST-01120,CUST-01120,Enterprise,REP-014,Renewal Uplift,12,2025-09-30,2025-12-01,2025-12-31,6432.65,6432.65,true,62
OPP-001206,CUST-01510,CUST-01510,SMB,REP-037,New Logo,1,2025-09-29,2025-12-02,2025-12-31,6681.23,556.77,true,64
OPP-001207,CUST-01500,CUST-01500,SMB,REP-038,New Logo,1,2025-11-17,2025-12-03,2025-12-31,6728.98,560.75,true,16
OPP-001208,CUST-01557,CUST-01557,Mid-Market,REP-049,New Logo,24,2025-10-18,2025-12-04,2025-12-31,11880.61,23761.22,true,47
OPP-001209,CUST-00150,CUST-00150,SMB,REP-038,Renewal Uplift,12,2025-10-21,2025-11-05,2025-11-30,179.54,179.54,true,15
OPP-001210,CUST-01486,CUST-01486,SMB,REP-030,New Logo,1,2025-10-25,2025-11-06,2025-11-30,8472.98,706.08,true,12
OPP-001211,CUST-01501,CUST-01501,SMB,REP-038,New Logo,12,2025-10-28,2025-11-07,2025-11-30,2686.05,2686.05,true,10
OPP-001212,CUST-01321,CUST-01321,Mid-Market,REP-039,Renewal Uplift,12,2025-09-29,2025-12-09,2025-12-31,2133.71,2133.71,true,71
OPP-001213,CUST-01480,CUST-01480,SMB,REP-037,New Logo,12,2025-09-14,2025-10-10,2025-10-31,4855.32,4855.32,true,26
OPP-001214,CUST-01481,CUST-01481,SMB,REP-038,New Logo,1,2025-11-27,2025-12-11,2025-12-31,6126.51,510.54,true,14
OPP-001215,CUST-00191,CUST-00191,Enterprise,REP-029,Renewal Uplift,12,2025-07-28,2025-11-12,2025-11-30,2296.51,2296.51,true,107
OPP-001216,CUST-00976,CUST-00976,SMB,REP-030,Renewal Uplift,12,2025-11-04,2025-12-12,2025-12-31,493.69,493.69,true,38
OPP-001217,CUST-00327,CUST-00327,SMB,REP-030,Renewal Uplift,12,2025-11-28,2025-12-13,2025-12-31,80.21,80.21,true,15
OPP-001218,CUST-01504,CUST-01504,SMB,REP-035,New Logo,12,2025-11-01,2025-11-14,2025-11-30,13056.27,13056.27,true,13
OPP-001219,CUST-01564,CUST-01564,Enterprise,REP-045,New Logo,12,2025-08-14,2025-12-14,2025-12-31,200082.40,200082.40,true,122
OPP-001220,CUST-01509,CUST-01509,SMB,REP-035,New Logo,1,2025-10-21,2025-12-15,2025-12-31,5476.78,456.40,true,55
OPP-001221,CUST-01553,CUST-01553,Mid-Market,REP-039,New Logo,12,2025-07-18,2025-12-16,2025-12-31,19085.11,19085.11,true,151
OPP-001222,CUST-00058,CUST-00058,Mid-Market,REP-039,Renewal Uplift,24,2025-10-09,2025-12-17,2025-12-31,1802.39,3604.78,true,69
OPP-001223,CUST-00059,CUST-00059,Mid-Market,REP-026,Renewal Uplift,12,2025-08-22,2025-12-17,2025-12-31,629.57,629.57,true,117
OPP-001224,CUST-00146,CUST-00146,SMB,REP-037,Renewal Uplift,12,2025-11-26,2025-12-17,2025-12-31,158.03,158.03,true,21
OPP-001225,CUST-01488,CUST-01488,SMB,REP-038,New Logo,1,2025-11-01,2025-11-17,2025-11-30,5634.60,469.55,true,16
OPP-001226,CUST-01495,CUST-01495,SMB,REP-038,New Logo,12,2025-11-20,2025-12-18,2025-12-31,11361.63,11361.63,true,28
OPP-001227,CUST-01497,CUST-01497,SMB,REP-038,New Logo,12,2025-10-25,2025-12-18,2025-12-31,18000.96,18000.96,true,54
OPP-001228,CUST-01498,CUST-01498,SMB,REP-038,New Logo,1,2025-09-13,2025-10-19,2025-10-31,8847.97,737.33,true,36
OPP-001229,CUST-01502,CUST-01502,SMB,REP-038,New Logo,1,2025-12-08,2025-12-20,2025-12-31,6321.59,526.80,true,12
OPP-001230,CUST-01097,CUST-01097,Mid-Market,REP-049,Renewal Uplift,12,2025-08-13,2025-12-22,2025-12-31,2886.89,2886.89,true,131
OPP-001231,CUST-01505,CUST-01505,SMB,REP-030,New Logo,1,2025-11-29,2025-12-22,2025-12-31,5042.42,420.20,true,23
OPP-001232,CUST-01554,CUST-01554,Mid-Market,REP-039,New Logo,24,2025-08-31,2025-11-22,2025-11-30,30259.48,60518.96,true,83
OPP-001233,CUST-01260,CUST-01260,SMB,REP-030,Renewal Uplift,12,2025-11-20,2025-12-23,2025-12-31,348.48,348.48,true,33
OPP-001234,CUST-01484,CUST-01484,SMB,REP-030,New Logo,36,2025-11-13,2025-11-24,2025-11-30,4167.71,12503.13,true,11
OPP-001235,CUST-00619,CUST-00619,SMB,REP-038,Renewal Uplift,12,2025-10-22,2025-11-25,2025-11-30,46.13,46.13,true,34
OPP-001236,CUST-00712,CUST-00712,Mid-Market,REP-026,Renewal Uplift,12,2025-10-31,2025-12-26,2025-12-31,268.44,268.44,true,56
OPP-001237,CUST-01552,CUST-01552,Mid-Market,REP-049,New Logo,12,2025-09-09,2025-12-26,2025-12-31,53299.29,53299.29,true,108
OPP-001238,CUST-01556,CUST-01556,Mid-Market,REP-039,New Logo,12,2025-10-30,2025-12-26,2025-12-31,37370.68,37370.68,true,57
OPP-001239,CUST-00140,CUST-00140,SMB,REP-038,Renewal Uplift,12,2025-12-09,2025-12-27,2025-12-31,189.85,189.85,true,18
OPP-001240,CUST-00185,CUST-00185,Mid-Market,REP-039,Renewal Uplift,12,2025-11-02,2025-12-27,2025-12-31,2282.57,2282.57,true,55
OPP-001241,CUST-00723,CUST-00723,Mid-Market,REP-049,Renewal Uplift,12,2025-10-22,2025-12-27,2025-12-31,380.36,380.36,true,66
OPP-001242,CUST-01493,CUST-01493,SMB,REP-038,New Logo,1,2025-12-01,2025-12-27,2025-12-31,14949.34,1245.78,true,26
OPP-001243,CUST-01508,CUST-01508,SMB,REP-030,New Logo,12,2025-10-14,2025-12-27,2025-12-31,8240.41,8240.41,true,74
OPP-001244,CUST-01086,CUST-01086,Mid-Market,REP-026,Renewal Uplift,12,2025-05-21,2025-12-28,2025-12-31,2582.85,2582.85,true,221
OPP-001245,CUST-01099,CUST-01099,Mid-Market,REP-032,Renewal Uplift,12,2025-11-12,2025-12-28,2025-12-31,1467.35,1467.35,true,46
OPP-001246,CUST-01100,CUST-01100,Mid-Market,REP-032,Renewal Uplift,12,2025-12-09,2025-12-28,2025-12-31,1120.18,1120.18,true,19
OPP-001247,CUST-01119,CUST-01119,Enterprise,REP-014,Renewal Uplift,12,2025-10-24,2025-11-28,2025-11-30,5466.47,5466.47,true,35
OPP-001248,CUST-01490,CUST-01490,SMB,REP-038,New Logo,1,2025-10-12,2025-11-28,2025-11-30,25721.65,2143.47,true,47
OPP-001249,CUST-01503,CUST-01503,SMB,REP-038,New Logo,1,2025-11-13,2025-11-28,2025-11-30,6358.33,529.86,true,15
OPP-001250,CUST-01555,CUST-01555,Mid-Market,REP-010,New Logo,24,2025-11-26,2025-12-28,2025-12-31,32528.73,65057.46,true,32
OPP-001251,CUST-00404,CUST-00404,Mid-Market,REP-032,Renewal Uplift,12,2025-10-27,2025-12-29,2025-12-31,1190.75,1190.75,true,63
OPP-001252,CUST-00738,CUST-00738,Enterprise,REP-044,Renewal Uplift,36,2025-08-31,2025-11-29,2025-11-30,7177.56,21532.68,true,90
OPP-001253,CUST-00972,CUST-00972,SMB,REP-030,Renewal Uplift,12,2025-12-09,2025-12-29,2025-12-31,97.20,97.20,true,20
OPP-001254,CUST-01092,CUST-01092,Mid-Market,REP-010,Renewal Uplift,24,2025-11-05,2025-12-29,2025-12-31,627.78,1255.56,true,54
OPP-001255,CUST-01094,CUST-01094,Mid-Market,REP-039,Renewal Uplift,12,2025-08-20,2025-11-29,2025-11-30,4500.31,4500.31,true,101
OPP-001256,CUST-01318,CUST-01318,Mid-Market,REP-049,Renewal Uplift,12,2025-07-22,2025-10-29,2025-10-31,1362.01,1362.01,true,99
OPP-001257,CUST-01320,CUST-01320,Mid-Market,REP-049,Renewal Uplift,12,2025-10-13,2025-12-29,2025-12-31,514.49,514.49,true,77
OPP-001258,CUST-01485,CUST-01485,SMB,REP-038,New Logo,1,2025-11-29,2025-12-29,2025-12-31,9243.11,770.26,true,30
OPP-001259,CUST-01489,CUST-01489,SMB,REP-048,New Logo,1,2025-11-23,2025-12-29,2025-12-31,13785.14,1148.76,true,36
OPP-001260,CUST-01491,CUST-01491,SMB,REP-048,New Logo,12,2025-11-17,2025-12-29,2025-12-31,14018.72,14018.72,true,42
OPP-001261,CUST-01494,CUST-01494,SMB,REP-030,New Logo,12,2025-11-28,2025-12-29,2025-12-31,8137.33,8137.33,true,31
OPP-001262,CUST-01496,CUST-01496,SMB,REP-030,New Logo,12,2025-11-22,2025-12-29,2025-12-31,4746.41,4746.41,true,37
OPP-001263,CUST-01507,CUST-01507,SMB,REP-030,New Logo,1,2025-09-27,2025-11-29,2025-11-30,3636.40,303.03,true,63
OPP-001264,CUST-01550,CUST-01550,Mid-Market,REP-039,New Logo,12,2025-10-31,2025-12-29,2025-12-31,18076.03,18076.03,true,59
OPP-001265,CUST-01093,CUST-01093,Mid-Market,REP-049,Renewal Uplift,12,2025-10-11,2025-12-30,2025-12-31,5397.47,5397.47,true,80
OPP-001266,CUST-01483,CUST-01483,SMB,REP-035,New Logo,1,2025-12-03,2025-12-30,2025-12-31,2175.37,181.28,true,27
OPP-001267,CUST-01499,CUST-01499,SMB,REP-035,New Logo,1,2025-11-12,2025-11-30,2025-11-30,14018.72,1168.23,true,18
OPP-001268,CUST-01506,CUST-01506,SMB,REP-038,New Logo,1,2025-12-19,2025-12-30,2025-12-31,8110.21,675.85,true,11
OPP-001269,CUST-00188,CUST-00188,Mid-Market,REP-049,Renewal Uplift,12,2025-11-23,2025-12-31,2025-12-31,825.33,825.33,true,38
OPP-001270,CUST-00381,CUST-00381,Mid-Market,REP-026,Expansion,12,2025-11-06,2025-12-31,2025-12-31,14128.70,14128.70,true,55
OPP-001271,CUST-00405,CUST-00405,Mid-Market,REP-026,Renewal Uplift,12,2025-09-26,2025-12-31,2025-12-31,1406.83,1406.83,true,96
OPP-001272,CUST-00651,CUST-00651,Mid-Market,REP-032,Expansion,24,2025-09-28,2025-11-30,2025-11-30,12922.62,25845.24,true,63
OPP-001273,CUST-00663,CUST-00663,Mid-Market,REP-026,Expansion,24,2025-10-21,2025-12-31,2025-12-31,14987.85,29975.70,true,71
OPP-001274,CUST-00669,CUST-00669,Mid-Market,REP-049,Expansion,12,2025-11-15,2025-12-31,2025-12-31,5087.42,5087.42,true,46
OPP-001275,CUST-00716,CUST-00716,Mid-Market,REP-032,Renewal Uplift,12,2025-12-02,2025-12-31,2025-12-31,2686.76,2686.76,true,29
OPP-001276,CUST-00737,CUST-00737,Enterprise,REP-029,Renewal Uplift,12,2025-11-11,2025-12-31,2025-12-31,15793.91,15793.91,true,50
OPP-001277,CUST-00864,CUST-00864,SMB,REP-038,Expansion,1,2025-11-05,2025-11-30,2025-11-30,683.81,56.98,true,25
OPP-001278,CUST-01002,CUST-01002,SMB,REP-038,Renewal Uplift,12,2025-11-20,2025-12-31,2025-12-31,187.99,187.99,true,41
OPP-001279,CUST-01009,CUST-01009,SMB,REP-038,Renewal Uplift,12,2025-11-10,2025-12-31,2025-12-31,300.79,300.79,true,51
OPP-001280,CUST-01054,CUST-01054,Mid-Market,REP-010,Expansion,12,2025-11-09,2025-12-31,2025-12-31,15022.00,15022.00,true,52
OPP-001281,CUST-01069,CUST-01069,Mid-Market,REP-026,Expansion,12,2025-09-24,2025-11-30,2025-11-30,1541.83,1541.83,true,67
OPP-001282,CUST-01094,CUST-01094,Mid-Market,REP-049,Expansion,12,2025-06-16,2025-12-31,2025-12-31,4051.30,4051.30,true,198
OPP-001283,CUST-01275,CUST-01275,Mid-Market,REP-039,Expansion,12,2025-10-27,2025-12-31,2025-12-31,6616.47,6616.47,true,65
OPP-001284,CUST-01287,CUST-01287,Mid-Market,REP-039,Expansion,12,2025-02-24,2025-12-31,2025-12-31,9325.72,9325.72,true,310
OPP-001285,CUST-01290,CUST-01290,Mid-Market,REP-039,Expansion,36,2025-11-16,2025-12-31,2025-12-31,9553.27,28659.81,true,45
OPP-001286,CUST-01306,CUST-01306,Mid-Market,REP-026,Expansion,12,2025-09-29,2025-10-31,2025-10-31,35233.25,35233.25,true,32
OPP-001287,CUST-01318,CUST-01318,Mid-Market,REP-050,Expansion,12,2025-11-08,2025-12-31,2025-12-31,14610.54,14610.54,true,53
OPP-001288,CUST-01360,CUST-01360,SMB,REP-037,Expansion,1,2025-12-03,2025-12-31,2025-12-31,1898.28,158.19,true,28
OPP-001289,CUST-01376,CUST-01376,SMB,REP-035,Expansion,1,2025-09-18,2025-10-31,2025-10-31,3516.63,293.05,true,43
OPP-001290,CUST-01440,CUST-01440,SMB,REP-038,Expansion,12,2025-12-02,2025-12-31,2025-12-31,2020.68,2020.68,true,29
OPP-001291,CUST-01442,CUST-01442,SMB,REP-038,Expansion,1,2025-12-15,2025-12-31,2025-12-31,2011.93,167.66,true,16
OPP-001292,CUST-01482,CUST-01482,SMB,REP-048,New Logo,12,2025-11-20,2025-12-31,2025-12-31,26253.72,26253.72,true,41
OPP-001293,CUST-01487,CUST-01487,SMB,REP-038,New Logo,1,2025-12-14,2025-12-31,2025-12-31,10153.87,846.16,true,17
OPP-001294,CUST-01492,CUST-01492,SMB,REP-038,New Logo,1,2025-11-10,2025-12-31,2025-12-31,9136.88,761.40,true,51
OPP-001295,CUST-01530,CUST-01530,Mid-Market,REP-046,Expansion,12,2025-10-22,2025-12-31,2025-12-31,15411.59,15411.59,true,70
OPP-001296,CUST-01540,CUST-01540,Mid-Market,REP-026,Expansion,12,2025-11-13,2025-12-31,2025-12-31,6550.80,6550.80,true,48
OPP-001297,CUST-01540,CUST-01540,Mid-Market,REP-046,Expansion,12,2025-10-24,2025-12-31,2025-12-31,15721.92,15721.92,true,68
OPP-001298,CUST-01551,CUST-01551,Mid-Market,REP-039,New Logo,12,2025-11-23,2025-12-31,2025-12-31,43430.50,43430.50,true,38
OPP-001299,CUST-01552,CUST-01552,Mid-Market,REP-032,Expansion,12,2025-10-05,2025-12-31,2025-12-31,79089.27,79089.27,true,87
OPP-001300,CUST-01018,CUST-01018,Mid-Market,REP-032,Renewal Uplift,12,2025-11-06,2026-01-02,2026-01-31,7064.60,7064.60,true,57
OPP-001301,CUST-01102,CUST-01102,Enterprise,REP-029,Renewal Uplift,12,2025-09-22,2026-01-02,2026-01-31,12506.80,12506.80,true,102
OPP-001302,CUST-01565,CUST-01565,SMB,REP-038,New Logo,12,2025-12-15,2026-01-03,2026-01-31,13160.21,13160.21,true,19
OPP-001303,CUST-01129,CUST-01129,SMB,REP-038,Renewal Uplift,12,2025-11-22,2026-01-04,2026-01-31,548.38,548.38,true,43
OPP-001304,CUST-00356,CUST-00356,Mid-Market,REP-010,Renewal Uplift,12,2025-12-19,2026-01-13,2026-01-31,858.60,858.60,true,25
OPP-001305,CUST-01566,CUST-01566,SMB,REP-030,New Logo,1,2025-12-27,2026-01-14,2026-01-31,5420.47,451.70,true,18
OPP-001306,CUST-01573,CUST-01573,SMB,REP-038,New Logo,1,2025-11-15,2025-12-15,2025-12-31,5158.80,429.90,true,30
OPP-001307,CUST-00741,CUST-00741,SMB,REP-038,Renewal Uplift,12,2025-11-06,2026-01-17,2026-01-31,216.58,216.58,true,72
OPP-001308,CUST-00757,CUST-00757,SMB,REP-037,Renewal Uplift,12,2025-12-14,2026-01-17,2026-01-31,426.11,426.11,true,34
OPP-001309,CUST-01572,CUST-01572,SMB,REP-038,New Logo,1,2025-12-14,2026-01-19,2026-01-31,3506.42,292.20,true,36
OPP-001310,CUST-00725,CUST-00725,Enterprise,REP-045,Renewal Uplift,12,2025-10-02,2026-01-22,2026-01-31,4080.89,4080.89,true,112
OPP-001311,CUST-01622,CUST-01622,Mid-Market,REP-026,New Logo,24,2025-11-10,2026-01-22,2026-01-31,52581.64,105163.28,true,73
OPP-001312,CUST-00156,CUST-00156,Mid-Market,REP-026,Renewal Uplift,12,2025-10-15,2026-01-26,2026-01-31,1107.34,1107.34,true,103
OPP-001313,CUST-01022,CUST-01022,Mid-Market,REP-049,Renewal Uplift,24,2025-12-10,2026-01-26,2026-01-31,1662.13,3324.26,true,47
OPP-001314,CUST-01570,CUST-01570,SMB,REP-030,New Logo,1,2026-01-09,2026-01-26,2026-01-31,4350.77,362.56,true,17
OPP-001315,CUST-01621,CUST-01621,Mid-Market,REP-046,New Logo,24,2025-09-30,2025-11-26,2025-11-30,143225.66,286451.32,true,57
OPP-001316,CUST-00653,CUST-00653,Mid-Market,REP-010,Renewal Uplift,12,2025-12-23,2026-01-28,2026-01-31,1475.43,1475.43,true,36
OPP-001317,CUST-00739,CUST-00739,SMB,REP-038,Renewal Uplift,12,2026-01-19,2026-01-29,2026-01-31,500.57,500.57,true,10
OPP-001318,CUST-01336,CUST-01336,SMB,REP-038,Renewal Uplift,12,2025-10-30,2025-11-29,2025-11-30,238.83,238.83,true,30
OPP-001319,CUST-00654,CUST-00654,Mid-Market,REP-032,Renewal Uplift,24,2025-10-05,2026-01-30,2026-01-31,1060.71,2121.42,true,117
OPP-001320,CUST-01101,CUST-01101,Enterprise,REP-014,Renewal Uplift,12,2025-10-29,2026-01-30,2026-01-31,5181.66,5181.66,true,93
OPP-001321,CUST-01275,CUST-01275,Mid-Market,REP-026,Renewal Uplift,12,2025-10-28,2025-12-30,2025-12-31,1863.18,1863.18,true,63
OPP-001322,CUST-01512,CUST-01512,Mid-Market,REP-049,Renewal Uplift,12,2025-11-10,2025-12-30,2025-12-31,1889.73,1889.73,true,50
OPP-001323,CUST-01568,CUST-01568,SMB,REP-035,New Logo,12,2025-12-27,2026-01-30,2026-01-31,10820.02,10820.02,true,34
OPP-001324,CUST-01571,CUST-01571,SMB,REP-038,New Logo,1,2025-12-28,2026-01-30,2026-01-31,7353.25,612.77,true,33
OPP-001325,CUST-00166,CUST-00166,Mid-Market,REP-026,Expansion,24,2025-11-11,2026-01-31,2026-01-31,2513.73,5027.46,true,81
OPP-001326,CUST-00373,CUST-00373,Mid-Market,REP-026,Expansion,12,2025-12-29,2026-01-31,2026-01-31,8397.48,8397.48,true,33
OPP-001327,CUST-00699,CUST-00699,Mid-Market,REP-026,Expansion,12,2025-12-17,2026-01-31,2026-01-31,29593.38,29593.38,true,45
OPP-001328,CUST-00734,CUST-00734,Enterprise,REP-014,Expansion,36,2025-11-26,2025-12-31,2025-12-31,10345.84,31037.52,true,35
OPP-001329,CUST-01017,CUST-01017,Mid-Market,REP-049,Renewal Uplift,12,2025-08-08,2026-01-31,2026-01-31,2960.13,2960.13,true,176
OPP-001330,CUST-01018,CUST-01018,Mid-Market,REP-010,Expansion,12,2025-12-26,2026-01-31,2026-01-31,24662.76,24662.76,true,36
OPP-001331,CUST-01024,CUST-01024,Mid-Market,REP-050,Expansion,12,2025-07-27,2026-01-31,2026-01-31,9824.26,9824.26,true,188
OPP-001332,CUST-01032,CUST-01032,Mid-Market,REP-049,Expansion,12,2025-10-04,2025-12-31,2025-12-31,1082.56,1082.56,true,88
OPP-001333,CUST-01060,CUST-01060,Mid-Market,REP-010,Expansion,12,2025-10-29,2026-01-31,2026-01-31,12710.02,12710.02,true,94
OPP-001334,CUST-01317,CUST-01317,Mid-Market,REP-026,Expansion,1,2025-10-08,2026-01-31,2026-01-31,40661.17,3388.43,true,115
OPP-001335,CUST-01362,CUST-01362,SMB,REP-035,Expansion,1,2025-11-22,2025-11-30,2025-11-30,1316.62,109.72,true,8
OPP-001336,CUST-01381,CUST-01381,SMB,REP-038,Expansion,1,2025-12-18,2026-01-31,2026-01-31,3759.78,313.31,true,44
OPP-001337,CUST-01405,CUST-01405,SMB,REP-038,Expansion,12,2026-01-17,2026-01-31,2026-01-31,3510.14,3510.14,true,14
OPP-001338,CUST-01490,CUST-01490,SMB,REP-030,Expansion,1,2026-01-11,2026-01-31,2026-01-31,5144.33,428.69,true,20
OPP-001339,CUST-01514,CUST-01514,Mid-Market,REP-049,Expansion,12,2026-01-08,2026-01-31,2026-01-31,30966.81,30966.81,true,23
OPP-001340,CUST-01547,CUST-01547,Mid-Market,REP-039,Expansion,12,2025-12-08,2026-01-31,2026-01-31,111593.09,111593.09,true,54
OPP-001341,CUST-01558,CUST-01558,Enterprise,REP-045,Renewal Uplift,12,2025-06-02,2026-01-31,2026-01-31,17681.76,17681.76,true,243
OPP-001342,CUST-01567,CUST-01567,SMB,REP-048,New Logo,1,2026-01-02,2026-01-31,2026-01-31,13978.93,1164.91,true,29
OPP-001343,CUST-01569,CUST-01569,SMB,REP-038,New Logo,1,2025-09-20,2025-11-30,2025-11-30,6879.69,573.31,true,71
OPP-001344,CUST-01559,CUST-01559,Enterprise,REP-029,Renewal Uplift,12,2025-11-14,2026-02-02,2026-02-28,5374.33,5374.33,true,80
OPP-001345,CUST-01576,CUST-01576,SMB,REP-038,New Logo,1,2026-01-07,2026-02-02,2026-02-28,8455.14,704.59,true,26
OPP-001346,CUST-01355,CUST-01355,SMB,REP-037,Renewal Uplift,12,2026-01-23,2026-02-03,2026-02-28,361.98,361.98,true,11
OPP-001347,CUST-01579,CUST-01579,SMB,REP-048,New Logo,12,2025-12-31,2026-02-04,2026-02-28,11568.15,11568.15,true,35
OPP-001348,CUST-01580,CUST-01580,SMB,REP-030,New Logo,1,2025-12-11,2026-02-04,2026-02-28,3666.78,305.56,true,55
OPP-001349,CUST-01358,CUST-01358,SMB,REP-030,Renewal Uplift,12,2026-01-06,2026-02-09,2026-02-28,929.08,929.08,true,34
OPP-001350,CUST-00657,CUST-00657,Mid-Market,REP-049,Renewal Uplift,12,2025-10-27,2026-02-11,2026-02-28,2043.81,2043.81,true,107
OPP-001351,CUST-01624,CUST-01624,Mid-Market,REP-050,New Logo,12,2025-12-02,2026-02-13,2026-02-28,32800.60,32800.60,true,73
OPP-001352,CUST-01575,CUST-01575,SMB,REP-038,New Logo,1,2025-12-22,2026-01-16,2026-01-31,3813.55,317.80,true,25
OPP-001353,CUST-01636,CUST-01636,Enterprise,REP-045,New Logo,24,2025-10-01,2026-01-16,2026-01-31,164833.52,329667.04,true,107
OPP-001354,CUST-01023,CUST-01023,Mid-Market,REP-050,Renewal Uplift,12,2026-01-01,2026-02-23,2026-02-28,1231.10,1231.10,true,53
OPP-001355,CUST-01574,CUST-01574,SMB,REP-038,New Logo,12,2026-01-29,2026-02-25,2026-02-28,3926.45,3926.45,true,27
OPP-001356,CUST-01623,CUST-01623,Mid-Market,REP-049,New Logo,12,2025-10-27,2026-02-25,2026-02-28,85482.10,85482.10,true,121
OPP-001357,CUST-01027,CUST-01027,Mid-Market,REP-026,Renewal Uplift,12,2025-11-24,2025-12-26,2025-12-31,14009.43,14009.43,true,32
OPP-001358,CUST-01578,CUST-01578,SMB,REP-048,New Logo,12,2026-02-14,2026-02-26,2026-02-28,3684.31,3684.31,true,12
OPP-001359,CUST-01581,CUST-01581,SMB,REP-037,New Logo,12,2026-01-06,2026-02-26,2026-02-28,9581.24,9581.24,true,51
OPP-001360,CUST-00357,CUST-00357,Mid-Market,REP-050,Renewal Uplift,12,2025-11-06,2026-02-27,2026-02-28,2081.88,2081.88,true,113
OPP-001361,CUST-00767,CUST-00767,SMB,REP-038,Renewal Uplift,12,2026-01-09,2026-02-27,2026-02-28,304.37,304.37,true,49
OPP-001362,CUST-00055,CUST-00055,Mid-Market,REP-010,Expansion,12,2026-01-04,2026-02-28,2026-02-28,28377.34,28377.34,true,55
OPP-001363,CUST-00070,CUST-00070,SMB,REP-038,Renewal Uplift,12,2026-01-29,2026-02-28,2026-02-28,187.29,187.29,true,30
OPP-001364,CUST-00156,CUST-00156,Mid-Market,REP-049,Expansion,12,2026-01-04,2026-02-28,2026-02-28,7437.01,7437.01,true,55
OPP-001365,CUST-00356,CUST-00356,Mid-Market,REP-032,Expansion,12,2025-10-02,2026-02-28,2026-02-28,10069.48,10069.48,true,149
OPP-001366,CUST-00416,CUST-00416,Enterprise,REP-044,Expansion,24,2026-01-18,2026-02-28,2026-02-28,31842.09,63684.18,true,41
OPP-001367,CUST-00778,CUST-00778,SMB,REP-038,Renewal Uplift,12,2026-02-07,2026-02-28,2026-02-28,811.20,811.20,true,21
OPP-001368,CUST-00782,CUST-00782,SMB,REP-030,Expansion,1,2026-02-01,2026-02-28,2026-02-28,8075.03,672.92,true,27
OPP-001369,CUST-01059,CUST-01059,Mid-Market,REP-026,Expansion,12,2025-12-05,2026-02-28,2026-02-28,5322.80,5322.80,true,85
OPP-001370,CUST-01264,CUST-01264,SMB,REP-048,Expansion,1,2026-01-27,2026-02-28,2026-02-28,3848.69,320.72,true,32
OPP-001371,CUST-01281,CUST-01281,Mid-Market,REP-026,Expansion,12,2025-10-10,2025-12-28,2025-12-31,30164.25,30164.25,true,79
OPP-001372,CUST-01304,CUST-01304,Mid-Market,REP-049,Expansion,12,2025-12-12,2026-02-28,2026-02-28,7839.75,7839.75,true,78
OPP-001373,CUST-01318,CUST-01318,Mid-Market,REP-026,Expansion,12,2026-01-08,2026-02-28,2026-02-28,3522.39,3522.39,true,51
OPP-001374,CUST-01319,CUST-01319,Mid-Market,REP-049,Expansion,12,2025-11-08,2026-02-28,2026-02-28,2309.39,2309.39,true,112
OPP-001375,CUST-01344,CUST-01344,SMB,REP-038,Expansion,1,2025-12-20,2025-12-28,2025-12-31,6263.25,521.94,true,8
OPP-001376,CUST-01420,CUST-01420,SMB,REP-030,Expansion,1,2026-01-31,2026-02-28,2026-02-28,5664.97,472.08,true,28
OPP-001377,CUST-01428,CUST-01428,SMB,REP-030,Expansion,1,2026-02-04,2026-02-28,2026-02-28,1336.37,111.36,true,24
OPP-001378,CUST-01524,CUST-01524,Mid-Market,REP-039,Expansion,12,2025-12-01,2026-02-28,2026-02-28,53013.84,53013.84,true,89
OPP-001379,CUST-01531,CUST-01531,Mid-Market,REP-039,Expansion,12,2026-01-27,2026-02-28,2026-02-28,29504.73,29504.73,true,32
OPP-001380,CUST-01540,CUST-01540,Mid-Market,REP-039,Expansion,12,2025-09-27,2026-02-28,2026-02-28,4494.63,4494.63,true,154
OPP-001381,CUST-01577,CUST-01577,SMB,REP-030,New Logo,12,2026-01-19,2026-02-28,2026-02-28,5446.14,5446.14,true,40
OPP-001382,CUST-01106,CUST-01106,Enterprise,REP-029,Renewal Uplift,12,2026-01-03,2026-03-01,2026-03-31,5240.02,5240.02,true,57
OPP-001383,CUST-01594,CUST-01594,SMB,REP-038,New Logo,1,2025-12-29,2026-02-01,2026-02-28,7121.04,593.42,true,34
OPP-001384,CUST-01625,CUST-01625,Mid-Market,REP-039,New Logo,36,2026-01-07,2026-03-04,2026-03-31,35321.08,105963.24,true,56
OPP-001385,CUST-01584,CUST-01584,SMB,REP-038,New Logo,12,2026-02-01,2026-03-06,2026-03-31,9644.32,9644.32,true,33
OPP-001386,CUST-01591,CUST-01591,SMB,REP-038,New Logo,12,2026-02-20,2026-03-06,2026-03-31,4168.63,4168.63,true,14
OPP-001387,CUST-01586,CUST-01586,SMB,REP-038,New Logo,1,2026-01-22,2026-03-07,2026-03-31,16154.83,1346.24,true,44
OPP-001388,CUST-00663,CUST-00663,Mid-Market,REP-050,Renewal Uplift,24,2026-02-01,2026-03-08,2026-03-31,2698.39,5396.78,true,35
OPP-001389,CUST-00790,CUST-00790,SMB,REP-048,Renewal Uplift,12,2026-02-08,2026-03-08,2026-03-31,356.76,356.76,true,28
OPP-001390,CUST-01628,CUST-01628,Mid-Market,REP-049,New Logo,12,2025-11-28,2026-02-08,2026-02-28,31166.55,31166.55,true,72
OPP-001391,CUST-01285,CUST-01285,Mid-Market,REP-039,Renewal Uplift,12,2025-12-30,2026-02-09,2026-02-28,2283.30,2283.30,true,41
OPP-001392,CUST-00224,CUST-00224,SMB,REP-038,Renewal Uplift,12,2026-02-27,2026-03-10,2026-03-31,88.77,88.77,true,11
OPP-001393,CUST-01588,CUST-01588,SMB,REP-030,New Logo,12,2026-02-09,2026-03-10,2026-03-31,3354.87,3354.87,true,29
OPP-001394,CUST-00362,CUST-00362,Mid-Market,REP-032,Renewal Uplift,12,2026-01-26,2026-03-11,2026-03-31,2339.40,2339.40,true,44
OPP-001395,CUST-01029,CUST-01029,Mid-Market,REP-026,Renewal Uplift,12,2026-01-10,2026-03-11,2026-03-31,1903.07,1903.07,true,60
OPP-001396,CUST-00668,CUST-00668,Mid-Market,REP-050,Renewal Uplift,12,2025-12-24,2026-03-13,2026-03-31,1445.65,1445.65,true,79
OPP-001397,CUST-01583,CUST-01583,SMB,REP-048,New Logo,1,2026-01-25,2026-03-14,2026-03-31,7345.02,612.09,true,48
OPP-001398,CUST-00667,CUST-00667,Mid-Market,REP-010,Renewal Uplift,12,2026-01-23,2026-03-15,2026-03-31,943.34,943.34,true,51
OPP-001399,CUST-01036,CUST-01036,Mid-Market,REP-010,Renewal Uplift,12,2026-01-04,2026-02-19,2026-02-28,3029.98,3029.98,true,46
OPP-001400,CUST-01522,CUST-01522,Mid-Market,REP-049,Renewal Uplift,12,2025-10-27,2026-02-20,2026-02-28,4415.72,4415.72,true,116
OPP-001401,CUST-00786,CUST-00786,SMB,REP-038,Renewal Uplift,12,2026-02-17,2026-03-22,2026-03-31,512.46,512.46,true,33
OPP-001402,CUST-01593,CUST-01593,SMB,REP-030,New Logo,12,2026-02-03,2026-03-22,2026-03-31,7815.08,7815.08,true,47
OPP-001403,CUST-01589,CUST-01589,SMB,REP-038,New Logo,12,2026-01-17,2026-02-25,2026-02-28,8228.09,8228.09,true,39
OPP-001404,CUST-01371,CUST-01371,SMB,REP-038,Renewal Uplift,12,2025-12-15,2026-02-26,2026-02-28,127.93,127.93,true,73
OPP-001405,CUST-01587,CUST-01587,SMB,REP-035,New Logo,1,2026-01-19,2026-03-26,2026-03-31,3022.04,251.84,true,66
OPP-001406,CUST-00226,CUST-00226,SMB,REP-030,Renewal Uplift,12,2026-01-11,2026-02-27,2026-02-28,158.32,158.32,true,47
OPP-001407,CUST-00662,CUST-00662,Mid-Market,REP-039,Renewal Uplift,12,2026-01-19,2026-03-27,2026-03-31,2314.62,2314.62,true,67
OPP-001408,CUST-01105,CUST-01105,Enterprise,REP-029,Renewal Uplift,12,2025-07-02,2026-03-27,2026-03-31,5130.91,5130.91,true,268
OPP-001409,CUST-01156,CUST-01156,SMB,REP-038,Renewal Uplift,12,2026-01-09,2026-01-27,2026-01-31,189.87,189.87,true,18
OPP-001410,CUST-01582,CUST-01582,SMB,REP-037,New Logo,1,2026-02-26,2026-03-27,2026-03-31,3837.71,319.81,true,29
OPP-001411,CUST-00461,CUST-00461,SMB,REP-038,Renewal Uplift,12,2026-03-10,2026-03-28,2026-03-31,90.46,90.46,true,18
OPP-001412,CUST-00665,CUST-00665,Mid-Market,REP-032,Renewal Uplift,12,2026-02-01,2026-03-28,2026-03-31,2426.76,2426.76,true,55
OPP-001413,CUST-01379,CUST-01379,SMB,REP-037,Renewal Uplift,12,2026-02-20,2026-03-28,2026-03-31,604.53,604.53,true,36
OPP-001414,CUST-01585,CUST-01585,SMB,REP-038,New Logo,1,2026-03-08,2026-03-28,2026-03-31,11426.40,952.20,true,20
OPP-001415,CUST-01590,CUST-01590,SMB,REP-038,New Logo,1,2026-03-09,2026-03-28,2026-03-31,21116.81,1759.73,true,19
OPP-001416,CUST-00361,CUST-00361,Mid-Market,REP-039,Renewal Uplift,12,2026-02-09,2026-03-29,2026-03-31,1878.51,1878.51,true,48
OPP-001417,CUST-01592,CUST-01592,SMB,REP-038,New Logo,1,2026-03-18,2026-03-29,2026-03-31,19548.26,1629.02,true,11
OPP-001418,CUST-01627,CUST-01627,Mid-Market,REP-010,New Logo,12,2026-03-02,2026-03-29,2026-03-31,34872.90,34872.90,true,27
OPP-001419,CUST-01626,CUST-01626,Mid-Market,REP-039,New Logo,12,2026-01-07,2026-03-30,2026-03-31,56244.42,56244.42,true,82
OPP-001420,CUST-00378,CUST-00378,Mid-Market,REP-050,Expansion,12,2025-10-21,2026-02-28,2026-02-28,16604.28,16604.28,true,130
OPP-001421,CUST-00394,CUST-00394,Mid-Market,REP-051,Expansion,1,2025-12-06,2026-03-31,2026-03-31,10877.94,906.50,true,115
OPP-001422,CUST-00405,CUST-00405,Mid-Market,REP-010,Expansion,12,2026-02-20,2026-03-31,2026-03-31,7611.11,7611.11,true,39
OPP-001423,CUST-00475,CUST-00475,SMB,REP-035,Renewal Uplift,12,2026-03-05,2026-03-31,2026-03-31,238.14,238.14,true,26
OPP-001424,CUST-00671,CUST-00671,Mid-Market,REP-032,Expansion,24,2026-02-18,2026-03-31,2026-03-31,21594.48,43188.96,true,41
OPP-001425,CUST-00764,CUST-00764,SMB,REP-038,Expansion,1,2026-02-20,2026-02-28,2026-02-28,5198.75,433.23,true,8
OPP-001426,CUST-01055,CUST-01055,Mid-Market,REP-050,Expansion,12,2026-02-09,2026-03-31,2026-03-31,6760.76,6760.76,true,50
OPP-001427,CUST-01083,CUST-01083,Mid-Market,REP-026,Expansion,12,2025-12-20,2026-03-31,2026-03-31,5567.67,5567.67,true,101
OPP-001428,CUST-01083,CUST-01083,Mid-Market,REP-039,Expansion,12,2025-12-24,2026-03-31,2026-03-31,8147.83,8147.83,true,97
OPP-001429,CUST-01293,CUST-01293,Mid-Market,REP-050,Expansion,24,2026-02-26,2026-03-31,2026-03-31,8300.09,16600.18,true,33
OPP-001430,CUST-01312,CUST-01312,Mid-Market,REP-051,Expansion,12,2026-03-14,2026-03-31,2026-03-31,11933.66,11933.66,true,17
OPP-001431,CUST-01358,CUST-01358,SMB,REP-038,Expansion,12,2026-02-05,2026-02-28,2026-02-28,7065.72,7065.72,true,23
OPP-001432,CUST-01406,CUST-01406,SMB,REP-038,Expansion,1,2026-01-09,2026-01-31,2026-01-31,5083.77,423.65,true,22
OPP-001433,CUST-01417,CUST-01417,SMB,REP-038,Expansion,12,2026-03-22,2026-03-31,2026-03-31,4992.28,4992.28,true,9
OPP-001434,CUST-01417,CUST-01417,SMB,REP-030,Expansion,12,2026-03-12,2026-03-31,2026-03-31,6240.35,6240.35,true,19
OPP-001435,CUST-01420,CUST-01420,SMB,REP-035,Expansion,1,2026-02-12,2026-02-28,2026-02-28,6514.72,542.89,true,16
OPP-001436,CUST-01504,CUST-01504,SMB,REP-030,Expansion,12,2026-02-02,2026-02-28,2026-02-28,5035.78,5035.78,true,26
OPP-001437,CUST-01542,CUST-01542,Mid-Market,REP-032,Expansion,12,2025-09-24,2026-02-28,2026-02-28,9122.69,9122.69,true,157
OPP-001438,CUST-01544,CUST-01544,Mid-Market,REP-026,Expansion,24,2026-02-12,2026-03-31,2026-03-31,41025.53,82051.06,true,47
OPP-001439,CUST-01627,CUST-01627,Mid-Market,REP-026,Expansion,12,2025-12-17,2026-02-28,2026-02-28,52309.34,52309.34,true,73
OPP-001440,CUST-01637,CUST-01637,Enterprise,REP-014,New Logo,12,2025-11-25,2026-03-31,2026-03-31,122294.13,122294.13,true,126
OPP-001441,CUST-00494,CUST-00494,SMB,REP-030,Renewal Uplift,12,2026-03-18,2026-04-01,2026-04-30,479.09,479.09,true,14
OPP-001442,CUST-00822,CUST-00822,SMB,REP-038,Renewal Uplift,12,2026-02-04,2026-04-01,2026-04-30,229.52,229.52,true,56
OPP-001443,CUST-01080,CUST-01080,Mid-Market,REP-026,Renewal Uplift,12,2026-02-08,2026-04-01,2026-04-30,1704.67,1704.67,true,52
OPP-001444,CUST-01601,CUST-01601,SMB,REP-030,New Logo,1,2026-03-13,2026-04-01,2026-04-30,3722.63,310.22,true,19
OPP-001445,CUST-00370,CUST-00370,Mid-Market,REP-026,Renewal Uplift,24,2026-02-20,2026-04-03,2026-04-30,2698.30,5396.60,true,42
OPP-001446,CUST-01044,CUST-01044,Mid-Market,REP-032,Renewal Uplift,12,2026-02-27,2026-04-08,2026-04-30,516.23,516.23,true,40
OPP-001447,CUST-01630,CUST-01630,Mid-Market,REP-050,New Logo,12,2026-01-02,2026-04-09,2026-04-30,38751.38,38751.38,true,97
OPP-001448,CUST-01602,CUST-01602,SMB,REP-038,New Logo,12,2026-04-04,2026-04-10,2026-04-30,18404.20,18404.20,true,6
OPP-001449,CUST-00829,CUST-00829,SMB,REP-048,Renewal Uplift,12,2026-03-30,2026-04-11,2026-04-30,905.19,905.19,true,12
OPP-001450,CUST-01595,CUST-01595,SMB,REP-038,New Logo,1,2025-12-28,2026-04-13,2026-04-30,7516.75,626.40,true,106
OPP-001451,,ACCT-P-001451,SMB,REP-030,New Logo,12,2026-04-11,2026-04-15,2026-04-30,14316.79,14316.79,false,4
OPP-001452,CUST-00236,CUST-00236,SMB,REP-030,Renewal Uplift,12,2026-03-27,2026-04-21,2026-04-30,55.38,55.38,true,25
OPP-001453,CUST-00827,CUST-00827,SMB,REP-038,Renewal Uplift,12,2026-04-13,2026-04-22,2026-04-30,311.66,311.66,true,9
OPP-001454,CUST-01525,CUST-01525,Mid-Market,REP-039,Renewal Uplift,12,2025-11-01,2026-02-22,2026-02-28,925.36,925.36,true,113
OPP-001455,CUST-01629,CUST-01629,Mid-Market,REP-032,New Logo,12,2026-02-03,2026-04-23,2026-04-30,23461.21,23461.21,true,79
OPP-001456,CUST-00672,CUST-00672,Mid-Market,REP-010,Renewal Uplift,12,2026-02-09,2026-04-24,2026-04-30,833.20,833.20,true,74
OPP-001457,CUST-00369,CUST-00369,Mid-Market,REP-026,Renewal Uplift,12,2026-02-11,2026-04-27,2026-04-30,1334.93,1334.93,true,75
OPP-001458,CUST-01596,CUST-01596,SMB,REP-038,New Logo,1,2026-04-12,2026-04-27,2026-04-30,10274.37,856.20,true,15
OPP-001459,CUST-01599,CUST-01599,SMB,REP-038,New Logo,1,2026-03-20,2026-04-27,2026-04-30,5136.30,428.03,true,38
OPP-001460,CUST-01524,CUST-01524,Mid-Market,REP-050,Renewal Uplift,12,2026-03-10,2026-04-28,2026-04-30,7106.64,7106.64,true,49
OPP-001461,CUST-01597,CUST-01597,SMB,REP-030,New Logo,1,2026-04-11,2026-04-28,2026-04-30,5509.19,459.10,true,17
OPP-001462,CUST-01598,CUST-01598,SMB,REP-048,New Logo,1,2026-04-13,2026-04-28,2026-04-30,6692.23,557.69,true,15
OPP-001463,CUST-00050,CUST-00050,Mid-Market,REP-051,Expansion,12,2026-02-21,2026-04-30,2026-04-30,17065.58,17065.58,true,68
OPP-001464,CUST-00175,CUST-00175,Mid-Market,REP-032,Expansion,12,2026-03-09,2026-04-30,2026-04-30,6032.29,6032.29,true,52
OPP-001465,CUST-00412,CUST-00412,Enterprise,REP-014,Expansion,36,2025-12-17,2026-04-30,2026-04-30,11202.92,33608.76,true,134
OPP-001466,CUST-00653,CUST-00653,Mid-Market,REP-026,Expansion,12,2026-03-05,2026-04-30,2026-04-30,17960.97,17960.97,true,56
OPP-001467,CUST-00697,CUST-00697,Mid-Market,REP-026,Expansion,36,2026-03-15,2026-04-30,2026-04-30,53689.71,161069.13,true,46
OPP-001468,CUST-00706,CUST-00706,Mid-Market,REP-010,Expansion,12,2025-10-05,2026-04-30,2026-04-30,7215.66,7215.66,true,207
OPP-001469,CUST-00736,CUST-00736,Enterprise,REP-044,Expansion,12,2025-11-20,2026-04-30,2026-04-30,14841.12,14841.12,true,161
OPP-001470,CUST-00972,CUST-00972,SMB,REP-030,Expansion,12,2026-02-15,2026-03-30,2026-03-31,975.70,975.70,true,43
OPP-001471,CUST-01100,CUST-01100,Mid-Market,REP-051,Expansion,12,2026-03-07,2026-04-30,2026-04-30,7983.22,7983.22,true,54
OPP-001472,CUST-01104,CUST-01104,Enterprise,REP-044,Expansion,36,2026-02-02,2026-04-30,2026-04-30,39109.35,117328.05,true,87
OPP-001473,CUST-01309,CUST-01309,Mid-Market,REP-026,Expansion,12,2026-04-02,2026-04-30,2026-04-30,17095.09,17095.09,true,28
OPP-001474,CUST-01312,CUST-01312,Mid-Market,REP-010,Expansion,12,2026-03-21,2026-04-30,2026-04-30,18294.44,18294.44,true,40
OPP-001475,CUST-01314,CUST-01314,Mid-Market,REP-026,Expansion,12,2026-01-25,2026-03-30,2026-03-31,12778.81,12778.81,true,64
OPP-001476,CUST-01372,CUST-01372,SMB,REP-038,Expansion,1,2026-04-16,2026-04-30,2026-04-30,4031.14,335.93,true,14
OPP-001477,CUST-01381,CUST-01381,SMB,REP-038,Expansion,1,2026-04-13,2026-04-30,2026-04-30,1012.25,84.35,true,17
OPP-001478,CUST-01438,CUST-01438,SMB,REP-030,Expansion,12,2026-03-29,2026-04-30,2026-04-30,5269.07,5269.07,true,32
OPP-001479,CUST-01460,CUST-01460,SMB,REP-037,Expansion,1,2026-04-04,2026-04-30,2026-04-30,4161.95,346.83,true,26
OPP-001480,CUST-01519,CUST-01519,Mid-Market,REP-026,Expansion,24,2026-02-24,2026-04-30,2026-04-30,18132.02,36264.04,true,65
OPP-001481,CUST-01521,CUST-01521,Mid-Market,REP-026,Expansion,24,2026-01-15,2026-04-30,2026-04-30,9141.89,18283.78,true,105
OPP-001482,CUST-01542,CUST-01542,Mid-Market,REP-039,Expansion,12,2026-02-23,2026-04-30,2026-04-30,90541.47,90541.47,true,66
OPP-001483,CUST-01547,CUST-01547,Mid-Market,REP-032,Expansion,12,2026-04-01,2026-04-30,2026-04-30,15401.96,15401.96,true,29
OPP-001484,CUST-01561,CUST-01561,Enterprise,REP-029,Expansion,12,2025-12-03,2026-03-30,2026-03-31,21706.37,21706.37,true,117
OPP-001485,CUST-01563,CUST-01563,Enterprise,REP-029,Expansion,12,2025-12-22,2026-04-30,2026-04-30,295891.09,295891.09,true,129
OPP-001486,CUST-01622,CUST-01622,Mid-Market,REP-050,Expansion,24,2025-09-26,2026-03-30,2026-03-31,56492.36,112984.72,true,185
OPP-001487,CUST-00835,CUST-00835,SMB,REP-035,Renewal Uplift,12,2026-03-03,2026-04-01,2026-04-30,333.47,333.47,true,29
OPP-001488,CUST-00847,CUST-00847,SMB,REP-038,Renewal Uplift,12,2026-04-07,2026-05-01,2026-05-31,154.00,154.00,true,24
OPP-001489,CUST-01606,CUST-01606,SMB,REP-035,New Logo,12,2026-04-21,2026-05-01,2026-05-31,15370.24,15370.24,true,10
OPP-001490,CUST-00838,CUST-00838,SMB,REP-037,Renewal Uplift,12,2026-03-19,2026-05-03,2026-05-31,219.83,219.83,true,45
OPP-001491,CUST-01293,CUST-01293,Mid-Market,REP-050,Renewal Uplift,24,2026-02-15,2026-05-05,2026-05-31,2520.16,5040.32,true,79
OPP-001492,CUST-00500,CUST-00500,SMB,REP-038,Renewal Uplift,12,2026-04-22,2026-05-14,2026-05-31,200.78,200.78,true,22
OPP-001493,CUST-00844,CUST-00844,SMB,REP-038,Renewal Uplift,12,2026-03-26,2026-05-15,2026-05-31,522.75,522.75,true,50
OPP-001494,CUST-01631,CUST-01631,Mid-Market,REP-026,New Logo,12,2026-03-04,2026-05-15,2026-05-31,45583.56,45583.56,true,72
OPP-001495,CUST-01605,CUST-01605,SMB,REP-030,New Logo,1,2026-02-04,2026-04-17,2026-04-30,3726.72,310.56,true,72
OPP-001496,CUST-01608,CUST-01608,SMB,REP-037,New Logo,12,2026-04-16,2026-05-17,2026-05-31,4482.95,4482.95,true,31
OPP-001497,CUST-01610,CUST-01610,SMB,REP-038,New Logo,1,2026-04-19,2026-05-24,2026-05-31,15977.52,1331.46,true,35
OPP-001498,CUST-01632,CUST-01632,Mid-Market,REP-050,New Logo,12,2026-03-01,2026-04-24,2026-04-30,40335.04,40335.04,true,54
OPP-001499,CUST-01603,CUST-01603,SMB,REP-038,New Logo,12,2026-03-09,2026-05-25,2026-05-31,17936.57,17936.57,true,77
OPP-001500,CUST-01527,CUST-01527,Mid-Market,REP-039,Renewal Uplift,12,2026-03-28,2026-05-26,2026-05-31,1565.41,1565.41,true,59
OPP-001501,CUST-01604,CUST-01604,SMB,REP-038,New Logo,1,2026-04-29,2026-05-27,2026-05-31,9854.29,821.19,true,28
OPP-001502,CUST-00253,CUST-00253,SMB,REP-030,Renewal Uplift,12,2026-04-11,2026-05-28,2026-05-31,212.86,212.86,true,47
OPP-001503,CUST-00502,CUST-00502,SMB,REP-038,Renewal Uplift,12,2026-03-13,2026-05-28,2026-05-31,152.68,152.68,true,76
OPP-001504,CUST-00833,CUST-00833,SMB,REP-030,Renewal Uplift,12,2026-05-10,2026-05-28,2026-05-31,400.17,400.17,true,18
OPP-001505,CUST-01609,CUST-01609,SMB,REP-038,New Logo,1,2026-05-11,2026-05-28,2026-05-31,4942.07,411.84,true,17
OPP-001506,CUST-01607,CUST-01607,SMB,REP-037,New Logo,12,2026-04-29,2026-05-29,2026-05-31,12654.16,12654.16,true,30
OPP-001507,CUST-00044,CUST-00044,Mid-Market,REP-032,Expansion,12,2026-03-29,2026-05-31,2026-05-31,10070.85,10070.85,true,63
OPP-001508,CUST-00185,CUST-00185,Mid-Market,REP-050,Expansion,12,2026-04-04,2026-05-31,2026-05-31,22497.66,22497.66,true,57
OPP-001509,CUST-00187,CUST-00187,Mid-Market,REP-039,Expansion,12,2026-03-18,2026-04-30,2026-04-30,10000.98,10000.98,true,43
OPP-001510,CUST-00188,CUST-00188,Mid-Market,REP-039,Expansion,12,2026-03-09,2026-04-30,2026-04-30,9629.67,9629.67,true,52
OPP-001511,CUST-00191,CUST-00191,Enterprise,REP-044,Expansion,12,2026-02-22,2026-05-31,2026-05-31,20298.44,20298.44,true,98
OPP-001512,CUST-00248,CUST-00248,SMB,REP-048,Expansion,12,2026-03-24,2026-04-30,2026-04-30,2865.45,2865.45,true,37
OPP-001513,CUST-00303,CUST-00303,SMB,REP-030,Expansion,12,2026-04-03,2026-04-30,2026-04-30,1332.55,1332.55,true,27
OPP-001514,CUST-00381,CUST-00381,Mid-Market,REP-026,Expansion,12,2025-12-06,2026-05-31,2026-05-31,24018.79,24018.79,true,176
OPP-001515,CUST-00389,CUST-00389,Mid-Market,REP-039,Expansion,12,2026-03-03,2026-05-31,2026-05-31,7881.05,7881.05,true,89
OPP-001516,CUST-00679,CUST-00679,Mid-Market,REP-051,Renewal Uplift,12,2026-03-18,2026-05-31,2026-05-31,4121.84,4121.84,true,74
OPP-001517,CUST-00687,CUST-00687,Mid-Market,REP-026,Expansion,24,2026-04-22,2026-05-31,2026-05-31,7264.39,14528.78,true,39
OPP-001518,CUST-00736,CUST-00736,Enterprise,REP-044,Expansion,12,2025-11-29,2026-05-31,2026-05-31,75466.39,75466.39,true,183
OPP-001519,CUST-00737,CUST-00737,Enterprise,REP-044,Expansion,12,2026-02-11,2026-05-31,2026-05-31,189547.99,189547.99,true,109
OPP-001520,CUST-00792,CUST-00792,SMB,REP-038,Expansion,1,2026-05-06,2026-05-31,2026-05-31,2368.53,197.38,true,25
OPP-001521,CUST-00837,CUST-00837,SMB,REP-037,Renewal Uplift,12,2026-04-29,2026-05-31,2026-05-31,179.74,179.74,true,32
OPP-001522,CUST-00863,CUST-00863,SMB,REP-038,Expansion,12,2026-05-01,2026-05-31,2026-05-31,2110.52,2110.52,true,30
OPP-001523,CUST-00919,CUST-00919,SMB,REP-030,Expansion,1,2026-05-09,2026-05-31,2026-05-31,1352.25,112.69,true,22
OPP-001524,CUST-00964,CUST-00964,SMB,REP-035,Expansion,1,2026-03-27,2026-05-31,2026-05-31,1320.07,110.01,true,65
OPP-001525,CUST-01017,CUST-01017,Mid-Market,REP-050,Expansion,12,2026-02-18,2026-04-30,2026-04-30,26702.44,26702.44,true,71
OPP-001526,CUST-01037,CUST-01037,Mid-Market,REP-051,Expansion,24,2025-08-03,2026-04-30,2026-04-30,4048.60,8097.20,true,270
OPP-001527,CUST-01059,CUST-01059,Mid-Market,REP-050,Expansion,12,2026-04-30,2026-05-31,2026-05-31,5523.18,5523.18,true,31
OPP-001528,CUST-01078,CUST-01078,Mid-Market,REP-039,Expansion,12,2026-03-10,2026-05-31,2026-05-31,13868.20,13868.20,true,82
OPP-001529,CUST-01079,CUST-01079,Mid-Market,REP-010,Expansion,12,2026-03-11,2026-05-31,2026-05-31,11611.38,11611.38,true,81
OPP-001530,CUST-01085,CUST-01085,Mid-Market,REP-010,Expansion,12,2026-03-25,2026-05-31,2026-05-31,10500.55,10500.55,true,67
OPP-001531,CUST-01086,CUST-01086,Mid-Market,REP-052,Expansion,12,2026-03-02,2026-04-30,2026-04-30,27867.93,27867.93,true,59
OPP-001532,CUST-01101,CUST-01101,Enterprise,REP-029,Expansion,12,2025-12-15,2026-04-30,2026-04-30,54430.05,54430.05,true,136
OPP-001533,CUST-01191,CUST-01191,SMB,REP-038,Expansion,12,2026-04-09,2026-05-31,2026-05-31,4419.81,4419.81,true,52
OPP-001534,CUST-01291,CUST-01291,Mid-Market,REP-026,Expansion,12,2026-03-27,2026-05-31,2026-05-31,4898.41,4898.41,true,65
OPP-001535,CUST-01306,CUST-01306,Mid-Market,REP-052,Expansion,12,2026-04-21,2026-05-31,2026-05-31,21580.36,21580.36,true,40
OPP-001536,CUST-01317,CUST-01317,Mid-Market,REP-039,Expansion,1,2026-03-24,2026-04-30,2026-04-30,231069.09,19255.76,true,37
OPP-001537,CUST-01322,CUST-01322,Enterprise,REP-044,Expansion,36,2026-04-19,2026-05-31,2026-05-31,67119.10,201357.30,true,42
OPP-001538,CUST-01392,CUST-01392,SMB,REP-035,Expansion,1,2026-04-05,2026-04-30,2026-04-30,2819.19,234.93,true,25
OPP-001539,CUST-01434,CUST-01434,SMB,REP-038,Expansion,1,2026-04-30,2026-05-31,2026-05-31,5050.13,420.84,true,31
OPP-001540,CUST-01480,CUST-01480,SMB,REP-037,Expansion,12,2026-01-29,2026-03-31,2026-03-31,2219.58,2219.58,true,61
OPP-001541,CUST-01524,CUST-01524,Mid-Market,REP-026,Expansion,12,2026-02-01,2026-03-31,2026-03-31,38202.71,38202.71,true,58
OPP-001542,CUST-01539,CUST-01539,Mid-Market,REP-050,Expansion,12,2026-01-23,2026-03-31,2026-03-31,5018.11,5018.11,true,67
OPP-001543,CUST-01554,CUST-01554,Mid-Market,REP-051,Expansion,24,2026-02-16,2026-05-31,2026-05-31,34582.26,69164.52,true,104
OPP-001544,CUST-01558,CUST-01558,Enterprise,REP-045,Expansion,12,2026-03-03,2026-05-31,2026-05-31,65785.21,65785.21,true,89
OPP-001545,CUST-01561,CUST-01561,Enterprise,REP-045,Expansion,12,2026-02-17,2026-05-31,2026-05-31,30909.98,30909.98,true,103
OPP-001546,CUST-01593,CUST-01593,SMB,REP-038,Expansion,12,2026-05-10,2026-05-31,2026-05-31,4262.77,4262.77,true,21
OPP-001547,CUST-01638,CUST-01638,Enterprise,REP-029,New Logo,36,2025-09-28,2026-06-01,2026-06-30,431755.66,1295266.98,true,246
OPP-001548,CUST-01561,CUST-01561,Enterprise,REP-045,Renewal Uplift,12,2026-02-07,2026-06-02,2026-06-30,3469.46,3469.46,true,115
OPP-001549,CUST-00684,CUST-00684,Mid-Market,REP-026,Renewal Uplift,12,2026-03-11,2026-06-03,2026-06-30,1557.05,1557.05,true,84
OPP-001550,CUST-00270,CUST-00270,SMB,REP-038,Renewal Uplift,12,2026-04-24,2026-06-04,2026-06-30,133.11,133.11,true,41
OPP-001551,CUST-01620,CUST-01620,SMB,REP-030,New Logo,1,2026-04-24,2026-06-04,2026-06-30,3751.39,312.62,true,41
OPP-001552,CUST-01617,CUST-01617,SMB,REP-030,New Logo,1,2026-05-03,2026-06-08,2026-06-30,4445.16,370.43,true,36
OPP-001553,CUST-00375,CUST-00375,Mid-Market,REP-051,Renewal Uplift,12,2026-04-03,2026-06-09,2026-06-30,1990.33,1990.33,true,67
OPP-001554,CUST-01055,CUST-01055,Mid-Market,REP-050,Renewal Uplift,12,2026-04-19,2026-06-09,2026-06-30,2233.73,2233.73,true,51
OPP-001555,CUST-00021,CUST-00021,SMB,REP-038,Renewal Uplift,12,2026-05-19,2026-06-10,2026-06-30,54.30,54.30,true,22
OPP-001556,,ACCT-P-001556,Mid-Market,REP-026,New Logo,12,2026-02-23,2026-05-10,2026-05-31,40922.56,40922.56,false,76
OPP-001557,CUST-00866,CUST-00866,SMB,REP-030,Renewal Uplift,12,2026-05-27,2026-06-13,2026-06-30,241.90,241.90,true,17
OPP-001558,CUST-01611,CUST-01611,SMB,REP-035,New Logo,1,2026-05-11,2026-06-13,2026-06-30,9186.47,765.54,true,33
OPP-001559,CUST-01615,CUST-01615,SMB,REP-038,New Logo,1,2026-04-27,2026-05-14,2026-05-31,16233.72,1352.81,true,17
OPP-001560,CUST-01531,CUST-01531,Mid-Market,REP-051,Renewal Uplift,12,2026-03-26,2026-06-19,2026-06-30,1372.82,1372.82,true,85
OPP-001561,,ACCT-P-001561,SMB,REP-030,New Logo,1,2026-06-03,2026-06-20,2026-06-30,17486.93,1457.24,false,17
OPP-001562,CUST-00858,CUST-00858,SMB,REP-038,Renewal Uplift,12,2026-04-07,2026-04-21,2026-04-30,237.92,237.92,true,14
OPP-001563,CUST-00412,CUST-00412,Enterprise,REP-045,Renewal Uplift,36,2026-02-28,2026-06-25,2026-06-30,5369.30,16107.90,true,117
OPP-001564,CUST-01294,CUST-01294,Mid-Market,REP-051,Renewal Uplift,12,2026-05-18,2026-06-25,2026-06-30,2384.10,2384.10,true,38
OPP-001565,CUST-01186,CUST-01186,SMB,REP-030,Renewal Uplift,12,2026-06-10,2026-06-26,2026-06-30,756.40,756.40,true,16
OPP-001566,CUST-01614,CUST-01614,SMB,REP-048,New Logo,12,2026-05-14,2026-06-26,2026-06-30,2985.87,2985.87,true,43
OPP-001567,CUST-01616,CUST-01616,SMB,REP-030,New Logo,1,2026-06-20,2026-06-26,2026-06-30,4959.13,413.26,true,6
OPP-001568,CUST-00020,CUST-00020,SMB,REP-030,Renewal Uplift,12,2026-05-31,2026-06-27,2026-06-30,221.15,221.15,true,27
OPP-001569,CUST-01109,CUST-01109,Enterprise,REP-045,Renewal Uplift,24,2025-12-09,2026-05-27,2026-05-31,7022.75,14045.50,true,169
OPP-001570,CUST-01633,CUST-01633,Mid-Market,REP-050,New Logo,12,2026-04-06,2026-06-27,2026-06-30,55237.13,55237.13,true,82
OPP-001571,CUST-01634,CUST-01634,Mid-Market,REP-026,New Logo,12,2026-06-11,2026-06-27,2026-06-30,38480.60,38480.60,true,16
OPP-001572,CUST-00099,CUST-00099,SMB,REP-030,Renewal Uplift,12,2026-06-09,2026-06-28,2026-06-30,200.71,200.71,true,19
OPP-001573,CUST-01619,CUST-01619,SMB,REP-035,New Logo,12,2026-04-17,2026-05-28,2026-05-31,1939.36,1939.36,true,41
OPP-001574,CUST-00050,CUST-00050,Mid-Market,REP-026,Renewal Uplift,12,2026-03-26,2026-06-29,2026-06-30,4223.79,4223.79,true,95
OPP-001575,CUST-00169,CUST-00169,Mid-Market,REP-050,Renewal Uplift,12,2026-06-03,2026-06-29,2026-06-30,1634.31,1634.31,true,26
OPP-001576,CUST-01613,CUST-01613,SMB,REP-038,New Logo,1,2026-06-09,2026-06-29,2026-06-30,1971.21,164.27,true,20
OPP-001577,CUST-00172,CUST-00172,Mid-Market,REP-039,Expansion,12,2026-01-24,2026-04-30,2026-04-30,6999.69,6999.69,true,96
OPP-001578,CUST-00227,CUST-00227,SMB,REP-038,Expansion,12,2026-05-21,2026-05-30,2026-05-31,642.67,642.67,true,9
OPP-001579,CUST-00361,CUST-00361,Mid-Market,REP-032,Expansion,12,2026-04-25,2026-06-30,2026-06-30,16238.74,16238.74,true,66
OPP-001580,CUST-00394,CUST-00394,Mid-Market,REP-026,Expansion,1,2026-05-08,2026-06-30,2026-06-30,5505.76,458.81,true,53
OPP-001581,CUST-00659,CUST-00659,Mid-Market,REP-052,Expansion,1,2026-04-06,2026-05-30,2026-05-31,10221.27,851.77,true,54
OPP-001582,CUST-00674,CUST-00674,Mid-Market,REP-039,Expansion,12,2026-03-02,2026-05-30,2026-05-31,9302.20,9302.20,true,89
OPP-001583,CUST-00702,CUST-00702,Mid-Market,REP-026,Expansion,12,2026-03-08,2026-06-30,2026-06-30,12668.45,12668.45,true,114
OPP-001584,CUST-00704,CUST-00704,Mid-Market,REP-026,Expansion,12,2026-04-12,2026-06-30,2026-06-30,12577.86,12577.86,true,79
OPP-001585,CUST-00709,CUST-00709,Mid-Market,REP-051,Expansion,12,2026-04-10,2026-06-30,2026-06-30,10791.57,10791.57,true,81
OPP-001586,CUST-00717,CUST-00717,Mid-Market,REP-026,Expansion,12,2026-05-29,2026-06-30,2026-06-30,8324.23,8324.23,true,32
OPP-001587,CUST-00927,CUST-00927,SMB,REP-048,Expansion,1,2026-06-24,2026-06-30,2026-06-30,3445.94,287.16,true,6
OPP-001588,CUST-00937,CUST-00937,SMB,REP-038,Expansion,1,2026-06-17,2026-06-30,2026-06-30,616.48,51.37,true,13
OPP-001589,CUST-01040,CUST-01040,Mid-Market,REP-032,Expansion,12,2026-05-13,2026-06-30,2026-06-30,10382.37,10382.37,true,48
OPP-001590,CUST-01073,CUST-01073,Mid-Market,REP-050,Expansion,12,2026-01-21,2026-05-30,2026-05-31,8336.99,8336.99,true,129
OPP-001591,CUST-01078,CUST-01078,Mid-Market,REP-026,Expansion,12,2026-05-08,2026-06-30,2026-06-30,10786.38,10786.38,true,53
OPP-001592,CUST-01096,CUST-01096,Mid-Market,REP-039,Expansion,12,2026-05-23,2026-06-30,2026-06-30,20804.39,20804.39,true,38
OPP-001593,CUST-01104,CUST-01104,Enterprise,REP-045,Expansion,36,2026-02-26,2026-06-30,2026-06-30,40377.76,121133.28,true,124
OPP-001594,CUST-01280,CUST-01280,Mid-Market,REP-039,Expansion,12,2026-04-04,2026-04-30,2026-04-30,5855.62,5855.62,true,26
OPP-001595,CUST-01281,CUST-01281,Mid-Market,REP-032,Expansion,12,2026-03-31,2026-06-30,2026-06-30,42232.55,42232.55,true,91
OPP-001596,CUST-01283,CUST-01283,Mid-Market,REP-051,Expansion,12,2026-04-20,2026-06-30,2026-06-30,8198.56,8198.56,true,71
OPP-001597,CUST-01294,CUST-01294,Mid-Market,REP-051,Expansion,12,2026-05-06,2026-06-30,2026-06-30,29295.02,29295.02,true,55
OPP-001598,CUST-01301,CUST-01301,Mid-Market,REP-032,Expansion,12,2026-04-04,2026-04-30,2026-04-30,102636.07,102636.07,true,26
OPP-001599,CUST-01336,CUST-01336,SMB,REP-038,Expansion,12,2026-06-18,2026-06-30,2026-06-30,2095.03,2095.03,true,12
OPP-001600,CUST-01380,CUST-01380,SMB,REP-038,Expansion,1,2026-04-01,2026-05-30,2026-05-31,3838.08,319.84,true,59
OPP-001601,CUST-01519,CUST-01519,Mid-Market,REP-026,Expansion,24,2026-05-24,2026-06-30,2026-06-30,18585.32,37170.64,true,37
OPP-001602,CUST-01530,CUST-01530,Mid-Market,REP-050,Renewal Uplift,12,2026-05-18,2026-06-30,2026-06-30,1868.68,1868.68,true,43
OPP-001603,CUST-01532,CUST-01532,Mid-Market,REP-039,Expansion,12,2026-03-26,2026-05-30,2026-05-31,3316.46,3316.46,true,65
OPP-001604,CUST-01533,CUST-01533,Mid-Market,REP-051,Expansion,12,2026-05-20,2026-06-30,2026-06-30,23399.92,23399.92,true,41
OPP-001605,CUST-01536,CUST-01536,Mid-Market,REP-050,Expansion,12,2026-03-30,2026-05-30,2026-05-31,39251.54,39251.54,true,61
OPP-001606,CUST-01612,CUST-01612,SMB,REP-038,New Logo,1,2026-06-11,2026-06-30,2026-06-30,16041.13,1336.76,true,19
OPP-001607,CUST-01618,CUST-01618,SMB,REP-030,Expansion,1,2026-06-09,2026-06-30,2026-06-30,4896.34,408.03,true,21
