path,segment,month_end_date,beginning_arr,new_logo_arr,expansion_arr,reactivation_arr,contraction_arr,churn_arr,ending_arr,is_actual,period_label
Base,Enterprise,2024-01-31,7243149.6,252805.68,17807.52,0.0,-170906.88,0.0,7342855.92,true,Actual
Base,Enterprise,2024-02-29,7342855.92,149726.04,5976.24,0.0,-14219.28,0.0,7484338.92,true,Actual
Base,Enterprise,2024-03-31,7484338.92,589680.24,107364.6,0.0,0.0,-86629.2,8094754.56,true,Actual
Base,Enterprise,2024-04-30,8094754.56,99912.0,280066.44,0.0,0.0,0.0,8474733.0,true,Actual
Base,Enterprise,2024-05-31,8474733.0,180761.88,68119.32,0.0,0.0,0.0,8723614.2,true,Actual
Base,Enterprise,2024-06-30,8723614.2,225501.36,176772.84,0.0,0.0,0.0,9125888.4,true,Actual
Base,Enterprise,2024-07-31,9125888.4,0.0,26895.84,0.0,-6522.6,0.0,9146261.64,true,Actual
Base,Enterprise,2024-08-31,9146261.64,0.0,76411.56,0.0,0.0,-340061.88,8882611.32,true,Actual
Base,Enterprise,2024-09-30,8882611.32,174091.44,21904.44,0.0,0.0,0.0,9078607.2,true,Actual
Base,Enterprise,2024-10-31,9078607.2,252620.64,25480.68,0.0,-10339.2,-113261.4,9233107.92,true,Actual
Base,Enterprise,2024-11-30,9233107.92,227905.92,32363.52,0.0,-45675.24,0.0,9447702.12,true,Actual
Base,Enterprise,2024-12-31,9447702.12,704803.68,4033.44,0.0,-75544.68,0.0,10080994.56,true,Actual
Base,Enterprise,2025-01-31,10080994.56,483067.68,53838.24,0.0,-201625.2,0.0,10416275.28,true,Actual
Base,Enterprise,2025-02-28,10416275.28,126450.24,99623.52,0.0,-62205.6,0.0,10580143.44,true,Actual
Base,Enterprise,2025-03-31,10580143.44,60097.2,20297.76,0.0,-11530.8,0.0,10649007.6,true,Actual
Base,Enterprise,2025-04-30,10649007.6,0.0,258455.04,0.0,-61589.4,0.0,10845873.24,true,Actual
Base,Enterprise,2025-05-31,10845873.24,0.0,23069.4,0.0,0.0,0.0,10868942.64,true,Actual
Base,Enterprise,2025-06-30,10868942.64,77274.96,0.0,0.0,-9301.68,0.0,10936915.92,true,Actual
Base,Enterprise,2025-07-31,10936915.92,0.0,19308.84,0.0,0.0,0.0,10956224.76,true,Actual
Base,Enterprise,2025-08-31,10956224.76,0.0,60897.72,0.0,0.0,0.0,11017122.48,true,Actual
Base,Enterprise,2025-09-30,11017122.48,0.0,28725.96,0.0,0.0,0.0,11045848.44,true,Actual
Base,Enterprise,2025-10-31,11045848.44,65671.56,36248.04,0.0,-39511.2,0.0,11108256.84,true,Actual
Base,Enterprise,2025-11-30,11108256.84,437562.48,110926.32,0.0,0.0,-252620.64,11404125.0,true,Actual
Base,Enterprise,2025-12-31,11404125.0,200082.36,6435.24,0.0,-8846.16,0.0,11601796.44,true,Actual
Base,Enterprise,2026-01-31,11601796.44,0.0,22979.64,0.0,-184766.76,0.0,11440009.32,true,Actual
Base,Enterprise,2026-02-28,11440009.32,164833.56,56577.12,0.0,0.0,0.0,11661420.0,true,Actual
Base,Enterprise,2026-03-31,11661420.0,122294.16,10617.84,0.0,0.0,0.0,11794332.0,true,Actual
Base,Enterprise,2026-04-30,11794332.0,0.0,386237.64,0.0,-27607.08,0.0,12152962.56,true,Actual
Base,Enterprise,2026-05-31,12152962.56,0.0,512099.52,0.0,-43314.36,0.0,12621747.72,true,Actual
Base,Enterprise,2026-06-30,12621747.72,431755.68,46447.92,0.0,0.0,-407847.24,12692104.08,true,Actual
Base,Enterprise,2026-07-31,12692104.08,81568.06,119558.13016162619,0.0,-0.0,-0.0,12893230.270161627,false,FY2026 Reforecast
Base,Enterprise,2026-08-31,12893230.270161625,46131.0475,119558.13016162619,0.0,-25113.174309332182,-30966.796331132766,13002839.477182787,false,FY2026 Reforecast
Base,Enterprise,2026-09-30,13002839.477182787,0.0,119558.13016162619,0.0,-35273.49342460707,-43495.38108216973,13043628.732837636,false,FY2026 Reforecast
Base,Enterprise,2026-10-31,13043628.732837636,0.0,119558.13016162619,0.0,-38219.743343075315,-47128.37148163185,13077838.748174556,false,FY2026 Reforecast
Base,Enterprise,2026-11-30,13077838.748174556,85554.3865625,119558.13016162619,0.0,-98233.5114191916,-121130.73017136256,13063587.023308128,false,FY2026 Reforecast
Base,Enterprise,2026-12-31,13063587.023308128,85554.3865625,119558.13016162619,0.0,-115145.23842762347,-141984.4063903508,13011569.89521428,false,FY2026 Reforecast
Base,Enterprise,2027-01-31,13011569.895214278,85554.3865625,119558.13016162619,0.0,-130074.3280577216,-160393.31289854477,12926214.770982139,false,Forward Runway Projection
Base,Enterprise,2027-02-28,12926214.770982139,85554.3865625,119558.13016162619,0.0,-50739.697005534355,-62566.59726563864,13018020.993435092,false,Forward Runway Projection
Base,Enterprise,2027-03-31,13018020.993435092,85554.3865625,119558.13016162619,0.0,-92455.07931477226,-114005.40511739923,13016673.025727047,false,Forward Runway Projection
Base,Enterprise,2027-04-30,13016673.025727047,85554.3865625,119558.13016162619,0.0,-8884.781368649186,-10955.732306105225,13201945.028776418,false,Forward Runway Projection
Base,Enterprise,2027-05-31,13201945.028776418,85554.3865625,119558.13016162619,0.0,-0.0,-0.0,13407057.545500545,false,Forward Runway Projection
Base,Enterprise,2027-06-30,13407057.545500547,85554.3865625,119558.13016162619,0.0,-46800.445802945425,-57709.14722028891,13507660.469201438,false,Forward Runway Projection
Base,Enterprise,2027-07-31,13507660.469201436,85554.3865625,119558.13016162619,0.0,-0.0,-0.0,13712772.985925563,false,Forward Runway Projection
Base,Enterprise,2027-08-31,13712772.985925563,85554.3865625,119558.13016162619,0.0,-0.0,-0.0,13917885.50264969,false,Forward Runway Projection
Base,Enterprise,2027-09-30,13917885.50264969,85554.3865625,119558.13016162619,0.0,-30882.033930542733,-38080.31765474092,14054035.667788532,false,Forward Runway Projection
Base,Enterprise,2027-10-31,14054035.667788532,85554.3865625,119558.13016162619,0.0,-0.0,-0.0,14259148.184512658,false,Forward Runway Projection
Base,Enterprise,2027-11-30,14259148.184512658,85554.3865625,119558.13016162619,0.0,-5702.628150411655,-7031.85197979371,14451526.22110658,false,Forward Runway Projection
Base,Enterprise,2027-12-31,14451526.22110658,85554.3865625,119558.13016162619,0.0,-16025.400500761785,-19760.75614015518,14620852.581189789,false,Forward Runway Projection
Base,Mid-Market,2024-01-31,7952748.6,172220.28,147458.16,0.0,-80055.6,-107047.08,8085324.36,true,Actual
Base,Mid-Market,2024-02-29,8085324.36,132305.4,226285.92,0.0,-68057.04,-70715.4,8305143.24,true,Actual
Base,Mid-Market,2024-03-31,8305143.24,102273.12,155372.16,0.0,-61393.08,-124819.8,8376575.64,true,Actual
Base,Mid-Market,2024-04-30,8376575.64,66204.12,233598.36,0.0,-33935.64,-64126.08,8578316.4,true,Actual
Base,Mid-Market,2024-05-31,8578316.4,100275.72,139232.28,0.0,-32696.16,-72841.32,8712286.92,true,Actual
Base,Mid-Market,2024-06-30,8712286.92,116032.32,94414.92,24229.92,-75445.08,-56086.68,8815432.32,true,Actual
Base,Mid-Market,2024-07-31,8815432.32,266252.64,244033.68,28983.84,-75621.96,-38930.16,9240150.36,true,Actual
Base,Mid-Market,2024-08-31,9240150.36,94503.12,225500.28,0.0,-41961.36,-47062.8,9471129.6,true,Actual
Base,Mid-Market,2024-09-30,9471129.6,59475.36,122809.56,17320.44,-26596.68,0.0,9644138.28,true,Actual
Base,Mid-Market,2024-10-31,9644138.28,75764.76,175493.28,0.0,-50911.8,-68861.64,9775622.88,true,Actual
Base,Mid-Market,2024-11-30,9775622.88,83935.92,336540.84,0.0,-80018.64,-68846.16,10047234.84,true,Actual
Base,Mid-Market,2024-12-31,10047234.84,321255.24,358250.52,0.0,-62905.32,-203560.56,10460274.72,true,Actual
Base,Mid-Market,2025-01-31,10460274.72,161960.52,127629.48,0.0,-141799.32,-313995.72,10294069.68,true,Actual
Base,Mid-Market,2025-02-28,10294069.68,145388.88,314839.32,0.0,-25332.48,-113352.12,10615613.28,true,Actual
Base,Mid-Market,2025-03-31,10615613.28,254963.04,282137.4,0.0,-97994.64,-35721.12,11018997.96,true,Actual
Base,Mid-Market,2025-04-30,11018997.96,184505.4,250283.16,41077.32,-74870.4,-14128.92,11405864.52,true,Actual
Base,Mid-Market,2025-05-31,11405864.52,155064.72,169027.56,0.0,-80130.0,-90810.72,11559016.08,true,Actual
Base,Mid-Market,2025-06-30,11559016.08,137055.36,286010.4,0.0,-16331.64,-58917.72,11906832.48,true,Actual
Base,Mid-Market,2025-07-31,11906832.48,84815.04,296148.12,0.0,-77898.72,-28926.84,12180970.08,true,Actual
Base,Mid-Market,2025-08-31,12180970.08,153143.88,223555.68,0.0,-53168.4,-98466.36,12406034.88,true,Actual
Base,Mid-Market,2025-09-30,12406034.88,181710.96,213740.52,0.0,-39556.08,-117422.04,12644508.24,true,Actual
Base,Mid-Market,2025-10-31,12644508.24,234131.64,410378.76,0.0,-83631.6,-92154.24,13113232.8,true,Actual
Base,Mid-Market,2025-11-30,13113232.8,209784.84,203994.12,0.0,-143774.16,-28781.28,13354456.32,true,Actual
Base,Mid-Market,2025-12-31,13354456.32,325019.88,197098.44,30440.64,-55385.52,-45262.44,13806367.32,true,Actual
Base,Mid-Market,2026-01-31,13806367.32,195807.36,298280.4,0.0,-255434.88,-54890.76,13990129.44,true,Actual
Base,Mid-Market,2026-02-28,13990129.44,131305.44,197938.44,0.0,-138266.52,0.0,14181106.8,true,Actual
Base,Mid-Market,2026-03-31,14181106.8,207565.32,176055.84,0.0,-201810.12,-118836.36,14244081.48,true,Actual
Base,Mid-Market,2026-04-30,14244081.48,62212.56,387264.0,0.0,-11279.28,-168357.24,14513921.52,true,Actual
Base,Mid-Market,2026-05-31,14513921.52,85918.68,558817.56,0.0,-76407.12,0.0,15082250.64,true,Actual
Base,Mid-Market,2026-06-30,15082250.64,134640.12,420598.44,0.0,-73583.76,-64078.08,15499827.36,true,Actual
Base,Mid-Market,2026-07-31,15499827.36,181984.74013853865,344121.12452739,2536.72,-76674.50589428774,-76156.81998694164,15875638.6187847,false,FY2026 Reforecast
Base,Mid-Market,2026-08-31,15875638.618784698,29156.927681159417,344121.12452739,2536.72,-60847.23690419867,-60436.41251506361,16130169.741573986,false,FY2026 Reforecast
Base,Mid-Market,2026-09-30,16130169.741573986,10415.986183574878,344121.12452739,2536.72,-55940.8831919013,-55563.18520043502,16375739.503892614,false,FY2026 Reforecast
Base,Mid-Market,2026-10-31,16375739.503892615,11305.866570048309,344121.12452739,2536.72,-88436.39478703619,-87839.29572857123,16557427.524474446,false,FY2026 Reforecast
Base,Mid-Market,2026-11-30,16557427.524474446,142464.2615338164,344121.12452739,2536.72,-67611.2341589194,-67154.74105610623,16911783.655320626,false,FY2026 Reforecast
Base,Mid-Market,2026-12-31,16911783.655320626,142464.2615338164,344121.12452739,2536.72,-215195.68462805077,-213742.74049813056,16971967.33625565,false,FY2026 Reforecast
Base,Mid-Market,2027-01-31,16971967.33625565,142464.2615338164,344121.12452739,2536.72,-142479.48205995612,-141517.4984242206,17177092.46183268,false,Forward Runway Projection
Base,Mid-Market,2027-02-28,17177092.46183268,142464.2615338164,344121.12452739,2536.72,-84732.56689437349,-84160.47509850388,17497321.52590101,false,Forward Runway Projection
Base,Mid-Market,2027-03-31,17497321.525901012,142464.2615338164,344121.12452739,2536.72,-162475.4898966117,-161378.4985247391,17662589.643540867,false,Forward Runway Projection
Base,Mid-Market,2027-04-30,17662589.643540863,142464.2615338164,344121.12452739,2536.72,-84143.94412899189,-83575.82655775962,17983991.97891532,false,Forward Runway Projection
Base,Mid-Market,2027-05-31,17983991.978915323,142464.2615338164,344121.12452739,2536.72,-57515.99097121546,-57127.65827020145,18358470.43573511,false,Forward Runway Projection
Base,Mid-Market,2027-06-30,18358470.43573511,142464.2615338164,344121.12452739,2536.72,-147330.64179333163,-146335.90441501947,18553925.995587964,false,Forward Runway Projection
Base,Mid-Market,2027-07-31,18553925.995587964,142464.2615338164,344121.12452739,2536.72,-15932.842731098073,-15825.2684070167,19011289.990511056,false,Forward Runway Projection
Base,Mid-Market,2027-08-31,19011289.990511056,142464.2615338164,344121.12452739,2536.72,-5672.221024241302,-5633.923693813761,19489105.951854207,false,Forward Runway Projection
Base,Mid-Market,2027-09-30,19489105.951854207,142464.2615338164,344121.12452739,2536.72,-20788.816681308297,-20648.45611033634,19936790.78512377,false,Forward Runway Projection
Base,Mid-Market,2027-10-31,19936790.785123773,142464.2615338164,344121.12452739,2536.72,-8182.959414304499,-8127.710244847691,20409602.221525826,false,Forward Runway Projection
Base,Mid-Market,2027-11-30,20409602.221525826,142464.2615338164,344121.12452739,2536.72,-0.0,-0.0,20898724.32758703,false,Forward Runway Projection
Base,Mid-Market,2027-12-31,20898724.32758703,142464.2615338164,344121.12452739,2536.72,-14415.076116617958,-14317.749349762973,21359113.608181857,false,Forward Runway Projection
Base,SMB,2024-01-31,3375238.8,100540.8,53960.76,0.0,-7499.4,-42523.08,3479717.88,true,Actual
Base,SMB,2024-02-29,3479717.88,74799.24,46726.2,0.0,-8986.8,-86233.56,3506022.96,true,Actual
Base,SMB,2024-03-31,3506022.96,139078.68,49352.88,0.0,-4143.72,-112547.88,3577762.92,true,Actual
Base,SMB,2024-04-30,3577762.92,50112.84,24249.6,0.0,-23431.08,-141223.92,3487470.36,true,Actual
Base,SMB,2024-05-31,3487470.36,102751.92,35972.16,8655.48,-13268.16,-93211.2,3528370.56,true,Actual
Base,SMB,2024-06-30,3528370.56,120066.6,21794.04,10098.72,-5994.36,-71322.84,3603012.72,true,Actual
Base,SMB,2024-07-31,3603012.72,54087.12,45613.92,4786.44,-6699.36,-81312.48,3619488.36,true,Actual
Base,SMB,2024-08-31,3619488.36,54269.4,23001.84,7010.52,-10480.44,-58620.48,3634669.2,true,Actual
Base,SMB,2024-09-30,3634669.2,67731.12,44187.84,1243.2,-13787.4,-53116.92,3680927.04,true,Actual
Base,SMB,2024-10-31,3680927.04,104162.88,38556.84,5769.72,-11144.64,-71278.32,3746993.52,true,Actual
Base,SMB,2024-11-30,3746993.52,107010.84,31488.84,0.0,-10316.64,-63536.52,3811640.04,true,Actual
Base,SMB,2024-12-31,3811640.04,193397.64,41471.52,0.0,-15119.64,-77461.44,3953928.12,true,Actual
Base,SMB,2025-01-31,3953928.12,118961.04,27056.16,5379.0,-13481.88,-119408.76,3972433.68,true,Actual
Base,SMB,2025-02-28,3972433.68,126363.72,36440.28,0.0,-22508.16,-76150.8,4036578.72,true,Actual
Base,SMB,2025-03-31,4036578.72,167228.76,36595.8,7012.2,-11071.68,-90019.92,4146323.88,true,Actual
Base,SMB,2025-04-30,4146323.88,105016.68,59536.68,0.0,-4347.0,-128617.92,4177912.32,true,Actual
Base,SMB,2025-05-31,4177912.32,111001.44,22565.4,12462.48,-11069.88,-149700.48,4163171.28,true,Actual
Base,SMB,2025-06-30,4163171.28,193993.68,46049.16,0.0,-20162.88,-89028.72,4294022.52,true,Actual
Base,SMB,2025-07-31,4294022.52,63689.64,48588.96,2735.28,-19276.2,-59258.16,4330502.04,true,Actual
Base,SMB,2025-08-31,4330502.04,101424.12,55007.28,2107.44,-19917.72,-98999.76,4370123.4,true,Actual
Base,SMB,2025-09-30,4370123.4,84287.88,53046.0,0.0,-7236.72,-72205.92,4428014.64,true,Actual
Base,SMB,2025-10-31,4428014.64,127234.92,47070.84,0.0,-1302.24,-70241.76,4530776.4,true,Actual
Base,SMB,2025-11-30,4530776.4,123851.88,51844.56,0.0,-29296.56,-47321.88,4629854.4,true,Actual
Base,SMB,2025-12-31,4629854.4,290647.08,42114.6,7295.16,-13220.52,-175538.64,4781152.08,true,Actual
Base,SMB,2026-01-31,4781152.08,71617.08,40361.16,3132.0,-11535.24,-134016.48,4750710.6,true,Actual
Base,SMB,2026-02-28,4750710.6,51735.72,49117.32,10064.52,-12068.64,-113861.4,4735698.12,true,Actual
Base,SMB,2026-03-31,4735698.12,122782.8,51014.76,7982.76,-4116.0,-114346.56,4799015.88,true,Actual
Base,SMB,2026-04-30,4799015.88,72235.92,46655.4,3643.2,-22612.44,-118468.2,4780469.76,true,Actual
Base,SMB,2026-05-31,4780469.76,84944.52,48814.32,14374.56,-19640.64,-119750.52,4789212.0,true,Actual
Base,SMB,2026-06-30,4789212.0,83896.56,43557.6,20643.24,-22324.08,-90196.44,4824788.88,true,Actual
Base,SMB,2026-07-31,4824788.88,116171.04302723797,50432.01746955836,5998.18,-10173.78275726076,-84418.5063680751,4902797.83137146,false,FY2026 Reforecast
Base,SMB,2026-08-31,4902797.83137146,3638.9369469835465,50432.01746955836,5998.18,-13436.938390337109,-96819.83710991776,4852610.190287747,false,FY2026 Reforecast
Base,SMB,2026-09-30,4852610.190287747,0.0,50432.01746955836,5998.18,-11510.782385774102,-89499.65371723886,4808029.951654293,false,FY2026 Reforecast
Base,SMB,2026-10-31,4808029.951654293,0.0,50432.01746955836,5998.18,-13739.803357515622,-97970.8482937016,4752749.497472634,false,FY2026 Reforecast
Base,SMB,2026-11-30,4752749.497472634,122945.62730568554,50432.01746955836,5998.18,-17766.363192549954,-113273.42833613863,4801085.530719189,false,FY2026 Reforecast
Base,SMB,2026-12-31,4801085.530719189,123412.50201858621,50432.01746955836,5998.18,-21309.62382753022,-126739.2730520758,4832879.333327727,false,FY2026 Reforecast
Base,SMB,2027-01-31,4832879.333327727,123412.50201858621,50432.01746955836,5998.18,-18630.007755993647,-116555.63215323404,4877536.392906644,false,Forward Runway Projection
Base,SMB,2027-02-28,4877536.392906644,121282.33183398077,50432.01746955836,5998.18,-15328.198945881613,-104007.40347376815,4935913.319790534,false,Forward Runway Projection
Base,SMB,2027-03-31,4935913.319790534,118867.338359088,50432.01746955836,5998.18,-17611.932437553303,-112686.5280822821,4980912.395099345,false,Forward Runway Projection
Base,SMB,2027-04-30,4980912.395099345,116512.18818381707,50432.01746955836,5998.18,-16398.732147441817,-108075.86903149448,5029380.179573784,false,Forward Runway Projection
Base,SMB,2027-05-31,5029380.179573784,114215.3983971179,50432.01746955836,5998.18,-18755.935155104176,-117034.20795574869,5064235.632329607,false,Forward Runway Projection
Base,SMB,2027-06-30,5064235.632329607,111975.52283432976,50432.01746955836,5998.18,-18708.595693094037,-116854.29857000629,5097078.458370395,false,Forward Runway Projection
Base,SMB,2027-07-31,5097078.458370395,109791.15116660924,50432.01746955836,5998.18,-7656.935641415805,-74853.45430807861,5180789.417057068,false,Forward Runway Projection
Base,SMB,2027-08-31,5180789.417057068,107660.90801292231,50432.01746955836,5998.18,-6636.400000000001,-70975.0,5267269.122539549,false,Forward Runway Projection
Base,SMB,2027-09-30,5267269.122539549,105583.45207404104,50432.01746955836,5998.18,-6636.400000000001,-70975.0,5351671.372083149,false,Forward Runway Projection
Base,SMB,2027-10-31,5351671.372083148,103557.47528799972,50432.01746955836,5998.18,-8009.6083045862715,-76193.75517980264,5427455.681356317,false,Forward Runway Projection
Base,SMB,2027-11-30,5427455.681356318,101581.70200647894,50432.01746955836,5998.18,-6636.400000000001,-70975.0,5507856.180832355,false,Forward Runway Projection
Base,SMB,2027-12-31,5507856.180832355,99654.88819159858,50432.01746955836,5998.18,-6636.400000000001,-70975.0,5586329.866493512,false,Forward Runway Projection
Base,Total,2024-01-31,18571137.0,525566.76,219226.44,0.0,-258461.88,-149570.16,18907898.16,true,Actual
Base,Total,2024-02-29,18907898.16,356830.68,278988.36,0.0,-91263.12,-156948.96,19295505.12,true,Actual
Base,Total,2024-03-31,19295505.12,831032.04,312089.64,0.0,-65536.8,-323996.88,20049093.119999997,true,Actual
Base,Total,2024-04-30,20049093.119999997,216228.96,537914.4,0.0,-57366.72,-205350.0,20540519.759999998,true,Actual
Base,Total,2024-05-31,20540519.759999998,383789.51999999996,243323.76,8655.48,-45964.32,-166052.52000000002,20964271.679999996,true,Actual
Base,Total,2024-06-30,20964271.679999996,461600.28,292981.8,34328.64,-81439.44,-127409.51999999999,21544333.439999998,true,Actual
Base,Total,2024-07-31,21544333.44,320339.76,316543.44,33770.28,-88843.92000000001,-120242.64,22005900.36,true,Actual
Base,Total,2024-08-31,22005900.36,148772.52,324913.68,7010.52,-52441.8,-445745.16000000003,21988410.12,true,Actual
Base,Total,2024-09-30,21988410.12,301297.92,188901.84,18563.64,-40384.08,-53116.92,22403672.519999996,true,Actual
Base,Total,2024-10-31,22403672.519999996,432548.28,239530.8,5769.72,-72395.64,-253401.36,22755724.32,true,Actual
Base,Total,2024-11-30,22755724.32,418852.68000000005,400393.20000000007,0.0,-136010.52000000002,-132382.68,23306577.0,true,Actual
Base,Total,2024-12-31,23306577.0,1219456.56,403755.48000000004,0.0,-153569.64,-281022.0,24495197.400000002,true,Actual
Base,Total,2025-01-31,24495197.400000002,763989.24,208523.88,5379.0,-356906.4,-433404.48,24682778.64,true,Actual
Base,Total,2025-02-28,24682778.64,398202.83999999997,450903.12,0.0,-110046.24,-189502.91999999998,25232335.439999998,true,Actual
Base,Total,2025-03-31,25232335.439999998,482289.00000000006,339030.96,7012.2,-120597.12000000001,-125741.04000000001,25814329.439999998,true,Actual
Base,Total,2025-04-30,25814329.439999998,289522.07999999996,568274.88,41077.32,-140806.8,-142746.84,26429650.08,true,Actual
Base,Total,2025-05-31,26429650.08,266066.16000000003,214662.36,12462.48,-91199.88,-240511.2,26591130.0,true,Actual
Base,Total,2025-06-30,26591130.0,408324.0,332059.56000000006,0.0,-45796.2,-147946.44,27137770.919999998,true,Actual
Base,Total,2025-07-31,27137770.92,148504.68,364045.92000000004,2735.28,-97174.92,-88185.0,27467696.880000003,true,Actual
Base,Total,2025-08-31,27467696.880000003,254568.0,339460.67999999993,2107.44,-73086.12,-197466.12,27793280.76,true,Actual
Base,Total,2025-09-30,27793280.759999998,265998.83999999997,295512.48,0.0,-46792.8,-189627.96,28118371.32,true,Actual
Base,Total,2025-10-31,28118371.32,427038.12,493697.63999999996,0.0,-124445.04000000001,-162396.0,28752266.040000003,true,Actual
Base,Total,2025-11-30,28752266.040000003,771199.2,366765.0,0.0,-173070.72,-328723.80000000005,29388435.72,true,Actual
Base,Total,2025-12-31,29388435.72,815749.3200000001,245648.28,37735.8,-77452.2,-220801.08000000002,30189315.839999996,true,Actual
Base,Total,2026-01-31,30189315.839999996,267424.44,361621.20000000007,3132.0,-451736.88,-188907.24000000002,30180849.36,true,Actual
Base,Total,2026-02-28,30180849.36,347874.72,303632.88,10064.52,-150335.15999999997,-113861.4,30578224.92,true,Actual
Base,Total,2026-03-31,30578224.92,452642.28,237688.44,7982.76,-205926.12,-233182.91999999998,30837429.36,true,Actual
Base,Total,2026-04-30,30837429.36,134448.47999999998,820157.04,3643.2,-61498.8,-286825.44,31447353.839999996,true,Actual
Base,Total,2026-05-31,31447353.840000004,170863.2,1119731.4,14374.56,-139362.12,-119750.52,32493210.36,true,Actual
Base,Total,2026-06-30,32493210.36,650292.36,510603.95999999996,20643.24,-95907.84,-562121.76,33016720.32,true,Actual
Base,Total,2026-07-31,33016720.32,379723.84316577663,514111.27215857455,8534.9,-86848.2886515485,-160575.32635501673,33671666.72031779,false,FY2026 Reforecast
Base,Total,2026-08-31,33671666.72031778,78926.91212814295,514111.27215857455,8534.9,-99397.34960386796,-188223.04595611413,33985619.40904452,false,FY2026 Reforecast
Base,Total,2026-09-30,33985619.40904452,10415.986183574878,514111.27215857455,8534.9,-102725.15900228248,-188558.21999984363,34227398.18838455,false,FY2026 Reforecast
Base,Total,2026-10-31,34227398.18838455,11305.866570048309,514111.27215857455,8534.9,-140395.9414876271,-232938.5155039047,34388015.770121634,false,FY2026 Reforecast
Base,Total,2026-11-30,34388015.770121634,350964.2754020019,514111.27215857455,8534.9,-183611.10877066094,-301558.8995636074,34776456.20934794,false,FY2026 Reforecast
Base,Total,2026-12-31,34776456.20934794,351431.15011490264,514111.27215857455,8534.9,-351650.5468832045,-482466.4199405572,34816416.56479766,false,FY2026 Reforecast
Base,Total,2027-01-31,34816416.564797655,351431.15011490264,514111.27215857455,8534.9,-291183.81787367136,-418466.4434759994,34980843.62572146,false,Forward Runway Projection
Base,Total,2027-02-28,34980843.62572146,349300.97993029724,514111.27215857455,8534.9,-150800.46284578944,-250734.47583791066,35451255.83912663,false,Forward Runway Projection
Base,Total,2027-03-31,35451255.83912664,346885.98645540443,514111.27215857455,8534.9,-272542.50164893724,-388070.4317244204,35660175.06436726,false,Forward Runway Projection
Base,Total,2027-04-30,35660175.06436726,344530.83628013346,514111.27215857455,8534.9,-109427.45764508289,-202607.42789535932,36215317.187265515,false,Forward Runway Projection
Base,Total,2027-05-31,36215317.18726553,342234.04649343435,514111.27215857455,8534.9,-76271.92612631964,-174161.86622595013,36829763.613565266,false,Forward Runway Projection
Base,Total,2027-06-30,36829763.613565266,339994.1709306461,514111.27215857455,8534.9,-212839.68328937108,-320899.3502053147,37158664.92315979,false,Forward Runway Projection
Base,Total,2027-07-31,37158664.92315979,337809.79926292563,514111.27215857455,8534.9,-23589.77837251388,-90678.72271509531,37904852.39349368,false,Forward Runway Projection
Base,Total,2027-08-31,37904852.39349368,335679.55610923877,514111.27215857455,8534.9,-12308.621024241304,-76608.92369381376,38674260.577043444,false,Forward Runway Projection
Base,Total,2027-09-30,38674260.577043444,333602.10017035744,514111.27215857455,8534.9,-58307.250611851036,-129703.77376507726,39342497.82499545,false,Forward Runway Projection
Base,Total,2027-10-31,39342497.82499546,331576.1233843161,514111.27215857455,8534.9,-16192.56771889077,-84321.46542465033,40096206.087394804,false,Forward Runway Projection
Base,Total,2027-11-30,40096206.087394804,329600.35010279535,514111.27215857455,8534.9,-12339.028150411656,-78006.8519797937,40858106.72952597,false,Forward Runway Projection
Base,Total,2027-12-31,40858106.72952597,327673.53628791496,514111.27215857455,8534.9,-37076.87661737975,-105053.50548991816,41566296.05586515,false,Forward Runway Projection
Base_FullClose,Enterprise,2024-01-31,7243149.6,252805.68,17807.52,0.0,-170906.88,0.0,7342855.92,true,Actual
Base_FullClose,Enterprise,2024-02-29,7342855.92,149726.04,5976.24,0.0,-14219.28,0.0,7484338.92,true,Actual
Base_FullClose,Enterprise,2024-03-31,7484338.92,589680.24,107364.6,0.0,0.0,-86629.2,8094754.56,true,Actual
Base_FullClose,Enterprise,2024-04-30,8094754.56,99912.0,280066.44,0.0,0.0,0.0,8474733.0,true,Actual
Base_FullClose,Enterprise,2024-05-31,8474733.0,180761.88,68119.32,0.0,0.0,0.0,8723614.2,true,Actual
Base_FullClose,Enterprise,2024-06-30,8723614.2,225501.36,176772.84,0.0,0.0,0.0,9125888.4,true,Actual
Base_FullClose,Enterprise,2024-07-31,9125888.4,0.0,26895.84,0.0,-6522.6,0.0,9146261.64,true,Actual
Base_FullClose,Enterprise,2024-08-31,9146261.64,0.0,76411.56,0.0,0.0,-340061.88,8882611.32,true,Actual
Base_FullClose,Enterprise,2024-09-30,8882611.32,174091.44,21904.44,0.0,0.0,0.0,9078607.2,true,Actual
Base_FullClose,Enterprise,2024-10-31,9078607.2,252620.64,25480.68,0.0,-10339.2,-113261.4,9233107.92,true,Actual
Base_FullClose,Enterprise,2024-11-30,9233107.92,227905.92,32363.52,0.0,-45675.24,0.0,9447702.12,true,Actual
Base_FullClose,Enterprise,2024-12-31,9447702.12,704803.68,4033.44,0.0,-75544.68,0.0,10080994.56,true,Actual
Base_FullClose,Enterprise,2025-01-31,10080994.56,483067.68,53838.24,0.0,-201625.2,0.0,10416275.28,true,Actual
Base_FullClose,Enterprise,2025-02-28,10416275.28,126450.24,99623.52,0.0,-62205.6,0.0,10580143.44,true,Actual
Base_FullClose,Enterprise,2025-03-31,10580143.44,60097.2,20297.76,0.0,-11530.8,0.0,10649007.6,true,Actual
Base_FullClose,Enterprise,2025-04-30,10649007.6,0.0,258455.04,0.0,-61589.4,0.0,10845873.24,true,Actual
Base_FullClose,Enterprise,2025-05-31,10845873.24,0.0,23069.4,0.0,0.0,0.0,10868942.64,true,Actual
Base_FullClose,Enterprise,2025-06-30,10868942.64,77274.96,0.0,0.0,-9301.68,0.0,10936915.92,true,Actual
Base_FullClose,Enterprise,2025-07-31,10936915.92,0.0,19308.84,0.0,0.0,0.0,10956224.76,true,Actual
Base_FullClose,Enterprise,2025-08-31,10956224.76,0.0,60897.72,0.0,0.0,0.0,11017122.48,true,Actual
Base_FullClose,Enterprise,2025-09-30,11017122.48,0.0,28725.96,0.0,0.0,0.0,11045848.44,true,Actual
Base_FullClose,Enterprise,2025-10-31,11045848.44,65671.56,36248.04,0.0,-39511.2,0.0,11108256.84,true,Actual
Base_FullClose,Enterprise,2025-11-30,11108256.84,437562.48,110926.32,0.0,0.0,-252620.64,11404125.0,true,Actual
Base_FullClose,Enterprise,2025-12-31,11404125.0,200082.36,6435.24,0.0,-8846.16,0.0,11601796.44,true,Actual
Base_FullClose,Enterprise,2026-01-31,11601796.44,0.0,22979.64,0.0,-184766.76,0.0,11440009.32,true,Actual
Base_FullClose,Enterprise,2026-02-28,11440009.32,164833.56,56577.12,0.0,0.0,0.0,11661420.0,true,Actual
Base_FullClose,Enterprise,2026-03-31,11661420.0,122294.16,10617.84,0.0,0.0,0.0,11794332.0,true,Actual
Base_FullClose,Enterprise,2026-04-30,11794332.0,0.0,386237.64,0.0,-27607.08,0.0,12152962.56,true,Actual
Base_FullClose,Enterprise,2026-05-31,12152962.56,0.0,512099.52,0.0,-43314.36,0.0,12621747.72,true,Actual
Base_FullClose,Enterprise,2026-06-30,12621747.72,431755.68,46447.92,0.0,0.0,-407847.24,12692104.08,true,Actual
Base_FullClose,Enterprise,2026-07-31,12692104.08,81568.06,119558.13016162619,0.0,-0.0,-0.0,12893230.270161627,false,FY2026 Reforecast
Base_FullClose,Enterprise,2026-08-31,12893230.270161625,46131.0475,119558.13016162619,0.0,-25113.174309332182,-30966.796331132766,13002839.477182787,false,FY2026 Reforecast
Base_FullClose,Enterprise,2026-09-30,13002839.477182787,0.0,119558.13016162619,0.0,-35273.49342460707,-43495.38108216973,13043628.732837636,false,FY2026 Reforecast
Base_FullClose,Enterprise,2026-10-31,13043628.732837636,0.0,119558.13016162619,0.0,-38219.743343075315,-47128.37148163185,13077838.748174556,false,FY2026 Reforecast
Base_FullClose,Enterprise,2026-11-30,13077838.748174556,85554.3865625,119558.13016162619,0.0,-98233.5114191916,-121130.73017136256,13063587.023308128,false,FY2026 Reforecast
Base_FullClose,Enterprise,2026-12-31,13063587.023308128,85554.3865625,119558.13016162619,0.0,-115145.23842762347,-141984.4063903508,13011569.89521428,false,FY2026 Reforecast
Base_FullClose,Enterprise,2027-01-31,13011569.895214278,85554.3865625,119558.13016162619,0.0,-130074.3280577216,-160393.31289854477,12926214.770982139,false,Forward Runway Projection
Base_FullClose,Enterprise,2027-02-28,12926214.770982139,85554.3865625,119558.13016162619,0.0,-50739.697005534355,-62566.59726563864,13018020.993435092,false,Forward Runway Projection
Base_FullClose,Enterprise,2027-03-31,13018020.993435092,85554.3865625,119558.13016162619,0.0,-92455.07931477226,-114005.40511739923,13016673.025727047,false,Forward Runway Projection
Base_FullClose,Enterprise,2027-04-30,13016673.025727047,85554.3865625,119558.13016162619,0.0,-8884.781368649186,-10955.732306105225,13201945.028776418,false,Forward Runway Projection
Base_FullClose,Enterprise,2027-05-31,13201945.028776418,85554.3865625,119558.13016162619,0.0,-0.0,-0.0,13407057.545500545,false,Forward Runway Projection
Base_FullClose,Enterprise,2027-06-30,13407057.545500547,85554.3865625,119558.13016162619,0.0,-46800.445802945425,-57709.14722028891,13507660.469201438,false,Forward Runway Projection
Base_FullClose,Enterprise,2027-07-31,13507660.469201436,85554.3865625,119558.13016162619,0.0,-0.0,-0.0,13712772.985925563,false,Forward Runway Projection
Base_FullClose,Enterprise,2027-08-31,13712772.985925563,85554.3865625,119558.13016162619,0.0,-0.0,-0.0,13917885.50264969,false,Forward Runway Projection
Base_FullClose,Enterprise,2027-09-30,13917885.50264969,85554.3865625,119558.13016162619,0.0,-30882.033930542733,-38080.31765474092,14054035.667788532,false,Forward Runway Projection
Base_FullClose,Enterprise,2027-10-31,14054035.667788532,85554.3865625,119558.13016162619,0.0,-0.0,-0.0,14259148.184512658,false,Forward Runway Projection
Base_FullClose,Enterprise,2027-11-30,14259148.184512658,85554.3865625,119558.13016162619,0.0,-5702.628150411655,-7031.85197979371,14451526.22110658,false,Forward Runway Projection
Base_FullClose,Enterprise,2027-12-31,14451526.22110658,85554.3865625,119558.13016162619,0.0,-16025.400500761785,-19760.75614015518,14620852.581189789,false,Forward Runway Projection
Base_FullClose,Mid-Market,2024-01-31,7952748.6,172220.28,147458.16,0.0,-80055.6,-107047.08,8085324.36,true,Actual
Base_FullClose,Mid-Market,2024-02-29,8085324.36,132305.4,226285.92,0.0,-68057.04,-70715.4,8305143.24,true,Actual
Base_FullClose,Mid-Market,2024-03-31,8305143.24,102273.12,155372.16,0.0,-61393.08,-124819.8,8376575.64,true,Actual
Base_FullClose,Mid-Market,2024-04-30,8376575.64,66204.12,233598.36,0.0,-33935.64,-64126.08,8578316.4,true,Actual
Base_FullClose,Mid-Market,2024-05-31,8578316.4,100275.72,139232.28,0.0,-32696.16,-72841.32,8712286.92,true,Actual
Base_FullClose,Mid-Market,2024-06-30,8712286.92,116032.32,94414.92,24229.92,-75445.08,-56086.68,8815432.32,true,Actual
Base_FullClose,Mid-Market,2024-07-31,8815432.32,266252.64,244033.68,28983.84,-75621.96,-38930.16,9240150.36,true,Actual
Base_FullClose,Mid-Market,2024-08-31,9240150.36,94503.12,225500.28,0.0,-41961.36,-47062.8,9471129.6,true,Actual
Base_FullClose,Mid-Market,2024-09-30,9471129.6,59475.36,122809.56,17320.44,-26596.68,0.0,9644138.28,true,Actual
Base_FullClose,Mid-Market,2024-10-31,9644138.28,75764.76,175493.28,0.0,-50911.8,-68861.64,9775622.88,true,Actual
Base_FullClose,Mid-Market,2024-11-30,9775622.88,83935.92,336540.84,0.0,-80018.64,-68846.16,10047234.84,true,Actual
Base_FullClose,Mid-Market,2024-12-31,10047234.84,321255.24,358250.52,0.0,-62905.32,-203560.56,10460274.72,true,Actual
Base_FullClose,Mid-Market,2025-01-31,10460274.72,161960.52,127629.48,0.0,-141799.32,-313995.72,10294069.68,true,Actual
Base_FullClose,Mid-Market,2025-02-28,10294069.68,145388.88,314839.32,0.0,-25332.48,-113352.12,10615613.28,true,Actual
Base_FullClose,Mid-Market,2025-03-31,10615613.28,254963.04,282137.4,0.0,-97994.64,-35721.12,11018997.96,true,Actual
Base_FullClose,Mid-Market,2025-04-30,11018997.96,184505.4,250283.16,41077.32,-74870.4,-14128.92,11405864.52,true,Actual
Base_FullClose,Mid-Market,2025-05-31,11405864.52,155064.72,169027.56,0.0,-80130.0,-90810.72,11559016.08,true,Actual
Base_FullClose,Mid-Market,2025-06-30,11559016.08,137055.36,286010.4,0.0,-16331.64,-58917.72,11906832.48,true,Actual
Base_FullClose,Mid-Market,2025-07-31,11906832.48,84815.04,296148.12,0.0,-77898.72,-28926.84,12180970.08,true,Actual
Base_FullClose,Mid-Market,2025-08-31,12180970.08,153143.88,223555.68,0.0,-53168.4,-98466.36,12406034.88,true,Actual
Base_FullClose,Mid-Market,2025-09-30,12406034.88,181710.96,213740.52,0.0,-39556.08,-117422.04,12644508.24,true,Actual
Base_FullClose,Mid-Market,2025-10-31,12644508.24,234131.64,410378.76,0.0,-83631.6,-92154.24,13113232.8,true,Actual
Base_FullClose,Mid-Market,2025-11-30,13113232.8,209784.84,203994.12,0.0,-143774.16,-28781.28,13354456.32,true,Actual
Base_FullClose,Mid-Market,2025-12-31,13354456.32,325019.88,197098.44,30440.64,-55385.52,-45262.44,13806367.32,true,Actual
Base_FullClose,Mid-Market,2026-01-31,13806367.32,195807.36,298280.4,0.0,-255434.88,-54890.76,13990129.44,true,Actual
Base_FullClose,Mid-Market,2026-02-28,13990129.44,131305.44,197938.44,0.0,-138266.52,0.0,14181106.8,true,Actual
Base_FullClose,Mid-Market,2026-03-31,14181106.8,207565.32,176055.84,0.0,-201810.12,-118836.36,14244081.48,true,Actual
Base_FullClose,Mid-Market,2026-04-30,14244081.48,62212.56,387264.0,0.0,-11279.28,-168357.24,14513921.52,true,Actual
Base_FullClose,Mid-Market,2026-05-31,14513921.52,85918.68,558817.56,0.0,-76407.12,0.0,15082250.64,true,Actual
Base_FullClose,Mid-Market,2026-06-30,15082250.64,134640.12,420598.44,0.0,-73583.76,-64078.08,15499827.36,true,Actual
Base_FullClose,Mid-Market,2026-07-31,15499827.36,181984.74013853865,344121.12452739,2536.72,-76674.50589428774,-76156.81998694164,15875638.6187847,false,FY2026 Reforecast
Base_FullClose,Mid-Market,2026-08-31,15875638.618784698,29156.927681159417,344121.12452739,2536.72,-60847.23690419867,-60436.41251506361,16130169.741573986,false,FY2026 Reforecast
Base_FullClose,Mid-Market,2026-09-30,16130169.741573986,10415.986183574878,344121.12452739,2536.72,-55940.8831919013,-55563.18520043502,16375739.503892614,false,FY2026 Reforecast
Base_FullClose,Mid-Market,2026-10-31,16375739.503892615,11305.866570048309,344121.12452739,2536.72,-88436.39478703619,-87839.29572857123,16557427.524474446,false,FY2026 Reforecast
Base_FullClose,Mid-Market,2026-11-30,16557427.524474446,142464.2615338164,344121.12452739,2536.72,-67611.2341589194,-67154.74105610623,16911783.655320626,false,FY2026 Reforecast
Base_FullClose,Mid-Market,2026-12-31,16911783.655320626,142464.2615338164,344121.12452739,2536.72,-215195.68462805077,-213742.74049813056,16971967.33625565,false,FY2026 Reforecast
Base_FullClose,Mid-Market,2027-01-31,16971967.33625565,142464.2615338164,344121.12452739,2536.72,-142479.48205995612,-141517.4984242206,17177092.46183268,false,Forward Runway Projection
Base_FullClose,Mid-Market,2027-02-28,17177092.46183268,142464.2615338164,344121.12452739,2536.72,-84732.56689437349,-84160.47509850388,17497321.52590101,false,Forward Runway Projection
Base_FullClose,Mid-Market,2027-03-31,17497321.525901012,142464.2615338164,344121.12452739,2536.72,-162475.4898966117,-161378.4985247391,17662589.643540867,false,Forward Runway Projection
Base_FullClose,Mid-Market,2027-04-30,17662589.643540863,142464.2615338164,344121.12452739,2536.72,-84143.94412899189,-83575.82655775962,17983991.97891532,false,Forward Runway Projection
Base_FullClose,Mid-Market,2027-05-31,17983991.978915323,142464.2615338164,344121.12452739,2536.72,-57515.99097121546,-57127.65827020145,18358470.43573511,false,Forward Runway Projection
Base_FullClose,Mid-Market,2027-06-30,18358470.43573511,142464.2615338164,344121.12452739,2536.72,-147330.64179333163,-146335.90441501947,18553925.995587964,false,Forward Runway Projection
Base_FullClose,Mid-Market,2027-07-31,18553925.995587964,142464.2615338164,344121.12452739,2536.72,-15932.842731098073,-15825.2684070167,19011289.990511056,false,Forward Runway Projection
Base_FullClose,Mid-Market,2027-08-31,19011289.990511056,142464.2615338164,344121.12452739,2536.72,-5672.221024241302,-5633.923693813761,19489105.951854207,false,Forward Runway Projection
Base_FullClose,Mid-Market,2027-09-30,19489105.951854207,142464.2615338164,344121.12452739,2536.72,-20788.816681308297,-20648.45611033634,19936790.78512377,false,Forward Runway Projection
Base_FullClose,Mid-Market,2027-10-31,19936790.785123773,142464.2615338164,344121.12452739,2536.72,-8182.959414304499,-8127.710244847691,20409602.221525826,false,Forward Runway Projection
Base_FullClose,Mid-Market,2027-11-30,20409602.221525826,142464.2615338164,344121.12452739,2536.72,-0.0,-0.0,20898724.32758703,false,Forward Runway Projection
Base_FullClose,Mid-Market,2027-12-31,20898724.32758703,142464.2615338164,344121.12452739,2536.72,-14415.076116617958,-14317.749349762973,21359113.608181857,false,Forward Runway Projection
Base_FullClose,SMB,2024-01-31,3375238.8,100540.8,53960.76,0.0,-7499.4,-42523.08,3479717.88,true,Actual
Base_FullClose,SMB,2024-02-29,3479717.88,74799.24,46726.2,0.0,-8986.8,-86233.56,3506022.96,true,Actual
Base_FullClose,SMB,2024-03-31,3506022.96,139078.68,49352.88,0.0,-4143.72,-112547.88,3577762.92,true,Actual
Base_FullClose,SMB,2024-04-30,3577762.92,50112.84,24249.6,0.0,-23431.08,-141223.92,3487470.36,true,Actual
Base_FullClose,SMB,2024-05-31,3487470.36,102751.92,35972.16,8655.48,-13268.16,-93211.2,3528370.56,true,Actual
Base_FullClose,SMB,2024-06-30,3528370.56,120066.6,21794.04,10098.72,-5994.36,-71322.84,3603012.72,true,Actual
Base_FullClose,SMB,2024-07-31,3603012.72,54087.12,45613.92,4786.44,-6699.36,-81312.48,3619488.36,true,Actual
Base_FullClose,SMB,2024-08-31,3619488.36,54269.4,23001.84,7010.52,-10480.44,-58620.48,3634669.2,true,Actual
Base_FullClose,SMB,2024-09-30,3634669.2,67731.12,44187.84,1243.2,-13787.4,-53116.92,3680927.04,true,Actual
Base_FullClose,SMB,2024-10-31,3680927.04,104162.88,38556.84,5769.72,-11144.64,-71278.32,3746993.52,true,Actual
Base_FullClose,SMB,2024-11-30,3746993.52,107010.84,31488.84,0.0,-10316.64,-63536.52,3811640.04,true,Actual
Base_FullClose,SMB,2024-12-31,3811640.04,193397.64,41471.52,0.0,-15119.64,-77461.44,3953928.12,true,Actual
Base_FullClose,SMB,2025-01-31,3953928.12,118961.04,27056.16,5379.0,-13481.88,-119408.76,3972433.68,true,Actual
Base_FullClose,SMB,2025-02-28,3972433.68,126363.72,36440.28,0.0,-22508.16,-76150.8,4036578.72,true,Actual
Base_FullClose,SMB,2025-03-31,4036578.72,167228.76,36595.8,7012.2,-11071.68,-90019.92,4146323.88,true,Actual
Base_FullClose,SMB,2025-04-30,4146323.88,105016.68,59536.68,0.0,-4347.0,-128617.92,4177912.32,true,Actual
Base_FullClose,SMB,2025-05-31,4177912.32,111001.44,22565.4,12462.48,-11069.88,-149700.48,4163171.28,true,Actual
Base_FullClose,SMB,2025-06-30,4163171.28,193993.68,46049.16,0.0,-20162.88,-89028.72,4294022.52,true,Actual
Base_FullClose,SMB,2025-07-31,4294022.52,63689.64,48588.96,2735.28,-19276.2,-59258.16,4330502.04,true,Actual
Base_FullClose,SMB,2025-08-31,4330502.04,101424.12,55007.28,2107.44,-19917.72,-98999.76,4370123.4,true,Actual
Base_FullClose,SMB,2025-09-30,4370123.4,84287.88,53046.0,0.0,-7236.72,-72205.92,4428014.64,true,Actual
Base_FullClose,SMB,2025-10-31,4428014.64,127234.92,47070.84,0.0,-1302.24,-70241.76,4530776.4,true,Actual
Base_FullClose,SMB,2025-11-30,4530776.4,123851.88,51844.56,0.0,-29296.56,-47321.88,4629854.4,true,Actual
Base_FullClose,SMB,2025-12-31,4629854.4,290647.08,42114.6,7295.16,-13220.52,-175538.64,4781152.08,true,Actual
Base_FullClose,SMB,2026-01-31,4781152.08,71617.08,40361.16,3132.0,-11535.24,-134016.48,4750710.6,true,Actual
Base_FullClose,SMB,2026-02-28,4750710.6,51735.72,49117.32,10064.52,-12068.64,-113861.4,4735698.12,true,Actual
Base_FullClose,SMB,2026-03-31,4735698.12,122782.8,51014.76,7982.76,-4116.0,-114346.56,4799015.88,true,Actual
Base_FullClose,SMB,2026-04-30,4799015.88,72235.92,46655.4,3643.2,-22612.44,-118468.2,4780469.76,true,Actual
Base_FullClose,SMB,2026-05-31,4780469.76,84944.52,48814.32,14374.56,-19640.64,-119750.52,4789212.0,true,Actual
Base_FullClose,SMB,2026-06-30,4789212.0,83896.56,43557.6,20643.24,-22324.08,-90196.44,4824788.88,true,Actual
Base_FullClose,SMB,2026-07-31,4824788.88,116171.04302723797,50432.01746955836,5998.18,-10173.78275726076,-84418.5063680751,4902797.83137146,false,FY2026 Reforecast
Base_FullClose,SMB,2026-08-31,4902797.83137146,3638.9369469835465,50432.01746955836,5998.18,-13436.938390337109,-96819.83710991776,4852610.190287747,false,FY2026 Reforecast
Base_FullClose,SMB,2026-09-30,4852610.190287747,0.0,50432.01746955836,5998.18,-11510.782385774102,-89499.65371723886,4808029.951654293,false,FY2026 Reforecast
Base_FullClose,SMB,2026-10-31,4808029.951654293,0.0,50432.01746955836,5998.18,-13739.803357515622,-97970.8482937016,4752749.497472634,false,FY2026 Reforecast
Base_FullClose,SMB,2026-11-30,4752749.497472635,123412.50201858621,50432.01746955836,5998.18,-17766.363192549954,-113273.42833613863,4801552.40543209,false,FY2026 Reforecast
Base_FullClose,SMB,2026-12-31,4801552.40543209,123412.50201858621,50432.01746955836,5998.18,-21309.62382753022,-126739.2730520758,4833346.208040629,false,FY2026 Reforecast
Base_FullClose,SMB,2027-01-31,4833346.208040629,123412.50201858621,50432.01746955836,5998.18,-18630.007755993647,-116555.63215323404,4878003.267619546,false,Forward Runway Projection
Base_FullClose,SMB,2027-02-28,4878003.267619545,123412.50201858621,50432.01746955836,5998.18,-15328.198945881613,-104007.40347376815,4938510.36468804,false,Forward Runway Projection
Base_FullClose,SMB,2027-03-31,4938510.364688041,123412.50201858621,50432.01746955836,5998.18,-17611.932437553303,-112686.5280822821,4988054.60365635,false,Forward Runway Projection
Base_FullClose,SMB,2027-04-30,4988054.603656349,123412.50201858621,50432.01746955836,5998.18,-16398.732147441817,-108075.86903149448,5043422.701965557,false,Forward Runway Projection
Base_FullClose,SMB,2027-05-31,5043422.701965557,123412.50201858621,50432.01746955836,5998.18,-18755.935155104176,-117034.20795574869,5087475.258342849,false,Forward Runway Projection
Base_FullClose,SMB,2027-06-30,5087475.258342849,123412.50201858621,50432.01746955836,5998.18,-18708.595693094037,-116854.29857000629,5131755.063567894,false,Forward Runway Projection
Base_FullClose,SMB,2027-07-31,5131755.063567894,123412.50201858621,50432.01746955836,5998.18,-7656.935641415805,-74853.45430807861,5229087.373106544,false,Forward Runway Projection
Base_FullClose,SMB,2027-08-31,5229087.373106543,123412.50201858621,50432.01746955836,5998.18,-6636.400000000001,-70975.0,5331318.672594688,false,Forward Runway Projection
Base_FullClose,SMB,2027-09-30,5331318.672594688,123412.50201858621,50432.01746955836,5998.18,-6636.400000000001,-70975.0,5433549.972082833,false,Forward Runway Projection
Base_FullClose,SMB,2027-10-31,5433549.972082834,123412.50201858621,50432.01746955836,5998.18,-8009.6083045862715,-76193.75517980264,5529189.308086589,false,Forward Runway Projection
Base_FullClose,SMB,2027-11-30,5529189.308086588,123412.50201858621,50432.01746955836,5998.18,-6636.400000000001,-70975.0,5631420.607574733,false,Forward Runway Projection
Base_FullClose,SMB,2027-12-31,5631420.607574733,123412.50201858621,50432.01746955836,5998.18,-6636.400000000001,-70975.0,5733651.907062878,false,Forward Runway Projection
Base_FullClose,Total,2024-01-31,18571137.0,525566.76,219226.44,0.0,-258461.88,-149570.16,18907898.16,true,Actual
Base_FullClose,Total,2024-02-29,18907898.16,356830.68,278988.36,0.0,-91263.12,-156948.96,19295505.12,true,Actual
Base_FullClose,Total,2024-03-31,19295505.12,831032.04,312089.64,0.0,-65536.8,-323996.88,20049093.119999997,true,Actual
Base_FullClose,Total,2024-04-30,20049093.119999997,216228.96,537914.4,0.0,-57366.72,-205350.0,20540519.759999998,true,Actual
Base_FullClose,Total,2024-05-31,20540519.759999998,383789.51999999996,243323.76,8655.48,-45964.32,-166052.52000000002,20964271.679999996,true,Actual
Base_FullClose,Total,2024-06-30,20964271.679999996,461600.28,292981.8,34328.64,-81439.44,-127409.51999999999,21544333.439999998,true,Actual
Base_FullClose,Total,2024-07-31,21544333.44,320339.76,316543.44,33770.28,-88843.92000000001,-120242.64,22005900.36,true,Actual
Base_FullClose,Total,2024-08-31,22005900.36,148772.52,324913.68,7010.52,-52441.8,-445745.16000000003,21988410.12,true,Actual
Base_FullClose,Total,2024-09-30,21988410.12,301297.92,188901.84,18563.64,-40384.08,-53116.92,22403672.519999996,true,Actual
Base_FullClose,Total,2024-10-31,22403672.519999996,432548.28,239530.8,5769.72,-72395.64,-253401.36,22755724.32,true,Actual
Base_FullClose,Total,2024-11-30,22755724.32,418852.68000000005,400393.20000000007,0.0,-136010.52000000002,-132382.68,23306577.0,true,Actual
Base_FullClose,Total,2024-12-31,23306577.0,1219456.56,403755.48000000004,0.0,-153569.64,-281022.0,24495197.400000002,true,Actual
Base_FullClose,Total,2025-01-31,24495197.400000002,763989.24,208523.88,5379.0,-356906.4,-433404.48,24682778.64,true,Actual
Base_FullClose,Total,2025-02-28,24682778.64,398202.83999999997,450903.12,0.0,-110046.24,-189502.91999999998,25232335.439999998,true,Actual
Base_FullClose,Total,2025-03-31,25232335.439999998,482289.00000000006,339030.96,7012.2,-120597.12000000001,-125741.04000000001,25814329.439999998,true,Actual
Base_FullClose,Total,2025-04-30,25814329.439999998,289522.07999999996,568274.88,41077.32,-140806.8,-142746.84,26429650.08,true,Actual
Base_FullClose,Total,2025-05-31,26429650.08,266066.16000000003,214662.36,12462.48,-91199.88,-240511.2,26591130.0,true,Actual
Base_FullClose,Total,2025-06-30,26591130.0,408324.0,332059.56000000006,0.0,-45796.2,-147946.44,27137770.919999998,true,Actual
Base_FullClose,Total,2025-07-31,27137770.92,148504.68,364045.92000000004,2735.28,-97174.92,-88185.0,27467696.880000003,true,Actual
Base_FullClose,Total,2025-08-31,27467696.880000003,254568.0,339460.67999999993,2107.44,-73086.12,-197466.12,27793280.76,true,Actual
Base_FullClose,Total,2025-09-30,27793280.759999998,265998.83999999997,295512.48,0.0,-46792.8,-189627.96,28118371.32,true,Actual
Base_FullClose,Total,2025-10-31,28118371.32,427038.12,493697.63999999996,0.0,-124445.04000000001,-162396.0,28752266.040000003,true,Actual
Base_FullClose,Total,2025-11-30,28752266.040000003,771199.2,366765.0,0.0,-173070.72,-328723.80000000005,29388435.72,true,Actual
Base_FullClose,Total,2025-12-31,29388435.72,815749.3200000001,245648.28,37735.8,-77452.2,-220801.08000000002,30189315.839999996,true,Actual
Base_FullClose,Total,2026-01-31,30189315.839999996,267424.44,361621.20000000007,3132.0,-451736.88,-188907.24000000002,30180849.36,true,Actual
Base_FullClose,Total,2026-02-28,30180849.36,347874.72,303632.88,10064.52,-150335.15999999997,-113861.4,30578224.92,true,Actual
Base_FullClose,Total,2026-03-31,30578224.92,452642.28,237688.44,7982.76,-205926.12,-233182.91999999998,30837429.36,true,Actual
Base_FullClose,Total,2026-04-30,30837429.36,134448.47999999998,820157.04,3643.2,-61498.8,-286825.44,31447353.839999996,true,Actual
Base_FullClose,Total,2026-05-31,31447353.840000004,170863.2,1119731.4,14374.56,-139362.12,-119750.52,32493210.36,true,Actual
Base_FullClose,Total,2026-06-30,32493210.36,650292.36,510603.95999999996,20643.24,-95907.84,-562121.76,33016720.32,true,Actual
Base_FullClose,Total,2026-07-31,33016720.32,379723.84316577663,514111.27215857455,8534.9,-86848.2886515485,-160575.32635501673,33671666.72031778,false,FY2026 Reforecast
Base_FullClose,Total,2026-08-31,33671666.72031778,78926.91212814295,514111.27215857455,8534.9,-99397.34960386796,-188223.04595611413,33985619.40904452,false,FY2026 Reforecast
Base_FullClose,Total,2026-09-30,33985619.40904452,10415.986183574878,514111.27215857455,8534.9,-102725.15900228248,-188558.21999984363,34227398.18838454,false,FY2026 Reforecast
Base_FullClose,Total,2026-10-31,34227398.18838455,11305.866570048309,514111.27215857455,8534.9,-140395.94148762713,-232938.51550390467,34388015.770121634,false,FY2026 Reforecast
Base_FullClose,Total,2026-11-30,34388015.770121634,351431.15011490264,514111.27215857455,8534.9,-183611.10877066094,-301558.8995636074,34776923.08406085,false,FY2026 Reforecast
Base_FullClose,Total,2026-12-31,34776923.08406085,351431.15011490264,514111.27215857455,8534.9,-351650.5468832045,-482466.41994055716,34816883.439510554,false,FY2026 Reforecast
Base_FullClose,Total,2027-01-31,34816883.439510554,351431.15011490264,514111.27215857455,8534.9,-291183.81787367136,-418466.4434759994,34981310.50043437,false,Forward Runway Projection
Base_FullClose,Total,2027-02-28,34981310.50043436,351431.15011490264,514111.27215857455,8534.9,-150800.46284578944,-250734.47583791066,35453852.88402414,false,Forward Runway Projection
Base_FullClose,Total,2027-03-31,35453852.88402414,351431.15011490264,514111.27215857455,8534.9,-272542.50164893724,-388070.4317244204,35667317.27292426,false,Forward Runway Projection
Base_FullClose,Total,2027-04-30,35667317.27292426,351431.15011490264,514111.27215857455,8534.9,-109427.45764508289,-202607.42789535935,36229359.7096573,false,Forward Runway Projection
Base_FullClose,Total,2027-05-31,36229359.7096573,351431.15011490264,514111.27215857455,8534.9,-76271.92612631964,-174161.86622595013,36853003.2395785,false,Forward Runway Projection
Base_FullClose,Total,2027-06-30,36853003.2395785,351431.15011490264,514111.27215857455,8534.9,-212839.68328937108,-320899.3502053147,37193341.5283573,false,Forward Runway Projection
Base_FullClose,Total,2027-07-31,37193341.5283573,351431.15011490264,514111.27215857455,8534.9,-23589.77837251388,-90678.72271509531,37953150.34954316,false,Forward Runway Projection
Base_FullClose,Total,2027-08-31,37953150.34954316,351431.15011490264,514111.27215857455,8534.9,-12308.621024241304,-76608.92369381376,38738310.12709858,false,Forward Runway Projection
Base_FullClose,Total,2027-09-30,38738310.12709858,351431.15011490264,514111.27215857455,8534.9,-58307.250611851036,-129703.77376507725,39424376.42499514,false,Forward Runway Projection
Base_FullClose,Total,2027-10-31,39424376.42499514,351431.15011490264,514111.27215857455,8534.9,-16192.56771889077,-84321.46542465033,40197939.714125074,false,Forward Runway Projection
Base_FullClose,Total,2027-11-30,40197939.71412507,351431.15011490264,514111.27215857455,8534.9,-12339.028150411656,-78006.8519797937,40981671.15626834,false,Forward Runway Projection
Base_FullClose,Total,2027-12-31,40981671.15626834,351431.15011490264,514111.27215857455,8534.9,-37076.87661737975,-105053.50548991816,41713618.09643452,false,Forward Runway Projection
Base_Targeted,Enterprise,2024-01-31,7243149.6,252805.68,17807.52,0.0,-170906.88,0.0,7342855.92,true,Actual
Base_Targeted,Enterprise,2024-02-29,7342855.92,149726.04,5976.24,0.0,-14219.28,0.0,7484338.92,true,Actual
Base_Targeted,Enterprise,2024-03-31,7484338.92,589680.24,107364.6,0.0,0.0,-86629.2,8094754.56,true,Actual
Base_Targeted,Enterprise,2024-04-30,8094754.56,99912.0,280066.44,0.0,0.0,0.0,8474733.0,true,Actual
Base_Targeted,Enterprise,2024-05-31,8474733.0,180761.88,68119.32,0.0,0.0,0.0,8723614.2,true,Actual
Base_Targeted,Enterprise,2024-06-30,8723614.2,225501.36,176772.84,0.0,0.0,0.0,9125888.4,true,Actual
Base_Targeted,Enterprise,2024-07-31,9125888.4,0.0,26895.84,0.0,-6522.6,0.0,9146261.64,true,Actual
Base_Targeted,Enterprise,2024-08-31,9146261.64,0.0,76411.56,0.0,0.0,-340061.88,8882611.32,true,Actual
Base_Targeted,Enterprise,2024-09-30,8882611.32,174091.44,21904.44,0.0,0.0,0.0,9078607.2,true,Actual
Base_Targeted,Enterprise,2024-10-31,9078607.2,252620.64,25480.68,0.0,-10339.2,-113261.4,9233107.92,true,Actual
Base_Targeted,Enterprise,2024-11-30,9233107.92,227905.92,32363.52,0.0,-45675.24,0.0,9447702.12,true,Actual
Base_Targeted,Enterprise,2024-12-31,9447702.12,704803.68,4033.44,0.0,-75544.68,0.0,10080994.56,true,Actual
Base_Targeted,Enterprise,2025-01-31,10080994.56,483067.68,53838.24,0.0,-201625.2,0.0,10416275.28,true,Actual
Base_Targeted,Enterprise,2025-02-28,10416275.28,126450.24,99623.52,0.0,-62205.6,0.0,10580143.44,true,Actual
Base_Targeted,Enterprise,2025-03-31,10580143.44,60097.2,20297.76,0.0,-11530.8,0.0,10649007.6,true,Actual
Base_Targeted,Enterprise,2025-04-30,10649007.6,0.0,258455.04,0.0,-61589.4,0.0,10845873.24,true,Actual
Base_Targeted,Enterprise,2025-05-31,10845873.24,0.0,23069.4,0.0,0.0,0.0,10868942.64,true,Actual
Base_Targeted,Enterprise,2025-06-30,10868942.64,77274.96,0.0,0.0,-9301.68,0.0,10936915.92,true,Actual
Base_Targeted,Enterprise,2025-07-31,10936915.92,0.0,19308.84,0.0,0.0,0.0,10956224.76,true,Actual
Base_Targeted,Enterprise,2025-08-31,10956224.76,0.0,60897.72,0.0,0.0,0.0,11017122.48,true,Actual
Base_Targeted,Enterprise,2025-09-30,11017122.48,0.0,28725.96,0.0,0.0,0.0,11045848.44,true,Actual
Base_Targeted,Enterprise,2025-10-31,11045848.44,65671.56,36248.04,0.0,-39511.2,0.0,11108256.84,true,Actual
Base_Targeted,Enterprise,2025-11-30,11108256.84,437562.48,110926.32,0.0,0.0,-252620.64,11404125.0,true,Actual
Base_Targeted,Enterprise,2025-12-31,11404125.0,200082.36,6435.24,0.0,-8846.16,0.0,11601796.44,true,Actual
Base_Targeted,Enterprise,2026-01-31,11601796.44,0.0,22979.64,0.0,-184766.76,0.0,11440009.32,true,Actual
Base_Targeted,Enterprise,2026-02-28,11440009.32,164833.56,56577.12,0.0,0.0,0.0,11661420.0,true,Actual
Base_Targeted,Enterprise,2026-03-31,11661420.0,122294.16,10617.84,0.0,0.0,0.0,11794332.0,true,Actual
Base_Targeted,Enterprise,2026-04-30,11794332.0,0.0,386237.64,0.0,-27607.08,0.0,12152962.56,true,Actual
Base_Targeted,Enterprise,2026-05-31,12152962.56,0.0,512099.52,0.0,-43314.36,0.0,12621747.72,true,Actual
Base_Targeted,Enterprise,2026-06-30,12621747.72,431755.68,46447.92,0.0,0.0,-407847.24,12692104.08,true,Actual
Base_Targeted,Enterprise,2026-07-31,12692104.08,81568.06,119558.13016162619,0.0,-0.0,-0.0,12893230.270161627,false,FY2026 Reforecast
Base_Targeted,Enterprise,2026-08-31,12893230.270161625,46131.0475,119558.13016162619,0.0,-25113.174309332182,-30966.796331132766,13002839.477182787,false,FY2026 Reforecast
Base_Targeted,Enterprise,2026-09-30,13002839.477182787,0.0,119558.13016162619,0.0,-35273.49342460707,-43495.38108216973,13043628.732837636,false,FY2026 Reforecast
Base_Targeted,Enterprise,2026-10-31,13043628.732837636,0.0,119558.13016162619,0.0,-38219.743343075315,-47128.37148163185,13077838.748174556,false,FY2026 Reforecast
Base_Targeted,Enterprise,2026-11-30,13077838.748174556,85554.3865625,119558.13016162619,0.0,-98233.5114191916,-121130.73017136256,13063587.023308128,false,FY2026 Reforecast
Base_Targeted,Enterprise,2026-12-31,13063587.023308128,85554.3865625,119558.13016162619,0.0,-115145.23842762347,-141984.4063903508,13011569.89521428,false,FY2026 Reforecast
Base_Targeted,Enterprise,2027-01-31,13011569.895214278,85554.3865625,119558.13016162619,0.0,-130074.3280577216,-160393.31289854477,12926214.770982139,false,Forward Runway Projection
Base_Targeted,Enterprise,2027-02-28,12926214.770982139,85554.3865625,119558.13016162619,0.0,-50739.697005534355,-62566.59726563864,13018020.993435092,false,Forward Runway Projection
Base_Targeted,Enterprise,2027-03-31,13018020.993435092,85554.3865625,119558.13016162619,0.0,-92455.07931477226,-114005.40511739923,13016673.025727047,false,Forward Runway Projection
Base_Targeted,Enterprise,2027-04-30,13016673.025727047,85554.3865625,119558.13016162619,0.0,-8884.781368649186,-10955.732306105225,13201945.028776418,false,Forward Runway Projection
Base_Targeted,Enterprise,2027-05-31,13201945.028776418,85554.3865625,119558.13016162619,0.0,-0.0,-0.0,13407057.545500545,false,Forward Runway Projection
Base_Targeted,Enterprise,2027-06-30,13407057.545500547,85554.3865625,119558.13016162619,0.0,-46800.445802945425,-57709.14722028891,13507660.469201438,false,Forward Runway Projection
Base_Targeted,Enterprise,2027-07-31,13507660.469201436,85554.3865625,119558.13016162619,0.0,-0.0,-0.0,13712772.985925563,false,Forward Runway Projection
Base_Targeted,Enterprise,2027-08-31,13712772.985925563,85554.3865625,119558.13016162619,0.0,-0.0,-0.0,13917885.50264969,false,Forward Runway Projection
Base_Targeted,Enterprise,2027-09-30,13917885.50264969,85554.3865625,119558.13016162619,0.0,-30882.033930542733,-38080.31765474092,14054035.667788532,false,Forward Runway Projection
Base_Targeted,Enterprise,2027-10-31,14054035.667788532,85554.3865625,119558.13016162619,0.0,-0.0,-0.0,14259148.184512658,false,Forward Runway Projection
Base_Targeted,Enterprise,2027-11-30,14259148.184512658,85554.3865625,119558.13016162619,0.0,-5702.628150411655,-7031.85197979371,14451526.22110658,false,Forward Runway Projection
Base_Targeted,Enterprise,2027-12-31,14451526.22110658,85554.3865625,119558.13016162619,0.0,-16025.400500761785,-19760.75614015518,14620852.581189789,false,Forward Runway Projection
Base_Targeted,Mid-Market,2024-01-31,7952748.6,172220.28,147458.16,0.0,-80055.6,-107047.08,8085324.36,true,Actual
Base_Targeted,Mid-Market,2024-02-29,8085324.36,132305.4,226285.92,0.0,-68057.04,-70715.4,8305143.24,true,Actual
Base_Targeted,Mid-Market,2024-03-31,8305143.24,102273.12,155372.16,0.0,-61393.08,-124819.8,8376575.64,true,Actual
Base_Targeted,Mid-Market,2024-04-30,8376575.64,66204.12,233598.36,0.0,-33935.64,-64126.08,8578316.4,true,Actual
Base_Targeted,Mid-Market,2024-05-31,8578316.4,100275.72,139232.28,0.0,-32696.16,-72841.32,8712286.92,true,Actual
Base_Targeted,Mid-Market,2024-06-30,8712286.92,116032.32,94414.92,24229.92,-75445.08,-56086.68,8815432.32,true,Actual
Base_Targeted,Mid-Market,2024-07-31,8815432.32,266252.64,244033.68,28983.84,-75621.96,-38930.16,9240150.36,true,Actual
Base_Targeted,Mid-Market,2024-08-31,9240150.36,94503.12,225500.28,0.0,-41961.36,-47062.8,9471129.6,true,Actual
Base_Targeted,Mid-Market,2024-09-30,9471129.6,59475.36,122809.56,17320.44,-26596.68,0.0,9644138.28,true,Actual
Base_Targeted,Mid-Market,2024-10-31,9644138.28,75764.76,175493.28,0.0,-50911.8,-68861.64,9775622.88,true,Actual
Base_Targeted,Mid-Market,2024-11-30,9775622.88,83935.92,336540.84,0.0,-80018.64,-68846.16,10047234.84,true,Actual
Base_Targeted,Mid-Market,2024-12-31,10047234.84,321255.24,358250.52,0.0,-62905.32,-203560.56,10460274.72,true,Actual
Base_Targeted,Mid-Market,2025-01-31,10460274.72,161960.52,127629.48,0.0,-141799.32,-313995.72,10294069.68,true,Actual
Base_Targeted,Mid-Market,2025-02-28,10294069.68,145388.88,314839.32,0.0,-25332.48,-113352.12,10615613.28,true,Actual
Base_Targeted,Mid-Market,2025-03-31,10615613.28,254963.04,282137.4,0.0,-97994.64,-35721.12,11018997.96,true,Actual
Base_Targeted,Mid-Market,2025-04-30,11018997.96,184505.4,250283.16,41077.32,-74870.4,-14128.92,11405864.52,true,Actual
Base_Targeted,Mid-Market,2025-05-31,11405864.52,155064.72,169027.56,0.0,-80130.0,-90810.72,11559016.08,true,Actual
Base_Targeted,Mid-Market,2025-06-30,11559016.08,137055.36,286010.4,0.0,-16331.64,-58917.72,11906832.48,true,Actual
Base_Targeted,Mid-Market,2025-07-31,11906832.48,84815.04,296148.12,0.0,-77898.72,-28926.84,12180970.08,true,Actual
Base_Targeted,Mid-Market,2025-08-31,12180970.08,153143.88,223555.68,0.0,-53168.4,-98466.36,12406034.88,true,Actual
Base_Targeted,Mid-Market,2025-09-30,12406034.88,181710.96,213740.52,0.0,-39556.08,-117422.04,12644508.24,true,Actual
Base_Targeted,Mid-Market,2025-10-31,12644508.24,234131.64,410378.76,0.0,-83631.6,-92154.24,13113232.8,true,Actual
Base_Targeted,Mid-Market,2025-11-30,13113232.8,209784.84,203994.12,0.0,-143774.16,-28781.28,13354456.32,true,Actual
Base_Targeted,Mid-Market,2025-12-31,13354456.32,325019.88,197098.44,30440.64,-55385.52,-45262.44,13806367.32,true,Actual
Base_Targeted,Mid-Market,2026-01-31,13806367.32,195807.36,298280.4,0.0,-255434.88,-54890.76,13990129.44,true,Actual
Base_Targeted,Mid-Market,2026-02-28,13990129.44,131305.44,197938.44,0.0,-138266.52,0.0,14181106.8,true,Actual
Base_Targeted,Mid-Market,2026-03-31,14181106.8,207565.32,176055.84,0.0,-201810.12,-118836.36,14244081.48,true,Actual
Base_Targeted,Mid-Market,2026-04-30,14244081.48,62212.56,387264.0,0.0,-11279.28,-168357.24,14513921.52,true,Actual
Base_Targeted,Mid-Market,2026-05-31,14513921.52,85918.68,558817.56,0.0,-76407.12,0.0,15082250.64,true,Actual
Base_Targeted,Mid-Market,2026-06-30,15082250.64,134640.12,420598.44,0.0,-73583.76,-64078.08,15499827.36,true,Actual
Base_Targeted,Mid-Market,2026-07-31,15499827.36,181984.74013853865,344121.12452739,2536.72,-76674.50589428774,-76156.81998694164,15875638.6187847,false,FY2026 Reforecast
Base_Targeted,Mid-Market,2026-08-31,15875638.618784698,29156.927681159417,344121.12452739,2536.72,-60847.23690419867,-60436.41251506361,16130169.741573986,false,FY2026 Reforecast
Base_Targeted,Mid-Market,2026-09-30,16130169.741573986,10415.986183574878,344121.12452739,2536.72,-55940.8831919013,-55563.18520043502,16375739.503892614,false,FY2026 Reforecast
Base_Targeted,Mid-Market,2026-10-31,16375739.503892615,11305.866570048309,344121.12452739,2536.72,-88436.39478703619,-87839.29572857123,16557427.524474446,false,FY2026 Reforecast
Base_Targeted,Mid-Market,2026-11-30,16557427.524474446,142464.2615338164,344121.12452739,2536.72,-67611.2341589194,-67154.74105610623,16911783.655320626,false,FY2026 Reforecast
Base_Targeted,Mid-Market,2026-12-31,16911783.655320626,142464.2615338164,344121.12452739,2536.72,-215195.68462805077,-213742.74049813056,16971967.33625565,false,FY2026 Reforecast
Base_Targeted,Mid-Market,2027-01-31,16971967.33625565,142464.2615338164,344121.12452739,2536.72,-142479.48205995612,-141517.4984242206,17177092.46183268,false,Forward Runway Projection
Base_Targeted,Mid-Market,2027-02-28,17177092.46183268,142464.2615338164,344121.12452739,2536.72,-84732.56689437349,-84160.47509850388,17497321.52590101,false,Forward Runway Projection
Base_Targeted,Mid-Market,2027-03-31,17497321.525901012,142464.2615338164,344121.12452739,2536.72,-162475.4898966117,-161378.4985247391,17662589.643540867,false,Forward Runway Projection
Base_Targeted,Mid-Market,2027-04-30,17662589.643540863,142464.2615338164,344121.12452739,2536.72,-84143.94412899189,-83575.82655775962,17983991.97891532,false,Forward Runway Projection
Base_Targeted,Mid-Market,2027-05-31,17983991.978915323,142464.2615338164,344121.12452739,2536.72,-57515.99097121546,-57127.65827020145,18358470.43573511,false,Forward Runway Projection
Base_Targeted,Mid-Market,2027-06-30,18358470.43573511,142464.2615338164,344121.12452739,2536.72,-147330.64179333163,-146335.90441501947,18553925.995587964,false,Forward Runway Projection
Base_Targeted,Mid-Market,2027-07-31,18553925.995587964,142464.2615338164,344121.12452739,2536.72,-15932.842731098073,-15825.2684070167,19011289.990511056,false,Forward Runway Projection
Base_Targeted,Mid-Market,2027-08-31,19011289.990511056,142464.2615338164,344121.12452739,2536.72,-5672.221024241302,-5633.923693813761,19489105.951854207,false,Forward Runway Projection
Base_Targeted,Mid-Market,2027-09-30,19489105.951854207,142464.2615338164,344121.12452739,2536.72,-20788.816681308297,-20648.45611033634,19936790.78512377,false,Forward Runway Projection
Base_Targeted,Mid-Market,2027-10-31,19936790.785123773,142464.2615338164,344121.12452739,2536.72,-8182.959414304499,-8127.710244847691,20409602.221525826,false,Forward Runway Projection
Base_Targeted,Mid-Market,2027-11-30,20409602.221525826,142464.2615338164,344121.12452739,2536.72,-0.0,-0.0,20898724.32758703,false,Forward Runway Projection
Base_Targeted,Mid-Market,2027-12-31,20898724.32758703,142464.2615338164,344121.12452739,2536.72,-14415.076116617958,-14317.749349762973,21359113.608181857,false,Forward Runway Projection
Base_Targeted,SMB,2024-01-31,3375238.8,100540.8,53960.76,0.0,-7499.4,-42523.08,3479717.88,true,Actual
Base_Targeted,SMB,2024-02-29,3479717.88,74799.24,46726.2,0.0,-8986.8,-86233.56,3506022.96,true,Actual
Base_Targeted,SMB,2024-03-31,3506022.96,139078.68,49352.88,0.0,-4143.72,-112547.88,3577762.92,true,Actual
Base_Targeted,SMB,2024-04-30,3577762.92,50112.84,24249.6,0.0,-23431.08,-141223.92,3487470.36,true,Actual
Base_Targeted,SMB,2024-05-31,3487470.36,102751.92,35972.16,8655.48,-13268.16,-93211.2,3528370.56,true,Actual
Base_Targeted,SMB,2024-06-30,3528370.56,120066.6,21794.04,10098.72,-5994.36,-71322.84,3603012.72,true,Actual
Base_Targeted,SMB,2024-07-31,3603012.72,54087.12,45613.92,4786.44,-6699.36,-81312.48,3619488.36,true,Actual
Base_Targeted,SMB,2024-08-31,3619488.36,54269.4,23001.84,7010.52,-10480.44,-58620.48,3634669.2,true,Actual
Base_Targeted,SMB,2024-09-30,3634669.2,67731.12,44187.84,1243.2,-13787.4,-53116.92,3680927.04,true,Actual
Base_Targeted,SMB,2024-10-31,3680927.04,104162.88,38556.84,5769.72,-11144.64,-71278.32,3746993.52,true,Actual
Base_Targeted,SMB,2024-11-30,3746993.52,107010.84,31488.84,0.0,-10316.64,-63536.52,3811640.04,true,Actual
Base_Targeted,SMB,2024-12-31,3811640.04,193397.64,41471.52,0.0,-15119.64,-77461.44,3953928.12,true,Actual
Base_Targeted,SMB,2025-01-31,3953928.12,118961.04,27056.16,5379.0,-13481.88,-119408.76,3972433.68,true,Actual
Base_Targeted,SMB,2025-02-28,3972433.68,126363.72,36440.28,0.0,-22508.16,-76150.8,4036578.72,true,Actual
Base_Targeted,SMB,2025-03-31,4036578.72,167228.76,36595.8,7012.2,-11071.68,-90019.92,4146323.88,true,Actual
Base_Targeted,SMB,2025-04-30,4146323.88,105016.68,59536.68,0.0,-4347.0,-128617.92,4177912.32,true,Actual
Base_Targeted,SMB,2025-05-31,4177912.32,111001.44,22565.4,12462.48,-11069.88,-149700.48,4163171.28,true,Actual
Base_Targeted,SMB,2025-06-30,4163171.28,193993.68,46049.16,0.0,-20162.88,-89028.72,4294022.52,true,Actual
Base_Targeted,SMB,2025-07-31,4294022.52,63689.64,48588.96,2735.28,-19276.2,-59258.16,4330502.04,true,Actual
Base_Targeted,SMB,2025-08-31,4330502.04,101424.12,55007.28,2107.44,-19917.72,-98999.76,4370123.4,true,Actual
Base_Targeted,SMB,2025-09-30,4370123.4,84287.88,53046.0,0.0,-7236.72,-72205.92,4428014.64,true,Actual
Base_Targeted,SMB,2025-10-31,4428014.64,127234.92,47070.84,0.0,-1302.24,-70241.76,4530776.4,true,Actual
Base_Targeted,SMB,2025-11-30,4530776.4,123851.88,51844.56,0.0,-29296.56,-47321.88,4629854.4,true,Actual
Base_Targeted,SMB,2025-12-31,4629854.4,290647.08,42114.6,7295.16,-13220.52,-175538.64,4781152.08,true,Actual
Base_Targeted,SMB,2026-01-31,4781152.08,71617.08,40361.16,3132.0,-11535.24,-134016.48,4750710.6,true,Actual
Base_Targeted,SMB,2026-02-28,4750710.6,51735.72,49117.32,10064.52,-12068.64,-113861.4,4735698.12,true,Actual
Base_Targeted,SMB,2026-03-31,4735698.12,122782.8,51014.76,7982.76,-4116.0,-114346.56,4799015.88,true,Actual
Base_Targeted,SMB,2026-04-30,4799015.88,72235.92,46655.4,3643.2,-22612.44,-118468.2,4780469.76,true,Actual
Base_Targeted,SMB,2026-05-31,4780469.76,84944.52,48814.32,14374.56,-19640.64,-119750.52,4789212.0,true,Actual
Base_Targeted,SMB,2026-06-30,4789212.0,83896.56,43557.6,20643.24,-22324.08,-90196.44,4824788.88,true,Actual
Base_Targeted,SMB,2026-07-31,4824788.88,116171.04302723797,50432.01746955836,5998.18,-10173.78275726076,-84418.5063680751,4902797.83137146,false,FY2026 Reforecast
Base_Targeted,SMB,2026-08-31,4902797.83137146,3638.9369469835465,50432.01746955836,5998.18,-13436.938390337109,-96819.83710991776,4852610.190287747,false,FY2026 Reforecast
Base_Targeted,SMB,2026-09-30,4852610.190287747,0.0,50432.01746955836,5998.18,-11510.782385774102,-89499.65371723886,4808029.951654293,false,FY2026 Reforecast
Base_Targeted,SMB,2026-10-31,4808029.951654293,0.0,50432.01746955836,5998.18,-13739.803357515622,-97970.8482937016,4752749.497472634,false,FY2026 Reforecast
Base_Targeted,SMB,2026-11-30,4752749.497472634,122945.62730568554,50432.01746955836,5998.18,-17766.363192549954,-113273.42833613863,4801085.530719189,false,FY2026 Reforecast
Base_Targeted,SMB,2026-12-31,4801085.530719189,123412.50201858621,50432.01746955836,5998.18,-21309.62382753022,-126739.2730520758,4832879.333327727,false,FY2026 Reforecast
Base_Targeted,SMB,2027-01-31,4832879.333327727,123412.50201858621,50432.01746955836,5998.18,-18630.007755993647,-116555.63215323404,4877536.392906644,false,Forward Runway Projection
Base_Targeted,SMB,2027-02-28,4877536.392906644,121282.33183398077,50432.01746955836,5998.18,-15328.198945881613,-104007.40347376815,4935913.319790534,false,Forward Runway Projection
Base_Targeted,SMB,2027-03-31,4935913.319790534,118867.338359088,50432.01746955836,5998.18,-17611.932437553303,-112686.5280822821,4980912.395099345,false,Forward Runway Projection
Base_Targeted,SMB,2027-04-30,4980912.395099345,116512.18818381707,50432.01746955836,5998.18,-16398.732147441817,-108075.86903149448,5029380.179573784,false,Forward Runway Projection
Base_Targeted,SMB,2027-05-31,5029380.179573784,114215.3983971179,50432.01746955836,5998.18,-18755.935155104176,-117034.20795574869,5064235.632329607,false,Forward Runway Projection
Base_Targeted,SMB,2027-06-30,5064235.632329607,111975.52283432976,50432.01746955836,5998.18,-18708.595693094037,-116854.29857000629,5097078.458370395,false,Forward Runway Projection
Base_Targeted,SMB,2027-07-31,5097078.458370395,109791.15116660924,50432.01746955836,5998.18,-7656.935641415805,-74853.45430807861,5180789.417057068,false,Forward Runway Projection
Base_Targeted,SMB,2027-08-31,5180789.417057068,107660.90801292231,50432.01746955836,5998.18,-6636.400000000001,-70975.0,5267269.122539549,false,Forward Runway Projection
Base_Targeted,SMB,2027-09-30,5267269.122539549,105583.45207404104,50432.01746955836,5998.18,-6636.400000000001,-70975.0,5351671.372083149,false,Forward Runway Projection
Base_Targeted,SMB,2027-10-31,5351671.372083148,103557.47528799972,50432.01746955836,5998.18,-8009.6083045862715,-76193.75517980264,5427455.681356317,false,Forward Runway Projection
Base_Targeted,SMB,2027-11-30,5427455.681356318,101581.70200647894,50432.01746955836,5998.18,-6636.400000000001,-70975.0,5507856.180832355,false,Forward Runway Projection
Base_Targeted,SMB,2027-12-31,5507856.180832355,99654.88819159858,50432.01746955836,5998.18,-6636.400000000001,-70975.0,5586329.866493512,false,Forward Runway Projection
Base_Targeted,Total,2024-01-31,18571137.0,525566.76,219226.44,0.0,-258461.88,-149570.16,18907898.16,true,Actual
Base_Targeted,Total,2024-02-29,18907898.16,356830.68,278988.36,0.0,-91263.12,-156948.96,19295505.12,true,Actual
Base_Targeted,Total,2024-03-31,19295505.12,831032.04,312089.64,0.0,-65536.8,-323996.88,20049093.119999997,true,Actual
Base_Targeted,Total,2024-04-30,20049093.119999997,216228.96,537914.4,0.0,-57366.72,-205350.0,20540519.759999998,true,Actual
Base_Targeted,Total,2024-05-31,20540519.759999998,383789.51999999996,243323.76,8655.48,-45964.32,-166052.52000000002,20964271.679999996,true,Actual
Base_Targeted,Total,2024-06-30,20964271.679999996,461600.28,292981.8,34328.64,-81439.44,-127409.51999999999,21544333.439999998,true,Actual
Base_Targeted,Total,2024-07-31,21544333.44,320339.76,316543.44,33770.28,-88843.92000000001,-120242.64,22005900.36,true,Actual
Base_Targeted,Total,2024-08-31,22005900.36,148772.52,324913.68,7010.52,-52441.8,-445745.16000000003,21988410.12,true,Actual
Base_Targeted,Total,2024-09-30,21988410.12,301297.92,188901.84,18563.64,-40384.08,-53116.92,22403672.519999996,true,Actual
Base_Targeted,Total,2024-10-31,22403672.519999996,432548.28,239530.8,5769.72,-72395.64,-253401.36,22755724.32,true,Actual
Base_Targeted,Total,2024-11-30,22755724.32,418852.68000000005,400393.20000000007,0.0,-136010.52000000002,-132382.68,23306577.0,true,Actual
Base_Targeted,Total,2024-12-31,23306577.0,1219456.56,403755.48000000004,0.0,-153569.64,-281022.0,24495197.400000002,true,Actual
Base_Targeted,Total,2025-01-31,24495197.400000002,763989.24,208523.88,5379.0,-356906.4,-433404.48,24682778.64,true,Actual
Base_Targeted,Total,2025-02-28,24682778.64,398202.83999999997,450903.12,0.0,-110046.24,-189502.91999999998,25232335.439999998,true,Actual
Base_Targeted,Total,2025-03-31,25232335.439999998,482289.00000000006,339030.96,7012.2,-120597.12000000001,-125741.04000000001,25814329.439999998,true,Actual
Base_Targeted,Total,2025-04-30,25814329.439999998,289522.07999999996,568274.88,41077.32,-140806.8,-142746.84,26429650.08,true,Actual
Base_Targeted,Total,2025-05-31,26429650.08,266066.16000000003,214662.36,12462.48,-91199.88,-240511.2,26591130.0,true,Actual
Base_Targeted,Total,2025-06-30,26591130.0,408324.0,332059.56000000006,0.0,-45796.2,-147946.44,27137770.919999998,true,Actual
Base_Targeted,Total,2025-07-31,27137770.92,148504.68,364045.92000000004,2735.28,-97174.92,-88185.0,27467696.880000003,true,Actual
Base_Targeted,Total,2025-08-31,27467696.880000003,254568.0,339460.67999999993,2107.44,-73086.12,-197466.12,27793280.76,true,Actual
Base_Targeted,Total,2025-09-30,27793280.759999998,265998.83999999997,295512.48,0.0,-46792.8,-189627.96,28118371.32,true,Actual
Base_Targeted,Total,2025-10-31,28118371.32,427038.12,493697.63999999996,0.0,-124445.04000000001,-162396.0,28752266.040000003,true,Actual
Base_Targeted,Total,2025-11-30,28752266.040000003,771199.2,366765.0,0.0,-173070.72,-328723.80000000005,29388435.72,true,Actual
Base_Targeted,Total,2025-12-31,29388435.72,815749.3200000001,245648.28,37735.8,-77452.2,-220801.08000000002,30189315.839999996,true,Actual
Base_Targeted,Total,2026-01-31,30189315.839999996,267424.44,361621.20000000007,3132.0,-451736.88,-188907.24000000002,30180849.36,true,Actual
Base_Targeted,Total,2026-02-28,30180849.36,347874.72,303632.88,10064.52,-150335.15999999997,-113861.4,30578224.92,true,Actual
Base_Targeted,Total,2026-03-31,30578224.92,452642.28,237688.44,7982.76,-205926.12,-233182.91999999998,30837429.36,true,Actual
Base_Targeted,Total,2026-04-30,30837429.36,134448.47999999998,820157.04,3643.2,-61498.8,-286825.44,31447353.839999996,true,Actual
Base_Targeted,Total,2026-05-31,31447353.840000004,170863.2,1119731.4,14374.56,-139362.12,-119750.52,32493210.36,true,Actual
Base_Targeted,Total,2026-06-30,32493210.36,650292.36,510603.95999999996,20643.24,-95907.84,-562121.76,33016720.32,true,Actual
Base_Targeted,Total,2026-07-31,33016720.32,379723.84316577663,514111.27215857455,8534.9,-86848.2886515485,-160575.32635501673,33671666.72031779,false,FY2026 Reforecast
Base_Targeted,Total,2026-08-31,33671666.72031778,78926.91212814295,514111.27215857455,8534.9,-99397.34960386796,-188223.04595611413,33985619.40904452,false,FY2026 Reforecast
Base_Targeted,Total,2026-09-30,33985619.40904452,10415.986183574878,514111.27215857455,8534.9,-102725.15900228248,-188558.21999984363,34227398.18838455,false,FY2026 Reforecast
Base_Targeted,Total,2026-10-31,34227398.18838455,11305.866570048309,514111.27215857455,8534.9,-140395.9414876271,-232938.5155039047,34388015.770121634,false,FY2026 Reforecast
Base_Targeted,Total,2026-11-30,34388015.770121634,350964.2754020019,514111.27215857455,8534.9,-183611.10877066094,-301558.8995636074,34776456.20934794,false,FY2026 Reforecast
Base_Targeted,Total,2026-12-31,34776456.20934794,351431.15011490264,514111.27215857455,8534.9,-351650.5468832045,-482466.4199405572,34816416.56479766,false,FY2026 Reforecast
Base_Targeted,Total,2027-01-31,34816416.564797655,351431.15011490264,514111.27215857455,8534.9,-291183.81787367136,-418466.4434759994,34980843.62572146,false,Forward Runway Projection
Base_Targeted,Total,2027-02-28,34980843.62572146,349300.97993029724,514111.27215857455,8534.9,-150800.46284578944,-250734.47583791066,35451255.83912663,false,Forward Runway Projection
Base_Targeted,Total,2027-03-31,35451255.83912664,346885.98645540443,514111.27215857455,8534.9,-272542.50164893724,-388070.4317244204,35660175.06436726,false,Forward Runway Projection
Base_Targeted,Total,2027-04-30,35660175.06436726,344530.83628013346,514111.27215857455,8534.9,-109427.45764508289,-202607.42789535932,36215317.187265515,false,Forward Runway Projection
Base_Targeted,Total,2027-05-31,36215317.18726553,342234.04649343435,514111.27215857455,8534.9,-76271.92612631964,-174161.86622595013,36829763.613565266,false,Forward Runway Projection
Base_Targeted,Total,2027-06-30,36829763.613565266,339994.1709306461,514111.27215857455,8534.9,-212839.68328937108,-320899.3502053147,37158664.92315979,false,Forward Runway Projection
Base_Targeted,Total,2027-07-31,37158664.92315979,337809.79926292563,514111.27215857455,8534.9,-23589.77837251388,-90678.72271509531,37904852.39349368,false,Forward Runway Projection
Base_Targeted,Total,2027-08-31,37904852.39349368,335679.55610923877,514111.27215857455,8534.9,-12308.621024241304,-76608.92369381376,38674260.577043444,false,Forward Runway Projection
Base_Targeted,Total,2027-09-30,38674260.577043444,333602.10017035744,514111.27215857455,8534.9,-58307.250611851036,-129703.77376507726,39342497.82499545,false,Forward Runway Projection
Base_Targeted,Total,2027-10-31,39342497.82499546,331576.1233843161,514111.27215857455,8534.9,-16192.56771889077,-84321.46542465033,40096206.087394804,false,Forward Runway Projection
Base_Targeted,Total,2027-11-30,40096206.087394804,329600.35010279535,514111.27215857455,8534.9,-12339.028150411656,-78006.8519797937,40858106.72952597,false,Forward Runway Projection
Base_Targeted,Total,2027-12-31,40858106.72952597,327673.53628791496,514111.27215857455,8534.9,-37076.87661737975,-105053.50548991816,41566296.05586515,false,Forward Runway Projection
Bear,Enterprise,2024-01-31,7243149.6,252805.68,17807.52,0.0,-170906.88,0.0,7342855.92,true,Actual
Bear,Enterprise,2024-02-29,7342855.92,149726.04,5976.24,0.0,-14219.28,0.0,7484338.92,true,Actual
Bear,Enterprise,2024-03-31,7484338.92,589680.24,107364.6,0.0,0.0,-86629.2,8094754.56,true,Actual
Bear,Enterprise,2024-04-30,8094754.56,99912.0,280066.44,0.0,0.0,0.0,8474733.0,true,Actual
Bear,Enterprise,2024-05-31,8474733.0,180761.88,68119.32,0.0,0.0,0.0,8723614.2,true,Actual
Bear,Enterprise,2024-06-30,8723614.2,225501.36,176772.84,0.0,0.0,0.0,9125888.4,true,Actual
Bear,Enterprise,2024-07-31,9125888.4,0.0,26895.84,0.0,-6522.6,0.0,9146261.64,true,Actual
Bear,Enterprise,2024-08-31,9146261.64,0.0,76411.56,0.0,0.0,-340061.88,8882611.32,true,Actual
Bear,Enterprise,2024-09-30,8882611.32,174091.44,21904.44,0.0,0.0,0.0,9078607.2,true,Actual
Bear,Enterprise,2024-10-31,9078607.2,252620.64,25480.68,0.0,-10339.2,-113261.4,9233107.92,true,Actual
Bear,Enterprise,2024-11-30,9233107.92,227905.92,32363.52,0.0,-45675.24,0.0,9447702.12,true,Actual
Bear,Enterprise,2024-12-31,9447702.12,704803.68,4033.44,0.0,-75544.68,0.0,10080994.56,true,Actual
Bear,Enterprise,2025-01-31,10080994.56,483067.68,53838.24,0.0,-201625.2,0.0,10416275.28,true,Actual
Bear,Enterprise,2025-02-28,10416275.28,126450.24,99623.52,0.0,-62205.6,0.0,10580143.44,true,Actual
Bear,Enterprise,2025-03-31,10580143.44,60097.2,20297.76,0.0,-11530.8,0.0,10649007.6,true,Actual
Bear,Enterprise,2025-04-30,10649007.6,0.0,258455.04,0.0,-61589.4,0.0,10845873.24,true,Actual
Bear,Enterprise,2025-05-31,10845873.24,0.0,23069.4,0.0,0.0,0.0,10868942.64,true,Actual
Bear,Enterprise,2025-06-30,10868942.64,77274.96,0.0,0.0,-9301.68,0.0,10936915.92,true,Actual
Bear,Enterprise,2025-07-31,10936915.92,0.0,19308.84,0.0,0.0,0.0,10956224.76,true,Actual
Bear,Enterprise,2025-08-31,10956224.76,0.0,60897.72,0.0,0.0,0.0,11017122.48,true,Actual
Bear,Enterprise,2025-09-30,11017122.48,0.0,28725.96,0.0,0.0,0.0,11045848.44,true,Actual
Bear,Enterprise,2025-10-31,11045848.44,65671.56,36248.04,0.0,-39511.2,0.0,11108256.84,true,Actual
Bear,Enterprise,2025-11-30,11108256.84,437562.48,110926.32,0.0,0.0,-252620.64,11404125.0,true,Actual
Bear,Enterprise,2025-12-31,11404125.0,200082.36,6435.24,0.0,-8846.16,0.0,11601796.44,true,Actual
Bear,Enterprise,2026-01-31,11601796.44,0.0,22979.64,0.0,-184766.76,0.0,11440009.32,true,Actual
Bear,Enterprise,2026-02-28,11440009.32,164833.56,56577.12,0.0,0.0,0.0,11661420.0,true,Actual
Bear,Enterprise,2026-03-31,11661420.0,122294.16,10617.84,0.0,0.0,0.0,11794332.0,true,Actual
Bear,Enterprise,2026-04-30,11794332.0,0.0,386237.64,0.0,-27607.08,0.0,12152962.56,true,Actual
Bear,Enterprise,2026-05-31,12152962.56,0.0,512099.52,0.0,-43314.36,0.0,12621747.72,true,Actual
Bear,Enterprise,2026-06-30,12621747.72,431755.68,46447.92,0.0,0.0,-407847.24,12692104.08,true,Actual
Bear,Enterprise,2026-07-31,12692104.08,69332.851,101624.41063738226,0.0,-0.0,-0.0,12863061.341637382,false,FY2026 Reforecast
Bear,Enterprise,2026-08-31,12863061.341637382,39211.390375,101624.41063738226,0.0,-30135.80917119862,-37160.15559735932,12936601.177881207,false,FY2026 Reforecast
Bear,Enterprise,2026-09-30,12936601.177881205,0.0,101624.41063738226,0.0,-42328.192109528485,-52194.45729860368,12943702.939110456,false,FY2026 Reforecast
Bear,Enterprise,2026-10-31,12943702.939110458,0.0,101624.41063738226,0.0,-45863.69201169038,-56554.04577795822,12942909.61195819,false,FY2026 Reforecast
Bear,Enterprise,2026-11-30,12942909.611958189,58176.9828625,101624.41063738226,0.0,-117880.21370302993,-145356.87620563508,12839473.915549407,false,FY2026 Reforecast
Bear,Enterprise,2026-12-31,12839473.915549409,58176.9828625,101624.41063738226,0.0,-138174.28611314818,-170381.28766842096,12690719.735267721,false,FY2026 Reforecast
Bear,Enterprise,2027-01-31,12690719.73526772,58176.9828625,101624.41063738226,0.0,-156089.19366926592,-192471.97547825373,12501959.959620083,false,Forward Runway Projection
Bear,Enterprise,2027-02-28,12501959.959620083,58176.9828625,101624.41063738226,0.0,-60887.63640664123,-75079.91671876636,12525793.799994558,false,Forward Runway Projection
Bear,Enterprise,2027-03-31,12525793.799994558,58176.9828625,101624.41063738226,0.0,-110946.0951777267,-136806.48614087907,12437842.612175835,false,Forward Runway Projection
Bear,Enterprise,2027-04-30,12437842.612175835,58176.9828625,101624.41063738226,0.0,-10661.737642379023,-13146.878767326269,12573835.389266012,false,Forward Runway Projection
Bear,Enterprise,2027-05-31,12573835.38926601,58176.9828625,101624.41063738226,0.0,-0.0,-0.0,12733636.782765893,false,Forward Runway Projection
Bear,Enterprise,2027-06-30,12733636.782765895,58176.9828625,101624.41063738226,0.0,-56160.53496353451,-69250.9766643467,12768026.664637895,false,Forward Runway Projection
Bear,Enterprise,2027-07-31,12768026.664637893,58176.9828625,101624.41063738226,0.0,-0.0,-0.0,12927828.058137776,false,Forward Runway Projection
Bear,Enterprise,2027-08-31,12927828.058137776,58176.9828625,101624.41063738226,0.0,-0.0,-0.0,13087629.45163766,false,Forward Runway Projection
Bear,Enterprise,2027-09-30,13087629.45163766,58176.9828625,101624.41063738226,0.0,-37058.44071665128,-45696.3811856891,13164676.023235202,false,Forward Runway Projection
Bear,Enterprise,2027-10-31,13164676.0232352,58176.9828625,101624.41063738226,0.0,-0.0,-0.0,13324477.416735083,false,Forward Runway Projection
Bear,Enterprise,2027-11-30,13324477.416735083,58176.9828625,101624.41063738226,0.0,-6843.153780493985,-8438.222375752452,13468997.43407872,false,Forward Runway Projection
Bear,Enterprise,2027-12-31,13468997.43407872,58176.9828625,101624.41063738226,0.0,-19230.480600914143,-23712.907368186214,13585855.439609502,false,Forward Runway Projection
Bear,Mid-Market,2024-01-31,7952748.6,172220.28,147458.16,0.0,-80055.6,-107047.08,8085324.36,true,Actual
Bear,Mid-Market,2024-02-29,8085324.36,132305.4,226285.92,0.0,-68057.04,-70715.4,8305143.24,true,Actual
Bear,Mid-Market,2024-03-31,8305143.24,102273.12,155372.16,0.0,-61393.08,-124819.8,8376575.64,true,Actual
Bear,Mid-Market,2024-04-30,8376575.64,66204.12,233598.36,0.0,-33935.64,-64126.08,8578316.4,true,Actual
Bear,Mid-Market,2024-05-31,8578316.4,100275.72,139232.28,0.0,-32696.16,-72841.32,8712286.92,true,Actual
Bear,Mid-Market,2024-06-30,8712286.92,116032.32,94414.92,24229.92,-75445.08,-56086.68,8815432.32,true,Actual
Bear,Mid-Market,2024-07-31,8815432.32,266252.64,244033.68,28983.84,-75621.96,-38930.16,9240150.36,true,Actual
Bear,Mid-Market,2024-08-31,9240150.36,94503.12,225500.28,0.0,-41961.36,-47062.8,9471129.6,true,Actual
Bear,Mid-Market,2024-09-30,9471129.6,59475.36,122809.56,17320.44,-26596.68,0.0,9644138.28,true,Actual
Bear,Mid-Market,2024-10-31,9644138.28,75764.76,175493.28,0.0,-50911.8,-68861.64,9775622.88,true,Actual
Bear,Mid-Market,2024-11-30,9775622.88,83935.92,336540.84,0.0,-80018.64,-68846.16,10047234.84,true,Actual
Bear,Mid-Market,2024-12-31,10047234.84,321255.24,358250.52,0.0,-62905.32,-203560.56,10460274.72,true,Actual
Bear,Mid-Market,2025-01-31,10460274.72,161960.52,127629.48,0.0,-141799.32,-313995.72,10294069.68,true,Actual
Bear,Mid-Market,2025-02-28,10294069.68,145388.88,314839.32,0.0,-25332.48,-113352.12,10615613.28,true,Actual
Bear,Mid-Market,2025-03-31,10615613.28,254963.04,282137.4,0.0,-97994.64,-35721.12,11018997.96,true,Actual
Bear,Mid-Market,2025-04-30,11018997.96,184505.4,250283.16,41077.32,-74870.4,-14128.92,11405864.52,true,Actual
Bear,Mid-Market,2025-05-31,11405864.52,155064.72,169027.56,0.0,-80130.0,-90810.72,11559016.08,true,Actual
Bear,Mid-Market,2025-06-30,11559016.08,137055.36,286010.4,0.0,-16331.64,-58917.72,11906832.48,true,Actual
Bear,Mid-Market,2025-07-31,11906832.48,84815.04,296148.12,0.0,-77898.72,-28926.84,12180970.08,true,Actual
Bear,Mid-Market,2025-08-31,12180970.08,153143.88,223555.68,0.0,-53168.4,-98466.36,12406034.88,true,Actual
Bear,Mid-Market,2025-09-30,12406034.88,181710.96,213740.52,0.0,-39556.08,-117422.04,12644508.24,true,Actual
Bear,Mid-Market,2025-10-31,12644508.24,234131.64,410378.76,0.0,-83631.6,-92154.24,13113232.8,true,Actual
Bear,Mid-Market,2025-11-30,13113232.8,209784.84,203994.12,0.0,-143774.16,-28781.28,13354456.32,true,Actual
Bear,Mid-Market,2025-12-31,13354456.32,325019.88,197098.44,30440.64,-55385.52,-45262.44,13806367.32,true,Actual
Bear,Mid-Market,2026-01-31,13806367.32,195807.36,298280.4,0.0,-255434.88,-54890.76,13990129.44,true,Actual
Bear,Mid-Market,2026-02-28,13990129.44,131305.44,197938.44,0.0,-138266.52,0.0,14181106.8,true,Actual
Bear,Mid-Market,2026-03-31,14181106.8,207565.32,176055.84,0.0,-201810.12,-118836.36,14244081.48,true,Actual
Bear,Mid-Market,2026-04-30,14244081.48,62212.56,387264.0,0.0,-11279.28,-168357.24,14513921.52,true,Actual
Bear,Mid-Market,2026-05-31,14513921.52,85918.68,558817.56,0.0,-76407.12,0.0,15082250.64,true,Actual
Bear,Mid-Market,2026-06-30,15082250.64,134640.12,420598.44,0.0,-73583.76,-64078.08,15499827.36,true,Actual
Bear,Mid-Market,2026-07-31,15499827.36,154687.02911775783,292502.95584828145,2536.72,-92009.40707314528,-91388.18398432997,15766156.473908564,false,FY2026 Reforecast
Bear,Mid-Market,2026-08-31,15766156.473908564,24783.388528985506,292502.95584828145,2536.72,-73016.6842850384,-72523.69501807634,15940439.158982717,false,FY2026 Reforecast
Bear,Mid-Market,2026-09-30,15940439.158982717,8853.588256038647,292502.95584828145,2536.72,-67129.05983028156,-66675.82224052203,16110527.541016232,false,FY2026 Reforecast
Bear,Mid-Market,2026-10-31,16110527.541016232,9609.986584541062,292502.95584828145,2536.72,-106123.67374444343,-105407.15487428548,16203646.374830326,false,FY2026 Reforecast
Bear,Mid-Market,2026-11-30,16203646.374830326,96875.69784299517,292502.95584828145,2536.72,-81133.48099070328,-80585.68926732749,16433842.578263571,false,FY2026 Reforecast
Bear,Mid-Market,2026-12-31,16433842.578263571,96875.69784299517,292502.95584828145,2536.72,-258234.82155366094,-256491.28859775668,16311031.84180343,false,FY2026 Reforecast
Bear,Mid-Market,2027-01-31,16311031.84180343,96875.69784299517,292502.95584828145,2536.72,-170975.37847194733,-169820.9981090647,16362150.838913694,false,Forward Runway Projection
Bear,Mid-Market,2027-02-28,16362150.838913694,96875.69784299517,292502.95584828145,2536.72,-101679.08027324818,-100992.57011820466,16551394.562213518,false,Forward Runway Projection
Bear,Mid-Market,2027-03-31,16551394.562213518,96875.69784299517,292502.95584828145,2536.72,-194970.58787593403,-193654.19822968688,16554685.149799174,false,Forward Runway Projection
Bear,Mid-Market,2027-04-30,16554685.149799174,96875.69784299517,292502.95584828145,2536.72,-100972.73295479026,-100290.99186931155,16745336.798666349,false,Forward Runway Projection
Bear,Mid-Market,2027-05-31,16745336.798666349,96875.69784299517,292502.95584828145,2536.72,-69019.18916545855,-68553.18992424174,16999679.793267924,false,Forward Runway Projection
Bear,Mid-Market,2027-06-30,16999679.793267924,96875.69784299517,292502.95584828145,2536.72,-176796.77015199795,-175603.08529802336,17039195.31150918,false,Forward Runway Projection
Bear,Mid-Market,2027-07-31,17039195.31150918,96875.69784299517,292502.95584828145,2536.72,-19119.41127731769,-18990.322088420042,17393000.95183472,false,Forward Runway Projection
Bear,Mid-Market,2027-08-31,17393000.95183472,96875.69784299517,292502.95584828145,2536.72,-6806.665229089562,-6760.708432576513,17771348.951864332,false,Forward Runway Projection
Bear,Mid-Market,2027-09-30,17771348.951864332,96875.69784299517,292502.95584828145,2536.72,-24946.580017569955,-24778.14733240361,18113539.598205633,false,Forward Runway Projection
Bear,Mid-Market,2027-10-31,18113539.598205633,96875.69784299517,292502.95584828145,2536.72,-9819.551297165399,-9753.25229381723,18485882.168305926,false,Forward Runway Projection
Bear,Mid-Market,2027-11-30,18485882.168305926,96875.69784299517,292502.95584828145,2536.72,-0.0,-0.0,18877797.5419972,false,Forward Runway Projection
Bear,Mid-Market,2027-12-31,18877797.5419972,96875.69784299517,292502.95584828145,2536.72,-17298.09133994155,-17181.29921971557,19235233.525128823,false,Forward Runway Projection
Bear,SMB,2024-01-31,3375238.8,100540.8,53960.76,0.0,-7499.4,-42523.08,3479717.88,true,Actual
Bear,SMB,2024-02-29,3479717.88,74799.24,46726.2,0.0,-8986.8,-86233.56,3506022.96,true,Actual
Bear,SMB,2024-03-31,3506022.96,139078.68,49352.88,0.0,-4143.72,-112547.88,3577762.92,true,Actual
Bear,SMB,2024-04-30,3577762.92,50112.84,24249.6,0.0,-23431.08,-141223.92,3487470.36,true,Actual
Bear,SMB,2024-05-31,3487470.36,102751.92,35972.16,8655.48,-13268.16,-93211.2,3528370.56,true,Actual
Bear,SMB,2024-06-30,3528370.56,120066.6,21794.04,10098.72,-5994.36,-71322.84,3603012.72,true,Actual
Bear,SMB,2024-07-31,3603012.72,54087.12,45613.92,4786.44,-6699.36,-81312.48,3619488.36,true,Actual
Bear,SMB,2024-08-31,3619488.36,54269.4,23001.84,7010.52,-10480.44,-58620.48,3634669.2,true,Actual
Bear,SMB,2024-09-30,3634669.2,67731.12,44187.84,1243.2,-13787.4,-53116.92,3680927.04,true,Actual
Bear,SMB,2024-10-31,3680927.04,104162.88,38556.84,5769.72,-11144.64,-71278.32,3746993.52,true,Actual
Bear,SMB,2024-11-30,3746993.52,107010.84,31488.84,0.0,-10316.64,-63536.52,3811640.04,true,Actual
Bear,SMB,2024-12-31,3811640.04,193397.64,41471.52,0.0,-15119.64,-77461.44,3953928.12,true,Actual
Bear,SMB,2025-01-31,3953928.12,118961.04,27056.16,5379.0,-13481.88,-119408.76,3972433.68,true,Actual
Bear,SMB,2025-02-28,3972433.68,126363.72,36440.28,0.0,-22508.16,-76150.8,4036578.72,true,Actual
Bear,SMB,2025-03-31,4036578.72,167228.76,36595.8,7012.2,-11071.68,-90019.92,4146323.88,true,Actual
Bear,SMB,2025-04-30,4146323.88,105016.68,59536.68,0.0,-4347.0,-128617.92,4177912.32,true,Actual
Bear,SMB,2025-05-31,4177912.32,111001.44,22565.4,12462.48,-11069.88,-149700.48,4163171.28,true,Actual
Bear,SMB,2025-06-30,4163171.28,193993.68,46049.16,0.0,-20162.88,-89028.72,4294022.52,true,Actual
Bear,SMB,2025-07-31,4294022.52,63689.64,48588.96,2735.28,-19276.2,-59258.16,4330502.04,true,Actual
Bear,SMB,2025-08-31,4330502.04,101424.12,55007.28,2107.44,-19917.72,-98999.76,4370123.4,true,Actual
Bear,SMB,2025-09-30,4370123.4,84287.88,53046.0,0.0,-7236.72,-72205.92,4428014.64,true,Actual
Bear,SMB,2025-10-31,4428014.64,127234.92,47070.84,0.0,-1302.24,-70241.76,4530776.4,true,Actual
Bear,SMB,2025-11-30,4530776.4,123851.88,51844.56,0.0,-29296.56,-47321.88,4629854.4,true,Actual
Bear,SMB,2025-12-31,4629854.4,290647.08,42114.6,7295.16,-13220.52,-175538.64,4781152.08,true,Actual
Bear,SMB,2026-01-31,4781152.08,71617.08,40361.16,3132.0,-11535.24,-134016.48,4750710.6,true,Actual
Bear,SMB,2026-02-28,4750710.6,51735.72,49117.32,10064.52,-12068.64,-113861.4,4735698.12,true,Actual
Bear,SMB,2026-03-31,4735698.12,122782.8,51014.76,7982.76,-4116.0,-114346.56,4799015.88,true,Actual
Bear,SMB,2026-04-30,4799015.88,72235.92,46655.4,3643.2,-22612.44,-118468.2,4780469.76,true,Actual
Bear,SMB,2026-05-31,4780469.76,84944.52,48814.32,14374.56,-19640.64,-119750.52,4789212.0,true,Actual
Bear,SMB,2026-06-30,4789212.0,83896.56,43557.6,20643.24,-22324.08,-90196.44,4824788.88,true,Actual
Bear,SMB,2026-07-31,4824788.88,98745.38657315227,42867.21484912461,5998.18,-12208.539308712912,-101302.20764169013,4858888.914471874,false,FY2026 Reforecast
Bear,SMB,2026-08-31,4858888.914471874,3093.096404936014,42867.21484912461,5998.18,-16124.32606840453,-116183.80453190132,4778539.275125628,false,FY2026 Reforecast
Bear,SMB,2026-09-30,4778539.275125628,0.0,42867.21484912461,5998.18,-13812.93886292892,-107399.58446068664,4706192.146651138,false,FY2026 Reforecast
Bear,SMB,2026-10-31,4706192.146651138,0.0,42867.21484912461,5998.18,-16487.76402901875,-117565.0179524419,4621004.759518801,false,FY2026 Reforecast
Bear,SMB,2026-11-30,4621004.759518801,83920.50137263862,42867.21484912461,5998.18,-21319.635831059943,-135928.11400336635,4596542.905906138,false,FY2026 Reforecast
Bear,SMB,2026-12-31,4596542.905906139,83920.50137263862,42867.21484912461,5998.18,-25571.548593036267,-152087.12766249097,4551670.1258723745,false,FY2026 Reforecast
Bear,SMB,2027-01-31,4551670.1258723745,83920.50137263862,42867.21484912461,5998.18,-22356.009307192377,-139866.75858388084,4522233.254203064,false,Forward Runway Projection
Bear,SMB,2027-02-28,4522233.254203065,83920.50137263862,42867.21484912461,5998.18,-18393.838735057936,-124808.88416852179,4511816.427521248,false,Forward Runway Projection
Bear,SMB,2027-03-31,4511816.427521247,83920.50137263862,42867.21484912461,5998.18,-21134.318925063963,-135223.8336987385,4488244.171119208,false,Forward Runway Projection
Bear,SMB,2027-04-30,4488244.171119209,83920.50137263862,42867.21484912461,5998.18,-19678.478576930178,-129691.04283779339,4471660.545926249,false,Forward Runway Projection
Bear,SMB,2027-05-31,4471660.545926249,83920.50137263862,42867.21484912461,5998.18,-22507.122186125012,-140441.04954689843,4441498.2704149885,false,Forward Runway Projection
Bear,SMB,2027-06-30,4441498.2704149885,83920.50137263862,42867.21484912461,5998.18,-22450.314831712843,-140225.15828400754,4411608.693521031,false,Forward Runway Projection
Bear,SMB,2027-07-31,4411608.693521031,83920.50137263862,42867.21484912461,5998.18,-9188.322769698965,-89824.14516969433,4445382.121803401,false,Forward Runway Projection
Bear,SMB,2027-08-31,4445382.121803401,83920.50137263862,42867.21484912461,5998.18,-7963.68,-85170.0,4485034.338025164,false,Forward Runway Projection
Bear,SMB,2027-09-30,4485034.338025165,83920.50137263862,42867.21484912461,5998.18,-7963.68,-85170.0,4524686.554246928,false,Forward Runway Projection
Bear,SMB,2027-10-31,4524686.554246928,83920.50137263862,42867.21484912461,5998.18,-9611.529965503525,-91432.50621576318,4556428.414287424,false,Forward Runway Projection
Bear,SMB,2027-11-30,4556428.414287425,83920.50137263862,42867.21484912461,5998.18,-7963.68,-85170.0,4596080.6305091875,false,Forward Runway Projection
Bear,SMB,2027-12-31,4596080.6305091875,83920.50137263862,42867.21484912461,5998.18,-7963.68,-85170.0,4635732.84673095,false,Forward Runway Projection
Bear,Total,2024-01-31,18571137.0,525566.76,219226.44,0.0,-258461.88,-149570.16,18907898.16,true,Actual
Bear,Total,2024-02-29,18907898.16,356830.68,278988.36,0.0,-91263.12,-156948.96,19295505.12,true,Actual
Bear,Total,2024-03-31,19295505.12,831032.04,312089.64,0.0,-65536.8,-323996.88,20049093.119999997,true,Actual
Bear,Total,2024-04-30,20049093.119999997,216228.96,537914.4,0.0,-57366.72,-205350.0,20540519.759999998,true,Actual
Bear,Total,2024-05-31,20540519.759999998,383789.51999999996,243323.76,8655.48,-45964.32,-166052.52000000002,20964271.679999996,true,Actual
Bear,Total,2024-06-30,20964271.679999996,461600.28,292981.8,34328.64,-81439.44,-127409.51999999999,21544333.439999998,true,Actual
Bear,Total,2024-07-31,21544333.44,320339.76,316543.44,33770.28,-88843.92000000001,-120242.64,22005900.36,true,Actual
Bear,Total,2024-08-31,22005900.36,148772.52,324913.68,7010.52,-52441.8,-445745.16000000003,21988410.12,true,Actual
Bear,Total,2024-09-30,21988410.12,301297.92,188901.84,18563.64,-40384.08,-53116.92,22403672.519999996,true,Actual
Bear,Total,2024-10-31,22403672.519999996,432548.28,239530.8,5769.72,-72395.64,-253401.36,22755724.32,true,Actual
Bear,Total,2024-11-30,22755724.32,418852.68000000005,400393.20000000007,0.0,-136010.52000000002,-132382.68,23306577.0,true,Actual
Bear,Total,2024-12-31,23306577.0,1219456.56,403755.48000000004,0.0,-153569.64,-281022.0,24495197.400000002,true,Actual
Bear,Total,2025-01-31,24495197.400000002,763989.24,208523.88,5379.0,-356906.4,-433404.48,24682778.64,true,Actual
Bear,Total,2025-02-28,24682778.64,398202.83999999997,450903.12,0.0,-110046.24,-189502.91999999998,25232335.439999998,true,Actual
Bear,Total,2025-03-31,25232335.439999998,482289.00000000006,339030.96,7012.2,-120597.12000000001,-125741.04000000001,25814329.439999998,true,Actual
Bear,Total,2025-04-30,25814329.439999998,289522.07999999996,568274.88,41077.32,-140806.8,-142746.84,26429650.08,true,Actual
Bear,Total,2025-05-31,26429650.08,266066.16000000003,214662.36,12462.48,-91199.88,-240511.2,26591130.0,true,Actual
Bear,Total,2025-06-30,26591130.0,408324.0,332059.56000000006,0.0,-45796.2,-147946.44,27137770.919999998,true,Actual
Bear,Total,2025-07-31,27137770.92,148504.68,364045.92000000004,2735.28,-97174.92,-88185.0,27467696.880000003,true,Actual
Bear,Total,2025-08-31,27467696.880000003,254568.0,339460.67999999993,2107.44,-73086.12,-197466.12,27793280.76,true,Actual
Bear,Total,2025-09-30,27793280.759999998,265998.83999999997,295512.48,0.0,-46792.8,-189627.96,28118371.32,true,Actual
Bear,Total,2025-10-31,28118371.32,427038.12,493697.63999999996,0.0,-124445.04000000001,-162396.0,28752266.040000003,true,Actual
Bear,Total,2025-11-30,28752266.040000003,771199.2,366765.0,0.0,-173070.72,-328723.80000000005,29388435.72,true,Actual
Bear,Total,2025-12-31,29388435.72,815749.3200000001,245648.28,37735.8,-77452.2,-220801.08000000002,30189315.839999996,true,Actual
Bear,Total,2026-01-31,30189315.839999996,267424.44,361621.20000000007,3132.0,-451736.88,-188907.24000000002,30180849.36,true,Actual
Bear,Total,2026-02-28,30180849.36,347874.72,303632.88,10064.52,-150335.15999999997,-113861.4,30578224.92,true,Actual
Bear,Total,2026-03-31,30578224.92,452642.28,237688.44,7982.76,-205926.12,-233182.91999999998,30837429.36,true,Actual
Bear,Total,2026-04-30,30837429.36,134448.47999999998,820157.04,3643.2,-61498.8,-286825.44,31447353.839999996,true,Actual
Bear,Total,2026-05-31,31447353.840000004,170863.2,1119731.4,14374.56,-139362.12,-119750.52,32493210.36,true,Actual
Bear,Total,2026-06-30,32493210.36,650292.36,510603.95999999996,20643.24,-95907.84,-562121.76,33016720.32,true,Actual
Bear,Total,2026-07-31,33016720.319999997,322765.2666909101,436994.5813347883,8534.9,-104217.9463818582,-192690.39162602008,33488106.73001782,false,FY2026 Reforecast
Bear,Total,2026-08-31,33488106.73001782,67087.87530892153,436994.5813347883,8534.9,-119276.81952464156,-225867.65514733698,33655579.61198955,false,FY2026 Reforecast
Bear,Total,2026-09-30,33655579.61198955,8853.588256038647,436994.5813347883,8534.9,-123270.19080273897,-226269.86399981234,33760422.62677783,false,FY2026 Reforecast
Bear,Total,2026-10-31,33760422.62677783,9609.986584541062,436994.5813347883,8534.9,-168475.12978515256,-279526.2186046856,33767560.74630732,false,FY2026 Reforecast
Bear,Total,2026-11-30,33767560.74630731,238973.1820781338,436994.5813347883,8534.9,-220333.33052479316,-361870.6794763289,33869859.39971912,false,FY2026 Reforecast
Bear,Total,2026-12-31,33869859.39971912,238973.1820781338,436994.5813347883,8534.9,-421980.65625984536,-578959.7039286686,33553421.702943526,false,FY2026 Reforecast
Bear,Total,2027-01-31,33553421.702943522,238973.1820781338,436994.5813347883,8534.9,-349420.58144840563,-502159.7321711993,33386344.05273684,false,Forward Runway Projection
Bear,Total,2027-02-28,33386344.05273684,238973.1820781338,436994.5813347883,8534.9,-180960.55541494736,-300881.3710054928,33589004.78972933,false,Forward Runway Projection
Bear,Total,2027-03-31,33589004.78972933,238973.1820781338,436994.5813347883,8534.9,-327051.0019787247,-465684.5180693044,33480771.93309422,false,Forward Runway Projection
Bear,Total,2027-04-30,33480771.93309422,238973.1820781338,436994.5813347883,8534.9,-131312.94917409946,-243128.9134744312,33790832.73385861,false,Forward Runway Projection
Bear,Total,2027-05-31,33790832.73385861,238973.1820781338,436994.5813347883,8534.9,-91526.31135158356,-208994.23947114017,34174814.8464488,false,Forward Runway Projection
Bear,Total,2027-06-30,34174814.84644881,238973.1820781338,436994.5813347883,8534.9,-255407.6199472453,-385079.22024637763,34218830.66966811,false,Forward Runway Projection
Bear,Total,2027-07-31,34218830.66966811,238973.1820781338,436994.5813347883,8534.9,-28307.734047016653,-108814.46725811437,34766211.1317759,false,Forward Runway Projection
Bear,Total,2027-08-31,34766211.1317759,238973.1820781338,436994.5813347883,8534.9,-14770.345229089562,-91930.70843257652,35344012.741527155,false,Forward Runway Projection
Bear,Total,2027-09-30,35344012.741527155,238973.1820781338,436994.5813347883,8534.9,-69968.70073422123,-155644.5285180927,35802902.17568776,false,Forward Runway Projection
Bear,Total,2027-10-31,35802902.17568776,238973.1820781338,436994.5813347883,8534.9,-19431.081262668922,-101185.75850958041,36366787.999328434,false,Forward Runway Projection
Bear,Total,2027-11-30,36366787.999328434,238973.1820781338,436994.5813347883,8534.9,-14806.833780493986,-93608.22237575245,36942875.60658511,false,Forward Runway Projection
Bear,Total,2027-12-31,36942875.60658511,238973.1820781338,436994.5813347883,8534.9,-44492.25194085569,-126064.20658790178,37456821.81146927,false,Forward Runway Projection
Bull,Enterprise,2024-01-31,7243149.6,252805.68,17807.52,0.0,-170906.88,0.0,7342855.92,true,Actual
Bull,Enterprise,2024-02-29,7342855.92,149726.04,5976.24,0.0,-14219.28,0.0,7484338.92,true,Actual
Bull,Enterprise,2024-03-31,7484338.92,589680.24,107364.6,0.0,0.0,-86629.2,8094754.56,true,Actual
Bull,Enterprise,2024-04-30,8094754.56,99912.0,280066.44,0.0,0.0,0.0,8474733.0,true,Actual
Bull,Enterprise,2024-05-31,8474733.0,180761.88,68119.32,0.0,0.0,0.0,8723614.2,true,Actual
Bull,Enterprise,2024-06-30,8723614.2,225501.36,176772.84,0.0,0.0,0.0,9125888.4,true,Actual
Bull,Enterprise,2024-07-31,9125888.4,0.0,26895.84,0.0,-6522.6,0.0,9146261.64,true,Actual
Bull,Enterprise,2024-08-31,9146261.64,0.0,76411.56,0.0,0.0,-340061.88,8882611.32,true,Actual
Bull,Enterprise,2024-09-30,8882611.32,174091.44,21904.44,0.0,0.0,0.0,9078607.2,true,Actual
Bull,Enterprise,2024-10-31,9078607.2,252620.64,25480.68,0.0,-10339.2,-113261.4,9233107.92,true,Actual
Bull,Enterprise,2024-11-30,9233107.92,227905.92,32363.52,0.0,-45675.24,0.0,9447702.12,true,Actual
Bull,Enterprise,2024-12-31,9447702.12,704803.68,4033.44,0.0,-75544.68,0.0,10080994.56,true,Actual
Bull,Enterprise,2025-01-31,10080994.56,483067.68,53838.24,0.0,-201625.2,0.0,10416275.28,true,Actual
Bull,Enterprise,2025-02-28,10416275.28,126450.24,99623.52,0.0,-62205.6,0.0,10580143.44,true,Actual
Bull,Enterprise,2025-03-31,10580143.44,60097.2,20297.76,0.0,-11530.8,0.0,10649007.6,true,Actual
Bull,Enterprise,2025-04-30,10649007.6,0.0,258455.04,0.0,-61589.4,0.0,10845873.24,true,Actual
Bull,Enterprise,2025-05-31,10845873.24,0.0,23069.4,0.0,0.0,0.0,10868942.64,true,Actual
Bull,Enterprise,2025-06-30,10868942.64,77274.96,0.0,0.0,-9301.68,0.0,10936915.92,true,Actual
Bull,Enterprise,2025-07-31,10936915.92,0.0,19308.84,0.0,0.0,0.0,10956224.76,true,Actual
Bull,Enterprise,2025-08-31,10956224.76,0.0,60897.72,0.0,0.0,0.0,11017122.48,true,Actual
Bull,Enterprise,2025-09-30,11017122.48,0.0,28725.96,0.0,0.0,0.0,11045848.44,true,Actual
Bull,Enterprise,2025-10-31,11045848.44,65671.56,36248.04,0.0,-39511.2,0.0,11108256.84,true,Actual
Bull,Enterprise,2025-11-30,11108256.84,437562.48,110926.32,0.0,0.0,-252620.64,11404125.0,true,Actual
Bull,Enterprise,2025-12-31,11404125.0,200082.36,6435.24,0.0,-8846.16,0.0,11601796.44,true,Actual
Bull,Enterprise,2026-01-31,11601796.44,0.0,22979.64,0.0,-184766.76,0.0,11440009.32,true,Actual
Bull,Enterprise,2026-02-28,11440009.32,164833.56,56577.12,0.0,0.0,0.0,11661420.0,true,Actual
Bull,Enterprise,2026-03-31,11661420.0,122294.16,10617.84,0.0,0.0,0.0,11794332.0,true,Actual
Bull,Enterprise,2026-04-30,11794332.0,0.0,386237.64,0.0,-27607.08,0.0,12152962.56,true,Actual
Bull,Enterprise,2026-05-31,12152962.56,0.0,512099.52,0.0,-43314.36,0.0,12621747.72,true,Actual
Bull,Enterprise,2026-06-30,12621747.72,431755.68,46447.92,0.0,0.0,-407847.24,12692104.08,true,Actual
Bull,Enterprise,2026-07-31,12692104.08,93803.26899999999,143469.7561939514,0.0,-0.0,-0.0,12929377.105193952,false,FY2026 Reforecast
Bull,Enterprise,2026-08-31,12929377.105193952,53050.704625,143469.7561939514,0.0,-21346.198162932356,-26321.77688146285,13078229.590968508,false,FY2026 Reforecast
Bull,Enterprise,2026-09-30,13078229.590968506,0.0,143469.7561939514,0.0,-29982.46941091601,-36971.073919844275,13154745.803831698,false,FY2026 Reforecast
Bull,Enterprise,2026-10-31,13154745.8038317,0.0,143469.7561939514,0.0,-32486.781841614018,-40059.115759387074,13225669.66242465,false,FY2026 Reforecast
Bull,Enterprise,2026-11-30,13225669.66242465,122984.43068359376,143469.7561939514,0.0,-83498.48470631285,-102961.12064565819,13305664.243950224,false,FY2026 Reforecast
Bull,Enterprise,2026-12-31,13305664.243950224,122984.43068359376,143469.7561939514,0.0,-97873.45266347994,-120686.74543179818,13353558.23273249,false,FY2026 Reforecast
Bull,Enterprise,2027-01-31,13353558.23273249,122984.43068359376,143469.7561939514,0.0,-110563.17884906335,-136334.31596376305,13373114.924797209,false,Forward Runway Projection
Bull,Enterprise,2027-02-28,13373114.924797209,122984.43068359376,143469.7561939514,0.0,-43128.742454704196,-53181.60767579284,13543258.761544257,false,Forward Runway Projection
Bull,Enterprise,2027-03-31,13543258.761544257,122984.43068359376,143469.7561939514,0.0,-78586.8174175564,-96904.59434978935,13634221.536654457,false,Forward Runway Projection
Bull,Enterprise,2027-04-30,13634221.536654457,122984.43068359376,143469.7561939514,0.0,-7552.064163351808,-9312.372460189441,13883811.28690846,false,Forward Runway Projection
Bull,Enterprise,2027-05-31,13883811.28690846,122984.43068359376,143469.7561939514,0.0,-0.0,-0.0,14150265.473786006,false,Forward Runway Projection
Bull,Enterprise,2027-06-30,14150265.473786006,122984.43068359376,143469.7561939514,0.0,-39780.37893250361,-49052.775137245575,14327886.506593801,false,Forward Runway Projection
Bull,Enterprise,2027-07-31,14327886.506593803,122984.43068359376,143469.7561939514,0.0,-0.0,-0.0,14594340.693471348,false,Forward Runway Projection
Bull,Enterprise,2027-08-31,14594340.693471348,122984.43068359376,143469.7561939514,0.0,-0.0,-0.0,14860794.880348893,false,Forward Runway Projection
Bull,Enterprise,2027-09-30,14860794.880348893,122984.43068359376,143469.7561939514,0.0,-26249.72884096132,-32368.270006529776,15068631.068378948,false,Forward Runway Projection
Bull,Enterprise,2027-10-31,15068631.068378948,122984.43068359376,143469.7561939514,0.0,-0.0,-0.0,15335085.255256493,false,Forward Runway Projection
Bull,Enterprise,2027-11-30,15335085.255256493,122984.43068359376,143469.7561939514,0.0,-4847.233927849906,-5977.074182824654,15590715.134023363,false,Forward Runway Projection
Bull,Enterprise,2027-12-31,15590715.13402336,122984.43068359376,143469.7561939514,0.0,-13621.590425647517,-16796.6427191319,15826751.087756127,false,Forward Runway Projection
Bull,Mid-Market,2024-01-31,7952748.6,172220.28,147458.16,0.0,-80055.6,-107047.08,8085324.36,true,Actual
Bull,Mid-Market,2024-02-29,8085324.36,132305.4,226285.92,0.0,-68057.04,-70715.4,8305143.24,true,Actual
Bull,Mid-Market,2024-03-31,8305143.24,102273.12,155372.16,0.0,-61393.08,-124819.8,8376575.64,true,Actual
Bull,Mid-Market,2024-04-30,8376575.64,66204.12,233598.36,0.0,-33935.64,-64126.08,8578316.4,true,Actual
Bull,Mid-Market,2024-05-31,8578316.4,100275.72,139232.28,0.0,-32696.16,-72841.32,8712286.92,true,Actual
Bull,Mid-Market,2024-06-30,8712286.92,116032.32,94414.92,24229.92,-75445.08,-56086.68,8815432.32,true,Actual
Bull,Mid-Market,2024-07-31,8815432.32,266252.64,244033.68,28983.84,-75621.96,-38930.16,9240150.36,true,Actual
Bull,Mid-Market,2024-08-31,9240150.36,94503.12,225500.28,0.0,-41961.36,-47062.8,9471129.6,true,Actual
Bull,Mid-Market,2024-09-30,9471129.6,59475.36,122809.56,17320.44,-26596.68,0.0,9644138.28,true,Actual
Bull,Mid-Market,2024-10-31,9644138.28,75764.76,175493.28,0.0,-50911.8,-68861.64,9775622.88,true,Actual
Bull,Mid-Market,2024-11-30,9775622.88,83935.92,336540.84,0.0,-80018.64,-68846.16,10047234.84,true,Actual
Bull,Mid-Market,2024-12-31,10047234.84,321255.24,358250.52,0.0,-62905.32,-203560.56,10460274.72,true,Actual
Bull,Mid-Market,2025-01-31,10460274.72,161960.52,127629.48,0.0,-141799.32,-313995.72,10294069.68,true,Actual
Bull,Mid-Market,2025-02-28,10294069.68,145388.88,314839.32,0.0,-25332.48,-113352.12,10615613.28,true,Actual
Bull,Mid-Market,2025-03-31,10615613.28,254963.04,282137.4,0.0,-97994.64,-35721.12,11018997.96,true,Actual
Bull,Mid-Market,2025-04-30,11018997.96,184505.4,250283.16,41077.32,-74870.4,-14128.92,11405864.52,true,Actual
Bull,Mid-Market,2025-05-31,11405864.52,155064.72,169027.56,0.0,-80130.0,-90810.72,11559016.08,true,Actual
Bull,Mid-Market,2025-06-30,11559016.08,137055.36,286010.4,0.0,-16331.64,-58917.72,11906832.48,true,Actual
Bull,Mid-Market,2025-07-31,11906832.48,84815.04,296148.12,0.0,-77898.72,-28926.84,12180970.08,true,Actual
Bull,Mid-Market,2025-08-31,12180970.08,153143.88,223555.68,0.0,-53168.4,-98466.36,12406034.88,true,Actual
Bull,Mid-Market,2025-09-30,12406034.88,181710.96,213740.52,0.0,-39556.08,-117422.04,12644508.24,true,Actual
Bull,Mid-Market,2025-10-31,12644508.24,234131.64,410378.76,0.0,-83631.6,-92154.24,13113232.8,true,Actual
Bull,Mid-Market,2025-11-30,13113232.8,209784.84,203994.12,0.0,-143774.16,-28781.28,13354456.32,true,Actual
Bull,Mid-Market,2025-12-31,13354456.32,325019.88,197098.44,30440.64,-55385.52,-45262.44,13806367.32,true,Actual
Bull,Mid-Market,2026-01-31,13806367.32,195807.36,298280.4,0.0,-255434.88,-54890.76,13990129.44,true,Actual
Bull,Mid-Market,2026-02-28,13990129.44,131305.44,197938.44,0.0,-138266.52,0.0,14181106.8,true,Actual
Bull,Mid-Market,2026-03-31,14181106.8,207565.32,176055.84,0.0,-201810.12,-118836.36,14244081.48,true,Actual
Bull,Mid-Market,2026-04-30,14244081.48,62212.56,387264.0,0.0,-11279.28,-168357.24,14513921.52,true,Actual
Bull,Mid-Market,2026-05-31,14513921.52,85918.68,558817.56,0.0,-76407.12,0.0,15082250.64,true,Actual
Bull,Mid-Market,2026-06-30,15082250.64,134640.12,420598.44,0.0,-73583.76,-64078.08,15499827.36,true,Actual
Bull,Mid-Market,2026-07-31,15499827.36,209282.45115931943,412945.349432868,2536.72,-65173.33001014458,-64733.29698890039,15994685.253593141,false,FY2026 Reforecast
Bull,Mid-Market,2026-08-31,15994685.253593141,33530.466833333325,412945.349432868,2536.72,-51720.15136856887,-51370.95063780406,16340606.68785297,false,FY2026 Reforecast
Bull,Mid-Market,2026-09-30,16340606.687852971,11978.384111111109,412945.349432868,2536.72,-47549.750713116104,-47228.70742036976,16673288.683263464,false,FY2026 Reforecast
Bull,Mid-Market,2026-10-31,16673288.683263464,13001.746555555554,412945.349432868,2536.72,-75170.93556898076,-74663.40136928555,16951938.16231362,false,FY2026 Reforecast
Bull,Mid-Market,2026-11-30,16951938.162313618,204792.37595486108,412945.349432868,2536.72,-57469.54903508149,-57081.52989769029,17457661.528768577,false,FY2026 Reforecast
Bull,Mid-Market,2026-12-31,17457661.528768577,204792.37595486108,412945.349432868,2536.72,-182916.33193384315,-181681.32942341096,17713338.31279905,false,FY2026 Reforecast
Bull,Mid-Market,2027-01-31,17713338.312799055,204792.37595486108,412945.349432868,2536.72,-121107.55975096268,-120289.87366058749,18092215.324775234,false,Forward Runway Projection
Bull,Mid-Market,2027-02-28,18092215.32477523,204792.37595486108,412945.349432868,2536.72,-72022.68186021746,-71536.40383372828,18568930.684469014,false,Forward Runway Projection
Bull,Mid-Market,2027-03-31,18568930.684469014,204792.37595486108,412945.349432868,2536.72,-138104.16641211993,-137171.7237460282,18913929.239698596,false,Forward Runway Projection
Bull,Mid-Market,2027-04-30,18913929.239698596,204792.37595486108,412945.349432868,2536.72,-71522.3525096431,-71039.45257409567,19391641.880002588,false,Forward Runway Projection
Bull,Mid-Market,2027-05-31,19391641.880002588,204792.37595486108,412945.349432868,2536.72,-48888.59232553314,-48558.509529671224,19914469.223535113,false,Forward Runway Projection
Bull,Mid-Market,2027-06-30,19914469.223535113,204792.37595486108,412945.349432868,2536.72,-125231.04552433187,-124385.51875276653,20285127.104645744,false,Forward Runway Projection
Bull,Mid-Market,2027-07-31,20285127.104645744,204792.37595486108,412945.349432868,2536.72,-13542.916321433362,-13451.478145964194,20878407.155566074,false,Forward Runway Projection
Bull,Mid-Market,2027-08-31,20878407.155566074,204792.37595486108,412945.349432868,2536.72,-4821.387870605106,-4788.835139741696,21489071.377943456,false,Forward Runway Projection
Bull,Mid-Market,2027-09-30,21489071.377943456,204792.37595486108,412945.349432868,2536.72,-17670.49417911205,-17551.187693785887,22074124.141458288,false,Forward Runway Projection
Bull,Mid-Market,2027-10-31,22074124.141458288,204792.37595486108,412945.349432868,2536.72,-6955.515502158823,-6908.553708120537,22680534.517635737,false,Forward Runway Projection
Bull,Mid-Market,2027-11-30,22680534.51763574,201394.01835201198,412945.349432868,2536.72,-0.0,-0.0,23297410.60542062,false,Forward Runway Projection
Bull,Mid-Market,2027-12-31,23297410.60542062,197922.85800432315,412945.349432868,2536.72,-12252.814699125263,-12170.086947298527,23886392.631211385,false,Forward Runway Projection
Bull,SMB,2024-01-31,3375238.8,100540.8,53960.76,0.0,-7499.4,-42523.08,3479717.88,true,Actual
Bull,SMB,2024-02-29,3479717.88,74799.24,46726.2,0.0,-8986.8,-86233.56,3506022.96,true,Actual
Bull,SMB,2024-03-31,3506022.96,139078.68,49352.88,0.0,-4143.72,-112547.88,3577762.92,true,Actual
Bull,SMB,2024-04-30,3577762.92,50112.84,24249.6,0.0,-23431.08,-141223.92,3487470.36,true,Actual
Bull,SMB,2024-05-31,3487470.36,102751.92,35972.16,8655.48,-13268.16,-93211.2,3528370.56,true,Actual
Bull,SMB,2024-06-30,3528370.56,120066.6,21794.04,10098.72,-5994.36,-71322.84,3603012.72,true,Actual
Bull,SMB,2024-07-31,3603012.72,54087.12,45613.92,4786.44,-6699.36,-81312.48,3619488.36,true,Actual
Bull,SMB,2024-08-31,3619488.36,54269.4,23001.84,7010.52,-10480.44,-58620.48,3634669.2,true,Actual
Bull,SMB,2024-09-30,3634669.2,67731.12,44187.84,1243.2,-13787.4,-53116.92,3680927.04,true,Actual
Bull,SMB,2024-10-31,3680927.04,104162.88,38556.84,5769.72,-11144.64,-71278.32,3746993.52,true,Actual
Bull,SMB,2024-11-30,3746993.52,107010.84,31488.84,0.0,-10316.64,-63536.52,3811640.04,true,Actual
Bull,SMB,2024-12-31,3811640.04,193397.64,41471.52,0.0,-15119.64,-77461.44,3953928.12,true,Actual
Bull,SMB,2025-01-31,3953928.12,118961.04,27056.16,5379.0,-13481.88,-119408.76,3972433.68,true,Actual
Bull,SMB,2025-02-28,3972433.68,126363.72,36440.28,0.0,-22508.16,-76150.8,4036578.72,true,Actual
Bull,SMB,2025-03-31,4036578.72,167228.76,36595.8,7012.2,-11071.68,-90019.92,4146323.88,true,Actual
Bull,SMB,2025-04-30,4146323.88,105016.68,59536.68,0.0,-4347.0,-128617.92,4177912.32,true,Actual
Bull,SMB,2025-05-31,4177912.32,111001.44,22565.4,12462.48,-11069.88,-149700.48,4163171.28,true,Actual
Bull,SMB,2025-06-30,4163171.28,193993.68,46049.16,0.0,-20162.88,-89028.72,4294022.52,true,Actual
Bull,SMB,2025-07-31,4294022.52,63689.64,48588.96,2735.28,-19276.2,-59258.16,4330502.04,true,Actual
Bull,SMB,2025-08-31,4330502.04,101424.12,55007.28,2107.44,-19917.72,-98999.76,4370123.4,true,Actual
Bull,SMB,2025-09-30,4370123.4,84287.88,53046.0,0.0,-7236.72,-72205.92,4428014.64,true,Actual
Bull,SMB,2025-10-31,4428014.64,127234.92,47070.84,0.0,-1302.24,-70241.76,4530776.4,true,Actual
Bull,SMB,2025-11-30,4530776.4,123851.88,51844.56,0.0,-29296.56,-47321.88,4629854.4,true,Actual
Bull,SMB,2025-12-31,4629854.4,290647.08,42114.6,7295.16,-13220.52,-175538.64,4781152.08,true,Actual
Bull,SMB,2026-01-31,4781152.08,71617.08,40361.16,3132.0,-11535.24,-134016.48,4750710.6,true,Actual
Bull,SMB,2026-02-28,4750710.6,51735.72,49117.32,10064.52,-12068.64,-113861.4,4735698.12,true,Actual
Bull,SMB,2026-03-31,4735698.12,122782.8,51014.76,7982.76,-4116.0,-114346.56,4799015.88,true,Actual
Bull,SMB,2026-04-30,4799015.88,72235.92,46655.4,3643.2,-22612.44,-118468.2,4780469.76,true,Actual
Bull,SMB,2026-05-31,4780469.76,84944.52,48814.32,14374.56,-19640.64,-119750.52,4789212.0,true,Actual
Bull,SMB,2026-06-30,4789212.0,83896.56,43557.6,20643.24,-22324.08,-90196.44,4824788.88,true,Actual
Bull,SMB,2026-07-31,4824788.88,133596.69948132365,60518.42096347004,5998.18,-8647.715343671645,-71755.73041286384,4944498.734688258,false,FY2026 Reforecast
Bull,SMB,2026-08-31,4944498.734688258,4184.7774890310775,60518.42096347004,5998.18,-11421.397631786542,-82296.8615434301,4921481.853965542,false,FY2026 Reforecast
Bull,SMB,2026-09-30,4921481.853965542,0.0,60518.42096347004,5998.18,-9784.165027907986,-76074.70565965303,4902139.584241452,false,FY2026 Reforecast
Bull,SMB,2026-10-31,4902139.584241452,0.0,60518.42096347004,5998.18,-11678.832853888278,-83275.22104964635,4873702.131301387,false,FY2026 Reforecast
Bull,SMB,2026-11-30,4873702.131301387,141387.47140153835,60518.42096347004,5998.18,-15101.408713667459,-96282.41408571784,4970222.38086701,false,FY2026 Reforecast
Bull,SMB,2026-12-31,4970222.38086701,145242.6651374714,60518.42096347004,5998.18,-18113.180253400686,-107728.38209426444,5056140.084620287,false,FY2026 Reforecast
Bull,SMB,2027-01-31,5056140.084620287,142322.4925795902,60518.42096347004,5998.18,-15835.5065925946,-99072.28733024895,5150071.384240503,false,Forward Runway Projection
Bull,SMB,2027-02-28,5150071.384240503,139474.68160907787,60518.42096347004,5998.18,-13028.96910399937,-88406.29295270293,5254627.404756349,false,Forward Runway Projection
Bull,SMB,2027-03-31,5254627.404756349,136697.4391129512,60518.42096347004,5998.18,-14970.142571920307,-95783.54886993978,5347087.75339091,false,Forward Runway Projection
Bull,SMB,2027-04-30,5347087.75339091,133989.0164113896,60518.42096347004,5998.18,-13938.922325325542,-91864.48867677031,5441789.959763674,false,Forward Runway Projection
Bull,SMB,2027-05-31,5441789.959763673,131347.70815668558,60518.42096347004,5998.18,-15942.54488183855,-99479.0767623864,5524232.647239604,false,Forward Runway Projection
Bull,SMB,2027-06-30,5524232.647239604,128771.85125947921,60518.42096347004,5998.18,-15902.306339129931,-99326.15378450535,5604292.639338918,false,Forward Runway Projection
Bull,SMB,2027-07-31,5604292.639338918,126259.82384160062,60518.42096347004,5998.18,-6508.395295203434,-63625.43616186681,5726935.232686918,false,Forward Runway Projection
Bull,SMB,2027-08-31,5726935.232686919,123810.04421486065,60518.42096347004,5998.18,-5640.9400000000005,-60328.75,5851292.18786525,false,Forward Runway Projection
Bull,SMB,2027-09-30,5851292.187865249,121420.96988514718,60518.42096347004,5998.18,-5640.9400000000005,-60328.75,5973260.068713866,false,Forward Runway Projection
Bull,SMB,2027-10-31,5973260.068713866,119091.09658119967,60518.42096347004,5998.18,-6808.167058898331,-64764.691902832245,6087294.907296806,false,Forward Runway Projection
Bull,SMB,2027-11-30,6087294.907296806,116818.95730745078,60518.42096347004,5998.18,-5640.9400000000005,-60328.75,6204660.775567726,false,Forward Runway Projection
Bull,SMB,2027-12-31,6204660.775567727,114603.12142033834,60518.42096347004,5998.18,-5640.9400000000005,-60328.75,6319810.807951535,false,Forward Runway Projection
Bull,Total,2024-01-31,18571137.0,525566.76,219226.44,0.0,-258461.88,-149570.16,18907898.16,true,Actual
Bull,Total,2024-02-29,18907898.16,356830.68,278988.36,0.0,-91263.12,-156948.96,19295505.12,true,Actual
Bull,Total,2024-03-31,19295505.12,831032.04,312089.64,0.0,-65536.8,-323996.88,20049093.119999997,true,Actual
Bull,Total,2024-04-30,20049093.119999997,216228.96,537914.4,0.0,-57366.72,-205350.0,20540519.759999998,true,Actual
Bull,Total,2024-05-31,20540519.759999998,383789.51999999996,243323.76,8655.48,-45964.32,-166052.52000000002,20964271.679999996,true,Actual
Bull,Total,2024-06-30,20964271.679999996,461600.28,292981.8,34328.64,-81439.44,-127409.51999999999,21544333.439999998,true,Actual
Bull,Total,2024-07-31,21544333.44,320339.76,316543.44,33770.28,-88843.92000000001,-120242.64,22005900.36,true,Actual
Bull,Total,2024-08-31,22005900.36,148772.52,324913.68,7010.52,-52441.8,-445745.16000000003,21988410.12,true,Actual
Bull,Total,2024-09-30,21988410.12,301297.92,188901.84,18563.64,-40384.08,-53116.92,22403672.519999996,true,Actual
Bull,Total,2024-10-31,22403672.519999996,432548.28,239530.8,5769.72,-72395.64,-253401.36,22755724.32,true,Actual
Bull,Total,2024-11-30,22755724.32,418852.68000000005,400393.20000000007,0.0,-136010.52000000002,-132382.68,23306577.0,true,Actual
Bull,Total,2024-12-31,23306577.0,1219456.56,403755.48000000004,0.0,-153569.64,-281022.0,24495197.400000002,true,Actual
Bull,Total,2025-01-31,24495197.400000002,763989.24,208523.88,5379.0,-356906.4,-433404.48,24682778.64,true,Actual
Bull,Total,2025-02-28,24682778.64,398202.83999999997,450903.12,0.0,-110046.24,-189502.91999999998,25232335.439999998,true,Actual
Bull,Total,2025-03-31,25232335.439999998,482289.00000000006,339030.96,7012.2,-120597.12000000001,-125741.04000000001,25814329.439999998,true,Actual
Bull,Total,2025-04-30,25814329.439999998,289522.07999999996,568274.88,41077.32,-140806.8,-142746.84,26429650.08,true,Actual
Bull,Total,2025-05-31,26429650.08,266066.16000000003,214662.36,12462.48,-91199.88,-240511.2,26591130.0,true,Actual
Bull,Total,2025-06-30,26591130.0,408324.0,332059.56000000006,0.0,-45796.2,-147946.44,27137770.919999998,true,Actual
Bull,Total,2025-07-31,27137770.92,148504.68,364045.92000000004,2735.28,-97174.92,-88185.0,27467696.880000003,true,Actual
Bull,Total,2025-08-31,27467696.880000003,254568.0,339460.67999999993,2107.44,-73086.12,-197466.12,27793280.76,true,Actual
Bull,Total,2025-09-30,27793280.759999998,265998.83999999997,295512.48,0.0,-46792.8,-189627.96,28118371.32,true,Actual
Bull,Total,2025-10-31,28118371.32,427038.12,493697.63999999996,0.0,-124445.04000000001,-162396.0,28752266.040000003,true,Actual
Bull,Total,2025-11-30,28752266.040000003,771199.2,366765.0,0.0,-173070.72,-328723.80000000005,29388435.72,true,Actual
Bull,Total,2025-12-31,29388435.72,815749.3200000001,245648.28,37735.8,-77452.2,-220801.08000000002,30189315.839999996,true,Actual
Bull,Total,2026-01-31,30189315.839999996,267424.44,361621.20000000007,3132.0,-451736.88,-188907.24000000002,30180849.36,true,Actual
Bull,Total,2026-02-28,30180849.36,347874.72,303632.88,10064.52,-150335.15999999997,-113861.4,30578224.92,true,Actual
Bull,Total,2026-03-31,30578224.92,452642.28,237688.44,7982.76,-205926.12,-233182.91999999998,30837429.36,true,Actual
Bull,Total,2026-04-30,30837429.36,134448.47999999998,820157.04,3643.2,-61498.8,-286825.44,31447353.839999996,true,Actual
Bull,Total,2026-05-31,31447353.840000004,170863.2,1119731.4,14374.56,-139362.12,-119750.52,32493210.36,true,Actual
Bull,Total,2026-06-30,32493210.36,650292.36,510603.95999999996,20643.24,-95907.84,-562121.76,33016720.32,true,Actual
Bull,Total,2026-07-31,33016720.32,436682.41964064306,616933.5265902894,8534.9,-73821.04535381623,-136489.02740176424,33868561.09347535,false,FY2026 Reforecast
Bull,Total,2026-08-31,33868561.09347535,90765.9489473644,616933.5265902894,8534.9,-84487.74716328777,-159989.58906269702,34340318.13278702,false,FY2026 Reforecast
Bull,Total,2026-09-30,34340318.13278702,11978.384111111109,616933.5265902894,8534.9,-87316.3851519401,-160274.48699986708,34730174.07133661,false,FY2026 Reforecast
Bull,Total,2026-10-31,34730174.07133662,13001.746555555554,616933.5265902894,8534.9,-119336.55026448306,-197997.73817831898,35051309.95603966,false,FY2026 Reforecast
Bull,Total,2026-11-30,35051309.95603965,469164.27803999314,616933.5265902894,8534.9,-156069.4424550618,-256325.06462906633,35733548.15358581,false,FY2026 Reforecast
Bull,Total,2026-12-31,35733548.15358581,473019.4717759262,616933.5265902894,8534.9,-298902.96485072374,-410096.4569494736,36123036.63015182,false,FY2026 Reforecast
Bull,Total,2027-01-31,36123036.63015183,470099.2992180451,616933.5265902894,8534.9,-247506.2451926206,-355696.4769545995,36615401.63381295,false,Forward Runway Projection
Bull,Total,2027-02-28,36615401.63381294,467251.48824753275,616933.5265902894,8534.9,-128180.39341892103,-213124.30446222407,37366816.850769624,false,Forward Runway Projection
Bull,Total,2027-03-31,37366816.850769624,464474.24575140607,616933.5265902894,8534.9,-231661.12640159664,-329859.86696575733,37895238.52974396,false,Forward Runway Projection
Bull,Total,2027-04-30,37895238.52974396,461765.8230498445,616933.5265902894,8534.9,-93013.33899832045,-172216.31371105544,38717243.12667473,false,Forward Runway Projection
Bull,Total,2027-05-31,38717243.12667473,459124.5147951404,616933.5265902894,8534.9,-64831.13720737169,-148037.58629205762,39588967.34456073,false,Forward Runway Projection
Bull,Total,2027-06-30,39588967.34456073,456548.6578979341,616933.5265902894,8534.9,-180913.7307959654,-272764.44767451746,40217306.25057846,false,Forward Runway Projection
Bull,Total,2027-07-31,40217306.25057846,454036.63048005546,616933.5265902894,8534.9,-20051.311616636798,-77076.914307831,41199683.08172434,false,Forward Runway Projection
Bull,Total,2027-08-31,41199683.081724346,451586.8508533155,616933.5265902894,8534.9,-10462.327870605106,-65117.5851397417,42201158.4461576,false,Forward Runway Projection
Bull,Total,2027-09-30,42201158.4461576,449197.776523602,616933.5265902894,8534.9,-49561.16302007337,-110248.20770031567,43116015.2785511,false,Forward Runway Projection
Bull,Total,2027-10-31,43116015.2785511,446867.9032196545,616933.5265902894,8534.9,-13763.682561057154,-71673.24561095278,44102914.680189036,false,Forward Runway Projection
Bull,Total,2027-11-30,44102914.68018904,441197.40634305653,616933.5265902894,8534.9,-10488.173927849906,-66305.82418282465,45092786.51501171,false,Forward Runway Projection
Bull,Total,2027-12-31,45092786.515011705,435510.4101082552,616933.5265902894,8534.9,-31515.34512477278,-89295.47966643042,46032954.52691905,false,Forward Runway Projection
