acquisition_quarter,acquisition_quarter_start,segment,customer_id,quarter_end_date,quarters_since_acquisition,arr
2019Q1,2019-01-01 00:00:00,Mid-Market,CUST-00044,2024-03-31,20,32851.20
2019Q1,2019-01-01 00:00:00,SMB,CUST-00008,2026-03-31,28,0.00
2019Q1,2019-01-01 00:00:00,Mid-Market,CUST-00044,2024-09-30,22,32851.20
2019Q1,2019-01-01 00:00:00,Mid-Market,CUST-00044,2024-12-31,23,34220.04
2019Q1,2019-01-01 00:00:00,Mid-Market,CUST-00044,2025-03-31,24,35247.72
2019Q1,2019-01-01 00:00:00,Mid-Market,CUST-00044,2025-06-30,25,35247.72
2019Q1,2019-01-01 00:00:00,Mid-Market,CUST-00044,2025-09-30,26,35247.72
2019Q1,2019-01-01 00:00:00,Mid-Market,CUST-00044,2025-12-31,27,35247.72
2019Q1,2019-01-01 00:00:00,Mid-Market,CUST-00044,2026-03-31,28,25177.08
2019Q1,2019-01-01 00:00:00,Mid-Market,CUST-00044,2026-06-30,29,35247.96
2019Q1,2019-01-01 00:00:00,Mid-Market,CUST-00043,2024-03-31,20,0.00
2019Q1,2019-01-01 00:00:00,Mid-Market,CUST-00043,2024-06-30,21,0.00
2019Q1,2019-01-01 00:00:00,Mid-Market,CUST-00043,2024-09-30,22,0.00
2019Q1,2019-01-01 00:00:00,Mid-Market,CUST-00044,2024-06-30,21,32851.20
2019Q1,2019-01-01 00:00:00,Mid-Market,CUST-00043,2025-03-31,24,0.00
2019Q1,2019-01-01 00:00:00,Mid-Market,CUST-00043,2025-06-30,25,0.00
2019Q1,2019-01-01 00:00:00,Mid-Market,CUST-00043,2025-09-30,26,0.00
2019Q1,2019-01-01 00:00:00,Mid-Market,CUST-00043,2025-12-31,27,0.00
2019Q1,2019-01-01 00:00:00,Mid-Market,CUST-00043,2026-03-31,28,0.00
2019Q1,2019-01-01 00:00:00,Mid-Market,CUST-00043,2026-06-30,29,0.00
2019Q1,2019-01-01 00:00:00,SMB,CUST-00006,2024-03-31,20,0.00
2019Q1,2019-01-01 00:00:00,SMB,CUST-00006,2024-06-30,21,0.00
2019Q1,2019-01-01 00:00:00,SMB,CUST-00006,2024-09-30,22,0.00
2019Q1,2019-01-01 00:00:00,SMB,CUST-00006,2024-12-31,23,0.00
2019Q1,2019-01-01 00:00:00,SMB,CUST-00006,2025-03-31,24,0.00
2019Q1,2019-01-01 00:00:00,SMB,CUST-00006,2025-06-30,25,0.00
2019Q1,2019-01-01 00:00:00,SMB,CUST-00006,2025-09-30,26,0.00
2019Q1,2019-01-01 00:00:00,SMB,CUST-00006,2025-12-31,27,0.00
2019Q1,2019-01-01 00:00:00,SMB,CUST-00006,2026-03-31,28,0.00
2019Q1,2019-01-01 00:00:00,SMB,CUST-00006,2026-06-30,29,0.00
2019Q1,2019-01-01 00:00:00,SMB,CUST-00008,2024-03-31,20,3954.72
2019Q1,2019-01-01 00:00:00,SMB,CUST-00008,2024-06-30,21,3954.72
2019Q1,2019-01-01 00:00:00,SMB,CUST-00008,2024-09-30,22,0.00
2019Q1,2019-01-01 00:00:00,SMB,CUST-00008,2024-12-31,23,0.00
2019Q1,2019-01-01 00:00:00,SMB,CUST-00008,2025-03-31,24,0.00
2019Q1,2019-01-01 00:00:00,SMB,CUST-00008,2025-06-30,25,0.00
2019Q1,2019-01-01 00:00:00,SMB,CUST-00008,2025-09-30,26,0.00
2019Q1,2019-01-01 00:00:00,SMB,CUST-00008,2025-12-31,27,0.00
2019Q1,2019-01-01 00:00:00,Mid-Market,CUST-00046,2026-06-30,29,54416.76
2019Q1,2019-01-01 00:00:00,SMB,CUST-00008,2026-06-30,29,0.00
2019Q1,2019-01-01 00:00:00,Mid-Market,CUST-00046,2024-03-31,20,25385.04
2019Q1,2019-01-01 00:00:00,Mid-Market,CUST-00046,2024-06-30,21,54768.36
2019Q1,2019-01-01 00:00:00,Mid-Market,CUST-00046,2024-09-30,22,54768.36
2019Q1,2019-01-01 00:00:00,Mid-Market,CUST-00046,2024-12-31,23,80169.96
2019Q1,2019-01-01 00:00:00,Mid-Market,CUST-00046,2025-03-31,24,80169.96
2019Q1,2019-01-01 00:00:00,Mid-Market,CUST-00046,2025-06-30,25,61010.16
2019Q1,2019-01-01 00:00:00,Mid-Market,CUST-00046,2025-09-30,26,61010.16
2019Q1,2019-01-01 00:00:00,Mid-Market,CUST-00046,2025-12-31,27,61010.16
2019Q1,2019-01-01 00:00:00,Mid-Market,CUST-00046,2026-03-31,28,61010.16
2019Q1,2019-01-01 00:00:00,Mid-Market,CUST-00043,2024-12-31,23,0.00
2019Q2,2019-04-01 00:00:00,Mid-Market,CUST-00050,2024-03-31,19,58417.20
2019Q2,2019-04-01 00:00:00,Mid-Market,CUST-00051,2024-09-30,21,11802.48
2019Q2,2019-04-01 00:00:00,Mid-Market,CUST-00050,2024-09-30,21,61236.24
2019Q2,2019-04-01 00:00:00,Mid-Market,CUST-00050,2024-12-31,22,74363.88
2019Q2,2019-04-01 00:00:00,Mid-Market,CUST-00050,2025-03-31,23,74363.88
2019Q2,2019-04-01 00:00:00,Mid-Market,CUST-00050,2025-06-30,24,74363.88
2019Q2,2019-04-01 00:00:00,Mid-Market,CUST-00050,2025-09-30,25,74361.60
2019Q2,2019-04-01 00:00:00,Mid-Market,CUST-00050,2025-12-31,26,74361.60
2019Q2,2019-04-01 00:00:00,Mid-Market,CUST-00050,2026-03-31,27,74361.60
2019Q2,2019-04-01 00:00:00,Mid-Market,CUST-00050,2026-06-30,28,91427.16
2019Q2,2019-04-01 00:00:00,SMB,CUST-00016,2024-03-31,19,0.00
2019Q2,2019-04-01 00:00:00,Mid-Market,CUST-00048,2024-03-31,19,51968.04
2019Q2,2019-04-01 00:00:00,Mid-Market,CUST-00048,2024-06-30,20,54080.40
2019Q2,2019-04-01 00:00:00,Mid-Market,CUST-00048,2024-09-30,21,54080.40
2019Q2,2019-04-01 00:00:00,Mid-Market,CUST-00048,2024-12-31,22,78996.00
2019Q2,2019-04-01 00:00:00,Mid-Market,CUST-00048,2025-03-31,23,78996.00
2019Q2,2019-04-01 00:00:00,Mid-Market,CUST-00048,2025-06-30,24,82746.00
2019Q2,2019-04-01 00:00:00,Mid-Market,CUST-00048,2025-09-30,25,101595.00
2019Q2,2019-04-01 00:00:00,Mid-Market,CUST-00050,2024-06-30,20,58417.20
2019Q2,2019-04-01 00:00:00,Mid-Market,CUST-00048,2026-03-31,27,101595.00
2019Q2,2019-04-01 00:00:00,Mid-Market,CUST-00048,2026-06-30,28,106071.00
2019Q2,2019-04-01 00:00:00,SMB,CUST-00016,2024-06-30,20,0.00
2019Q2,2019-04-01 00:00:00,SMB,CUST-00016,2024-09-30,21,0.00
2019Q2,2019-04-01 00:00:00,SMB,CUST-00016,2024-12-31,22,0.00
2019Q2,2019-04-01 00:00:00,SMB,CUST-00016,2025-03-31,23,0.00
2019Q2,2019-04-01 00:00:00,SMB,CUST-00016,2025-06-30,24,0.00
2019Q2,2019-04-01 00:00:00,SMB,CUST-00016,2025-09-30,25,0.00
2019Q2,2019-04-01 00:00:00,SMB,CUST-00016,2025-12-31,26,0.00
2019Q2,2019-04-01 00:00:00,SMB,CUST-00016,2026-03-31,27,0.00
2019Q2,2019-04-01 00:00:00,SMB,CUST-00016,2026-06-30,28,0.00
2019Q2,2019-04-01 00:00:00,SMB,CUST-00021,2024-03-31,19,1635.60
2019Q2,2019-04-01 00:00:00,SMB,CUST-00021,2024-06-30,20,1635.60
2019Q2,2019-04-01 00:00:00,SMB,CUST-00021,2024-09-30,21,1704.12
2019Q2,2019-04-01 00:00:00,SMB,CUST-00021,2024-12-31,22,1704.12
2019Q2,2019-04-01 00:00:00,SMB,CUST-00021,2025-03-31,23,1704.12
2019Q2,2019-04-01 00:00:00,SMB,CUST-00021,2025-06-30,24,2385.72
2019Q2,2019-04-01 00:00:00,SMB,CUST-00021,2025-09-30,25,1780.44
2019Q2,2019-04-01 00:00:00,SMB,CUST-00021,2025-12-31,26,1780.44
2019Q2,2019-04-01 00:00:00,SMB,CUST-00021,2026-03-31,27,1780.44
2019Q2,2019-04-01 00:00:00,SMB,CUST-00021,2026-06-30,28,1780.44
2019Q2,2019-04-01 00:00:00,Mid-Market,CUST-00049,2024-03-31,19,13991.04
2019Q2,2019-04-01 00:00:00,Mid-Market,CUST-00049,2024-06-30,20,10493.76
2019Q2,2019-04-01 00:00:00,Mid-Market,CUST-00049,2024-09-30,21,10493.76
2019Q2,2019-04-01 00:00:00,Mid-Market,CUST-00049,2024-12-31,22,10493.76
2019Q2,2019-04-01 00:00:00,Mid-Market,CUST-00049,2025-03-31,23,10493.76
2019Q2,2019-04-01 00:00:00,Mid-Market,CUST-00049,2025-06-30,24,14691.24
2019Q2,2019-04-01 00:00:00,Mid-Market,CUST-00049,2025-09-30,25,20991.60
2019Q2,2019-04-01 00:00:00,Mid-Market,CUST-00049,2025-12-31,26,20991.60
2019Q2,2019-04-01 00:00:00,Mid-Market,CUST-00049,2026-03-31,27,20991.60
2019Q2,2019-04-01 00:00:00,Mid-Market,CUST-00049,2026-06-30,28,10494.48
2019Q2,2019-04-01 00:00:00,SMB,CUST-00020,2024-03-31,19,6181.08
2019Q2,2019-04-01 00:00:00,Mid-Market,CUST-00051,2024-03-31,19,11802.48
2019Q2,2019-04-01 00:00:00,Mid-Market,CUST-00051,2024-06-30,20,11802.48
2019Q2,2019-04-01 00:00:00,SMB,CUST-00020,2026-06-30,28,6681.00
2019Q2,2019-04-01 00:00:00,Mid-Market,CUST-00051,2024-12-31,22,12194.88
2019Q2,2019-04-01 00:00:00,Mid-Market,CUST-00051,2025-03-31,23,12194.88
2019Q2,2019-04-01 00:00:00,Mid-Market,CUST-00051,2025-06-30,24,12194.88
2019Q2,2019-04-01 00:00:00,Mid-Market,CUST-00051,2025-09-30,25,12194.88
2019Q2,2019-04-01 00:00:00,Mid-Market,CUST-00051,2025-12-31,26,0.00
2019Q2,2019-04-01 00:00:00,Mid-Market,CUST-00051,2026-03-31,27,0.00
2019Q2,2019-04-01 00:00:00,Mid-Market,CUST-00051,2026-06-30,28,0.00
2019Q2,2019-04-01 00:00:00,SMB,CUST-00020,2024-06-30,20,6181.08
2019Q2,2019-04-01 00:00:00,SMB,CUST-00020,2024-09-30,21,6434.28
2019Q2,2019-04-01 00:00:00,SMB,CUST-00020,2024-12-31,22,8491.80
2019Q2,2019-04-01 00:00:00,SMB,CUST-00020,2025-03-31,23,8491.80
2019Q2,2019-04-01 00:00:00,SMB,CUST-00020,2025-06-30,24,11065.44
2019Q2,2019-04-01 00:00:00,SMB,CUST-00020,2025-09-30,25,6681.00
2019Q2,2019-04-01 00:00:00,SMB,CUST-00020,2025-12-31,26,6681.00
2019Q2,2019-04-01 00:00:00,SMB,CUST-00020,2026-03-31,27,6681.00
2019Q2,2019-04-01 00:00:00,Mid-Market,CUST-00048,2025-12-31,26,101595.00
2019Q3,2019-07-01 00:00:00,Mid-Market,CUST-00052,2024-03-31,18,58685.16
2019Q3,2019-07-01 00:00:00,Mid-Market,CUST-00054,2025-06-30,23,20944.80
2019Q3,2019-07-01 00:00:00,Mid-Market,CUST-00053,2024-06-30,19,31201.92
2019Q3,2019-07-01 00:00:00,Mid-Market,CUST-00053,2024-09-30,20,32371.44
2019Q3,2019-07-01 00:00:00,Mid-Market,CUST-00053,2024-12-31,21,32371.44
2019Q3,2019-07-01 00:00:00,Mid-Market,CUST-00053,2025-03-31,22,32371.44
2019Q3,2019-07-01 00:00:00,Mid-Market,CUST-00053,2025-06-30,23,32371.44
2019Q3,2019-07-01 00:00:00,Mid-Market,CUST-00053,2025-09-30,24,33381.24
2019Q3,2019-07-01 00:00:00,Mid-Market,CUST-00053,2025-12-31,25,33381.24
2019Q3,2019-07-01 00:00:00,Mid-Market,CUST-00053,2026-03-31,26,33381.24
2019Q3,2019-07-01 00:00:00,Mid-Market,CUST-00053,2026-06-30,27,33381.24
2019Q3,2019-07-01 00:00:00,SMB,CUST-00025,2024-03-31,18,2607.72
2019Q3,2019-07-01 00:00:00,SMB,CUST-00025,2024-06-30,19,2607.72
2019Q3,2019-07-01 00:00:00,SMB,CUST-00025,2024-09-30,20,2607.72
2019Q3,2019-07-01 00:00:00,SMB,CUST-00025,2024-12-31,21,2607.72
2019Q3,2019-07-01 00:00:00,Mid-Market,CUST-00053,2024-03-31,18,31201.92
2019Q3,2019-07-01 00:00:00,SMB,CUST-00025,2025-06-30,23,2607.72
2019Q3,2019-07-01 00:00:00,SMB,CUST-00025,2025-09-30,24,2607.72
2019Q3,2019-07-01 00:00:00,SMB,CUST-00025,2025-12-31,25,2607.72
2019Q3,2019-07-01 00:00:00,SMB,CUST-00025,2026-03-31,26,0.00
2019Q3,2019-07-01 00:00:00,SMB,CUST-00025,2026-06-30,27,0.00
2019Q3,2019-07-01 00:00:00,SMB,CUST-00026,2024-03-31,18,1591.20
2019Q3,2019-07-01 00:00:00,SMB,CUST-00026,2024-06-30,19,1591.20
2019Q3,2019-07-01 00:00:00,SMB,CUST-00026,2024-09-30,20,1591.20
2019Q3,2019-07-01 00:00:00,SMB,CUST-00026,2024-12-31,21,1666.32
2019Q3,2019-07-01 00:00:00,SMB,CUST-00026,2025-03-31,22,1666.32
2019Q3,2019-07-01 00:00:00,SMB,CUST-00026,2025-06-30,23,1666.32
2019Q3,2019-07-01 00:00:00,SMB,CUST-00026,2025-09-30,24,1666.32
2019Q3,2019-07-01 00:00:00,SMB,CUST-00026,2025-12-31,25,1666.20
2019Q3,2019-07-01 00:00:00,SMB,CUST-00026,2026-03-31,26,1666.20
2019Q3,2019-07-01 00:00:00,SMB,CUST-00026,2026-06-30,27,1666.20
2019Q3,2019-07-01 00:00:00,SMB,CUST-00028,2024-03-31,18,5332.32
2019Q3,2019-07-01 00:00:00,SMB,CUST-00028,2024-06-30,19,5332.32
2019Q3,2019-07-01 00:00:00,SMB,CUST-00028,2024-09-30,20,5332.32
2019Q3,2019-07-01 00:00:00,SMB,CUST-00028,2024-12-31,21,5332.32
2019Q3,2019-07-01 00:00:00,SMB,CUST-00028,2025-03-31,22,5332.32
2019Q3,2019-07-01 00:00:00,SMB,CUST-00028,2025-06-30,23,5332.32
2019Q3,2019-07-01 00:00:00,SMB,CUST-00028,2025-09-30,24,5332.32
2019Q3,2019-07-01 00:00:00,SMB,CUST-00028,2025-12-31,25,5332.32
2019Q3,2019-07-01 00:00:00,SMB,CUST-00028,2026-03-31,26,5332.32
2019Q3,2019-07-01 00:00:00,SMB,CUST-00028,2026-06-30,27,5332.32
2019Q3,2019-07-01 00:00:00,Mid-Market,CUST-00054,2024-03-31,18,20750.64
2019Q3,2019-07-01 00:00:00,Mid-Market,CUST-00054,2024-06-30,19,26874.24
2019Q3,2019-07-01 00:00:00,Mid-Market,CUST-00054,2024-09-30,20,26874.24
2019Q3,2019-07-01 00:00:00,Mid-Market,CUST-00054,2024-12-31,21,14821.44
2019Q3,2019-07-01 00:00:00,Mid-Market,CUST-00054,2025-03-31,22,14821.44
2019Q3,2019-07-01 00:00:00,Mid-Market,CUST-00052,2026-06-30,27,46533.96
2019Q3,2019-07-01 00:00:00,Mid-Market,CUST-00054,2025-09-30,24,20944.80
2019Q3,2019-07-01 00:00:00,Mid-Market,CUST-00054,2025-12-31,25,15485.40
2019Q3,2019-07-01 00:00:00,Mid-Market,CUST-00054,2026-03-31,26,15485.40
2019Q3,2019-07-01 00:00:00,Mid-Market,CUST-00054,2026-06-30,27,15485.40
2019Q3,2019-07-01 00:00:00,Mid-Market,CUST-00052,2024-06-30,19,58685.16
2019Q3,2019-07-01 00:00:00,Mid-Market,CUST-00052,2024-09-30,20,46533.00
2019Q3,2019-07-01 00:00:00,Mid-Market,CUST-00052,2024-12-31,21,46533.00
2019Q3,2019-07-01 00:00:00,Mid-Market,CUST-00052,2025-03-31,22,46533.00
2019Q3,2019-07-01 00:00:00,Mid-Market,CUST-00052,2025-06-30,23,46533.00
2019Q3,2019-07-01 00:00:00,Mid-Market,CUST-00052,2025-09-30,24,46533.96
2019Q3,2019-07-01 00:00:00,Mid-Market,CUST-00052,2025-12-31,25,46533.96
2019Q3,2019-07-01 00:00:00,Mid-Market,CUST-00052,2026-03-31,26,46533.96
2019Q3,2019-07-01 00:00:00,SMB,CUST-00025,2025-03-31,22,2607.72
2019Q4,2019-10-01 00:00:00,SMB,CUST-00029,2024-03-31,17,4884.36
2019Q4,2019-10-01 00:00:00,SMB,CUST-00038,2024-06-30,18,0.00
2019Q4,2019-10-01 00:00:00,SMB,CUST-00029,2024-09-30,19,4884.36
2019Q4,2019-10-01 00:00:00,SMB,CUST-00029,2024-12-31,20,5043.96
2019Q4,2019-10-01 00:00:00,SMB,CUST-00029,2025-03-31,21,5043.96
2019Q4,2019-10-01 00:00:00,SMB,CUST-00029,2025-06-30,22,5043.96
2019Q4,2019-10-01 00:00:00,SMB,CUST-00029,2025-09-30,23,5043.96
2019Q4,2019-10-01 00:00:00,SMB,CUST-00029,2025-12-31,24,5218.68
2019Q4,2019-10-01 00:00:00,SMB,CUST-00029,2026-03-31,25,5218.68
2019Q4,2019-10-01 00:00:00,SMB,CUST-00029,2026-06-30,26,6127.08
2019Q4,2019-10-01 00:00:00,Mid-Market,CUST-00055,2024-03-31,17,74460.48
2019Q4,2019-10-01 00:00:00,Mid-Market,CUST-00055,2024-06-30,18,100844.52
2019Q4,2019-10-01 00:00:00,Mid-Market,CUST-00055,2024-09-30,19,100844.52
2019Q4,2019-10-01 00:00:00,Mid-Market,CUST-00055,2024-12-31,20,77449.80
2019Q4,2019-10-01 00:00:00,Mid-Market,CUST-00055,2025-03-31,21,104893.08
2019Q4,2019-10-01 00:00:00,Mid-Market,CUST-00055,2025-06-30,22,104893.08
2019Q4,2019-10-01 00:00:00,Mid-Market,CUST-00055,2025-09-30,23,104893.08
2019Q4,2019-10-01 00:00:00,Mid-Market,CUST-00055,2025-12-31,24,80085.96
2019Q4,2019-10-01 00:00:00,Mid-Market,CUST-00055,2026-03-31,25,108463.32
2019Q4,2019-10-01 00:00:00,Mid-Market,CUST-00055,2026-06-30,26,108463.32
2019Q4,2019-10-01 00:00:00,SMB,CUST-00029,2024-06-30,18,4884.36
2019Q4,2019-10-01 00:00:00,SMB,CUST-00030,2024-06-30,18,0.00
2019Q4,2019-10-01 00:00:00,SMB,CUST-00030,2024-09-30,19,0.00
2019Q4,2019-10-01 00:00:00,SMB,CUST-00030,2024-12-31,20,0.00
2019Q4,2019-10-01 00:00:00,SMB,CUST-00030,2025-03-31,21,0.00
2019Q4,2019-10-01 00:00:00,SMB,CUST-00030,2025-06-30,22,0.00
2019Q4,2019-10-01 00:00:00,SMB,CUST-00030,2025-09-30,23,0.00
2019Q4,2019-10-01 00:00:00,SMB,CUST-00030,2025-12-31,24,0.00
2019Q4,2019-10-01 00:00:00,SMB,CUST-00030,2026-03-31,25,0.00
2019Q4,2019-10-01 00:00:00,SMB,CUST-00030,2026-06-30,26,0.00
2019Q4,2019-10-01 00:00:00,SMB,CUST-00035,2024-03-31,17,4861.68
2019Q4,2019-10-01 00:00:00,Mid-Market,CUST-00056,2024-03-31,17,14313.24
2019Q4,2019-10-01 00:00:00,Mid-Market,CUST-00056,2024-06-30,18,14313.24
2019Q4,2019-10-01 00:00:00,Mid-Market,CUST-00056,2024-09-30,19,25278.84
2019Q4,2019-10-01 00:00:00,Mid-Market,CUST-00056,2024-12-31,20,0.00
2019Q4,2019-10-01 00:00:00,Mid-Market,CUST-00056,2025-03-31,21,0.00
2019Q4,2019-10-01 00:00:00,Mid-Market,CUST-00056,2025-06-30,22,0.00
2019Q4,2019-10-01 00:00:00,Mid-Market,CUST-00056,2025-09-30,23,0.00
2019Q4,2019-10-01 00:00:00,Mid-Market,CUST-00056,2025-12-31,24,0.00
2019Q4,2019-10-01 00:00:00,Mid-Market,CUST-00056,2026-03-31,25,0.00
2019Q4,2019-10-01 00:00:00,Mid-Market,CUST-00056,2026-06-30,26,0.00
2019Q4,2019-10-01 00:00:00,SMB,CUST-00035,2024-06-30,18,4861.68
2019Q4,2019-10-01 00:00:00,SMB,CUST-00035,2024-09-30,19,4861.68
2019Q4,2019-10-01 00:00:00,SMB,CUST-00035,2024-12-31,20,4861.68
2019Q4,2019-10-01 00:00:00,SMB,CUST-00035,2025-03-31,21,4861.68
2019Q4,2019-10-01 00:00:00,SMB,CUST-00035,2025-06-30,22,4861.68
2019Q4,2019-10-01 00:00:00,SMB,CUST-00035,2025-09-30,23,4861.68
2019Q4,2019-10-01 00:00:00,SMB,CUST-00035,2025-12-31,24,4861.68
2019Q4,2019-10-01 00:00:00,SMB,CUST-00035,2026-03-31,25,4861.68
2019Q4,2019-10-01 00:00:00,SMB,CUST-00035,2026-06-30,26,4861.68
2019Q4,2019-10-01 00:00:00,Mid-Market,CUST-00059,2024-03-31,17,13800.60
2019Q4,2019-10-01 00:00:00,Mid-Market,CUST-00059,2024-06-30,18,13800.60
2019Q4,2019-10-01 00:00:00,Mid-Market,CUST-00059,2024-09-30,19,13800.60
2019Q4,2019-10-01 00:00:00,Mid-Market,CUST-00059,2024-12-31,20,13800.60
2019Q4,2019-10-01 00:00:00,Mid-Market,CUST-00059,2025-03-31,21,14395.08
2019Q4,2019-10-01 00:00:00,Mid-Market,CUST-00059,2025-06-30,22,20153.16
2019Q4,2019-10-01 00:00:00,Mid-Market,CUST-00059,2025-09-30,23,20153.16
2019Q4,2019-10-01 00:00:00,Mid-Market,CUST-00059,2025-12-31,24,21496.80
2019Q4,2019-10-01 00:00:00,Mid-Market,CUST-00059,2026-03-31,25,15984.96
2019Q4,2019-10-01 00:00:00,Mid-Market,CUST-00059,2026-06-30,26,15984.96
2019Q4,2019-10-01 00:00:00,SMB,CUST-00038,2024-03-31,17,0.00
2019Q4,2019-10-01 00:00:00,Mid-Market,CUST-00058,2026-06-30,26,43816.08
2019Q4,2019-10-01 00:00:00,SMB,CUST-00038,2024-09-30,19,0.00
2019Q4,2019-10-01 00:00:00,SMB,CUST-00038,2024-12-31,20,0.00
2019Q4,2019-10-01 00:00:00,SMB,CUST-00038,2025-03-31,21,0.00
2019Q4,2019-10-01 00:00:00,SMB,CUST-00038,2025-06-30,22,0.00
2019Q4,2019-10-01 00:00:00,SMB,CUST-00038,2025-09-30,23,0.00
2019Q4,2019-10-01 00:00:00,SMB,CUST-00038,2025-12-31,24,0.00
2019Q4,2019-10-01 00:00:00,SMB,CUST-00038,2026-03-31,25,0.00
2019Q4,2019-10-01 00:00:00,SMB,CUST-00038,2026-06-30,26,0.00
2019Q4,2019-10-01 00:00:00,Mid-Market,CUST-00058,2024-03-31,17,42014.52
2019Q4,2019-10-01 00:00:00,Mid-Market,CUST-00058,2024-06-30,18,42014.52
2019Q4,2019-10-01 00:00:00,Mid-Market,CUST-00058,2024-09-30,19,42014.52
2019Q4,2019-10-01 00:00:00,Mid-Market,CUST-00058,2024-12-31,20,48995.28
2019Q4,2019-10-01 00:00:00,Mid-Market,CUST-00058,2025-03-31,21,48995.28
2019Q4,2019-10-01 00:00:00,Mid-Market,CUST-00058,2025-06-30,22,48995.28
2019Q4,2019-10-01 00:00:00,Mid-Market,CUST-00058,2025-09-30,23,48995.28
2019Q4,2019-10-01 00:00:00,Mid-Market,CUST-00058,2025-12-31,24,48995.28
2019Q4,2019-10-01 00:00:00,Mid-Market,CUST-00058,2026-03-31,25,43816.08
2019Q4,2019-10-01 00:00:00,SMB,CUST-00030,2024-03-31,17,0.00
2020Q1,2020-01-01 00:00:00,SMB,CUST-00065,2024-03-31,16,0.00
2020Q1,2020-01-01 00:00:00,SMB,CUST-00065,2024-06-30,17,0.00
2020Q1,2020-01-01 00:00:00,SMB,CUST-00065,2024-09-30,18,0.00
2020Q1,2020-01-01 00:00:00,SMB,CUST-00065,2024-12-31,19,0.00
2020Q1,2020-01-01 00:00:00,SMB,CUST-00065,2025-03-31,20,0.00
2020Q1,2020-01-01 00:00:00,SMB,CUST-00065,2025-06-30,21,0.00
2020Q1,2020-01-01 00:00:00,SMB,CUST-00065,2025-09-30,22,0.00
2020Q1,2020-01-01 00:00:00,SMB,CUST-00065,2025-12-31,23,0.00
2020Q1,2020-01-01 00:00:00,SMB,CUST-00065,2026-03-31,24,0.00
2020Q1,2020-01-01 00:00:00,SMB,CUST-00065,2026-06-30,25,0.00
2020Q1,2020-01-01 00:00:00,Mid-Market,CUST-00162,2024-03-31,16,27543.96
2020Q1,2020-01-01 00:00:00,Mid-Market,CUST-00162,2024-06-30,17,27543.96
2020Q1,2020-01-01 00:00:00,Mid-Market,CUST-00162,2024-09-30,18,27543.96
2020Q1,2020-01-01 00:00:00,Mid-Market,CUST-00162,2024-12-31,19,27543.96
2020Q1,2020-01-01 00:00:00,Mid-Market,CUST-00162,2025-03-31,20,27543.96
2020Q1,2020-01-01 00:00:00,Mid-Market,CUST-00162,2025-06-30,21,20343.96
2020Q1,2020-01-01 00:00:00,Mid-Market,CUST-00162,2025-09-30,22,20343.96
2020Q1,2020-01-01 00:00:00,Mid-Market,CUST-00162,2025-12-31,23,20343.96
2020Q1,2020-01-01 00:00:00,Mid-Market,CUST-00162,2026-03-31,24,20343.96
2020Q1,2020-01-01 00:00:00,Mid-Market,CUST-00162,2026-06-30,25,20343.96
2020Q1,2020-01-01 00:00:00,Mid-Market,CUST-00161,2024-03-31,16,13591.56
2020Q1,2020-01-01 00:00:00,Mid-Market,CUST-00161,2024-06-30,17,14128.92
2020Q1,2020-01-01 00:00:00,Mid-Market,CUST-00161,2024-09-30,18,14128.92
2020Q1,2020-01-01 00:00:00,Mid-Market,CUST-00161,2024-12-31,19,14128.92
2020Q1,2020-01-01 00:00:00,Mid-Market,CUST-00161,2025-03-31,20,14128.92
2020Q1,2020-01-01 00:00:00,Mid-Market,CUST-00161,2025-06-30,21,0.00
2020Q1,2020-01-01 00:00:00,Mid-Market,CUST-00161,2025-09-30,22,0.00
2020Q1,2020-01-01 00:00:00,Mid-Market,CUST-00161,2025-12-31,23,0.00
2020Q1,2020-01-01 00:00:00,Mid-Market,CUST-00161,2026-03-31,24,0.00
2020Q1,2020-01-01 00:00:00,Mid-Market,CUST-00161,2026-06-30,25,0.00
2020Q1,2020-01-01 00:00:00,SMB,CUST-00084,2024-03-31,16,8638.08
2020Q1,2020-01-01 00:00:00,SMB,CUST-00084,2024-06-30,17,8637.96
2020Q1,2020-01-01 00:00:00,SMB,CUST-00084,2024-09-30,18,8637.96
2020Q1,2020-01-01 00:00:00,SMB,CUST-00084,2024-12-31,19,8637.96
2020Q1,2020-01-01 00:00:00,SMB,CUST-00084,2025-03-31,20,8637.96
2020Q1,2020-01-01 00:00:00,SMB,CUST-00084,2025-06-30,21,8955.48
2020Q1,2020-01-01 00:00:00,SMB,CUST-00084,2025-09-30,22,8955.48
2020Q1,2020-01-01 00:00:00,SMB,CUST-00084,2025-12-31,23,8955.48
2020Q1,2020-01-01 00:00:00,SMB,CUST-00084,2026-03-31,24,8955.48
2020Q1,2020-01-01 00:00:00,SMB,CUST-00084,2026-06-30,25,8955.24
2020Q1,2020-01-01 00:00:00,SMB,CUST-00060,2024-03-31,16,11061.84
2020Q1,2020-01-01 00:00:00,SMB,CUST-00060,2024-06-30,17,11061.84
2020Q1,2020-01-01 00:00:00,SMB,CUST-00060,2024-09-30,18,11061.84
2020Q1,2020-01-01 00:00:00,SMB,CUST-00060,2024-12-31,19,11061.84
2020Q1,2020-01-01 00:00:00,SMB,CUST-00060,2025-03-31,20,11556.60
2020Q1,2020-01-01 00:00:00,SMB,CUST-00060,2025-06-30,21,11556.60
2020Q1,2020-01-01 00:00:00,SMB,CUST-00060,2025-09-30,22,11556.60
2020Q1,2020-01-01 00:00:00,SMB,CUST-00060,2025-12-31,23,14225.40
2020Q1,2020-01-01 00:00:00,SMB,CUST-00060,2026-03-31,24,12006.84
2020Q1,2020-01-01 00:00:00,SMB,CUST-00060,2026-06-30,25,14779.56
2020Q1,2020-01-01 00:00:00,SMB,CUST-00067,2024-03-31,16,2046.00
2020Q1,2020-01-01 00:00:00,SMB,CUST-00067,2024-06-30,17,2046.00
2020Q1,2020-01-01 00:00:00,SMB,CUST-00067,2024-09-30,18,2046.00
2020Q1,2020-01-01 00:00:00,SMB,CUST-00067,2024-12-31,19,2046.00
2020Q1,2020-01-01 00:00:00,SMB,CUST-00067,2025-03-31,20,2125.44
2020Q1,2020-01-01 00:00:00,SMB,CUST-00067,2025-06-30,21,2125.44
2020Q1,2020-01-01 00:00:00,SMB,CUST-00067,2025-09-30,22,2125.44
2020Q1,2020-01-01 00:00:00,SMB,CUST-00067,2025-12-31,23,2125.44
2020Q1,2020-01-01 00:00:00,SMB,CUST-00067,2026-03-31,24,2191.80
2020Q1,2020-01-01 00:00:00,SMB,CUST-00067,2026-06-30,25,2191.80
2020Q1,2020-01-01 00:00:00,SMB,CUST-00071,2024-03-31,16,0.00
2020Q1,2020-01-01 00:00:00,SMB,CUST-00071,2024-06-30,17,0.00
2020Q1,2020-01-01 00:00:00,SMB,CUST-00071,2024-09-30,18,0.00
2020Q1,2020-01-01 00:00:00,SMB,CUST-00071,2024-12-31,19,0.00
2020Q1,2020-01-01 00:00:00,SMB,CUST-00071,2025-03-31,20,0.00
2020Q1,2020-01-01 00:00:00,SMB,CUST-00071,2025-06-30,21,0.00
2020Q1,2020-01-01 00:00:00,SMB,CUST-00071,2025-09-30,22,0.00
2020Q1,2020-01-01 00:00:00,SMB,CUST-00071,2025-12-31,23,0.00
2020Q1,2020-01-01 00:00:00,SMB,CUST-00071,2026-03-31,24,0.00
2020Q1,2020-01-01 00:00:00,SMB,CUST-00071,2026-06-30,25,0.00
2020Q1,2020-01-01 00:00:00,SMB,CUST-00061,2024-03-31,16,2901.12
2020Q1,2020-01-01 00:00:00,SMB,CUST-00061,2024-06-30,17,2901.12
2020Q1,2020-01-01 00:00:00,SMB,CUST-00061,2024-09-30,18,2901.12
2020Q1,2020-01-01 00:00:00,SMB,CUST-00061,2024-12-31,19,2901.12
2020Q1,2020-01-01 00:00:00,SMB,CUST-00061,2025-03-31,20,2901.12
2020Q1,2020-01-01 00:00:00,SMB,CUST-00061,2025-06-30,21,2901.12
2020Q1,2020-01-01 00:00:00,SMB,CUST-00061,2025-09-30,22,2901.12
2020Q1,2020-01-01 00:00:00,SMB,CUST-00061,2025-12-31,23,2901.12
2020Q1,2020-01-01 00:00:00,SMB,CUST-00061,2026-03-31,24,2901.12
2020Q1,2020-01-01 00:00:00,SMB,CUST-00061,2026-06-30,25,4061.64
2020Q1,2020-01-01 00:00:00,Mid-Market,CUST-00158,2024-03-31,16,23958.12
2020Q1,2020-01-01 00:00:00,Mid-Market,CUST-00158,2024-06-30,17,23958.12
2020Q1,2020-01-01 00:00:00,Mid-Market,CUST-00158,2024-09-30,18,27839.76
2020Q1,2020-01-01 00:00:00,Mid-Market,CUST-00158,2024-12-31,19,27839.76
2020Q1,2020-01-01 00:00:00,Mid-Market,CUST-00158,2025-03-31,20,27839.76
2020Q1,2020-01-01 00:00:00,Mid-Market,CUST-00158,2025-06-30,21,27839.76
2020Q1,2020-01-01 00:00:00,Mid-Market,CUST-00158,2025-09-30,22,27839.76
2020Q1,2020-01-01 00:00:00,Mid-Market,CUST-00158,2025-12-31,23,27839.76
2020Q1,2020-01-01 00:00:00,Mid-Market,CUST-00158,2026-03-31,24,27839.76
2020Q1,2020-01-01 00:00:00,SMB,CUST-00075,2024-03-31,16,6174.72
2020Q1,2020-01-01 00:00:00,SMB,CUST-00075,2024-06-30,17,6409.20
2020Q1,2020-01-01 00:00:00,SMB,CUST-00075,2024-09-30,18,7210.32
2020Q1,2020-01-01 00:00:00,SMB,CUST-00075,2024-12-31,19,7210.32
2020Q1,2020-01-01 00:00:00,SMB,CUST-00075,2025-03-31,20,7210.32
2020Q1,2020-01-01 00:00:00,SMB,CUST-00075,2025-06-30,21,7467.12
2020Q1,2020-01-01 00:00:00,SMB,CUST-00075,2025-09-30,22,7467.12
2020Q1,2020-01-01 00:00:00,SMB,CUST-00075,2025-12-31,23,7467.12
2020Q1,2020-01-01 00:00:00,SMB,CUST-00076,2025-03-31,20,2677.08
2020Q1,2020-01-01 00:00:00,SMB,CUST-00076,2025-06-30,21,2677.08
2020Q1,2020-01-01 00:00:00,SMB,CUST-00076,2025-09-30,22,2677.08
2020Q1,2020-01-01 00:00:00,SMB,CUST-00076,2025-12-31,23,2677.08
2020Q1,2020-01-01 00:00:00,SMB,CUST-00076,2026-03-31,24,2677.08
2020Q1,2020-01-01 00:00:00,SMB,CUST-00076,2026-06-30,25,2677.08
2020Q1,2020-01-01 00:00:00,SMB,CUST-00077,2024-03-31,16,2829.96
2020Q1,2020-01-01 00:00:00,SMB,CUST-00077,2024-06-30,17,2829.96
2020Q1,2020-01-01 00:00:00,SMB,CUST-00077,2024-09-30,18,2829.96
2020Q1,2020-01-01 00:00:00,SMB,CUST-00077,2024-12-31,19,2829.96
2020Q1,2020-01-01 00:00:00,Mid-Market,CUST-00164,2024-03-31,16,21244.92
2020Q1,2020-01-01 00:00:00,SMB,CUST-00070,2024-03-31,16,4759.68
2020Q1,2020-01-01 00:00:00,SMB,CUST-00070,2024-06-30,17,4759.68
2020Q1,2020-01-01 00:00:00,SMB,CUST-00070,2024-09-30,18,4759.68
2020Q1,2020-01-01 00:00:00,SMB,CUST-00070,2024-12-31,19,4759.68
2020Q1,2020-01-01 00:00:00,SMB,CUST-00070,2025-03-31,20,4928.64
2020Q1,2020-01-01 00:00:00,SMB,CUST-00070,2025-06-30,21,4928.64
2020Q1,2020-01-01 00:00:00,SMB,CUST-00070,2025-09-30,22,4928.64
2020Q1,2020-01-01 00:00:00,SMB,CUST-00070,2025-12-31,23,4928.64
2020Q1,2020-01-01 00:00:00,SMB,CUST-00070,2026-03-31,24,5115.96
2020Q1,2020-01-01 00:00:00,SMB,CUST-00070,2026-06-30,25,5115.96
2020Q1,2020-01-01 00:00:00,Mid-Market,CUST-00164,2024-06-30,17,22052.76
2020Q1,2020-01-01 00:00:00,Mid-Market,CUST-00164,2024-09-30,18,22052.76
2020Q1,2020-01-01 00:00:00,Enterprise,CUST-00190,2024-03-31,16,315064.44
2020Q1,2020-01-01 00:00:00,Enterprise,CUST-00190,2024-06-30,17,315064.44
2020Q1,2020-01-01 00:00:00,Enterprise,CUST-00190,2024-09-30,18,315064.44
2020Q1,2020-01-01 00:00:00,Enterprise,CUST-00190,2024-12-31,19,315064.44
2020Q1,2020-01-01 00:00:00,Enterprise,CUST-00190,2025-03-31,20,315064.44
2020Q1,2020-01-01 00:00:00,Enterprise,CUST-00190,2025-06-30,21,315071.88
2020Q1,2020-01-01 00:00:00,Enterprise,CUST-00190,2025-09-30,22,315071.88
2020Q1,2020-01-01 00:00:00,Enterprise,CUST-00190,2025-12-31,23,315071.88
2020Q1,2020-01-01 00:00:00,Enterprise,CUST-00190,2026-03-31,24,315071.88
2020Q1,2020-01-01 00:00:00,Enterprise,CUST-00190,2026-06-30,25,315071.88
2020Q1,2020-01-01 00:00:00,Mid-Market,CUST-00164,2024-12-31,19,22052.76
2020Q1,2020-01-01 00:00:00,Mid-Market,CUST-00164,2025-03-31,20,22052.76
2020Q1,2020-01-01 00:00:00,Mid-Market,CUST-00164,2025-06-30,21,23022.60
2020Q1,2020-01-01 00:00:00,Mid-Market,CUST-00164,2025-09-30,22,23022.60
2020Q1,2020-01-01 00:00:00,Mid-Market,CUST-00164,2025-12-31,23,23022.60
2020Q1,2020-01-01 00:00:00,Mid-Market,CUST-00164,2026-03-31,24,23022.60
2020Q1,2020-01-01 00:00:00,Mid-Market,CUST-00164,2026-06-30,25,23021.88
2020Q1,2020-01-01 00:00:00,SMB,CUST-00076,2024-03-31,16,2677.08
2020Q1,2020-01-01 00:00:00,SMB,CUST-00076,2024-06-30,17,2677.08
2020Q1,2020-01-01 00:00:00,SMB,CUST-00076,2024-09-30,18,2677.08
2020Q1,2020-01-01 00:00:00,SMB,CUST-00076,2024-12-31,19,2677.08
2020Q1,2020-01-01 00:00:00,SMB,CUST-00075,2026-03-31,24,7467.12
2020Q1,2020-01-01 00:00:00,SMB,CUST-00075,2026-06-30,25,0.00
2020Q1,2020-01-01 00:00:00,SMB,CUST-00077,2025-03-31,20,4002.12
2020Q1,2020-01-01 00:00:00,SMB,CUST-00077,2025-06-30,21,4002.12
2020Q1,2020-01-01 00:00:00,SMB,CUST-00077,2025-09-30,22,4002.12
2020Q1,2020-01-01 00:00:00,SMB,CUST-00077,2025-12-31,23,4002.12
2020Q1,2020-01-01 00:00:00,SMB,CUST-00077,2026-03-31,24,4002.12
2020Q1,2020-01-01 00:00:00,SMB,CUST-00077,2026-06-30,25,4002.12
2020Q1,2020-01-01 00:00:00,SMB,CUST-00080,2024-03-31,16,5255.76
2020Q1,2020-01-01 00:00:00,SMB,CUST-00080,2024-06-30,17,5255.76
2020Q1,2020-01-01 00:00:00,SMB,CUST-00080,2024-09-30,18,5255.76
2020Q1,2020-01-01 00:00:00,SMB,CUST-00080,2024-12-31,19,5255.76
2020Q1,2020-01-01 00:00:00,SMB,CUST-00080,2025-03-31,20,5255.76
2020Q1,2020-01-01 00:00:00,SMB,CUST-00080,2025-06-30,21,5255.76
2020Q1,2020-01-01 00:00:00,SMB,CUST-00080,2025-09-30,22,5255.76
2020Q1,2020-01-01 00:00:00,Mid-Market,CUST-00158,2026-06-30,25,27839.76
2020Q1,2020-01-01 00:00:00,SMB,CUST-00080,2025-12-31,23,5255.76
2020Q1,2020-01-01 00:00:00,SMB,CUST-00080,2026-03-31,24,5255.76
2020Q1,2020-01-01 00:00:00,SMB,CUST-00080,2026-06-30,25,5255.76
2020Q1,2020-01-01 00:00:00,Mid-Market,CUST-00156,2024-03-31,16,33220.80
2020Q1,2020-01-01 00:00:00,Mid-Market,CUST-00156,2024-06-30,17,33220.80
2020Q1,2020-01-01 00:00:00,Mid-Market,CUST-00156,2024-09-30,18,33220.80
2020Q1,2020-01-01 00:00:00,Mid-Market,CUST-00156,2024-12-31,19,33220.80
2020Q1,2020-01-01 00:00:00,Mid-Market,CUST-00156,2025-03-31,20,34710.48
2020Q1,2020-01-01 00:00:00,Mid-Market,CUST-00156,2025-06-30,21,34710.48
2020Q1,2020-01-01 00:00:00,Mid-Market,CUST-00156,2025-09-30,22,46961.64
2020Q1,2020-01-01 00:00:00,Mid-Market,CUST-00156,2025-12-31,23,46961.64
2020Q1,2020-01-01 00:00:00,Mid-Market,CUST-00156,2026-03-31,24,43257.24
2020Q1,2020-01-01 00:00:00,Mid-Market,CUST-00156,2026-06-30,25,43257.24
2020Q1,2020-01-01 00:00:00,Mid-Market,CUST-00163,2024-03-31,16,49372.08
2020Q1,2020-01-01 00:00:00,Mid-Market,CUST-00163,2024-06-30,17,51774.00
2020Q1,2020-01-01 00:00:00,Mid-Market,CUST-00163,2024-09-30,18,51774.00
2020Q1,2020-01-01 00:00:00,Mid-Market,CUST-00163,2024-12-31,19,51774.00
2020Q1,2020-01-01 00:00:00,Mid-Market,CUST-00163,2025-03-31,20,51774.00
2020Q1,2020-01-01 00:00:00,Mid-Market,CUST-00163,2025-06-30,21,54291.96
2020Q1,2020-01-01 00:00:00,Mid-Market,CUST-00163,2025-09-30,22,54291.96
2020Q1,2020-01-01 00:00:00,Mid-Market,CUST-00163,2025-12-31,23,54291.96
2020Q1,2020-01-01 00:00:00,Mid-Market,CUST-00163,2026-03-31,24,54291.96
2020Q1,2020-01-01 00:00:00,Mid-Market,CUST-00163,2026-06-30,25,56000.52
2020Q2,2020-04-01 00:00:00,Mid-Market,CUST-00166,2024-03-31,15,36462.84
2020Q2,2020-04-01 00:00:00,SMB,CUST-00104,2024-03-31,15,3609.72
2020Q2,2020-04-01 00:00:00,Mid-Market,CUST-00166,2024-09-30,17,38874.36
2020Q2,2020-04-01 00:00:00,Mid-Market,CUST-00166,2024-12-31,18,38874.36
2020Q2,2020-04-01 00:00:00,Mid-Market,CUST-00166,2025-03-31,19,38874.36
2020Q2,2020-04-01 00:00:00,Mid-Market,CUST-00166,2025-06-30,20,36750.60
2020Q2,2020-04-01 00:00:00,Mid-Market,CUST-00166,2025-09-30,21,36750.60
2020Q2,2020-04-01 00:00:00,Mid-Market,CUST-00166,2025-12-31,22,36750.60
2020Q2,2020-04-01 00:00:00,Mid-Market,CUST-00166,2026-03-31,23,39264.24
2020Q2,2020-04-01 00:00:00,Mid-Market,CUST-00166,2026-06-30,24,39264.24
2020Q2,2020-04-01 00:00:00,Mid-Market,CUST-00170,2024-03-31,15,22004.52
2020Q2,2020-04-01 00:00:00,Mid-Market,CUST-00170,2024-06-30,16,22004.52
2020Q2,2020-04-01 00:00:00,Mid-Market,CUST-00170,2024-09-30,17,23030.88
2020Q2,2020-04-01 00:00:00,Mid-Market,CUST-00170,2024-12-31,18,23030.88
2020Q2,2020-04-01 00:00:00,Mid-Market,CUST-00170,2025-03-31,19,23030.88
2020Q2,2020-04-01 00:00:00,Mid-Market,CUST-00170,2025-06-30,20,23030.88
2020Q2,2020-04-01 00:00:00,Mid-Market,CUST-00170,2025-09-30,21,23830.80
2020Q2,2020-04-01 00:00:00,Mid-Market,CUST-00170,2025-12-31,22,23830.80
2020Q2,2020-04-01 00:00:00,Mid-Market,CUST-00170,2026-03-31,23,23830.80
2020Q2,2020-04-01 00:00:00,Mid-Market,CUST-00170,2026-06-30,24,23830.80
2020Q2,2020-04-01 00:00:00,SMB,CUST-00095,2024-03-31,15,7908.72
2020Q2,2020-04-01 00:00:00,SMB,CUST-00095,2024-06-30,16,8291.16
2020Q2,2020-04-01 00:00:00,SMB,CUST-00095,2024-09-30,17,8291.16
2020Q2,2020-04-01 00:00:00,SMB,CUST-00095,2024-12-31,18,8291.16
2020Q2,2020-04-01 00:00:00,SMB,CUST-00095,2025-03-31,19,8291.16
2020Q2,2020-04-01 00:00:00,SMB,CUST-00095,2025-06-30,20,8654.28
2020Q2,2020-04-01 00:00:00,SMB,CUST-00095,2025-09-30,21,8654.28
2020Q2,2020-04-01 00:00:00,SMB,CUST-00095,2025-12-31,22,8654.28
2020Q2,2020-04-01 00:00:00,SMB,CUST-00095,2026-03-31,23,8654.28
2020Q2,2020-04-01 00:00:00,SMB,CUST-00095,2026-06-30,24,8956.44
2020Q2,2020-04-01 00:00:00,Mid-Market,CUST-00166,2024-06-30,16,38874.36
2020Q2,2020-04-01 00:00:00,SMB,CUST-00089,2024-03-31,15,5128.92
2020Q2,2020-04-01 00:00:00,SMB,CUST-00089,2024-06-30,16,5128.92
2020Q2,2020-04-01 00:00:00,SMB,CUST-00089,2024-09-30,17,5128.92
2020Q2,2020-04-01 00:00:00,SMB,CUST-00089,2024-12-31,18,5128.92
2020Q2,2020-04-01 00:00:00,SMB,CUST-00089,2025-03-31,19,5128.92
2020Q2,2020-04-01 00:00:00,SMB,CUST-00089,2025-06-30,20,5128.92
2020Q2,2020-04-01 00:00:00,SMB,CUST-00089,2025-09-30,21,4487.76
2020Q2,2020-04-01 00:00:00,SMB,CUST-00089,2025-12-31,22,4487.76
2020Q2,2020-04-01 00:00:00,SMB,CUST-00089,2026-03-31,23,0.00
2020Q2,2020-04-01 00:00:00,SMB,CUST-00089,2026-06-30,24,0.00
2020Q2,2020-04-01 00:00:00,Mid-Market,CUST-00169,2024-03-31,15,39021.24
2020Q2,2020-04-01 00:00:00,Mid-Market,CUST-00169,2024-06-30,16,39021.24
2020Q2,2020-04-01 00:00:00,Mid-Market,CUST-00169,2024-09-30,17,40956.84
2020Q2,2020-04-01 00:00:00,Mid-Market,CUST-00169,2024-12-31,18,54579.36
2020Q2,2020-04-01 00:00:00,Mid-Market,CUST-00169,2025-03-31,19,54579.36
2020Q2,2020-04-01 00:00:00,Mid-Market,CUST-00169,2025-06-30,20,54579.36
2020Q2,2020-04-01 00:00:00,Mid-Market,CUST-00169,2025-09-30,21,40959.72
2020Q2,2020-04-01 00:00:00,Mid-Market,CUST-00169,2025-12-31,22,54583.20
2020Q2,2020-04-01 00:00:00,Mid-Market,CUST-00169,2026-03-31,23,54583.20
2020Q2,2020-04-01 00:00:00,Mid-Market,CUST-00169,2026-06-30,24,54583.20
2020Q2,2020-04-01 00:00:00,SMB,CUST-00098,2024-06-30,16,6421.92
2020Q2,2020-04-01 00:00:00,SMB,CUST-00098,2024-09-30,17,6421.92
2020Q2,2020-04-01 00:00:00,SMB,CUST-00098,2024-12-31,18,6421.92
2020Q2,2020-04-01 00:00:00,SMB,CUST-00098,2025-03-31,19,6421.92
2020Q2,2020-04-01 00:00:00,SMB,CUST-00098,2025-06-30,20,6421.92
2020Q2,2020-04-01 00:00:00,SMB,CUST-00098,2025-09-30,21,0.00
2020Q2,2020-04-01 00:00:00,SMB,CUST-00098,2025-12-31,22,0.00
2020Q2,2020-04-01 00:00:00,SMB,CUST-00098,2026-03-31,23,0.00
2020Q2,2020-04-01 00:00:00,SMB,CUST-00098,2026-06-30,24,0.00
2020Q2,2020-04-01 00:00:00,SMB,CUST-00099,2024-03-31,15,5360.64
2020Q2,2020-04-01 00:00:00,SMB,CUST-00094,2024-03-31,15,2709.00
2020Q2,2020-04-01 00:00:00,SMB,CUST-00094,2024-06-30,16,2709.00
2020Q2,2020-04-01 00:00:00,SMB,CUST-00094,2024-09-30,17,2709.00
2020Q2,2020-04-01 00:00:00,SMB,CUST-00094,2024-12-31,18,2709.00
2020Q2,2020-04-01 00:00:00,SMB,CUST-00094,2025-03-31,19,2709.00
2020Q2,2020-04-01 00:00:00,SMB,CUST-00094,2025-06-30,20,2709.00
2020Q2,2020-04-01 00:00:00,SMB,CUST-00094,2025-09-30,21,2709.00
2020Q2,2020-04-01 00:00:00,SMB,CUST-00094,2025-12-31,22,2709.00
2020Q2,2020-04-01 00:00:00,SMB,CUST-00094,2026-03-31,23,2709.00
2020Q2,2020-04-01 00:00:00,SMB,CUST-00094,2026-06-30,24,4598.88
2020Q2,2020-04-01 00:00:00,SMB,CUST-00099,2024-06-30,16,5360.64
2020Q2,2020-04-01 00:00:00,SMB,CUST-00086,2024-03-31,15,2537.28
2020Q2,2020-04-01 00:00:00,SMB,CUST-00086,2024-06-30,16,2537.28
2020Q2,2020-04-01 00:00:00,SMB,CUST-00086,2024-09-30,17,2537.28
2020Q2,2020-04-01 00:00:00,SMB,CUST-00086,2024-12-31,18,0.00
2020Q2,2020-04-01 00:00:00,SMB,CUST-00086,2025-03-31,19,0.00
2020Q2,2020-04-01 00:00:00,SMB,CUST-00086,2025-06-30,20,0.00
2020Q2,2020-04-01 00:00:00,SMB,CUST-00086,2025-09-30,21,0.00
2020Q2,2020-04-01 00:00:00,SMB,CUST-00086,2025-12-31,22,0.00
2020Q2,2020-04-01 00:00:00,Mid-Market,CUST-00165,2024-03-31,15,36029.76
2020Q2,2020-04-01 00:00:00,SMB,CUST-00099,2024-09-30,17,3977.76
2020Q2,2020-04-01 00:00:00,SMB,CUST-00099,2024-12-31,18,6006.24
2020Q2,2020-04-01 00:00:00,SMB,CUST-00099,2025-03-31,19,7597.32
2020Q2,2020-04-01 00:00:00,SMB,CUST-00099,2025-06-30,20,7597.32
2020Q2,2020-04-01 00:00:00,SMB,CUST-00099,2025-09-30,21,4138.08
2020Q2,2020-04-01 00:00:00,SMB,CUST-00099,2025-12-31,22,4138.08
2020Q2,2020-04-01 00:00:00,SMB,CUST-00099,2026-03-31,23,4138.08
2020Q2,2020-04-01 00:00:00,SMB,CUST-00099,2026-06-30,24,4138.08
2020Q2,2020-04-01 00:00:00,SMB,CUST-00086,2026-03-31,23,0.00
2020Q2,2020-04-01 00:00:00,SMB,CUST-00086,2026-06-30,24,0.00
2020Q2,2020-04-01 00:00:00,SMB,CUST-00100,2026-06-30,24,3427.92
2020Q2,2020-04-01 00:00:00,SMB,CUST-00104,2024-06-30,16,3609.72
2020Q2,2020-04-01 00:00:00,SMB,CUST-00104,2024-09-30,17,3609.60
2020Q2,2020-04-01 00:00:00,SMB,CUST-00104,2024-12-31,18,3609.60
2020Q2,2020-04-01 00:00:00,Mid-Market,CUST-00165,2024-06-30,16,28484.88
2020Q2,2020-04-01 00:00:00,Mid-Market,CUST-00165,2024-09-30,17,28484.88
2020Q2,2020-04-01 00:00:00,Mid-Market,CUST-00165,2024-12-31,18,28484.88
2020Q2,2020-04-01 00:00:00,Mid-Market,CUST-00165,2025-03-31,19,37814.16
2020Q2,2020-04-01 00:00:00,SMB,CUST-00104,2025-03-31,19,3609.60
2020Q2,2020-04-01 00:00:00,SMB,CUST-00104,2025-06-30,20,3609.60
2020Q2,2020-04-01 00:00:00,SMB,CUST-00104,2025-09-30,21,3750.96
2020Q2,2020-04-01 00:00:00,SMB,CUST-00104,2025-12-31,22,3750.96
2020Q2,2020-04-01 00:00:00,SMB,CUST-00104,2026-03-31,23,3750.96
2020Q2,2020-04-01 00:00:00,SMB,CUST-00104,2026-06-30,24,5251.32
2020Q2,2020-04-01 00:00:00,SMB,CUST-00100,2024-03-31,15,4598.88
2020Q2,2020-04-01 00:00:00,SMB,CUST-00100,2024-06-30,16,4598.88
2020Q2,2020-04-01 00:00:00,SMB,CUST-00100,2024-09-30,17,3427.92
2020Q2,2020-04-01 00:00:00,SMB,CUST-00100,2024-12-31,18,3427.92
2020Q2,2020-04-01 00:00:00,SMB,CUST-00100,2025-03-31,19,3427.92
2020Q2,2020-04-01 00:00:00,SMB,CUST-00100,2025-06-30,20,3427.92
2020Q2,2020-04-01 00:00:00,Mid-Market,CUST-00165,2025-06-30,20,29803.56
2020Q2,2020-04-01 00:00:00,Mid-Market,CUST-00165,2025-09-30,21,29803.56
2020Q2,2020-04-01 00:00:00,Mid-Market,CUST-00165,2025-12-31,22,29803.56
2020Q2,2020-04-01 00:00:00,Mid-Market,CUST-00165,2026-03-31,23,29803.56
2020Q2,2020-04-01 00:00:00,Mid-Market,CUST-00165,2026-06-30,24,29804.88
2020Q2,2020-04-01 00:00:00,SMB,CUST-00100,2025-09-30,21,3427.92
2020Q2,2020-04-01 00:00:00,SMB,CUST-00100,2025-12-31,22,3427.92
2020Q2,2020-04-01 00:00:00,SMB,CUST-00100,2026-03-31,23,3427.92
2020Q2,2020-04-01 00:00:00,SMB,CUST-00098,2024-03-31,15,6421.92
2020Q3,2020-07-01 00:00:00,SMB,CUST-00110,2024-03-31,14,16933.44
2020Q3,2020-07-01 00:00:00,SMB,CUST-00113,2024-03-31,14,5168.40
2020Q3,2020-07-01 00:00:00,SMB,CUST-00110,2024-09-30,16,16933.44
2020Q3,2020-07-01 00:00:00,SMB,CUST-00110,2024-12-31,17,16933.44
2020Q3,2020-07-01 00:00:00,SMB,CUST-00110,2025-03-31,18,16933.44
2020Q3,2020-07-01 00:00:00,SMB,CUST-00110,2025-06-30,19,16933.44
2020Q3,2020-07-01 00:00:00,SMB,CUST-00110,2025-09-30,20,16933.44
2020Q3,2020-07-01 00:00:00,SMB,CUST-00110,2025-12-31,21,16933.44
2020Q3,2020-07-01 00:00:00,SMB,CUST-00110,2026-03-31,22,16933.44
2020Q3,2020-07-01 00:00:00,SMB,CUST-00110,2026-06-30,23,16933.44
2020Q3,2020-07-01 00:00:00,SMB,CUST-00119,2024-03-31,14,4966.44
2020Q3,2020-07-01 00:00:00,SMB,CUST-00119,2024-06-30,15,3977.76
2020Q3,2020-07-01 00:00:00,SMB,CUST-00119,2024-09-30,16,3977.76
2020Q3,2020-07-01 00:00:00,SMB,CUST-00119,2024-12-31,17,3977.76
2020Q3,2020-07-01 00:00:00,SMB,CUST-00119,2025-03-31,18,3977.76
2020Q3,2020-07-01 00:00:00,SMB,CUST-00119,2025-06-30,19,0.00
2020Q3,2020-07-01 00:00:00,SMB,CUST-00119,2025-09-30,20,0.00
2020Q3,2020-07-01 00:00:00,SMB,CUST-00119,2025-12-31,21,0.00
2020Q3,2020-07-01 00:00:00,SMB,CUST-00119,2026-03-31,22,0.00
2020Q3,2020-07-01 00:00:00,SMB,CUST-00119,2026-06-30,23,0.00
2020Q3,2020-07-01 00:00:00,Mid-Market,CUST-00172,2024-03-31,14,62262.00
2020Q3,2020-07-01 00:00:00,Mid-Market,CUST-00172,2024-06-30,15,62262.00
2020Q3,2020-07-01 00:00:00,Mid-Market,CUST-00172,2024-09-30,16,46643.04
2020Q3,2020-07-01 00:00:00,Mid-Market,CUST-00172,2024-12-31,17,46643.04
2020Q3,2020-07-01 00:00:00,Mid-Market,CUST-00172,2025-03-31,18,46643.04
2020Q3,2020-07-01 00:00:00,Mid-Market,CUST-00172,2025-06-30,19,65300.28
2020Q3,2020-07-01 00:00:00,Mid-Market,CUST-00172,2025-09-30,20,48307.20
2020Q3,2020-07-01 00:00:00,Mid-Market,CUST-00172,2025-12-31,21,48307.20
2020Q3,2020-07-01 00:00:00,Mid-Market,CUST-00172,2026-03-31,22,48307.20
2020Q3,2020-07-01 00:00:00,Mid-Market,CUST-00172,2026-06-30,23,55306.92
2020Q3,2020-07-01 00:00:00,SMB,CUST-00110,2024-06-30,15,16933.44
2020Q3,2020-07-01 00:00:00,SMB,CUST-00117,2024-03-31,14,9315.72
2020Q3,2020-07-01 00:00:00,SMB,CUST-00117,2024-06-30,15,9315.72
2020Q3,2020-07-01 00:00:00,SMB,CUST-00117,2024-09-30,16,9315.72
2020Q3,2020-07-01 00:00:00,SMB,CUST-00117,2024-12-31,17,9315.72
2020Q3,2020-07-01 00:00:00,SMB,CUST-00117,2025-03-31,18,0.00
2020Q3,2020-07-01 00:00:00,SMB,CUST-00117,2025-06-30,19,0.00
2020Q3,2020-07-01 00:00:00,SMB,CUST-00117,2025-09-30,20,0.00
2020Q3,2020-07-01 00:00:00,SMB,CUST-00117,2025-12-31,21,0.00
2020Q3,2020-07-01 00:00:00,SMB,CUST-00117,2026-03-31,22,0.00
2020Q3,2020-07-01 00:00:00,SMB,CUST-00117,2026-06-30,23,0.00
2020Q3,2020-07-01 00:00:00,SMB,CUST-00120,2024-06-30,15,3163.80
2020Q3,2020-07-01 00:00:00,SMB,CUST-00120,2024-09-30,16,3163.80
2020Q3,2020-07-01 00:00:00,SMB,CUST-00120,2024-12-31,17,3163.80
2020Q3,2020-07-01 00:00:00,SMB,CUST-00120,2025-03-31,18,3163.80
2020Q3,2020-07-01 00:00:00,SMB,CUST-00120,2025-06-30,19,3163.80
2020Q3,2020-07-01 00:00:00,Mid-Market,CUST-00175,2025-09-30,20,10998.60
2020Q3,2020-07-01 00:00:00,Mid-Market,CUST-00175,2025-12-31,21,10998.60
2020Q3,2020-07-01 00:00:00,Mid-Market,CUST-00175,2026-03-31,22,10998.60
2020Q3,2020-07-01 00:00:00,Mid-Market,CUST-00175,2026-06-30,23,17030.88
2020Q3,2020-07-01 00:00:00,SMB,CUST-00120,2025-09-30,20,3163.80
2020Q3,2020-07-01 00:00:00,Mid-Market,CUST-00176,2024-03-31,14,15643.32
2020Q3,2020-07-01 00:00:00,Mid-Market,CUST-00176,2024-06-30,15,21900.72
2020Q3,2020-07-01 00:00:00,Mid-Market,CUST-00176,2024-09-30,16,21900.72
2020Q3,2020-07-01 00:00:00,Mid-Market,CUST-00176,2024-12-31,17,16195.32
2020Q3,2020-07-01 00:00:00,Mid-Market,CUST-00176,2025-03-31,18,16195.32
2020Q3,2020-07-01 00:00:00,Mid-Market,CUST-00176,2025-06-30,19,16195.32
2020Q3,2020-07-01 00:00:00,Mid-Market,CUST-00176,2025-09-30,20,16195.32
2020Q3,2020-07-01 00:00:00,Mid-Market,CUST-00176,2025-12-31,21,16787.40
2020Q3,2020-07-01 00:00:00,Mid-Market,CUST-00176,2026-03-31,22,16787.40
2020Q3,2020-07-01 00:00:00,Mid-Market,CUST-00176,2026-06-30,23,16787.40
2020Q3,2020-07-01 00:00:00,SMB,CUST-00120,2025-12-31,21,3163.80
2020Q3,2020-07-01 00:00:00,SMB,CUST-00120,2026-03-31,22,4429.32
2020Q3,2020-07-01 00:00:00,SMB,CUST-00120,2026-06-30,23,4429.32
2020Q3,2020-07-01 00:00:00,Mid-Market,CUST-00174,2024-03-31,14,47199.24
2020Q3,2020-07-01 00:00:00,Mid-Market,CUST-00174,2024-06-30,15,47199.24
2020Q3,2020-07-01 00:00:00,Mid-Market,CUST-00174,2024-09-30,16,49282.32
2020Q3,2020-07-01 00:00:00,Mid-Market,CUST-00174,2024-12-31,17,49282.32
2020Q3,2020-07-01 00:00:00,Mid-Market,CUST-00174,2025-03-31,18,49282.32
2020Q3,2020-07-01 00:00:00,Mid-Market,CUST-00174,2025-06-30,19,49282.32
2020Q3,2020-07-01 00:00:00,Mid-Market,CUST-00174,2025-09-30,20,50923.68
2020Q3,2020-07-01 00:00:00,SMB,CUST-00121,2024-03-31,14,16999.68
2020Q3,2020-07-01 00:00:00,SMB,CUST-00121,2024-06-30,15,16999.68
2020Q3,2020-07-01 00:00:00,SMB,CUST-00121,2024-09-30,16,16999.68
2020Q3,2020-07-01 00:00:00,SMB,CUST-00121,2024-12-31,17,16999.68
2020Q3,2020-07-01 00:00:00,SMB,CUST-00121,2025-03-31,18,16999.68
2020Q3,2020-07-01 00:00:00,SMB,CUST-00121,2025-06-30,19,16270.08
2020Q3,2020-07-01 00:00:00,SMB,CUST-00121,2025-09-30,20,16999.68
2020Q3,2020-07-01 00:00:00,SMB,CUST-00121,2025-12-31,21,16999.68
2020Q3,2020-07-01 00:00:00,SMB,CUST-00121,2026-03-31,22,16999.68
2020Q3,2020-07-01 00:00:00,SMB,CUST-00121,2026-06-30,23,16999.68
2020Q3,2020-07-01 00:00:00,Mid-Market,CUST-00174,2025-12-31,21,50923.68
2020Q3,2020-07-01 00:00:00,Mid-Market,CUST-00174,2026-03-31,22,50923.68
2020Q3,2020-07-01 00:00:00,Mid-Market,CUST-00174,2026-06-30,23,50923.68
2020Q3,2020-07-01 00:00:00,SMB,CUST-00122,2025-12-31,21,0.00
2020Q3,2020-07-01 00:00:00,SMB,CUST-00122,2026-03-31,22,0.00
2020Q3,2020-07-01 00:00:00,SMB,CUST-00122,2026-06-30,23,0.00
2020Q3,2020-07-01 00:00:00,SMB,CUST-00122,2024-12-31,17,0.00
2020Q3,2020-07-01 00:00:00,SMB,CUST-00122,2025-03-31,18,0.00
2020Q3,2020-07-01 00:00:00,SMB,CUST-00122,2025-06-30,19,0.00
2020Q3,2020-07-01 00:00:00,SMB,CUST-00122,2025-09-30,20,0.00
2020Q3,2020-07-01 00:00:00,SMB,CUST-00114,2026-06-30,23,3634.68
2020Q3,2020-07-01 00:00:00,SMB,CUST-00113,2024-06-30,15,5168.40
2020Q3,2020-07-01 00:00:00,SMB,CUST-00113,2024-09-30,16,5168.40
2020Q3,2020-07-01 00:00:00,SMB,CUST-00113,2024-12-31,17,5168.40
2020Q3,2020-07-01 00:00:00,SMB,CUST-00113,2025-03-31,18,5168.40
2020Q3,2020-07-01 00:00:00,SMB,CUST-00113,2025-06-30,19,5168.40
2020Q3,2020-07-01 00:00:00,SMB,CUST-00113,2025-09-30,20,7235.76
2020Q3,2020-07-01 00:00:00,SMB,CUST-00113,2025-12-31,21,7235.76
2020Q3,2020-07-01 00:00:00,SMB,CUST-00113,2026-03-31,22,7235.76
2020Q3,2020-07-01 00:00:00,SMB,CUST-00113,2026-06-30,23,7235.76
2020Q3,2020-07-01 00:00:00,SMB,CUST-00122,2024-03-31,14,0.00
2020Q3,2020-07-01 00:00:00,SMB,CUST-00122,2024-06-30,15,0.00
2020Q3,2020-07-01 00:00:00,SMB,CUST-00122,2024-09-30,16,0.00
2020Q3,2020-07-01 00:00:00,Mid-Market,CUST-00175,2024-09-30,16,10998.24
2020Q3,2020-07-01 00:00:00,SMB,CUST-00114,2024-03-31,14,3634.68
2020Q3,2020-07-01 00:00:00,SMB,CUST-00114,2024-06-30,15,3634.68
2020Q3,2020-07-01 00:00:00,SMB,CUST-00114,2024-09-30,16,3634.68
2020Q3,2020-07-01 00:00:00,SMB,CUST-00114,2024-12-31,17,3634.68
2020Q3,2020-07-01 00:00:00,SMB,CUST-00114,2025-03-31,18,3634.68
2020Q3,2020-07-01 00:00:00,SMB,CUST-00114,2025-06-30,19,3634.68
2020Q3,2020-07-01 00:00:00,Mid-Market,CUST-00175,2024-12-31,17,10998.24
2020Q3,2020-07-01 00:00:00,Mid-Market,CUST-00175,2025-03-31,18,10998.24
2020Q3,2020-07-01 00:00:00,Mid-Market,CUST-00175,2025-06-30,19,10998.24
2020Q3,2020-07-01 00:00:00,SMB,CUST-00114,2025-09-30,20,3634.68
2020Q3,2020-07-01 00:00:00,SMB,CUST-00114,2025-12-31,21,3634.68
2020Q3,2020-07-01 00:00:00,Mid-Market,CUST-00175,2024-03-31,14,10646.52
2020Q3,2020-07-01 00:00:00,Mid-Market,CUST-00175,2024-06-30,15,10646.52
2020Q3,2020-07-01 00:00:00,SMB,CUST-00114,2026-03-31,22,3634.68
2020Q3,2020-07-01 00:00:00,SMB,CUST-00120,2024-03-31,14,3163.80
2020Q4,2020-10-01 00:00:00,SMB,CUST-00137,2024-03-31,13,2119.32
2020Q4,2020-10-01 00:00:00,SMB,CUST-00146,2024-03-31,13,4097.52
2020Q4,2020-10-01 00:00:00,SMB,CUST-00146,2024-06-30,14,4097.52
2020Q4,2020-10-01 00:00:00,SMB,CUST-00146,2024-09-30,15,4097.52
2020Q4,2020-10-01 00:00:00,SMB,CUST-00146,2024-12-31,16,5736.48
2020Q4,2020-10-01 00:00:00,SMB,CUST-00146,2025-03-31,17,4259.64
2020Q4,2020-10-01 00:00:00,SMB,CUST-00146,2025-06-30,18,4259.64
2020Q4,2020-10-01 00:00:00,SMB,CUST-00146,2025-09-30,19,4259.64
2020Q4,2020-10-01 00:00:00,SMB,CUST-00146,2025-12-31,20,4259.64
2020Q4,2020-10-01 00:00:00,SMB,CUST-00146,2026-03-31,21,4417.56
2020Q4,2020-10-01 00:00:00,SMB,CUST-00146,2026-06-30,22,4417.56
2020Q4,2020-10-01 00:00:00,Mid-Market,CUST-00188,2024-03-31,13,16441.20
2020Q4,2020-10-01 00:00:00,Mid-Market,CUST-00188,2024-06-30,14,23017.68
2020Q4,2020-10-01 00:00:00,Mid-Market,CUST-00188,2024-09-30,15,23017.68
2020Q4,2020-10-01 00:00:00,Mid-Market,CUST-00188,2024-12-31,16,23017.68
2020Q4,2020-10-01 00:00:00,Mid-Market,CUST-00188,2025-03-31,17,23247.72
2020Q4,2020-10-01 00:00:00,Mid-Market,CUST-00188,2025-06-30,18,23247.72
2020Q4,2020-10-01 00:00:00,Mid-Market,CUST-00188,2025-09-30,19,32546.88
2020Q4,2020-10-01 00:00:00,Mid-Market,CUST-00188,2025-12-31,20,32546.88
2020Q4,2020-10-01 00:00:00,Mid-Market,CUST-00188,2026-03-31,21,24074.16
2020Q4,2020-10-01 00:00:00,Mid-Market,CUST-00188,2026-06-30,22,33703.80
2020Q4,2020-10-01 00:00:00,SMB,CUST-00154,2024-03-31,13,5347.08
2020Q4,2020-10-01 00:00:00,SMB,CUST-00154,2024-06-30,14,5347.08
2020Q4,2020-10-01 00:00:00,SMB,CUST-00154,2024-09-30,15,5347.08
2020Q4,2020-10-01 00:00:00,SMB,CUST-00154,2024-12-31,16,5347.08
2020Q4,2020-10-01 00:00:00,SMB,CUST-00154,2025-03-31,17,5347.08
2020Q4,2020-10-01 00:00:00,SMB,CUST-00154,2025-06-30,18,5347.08
2020Q4,2020-10-01 00:00:00,SMB,CUST-00154,2025-09-30,19,5347.08
2020Q4,2020-10-01 00:00:00,SMB,CUST-00154,2025-12-31,20,5347.08
2020Q4,2020-10-01 00:00:00,SMB,CUST-00154,2026-03-31,21,5347.08
2020Q4,2020-10-01 00:00:00,SMB,CUST-00154,2026-06-30,22,5347.08
2020Q4,2020-10-01 00:00:00,Mid-Market,CUST-00181,2024-03-31,13,14181.24
2020Q4,2020-10-01 00:00:00,Mid-Market,CUST-00181,2024-06-30,14,14181.24
2020Q4,2020-10-01 00:00:00,Mid-Market,CUST-00181,2024-09-30,15,14181.24
2020Q4,2020-10-01 00:00:00,Mid-Market,CUST-00181,2024-12-31,16,14181.84
2020Q4,2020-10-01 00:00:00,Mid-Market,CUST-00181,2025-03-31,17,14181.84
2020Q4,2020-10-01 00:00:00,Mid-Market,CUST-00181,2025-06-30,18,14181.84
2020Q4,2020-10-01 00:00:00,Mid-Market,CUST-00181,2025-09-30,19,14181.84
2020Q4,2020-10-01 00:00:00,Mid-Market,CUST-00181,2025-12-31,20,14837.88
2020Q4,2020-10-01 00:00:00,Mid-Market,CUST-00181,2026-03-31,21,14837.88
2020Q4,2020-10-01 00:00:00,Mid-Market,CUST-00181,2026-06-30,22,14837.88
2020Q4,2020-10-01 00:00:00,SMB,CUST-00132,2024-09-30,15,3241.80
2020Q4,2020-10-01 00:00:00,SMB,CUST-00132,2024-12-31,16,3362.88
2020Q4,2020-10-01 00:00:00,SMB,CUST-00132,2025-03-31,17,3362.88
2020Q4,2020-10-01 00:00:00,SMB,CUST-00132,2025-06-30,18,3362.88
2020Q4,2020-10-01 00:00:00,SMB,CUST-00132,2025-09-30,19,3362.88
2020Q4,2020-10-01 00:00:00,SMB,CUST-00132,2025-12-31,20,3516.36
2020Q4,2020-10-01 00:00:00,SMB,CUST-00132,2026-03-31,21,3516.36
2020Q4,2020-10-01 00:00:00,SMB,CUST-00132,2026-06-30,22,3516.36
2020Q4,2020-10-01 00:00:00,SMB,CUST-00137,2024-06-30,14,2119.32
2020Q4,2020-10-01 00:00:00,SMB,CUST-00137,2024-09-30,15,2119.32
2020Q4,2020-10-01 00:00:00,SMB,CUST-00137,2024-12-31,16,2119.44
2020Q4,2020-10-01 00:00:00,SMB,CUST-00137,2025-03-31,17,2119.44
2020Q4,2020-10-01 00:00:00,SMB,CUST-00137,2025-06-30,18,2119.44
2020Q4,2020-10-01 00:00:00,SMB,CUST-00137,2025-09-30,19,2119.44
2020Q4,2020-10-01 00:00:00,SMB,CUST-00137,2025-12-31,20,0.00
2020Q4,2020-10-01 00:00:00,SMB,CUST-00137,2026-03-31,21,0.00
2020Q4,2020-10-01 00:00:00,SMB,CUST-00137,2026-06-30,22,0.00
2020Q4,2020-10-01 00:00:00,SMB,CUST-00139,2024-03-31,13,7267.32
2020Q4,2020-10-01 00:00:00,Mid-Market,CUST-00182,2024-03-31,13,25961.04
2020Q4,2020-10-01 00:00:00,Mid-Market,CUST-00182,2024-06-30,14,25961.04
2020Q4,2020-10-01 00:00:00,Mid-Market,CUST-00182,2024-09-30,15,25961.04
2020Q4,2020-10-01 00:00:00,Mid-Market,CUST-00182,2024-12-31,16,26739.36
2020Q4,2020-10-01 00:00:00,Mid-Market,CUST-00182,2025-03-31,17,26739.36
2020Q4,2020-10-01 00:00:00,Mid-Market,CUST-00182,2025-06-30,18,26739.36
2020Q4,2020-10-01 00:00:00,Mid-Market,CUST-00182,2025-09-30,19,26739.36
2020Q4,2020-10-01 00:00:00,Mid-Market,CUST-00182,2025-12-31,20,28015.56
2020Q4,2020-10-01 00:00:00,Mid-Market,CUST-00182,2026-03-31,21,28015.56
2020Q4,2020-10-01 00:00:00,Mid-Market,CUST-00182,2026-06-30,22,28015.56
2020Q4,2020-10-01 00:00:00,Mid-Market,CUST-00187,2024-03-31,13,24184.20
2020Q4,2020-10-01 00:00:00,Mid-Market,CUST-00187,2024-06-30,14,24184.20
2020Q4,2020-10-01 00:00:00,Mid-Market,CUST-00187,2024-09-30,15,24184.20
2020Q4,2020-10-01 00:00:00,Mid-Market,CUST-00187,2024-12-31,16,33857.88
2020Q4,2020-10-01 00:00:00,Mid-Market,CUST-00187,2025-03-31,17,24908.28
2020Q4,2020-10-01 00:00:00,Mid-Market,CUST-00187,2025-06-30,18,24908.28
2020Q4,2020-10-01 00:00:00,Mid-Market,CUST-00187,2025-09-30,19,24908.28
2020Q4,2020-10-01 00:00:00,Mid-Market,CUST-00187,2025-12-31,20,24908.28
2020Q4,2020-10-01 00:00:00,Mid-Market,CUST-00187,2026-03-31,21,22992.24
2020Q4,2020-10-01 00:00:00,Mid-Market,CUST-00187,2026-06-30,22,32993.28
2020Q4,2020-10-01 00:00:00,SMB,CUST-00139,2024-06-30,14,7267.32
2020Q4,2020-10-01 00:00:00,SMB,CUST-00139,2024-09-30,15,7267.32
2020Q4,2020-10-01 00:00:00,SMB,CUST-00139,2024-12-31,16,7267.32
2020Q4,2020-10-01 00:00:00,SMB,CUST-00139,2025-03-31,17,8850.84
2020Q4,2020-10-01 00:00:00,SMB,CUST-00139,2025-06-30,18,8850.84
2020Q4,2020-10-01 00:00:00,SMB,CUST-00139,2025-09-30,19,8850.84
2020Q4,2020-10-01 00:00:00,SMB,CUST-00139,2025-12-31,20,8850.84
2020Q4,2020-10-01 00:00:00,SMB,CUST-00139,2026-03-31,21,8850.84
2020Q4,2020-10-01 00:00:00,SMB,CUST-00139,2026-06-30,22,8850.84
2020Q4,2020-10-01 00:00:00,Mid-Market,CUST-00189,2024-03-31,13,10311.00
2020Q4,2020-10-01 00:00:00,SMB,CUST-00140,2024-03-31,13,3859.92
2020Q4,2020-10-01 00:00:00,SMB,CUST-00140,2024-06-30,14,3859.92
2020Q4,2020-10-01 00:00:00,SMB,CUST-00140,2024-09-30,15,3859.92
2020Q4,2020-10-01 00:00:00,SMB,CUST-00140,2024-12-31,16,3859.92
2020Q4,2020-10-01 00:00:00,SMB,CUST-00140,2025-03-31,17,3980.40
2020Q4,2020-10-01 00:00:00,SMB,CUST-00140,2025-06-30,18,3980.40
2020Q4,2020-10-01 00:00:00,SMB,CUST-00148,2024-03-31,13,4473.48
2020Q4,2020-10-01 00:00:00,SMB,CUST-00148,2024-06-30,14,4473.48
2020Q4,2020-10-01 00:00:00,SMB,CUST-00148,2024-09-30,15,4473.48
2020Q4,2020-10-01 00:00:00,SMB,CUST-00148,2024-12-31,16,4473.48
2020Q4,2020-10-01 00:00:00,SMB,CUST-00148,2025-03-31,17,5218.92
2020Q4,2020-10-01 00:00:00,SMB,CUST-00148,2025-06-30,18,5964.48
2020Q4,2020-10-01 00:00:00,SMB,CUST-00148,2025-09-30,19,8340.00
2020Q4,2020-10-01 00:00:00,SMB,CUST-00148,2025-12-31,20,8340.00
2020Q4,2020-10-01 00:00:00,SMB,CUST-00148,2026-03-31,21,8340.00
2020Q4,2020-10-01 00:00:00,SMB,CUST-00148,2026-06-30,22,8340.00
2020Q4,2020-10-01 00:00:00,SMB,CUST-00140,2025-09-30,19,3980.40
2020Q4,2020-10-01 00:00:00,SMB,CUST-00140,2025-12-31,20,3980.40
2020Q4,2020-10-01 00:00:00,SMB,CUST-00140,2026-03-31,21,4170.00
2020Q4,2020-10-01 00:00:00,SMB,CUST-00140,2026-06-30,22,4170.00
2020Q4,2020-10-01 00:00:00,Mid-Market,CUST-00179,2024-03-31,13,23318.16
2020Q4,2020-10-01 00:00:00,Mid-Market,CUST-00179,2024-06-30,14,23318.16
2020Q4,2020-10-01 00:00:00,Mid-Market,CUST-00179,2024-09-30,15,23318.16
2020Q4,2020-10-01 00:00:00,Mid-Market,CUST-00179,2024-12-31,16,23318.28
2020Q4,2020-10-01 00:00:00,Mid-Market,CUST-00179,2025-03-31,17,23318.28
2020Q4,2020-10-01 00:00:00,Mid-Market,CUST-00179,2025-06-30,18,23318.28
2020Q4,2020-10-01 00:00:00,Mid-Market,CUST-00179,2025-09-30,19,23318.28
2020Q4,2020-10-01 00:00:00,Mid-Market,CUST-00179,2025-12-31,20,24244.08
2020Q4,2020-10-01 00:00:00,Mid-Market,CUST-00179,2026-03-31,21,24244.08
2020Q4,2020-10-01 00:00:00,Mid-Market,CUST-00179,2026-06-30,22,24244.08
2020Q4,2020-10-01 00:00:00,Mid-Market,CUST-00183,2024-03-31,13,11981.76
2020Q4,2020-10-01 00:00:00,Mid-Market,CUST-00183,2024-06-30,14,11981.76
2020Q4,2020-10-01 00:00:00,Mid-Market,CUST-00183,2024-09-30,15,17116.80
2020Q4,2020-10-01 00:00:00,Mid-Market,CUST-00183,2024-12-31,16,17638.08
2020Q4,2020-10-01 00:00:00,SMB,CUST-00144,2024-03-31,13,7500.72
2020Q4,2020-10-01 00:00:00,SMB,CUST-00144,2024-06-30,14,7500.72
2020Q4,2020-10-01 00:00:00,SMB,CUST-00144,2024-09-30,15,9799.32
2020Q4,2020-10-01 00:00:00,SMB,CUST-00144,2024-12-31,16,9799.32
2020Q4,2020-10-01 00:00:00,SMB,CUST-00144,2025-03-31,17,9799.32
2020Q4,2020-10-01 00:00:00,SMB,CUST-00144,2025-06-30,18,9799.32
2020Q4,2020-10-01 00:00:00,SMB,CUST-00144,2025-09-30,19,9799.32
2020Q4,2020-10-01 00:00:00,SMB,CUST-00144,2025-12-31,20,9799.32
2020Q4,2020-10-01 00:00:00,SMB,CUST-00144,2026-03-31,21,9799.32
2020Q4,2020-10-01 00:00:00,SMB,CUST-00144,2026-06-30,22,9799.32
2020Q4,2020-10-01 00:00:00,Mid-Market,CUST-00183,2025-03-31,17,17638.08
2020Q4,2020-10-01 00:00:00,Mid-Market,CUST-00183,2025-06-30,18,24693.36
2020Q4,2020-10-01 00:00:00,Mid-Market,CUST-00183,2025-09-30,19,24693.36
2020Q4,2020-10-01 00:00:00,Mid-Market,CUST-00183,2025-12-31,20,18385.44
2020Q4,2020-10-01 00:00:00,Mid-Market,CUST-00183,2026-03-31,21,18385.44
2020Q4,2020-10-01 00:00:00,Mid-Market,CUST-00183,2026-06-30,22,18385.44
2020Q4,2020-10-01 00:00:00,SMB,CUST-00135,2024-03-31,13,1442.76
2020Q4,2020-10-01 00:00:00,SMB,CUST-00135,2024-06-30,14,1442.76
2020Q4,2020-10-01 00:00:00,SMB,CUST-00135,2024-09-30,15,1442.76
2020Q4,2020-10-01 00:00:00,SMB,CUST-00135,2024-12-31,16,1442.76
2020Q4,2020-10-01 00:00:00,SMB,CUST-00135,2025-03-31,17,1442.76
2020Q4,2020-10-01 00:00:00,SMB,CUST-00135,2025-06-30,18,1442.76
2020Q4,2020-10-01 00:00:00,SMB,CUST-00135,2025-09-30,19,1442.76
2020Q4,2020-10-01 00:00:00,Mid-Market,CUST-00186,2024-03-31,13,26777.16
2020Q4,2020-10-01 00:00:00,Mid-Market,CUST-00186,2024-06-30,14,26777.16
2020Q4,2020-10-01 00:00:00,Mid-Market,CUST-00186,2024-09-30,15,26777.16
2020Q4,2020-10-01 00:00:00,Mid-Market,CUST-00186,2024-12-31,16,26777.16
2020Q4,2020-10-01 00:00:00,Mid-Market,CUST-00186,2025-03-31,17,22597.32
2020Q4,2020-10-01 00:00:00,Mid-Market,CUST-00186,2025-06-30,18,22597.32
2020Q4,2020-10-01 00:00:00,Mid-Market,CUST-00186,2025-09-30,19,22597.32
2020Q4,2020-10-01 00:00:00,Mid-Market,CUST-00186,2025-12-31,20,22597.32
2020Q4,2020-10-01 00:00:00,Mid-Market,CUST-00186,2026-03-31,21,22597.32
2020Q4,2020-10-01 00:00:00,Mid-Market,CUST-00186,2026-06-30,22,22597.32
2020Q4,2020-10-01 00:00:00,SMB,CUST-00133,2025-12-31,20,4974.48
2020Q4,2020-10-01 00:00:00,SMB,CUST-00133,2026-03-31,21,4974.48
2020Q4,2020-10-01 00:00:00,SMB,CUST-00133,2026-06-30,22,4974.48
2020Q4,2020-10-01 00:00:00,Mid-Market,CUST-00189,2024-06-30,14,10311.00
2020Q4,2020-10-01 00:00:00,Mid-Market,CUST-00189,2024-09-30,15,12715.32
2020Q4,2020-10-01 00:00:00,Mid-Market,CUST-00189,2024-12-31,16,12715.32
2020Q4,2020-10-01 00:00:00,Mid-Market,CUST-00189,2025-03-31,17,9452.28
2020Q4,2020-10-01 00:00:00,Mid-Market,CUST-00189,2025-06-30,18,9452.28
2020Q4,2020-10-01 00:00:00,Mid-Market,CUST-00189,2025-09-30,19,9452.28
2020Q4,2020-10-01 00:00:00,Mid-Market,CUST-00189,2025-12-31,20,9452.28
2020Q4,2020-10-01 00:00:00,Mid-Market,CUST-00189,2026-03-31,21,8593.08
2020Q4,2020-10-01 00:00:00,Mid-Market,CUST-00189,2026-06-30,22,8593.08
2020Q4,2020-10-01 00:00:00,SMB,CUST-00142,2024-03-31,13,4682.28
2020Q4,2020-10-01 00:00:00,SMB,CUST-00142,2024-06-30,14,4682.28
2020Q4,2020-10-01 00:00:00,SMB,CUST-00142,2024-09-30,15,4682.28
2020Q4,2020-10-01 00:00:00,SMB,CUST-00142,2024-12-31,16,4682.28
2020Q4,2020-10-01 00:00:00,SMB,CUST-00142,2025-03-31,17,4682.04
2020Q4,2020-10-01 00:00:00,SMB,CUST-00142,2025-06-30,18,4682.04
2020Q4,2020-10-01 00:00:00,SMB,CUST-00142,2025-09-30,19,4682.04
2020Q4,2020-10-01 00:00:00,SMB,CUST-00142,2025-12-31,20,4682.04
2020Q4,2020-10-01 00:00:00,SMB,CUST-00142,2026-03-31,21,3121.20
2020Q4,2020-10-01 00:00:00,SMB,CUST-00142,2026-06-30,22,3121.20
2020Q4,2020-10-01 00:00:00,SMB,CUST-00149,2024-03-31,13,9757.44
2020Q4,2020-10-01 00:00:00,SMB,CUST-00149,2024-06-30,14,9757.44
2020Q4,2020-10-01 00:00:00,SMB,CUST-00149,2024-09-30,15,11130.72
2020Q4,2020-10-01 00:00:00,SMB,CUST-00149,2024-12-31,16,11130.72
2020Q4,2020-10-01 00:00:00,SMB,CUST-00149,2025-03-31,17,11130.72
2020Q4,2020-10-01 00:00:00,SMB,CUST-00149,2025-06-30,18,0.00
2020Q4,2020-10-01 00:00:00,SMB,CUST-00149,2025-09-30,19,0.00
2020Q4,2020-10-01 00:00:00,SMB,CUST-00149,2025-12-31,20,0.00
2020Q4,2020-10-01 00:00:00,SMB,CUST-00135,2025-12-31,20,1442.76
2020Q4,2020-10-01 00:00:00,SMB,CUST-00135,2026-03-31,21,1442.76
2020Q4,2020-10-01 00:00:00,SMB,CUST-00135,2026-06-30,22,1442.76
2020Q4,2020-10-01 00:00:00,SMB,CUST-00149,2026-03-31,21,0.00
2020Q4,2020-10-01 00:00:00,SMB,CUST-00149,2026-06-30,22,0.00
2020Q4,2020-10-01 00:00:00,SMB,CUST-00150,2024-03-31,13,5144.64
2020Q4,2020-10-01 00:00:00,SMB,CUST-00150,2024-06-30,14,5144.64
2020Q4,2020-10-01 00:00:00,SMB,CUST-00150,2024-09-30,15,5144.64
2020Q4,2020-10-01 00:00:00,SMB,CUST-00150,2024-12-31,16,5144.64
2020Q4,2020-10-01 00:00:00,SMB,CUST-00150,2025-03-31,17,4630.08
2020Q4,2020-10-01 00:00:00,SMB,CUST-00150,2025-06-30,18,5144.52
2020Q4,2020-10-01 00:00:00,SMB,CUST-00150,2025-09-30,19,5144.52
2020Q4,2020-10-01 00:00:00,SMB,CUST-00150,2025-12-31,20,5144.52
2020Q4,2020-10-01 00:00:00,SMB,CUST-00150,2026-03-31,21,5324.04
2020Q4,2020-10-01 00:00:00,SMB,CUST-00150,2026-06-30,22,5324.04
2020Q4,2020-10-01 00:00:00,SMB,CUST-00126,2024-03-31,13,10894.32
2020Q4,2020-10-01 00:00:00,SMB,CUST-00126,2024-06-30,14,10894.32
2020Q4,2020-10-01 00:00:00,SMB,CUST-00126,2024-09-30,15,10894.32
2020Q4,2020-10-01 00:00:00,SMB,CUST-00126,2024-12-31,16,10894.32
2020Q4,2020-10-01 00:00:00,SMB,CUST-00126,2025-03-31,17,10894.32
2020Q4,2020-10-01 00:00:00,SMB,CUST-00126,2025-06-30,18,10894.32
2020Q4,2020-10-01 00:00:00,SMB,CUST-00126,2025-09-30,19,10894.32
2020Q4,2020-10-01 00:00:00,SMB,CUST-00126,2025-12-31,20,10894.32
2020Q4,2020-10-01 00:00:00,SMB,CUST-00126,2026-03-31,21,10894.32
2020Q4,2020-10-01 00:00:00,Enterprise,CUST-00191,2025-09-30,19,48450.36
2020Q4,2020-10-01 00:00:00,Enterprise,CUST-00191,2025-12-31,20,67830.48
2020Q4,2020-10-01 00:00:00,Enterprise,CUST-00191,2026-06-30,22,71044.56
2020Q4,2020-10-01 00:00:00,SMB,CUST-00132,2024-03-31,13,3241.80
2020Q4,2020-10-01 00:00:00,SMB,CUST-00132,2024-06-30,14,3241.80
2020Q4,2020-10-01 00:00:00,SMB,CUST-00126,2026-06-30,22,10894.32
2020Q4,2020-10-01 00:00:00,Mid-Market,CUST-00178,2024-03-31,13,11377.68
2020Q4,2020-10-01 00:00:00,Mid-Market,CUST-00178,2024-06-30,14,12641.88
2020Q4,2020-10-01 00:00:00,Mid-Market,CUST-00178,2024-09-30,15,12641.88
2020Q4,2020-10-01 00:00:00,SMB,CUST-00130,2024-03-31,13,3525.12
2020Q4,2020-10-01 00:00:00,SMB,CUST-00130,2024-06-30,14,3525.12
2020Q4,2020-10-01 00:00:00,SMB,CUST-00130,2024-09-30,15,3525.12
2020Q4,2020-10-01 00:00:00,SMB,CUST-00130,2024-12-31,16,3525.12
2020Q4,2020-10-01 00:00:00,SMB,CUST-00130,2025-03-31,17,3525.12
2020Q4,2020-10-01 00:00:00,SMB,CUST-00130,2025-06-30,18,3525.12
2020Q4,2020-10-01 00:00:00,SMB,CUST-00130,2025-09-30,19,3525.12
2020Q4,2020-10-01 00:00:00,SMB,CUST-00130,2025-12-31,20,3525.12
2020Q4,2020-10-01 00:00:00,SMB,CUST-00130,2026-03-31,21,3525.12
2020Q4,2020-10-01 00:00:00,SMB,CUST-00130,2026-06-30,22,3525.12
2020Q4,2020-10-01 00:00:00,SMB,CUST-00133,2024-03-31,13,4974.48
2020Q4,2020-10-01 00:00:00,SMB,CUST-00133,2024-06-30,14,4974.48
2020Q4,2020-10-01 00:00:00,SMB,CUST-00133,2024-09-30,15,4974.48
2020Q4,2020-10-01 00:00:00,SMB,CUST-00133,2024-12-31,16,4974.48
2020Q4,2020-10-01 00:00:00,SMB,CUST-00133,2025-03-31,17,4974.48
2020Q4,2020-10-01 00:00:00,SMB,CUST-00133,2025-06-30,18,4974.48
2020Q4,2020-10-01 00:00:00,SMB,CUST-00133,2025-09-30,19,4974.48
2020Q4,2020-10-01 00:00:00,Mid-Market,CUST-00178,2024-12-31,16,9346.44
2020Q4,2020-10-01 00:00:00,Mid-Market,CUST-00178,2025-03-31,17,9346.44
2020Q4,2020-10-01 00:00:00,Mid-Market,CUST-00178,2025-06-30,18,9346.44
2020Q4,2020-10-01 00:00:00,Mid-Market,CUST-00178,2025-09-30,19,9346.44
2020Q4,2020-10-01 00:00:00,Mid-Market,CUST-00178,2025-12-31,20,9345.96
2020Q4,2020-10-01 00:00:00,Mid-Market,CUST-00178,2026-03-31,21,9345.96
2020Q4,2020-10-01 00:00:00,Mid-Market,CUST-00178,2026-06-30,22,11215.08
2020Q4,2020-10-01 00:00:00,Mid-Market,CUST-00184,2024-03-31,13,17077.80
2020Q4,2020-10-01 00:00:00,Mid-Market,CUST-00184,2024-06-30,14,17077.80
2020Q4,2020-10-01 00:00:00,Mid-Market,CUST-00184,2024-09-30,15,17077.80
2020Q4,2020-10-01 00:00:00,Mid-Market,CUST-00184,2024-12-31,16,23908.92
2020Q4,2020-10-01 00:00:00,Mid-Market,CUST-00184,2025-03-31,17,17737.80
2020Q4,2020-10-01 00:00:00,Mid-Market,CUST-00184,2025-06-30,18,17737.80
2020Q4,2020-10-01 00:00:00,Mid-Market,CUST-00184,2025-09-30,19,26956.80
2020Q4,2020-10-01 00:00:00,Mid-Market,CUST-00184,2025-12-31,20,34051.92
2020Q4,2020-10-01 00:00:00,Mid-Market,CUST-00184,2026-03-31,21,18530.16
2020Q4,2020-10-01 00:00:00,Mid-Market,CUST-00184,2026-06-30,22,18530.16
2020Q4,2020-10-01 00:00:00,Mid-Market,CUST-00180,2024-03-31,13,73055.40
2020Q4,2020-10-01 00:00:00,Mid-Market,CUST-00185,2024-12-31,16,51188.16
2020Q4,2020-10-01 00:00:00,Mid-Market,CUST-00185,2025-03-31,17,37686.60
2020Q4,2020-10-01 00:00:00,Mid-Market,CUST-00185,2025-06-30,18,37686.60
2020Q4,2020-10-01 00:00:00,Mid-Market,CUST-00185,2025-09-30,19,53960.40
2020Q4,2020-10-01 00:00:00,Mid-Market,CUST-00185,2025-12-31,20,53960.40
2020Q4,2020-10-01 00:00:00,Mid-Market,CUST-00185,2026-03-31,21,56244.12
2020Q4,2020-10-01 00:00:00,Mid-Market,CUST-00185,2026-06-30,22,78741.72
2020Q4,2020-10-01 00:00:00,Enterprise,CUST-00191,2024-03-31,13,46436.76
2020Q4,2020-10-01 00:00:00,Enterprise,CUST-00191,2024-06-30,14,46436.76
2020Q4,2020-10-01 00:00:00,Enterprise,CUST-00191,2024-09-30,15,46436.76
2020Q4,2020-10-01 00:00:00,Enterprise,CUST-00191,2024-12-31,16,62074.20
2020Q4,2020-10-01 00:00:00,Enterprise,CUST-00191,2025-03-31,17,48450.36
2020Q4,2020-10-01 00:00:00,Enterprise,CUST-00191,2025-06-30,18,48450.36
2020Q4,2020-10-01 00:00:00,Mid-Market,CUST-00180,2024-06-30,14,73055.40
2020Q4,2020-10-01 00:00:00,Mid-Market,CUST-00180,2024-09-30,15,99725.04
2020Q4,2020-10-01 00:00:00,Mid-Market,CUST-00180,2024-12-31,16,73053.00
2020Q4,2020-10-01 00:00:00,Mid-Market,CUST-00180,2025-03-31,17,73053.00
2020Q4,2020-10-01 00:00:00,Enterprise,CUST-00191,2026-03-31,21,50746.08
2020Q4,2020-10-01 00:00:00,Mid-Market,CUST-00180,2025-06-30,18,99721.80
2020Q4,2020-10-01 00:00:00,Mid-Market,CUST-00180,2025-09-30,19,99721.80
2020Q4,2020-10-01 00:00:00,Mid-Market,CUST-00180,2025-12-31,20,76190.40
2020Q4,2020-10-01 00:00:00,Mid-Market,CUST-00185,2024-03-31,13,36562.92
2020Q4,2020-10-01 00:00:00,Mid-Market,CUST-00180,2026-03-31,21,76190.40
2020Q4,2020-10-01 00:00:00,Mid-Market,CUST-00180,2026-06-30,22,76190.40
2020Q4,2020-10-01 00:00:00,Mid-Market,CUST-00185,2024-06-30,14,51188.16
2020Q4,2020-10-01 00:00:00,Mid-Market,CUST-00185,2024-09-30,15,51188.16
2021Q1,2021-01-01 00:00:00,SMB,CUST-00192,2024-03-31,12,3042.12
2021Q1,2021-01-01 00:00:00,SMB,CUST-00192,2024-06-30,13,3042.12
2021Q1,2021-01-01 00:00:00,SMB,CUST-00192,2024-09-30,14,3042.12
2021Q1,2021-01-01 00:00:00,SMB,CUST-00192,2024-12-31,15,3042.12
2021Q1,2021-01-01 00:00:00,SMB,CUST-00192,2025-03-31,16,3042.12
2021Q1,2021-01-01 00:00:00,SMB,CUST-00192,2025-06-30,17,3042.12
2021Q1,2021-01-01 00:00:00,SMB,CUST-00192,2025-09-30,18,3042.12
2021Q1,2021-01-01 00:00:00,SMB,CUST-00192,2025-12-31,19,3042.12
2021Q1,2021-01-01 00:00:00,SMB,CUST-00192,2026-03-31,20,3802.68
2021Q1,2021-01-01 00:00:00,SMB,CUST-00192,2026-06-30,21,3802.68
2021Q1,2021-01-01 00:00:00,SMB,CUST-00210,2024-03-31,12,0.00
2021Q1,2021-01-01 00:00:00,SMB,CUST-00210,2024-06-30,13,0.00
2021Q1,2021-01-01 00:00:00,SMB,CUST-00210,2024-09-30,14,0.00
2021Q1,2021-01-01 00:00:00,SMB,CUST-00210,2024-12-31,15,0.00
2021Q1,2021-01-01 00:00:00,SMB,CUST-00210,2025-03-31,16,0.00
2021Q1,2021-01-01 00:00:00,SMB,CUST-00210,2025-06-30,17,0.00
2021Q1,2021-01-01 00:00:00,SMB,CUST-00210,2025-09-30,18,0.00
2021Q1,2021-01-01 00:00:00,SMB,CUST-00210,2025-12-31,19,0.00
2021Q1,2021-01-01 00:00:00,SMB,CUST-00210,2026-03-31,20,0.00
2021Q1,2021-01-01 00:00:00,SMB,CUST-00210,2026-06-30,21,0.00
2021Q1,2021-01-01 00:00:00,SMB,CUST-00227,2024-03-31,12,6975.12
2021Q1,2021-01-01 00:00:00,SMB,CUST-00227,2024-06-30,13,4349.28
2021Q1,2021-01-01 00:00:00,SMB,CUST-00227,2024-09-30,14,4349.28
2021Q1,2021-01-01 00:00:00,SMB,CUST-00227,2024-12-31,15,4349.28
2021Q1,2021-01-01 00:00:00,SMB,CUST-00227,2025-03-31,16,4349.28
2021Q1,2021-01-01 00:00:00,SMB,CUST-00227,2025-06-30,17,4498.92
2021Q1,2021-01-01 00:00:00,SMB,CUST-00227,2025-09-30,18,4498.92
2021Q1,2021-01-01 00:00:00,SMB,CUST-00227,2025-12-31,19,4498.92
2021Q1,2021-01-01 00:00:00,SMB,CUST-00227,2026-03-31,20,4498.92
2021Q1,2021-01-01 00:00:00,SMB,CUST-00227,2026-06-30,21,4498.68
2021Q1,2021-01-01 00:00:00,Mid-Market,CUST-00357,2024-03-31,12,66826.20
2021Q1,2021-01-01 00:00:00,Mid-Market,CUST-00357,2024-06-30,13,66826.20
2021Q1,2021-01-01 00:00:00,Mid-Market,CUST-00357,2024-09-30,14,66826.20
2021Q1,2021-01-01 00:00:00,Mid-Market,CUST-00357,2024-12-31,15,72792.84
2021Q1,2021-01-01 00:00:00,Mid-Market,CUST-00357,2025-03-31,16,51993.12
2021Q1,2021-01-01 00:00:00,Mid-Market,CUST-00357,2025-06-30,17,60516.60
2021Q1,2021-01-01 00:00:00,Mid-Market,CUST-00357,2025-09-30,18,84723.24
2021Q1,2021-01-01 00:00:00,Mid-Market,CUST-00357,2025-12-31,19,84723.24
2021Q1,2021-01-01 00:00:00,Mid-Market,CUST-00357,2026-03-31,20,62601.72
2021Q1,2021-01-01 00:00:00,Mid-Market,CUST-00357,2026-06-30,21,62601.72
2021Q1,2021-01-01 00:00:00,SMB,CUST-00215,2024-03-31,12,3508.68
2021Q1,2021-01-01 00:00:00,SMB,CUST-00215,2024-06-30,13,3508.68
2021Q1,2021-01-01 00:00:00,SMB,CUST-00215,2024-09-30,14,3508.68
2021Q1,2021-01-01 00:00:00,SMB,CUST-00215,2024-12-31,15,3508.68
2021Q1,2021-01-01 00:00:00,SMB,CUST-00215,2025-03-31,16,3508.68
2021Q1,2021-01-01 00:00:00,SMB,CUST-00215,2025-06-30,17,3508.68
2021Q1,2021-01-01 00:00:00,SMB,CUST-00215,2025-09-30,18,3508.68
2021Q1,2021-01-01 00:00:00,SMB,CUST-00215,2025-12-31,19,3508.68
2021Q1,2021-01-01 00:00:00,SMB,CUST-00215,2026-03-31,20,3508.68
2021Q1,2021-01-01 00:00:00,SMB,CUST-00215,2026-06-30,21,3508.68
2021Q1,2021-01-01 00:00:00,Mid-Market,CUST-00366,2024-03-31,12,38762.64
2021Q1,2021-01-01 00:00:00,Mid-Market,CUST-00366,2024-06-30,13,40203.24
2021Q1,2021-01-01 00:00:00,Mid-Market,CUST-00366,2024-09-30,14,34517.52
2021Q1,2021-01-01 00:00:00,Mid-Market,CUST-00366,2024-12-31,15,37531.32
2021Q1,2021-01-01 00:00:00,Mid-Market,CUST-00366,2025-03-31,16,37531.32
2021Q1,2021-01-01 00:00:00,Mid-Market,CUST-00366,2025-06-30,17,37531.32
2021Q1,2021-01-01 00:00:00,Mid-Market,CUST-00366,2025-09-30,18,39054.00
2021Q1,2021-01-01 00:00:00,Mid-Market,CUST-00366,2025-12-31,19,50030.16
2021Q1,2021-01-01 00:00:00,Mid-Market,CUST-00366,2026-03-31,20,50030.16
2021Q1,2021-01-01 00:00:00,Mid-Market,CUST-00366,2026-06-30,21,50030.16
2021Q1,2021-01-01 00:00:00,SMB,CUST-00224,2024-03-31,12,2219.76
2021Q1,2021-01-01 00:00:00,SMB,CUST-00224,2024-06-30,13,2317.92
2021Q1,2021-01-01 00:00:00,SMB,CUST-00224,2024-09-30,14,2317.92
2021Q1,2021-01-01 00:00:00,SMB,CUST-00224,2024-12-31,15,2317.92
2021Q1,2021-01-01 00:00:00,SMB,CUST-00224,2025-03-31,16,2317.92
2021Q1,2021-01-01 00:00:00,SMB,CUST-00224,2025-06-30,17,2425.56
2021Q1,2021-01-01 00:00:00,SMB,CUST-00224,2025-09-30,18,2425.56
2021Q1,2021-01-01 00:00:00,SMB,CUST-00224,2025-12-31,19,2425.56
2021Q1,2021-01-01 00:00:00,SMB,CUST-00224,2026-03-31,20,2425.56
2021Q1,2021-01-01 00:00:00,SMB,CUST-00224,2026-06-30,21,2514.24
2021Q1,2021-01-01 00:00:00,SMB,CUST-00207,2024-03-31,12,9487.56
2021Q1,2021-01-01 00:00:00,SMB,CUST-00207,2024-06-30,13,9487.56
2021Q1,2021-01-01 00:00:00,SMB,CUST-00207,2024-09-30,14,12153.60
2021Q1,2021-01-01 00:00:00,SMB,CUST-00207,2024-12-31,15,12153.60
2021Q1,2021-01-01 00:00:00,SMB,CUST-00207,2025-03-31,16,11149.08
2021Q1,2021-01-01 00:00:00,SMB,CUST-00207,2025-06-30,17,11149.08
2021Q1,2021-01-01 00:00:00,SMB,CUST-00207,2025-09-30,18,11149.08
2021Q1,2021-01-01 00:00:00,SMB,CUST-00207,2025-12-31,19,11149.08
2021Q1,2021-01-01 00:00:00,SMB,CUST-00207,2026-03-31,20,11149.08
2021Q1,2021-01-01 00:00:00,SMB,CUST-00207,2026-06-30,21,11149.08
2021Q1,2021-01-01 00:00:00,Mid-Market,CUST-00364,2024-03-31,12,52411.92
2021Q1,2021-01-01 00:00:00,Mid-Market,CUST-00364,2024-06-30,13,47140.08
2021Q1,2021-01-01 00:00:00,Mid-Market,CUST-00364,2024-09-30,14,47140.08
2021Q1,2021-01-01 00:00:00,Mid-Market,CUST-00364,2024-12-31,15,47140.08
2021Q1,2021-01-01 00:00:00,Mid-Market,CUST-00364,2025-03-31,16,47140.08
2021Q1,2021-01-01 00:00:00,Mid-Market,CUST-00364,2025-06-30,17,48677.88
2021Q1,2021-01-01 00:00:00,Mid-Market,CUST-00364,2025-09-30,18,48677.88
2021Q1,2021-01-01 00:00:00,Mid-Market,CUST-00364,2025-12-31,19,48677.88
2021Q1,2021-01-01 00:00:00,Mid-Market,CUST-00364,2026-03-31,20,48677.88
2021Q1,2021-01-01 00:00:00,Mid-Market,CUST-00364,2026-06-30,21,48676.92
2021Q1,2021-01-01 00:00:00,SMB,CUST-00221,2024-03-31,12,12065.76
2021Q1,2021-01-01 00:00:00,SMB,CUST-00221,2024-06-30,13,12065.76
2021Q1,2021-01-01 00:00:00,SMB,CUST-00221,2024-09-30,14,12065.76
2021Q1,2021-01-01 00:00:00,SMB,CUST-00221,2024-12-31,15,12065.76
2021Q1,2021-01-01 00:00:00,SMB,CUST-00221,2025-03-31,16,12065.76
2021Q1,2021-01-01 00:00:00,SMB,CUST-00221,2025-06-30,17,12065.76
2021Q1,2021-01-01 00:00:00,SMB,CUST-00221,2025-09-30,18,12065.76
2021Q1,2021-01-01 00:00:00,SMB,CUST-00221,2025-12-31,19,12065.76
2021Q1,2021-01-01 00:00:00,SMB,CUST-00221,2026-03-31,20,12065.76
2021Q1,2021-01-01 00:00:00,SMB,CUST-00221,2026-06-30,21,12065.76
2021Q1,2021-01-01 00:00:00,SMB,CUST-00222,2024-03-31,12,8433.48
2021Q1,2021-01-01 00:00:00,SMB,CUST-00222,2024-06-30,13,8433.48
2021Q1,2021-01-01 00:00:00,SMB,CUST-00222,2024-09-30,14,8433.48
2021Q1,2021-01-01 00:00:00,SMB,CUST-00222,2024-12-31,15,8433.48
2021Q1,2021-01-01 00:00:00,SMB,CUST-00222,2025-03-31,16,8433.48
2021Q1,2021-01-01 00:00:00,SMB,CUST-00222,2025-06-30,17,0.00
2021Q1,2021-01-01 00:00:00,SMB,CUST-00222,2025-09-30,18,0.00
2021Q1,2021-01-01 00:00:00,SMB,CUST-00222,2025-12-31,19,0.00
2021Q1,2021-01-01 00:00:00,SMB,CUST-00222,2026-03-31,20,0.00
2021Q1,2021-01-01 00:00:00,SMB,CUST-00222,2026-06-30,21,0.00
2021Q1,2021-01-01 00:00:00,Mid-Market,CUST-00363,2024-03-31,12,29991.48
2021Q1,2021-01-01 00:00:00,Mid-Market,CUST-00363,2024-06-30,13,31360.20
2021Q1,2021-01-01 00:00:00,Mid-Market,CUST-00363,2024-09-30,14,31360.20
2021Q1,2021-01-01 00:00:00,Mid-Market,CUST-00363,2024-12-31,15,31360.20
2021Q1,2021-01-01 00:00:00,Mid-Market,CUST-00363,2025-03-31,16,31360.20
2021Q1,2021-01-01 00:00:00,Mid-Market,CUST-00363,2025-06-30,17,32628.60
2021Q1,2021-01-01 00:00:00,Mid-Market,CUST-00363,2025-09-30,18,32628.60
2021Q1,2021-01-01 00:00:00,Mid-Market,CUST-00363,2025-12-31,19,32628.60
2021Q1,2021-01-01 00:00:00,Mid-Market,CUST-00363,2026-03-31,20,32628.60
2021Q1,2021-01-01 00:00:00,Mid-Market,CUST-00363,2026-06-30,21,34205.88
2021Q1,2021-01-01 00:00:00,SMB,CUST-00202,2024-03-31,12,3341.64
2021Q1,2021-01-01 00:00:00,SMB,CUST-00202,2024-06-30,13,4678.32
2021Q1,2021-01-01 00:00:00,SMB,CUST-00202,2024-09-30,14,4678.32
2021Q1,2021-01-01 00:00:00,SMB,CUST-00202,2024-12-31,15,6237.84
2021Q1,2021-01-01 00:00:00,SMB,CUST-00202,2025-03-31,16,6237.84
2021Q1,2021-01-01 00:00:00,SMB,CUST-00202,2025-06-30,17,6237.84
2021Q1,2021-01-01 00:00:00,SMB,CUST-00202,2025-09-30,18,6237.84
2021Q1,2021-01-01 00:00:00,SMB,CUST-00202,2025-12-31,19,6237.84
2021Q1,2021-01-01 00:00:00,SMB,CUST-00202,2026-03-31,20,6237.84
2021Q1,2021-01-01 00:00:00,SMB,CUST-00202,2026-06-30,21,0.00
2021Q1,2021-01-01 00:00:00,Mid-Market,CUST-00362,2024-03-31,12,50085.24
2021Q1,2021-01-01 00:00:00,Mid-Market,CUST-00362,2024-06-30,13,51757.44
2021Q1,2021-01-01 00:00:00,Mid-Market,CUST-00362,2024-09-30,14,51757.44
2021Q1,2021-01-01 00:00:00,Mid-Market,CUST-00362,2024-12-31,15,51757.44
2021Q1,2021-01-01 00:00:00,Mid-Market,CUST-00362,2025-03-31,16,51757.44
2021Q1,2021-01-01 00:00:00,Mid-Market,CUST-00362,2025-06-30,17,51757.44
2021Q1,2021-01-01 00:00:00,Mid-Market,CUST-00362,2025-09-30,18,51757.44
2021Q1,2021-01-01 00:00:00,Mid-Market,CUST-00362,2025-12-31,19,51757.44
2021Q1,2021-01-01 00:00:00,Mid-Market,CUST-00362,2026-03-31,20,51757.44
2021Q1,2021-01-01 00:00:00,Mid-Market,CUST-00362,2026-06-30,21,54096.12
2021Q1,2021-01-01 00:00:00,SMB,CUST-00208,2024-03-31,12,4675.08
2021Q1,2021-01-01 00:00:00,SMB,CUST-00208,2024-06-30,13,4675.08
2021Q1,2021-01-01 00:00:00,SMB,CUST-00208,2024-09-30,14,4675.08
2021Q1,2021-01-01 00:00:00,SMB,CUST-00208,2024-12-31,15,4675.08
2021Q1,2021-01-01 00:00:00,SMB,CUST-00208,2025-03-31,16,4824.60
2021Q1,2021-01-01 00:00:00,SMB,CUST-00208,2025-06-30,17,4824.60
2021Q1,2021-01-01 00:00:00,SMB,CUST-00208,2025-09-30,18,4824.60
2021Q1,2021-01-01 00:00:00,SMB,CUST-00208,2025-12-31,19,4824.60
2021Q1,2021-01-01 00:00:00,SMB,CUST-00208,2026-03-31,20,4824.48
2021Q1,2021-01-01 00:00:00,SMB,CUST-00208,2026-06-30,21,4824.48
2021Q1,2021-01-01 00:00:00,SMB,CUST-00209,2024-03-31,12,5990.52
2021Q1,2021-01-01 00:00:00,SMB,CUST-00209,2024-06-30,13,5990.52
2021Q1,2021-01-01 00:00:00,SMB,CUST-00209,2024-09-30,14,7624.32
2021Q1,2021-01-01 00:00:00,SMB,CUST-00209,2024-12-31,15,7624.32
2021Q1,2021-01-01 00:00:00,SMB,CUST-00209,2025-03-31,16,7624.32
2021Q1,2021-01-01 00:00:00,SMB,CUST-00209,2025-06-30,17,7624.32
2021Q1,2021-01-01 00:00:00,SMB,CUST-00209,2025-09-30,18,7624.32
2021Q1,2021-01-01 00:00:00,SMB,CUST-00209,2025-12-31,19,7624.32
2021Q1,2021-01-01 00:00:00,SMB,CUST-00209,2026-03-31,20,7624.32
2021Q1,2021-01-01 00:00:00,SMB,CUST-00209,2026-06-30,21,7624.32
2021Q1,2021-01-01 00:00:00,SMB,CUST-00212,2024-03-31,12,4352.16
2021Q1,2021-01-01 00:00:00,SMB,CUST-00212,2024-06-30,13,0.00
2021Q1,2021-01-01 00:00:00,SMB,CUST-00212,2024-09-30,14,0.00
2021Q1,2021-01-01 00:00:00,SMB,CUST-00212,2024-12-31,15,0.00
2021Q1,2021-01-01 00:00:00,SMB,CUST-00212,2025-03-31,16,0.00
2021Q1,2021-01-01 00:00:00,SMB,CUST-00212,2025-06-30,17,0.00
2021Q1,2021-01-01 00:00:00,SMB,CUST-00212,2025-09-30,18,0.00
2021Q1,2021-01-01 00:00:00,SMB,CUST-00212,2025-12-31,19,0.00
2021Q1,2021-01-01 00:00:00,SMB,CUST-00212,2026-03-31,20,0.00
2021Q1,2021-01-01 00:00:00,SMB,CUST-00212,2026-06-30,21,0.00
2021Q1,2021-01-01 00:00:00,Mid-Market,CUST-00354,2024-03-31,12,26000.16
2021Q1,2021-01-01 00:00:00,Mid-Market,CUST-00354,2024-06-30,13,26000.16
2021Q1,2021-01-01 00:00:00,Mid-Market,CUST-00354,2024-09-30,14,26000.16
2021Q1,2021-01-01 00:00:00,Mid-Market,CUST-00354,2024-12-31,15,26000.16
2021Q1,2021-01-01 00:00:00,Mid-Market,CUST-00354,2025-03-31,16,27084.24
2021Q1,2021-01-01 00:00:00,Mid-Market,CUST-00354,2025-06-30,17,27084.24
2021Q1,2021-01-01 00:00:00,Mid-Market,CUST-00354,2025-09-30,18,27084.24
2021Q1,2021-01-01 00:00:00,Mid-Market,CUST-00354,2025-12-31,19,27084.24
2021Q1,2021-01-01 00:00:00,Mid-Market,CUST-00354,2026-03-31,20,28406.40
2021Q1,2021-01-01 00:00:00,Mid-Market,CUST-00354,2026-06-30,21,28406.40
2021Q1,2021-01-01 00:00:00,Mid-Market,CUST-00359,2024-03-31,12,29393.76
2021Q1,2021-01-01 00:00:00,Mid-Market,CUST-00359,2024-06-30,13,29393.76
2021Q1,2021-01-01 00:00:00,Mid-Market,CUST-00359,2024-09-30,14,29393.76
2021Q1,2021-01-01 00:00:00,Mid-Market,CUST-00359,2024-12-31,15,29393.76
2021Q1,2021-01-01 00:00:00,Mid-Market,CUST-00359,2025-03-31,16,26722.32
2021Q1,2021-01-01 00:00:00,Mid-Market,CUST-00359,2025-06-30,17,26722.32
2021Q1,2021-01-01 00:00:00,Mid-Market,CUST-00359,2025-09-30,18,36726.00
2021Q1,2021-01-01 00:00:00,Mid-Market,CUST-00359,2025-12-31,19,51156.00
2021Q1,2021-01-01 00:00:00,Mid-Market,CUST-00359,2026-03-31,20,29395.56
2021Q1,2021-01-01 00:00:00,Mid-Market,CUST-00359,2026-06-30,21,29395.56
2021Q1,2021-01-01 00:00:00,SMB,CUST-00195,2025-09-30,18,6244.20
2021Q1,2021-01-01 00:00:00,SMB,CUST-00195,2025-12-31,19,6244.20
2021Q1,2021-01-01 00:00:00,SMB,CUST-00195,2026-03-31,20,6244.20
2021Q1,2021-01-01 00:00:00,SMB,CUST-00195,2026-06-30,21,6244.20
2021Q1,2021-01-01 00:00:00,SMB,CUST-00223,2024-03-31,12,1126.32
2021Q1,2021-01-01 00:00:00,SMB,CUST-00223,2024-06-30,13,0.00
2021Q1,2021-01-01 00:00:00,SMB,CUST-00223,2024-09-30,14,0.00
2021Q1,2021-01-01 00:00:00,SMB,CUST-00223,2024-12-31,15,0.00
2021Q1,2021-01-01 00:00:00,SMB,CUST-00223,2025-03-31,16,0.00
2021Q1,2021-01-01 00:00:00,SMB,CUST-00223,2025-06-30,17,0.00
2021Q1,2021-01-01 00:00:00,SMB,CUST-00223,2025-09-30,18,0.00
2021Q1,2021-01-01 00:00:00,SMB,CUST-00223,2025-12-31,19,0.00
2021Q1,2021-01-01 00:00:00,SMB,CUST-00223,2026-03-31,20,0.00
2021Q1,2021-01-01 00:00:00,SMB,CUST-00223,2026-06-30,21,0.00
2021Q1,2021-01-01 00:00:00,SMB,CUST-00233,2026-03-31,20,5823.24
2021Q1,2021-01-01 00:00:00,SMB,CUST-00233,2026-06-30,21,5823.00
2021Q1,2021-01-01 00:00:00,SMB,CUST-00228,2024-03-31,12,1868.40
2021Q1,2021-01-01 00:00:00,SMB,CUST-00228,2024-06-30,13,1868.40
2021Q1,2021-01-01 00:00:00,SMB,CUST-00228,2024-09-30,14,2615.76
2021Q1,2021-01-01 00:00:00,SMB,CUST-00228,2024-12-31,15,2615.76
2021Q1,2021-01-01 00:00:00,SMB,CUST-00228,2025-03-31,16,2615.76
2021Q1,2021-01-01 00:00:00,SMB,CUST-00228,2025-06-30,17,2615.76
2021Q1,2021-01-01 00:00:00,SMB,CUST-00228,2025-09-30,18,2615.76
2021Q1,2021-01-01 00:00:00,SMB,CUST-00228,2025-12-31,19,2615.76
2021Q1,2021-01-01 00:00:00,SMB,CUST-00228,2026-03-31,20,2615.76
2021Q1,2021-01-01 00:00:00,SMB,CUST-00228,2026-06-30,21,2615.76
2021Q1,2021-01-01 00:00:00,SMB,CUST-00233,2024-06-30,13,5608.80
2021Q1,2021-01-01 00:00:00,SMB,CUST-00233,2024-09-30,14,5608.80
2021Q1,2021-01-01 00:00:00,SMB,CUST-00233,2024-12-31,15,5608.80
2021Q1,2021-01-01 00:00:00,SMB,CUST-00233,2025-03-31,16,5608.80
2021Q1,2021-01-01 00:00:00,SMB,CUST-00233,2025-06-30,17,5823.24
2021Q1,2021-01-01 00:00:00,SMB,CUST-00233,2025-09-30,18,5823.24
2021Q1,2021-01-01 00:00:00,SMB,CUST-00233,2025-12-31,19,5823.24
2021Q1,2021-01-01 00:00:00,Mid-Market,CUST-00361,2024-03-31,12,42494.88
2021Q1,2021-01-01 00:00:00,Mid-Market,CUST-00361,2024-06-30,13,43918.56
2021Q1,2021-01-01 00:00:00,Mid-Market,CUST-00361,2024-09-30,14,43918.56
2021Q1,2021-01-01 00:00:00,Mid-Market,CUST-00361,2024-12-31,15,43918.56
2021Q1,2021-01-01 00:00:00,Mid-Market,CUST-00361,2025-03-31,16,43918.56
2021Q1,2021-01-01 00:00:00,Mid-Market,CUST-00361,2025-06-30,17,45482.76
2021Q1,2021-01-01 00:00:00,Mid-Market,CUST-00361,2025-09-30,18,45482.76
2021Q1,2021-01-01 00:00:00,Mid-Market,CUST-00361,2025-12-31,19,45482.76
2021Q1,2021-01-01 00:00:00,Mid-Market,CUST-00361,2026-03-31,20,45482.76
2021Q1,2021-01-01 00:00:00,Mid-Market,CUST-00361,2026-06-30,21,63601.80
2021Q1,2021-01-01 00:00:00,Mid-Market,CUST-00356,2024-03-31,12,14866.32
2021Q1,2021-01-01 00:00:00,Mid-Market,CUST-00356,2024-06-30,13,16724.64
2021Q1,2021-01-01 00:00:00,Mid-Market,CUST-00356,2024-09-30,14,16724.64
2021Q1,2021-01-01 00:00:00,Mid-Market,CUST-00356,2024-12-31,15,16724.64
2021Q1,2021-01-01 00:00:00,Mid-Market,CUST-00356,2025-03-31,16,17451.24
2021Q1,2021-01-01 00:00:00,Mid-Market,CUST-00356,2025-06-30,17,22298.88
2021Q1,2021-01-01 00:00:00,Mid-Market,CUST-00356,2025-09-30,18,22298.88
2021Q1,2021-01-01 00:00:00,Mid-Market,CUST-00356,2025-12-31,19,22298.88
2021Q1,2021-01-01 00:00:00,Mid-Market,CUST-00356,2026-03-31,20,33229.32
2021Q1,2021-01-01 00:00:00,Mid-Market,CUST-00356,2026-06-30,21,33229.32
2021Q1,2021-01-01 00:00:00,SMB,CUST-00234,2024-03-31,12,9843.96
2021Q1,2021-01-01 00:00:00,SMB,CUST-00234,2024-06-30,13,9843.96
2021Q1,2021-01-01 00:00:00,SMB,CUST-00234,2024-09-30,14,9843.96
2021Q1,2021-01-01 00:00:00,SMB,CUST-00234,2024-12-31,15,9843.96
2021Q1,2021-01-01 00:00:00,SMB,CUST-00234,2025-03-31,16,9843.96
2021Q1,2021-01-01 00:00:00,SMB,CUST-00234,2025-06-30,17,9843.96
2021Q1,2021-01-01 00:00:00,SMB,CUST-00234,2025-09-30,18,9843.96
2021Q1,2021-01-01 00:00:00,SMB,CUST-00234,2025-12-31,19,9843.96
2021Q1,2021-01-01 00:00:00,SMB,CUST-00234,2026-03-31,20,9843.96
2021Q1,2021-01-01 00:00:00,SMB,CUST-00234,2026-06-30,21,9843.96
2021Q1,2021-01-01 00:00:00,Enterprise,CUST-00409,2024-03-31,12,0.00
2021Q1,2021-01-01 00:00:00,Enterprise,CUST-00409,2024-06-30,13,0.00
2021Q1,2021-01-01 00:00:00,Enterprise,CUST-00409,2024-09-30,14,0.00
2021Q1,2021-01-01 00:00:00,Enterprise,CUST-00409,2024-12-31,15,0.00
2021Q1,2021-01-01 00:00:00,Enterprise,CUST-00409,2025-03-31,16,0.00
2021Q1,2021-01-01 00:00:00,Enterprise,CUST-00409,2025-06-30,17,0.00
2021Q1,2021-01-01 00:00:00,Enterprise,CUST-00409,2025-09-30,18,0.00
2021Q1,2021-01-01 00:00:00,Enterprise,CUST-00409,2025-12-31,19,0.00
2021Q1,2021-01-01 00:00:00,SMB,CUST-00193,2024-03-31,12,5767.68
2021Q1,2021-01-01 00:00:00,SMB,CUST-00193,2024-06-30,13,5767.68
2021Q1,2021-01-01 00:00:00,SMB,CUST-00193,2024-09-30,14,5767.68
2021Q1,2021-01-01 00:00:00,SMB,CUST-00193,2024-12-31,15,5767.68
2021Q1,2021-01-01 00:00:00,SMB,CUST-00193,2025-03-31,16,5767.68
2021Q1,2021-01-01 00:00:00,SMB,CUST-00193,2025-06-30,17,5767.68
2021Q1,2021-01-01 00:00:00,SMB,CUST-00193,2025-09-30,18,5767.68
2021Q1,2021-01-01 00:00:00,SMB,CUST-00193,2025-12-31,19,5767.68
2021Q1,2021-01-01 00:00:00,SMB,CUST-00193,2026-03-31,20,7803.12
2021Q1,2021-01-01 00:00:00,SMB,CUST-00193,2026-06-30,21,7803.12
2021Q1,2021-01-01 00:00:00,Enterprise,CUST-00409,2026-03-31,20,0.00
2021Q1,2021-01-01 00:00:00,Enterprise,CUST-00409,2026-06-30,21,0.00
2021Q1,2021-01-01 00:00:00,SMB,CUST-00233,2024-03-31,12,6169.92
2021Q1,2021-01-01 00:00:00,SMB,CUST-00204,2024-03-31,12,3158.76
2021Q1,2021-01-01 00:00:00,SMB,CUST-00204,2024-06-30,13,3158.76
2021Q1,2021-01-01 00:00:00,SMB,CUST-00201,2024-03-31,12,0.00
2021Q1,2021-01-01 00:00:00,SMB,CUST-00201,2024-06-30,13,0.00
2021Q1,2021-01-01 00:00:00,SMB,CUST-00201,2024-09-30,14,0.00
2021Q1,2021-01-01 00:00:00,SMB,CUST-00201,2024-12-31,15,0.00
2021Q1,2021-01-01 00:00:00,SMB,CUST-00201,2025-03-31,16,0.00
2021Q1,2021-01-01 00:00:00,SMB,CUST-00201,2025-06-30,17,0.00
2021Q1,2021-01-01 00:00:00,SMB,CUST-00201,2025-09-30,18,0.00
2021Q1,2021-01-01 00:00:00,SMB,CUST-00201,2025-12-31,19,0.00
2021Q1,2021-01-01 00:00:00,SMB,CUST-00201,2026-03-31,20,0.00
2021Q1,2021-01-01 00:00:00,SMB,CUST-00201,2026-06-30,21,0.00
2021Q1,2021-01-01 00:00:00,SMB,CUST-00211,2024-03-31,12,2117.04
2021Q1,2021-01-01 00:00:00,SMB,CUST-00211,2024-06-30,13,2117.04
2021Q1,2021-01-01 00:00:00,SMB,CUST-00211,2024-09-30,14,2117.04
2021Q1,2021-01-01 00:00:00,SMB,CUST-00211,2024-12-31,15,2117.04
2021Q1,2021-01-01 00:00:00,SMB,CUST-00211,2025-03-31,16,2117.04
2021Q1,2021-01-01 00:00:00,SMB,CUST-00211,2025-06-30,17,2117.04
2021Q1,2021-01-01 00:00:00,SMB,CUST-00211,2025-09-30,18,3669.24
2021Q1,2021-01-01 00:00:00,SMB,CUST-00211,2025-12-31,19,3669.24
2021Q1,2021-01-01 00:00:00,SMB,CUST-00211,2026-03-31,20,3669.24
2021Q1,2021-01-01 00:00:00,SMB,CUST-00211,2026-06-30,21,3669.24
2021Q1,2021-01-01 00:00:00,SMB,CUST-00195,2024-03-31,12,6244.20
2021Q1,2021-01-01 00:00:00,SMB,CUST-00195,2024-06-30,13,5550.36
2021Q1,2021-01-01 00:00:00,SMB,CUST-00226,2026-03-31,20,4812.36
2021Q1,2021-01-01 00:00:00,SMB,CUST-00226,2026-06-30,21,4970.52
2021Q1,2021-01-01 00:00:00,SMB,CUST-00195,2024-09-30,14,6244.20
2021Q1,2021-01-01 00:00:00,SMB,CUST-00195,2024-12-31,15,6244.20
2021Q1,2021-01-01 00:00:00,SMB,CUST-00195,2025-03-31,16,6244.20
2021Q1,2021-01-01 00:00:00,SMB,CUST-00195,2025-06-30,17,6244.20
2021Q1,2021-01-01 00:00:00,SMB,CUST-00229,2025-03-31,16,6425.28
2021Q1,2021-01-01 00:00:00,SMB,CUST-00229,2025-06-30,17,6425.28
2021Q1,2021-01-01 00:00:00,SMB,CUST-00229,2025-09-30,18,6425.28
2021Q1,2021-01-01 00:00:00,SMB,CUST-00229,2025-12-31,19,6425.28
2021Q1,2021-01-01 00:00:00,SMB,CUST-00229,2026-03-31,20,6425.28
2021Q1,2021-01-01 00:00:00,SMB,CUST-00229,2026-06-30,21,6425.28
2021Q1,2021-01-01 00:00:00,Mid-Market,CUST-00360,2024-03-31,12,0.00
2021Q1,2021-01-01 00:00:00,Mid-Market,CUST-00360,2024-06-30,13,0.00
2021Q1,2021-01-01 00:00:00,SMB,CUST-00226,2024-12-31,15,4606.32
2021Q1,2021-01-01 00:00:00,SMB,CUST-00226,2025-03-31,16,4606.32
2021Q1,2021-01-01 00:00:00,SMB,CUST-00226,2025-06-30,17,4812.36
2021Q1,2021-01-01 00:00:00,SMB,CUST-00226,2025-09-30,18,4812.36
2021Q1,2021-01-01 00:00:00,SMB,CUST-00226,2025-12-31,19,4812.36
2021Q1,2021-01-01 00:00:00,SMB,CUST-00214,2025-12-31,19,6409.08
2021Q1,2021-01-01 00:00:00,SMB,CUST-00214,2026-03-31,20,6409.08
2021Q1,2021-01-01 00:00:00,SMB,CUST-00214,2026-06-30,21,6409.08
2021Q1,2021-01-01 00:00:00,Mid-Market,CUST-00358,2026-03-31,20,0.00
2021Q1,2021-01-01 00:00:00,Mid-Market,CUST-00358,2026-06-30,21,0.00
2021Q1,2021-01-01 00:00:00,SMB,CUST-00229,2024-03-31,12,6425.28
2021Q1,2021-01-01 00:00:00,SMB,CUST-00229,2024-06-30,13,6425.28
2021Q1,2021-01-01 00:00:00,SMB,CUST-00229,2024-09-30,14,6425.28
2021Q1,2021-01-01 00:00:00,SMB,CUST-00229,2024-12-31,15,6425.28
2021Q1,2021-01-01 00:00:00,Mid-Market,CUST-00358,2024-03-31,12,19917.24
2021Q1,2021-01-01 00:00:00,Mid-Market,CUST-00358,2024-06-30,13,19917.24
2021Q1,2021-01-01 00:00:00,Mid-Market,CUST-00358,2024-09-30,14,35721.12
2021Q1,2021-01-01 00:00:00,Mid-Market,CUST-00358,2024-12-31,15,35721.12
2021Q1,2021-01-01 00:00:00,Mid-Market,CUST-00358,2025-03-31,16,0.00
2021Q1,2021-01-01 00:00:00,Mid-Market,CUST-00358,2025-06-30,17,0.00
2021Q1,2021-01-01 00:00:00,Mid-Market,CUST-00358,2025-09-30,18,0.00
2021Q1,2021-01-01 00:00:00,Mid-Market,CUST-00358,2025-12-31,19,0.00
2021Q1,2021-01-01 00:00:00,SMB,CUST-00226,2024-03-31,12,4466.88
2021Q1,2021-01-01 00:00:00,SMB,CUST-00214,2024-03-31,12,6409.08
2021Q1,2021-01-01 00:00:00,SMB,CUST-00214,2024-06-30,13,6409.08
2021Q1,2021-01-01 00:00:00,SMB,CUST-00214,2024-09-30,14,6409.08
2021Q1,2021-01-01 00:00:00,SMB,CUST-00204,2024-09-30,14,3158.76
2021Q1,2021-01-01 00:00:00,SMB,CUST-00204,2024-12-31,15,3158.76
2021Q1,2021-01-01 00:00:00,SMB,CUST-00204,2025-03-31,16,3158.76
2021Q1,2021-01-01 00:00:00,SMB,CUST-00204,2025-06-30,17,4422.24
2021Q1,2021-01-01 00:00:00,SMB,CUST-00204,2025-09-30,18,4422.24
2021Q1,2021-01-01 00:00:00,Mid-Market,CUST-00360,2025-03-31,16,0.00
2021Q1,2021-01-01 00:00:00,SMB,CUST-00226,2024-06-30,13,4606.32
2021Q1,2021-01-01 00:00:00,SMB,CUST-00226,2024-09-30,14,4606.32
2021Q1,2021-01-01 00:00:00,Mid-Market,CUST-00360,2025-06-30,17,0.00
2021Q1,2021-01-01 00:00:00,Mid-Market,CUST-00360,2025-09-30,18,0.00
2021Q1,2021-01-01 00:00:00,SMB,CUST-00214,2025-03-31,16,6409.08
2021Q1,2021-01-01 00:00:00,SMB,CUST-00214,2025-06-30,17,6409.08
2021Q1,2021-01-01 00:00:00,SMB,CUST-00214,2025-09-30,18,6409.08
2021Q1,2021-01-01 00:00:00,Mid-Market,CUST-00360,2024-12-31,15,0.00
2021Q1,2021-01-01 00:00:00,SMB,CUST-00204,2025-12-31,19,4422.24
2021Q1,2021-01-01 00:00:00,Mid-Market,CUST-00360,2024-09-30,14,0.00
2021Q1,2021-01-01 00:00:00,Mid-Market,CUST-00360,2025-12-31,19,0.00
2021Q1,2021-01-01 00:00:00,Mid-Market,CUST-00360,2026-03-31,20,0.00
2021Q1,2021-01-01 00:00:00,Mid-Market,CUST-00360,2026-06-30,21,0.00
2021Q1,2021-01-01 00:00:00,SMB,CUST-00204,2026-06-30,21,4422.24
2021Q1,2021-01-01 00:00:00,SMB,CUST-00214,2024-12-31,15,6409.08
2021Q1,2021-01-01 00:00:00,SMB,CUST-00204,2026-03-31,20,4422.24
2021Q2,2021-04-01 00:00:00,SMB,CUST-00240,2024-03-31,11,7938.96
2021Q2,2021-04-01 00:00:00,SMB,CUST-00240,2024-06-30,12,7938.96
2021Q2,2021-04-01 00:00:00,SMB,CUST-00240,2024-09-30,13,7938.96
2021Q2,2021-04-01 00:00:00,SMB,CUST-00240,2024-12-31,14,7938.96
2021Q2,2021-04-01 00:00:00,SMB,CUST-00240,2025-03-31,15,7938.96
2021Q2,2021-04-01 00:00:00,SMB,CUST-00240,2025-06-30,16,7938.96
2021Q2,2021-04-01 00:00:00,SMB,CUST-00240,2025-09-30,17,7145.04
2021Q2,2021-04-01 00:00:00,SMB,CUST-00240,2025-12-31,18,0.00
2021Q2,2021-04-01 00:00:00,SMB,CUST-00240,2026-03-31,19,0.00
2021Q2,2021-04-01 00:00:00,SMB,CUST-00240,2026-06-30,20,0.00
2021Q2,2021-04-01 00:00:00,SMB,CUST-00249,2024-03-31,11,7099.68
2021Q2,2021-04-01 00:00:00,SMB,CUST-00249,2024-06-30,12,7099.68
2021Q2,2021-04-01 00:00:00,SMB,CUST-00249,2024-09-30,13,7099.68
2021Q2,2021-04-01 00:00:00,SMB,CUST-00249,2024-12-31,14,7099.68
2021Q2,2021-04-01 00:00:00,SMB,CUST-00249,2025-03-31,15,0.00
2021Q2,2021-04-01 00:00:00,SMB,CUST-00249,2025-06-30,16,0.00
2021Q2,2021-04-01 00:00:00,SMB,CUST-00249,2025-09-30,17,0.00
2021Q2,2021-04-01 00:00:00,SMB,CUST-00249,2025-12-31,18,0.00
2021Q2,2021-04-01 00:00:00,SMB,CUST-00249,2026-03-31,19,0.00
2021Q2,2021-04-01 00:00:00,SMB,CUST-00249,2026-06-30,20,0.00
2021Q2,2021-04-01 00:00:00,SMB,CUST-00253,2024-03-31,11,7229.16
2021Q2,2021-04-01 00:00:00,SMB,CUST-00253,2024-06-30,12,5358.36
2021Q2,2021-04-01 00:00:00,SMB,CUST-00253,2024-09-30,13,5358.36
2021Q2,2021-04-01 00:00:00,SMB,CUST-00253,2024-12-31,14,5358.36
2021Q2,2021-04-01 00:00:00,SMB,CUST-00253,2025-03-31,15,7395.12
2021Q2,2021-04-01 00:00:00,SMB,CUST-00253,2025-06-30,16,5601.60
2021Q2,2021-04-01 00:00:00,SMB,CUST-00253,2025-09-30,17,5601.60
2021Q2,2021-04-01 00:00:00,SMB,CUST-00253,2025-12-31,18,7730.76
2021Q2,2021-04-01 00:00:00,SMB,CUST-00253,2026-03-31,19,7730.76
2021Q2,2021-04-01 00:00:00,SMB,CUST-00253,2026-06-30,20,5814.60
2021Q2,2021-04-01 00:00:00,Mid-Market,CUST-00372,2024-03-31,11,13101.60
2021Q2,2021-04-01 00:00:00,Mid-Market,CUST-00372,2024-06-30,12,13101.60
2021Q2,2021-04-01 00:00:00,Mid-Market,CUST-00372,2024-09-30,13,13101.60
2021Q2,2021-04-01 00:00:00,Mid-Market,CUST-00372,2024-12-31,14,13733.76
2021Q2,2021-04-01 00:00:00,Mid-Market,CUST-00372,2025-03-31,15,19619.64
2021Q2,2021-04-01 00:00:00,Mid-Market,CUST-00372,2025-06-30,16,19619.64
2021Q2,2021-04-01 00:00:00,Mid-Market,CUST-00372,2025-09-30,17,27467.52
2021Q2,2021-04-01 00:00:00,Mid-Market,CUST-00372,2025-12-31,18,20457.36
2021Q2,2021-04-01 00:00:00,Mid-Market,CUST-00372,2026-03-31,19,20457.36
2021Q2,2021-04-01 00:00:00,Mid-Market,CUST-00372,2026-06-30,20,20457.36
2021Q2,2021-04-01 00:00:00,SMB,CUST-00258,2024-03-31,11,2265.72
2021Q2,2021-04-01 00:00:00,SMB,CUST-00258,2024-06-30,12,2265.72
2021Q2,2021-04-01 00:00:00,SMB,CUST-00258,2024-09-30,13,2339.40
2021Q2,2021-04-01 00:00:00,SMB,CUST-00258,2024-12-31,14,2339.40
2021Q2,2021-04-01 00:00:00,SMB,CUST-00258,2025-03-31,15,2339.40
2021Q2,2021-04-01 00:00:00,SMB,CUST-00258,2025-06-30,16,2339.40
2021Q2,2021-04-01 00:00:00,SMB,CUST-00258,2025-09-30,17,2454.24
2021Q2,2021-04-01 00:00:00,SMB,CUST-00258,2025-12-31,18,2454.24
2021Q2,2021-04-01 00:00:00,SMB,CUST-00258,2026-03-31,19,2454.24
2021Q2,2021-04-01 00:00:00,SMB,CUST-00258,2026-06-30,20,2454.24
2021Q2,2021-04-01 00:00:00,Mid-Market,CUST-00369,2024-03-31,11,30985.80
2021Q2,2021-04-01 00:00:00,Mid-Market,CUST-00369,2024-06-30,12,30985.80
2021Q2,2021-04-01 00:00:00,Mid-Market,CUST-00369,2024-09-30,13,34859.04
2021Q2,2021-04-01 00:00:00,Mid-Market,CUST-00369,2024-12-31,14,34859.04
2021Q2,2021-04-01 00:00:00,Mid-Market,CUST-00369,2025-03-31,15,37441.20
2021Q2,2021-04-01 00:00:00,Mid-Market,CUST-00369,2025-06-30,16,39147.60
2021Q2,2021-04-01 00:00:00,Mid-Market,CUST-00369,2025-09-30,17,39147.60
2021Q2,2021-04-01 00:00:00,Mid-Market,CUST-00369,2025-12-31,18,39147.60
2021Q2,2021-04-01 00:00:00,Mid-Market,CUST-00369,2026-03-31,19,39147.60
2021Q2,2021-04-01 00:00:00,Mid-Market,CUST-00369,2026-06-30,20,40482.48
2021Q2,2021-04-01 00:00:00,SMB,CUST-00238,2024-03-31,11,3616.92
2021Q2,2021-04-01 00:00:00,SMB,CUST-00238,2024-06-30,12,0.00
2021Q2,2021-04-01 00:00:00,SMB,CUST-00238,2024-09-30,13,0.00
2021Q2,2021-04-01 00:00:00,SMB,CUST-00238,2024-12-31,14,0.00
2021Q2,2021-04-01 00:00:00,SMB,CUST-00238,2025-03-31,15,0.00
2021Q2,2021-04-01 00:00:00,SMB,CUST-00238,2025-06-30,16,0.00
2021Q2,2021-04-01 00:00:00,SMB,CUST-00238,2025-09-30,17,0.00
2021Q2,2021-04-01 00:00:00,SMB,CUST-00238,2025-12-31,18,0.00
2021Q2,2021-04-01 00:00:00,SMB,CUST-00238,2026-03-31,19,0.00
2021Q2,2021-04-01 00:00:00,SMB,CUST-00238,2026-06-30,20,0.00
2021Q2,2021-04-01 00:00:00,SMB,CUST-00246,2024-03-31,11,9045.72
2021Q2,2021-04-01 00:00:00,SMB,CUST-00246,2024-06-30,12,9045.72
2021Q2,2021-04-01 00:00:00,SMB,CUST-00246,2024-09-30,13,9045.72
2021Q2,2021-04-01 00:00:00,SMB,CUST-00246,2024-12-31,14,9045.72
2021Q2,2021-04-01 00:00:00,SMB,CUST-00246,2025-03-31,15,9045.72
2021Q2,2021-04-01 00:00:00,SMB,CUST-00246,2025-06-30,16,9045.72
2021Q2,2021-04-01 00:00:00,SMB,CUST-00246,2025-09-30,17,9045.72
2021Q2,2021-04-01 00:00:00,SMB,CUST-00246,2025-12-31,18,9045.72
2021Q2,2021-04-01 00:00:00,SMB,CUST-00246,2026-03-31,19,9045.72
2021Q2,2021-04-01 00:00:00,SMB,CUST-00246,2026-06-30,20,9045.72
2021Q2,2021-04-01 00:00:00,SMB,CUST-00242,2024-03-31,11,879.00
2021Q2,2021-04-01 00:00:00,SMB,CUST-00242,2024-06-30,12,879.00
2021Q2,2021-04-01 00:00:00,SMB,CUST-00242,2024-09-30,13,879.00
2021Q2,2021-04-01 00:00:00,SMB,CUST-00242,2024-12-31,14,0.00
2021Q2,2021-04-01 00:00:00,SMB,CUST-00242,2025-03-31,15,0.00
2021Q2,2021-04-01 00:00:00,SMB,CUST-00242,2025-06-30,16,0.00
2021Q2,2021-04-01 00:00:00,SMB,CUST-00242,2025-09-30,17,0.00
2021Q2,2021-04-01 00:00:00,SMB,CUST-00242,2025-12-31,18,0.00
2021Q2,2021-04-01 00:00:00,SMB,CUST-00242,2026-03-31,19,0.00
2021Q2,2021-04-01 00:00:00,SMB,CUST-00242,2026-06-30,20,0.00
2021Q2,2021-04-01 00:00:00,SMB,CUST-00269,2024-03-31,11,7629.48
2021Q2,2021-04-01 00:00:00,SMB,CUST-00269,2024-06-30,12,7629.48
2021Q2,2021-04-01 00:00:00,SMB,CUST-00269,2024-09-30,13,6612.24
2021Q2,2021-04-01 00:00:00,SMB,CUST-00269,2024-12-31,14,8637.72
2021Q2,2021-04-01 00:00:00,SMB,CUST-00269,2025-03-31,15,8637.72
2021Q2,2021-04-01 00:00:00,SMB,CUST-00269,2025-06-30,16,8637.72
2021Q2,2021-04-01 00:00:00,SMB,CUST-00269,2025-09-30,17,0.00
2021Q2,2021-04-01 00:00:00,SMB,CUST-00269,2025-12-31,18,0.00
2021Q2,2021-04-01 00:00:00,SMB,CUST-00269,2026-03-31,19,0.00
2021Q2,2021-04-01 00:00:00,SMB,CUST-00269,2026-06-30,20,0.00
2021Q2,2021-04-01 00:00:00,Enterprise,CUST-00412,2024-03-31,11,171557.28
2021Q2,2021-04-01 00:00:00,Enterprise,CUST-00412,2024-06-30,12,171557.28
2021Q2,2021-04-01 00:00:00,Enterprise,CUST-00412,2024-09-30,13,171557.28
2021Q2,2021-04-01 00:00:00,Enterprise,CUST-00412,2024-12-31,14,171557.28
2021Q2,2021-04-01 00:00:00,Enterprise,CUST-00412,2025-03-31,15,171557.28
2021Q2,2021-04-01 00:00:00,Enterprise,CUST-00412,2025-06-30,16,171557.28
2021Q2,2021-04-01 00:00:00,Enterprise,CUST-00412,2025-09-30,17,171557.28
2021Q2,2021-04-01 00:00:00,Enterprise,CUST-00412,2025-12-31,18,171557.28
2021Q2,2021-04-01 00:00:00,Enterprise,CUST-00412,2026-03-31,19,171557.28
2021Q2,2021-04-01 00:00:00,Enterprise,CUST-00412,2026-06-30,20,182760.24
2021Q2,2021-04-01 00:00:00,Mid-Market,CUST-00367,2024-03-31,11,40222.44
2021Q2,2021-04-01 00:00:00,Mid-Market,CUST-00367,2024-06-30,12,56311.44
2021Q2,2021-04-01 00:00:00,Mid-Market,CUST-00367,2024-09-30,13,56311.44
2021Q2,2021-04-01 00:00:00,Mid-Market,CUST-00367,2024-12-31,14,56311.44
2021Q2,2021-04-01 00:00:00,Mid-Market,CUST-00367,2025-03-31,15,67731.60
2021Q2,2021-04-01 00:00:00,Mid-Market,CUST-00367,2025-06-30,16,41903.52
2021Q2,2021-04-01 00:00:00,Mid-Market,CUST-00367,2025-09-30,17,70562.28
2021Q2,2021-04-01 00:00:00,Mid-Market,CUST-00367,2025-12-31,18,70562.28
2021Q2,2021-04-01 00:00:00,Mid-Market,CUST-00367,2026-03-31,19,70562.28
2021Q2,2021-04-01 00:00:00,Mid-Market,CUST-00367,2026-06-30,20,70562.28
2021Q2,2021-04-01 00:00:00,Mid-Market,CUST-00375,2024-03-31,11,76460.64
2021Q2,2021-04-01 00:00:00,Mid-Market,CUST-00375,2024-06-30,12,76460.64
2021Q2,2021-04-01 00:00:00,Mid-Market,CUST-00375,2024-09-30,13,56620.44
2021Q2,2021-04-01 00:00:00,Mid-Market,CUST-00375,2024-12-31,14,56620.44
2021Q2,2021-04-01 00:00:00,Mid-Market,CUST-00375,2025-03-31,15,65364.96
2021Q2,2021-04-01 00:00:00,Mid-Market,CUST-00375,2025-06-30,16,65364.96
2021Q2,2021-04-01 00:00:00,Mid-Market,CUST-00375,2025-09-30,17,58536.96
2021Q2,2021-04-01 00:00:00,Mid-Market,CUST-00375,2025-12-31,18,58536.96
2021Q2,2021-04-01 00:00:00,Mid-Market,CUST-00375,2026-03-31,19,58536.96
2021Q2,2021-04-01 00:00:00,Mid-Market,CUST-00375,2026-06-30,20,58536.96
2021Q2,2021-04-01 00:00:00,Mid-Market,CUST-00373,2024-03-31,11,19457.04
2021Q2,2021-04-01 00:00:00,Mid-Market,CUST-00373,2024-06-30,12,20134.80
2021Q2,2021-04-01 00:00:00,Mid-Market,CUST-00373,2024-09-30,13,20134.80
2021Q2,2021-04-01 00:00:00,Mid-Market,CUST-00373,2024-12-31,14,20134.80
2021Q2,2021-04-01 00:00:00,Mid-Market,CUST-00373,2025-03-31,15,20134.80
2021Q2,2021-04-01 00:00:00,Mid-Market,CUST-00373,2025-06-30,16,20993.76
2021Q2,2021-04-01 00:00:00,Mid-Market,CUST-00373,2025-09-30,17,20993.76
2021Q2,2021-04-01 00:00:00,Mid-Market,CUST-00373,2025-12-31,18,20993.76
2021Q2,2021-04-01 00:00:00,Mid-Market,CUST-00373,2026-03-31,19,29391.24
2021Q2,2021-04-01 00:00:00,Mid-Market,CUST-00373,2026-06-30,20,21961.92
2021Q2,2021-04-01 00:00:00,SMB,CUST-00270,2024-03-31,11,2810.52
2021Q2,2021-04-01 00:00:00,SMB,CUST-00270,2024-06-30,12,2810.52
2021Q2,2021-04-01 00:00:00,SMB,CUST-00270,2024-09-30,13,2896.80
2021Q2,2021-04-01 00:00:00,SMB,CUST-00270,2024-12-31,14,2896.80
2021Q2,2021-04-01 00:00:00,SMB,CUST-00270,2025-03-31,15,2896.80
2021Q2,2021-04-01 00:00:00,SMB,CUST-00270,2025-06-30,16,2896.80
2021Q2,2021-04-01 00:00:00,SMB,CUST-00270,2025-09-30,17,3011.40
2021Q2,2021-04-01 00:00:00,SMB,CUST-00270,2025-12-31,18,4215.96
2021Q2,2021-04-01 00:00:00,SMB,CUST-00270,2026-03-31,19,4215.96
2021Q2,2021-04-01 00:00:00,SMB,CUST-00270,2026-06-30,20,4215.96
2021Q2,2021-04-01 00:00:00,SMB,CUST-00239,2024-09-30,13,7440.84
2021Q2,2021-04-01 00:00:00,SMB,CUST-00239,2024-12-31,14,7440.84
2021Q2,2021-04-01 00:00:00,SMB,CUST-00239,2025-03-31,15,7440.84
2021Q2,2021-04-01 00:00:00,SMB,CUST-00239,2025-06-30,16,7440.84
2021Q2,2021-04-01 00:00:00,SMB,CUST-00239,2025-09-30,17,7440.84
2021Q2,2021-04-01 00:00:00,SMB,CUST-00239,2025-12-31,18,7440.84
2021Q2,2021-04-01 00:00:00,SMB,CUST-00239,2026-03-31,19,7440.84
2021Q2,2021-04-01 00:00:00,SMB,CUST-00239,2026-06-30,20,7440.84
2021Q2,2021-04-01 00:00:00,SMB,CUST-00248,2024-03-31,11,2221.08
2021Q2,2021-04-01 00:00:00,SMB,CUST-00248,2024-06-30,12,2305.08
2021Q2,2021-04-01 00:00:00,SMB,CUST-00248,2024-09-30,13,2305.08
2021Q2,2021-04-01 00:00:00,SMB,CUST-00248,2024-12-31,14,2305.08
2021Q2,2021-04-01 00:00:00,SMB,CUST-00248,2025-03-31,15,2305.08
2021Q2,2021-04-01 00:00:00,SMB,CUST-00248,2025-06-30,16,2415.48
2021Q2,2021-04-01 00:00:00,SMB,CUST-00248,2025-09-30,17,2415.48
2021Q2,2021-04-01 00:00:00,SMB,CUST-00248,2025-12-31,18,2415.48
2021Q2,2021-04-01 00:00:00,SMB,CUST-00248,2026-03-31,19,2415.48
2021Q2,2021-04-01 00:00:00,SMB,CUST-00248,2026-06-30,20,2415.60
2021Q2,2021-04-01 00:00:00,SMB,CUST-00255,2024-03-31,11,3056.04
2021Q2,2021-04-01 00:00:00,SMB,CUST-00255,2024-06-30,12,2268.96
2021Q2,2021-04-01 00:00:00,SMB,CUST-00255,2024-09-30,13,2268.96
2021Q2,2021-04-01 00:00:00,SMB,CUST-00255,2024-12-31,14,2268.96
2021Q2,2021-04-01 00:00:00,SMB,CUST-00255,2025-03-31,15,2268.96
2021Q2,2021-04-01 00:00:00,SMB,CUST-00255,2025-06-30,16,2268.84
2021Q2,2021-04-01 00:00:00,SMB,CUST-00255,2025-09-30,17,2268.84
2021Q2,2021-04-01 00:00:00,SMB,CUST-00255,2025-12-31,18,2268.84
2021Q2,2021-04-01 00:00:00,SMB,CUST-00255,2026-03-31,19,2268.84
2021Q2,2021-04-01 00:00:00,SMB,CUST-00255,2026-06-30,20,2366.28
2021Q2,2021-04-01 00:00:00,SMB,CUST-00237,2024-03-31,11,7763.04
2021Q2,2021-04-01 00:00:00,SMB,CUST-00237,2024-06-30,12,7763.04
2021Q2,2021-04-01 00:00:00,SMB,CUST-00237,2024-09-30,13,7763.04
2021Q2,2021-04-01 00:00:00,SMB,CUST-00237,2024-12-31,14,7763.04
2021Q2,2021-04-01 00:00:00,SMB,CUST-00237,2025-03-31,15,7763.04
2021Q2,2021-04-01 00:00:00,SMB,CUST-00237,2025-06-30,16,7763.04
2021Q2,2021-04-01 00:00:00,SMB,CUST-00237,2025-09-30,17,7763.04
2021Q2,2021-04-01 00:00:00,SMB,CUST-00237,2025-12-31,18,7763.04
2021Q2,2021-04-01 00:00:00,SMB,CUST-00237,2026-03-31,19,7763.04
2021Q2,2021-04-01 00:00:00,SMB,CUST-00237,2026-06-30,20,7763.04
2021Q2,2021-04-01 00:00:00,SMB,CUST-00239,2024-03-31,11,7440.84
2021Q2,2021-04-01 00:00:00,SMB,CUST-00239,2024-06-30,12,7440.84
2021Q2,2021-04-01 00:00:00,Mid-Market,CUST-00377,2024-12-31,14,9434.16
2021Q2,2021-04-01 00:00:00,Mid-Market,CUST-00377,2025-03-31,15,10482.36
2021Q2,2021-04-01 00:00:00,Mid-Market,CUST-00377,2025-06-30,16,10482.36
2021Q2,2021-04-01 00:00:00,Mid-Market,CUST-00377,2025-09-30,17,10923.84
2021Q2,2021-04-01 00:00:00,Mid-Market,CUST-00377,2025-12-31,18,10923.84
2021Q2,2021-04-01 00:00:00,Mid-Market,CUST-00377,2026-03-31,19,12016.20
2021Q2,2021-04-01 00:00:00,Mid-Market,CUST-00377,2026-06-30,20,12016.20
2021Q2,2021-04-01 00:00:00,Mid-Market,CUST-00374,2024-03-31,11,10848.36
2021Q2,2021-04-01 00:00:00,Mid-Market,CUST-00374,2024-06-30,12,11306.40
2021Q2,2021-04-01 00:00:00,Mid-Market,CUST-00374,2024-09-30,13,11306.40
2021Q2,2021-04-01 00:00:00,Mid-Market,CUST-00374,2024-12-31,14,21199.56
2021Q2,2021-04-01 00:00:00,Mid-Market,CUST-00374,2025-03-31,15,21199.56
2021Q2,2021-04-01 00:00:00,Mid-Market,CUST-00374,2025-06-30,16,21984.84
2021Q2,2021-04-01 00:00:00,Mid-Market,CUST-00374,2025-09-30,17,21984.84
2021Q2,2021-04-01 00:00:00,Mid-Market,CUST-00374,2025-12-31,18,21984.84
2021Q2,2021-04-01 00:00:00,Mid-Market,CUST-00374,2026-03-31,19,21984.84
2021Q2,2021-04-01 00:00:00,Mid-Market,CUST-00374,2026-06-30,20,15702.84
2021Q2,2021-04-01 00:00:00,Mid-Market,CUST-00378,2024-03-31,11,55347.12
2021Q2,2021-04-01 00:00:00,Mid-Market,CUST-00378,2024-06-30,12,65805.84
2021Q2,2021-04-01 00:00:00,Mid-Market,CUST-00378,2024-09-30,13,41511.12
2021Q2,2021-04-01 00:00:00,Mid-Market,CUST-00378,2024-12-31,14,41511.12
2021Q2,2021-04-01 00:00:00,Mid-Market,CUST-00378,2025-03-31,15,58115.64
2021Q2,2021-04-01 00:00:00,Mid-Market,CUST-00378,2025-06-30,16,58115.64
2021Q2,2021-04-01 00:00:00,Mid-Market,CUST-00378,2025-09-30,17,41510.76
2021Q2,2021-04-01 00:00:00,Mid-Market,CUST-00378,2025-12-31,18,41510.76
2021Q2,2021-04-01 00:00:00,Mid-Market,CUST-00378,2026-03-31,19,58115.04
2021Q2,2021-04-01 00:00:00,Mid-Market,CUST-00378,2026-06-30,20,58115.04
2021Q2,2021-04-01 00:00:00,SMB,CUST-00251,2024-03-31,11,10196.04
2021Q2,2021-04-01 00:00:00,SMB,CUST-00251,2024-06-30,12,0.00
2021Q2,2021-04-01 00:00:00,SMB,CUST-00251,2024-09-30,13,0.00
2021Q2,2021-04-01 00:00:00,SMB,CUST-00251,2024-12-31,14,0.00
2021Q2,2021-04-01 00:00:00,SMB,CUST-00251,2025-03-31,15,0.00
2021Q2,2021-04-01 00:00:00,SMB,CUST-00251,2025-06-30,16,0.00
2021Q2,2021-04-01 00:00:00,SMB,CUST-00251,2025-09-30,17,0.00
2021Q2,2021-04-01 00:00:00,SMB,CUST-00251,2025-12-31,18,0.00
2021Q2,2021-04-01 00:00:00,SMB,CUST-00251,2026-03-31,19,0.00
2021Q2,2021-04-01 00:00:00,SMB,CUST-00251,2026-06-30,20,0.00
2021Q2,2021-04-01 00:00:00,SMB,CUST-00236,2024-03-31,11,1527.00
2021Q2,2021-04-01 00:00:00,SMB,CUST-00236,2024-06-30,12,1587.00
2021Q2,2021-04-01 00:00:00,SMB,CUST-00236,2024-09-30,13,1587.00
2021Q2,2021-04-01 00:00:00,SMB,CUST-00236,2024-12-31,14,1587.00
2021Q2,2021-04-01 00:00:00,SMB,CUST-00236,2025-03-31,15,1587.00
2021Q2,2021-04-01 00:00:00,SMB,CUST-00236,2025-06-30,16,1587.00
2021Q2,2021-04-01 00:00:00,SMB,CUST-00236,2025-09-30,17,1587.00
2021Q2,2021-04-01 00:00:00,SMB,CUST-00236,2025-12-31,18,1587.00
2021Q2,2021-04-01 00:00:00,SMB,CUST-00236,2026-03-31,19,2221.80
2021Q2,2021-04-01 00:00:00,SMB,CUST-00236,2026-06-30,20,1642.32
2021Q2,2021-04-01 00:00:00,SMB,CUST-00241,2024-03-31,11,12824.64
2021Q2,2021-04-01 00:00:00,SMB,CUST-00241,2024-06-30,12,12824.64
2021Q2,2021-04-01 00:00:00,SMB,CUST-00241,2024-09-30,13,12824.64
2021Q2,2021-04-01 00:00:00,SMB,CUST-00241,2024-12-31,14,12824.64
2021Q2,2021-04-01 00:00:00,SMB,CUST-00241,2025-03-31,15,12824.64
2021Q2,2021-04-01 00:00:00,SMB,CUST-00241,2025-06-30,16,12824.64
2021Q2,2021-04-01 00:00:00,SMB,CUST-00241,2025-09-30,17,12824.64
2021Q2,2021-04-01 00:00:00,SMB,CUST-00241,2025-12-31,18,12824.64
2021Q2,2021-04-01 00:00:00,SMB,CUST-00241,2026-03-31,19,12824.64
2021Q2,2021-04-01 00:00:00,SMB,CUST-00241,2026-06-30,20,12824.64
2021Q2,2021-04-01 00:00:00,SMB,CUST-00250,2024-03-31,11,4463.28
2021Q2,2021-04-01 00:00:00,SMB,CUST-00250,2024-06-30,12,4463.28
2021Q2,2021-04-01 00:00:00,SMB,CUST-00250,2024-09-30,13,4463.28
2021Q2,2021-04-01 00:00:00,SMB,CUST-00250,2024-12-31,14,4463.28
2021Q2,2021-04-01 00:00:00,SMB,CUST-00250,2025-03-31,15,4463.28
2021Q2,2021-04-01 00:00:00,SMB,CUST-00250,2025-06-30,16,4463.28
2021Q2,2021-04-01 00:00:00,SMB,CUST-00250,2025-09-30,17,4463.28
2021Q2,2021-04-01 00:00:00,SMB,CUST-00250,2025-12-31,18,4463.28
2021Q2,2021-04-01 00:00:00,Mid-Market,CUST-00370,2024-03-31,11,70915.08
2021Q2,2021-04-01 00:00:00,Mid-Market,CUST-00370,2024-06-30,12,70915.08
2021Q2,2021-04-01 00:00:00,Mid-Market,CUST-00370,2024-09-30,13,70915.08
2021Q2,2021-04-01 00:00:00,Mid-Market,CUST-00370,2024-12-31,14,70915.08
2021Q2,2021-04-01 00:00:00,Mid-Market,CUST-00370,2025-03-31,15,96132.60
2021Q2,2021-04-01 00:00:00,Mid-Market,CUST-00370,2025-06-30,16,96132.60
2021Q2,2021-04-01 00:00:00,Mid-Market,CUST-00370,2025-09-30,17,96132.60
2021Q2,2021-04-01 00:00:00,Mid-Market,CUST-00370,2025-12-31,18,96132.60
2021Q2,2021-04-01 00:00:00,Mid-Market,CUST-00370,2026-03-31,19,96132.60
2021Q2,2021-04-01 00:00:00,Mid-Market,CUST-00370,2026-06-30,20,65742.60
2021Q2,2021-04-01 00:00:00,Mid-Market,CUST-00371,2024-03-31,11,64508.64
2021Q2,2021-04-01 00:00:00,Mid-Market,CUST-00371,2024-06-30,12,58351.44
2021Q2,2021-04-01 00:00:00,Mid-Market,CUST-00371,2024-09-30,13,58351.44
2021Q2,2021-04-01 00:00:00,Mid-Market,CUST-00371,2024-12-31,14,58351.44
2021Q2,2021-04-01 00:00:00,Mid-Market,CUST-00371,2025-03-31,15,58351.44
2021Q2,2021-04-01 00:00:00,Mid-Market,CUST-00371,2025-06-30,16,58347.84
2021Q2,2021-04-01 00:00:00,Mid-Market,CUST-00371,2025-09-30,17,58347.84
2021Q2,2021-04-01 00:00:00,Mid-Market,CUST-00371,2025-12-31,18,58347.84
2021Q2,2021-04-01 00:00:00,Mid-Market,CUST-00371,2026-03-31,19,58347.84
2021Q2,2021-04-01 00:00:00,Mid-Market,CUST-00371,2026-06-30,20,60692.16
2021Q2,2021-04-01 00:00:00,Mid-Market,CUST-00377,2024-03-31,11,15838.20
2021Q2,2021-04-01 00:00:00,Mid-Market,CUST-00377,2024-06-30,12,15838.20
2021Q2,2021-04-01 00:00:00,Mid-Market,CUST-00377,2024-09-30,13,9434.16
2021Q2,2021-04-01 00:00:00,SMB,CUST-00267,2024-03-31,11,1820.64
2021Q2,2021-04-01 00:00:00,SMB,CUST-00267,2024-06-30,12,1820.64
2021Q2,2021-04-01 00:00:00,SMB,CUST-00267,2024-09-30,13,1820.64
2021Q2,2021-04-01 00:00:00,SMB,CUST-00267,2024-12-31,14,1910.40
2021Q2,2021-04-01 00:00:00,SMB,CUST-00267,2025-09-30,17,1910.40
2021Q2,2021-04-01 00:00:00,SMB,CUST-00267,2025-12-31,18,0.00
2021Q2,2021-04-01 00:00:00,SMB,CUST-00267,2026-03-31,19,0.00
2021Q2,2021-04-01 00:00:00,SMB,CUST-00267,2026-06-30,20,0.00
2021Q2,2021-04-01 00:00:00,SMB,CUST-00267,2025-03-31,15,1910.40
2021Q2,2021-04-01 00:00:00,SMB,CUST-00250,2026-03-31,19,4463.28
2021Q2,2021-04-01 00:00:00,SMB,CUST-00250,2026-06-30,20,4463.28
2021Q2,2021-04-01 00:00:00,SMB,CUST-00267,2025-06-30,16,1910.40
2021Q3,2021-07-01 00:00:00,Mid-Market,CUST-00381,2024-03-31,10,24552.00
2021Q3,2021-07-01 00:00:00,Mid-Market,CUST-00381,2024-06-30,11,24552.00
2021Q3,2021-07-01 00:00:00,Mid-Market,CUST-00381,2024-09-30,12,25748.88
2021Q3,2021-07-01 00:00:00,Mid-Market,CUST-00381,2024-12-31,13,25748.88
2021Q3,2021-07-01 00:00:00,Mid-Market,CUST-00381,2025-03-31,14,25748.88
2021Q3,2021-07-01 00:00:00,Mid-Market,CUST-00381,2025-06-30,15,25748.88
2021Q3,2021-07-01 00:00:00,Mid-Market,CUST-00381,2025-09-30,16,28257.48
2021Q3,2021-07-01 00:00:00,Mid-Market,CUST-00381,2025-12-31,17,42386.04
2021Q3,2021-07-01 00:00:00,Mid-Market,CUST-00381,2026-03-31,18,43798.92
2021Q3,2021-07-01 00:00:00,Mid-Market,CUST-00381,2026-06-30,19,67817.76
2021Q3,2021-07-01 00:00:00,Mid-Market,CUST-00382,2024-03-31,10,66202.08
2021Q3,2021-07-01 00:00:00,Mid-Market,CUST-00382,2024-06-30,11,73887.00
2021Q3,2021-07-01 00:00:00,Mid-Market,CUST-00382,2024-09-30,12,69056.40
2021Q3,2021-07-01 00:00:00,Mid-Market,CUST-00382,2024-12-31,13,77072.64
2021Q3,2021-07-01 00:00:00,Mid-Market,CUST-00382,2025-03-31,14,77072.64
2021Q3,2021-07-01 00:00:00,Mid-Market,CUST-00382,2025-06-30,15,77072.64
2021Q3,2021-07-01 00:00:00,Mid-Market,CUST-00382,2025-09-30,16,0.00
2021Q3,2021-07-01 00:00:00,Mid-Market,CUST-00382,2025-12-31,17,0.00
2021Q3,2021-07-01 00:00:00,Mid-Market,CUST-00382,2026-03-31,18,0.00
2021Q3,2021-07-01 00:00:00,Mid-Market,CUST-00382,2026-06-30,19,0.00
2021Q3,2021-07-01 00:00:00,Mid-Market,CUST-00387,2024-03-31,10,33562.32
2021Q3,2021-07-01 00:00:00,Mid-Market,CUST-00387,2024-06-30,11,33562.32
2021Q3,2021-07-01 00:00:00,Mid-Market,CUST-00387,2024-09-30,12,44015.88
2021Q3,2021-07-01 00:00:00,Mid-Market,CUST-00387,2024-12-31,13,34628.88
2021Q3,2021-07-01 00:00:00,Mid-Market,CUST-00387,2025-03-31,14,45414.72
2021Q3,2021-07-01 00:00:00,Mid-Market,CUST-00387,2025-06-30,15,45414.72
2021Q3,2021-07-01 00:00:00,Mid-Market,CUST-00387,2025-09-30,16,45414.72
2021Q3,2021-07-01 00:00:00,Mid-Market,CUST-00387,2025-12-31,17,35791.68
2021Q3,2021-07-01 00:00:00,Mid-Market,CUST-00387,2026-03-31,18,35791.68
2021Q3,2021-07-01 00:00:00,Mid-Market,CUST-00387,2026-06-30,19,35791.68
2021Q3,2021-07-01 00:00:00,SMB,CUST-00274,2024-03-31,10,6500.76
2021Q3,2021-07-01 00:00:00,SMB,CUST-00274,2024-06-30,11,6500.76
2021Q3,2021-07-01 00:00:00,SMB,CUST-00274,2024-09-30,12,4727.88
2021Q3,2021-07-01 00:00:00,SMB,CUST-00274,2024-12-31,13,4727.88
2021Q3,2021-07-01 00:00:00,SMB,CUST-00274,2025-03-31,14,4727.88
2021Q3,2021-07-01 00:00:00,SMB,CUST-00274,2025-06-30,15,4727.88
2021Q3,2021-07-01 00:00:00,SMB,CUST-00274,2025-09-30,16,6769.20
2021Q3,2021-07-01 00:00:00,SMB,CUST-00274,2025-12-31,17,6769.20
2021Q3,2021-07-01 00:00:00,SMB,CUST-00274,2026-03-31,18,6769.20
2021Q3,2021-07-01 00:00:00,SMB,CUST-00274,2026-06-30,19,6769.20
2021Q3,2021-07-01 00:00:00,SMB,CUST-00291,2024-03-31,10,12562.56
2021Q3,2021-07-01 00:00:00,SMB,CUST-00291,2024-06-30,11,12562.56
2021Q3,2021-07-01 00:00:00,SMB,CUST-00291,2024-09-30,12,12562.56
2021Q3,2021-07-01 00:00:00,SMB,CUST-00291,2024-12-31,13,12562.56
2021Q3,2021-07-01 00:00:00,SMB,CUST-00291,2025-03-31,14,12562.56
2021Q3,2021-07-01 00:00:00,SMB,CUST-00291,2025-06-30,15,12562.56
2021Q3,2021-07-01 00:00:00,SMB,CUST-00291,2025-09-30,16,12562.56
2021Q3,2021-07-01 00:00:00,SMB,CUST-00291,2025-12-31,17,12562.56
2021Q3,2021-07-01 00:00:00,SMB,CUST-00291,2026-03-31,18,12562.56
2021Q3,2021-07-01 00:00:00,SMB,CUST-00291,2026-06-30,19,12562.56
2021Q3,2021-07-01 00:00:00,Enterprise,CUST-00413,2024-03-31,10,162345.12
2021Q3,2021-07-01 00:00:00,Enterprise,CUST-00413,2024-06-30,11,162345.12
2021Q3,2021-07-01 00:00:00,Enterprise,CUST-00413,2024-09-30,12,162345.12
2021Q3,2021-07-01 00:00:00,Enterprise,CUST-00413,2024-12-31,13,167299.92
2021Q3,2021-07-01 00:00:00,Enterprise,CUST-00413,2025-03-31,14,167299.92
2021Q3,2021-07-01 00:00:00,Enterprise,CUST-00413,2025-06-30,15,167299.92
2021Q3,2021-07-01 00:00:00,Enterprise,CUST-00413,2025-09-30,16,167299.92
2021Q3,2021-07-01 00:00:00,Enterprise,CUST-00413,2025-12-31,17,172674.12
2021Q3,2021-07-01 00:00:00,Enterprise,CUST-00413,2026-03-31,18,172674.12
2021Q3,2021-07-01 00:00:00,Enterprise,CUST-00413,2026-06-30,19,172674.12
2021Q3,2021-07-01 00:00:00,SMB,CUST-00284,2024-03-31,10,5110.80
2021Q3,2021-07-01 00:00:00,SMB,CUST-00284,2024-06-30,11,5110.80
2021Q3,2021-07-01 00:00:00,SMB,CUST-00284,2024-09-30,12,5919.84
2021Q3,2021-07-01 00:00:00,SMB,CUST-00284,2024-12-31,13,5919.84
2021Q3,2021-07-01 00:00:00,SMB,CUST-00284,2025-03-31,14,5919.84
2021Q3,2021-07-01 00:00:00,SMB,CUST-00284,2025-06-30,15,5919.84
2021Q3,2021-07-01 00:00:00,SMB,CUST-00284,2025-09-30,16,5919.84
2021Q3,2021-07-01 00:00:00,SMB,CUST-00284,2025-12-31,17,5919.84
2021Q3,2021-07-01 00:00:00,SMB,CUST-00284,2026-03-31,18,5919.84
2021Q3,2021-07-01 00:00:00,SMB,CUST-00284,2026-06-30,19,5919.84
2021Q3,2021-07-01 00:00:00,SMB,CUST-00300,2024-03-31,10,11932.08
2021Q3,2021-07-01 00:00:00,SMB,CUST-00300,2024-06-30,11,11932.08
2021Q3,2021-07-01 00:00:00,SMB,CUST-00300,2024-09-30,12,11932.08
2021Q3,2021-07-01 00:00:00,SMB,CUST-00300,2024-12-31,13,11932.08
2021Q3,2021-07-01 00:00:00,SMB,CUST-00300,2025-03-31,14,11932.08
2021Q3,2021-07-01 00:00:00,SMB,CUST-00300,2025-06-30,15,11932.08
2021Q3,2021-07-01 00:00:00,SMB,CUST-00300,2025-09-30,16,11932.08
2021Q3,2021-07-01 00:00:00,SMB,CUST-00300,2025-12-31,17,0.00
2021Q3,2021-07-01 00:00:00,SMB,CUST-00300,2026-03-31,18,0.00
2021Q3,2021-07-01 00:00:00,SMB,CUST-00300,2026-06-30,19,0.00
2021Q3,2021-07-01 00:00:00,SMB,CUST-00282,2024-03-31,10,11051.64
2021Q3,2021-07-01 00:00:00,SMB,CUST-00282,2024-06-30,11,11051.64
2021Q3,2021-07-01 00:00:00,SMB,CUST-00282,2024-09-30,12,11051.64
2021Q3,2021-07-01 00:00:00,SMB,CUST-00282,2024-12-31,13,11051.64
2021Q3,2021-07-01 00:00:00,SMB,CUST-00282,2025-03-31,14,11051.64
2021Q3,2021-07-01 00:00:00,SMB,CUST-00282,2025-06-30,15,11051.64
2021Q3,2021-07-01 00:00:00,SMB,CUST-00282,2025-09-30,16,11051.64
2021Q3,2021-07-01 00:00:00,SMB,CUST-00282,2025-12-31,17,11051.64
2021Q3,2021-07-01 00:00:00,SMB,CUST-00282,2026-03-31,18,11051.64
2021Q3,2021-07-01 00:00:00,SMB,CUST-00282,2026-06-30,19,11051.64
2021Q3,2021-07-01 00:00:00,SMB,CUST-00279,2024-03-31,10,6195.72
2021Q3,2021-07-01 00:00:00,SMB,CUST-00279,2024-06-30,11,6195.72
2021Q3,2021-07-01 00:00:00,SMB,CUST-00279,2024-09-30,12,6480.60
2021Q3,2021-07-01 00:00:00,SMB,CUST-00279,2024-12-31,13,6480.60
2021Q3,2021-07-01 00:00:00,SMB,CUST-00279,2025-03-31,14,6480.60
2021Q3,2021-07-01 00:00:00,SMB,CUST-00279,2025-06-30,15,6480.60
2021Q3,2021-07-01 00:00:00,SMB,CUST-00279,2025-09-30,16,5554.80
2021Q3,2021-07-01 00:00:00,SMB,CUST-00279,2025-12-31,17,5554.80
2021Q3,2021-07-01 00:00:00,SMB,CUST-00279,2026-03-31,18,5554.80
2021Q3,2021-07-01 00:00:00,SMB,CUST-00279,2026-06-30,19,5554.80
2021Q3,2021-07-01 00:00:00,Mid-Market,CUST-00384,2024-03-31,10,40608.24
2021Q3,2021-07-01 00:00:00,Mid-Market,CUST-00384,2024-06-30,11,40608.24
2021Q3,2021-07-01 00:00:00,Mid-Market,CUST-00384,2024-09-30,12,42430.44
2021Q3,2021-07-01 00:00:00,Mid-Market,CUST-00384,2024-12-31,13,42430.44
2021Q3,2021-07-01 00:00:00,Mid-Market,CUST-00384,2025-03-31,14,42430.44
2021Q3,2021-07-01 00:00:00,Mid-Market,CUST-00384,2025-06-30,15,42430.44
2021Q3,2021-07-01 00:00:00,Mid-Market,CUST-00384,2025-09-30,16,42431.28
2021Q3,2021-07-01 00:00:00,Mid-Market,CUST-00384,2025-12-31,17,42431.28
2021Q3,2021-07-01 00:00:00,Mid-Market,CUST-00384,2026-03-31,18,42431.28
2021Q3,2021-07-01 00:00:00,Mid-Market,CUST-00384,2026-06-30,19,42431.28
2021Q3,2021-07-01 00:00:00,SMB,CUST-00286,2024-12-31,13,6921.96
2021Q3,2021-07-01 00:00:00,SMB,CUST-00286,2025-03-31,14,6921.96
2021Q3,2021-07-01 00:00:00,SMB,CUST-00286,2025-06-30,15,6921.96
2021Q3,2021-07-01 00:00:00,SMB,CUST-00286,2025-09-30,16,6921.96
2021Q3,2021-07-01 00:00:00,SMB,CUST-00286,2025-12-31,17,6921.96
2021Q3,2021-07-01 00:00:00,SMB,CUST-00286,2026-03-31,18,6921.96
2021Q3,2021-07-01 00:00:00,SMB,CUST-00286,2026-06-30,19,6921.96
2021Q3,2021-07-01 00:00:00,SMB,CUST-00278,2024-06-30,11,10593.24
2021Q3,2021-07-01 00:00:00,SMB,CUST-00278,2024-09-30,12,8239.08
2021Q3,2021-07-01 00:00:00,SMB,CUST-00278,2024-12-31,13,8239.08
2021Q3,2021-07-01 00:00:00,SMB,CUST-00278,2025-03-31,14,11534.76
2021Q3,2021-07-01 00:00:00,SMB,CUST-00278,2025-06-30,15,11534.76
2021Q3,2021-07-01 00:00:00,SMB,CUST-00278,2025-09-30,16,8238.84
2021Q3,2021-07-01 00:00:00,SMB,CUST-00278,2025-12-31,17,8238.84
2021Q3,2021-07-01 00:00:00,SMB,CUST-00278,2026-03-31,18,8238.84
2021Q3,2021-07-01 00:00:00,SMB,CUST-00278,2026-06-30,19,11534.40
2021Q3,2021-07-01 00:00:00,SMB,CUST-00293,2024-03-31,10,1128.12
2021Q3,2021-07-01 00:00:00,SMB,CUST-00293,2024-06-30,11,3158.76
2021Q3,2021-07-01 00:00:00,SMB,CUST-00293,2024-09-30,12,3158.76
2021Q3,2021-07-01 00:00:00,SMB,CUST-00293,2024-12-31,13,3158.76
2021Q3,2021-07-01 00:00:00,SMB,CUST-00293,2025-03-31,14,3158.76
2021Q3,2021-07-01 00:00:00,SMB,CUST-00293,2025-06-30,15,3158.76
2021Q3,2021-07-01 00:00:00,SMB,CUST-00293,2025-09-30,16,3158.76
2021Q3,2021-07-01 00:00:00,SMB,CUST-00293,2025-12-31,17,3158.76
2021Q3,2021-07-01 00:00:00,SMB,CUST-00293,2026-03-31,18,3158.76
2021Q3,2021-07-01 00:00:00,SMB,CUST-00293,2026-06-30,19,3158.76
2021Q3,2021-07-01 00:00:00,SMB,CUST-00298,2024-03-31,10,3774.60
2021Q3,2021-07-01 00:00:00,SMB,CUST-00298,2024-06-30,11,3774.60
2021Q3,2021-07-01 00:00:00,SMB,CUST-00298,2024-09-30,12,3774.60
2021Q3,2021-07-01 00:00:00,SMB,CUST-00298,2024-12-31,13,5349.72
2021Q3,2021-07-01 00:00:00,SMB,CUST-00298,2025-03-31,14,5349.72
2021Q3,2021-07-01 00:00:00,SMB,CUST-00298,2025-06-30,15,5349.72
2021Q3,2021-07-01 00:00:00,SMB,CUST-00298,2025-09-30,16,5349.72
2021Q3,2021-07-01 00:00:00,SMB,CUST-00298,2025-12-31,17,5349.72
2021Q3,2021-07-01 00:00:00,SMB,CUST-00298,2026-03-31,18,5349.72
2021Q3,2021-07-01 00:00:00,SMB,CUST-00298,2026-06-30,19,5349.72
2021Q3,2021-07-01 00:00:00,SMB,CUST-00276,2024-03-31,10,2948.88
2021Q3,2021-07-01 00:00:00,SMB,CUST-00276,2024-06-30,11,2948.88
2021Q3,2021-07-01 00:00:00,SMB,CUST-00276,2024-09-30,12,3084.72
2021Q3,2021-07-01 00:00:00,SMB,CUST-00276,2024-12-31,13,3084.72
2021Q3,2021-07-01 00:00:00,SMB,CUST-00276,2025-03-31,14,3084.72
2021Q3,2021-07-01 00:00:00,SMB,CUST-00276,2025-06-30,15,3084.72
2021Q3,2021-07-01 00:00:00,SMB,CUST-00276,2025-09-30,16,3084.72
2021Q3,2021-07-01 00:00:00,SMB,CUST-00276,2025-12-31,17,3084.72
2021Q3,2021-07-01 00:00:00,SMB,CUST-00276,2026-03-31,18,3084.72
2021Q3,2021-07-01 00:00:00,SMB,CUST-00276,2026-06-30,19,3084.72
2021Q3,2021-07-01 00:00:00,Mid-Market,CUST-00385,2024-03-31,10,20862.96
2021Q3,2021-07-01 00:00:00,Mid-Market,CUST-00385,2024-06-30,11,28314.00
2021Q3,2021-07-01 00:00:00,Mid-Market,CUST-00385,2024-09-30,12,29725.80
2021Q3,2021-07-01 00:00:00,Mid-Market,CUST-00385,2024-12-31,13,29725.80
2021Q3,2021-07-01 00:00:00,Mid-Market,CUST-00385,2025-03-31,14,29725.80
2021Q3,2021-07-01 00:00:00,Mid-Market,CUST-00385,2025-06-30,15,29725.80
2021Q3,2021-07-01 00:00:00,Mid-Market,CUST-00385,2025-09-30,16,29725.92
2021Q3,2021-07-01 00:00:00,Mid-Market,CUST-00385,2025-12-31,17,29725.92
2021Q3,2021-07-01 00:00:00,Mid-Market,CUST-00385,2026-03-31,18,29725.92
2021Q3,2021-07-01 00:00:00,Mid-Market,CUST-00385,2026-06-30,19,29725.92
2021Q3,2021-07-01 00:00:00,SMB,CUST-00278,2024-03-31,10,10593.24
2021Q3,2021-07-01 00:00:00,SMB,CUST-00271,2025-09-30,16,0.00
2021Q3,2021-07-01 00:00:00,SMB,CUST-00271,2025-12-31,17,0.00
2021Q3,2021-07-01 00:00:00,SMB,CUST-00271,2026-03-31,18,0.00
2021Q3,2021-07-01 00:00:00,SMB,CUST-00271,2026-06-30,19,0.00
2021Q3,2021-07-01 00:00:00,SMB,CUST-00272,2024-03-31,10,6206.64
2021Q3,2021-07-01 00:00:00,SMB,CUST-00272,2024-06-30,11,6206.64
2021Q3,2021-07-01 00:00:00,SMB,CUST-00272,2024-09-30,12,6206.64
2021Q3,2021-07-01 00:00:00,SMB,CUST-00272,2024-12-31,13,6206.64
2021Q3,2021-07-01 00:00:00,SMB,CUST-00272,2025-03-31,14,6206.64
2021Q3,2021-07-01 00:00:00,SMB,CUST-00272,2025-06-30,15,6206.64
2021Q3,2021-07-01 00:00:00,SMB,CUST-00272,2025-09-30,16,6206.64
2021Q3,2021-07-01 00:00:00,SMB,CUST-00272,2025-12-31,17,6206.64
2021Q3,2021-07-01 00:00:00,SMB,CUST-00272,2026-03-31,18,6206.64
2021Q3,2021-07-01 00:00:00,SMB,CUST-00272,2026-06-30,19,6206.64
2021Q3,2021-07-01 00:00:00,SMB,CUST-00286,2024-03-31,10,6921.96
2021Q3,2021-07-01 00:00:00,SMB,CUST-00286,2024-06-30,11,6921.96
2021Q3,2021-07-01 00:00:00,SMB,CUST-00286,2024-09-30,12,6921.96
2021Q3,2021-07-01 00:00:00,SMB,CUST-00271,2024-03-31,10,11932.32
2021Q3,2021-07-01 00:00:00,SMB,CUST-00271,2024-06-30,11,11932.32
2021Q3,2021-07-01 00:00:00,SMB,CUST-00271,2024-09-30,12,0.00
2021Q3,2021-07-01 00:00:00,SMB,CUST-00271,2024-12-31,13,0.00
2021Q3,2021-07-01 00:00:00,SMB,CUST-00271,2025-03-31,14,0.00
2021Q3,2021-07-01 00:00:00,SMB,CUST-00271,2025-06-30,15,0.00
2021Q3,2021-07-01 00:00:00,SMB,CUST-00281,2024-03-31,10,0.00
2021Q3,2021-07-01 00:00:00,SMB,CUST-00281,2024-06-30,11,0.00
2021Q3,2021-07-01 00:00:00,SMB,CUST-00281,2024-09-30,12,0.00
2021Q3,2021-07-01 00:00:00,SMB,CUST-00281,2024-12-31,13,0.00
2021Q3,2021-07-01 00:00:00,SMB,CUST-00281,2025-03-31,14,0.00
2021Q3,2021-07-01 00:00:00,SMB,CUST-00281,2025-06-30,15,0.00
2021Q3,2021-07-01 00:00:00,SMB,CUST-00281,2025-09-30,16,0.00
2021Q3,2021-07-01 00:00:00,SMB,CUST-00281,2025-12-31,17,0.00
2021Q3,2021-07-01 00:00:00,SMB,CUST-00281,2026-03-31,18,0.00
2021Q3,2021-07-01 00:00:00,SMB,CUST-00281,2026-06-30,19,0.00
2021Q3,2021-07-01 00:00:00,Mid-Market,CUST-00386,2024-03-31,10,25670.88
2021Q3,2021-07-01 00:00:00,Mid-Market,CUST-00386,2024-06-30,11,25670.88
2021Q3,2021-07-01 00:00:00,Mid-Market,CUST-00386,2024-09-30,12,25670.88
2021Q3,2021-07-01 00:00:00,Mid-Market,CUST-00386,2024-12-31,13,26548.20
2021Q3,2021-07-01 00:00:00,Mid-Market,CUST-00386,2025-03-31,14,26548.20
2021Q3,2021-07-01 00:00:00,Mid-Market,CUST-00386,2025-06-30,15,26548.20
2021Q3,2021-07-01 00:00:00,Mid-Market,CUST-00386,2025-09-30,16,26548.20
2021Q3,2021-07-01 00:00:00,Mid-Market,CUST-00386,2025-12-31,17,19961.40
2021Q3,2021-07-01 00:00:00,Mid-Market,CUST-00386,2026-03-31,18,19961.40
2021Q3,2021-07-01 00:00:00,Mid-Market,CUST-00386,2026-06-30,19,19961.40
2021Q3,2021-07-01 00:00:00,SMB,CUST-00292,2024-03-31,10,0.00
2021Q3,2021-07-01 00:00:00,SMB,CUST-00292,2024-06-30,11,0.00
2021Q3,2021-07-01 00:00:00,SMB,CUST-00292,2024-09-30,12,0.00
2021Q3,2021-07-01 00:00:00,SMB,CUST-00292,2024-12-31,13,0.00
2021Q3,2021-07-01 00:00:00,SMB,CUST-00292,2025-03-31,14,0.00
2021Q3,2021-07-01 00:00:00,SMB,CUST-00292,2025-06-30,15,0.00
2021Q3,2021-07-01 00:00:00,SMB,CUST-00292,2025-09-30,16,0.00
2021Q3,2021-07-01 00:00:00,SMB,CUST-00292,2025-12-31,17,0.00
2021Q3,2021-07-01 00:00:00,SMB,CUST-00292,2026-03-31,18,0.00
2021Q3,2021-07-01 00:00:00,SMB,CUST-00292,2026-06-30,19,0.00
2021Q3,2021-07-01 00:00:00,SMB,CUST-00275,2024-03-31,10,2406.60
2021Q3,2021-07-01 00:00:00,SMB,CUST-00275,2024-06-30,11,2406.60
2021Q3,2021-07-01 00:00:00,SMB,CUST-00275,2024-09-30,12,2505.36
2021Q3,2021-07-01 00:00:00,SMB,CUST-00275,2024-12-31,13,2505.36
2021Q3,2021-07-01 00:00:00,SMB,CUST-00275,2025-03-31,14,2505.36
2021Q3,2021-07-01 00:00:00,SMB,CUST-00275,2025-06-30,15,2505.36
2021Q3,2021-07-01 00:00:00,SMB,CUST-00275,2025-09-30,16,2593.08
2021Q3,2021-07-01 00:00:00,SMB,CUST-00275,2025-12-31,17,2593.08
2021Q3,2021-07-01 00:00:00,SMB,CUST-00275,2026-03-31,18,2593.08
2021Q3,2021-07-01 00:00:00,SMB,CUST-00275,2026-06-30,19,2593.08
2021Q3,2021-07-01 00:00:00,Mid-Market,CUST-00389,2025-09-30,16,27582.12
2021Q3,2021-07-01 00:00:00,Mid-Market,CUST-00389,2025-12-31,17,19702.56
2021Q3,2021-07-01 00:00:00,Mid-Market,CUST-00389,2026-03-31,18,19702.56
2021Q3,2021-07-01 00:00:00,Mid-Market,CUST-00389,2026-06-30,19,27583.56
2021Q3,2021-07-01 00:00:00,SMB,CUST-00297,2025-03-31,14,5645.04
2021Q3,2021-07-01 00:00:00,SMB,CUST-00297,2025-06-30,15,5645.04
2021Q3,2021-07-01 00:00:00,SMB,CUST-00297,2025-09-30,16,5645.04
2021Q3,2021-07-01 00:00:00,SMB,CUST-00297,2025-12-31,17,5823.00
2021Q3,2021-07-01 00:00:00,SMB,CUST-00290,2024-03-31,10,6955.44
2021Q3,2021-07-01 00:00:00,SMB,CUST-00290,2024-06-30,11,6955.44
2021Q3,2021-07-01 00:00:00,SMB,CUST-00290,2024-09-30,12,6085.92
2021Q3,2021-07-01 00:00:00,SMB,CUST-00290,2024-12-31,13,6085.92
2021Q3,2021-07-01 00:00:00,SMB,CUST-00290,2025-03-31,14,6085.92
2021Q3,2021-07-01 00:00:00,SMB,CUST-00290,2025-06-30,15,6085.92
2021Q3,2021-07-01 00:00:00,SMB,CUST-00290,2025-09-30,16,6287.04
2021Q3,2021-07-01 00:00:00,SMB,CUST-00290,2025-12-31,17,6287.04
2021Q3,2021-07-01 00:00:00,SMB,CUST-00290,2026-03-31,18,6287.04
2021Q3,2021-07-01 00:00:00,SMB,CUST-00290,2026-06-30,19,6287.04
2021Q3,2021-07-01 00:00:00,SMB,CUST-00297,2026-03-31,18,5823.00
2021Q3,2021-07-01 00:00:00,SMB,CUST-00297,2026-06-30,19,5823.00
2021Q3,2021-07-01 00:00:00,SMB,CUST-00288,2026-06-30,19,0.00
2021Q3,2021-07-01 00:00:00,SMB,CUST-00288,2024-12-31,13,0.00
2021Q3,2021-07-01 00:00:00,SMB,CUST-00288,2025-03-31,14,0.00
2021Q3,2021-07-01 00:00:00,SMB,CUST-00288,2025-06-30,15,0.00
2021Q3,2021-07-01 00:00:00,SMB,CUST-00288,2025-09-30,16,0.00
2021Q3,2021-07-01 00:00:00,SMB,CUST-00288,2025-12-31,17,0.00
2021Q3,2021-07-01 00:00:00,SMB,CUST-00288,2026-03-31,18,0.00
2021Q3,2021-07-01 00:00:00,SMB,CUST-00288,2024-09-30,12,0.00
2021Q3,2021-07-01 00:00:00,SMB,CUST-00283,2026-03-31,18,4609.32
2021Q3,2021-07-01 00:00:00,SMB,CUST-00283,2026-06-30,19,4609.32
2021Q3,2021-07-01 00:00:00,SMB,CUST-00297,2024-03-31,10,5415.36
2021Q3,2021-07-01 00:00:00,SMB,CUST-00297,2024-06-30,11,5415.36
2021Q3,2021-07-01 00:00:00,SMB,CUST-00297,2024-09-30,12,5415.36
2021Q3,2021-07-01 00:00:00,SMB,CUST-00297,2024-12-31,13,5645.04
2021Q3,2021-07-01 00:00:00,SMB,CUST-00283,2025-06-30,15,4400.40
2021Q3,2021-07-01 00:00:00,SMB,CUST-00288,2024-03-31,10,5459.40
2021Q3,2021-07-01 00:00:00,SMB,CUST-00283,2024-12-31,13,2710.20
2021Q3,2021-07-01 00:00:00,SMB,CUST-00283,2025-03-31,14,2710.20
2021Q3,2021-07-01 00:00:00,SMB,CUST-00288,2024-06-30,11,5459.40
2021Q3,2021-07-01 00:00:00,Mid-Market,CUST-00389,2024-06-30,11,19012.56
2021Q3,2021-07-01 00:00:00,Mid-Market,CUST-00389,2024-09-30,12,19012.56
2021Q3,2021-07-01 00:00:00,Mid-Market,CUST-00389,2024-12-31,13,19701.48
2021Q3,2021-07-01 00:00:00,SMB,CUST-00283,2024-03-31,10,2611.08
2021Q3,2021-07-01 00:00:00,SMB,CUST-00283,2024-06-30,11,2611.08
2021Q3,2021-07-01 00:00:00,SMB,CUST-00283,2024-09-30,12,2710.20
2021Q3,2021-07-01 00:00:00,SMB,CUST-00283,2025-09-30,16,2838.84
2021Q3,2021-07-01 00:00:00,Mid-Market,CUST-00389,2025-03-31,14,19701.48
2021Q3,2021-07-01 00:00:00,SMB,CUST-00283,2025-12-31,17,2838.84
2021Q3,2021-07-01 00:00:00,Mid-Market,CUST-00389,2024-03-31,10,19012.56
2021Q3,2021-07-01 00:00:00,Mid-Market,CUST-00389,2025-06-30,15,19701.48
2021Q4,2021-10-01 00:00:00,SMB,CUST-00316,2024-03-31,9,2904.72
2021Q4,2021-10-01 00:00:00,SMB,CUST-00316,2024-06-30,10,2904.72
2021Q4,2021-10-01 00:00:00,SMB,CUST-00316,2024-09-30,11,2904.72
2021Q4,2021-10-01 00:00:00,SMB,CUST-00316,2024-12-31,12,4066.56
2021Q4,2021-10-01 00:00:00,SMB,CUST-00316,2025-03-31,13,0.00
2021Q4,2021-10-01 00:00:00,SMB,CUST-00316,2025-06-30,14,0.00
2021Q4,2021-10-01 00:00:00,SMB,CUST-00316,2025-09-30,15,0.00
2021Q4,2021-10-01 00:00:00,SMB,CUST-00316,2025-12-31,16,0.00
2021Q4,2021-10-01 00:00:00,SMB,CUST-00316,2026-03-31,17,0.00
2021Q4,2021-10-01 00:00:00,SMB,CUST-00316,2026-06-30,18,0.00
2021Q4,2021-10-01 00:00:00,SMB,CUST-00335,2024-03-31,9,7488.72
2021Q4,2021-10-01 00:00:00,SMB,CUST-00335,2024-06-30,10,7488.72
2021Q4,2021-10-01 00:00:00,SMB,CUST-00335,2024-09-30,11,7488.72
2021Q4,2021-10-01 00:00:00,SMB,CUST-00335,2024-12-31,12,7488.72
2021Q4,2021-10-01 00:00:00,SMB,CUST-00335,2025-03-31,13,7488.72
2021Q4,2021-10-01 00:00:00,SMB,CUST-00335,2025-06-30,14,7488.72
2021Q4,2021-10-01 00:00:00,SMB,CUST-00335,2025-09-30,15,7488.72
2021Q4,2021-10-01 00:00:00,SMB,CUST-00335,2025-12-31,16,7488.72
2021Q4,2021-10-01 00:00:00,SMB,CUST-00335,2026-03-31,17,6915.48
2021Q4,2021-10-01 00:00:00,SMB,CUST-00335,2026-06-30,18,6915.48
2021Q4,2021-10-01 00:00:00,Mid-Market,CUST-00391,2024-03-31,9,36906.72
2021Q4,2021-10-01 00:00:00,Mid-Market,CUST-00391,2024-06-30,10,36906.72
2021Q4,2021-10-01 00:00:00,Mid-Market,CUST-00391,2024-09-30,11,36906.72
2021Q4,2021-10-01 00:00:00,Mid-Market,CUST-00391,2024-12-31,12,36905.40
2021Q4,2021-10-01 00:00:00,Mid-Market,CUST-00391,2025-03-31,13,36905.40
2021Q4,2021-10-01 00:00:00,Mid-Market,CUST-00391,2025-06-30,14,36905.40
2021Q4,2021-10-01 00:00:00,Mid-Market,CUST-00391,2025-09-30,15,36905.40
2021Q4,2021-10-01 00:00:00,Mid-Market,CUST-00391,2025-12-31,16,38420.28
2021Q4,2021-10-01 00:00:00,Mid-Market,CUST-00391,2026-03-31,17,38420.28
2021Q4,2021-10-01 00:00:00,Mid-Market,CUST-00391,2026-06-30,18,38420.28
2021Q4,2021-10-01 00:00:00,Mid-Market,CUST-00400,2024-03-31,9,56404.68
2021Q4,2021-10-01 00:00:00,Mid-Market,CUST-00400,2024-06-30,10,56404.68
2021Q4,2021-10-01 00:00:00,Mid-Market,CUST-00400,2024-09-30,11,56404.68
2021Q4,2021-10-01 00:00:00,Mid-Market,CUST-00400,2024-12-31,12,56404.68
2021Q4,2021-10-01 00:00:00,Mid-Market,CUST-00400,2025-03-31,13,56405.64
2021Q4,2021-10-01 00:00:00,Mid-Market,CUST-00400,2025-06-30,14,56405.64
2021Q4,2021-10-01 00:00:00,Mid-Market,CUST-00400,2025-09-30,15,56405.64
2021Q4,2021-10-01 00:00:00,Mid-Market,CUST-00400,2025-12-31,16,56405.64
2021Q4,2021-10-01 00:00:00,Mid-Market,CUST-00400,2026-03-31,17,59094.96
2021Q4,2021-10-01 00:00:00,Mid-Market,CUST-00400,2026-06-30,18,59094.96
2021Q4,2021-10-01 00:00:00,Mid-Market,CUST-00405,2024-03-31,9,43987.32
2021Q4,2021-10-01 00:00:00,Mid-Market,CUST-00405,2024-06-30,10,43987.32
2021Q4,2021-10-01 00:00:00,Mid-Market,CUST-00405,2024-09-30,11,43987.32
2021Q4,2021-10-01 00:00:00,Mid-Market,CUST-00405,2024-12-31,12,43987.32
2021Q4,2021-10-01 00:00:00,Mid-Market,CUST-00405,2025-03-31,13,45527.64
2021Q4,2021-10-01 00:00:00,Mid-Market,CUST-00405,2025-06-30,14,45527.64
2021Q4,2021-10-01 00:00:00,Mid-Market,CUST-00405,2025-09-30,15,45527.64
2021Q4,2021-10-01 00:00:00,Mid-Market,CUST-00405,2025-12-31,16,45527.64
2021Q4,2021-10-01 00:00:00,Mid-Market,CUST-00405,2026-03-31,17,54546.24
2021Q4,2021-10-01 00:00:00,Mid-Market,CUST-00405,2026-06-30,18,54546.24
2021Q4,2021-10-01 00:00:00,Mid-Market,CUST-00390,2024-03-31,9,60484.32
2021Q4,2021-10-01 00:00:00,Mid-Market,CUST-00390,2024-06-30,10,60484.32
2021Q4,2021-10-01 00:00:00,Mid-Market,CUST-00390,2024-09-30,11,60484.32
2021Q4,2021-10-01 00:00:00,Mid-Market,CUST-00390,2024-12-31,12,60484.32
2021Q4,2021-10-01 00:00:00,Mid-Market,CUST-00390,2025-03-31,13,60484.32
2021Q4,2021-10-01 00:00:00,Mid-Market,CUST-00390,2025-06-30,14,60484.32
2021Q4,2021-10-01 00:00:00,Mid-Market,CUST-00390,2025-09-30,15,60484.32
2021Q4,2021-10-01 00:00:00,Mid-Market,CUST-00390,2025-12-31,16,60484.32
2021Q4,2021-10-01 00:00:00,Mid-Market,CUST-00390,2026-03-31,17,60484.32
2021Q4,2021-10-01 00:00:00,Mid-Market,CUST-00390,2026-06-30,18,60484.32
2021Q4,2021-10-01 00:00:00,SMB,CUST-00333,2024-03-31,9,6537.84
2021Q4,2021-10-01 00:00:00,SMB,CUST-00333,2024-06-30,10,0.00
2021Q4,2021-10-01 00:00:00,SMB,CUST-00333,2024-09-30,11,0.00
2021Q4,2021-10-01 00:00:00,SMB,CUST-00333,2024-12-31,12,0.00
2021Q4,2021-10-01 00:00:00,SMB,CUST-00333,2025-03-31,13,0.00
2021Q4,2021-10-01 00:00:00,SMB,CUST-00333,2025-06-30,14,0.00
2021Q4,2021-10-01 00:00:00,SMB,CUST-00333,2025-09-30,15,0.00
2021Q4,2021-10-01 00:00:00,SMB,CUST-00333,2025-12-31,16,0.00
2021Q4,2021-10-01 00:00:00,SMB,CUST-00333,2026-03-31,17,0.00
2021Q4,2021-10-01 00:00:00,SMB,CUST-00333,2026-06-30,18,0.00
2021Q4,2021-10-01 00:00:00,Enterprise,CUST-00414,2024-03-31,9,324876.84
2021Q4,2021-10-01 00:00:00,Enterprise,CUST-00414,2024-06-30,10,324876.84
2021Q4,2021-10-01 00:00:00,Enterprise,CUST-00414,2024-09-30,11,324876.84
2021Q4,2021-10-01 00:00:00,Enterprise,CUST-00414,2024-12-31,12,324876.84
2021Q4,2021-10-01 00:00:00,Enterprise,CUST-00414,2025-03-31,13,324876.84
2021Q4,2021-10-01 00:00:00,Enterprise,CUST-00414,2025-06-30,14,324876.84
2021Q4,2021-10-01 00:00:00,Enterprise,CUST-00414,2025-09-30,15,324876.84
2021Q4,2021-10-01 00:00:00,Enterprise,CUST-00414,2025-12-31,16,324876.84
2021Q4,2021-10-01 00:00:00,Enterprise,CUST-00414,2026-03-31,17,324876.84
2021Q4,2021-10-01 00:00:00,Enterprise,CUST-00414,2026-06-30,18,324876.84
2021Q4,2021-10-01 00:00:00,Enterprise,CUST-00415,2024-03-31,9,71598.84
2021Q4,2021-10-01 00:00:00,Enterprise,CUST-00415,2024-06-30,10,71598.84
2021Q4,2021-10-01 00:00:00,Enterprise,CUST-00415,2024-09-30,11,72747.00
2021Q4,2021-10-01 00:00:00,Enterprise,CUST-00415,2024-12-31,12,72747.00
2021Q4,2021-10-01 00:00:00,Enterprise,CUST-00415,2025-03-31,13,72747.00
2021Q4,2021-10-01 00:00:00,Enterprise,CUST-00415,2025-06-30,14,78488.28
2021Q4,2021-10-01 00:00:00,Enterprise,CUST-00415,2025-09-30,15,78488.28
2021Q4,2021-10-01 00:00:00,Enterprise,CUST-00415,2025-12-31,16,78493.56
2021Q4,2021-10-01 00:00:00,Enterprise,CUST-00415,2026-03-31,17,78493.56
2021Q4,2021-10-01 00:00:00,Enterprise,CUST-00415,2026-06-30,18,78493.56
2021Q4,2021-10-01 00:00:00,SMB,CUST-00303,2024-03-31,9,3886.20
2021Q4,2021-10-01 00:00:00,SMB,CUST-00303,2024-06-30,10,3886.20
2021Q4,2021-10-01 00:00:00,SMB,CUST-00303,2024-09-30,11,5007.96
2021Q4,2021-10-01 00:00:00,SMB,CUST-00303,2024-12-31,12,3886.44
2021Q4,2021-10-01 00:00:00,SMB,CUST-00303,2025-03-31,13,3886.44
2021Q4,2021-10-01 00:00:00,SMB,CUST-00303,2025-06-30,14,3886.44
2021Q4,2021-10-01 00:00:00,SMB,CUST-00303,2025-09-30,15,5441.04
2021Q4,2021-10-01 00:00:00,SMB,CUST-00303,2025-12-31,16,3331.44
2021Q4,2021-10-01 00:00:00,SMB,CUST-00303,2026-03-31,17,3331.44
2021Q4,2021-10-01 00:00:00,SMB,CUST-00303,2026-06-30,18,4664.04
2021Q4,2021-10-01 00:00:00,Mid-Market,CUST-00394,2024-03-31,9,12387.96
2021Q4,2021-10-01 00:00:00,Mid-Market,CUST-00394,2024-06-30,10,12387.96
2021Q4,2021-10-01 00:00:00,Mid-Market,CUST-00394,2024-09-30,11,12387.96
2021Q4,2021-10-01 00:00:00,Mid-Market,CUST-00394,2024-12-31,12,12387.96
2021Q4,2021-10-01 00:00:00,Mid-Market,CUST-00394,2025-03-31,13,12387.96
2021Q4,2021-10-01 00:00:00,Mid-Market,CUST-00394,2025-06-30,14,12387.96
2021Q4,2021-10-01 00:00:00,Mid-Market,CUST-00394,2025-09-30,15,12387.96
2021Q4,2021-10-01 00:00:00,Mid-Market,CUST-00394,2025-12-31,16,12387.96
2021Q4,2021-10-01 00:00:00,Mid-Market,CUST-00394,2026-03-31,17,23265.96
2021Q4,2021-10-01 00:00:00,Mid-Market,CUST-00394,2026-06-30,18,28771.68
2021Q4,2021-10-01 00:00:00,Mid-Market,CUST-00397,2024-03-31,9,47797.32
2021Q4,2021-10-01 00:00:00,Mid-Market,CUST-00397,2024-06-30,10,47797.32
2021Q4,2021-10-01 00:00:00,Mid-Market,CUST-00397,2024-09-30,11,47797.32
2021Q4,2021-10-01 00:00:00,Mid-Market,CUST-00397,2024-12-31,12,42606.00
2021Q4,2021-10-01 00:00:00,Mid-Market,CUST-00397,2025-03-31,13,42606.00
2021Q4,2021-10-01 00:00:00,Mid-Market,CUST-00397,2025-06-30,14,42606.00
2021Q4,2021-10-01 00:00:00,Mid-Market,CUST-00397,2025-09-30,15,42606.00
2021Q4,2021-10-01 00:00:00,Mid-Market,CUST-00397,2025-12-31,16,42606.00
2021Q4,2021-10-01 00:00:00,Mid-Market,CUST-00397,2026-03-31,17,42606.00
2021Q4,2021-10-01 00:00:00,Mid-Market,CUST-00397,2026-06-30,18,42606.00
2021Q4,2021-10-01 00:00:00,SMB,CUST-00320,2024-03-31,9,10346.40
2021Q4,2021-10-01 00:00:00,SMB,CUST-00320,2024-06-30,10,10346.40
2021Q4,2021-10-01 00:00:00,SMB,CUST-00320,2024-09-30,11,10346.40
2021Q4,2021-10-01 00:00:00,SMB,CUST-00320,2024-12-31,12,10346.40
2021Q4,2021-10-01 00:00:00,SMB,CUST-00320,2025-03-31,13,10346.40
2021Q4,2021-10-01 00:00:00,SMB,CUST-00320,2025-06-30,14,10346.40
2021Q4,2021-10-01 00:00:00,SMB,CUST-00320,2025-09-30,15,10346.40
2021Q4,2021-10-01 00:00:00,SMB,CUST-00320,2025-12-31,16,10346.40
2021Q4,2021-10-01 00:00:00,SMB,CUST-00320,2026-03-31,17,10346.40
2021Q4,2021-10-01 00:00:00,SMB,CUST-00320,2026-06-30,18,10346.40
2021Q4,2021-10-01 00:00:00,SMB,CUST-00345,2024-03-31,9,10546.56
2021Q4,2021-10-01 00:00:00,SMB,CUST-00345,2024-06-30,10,10546.56
2021Q4,2021-10-01 00:00:00,SMB,CUST-00345,2024-09-30,11,10546.56
2021Q4,2021-10-01 00:00:00,SMB,CUST-00345,2024-12-31,12,10546.56
2021Q4,2021-10-01 00:00:00,SMB,CUST-00345,2025-03-31,13,10968.84
2021Q4,2021-10-01 00:00:00,SMB,CUST-00345,2025-06-30,14,10968.84
2021Q4,2021-10-01 00:00:00,SMB,CUST-00345,2025-09-30,15,10968.84
2021Q4,2021-10-01 00:00:00,SMB,CUST-00345,2025-12-31,16,10968.84
2021Q4,2021-10-01 00:00:00,SMB,CUST-00345,2026-03-31,17,0.00
2021Q4,2021-10-01 00:00:00,SMB,CUST-00345,2026-06-30,18,0.00
2021Q4,2021-10-01 00:00:00,Mid-Market,CUST-00407,2024-03-31,9,32150.76
2021Q4,2021-10-01 00:00:00,Mid-Market,CUST-00407,2024-06-30,10,32150.76
2021Q4,2021-10-01 00:00:00,Mid-Market,CUST-00407,2024-09-30,11,32150.76
2021Q4,2021-10-01 00:00:00,Mid-Market,CUST-00407,2024-12-31,12,32150.76
2021Q4,2021-10-01 00:00:00,Mid-Market,CUST-00407,2025-03-31,13,34906.44
2021Q4,2021-10-01 00:00:00,Mid-Market,CUST-00407,2025-06-30,14,39499.44
2021Q4,2021-10-01 00:00:00,Mid-Market,CUST-00407,2025-09-30,15,39499.44
2021Q4,2021-10-01 00:00:00,Mid-Market,CUST-00407,2025-12-31,16,39499.44
2021Q4,2021-10-01 00:00:00,Mid-Market,CUST-00407,2026-03-31,17,0.00
2021Q4,2021-10-01 00:00:00,Mid-Market,CUST-00407,2026-06-30,18,0.00
2021Q4,2021-10-01 00:00:00,SMB,CUST-00302,2024-03-31,9,3783.12
2021Q4,2021-10-01 00:00:00,SMB,CUST-00302,2024-06-30,10,3783.12
2021Q4,2021-10-01 00:00:00,SMB,CUST-00302,2024-09-30,11,3783.12
2021Q4,2021-10-01 00:00:00,SMB,CUST-00302,2024-12-31,12,3783.12
2021Q4,2021-10-01 00:00:00,SMB,CUST-00302,2025-03-31,13,3783.12
2021Q4,2021-10-01 00:00:00,SMB,CUST-00302,2025-06-30,14,3783.12
2021Q4,2021-10-01 00:00:00,SMB,CUST-00302,2025-09-30,15,3783.12
2021Q4,2021-10-01 00:00:00,SMB,CUST-00302,2025-12-31,16,3783.12
2021Q4,2021-10-01 00:00:00,SMB,CUST-00302,2026-03-31,17,3783.12
2021Q4,2021-10-01 00:00:00,SMB,CUST-00302,2026-06-30,18,0.00
2021Q4,2021-10-01 00:00:00,SMB,CUST-00325,2024-03-31,9,10140.60
2021Q4,2021-10-01 00:00:00,SMB,CUST-00325,2024-06-30,10,10140.60
2021Q4,2021-10-01 00:00:00,SMB,CUST-00325,2024-09-30,11,11267.28
2021Q4,2021-10-01 00:00:00,SMB,CUST-00325,2024-12-31,12,11267.28
2021Q4,2021-10-01 00:00:00,SMB,CUST-00325,2025-03-31,13,11680.08
2021Q4,2021-10-01 00:00:00,SMB,CUST-00325,2025-06-30,14,11680.08
2021Q4,2021-10-01 00:00:00,SMB,CUST-00325,2025-09-30,15,11680.08
2021Q4,2021-10-01 00:00:00,SMB,CUST-00325,2025-12-31,16,11680.08
2021Q4,2021-10-01 00:00:00,SMB,CUST-00325,2026-03-31,17,11680.20
2021Q4,2021-10-01 00:00:00,SMB,CUST-00325,2026-06-30,18,11680.20
2021Q4,2021-10-01 00:00:00,Mid-Market,CUST-00398,2024-03-31,9,45662.64
2021Q4,2021-10-01 00:00:00,Mid-Market,CUST-00398,2024-06-30,10,45662.64
2021Q4,2021-10-01 00:00:00,Mid-Market,CUST-00398,2024-09-30,11,63927.72
2021Q4,2021-10-01 00:00:00,Mid-Market,CUST-00398,2024-12-31,12,63927.72
2021Q4,2021-10-01 00:00:00,Mid-Market,CUST-00398,2025-03-31,13,0.00
2021Q4,2021-10-01 00:00:00,Mid-Market,CUST-00398,2025-06-30,14,0.00
2021Q4,2021-10-01 00:00:00,Mid-Market,CUST-00398,2025-09-30,15,0.00
2021Q4,2021-10-01 00:00:00,Mid-Market,CUST-00398,2025-12-31,16,0.00
2021Q4,2021-10-01 00:00:00,Mid-Market,CUST-00398,2026-03-31,17,0.00
2021Q4,2021-10-01 00:00:00,Mid-Market,CUST-00398,2026-06-30,18,0.00
2021Q4,2021-10-01 00:00:00,SMB,CUST-00338,2024-03-31,9,3646.08
2021Q4,2021-10-01 00:00:00,SMB,CUST-00338,2024-06-30,10,3646.08
2021Q4,2021-10-01 00:00:00,SMB,CUST-00338,2024-09-30,11,3646.08
2021Q4,2021-10-01 00:00:00,SMB,CUST-00338,2024-12-31,12,3646.08
2021Q4,2021-10-01 00:00:00,SMB,CUST-00338,2025-03-31,13,3646.08
2021Q4,2021-10-01 00:00:00,SMB,CUST-00338,2025-06-30,14,3646.08
2021Q4,2021-10-01 00:00:00,SMB,CUST-00338,2025-09-30,15,3646.08
2021Q4,2021-10-01 00:00:00,SMB,CUST-00338,2025-12-31,16,3646.08
2021Q4,2021-10-01 00:00:00,SMB,CUST-00338,2026-03-31,17,3646.08
2021Q4,2021-10-01 00:00:00,SMB,CUST-00338,2026-06-30,18,3646.08
2021Q4,2021-10-01 00:00:00,SMB,CUST-00324,2024-03-31,9,8196.00
2021Q4,2021-10-01 00:00:00,SMB,CUST-00324,2024-06-30,10,8196.00
2021Q4,2021-10-01 00:00:00,SMB,CUST-00324,2024-09-30,11,8196.00
2021Q4,2021-10-01 00:00:00,SMB,CUST-00324,2024-12-31,12,8196.00
2021Q4,2021-10-01 00:00:00,SMB,CUST-00324,2025-03-31,13,8196.00
2021Q4,2021-10-01 00:00:00,SMB,CUST-00324,2025-06-30,14,9633.72
2021Q4,2021-10-01 00:00:00,SMB,CUST-00324,2025-09-30,15,9633.72
2021Q4,2021-10-01 00:00:00,SMB,CUST-00324,2025-12-31,16,9633.72
2021Q4,2021-10-01 00:00:00,SMB,CUST-00324,2026-03-31,17,9633.72
2021Q4,2021-10-01 00:00:00,SMB,CUST-00324,2026-06-30,18,6039.60
2021Q4,2021-10-01 00:00:00,SMB,CUST-00336,2024-03-31,9,5838.12
2021Q4,2021-10-01 00:00:00,SMB,CUST-00336,2024-06-30,10,7344.24
2021Q4,2021-10-01 00:00:00,SMB,CUST-00336,2024-09-30,11,7344.24
2021Q4,2021-10-01 00:00:00,SMB,CUST-00336,2024-12-31,12,7344.24
2021Q4,2021-10-01 00:00:00,SMB,CUST-00336,2025-03-31,13,0.00
2021Q4,2021-10-01 00:00:00,SMB,CUST-00336,2025-06-30,14,0.00
2021Q4,2021-10-01 00:00:00,SMB,CUST-00336,2025-09-30,15,0.00
2021Q4,2021-10-01 00:00:00,SMB,CUST-00336,2025-12-31,16,0.00
2021Q4,2021-10-01 00:00:00,SMB,CUST-00336,2026-03-31,17,0.00
2021Q4,2021-10-01 00:00:00,SMB,CUST-00336,2026-06-30,18,0.00
2021Q4,2021-10-01 00:00:00,Mid-Market,CUST-00404,2024-03-31,9,22114.92
2021Q4,2021-10-01 00:00:00,Mid-Market,CUST-00404,2024-06-30,10,27380.40
2021Q4,2021-10-01 00:00:00,Mid-Market,CUST-00404,2024-09-30,11,27380.40
2021Q4,2021-10-01 00:00:00,Mid-Market,CUST-00404,2024-12-31,12,27380.40
2021Q4,2021-10-01 00:00:00,Mid-Market,CUST-00404,2025-03-31,13,28475.64
2021Q4,2021-10-01 00:00:00,Mid-Market,CUST-00404,2025-06-30,14,39427.80
2021Q4,2021-10-01 00:00:00,Mid-Market,CUST-00404,2025-09-30,15,39427.80
2021Q4,2021-10-01 00:00:00,Mid-Market,CUST-00404,2025-12-31,16,39427.80
2021Q4,2021-10-01 00:00:00,Mid-Market,CUST-00404,2026-03-31,17,40619.64
2021Q4,2021-10-01 00:00:00,Mid-Market,CUST-00404,2026-06-30,18,40619.64
2021Q4,2021-10-01 00:00:00,SMB,CUST-00326,2024-03-31,9,4532.76
2021Q4,2021-10-01 00:00:00,SMB,CUST-00326,2024-06-30,10,4532.76
2021Q4,2021-10-01 00:00:00,SMB,CUST-00326,2024-09-30,11,4532.76
2021Q4,2021-10-01 00:00:00,SMB,CUST-00326,2024-12-31,12,4532.76
2021Q4,2021-10-01 00:00:00,SMB,CUST-00326,2025-03-31,13,4532.76
2021Q4,2021-10-01 00:00:00,SMB,CUST-00326,2025-06-30,14,4532.76
2021Q4,2021-10-01 00:00:00,SMB,CUST-00326,2025-09-30,15,4532.76
2021Q4,2021-10-01 00:00:00,SMB,CUST-00326,2025-12-31,16,4532.76
2021Q4,2021-10-01 00:00:00,SMB,CUST-00326,2026-03-31,17,4532.76
2021Q4,2021-10-01 00:00:00,SMB,CUST-00326,2026-06-30,18,4532.76
2021Q4,2021-10-01 00:00:00,SMB,CUST-00327,2024-03-31,9,2285.76
2021Q4,2021-10-01 00:00:00,SMB,CUST-00327,2024-06-30,10,2285.76
2021Q4,2021-10-01 00:00:00,SMB,CUST-00327,2024-09-30,11,2285.76
2021Q4,2021-10-01 00:00:00,SMB,CUST-00327,2024-12-31,12,2285.76
2021Q4,2021-10-01 00:00:00,SMB,CUST-00327,2025-03-31,13,2394.36
2021Q4,2021-10-01 00:00:00,SMB,CUST-00327,2025-06-30,14,2394.36
2021Q4,2021-10-01 00:00:00,SMB,CUST-00327,2025-09-30,15,2394.36
2021Q4,2021-10-01 00:00:00,SMB,CUST-00327,2025-12-31,16,2394.36
2021Q4,2021-10-01 00:00:00,SMB,CUST-00327,2026-03-31,17,2474.52
2021Q4,2021-10-01 00:00:00,SMB,CUST-00327,2026-06-30,18,2474.52
2021Q4,2021-10-01 00:00:00,SMB,CUST-00328,2024-03-31,9,1233.36
2021Q4,2021-10-01 00:00:00,SMB,CUST-00328,2024-06-30,10,1233.36
2021Q4,2021-10-01 00:00:00,SMB,CUST-00328,2024-09-30,11,2466.84
2021Q4,2021-10-01 00:00:00,SMB,CUST-00328,2024-12-31,12,2466.84
2021Q4,2021-10-01 00:00:00,SMB,CUST-00328,2025-03-31,13,1935.00
2021Q4,2021-10-01 00:00:00,SMB,CUST-00328,2025-06-30,14,1935.00
2021Q4,2021-10-01 00:00:00,SMB,CUST-00328,2025-09-30,15,1935.00
2021Q4,2021-10-01 00:00:00,SMB,CUST-00328,2025-12-31,16,1935.00
2021Q4,2021-10-01 00:00:00,SMB,CUST-00328,2026-03-31,17,1290.00
2021Q4,2021-10-01 00:00:00,SMB,CUST-00328,2026-06-30,18,1290.00
2021Q4,2021-10-01 00:00:00,SMB,CUST-00331,2024-03-31,9,5847.36
2021Q4,2021-10-01 00:00:00,SMB,CUST-00331,2024-06-30,10,5847.36
2021Q4,2021-10-01 00:00:00,SMB,CUST-00331,2024-09-30,11,5847.36
2021Q4,2021-10-01 00:00:00,SMB,CUST-00331,2024-12-31,12,7343.16
2021Q4,2021-10-01 00:00:00,SMB,CUST-00331,2025-03-31,13,7343.16
2021Q4,2021-10-01 00:00:00,SMB,CUST-00331,2025-06-30,14,7343.16
2021Q4,2021-10-01 00:00:00,SMB,CUST-00331,2025-09-30,15,10280.40
2021Q4,2021-10-01 00:00:00,SMB,CUST-00331,2025-12-31,16,7639.44
2021Q4,2021-10-01 00:00:00,SMB,CUST-00331,2026-03-31,17,7639.44
2021Q4,2021-10-01 00:00:00,SMB,CUST-00331,2026-06-30,18,10695.24
2021Q4,2021-10-01 00:00:00,SMB,CUST-00352,2024-03-31,9,6007.32
2021Q4,2021-10-01 00:00:00,SMB,CUST-00352,2024-06-30,10,6007.32
2021Q4,2021-10-01 00:00:00,SMB,CUST-00352,2024-09-30,11,6007.32
2021Q4,2021-10-01 00:00:00,SMB,CUST-00352,2024-12-31,12,6007.32
2021Q4,2021-10-01 00:00:00,SMB,CUST-00352,2025-03-31,13,6007.32
2021Q4,2021-10-01 00:00:00,SMB,CUST-00352,2025-06-30,14,6007.32
2021Q4,2021-10-01 00:00:00,SMB,CUST-00352,2025-09-30,15,6007.32
2021Q4,2021-10-01 00:00:00,SMB,CUST-00352,2025-12-31,16,6007.32
2021Q4,2021-10-01 00:00:00,SMB,CUST-00352,2026-03-31,17,6007.32
2021Q4,2021-10-01 00:00:00,SMB,CUST-00352,2026-06-30,18,6007.32
2021Q4,2021-10-01 00:00:00,Mid-Market,CUST-00401,2024-03-31,9,11839.44
2021Q4,2021-10-01 00:00:00,Mid-Market,CUST-00401,2024-06-30,10,11839.44
2021Q4,2021-10-01 00:00:00,Mid-Market,CUST-00401,2024-09-30,11,11839.44
2021Q4,2021-10-01 00:00:00,Mid-Market,CUST-00401,2024-12-31,12,11839.44
2021Q4,2021-10-01 00:00:00,SMB,CUST-00319,2024-03-31,9,2002.92
2021Q4,2021-10-01 00:00:00,SMB,CUST-00319,2024-06-30,10,2002.92
2021Q4,2021-10-01 00:00:00,SMB,CUST-00319,2024-09-30,11,2002.92
2021Q4,2021-10-01 00:00:00,SMB,CUST-00319,2024-12-31,12,2002.92
2021Q4,2021-10-01 00:00:00,SMB,CUST-00319,2025-03-31,13,2002.92
2021Q4,2021-10-01 00:00:00,SMB,CUST-00319,2025-06-30,14,2804.16
2021Q4,2021-10-01 00:00:00,SMB,CUST-00319,2025-09-30,15,0.00
2021Q4,2021-10-01 00:00:00,SMB,CUST-00319,2025-12-31,16,0.00
2021Q4,2021-10-01 00:00:00,SMB,CUST-00319,2026-03-31,17,0.00
2021Q4,2021-10-01 00:00:00,SMB,CUST-00319,2026-06-30,18,0.00
2021Q4,2021-10-01 00:00:00,Mid-Market,CUST-00393,2024-03-31,9,23676.84
2021Q4,2021-10-01 00:00:00,Mid-Market,CUST-00393,2024-06-30,10,23676.84
2021Q4,2021-10-01 00:00:00,Mid-Market,CUST-00393,2024-09-30,11,30145.56
2021Q4,2021-10-01 00:00:00,Mid-Market,CUST-00393,2024-12-31,12,24411.60
2021Q4,2021-10-01 00:00:00,Mid-Market,CUST-00393,2025-03-31,13,24411.60
2021Q4,2021-10-01 00:00:00,Mid-Market,CUST-00393,2025-06-30,14,24411.60
2021Q4,2021-10-01 00:00:00,Mid-Market,CUST-00393,2025-09-30,15,24411.60
2021Q4,2021-10-01 00:00:00,Mid-Market,CUST-00393,2025-12-31,16,24411.96
2021Q4,2021-10-01 00:00:00,Mid-Market,CUST-00393,2026-03-31,17,24411.96
2021Q4,2021-10-01 00:00:00,Mid-Market,CUST-00393,2026-06-30,18,29622.60
2021Q4,2021-10-01 00:00:00,Mid-Market,CUST-00399,2024-03-31,9,10718.28
2021Q4,2021-10-01 00:00:00,Mid-Market,CUST-00399,2024-06-30,10,10718.28
2021Q4,2021-10-01 00:00:00,Mid-Market,CUST-00399,2024-09-30,11,10718.28
2021Q4,2021-10-01 00:00:00,Mid-Market,CUST-00399,2024-12-31,12,15005.64
2021Q4,2021-10-01 00:00:00,Mid-Market,CUST-00399,2025-03-31,13,11053.44
2021Q4,2021-10-01 00:00:00,Mid-Market,CUST-00399,2025-06-30,14,15072.84
2021Q4,2021-10-01 00:00:00,Mid-Market,CUST-00399,2025-09-30,15,16077.72
2021Q4,2021-10-01 00:00:00,Mid-Market,CUST-00399,2025-12-31,16,16077.72
2021Q4,2021-10-01 00:00:00,Mid-Market,CUST-00399,2026-03-31,17,18088.20
2021Q4,2021-10-01 00:00:00,Mid-Market,CUST-00396,2024-03-31,9,13052.16
2021Q4,2021-10-01 00:00:00,Mid-Market,CUST-00396,2024-06-30,10,13052.16
2021Q4,2021-10-01 00:00:00,Mid-Market,CUST-00396,2024-09-30,11,13052.16
2021Q4,2021-10-01 00:00:00,Mid-Market,CUST-00396,2024-12-31,12,13052.16
2021Q4,2021-10-01 00:00:00,Mid-Market,CUST-00396,2025-03-31,13,0.00
2021Q4,2021-10-01 00:00:00,Mid-Market,CUST-00396,2025-06-30,14,0.00
2021Q4,2021-10-01 00:00:00,Mid-Market,CUST-00396,2025-09-30,15,0.00
2021Q4,2021-10-01 00:00:00,Mid-Market,CUST-00396,2025-12-31,16,0.00
2021Q4,2021-10-01 00:00:00,Mid-Market,CUST-00396,2026-03-31,17,0.00
2021Q4,2021-10-01 00:00:00,Mid-Market,CUST-00396,2026-06-30,18,0.00
2021Q4,2021-10-01 00:00:00,Mid-Market,CUST-00401,2026-03-31,17,0.00
2021Q4,2021-10-01 00:00:00,Mid-Market,CUST-00401,2026-06-30,18,0.00
2021Q4,2021-10-01 00:00:00,Enterprise,CUST-00416,2024-03-31,9,147027.84
2021Q4,2021-10-01 00:00:00,Enterprise,CUST-00416,2024-06-30,10,147027.84
2021Q4,2021-10-01 00:00:00,Enterprise,CUST-00416,2024-09-30,11,147027.84
2021Q4,2021-10-01 00:00:00,Enterprise,CUST-00416,2024-12-31,12,147027.84
2021Q4,2021-10-01 00:00:00,Enterprise,CUST-00416,2025-03-31,13,118368.60
2021Q4,2021-10-01 00:00:00,Enterprise,CUST-00416,2025-06-30,14,118368.60
2021Q4,2021-10-01 00:00:00,Enterprise,CUST-00416,2025-09-30,15,118368.60
2021Q4,2021-10-01 00:00:00,Enterprise,CUST-00416,2025-12-31,16,118368.60
2021Q4,2021-10-01 00:00:00,Mid-Market,CUST-00395,2024-03-31,9,11341.44
2021Q4,2021-10-01 00:00:00,Mid-Market,CUST-00395,2024-06-30,10,14434.56
2021Q4,2021-10-01 00:00:00,Mid-Market,CUST-00395,2024-09-30,11,14434.56
2021Q4,2021-10-01 00:00:00,Mid-Market,CUST-00395,2024-12-31,12,20221.20
2021Q4,2021-10-01 00:00:00,Mid-Market,CUST-00395,2025-03-31,13,20221.20
2021Q4,2021-10-01 00:00:00,Mid-Market,CUST-00395,2025-06-30,14,20221.20
2021Q4,2021-10-01 00:00:00,Mid-Market,CUST-00395,2025-09-30,15,20221.20
2021Q4,2021-10-01 00:00:00,Mid-Market,CUST-00395,2025-12-31,16,20935.20
2021Q4,2021-10-01 00:00:00,Mid-Market,CUST-00395,2026-03-31,17,22037.04
2021Q4,2021-10-01 00:00:00,Mid-Market,CUST-00395,2026-06-30,18,22037.04
2021Q4,2021-10-01 00:00:00,Mid-Market,CUST-00403,2024-03-31,9,191566.68
2021Q4,2021-10-01 00:00:00,Mid-Market,CUST-00403,2024-06-30,10,191566.68
2021Q4,2021-10-01 00:00:00,Mid-Market,CUST-00403,2024-09-30,11,191566.68
2021Q4,2021-10-01 00:00:00,Mid-Market,CUST-00403,2024-12-31,12,191566.68
2021Q4,2021-10-01 00:00:00,Mid-Market,CUST-00403,2025-03-31,13,176739.60
2021Q4,2021-10-01 00:00:00,Mid-Market,CUST-00403,2025-06-30,14,176739.60
2021Q4,2021-10-01 00:00:00,Mid-Market,CUST-00403,2025-09-30,15,191569.20
2021Q4,2021-10-01 00:00:00,Mid-Market,CUST-00403,2025-12-31,16,191569.20
2021Q4,2021-10-01 00:00:00,Mid-Market,CUST-00403,2026-03-31,17,191573.04
2021Q4,2021-10-01 00:00:00,Mid-Market,CUST-00403,2026-06-30,18,191573.04
2021Q4,2021-10-01 00:00:00,Mid-Market,CUST-00406,2024-03-31,9,0.00
2021Q4,2021-10-01 00:00:00,Mid-Market,CUST-00406,2024-06-30,10,0.00
2021Q4,2021-10-01 00:00:00,Mid-Market,CUST-00406,2024-09-30,11,0.00
2021Q4,2021-10-01 00:00:00,Mid-Market,CUST-00406,2024-12-31,12,0.00
2021Q4,2021-10-01 00:00:00,Mid-Market,CUST-00406,2025-03-31,13,0.00
2021Q4,2021-10-01 00:00:00,Mid-Market,CUST-00406,2025-06-30,14,0.00
2021Q4,2021-10-01 00:00:00,Mid-Market,CUST-00406,2025-09-30,15,0.00
2021Q4,2021-10-01 00:00:00,Mid-Market,CUST-00406,2025-12-31,16,0.00
2021Q4,2021-10-01 00:00:00,Mid-Market,CUST-00406,2026-03-31,17,0.00
2021Q4,2021-10-01 00:00:00,Mid-Market,CUST-00406,2026-06-30,18,0.00
2021Q4,2021-10-01 00:00:00,SMB,CUST-00301,2024-03-31,9,8011.32
2021Q4,2021-10-01 00:00:00,SMB,CUST-00301,2024-06-30,10,8011.32
2021Q4,2021-10-01 00:00:00,SMB,CUST-00301,2024-09-30,11,8011.32
2021Q4,2021-10-01 00:00:00,SMB,CUST-00301,2024-12-31,12,8011.32
2021Q4,2021-10-01 00:00:00,SMB,CUST-00301,2025-03-31,13,8011.32
2021Q4,2021-10-01 00:00:00,SMB,CUST-00301,2025-06-30,14,11215.80
2021Q4,2021-10-01 00:00:00,SMB,CUST-00311,2026-06-30,18,2440.32
2021Q4,2021-10-01 00:00:00,SMB,CUST-00304,2024-09-30,11,4655.64
2021Q4,2021-10-01 00:00:00,SMB,CUST-00304,2024-12-31,12,0.00
2021Q4,2021-10-01 00:00:00,SMB,CUST-00304,2025-03-31,13,0.00
2021Q4,2021-10-01 00:00:00,SMB,CUST-00304,2025-06-30,14,0.00
2021Q4,2021-10-01 00:00:00,SMB,CUST-00304,2025-09-30,15,0.00
2021Q4,2021-10-01 00:00:00,SMB,CUST-00304,2025-12-31,16,0.00
2021Q4,2021-10-01 00:00:00,SMB,CUST-00304,2026-03-31,17,0.00
2021Q4,2021-10-01 00:00:00,SMB,CUST-00301,2025-09-30,15,11215.80
2021Q4,2021-10-01 00:00:00,SMB,CUST-00301,2025-12-31,16,11215.80
2021Q4,2021-10-01 00:00:00,SMB,CUST-00301,2026-03-31,17,11215.80
2021Q4,2021-10-01 00:00:00,SMB,CUST-00301,2026-06-30,18,11215.80
2021Q4,2021-10-01 00:00:00,SMB,CUST-00322,2024-03-31,9,11224.56
2021Q4,2021-10-01 00:00:00,SMB,CUST-00322,2024-06-30,10,11224.56
2021Q4,2021-10-01 00:00:00,SMB,CUST-00322,2024-09-30,11,12026.28
2021Q4,2021-10-01 00:00:00,SMB,CUST-00322,2024-12-31,12,12026.28
2021Q4,2021-10-01 00:00:00,SMB,CUST-00322,2025-03-31,13,10422.84
2021Q4,2021-10-01 00:00:00,SMB,CUST-00322,2025-06-30,14,10422.84
2021Q4,2021-10-01 00:00:00,SMB,CUST-00322,2025-09-30,15,10422.84
2021Q4,2021-10-01 00:00:00,SMB,CUST-00322,2025-12-31,16,10422.84
2021Q4,2021-10-01 00:00:00,SMB,CUST-00304,2026-06-30,18,0.00
2021Q4,2021-10-01 00:00:00,SMB,CUST-00304,2024-03-31,9,4655.64
2021Q4,2021-10-01 00:00:00,SMB,CUST-00304,2024-06-30,10,4655.64
2021Q4,2021-10-01 00:00:00,Mid-Market,CUST-00399,2026-06-30,18,18088.20
2021Q4,2021-10-01 00:00:00,SMB,CUST-00350,2025-06-30,14,0.00
2021Q4,2021-10-01 00:00:00,SMB,CUST-00350,2025-09-30,15,0.00
2021Q4,2021-10-01 00:00:00,SMB,CUST-00350,2024-03-31,9,3639.12
2021Q4,2021-10-01 00:00:00,SMB,CUST-00350,2024-06-30,10,3814.32
2021Q4,2021-10-01 00:00:00,SMB,CUST-00350,2024-09-30,11,3814.32
2021Q4,2021-10-01 00:00:00,SMB,CUST-00350,2024-12-31,12,3814.32
2021Q4,2021-10-01 00:00:00,SMB,CUST-00350,2025-03-31,13,3814.32
2021Q4,2021-10-01 00:00:00,SMB,CUST-00307,2025-12-31,16,0.00
2021Q4,2021-10-01 00:00:00,SMB,CUST-00307,2026-03-31,17,0.00
2021Q4,2021-10-01 00:00:00,SMB,CUST-00307,2026-06-30,18,0.00
2021Q4,2021-10-01 00:00:00,SMB,CUST-00322,2026-03-31,17,10422.84
2021Q4,2021-10-01 00:00:00,SMB,CUST-00322,2026-06-30,18,10422.84
2021Q4,2021-10-01 00:00:00,SMB,CUST-00350,2025-12-31,16,0.00
2021Q4,2021-10-01 00:00:00,SMB,CUST-00350,2026-03-31,17,0.00
2021Q4,2021-10-01 00:00:00,SMB,CUST-00350,2026-06-30,18,0.00
2021Q4,2021-10-01 00:00:00,SMB,CUST-00311,2024-03-31,9,3253.80
2021Q4,2021-10-01 00:00:00,SMB,CUST-00311,2024-06-30,10,3253.80
2021Q4,2021-10-01 00:00:00,SMB,CUST-00311,2024-09-30,11,3253.80
2021Q4,2021-10-01 00:00:00,SMB,CUST-00311,2024-12-31,12,3253.80
2021Q4,2021-10-01 00:00:00,SMB,CUST-00307,2024-03-31,9,1767.36
2021Q4,2021-10-01 00:00:00,SMB,CUST-00307,2024-06-30,10,1767.36
2021Q4,2021-10-01 00:00:00,SMB,CUST-00323,2024-03-31,9,0.00
2021Q4,2021-10-01 00:00:00,SMB,CUST-00323,2024-06-30,10,0.00
2021Q4,2021-10-01 00:00:00,SMB,CUST-00323,2024-09-30,11,0.00
2021Q4,2021-10-01 00:00:00,SMB,CUST-00323,2024-12-31,12,0.00
2021Q4,2021-10-01 00:00:00,SMB,CUST-00323,2025-03-31,13,0.00
2021Q4,2021-10-01 00:00:00,SMB,CUST-00323,2025-06-30,14,0.00
2021Q4,2021-10-01 00:00:00,SMB,CUST-00323,2025-09-30,15,0.00
2021Q4,2021-10-01 00:00:00,SMB,CUST-00323,2025-12-31,16,0.00
2021Q4,2021-10-01 00:00:00,SMB,CUST-00323,2026-03-31,17,0.00
2021Q4,2021-10-01 00:00:00,SMB,CUST-00323,2026-06-30,18,0.00
2021Q4,2021-10-01 00:00:00,SMB,CUST-00307,2024-09-30,11,1767.36
2021Q4,2021-10-01 00:00:00,Enterprise,CUST-00416,2026-03-31,17,150210.84
2021Q4,2021-10-01 00:00:00,Enterprise,CUST-00416,2026-06-30,18,150210.84
2021Q4,2021-10-01 00:00:00,SMB,CUST-00307,2024-12-31,12,1767.36
2021Q4,2021-10-01 00:00:00,SMB,CUST-00307,2025-03-31,13,1767.36
2021Q4,2021-10-01 00:00:00,SMB,CUST-00307,2025-06-30,14,0.00
2021Q4,2021-10-01 00:00:00,SMB,CUST-00307,2025-09-30,15,0.00
2021Q4,2021-10-01 00:00:00,SMB,CUST-00311,2025-03-31,13,3253.80
2021Q4,2021-10-01 00:00:00,SMB,CUST-00311,2025-06-30,14,3253.80
2021Q4,2021-10-01 00:00:00,SMB,CUST-00311,2025-09-30,15,2440.32
2021Q4,2021-10-01 00:00:00,SMB,CUST-00311,2025-12-31,16,2440.32
2021Q4,2021-10-01 00:00:00,SMB,CUST-00311,2026-03-31,17,2440.32
2021Q4,2021-10-01 00:00:00,Mid-Market,CUST-00401,2025-03-31,13,11839.44
2021Q4,2021-10-01 00:00:00,Mid-Market,CUST-00401,2025-06-30,14,15391.32
2021Q4,2021-10-01 00:00:00,Mid-Market,CUST-00401,2025-09-30,15,15391.32
2021Q4,2021-10-01 00:00:00,Mid-Market,CUST-00401,2025-12-31,16,15391.32
2022Q1,2022-01-01 00:00:00,SMB,CUST-00417,2024-03-31,8,9414.00
2022Q1,2022-01-01 00:00:00,SMB,CUST-00417,2024-06-30,9,9414.00
2022Q1,2022-01-01 00:00:00,SMB,CUST-00417,2024-09-30,10,9414.00
2022Q1,2022-01-01 00:00:00,SMB,CUST-00417,2024-12-31,11,9414.00
2022Q1,2022-01-01 00:00:00,SMB,CUST-00417,2025-03-31,12,10590.72
2022Q1,2022-01-01 00:00:00,SMB,CUST-00417,2025-06-30,13,10590.72
2022Q1,2022-01-01 00:00:00,SMB,CUST-00417,2025-09-30,14,10590.72
2022Q1,2022-01-01 00:00:00,SMB,CUST-00417,2025-12-31,15,10590.72
2022Q1,2022-01-01 00:00:00,SMB,CUST-00417,2026-03-31,16,10590.72
2022Q1,2022-01-01 00:00:00,SMB,CUST-00417,2026-06-30,17,10590.72
2022Q1,2022-01-01 00:00:00,Mid-Market,CUST-00657,2024-03-31,8,48256.20
2022Q1,2022-01-01 00:00:00,Mid-Market,CUST-00657,2024-06-30,9,48256.20
2022Q1,2022-01-01 00:00:00,Mid-Market,CUST-00657,2024-09-30,10,67558.68
2022Q1,2022-01-01 00:00:00,Mid-Market,CUST-00657,2024-12-31,11,67558.68
2022Q1,2022-01-01 00:00:00,Mid-Market,CUST-00657,2025-03-31,12,50462.64
2022Q1,2022-01-01 00:00:00,Mid-Market,CUST-00657,2025-06-30,13,50462.64
2022Q1,2022-01-01 00:00:00,Mid-Market,CUST-00657,2025-09-30,14,50462.64
2022Q1,2022-01-01 00:00:00,Mid-Market,CUST-00657,2025-12-31,15,50462.64
2022Q1,2022-01-01 00:00:00,Mid-Market,CUST-00657,2026-03-31,16,52508.16
2022Q1,2022-01-01 00:00:00,Mid-Market,CUST-00657,2026-06-30,17,0.00
2022Q1,2022-01-01 00:00:00,Mid-Market,CUST-00669,2024-03-31,8,17296.92
2022Q1,2022-01-01 00:00:00,Mid-Market,CUST-00669,2024-06-30,9,17296.08
2022Q1,2022-01-01 00:00:00,Mid-Market,CUST-00669,2024-09-30,10,17296.08
2022Q1,2022-01-01 00:00:00,Mid-Market,CUST-00669,2024-12-31,11,17296.08
2022Q1,2022-01-01 00:00:00,Mid-Market,CUST-00669,2025-03-31,12,17296.08
2022Q1,2022-01-01 00:00:00,Mid-Market,CUST-00669,2025-06-30,13,17297.16
2022Q1,2022-01-01 00:00:00,Mid-Market,CUST-00669,2025-09-30,14,17297.16
2022Q1,2022-01-01 00:00:00,Mid-Market,CUST-00669,2025-12-31,15,22384.68
2022Q1,2022-01-01 00:00:00,Mid-Market,CUST-00669,2026-03-31,16,22384.68
2022Q1,2022-01-01 00:00:00,Mid-Market,CUST-00669,2026-06-30,17,22385.16
2022Q1,2022-01-01 00:00:00,SMB,CUST-00460,2024-03-31,8,4701.36
2022Q1,2022-01-01 00:00:00,SMB,CUST-00460,2024-06-30,9,4701.36
2022Q1,2022-01-01 00:00:00,SMB,CUST-00460,2024-09-30,10,4701.36
2022Q1,2022-01-01 00:00:00,SMB,CUST-00460,2024-12-31,11,4701.36
2022Q1,2022-01-01 00:00:00,SMB,CUST-00460,2025-03-31,12,4701.36
2022Q1,2022-01-01 00:00:00,SMB,CUST-00460,2025-06-30,13,4701.36
2022Q1,2022-01-01 00:00:00,SMB,CUST-00460,2025-09-30,14,4701.36
2022Q1,2022-01-01 00:00:00,SMB,CUST-00460,2025-12-31,15,4701.36
2022Q1,2022-01-01 00:00:00,SMB,CUST-00460,2026-03-31,16,0.00
2022Q1,2022-01-01 00:00:00,SMB,CUST-00460,2026-06-30,17,0.00
2022Q1,2022-01-01 00:00:00,Mid-Market,CUST-00659,2024-03-31,8,44426.16
2022Q1,2022-01-01 00:00:00,Mid-Market,CUST-00659,2024-06-30,9,44426.16
2022Q1,2022-01-01 00:00:00,Mid-Market,CUST-00659,2024-09-30,10,44426.16
2022Q1,2022-01-01 00:00:00,Mid-Market,CUST-00659,2024-12-31,11,44426.16
2022Q1,2022-01-01 00:00:00,Mid-Market,CUST-00659,2025-03-31,12,44426.16
2022Q1,2022-01-01 00:00:00,Mid-Market,CUST-00659,2025-06-30,13,44426.16
2022Q1,2022-01-01 00:00:00,Mid-Market,CUST-00659,2025-09-30,14,44426.16
2022Q1,2022-01-01 00:00:00,Mid-Market,CUST-00659,2025-12-31,15,44426.16
2022Q1,2022-01-01 00:00:00,Mid-Market,CUST-00659,2026-03-31,16,44426.16
2022Q1,2022-01-01 00:00:00,Mid-Market,CUST-00659,2026-06-30,17,54647.40
2022Q1,2022-01-01 00:00:00,SMB,CUST-00429,2024-03-31,8,2349.60
2022Q1,2022-01-01 00:00:00,SMB,CUST-00429,2024-06-30,9,2349.60
2022Q1,2022-01-01 00:00:00,SMB,CUST-00429,2024-09-30,10,2349.60
2022Q1,2022-01-01 00:00:00,SMB,CUST-00429,2024-12-31,11,2349.60
2022Q1,2022-01-01 00:00:00,SMB,CUST-00429,2025-03-31,12,2349.60
2022Q1,2022-01-01 00:00:00,SMB,CUST-00429,2025-06-30,13,2349.60
2022Q1,2022-01-01 00:00:00,SMB,CUST-00429,2025-09-30,14,2349.60
2022Q1,2022-01-01 00:00:00,SMB,CUST-00429,2025-12-31,15,2349.60
2022Q1,2022-01-01 00:00:00,SMB,CUST-00429,2026-03-31,16,2349.60
2022Q1,2022-01-01 00:00:00,SMB,CUST-00429,2026-06-30,17,2349.60
2022Q1,2022-01-01 00:00:00,SMB,CUST-00431,2024-03-31,8,11145.60
2022Q1,2022-01-01 00:00:00,SMB,CUST-00431,2024-06-30,9,11145.60
2022Q1,2022-01-01 00:00:00,SMB,CUST-00431,2024-09-30,10,11145.60
2022Q1,2022-01-01 00:00:00,SMB,CUST-00431,2024-12-31,11,11145.60
2022Q1,2022-01-01 00:00:00,SMB,CUST-00431,2025-03-31,12,11145.60
2022Q1,2022-01-01 00:00:00,SMB,CUST-00431,2025-06-30,13,11145.60
2022Q1,2022-01-01 00:00:00,SMB,CUST-00431,2025-09-30,14,9752.40
2022Q1,2022-01-01 00:00:00,SMB,CUST-00431,2025-12-31,15,9752.40
2022Q1,2022-01-01 00:00:00,SMB,CUST-00431,2026-03-31,16,8359.20
2022Q1,2022-01-01 00:00:00,SMB,CUST-00431,2026-06-30,17,8359.20
2022Q1,2022-01-01 00:00:00,SMB,CUST-00476,2024-03-31,8,7362.36
2022Q1,2022-01-01 00:00:00,SMB,CUST-00476,2024-06-30,9,7362.36
2022Q1,2022-01-01 00:00:00,SMB,CUST-00476,2024-09-30,10,7362.36
2022Q1,2022-01-01 00:00:00,SMB,CUST-00476,2024-12-31,11,7362.36
2022Q1,2022-01-01 00:00:00,SMB,CUST-00476,2025-03-31,12,7362.36
2022Q1,2022-01-01 00:00:00,SMB,CUST-00476,2025-06-30,13,7362.36
2022Q1,2022-01-01 00:00:00,SMB,CUST-00476,2025-09-30,14,6795.96
2022Q1,2022-01-01 00:00:00,SMB,CUST-00476,2025-12-31,15,6795.96
2022Q1,2022-01-01 00:00:00,SMB,CUST-00476,2026-03-31,16,6795.96
2022Q1,2022-01-01 00:00:00,SMB,CUST-00476,2026-06-30,17,6795.96
2022Q1,2022-01-01 00:00:00,SMB,CUST-00478,2024-03-31,8,3907.20
2022Q1,2022-01-01 00:00:00,SMB,CUST-00478,2024-06-30,9,3907.20
2022Q1,2022-01-01 00:00:00,SMB,CUST-00478,2024-09-30,10,3907.20
2022Q1,2022-01-01 00:00:00,SMB,CUST-00478,2024-12-31,11,0.00
2022Q1,2022-01-01 00:00:00,SMB,CUST-00478,2025-03-31,12,0.00
2022Q1,2022-01-01 00:00:00,SMB,CUST-00478,2025-06-30,13,0.00
2022Q1,2022-01-01 00:00:00,SMB,CUST-00478,2025-09-30,14,0.00
2022Q1,2022-01-01 00:00:00,SMB,CUST-00478,2025-12-31,15,0.00
2022Q1,2022-01-01 00:00:00,SMB,CUST-00478,2026-03-31,16,0.00
2022Q1,2022-01-01 00:00:00,SMB,CUST-00478,2026-06-30,17,0.00
2022Q1,2022-01-01 00:00:00,Mid-Market,CUST-00652,2024-03-31,8,148133.88
2022Q1,2022-01-01 00:00:00,Mid-Market,CUST-00652,2024-06-30,9,148133.88
2022Q1,2022-01-01 00:00:00,Mid-Market,CUST-00652,2024-09-30,10,148133.88
2022Q1,2022-01-01 00:00:00,Mid-Market,CUST-00652,2024-12-31,11,148133.88
2022Q1,2022-01-01 00:00:00,Mid-Market,CUST-00652,2025-03-31,12,148133.88
2022Q1,2022-01-01 00:00:00,Mid-Market,CUST-00652,2025-06-30,13,148133.88
2022Q1,2022-01-01 00:00:00,Mid-Market,CUST-00652,2025-09-30,14,148133.88
2022Q1,2022-01-01 00:00:00,Mid-Market,CUST-00652,2025-12-31,15,148133.88
2022Q1,2022-01-01 00:00:00,Mid-Market,CUST-00652,2026-03-31,16,148133.88
2022Q1,2022-01-01 00:00:00,Mid-Market,CUST-00652,2026-06-30,17,148133.88
2022Q1,2022-01-01 00:00:00,Mid-Market,CUST-00670,2024-03-31,8,7938.84
2022Q1,2022-01-01 00:00:00,Mid-Market,CUST-00670,2024-06-30,9,7938.72
2022Q1,2022-01-01 00:00:00,Mid-Market,CUST-00670,2024-09-30,10,7938.72
2022Q1,2022-01-01 00:00:00,Mid-Market,CUST-00670,2024-12-31,11,7938.72
2022Q1,2022-01-01 00:00:00,Mid-Market,CUST-00670,2025-03-31,12,7938.72
2022Q1,2022-01-01 00:00:00,Mid-Market,CUST-00670,2025-06-30,13,7938.24
2022Q1,2022-01-01 00:00:00,Mid-Market,CUST-00670,2025-09-30,14,7938.24
2022Q1,2022-01-01 00:00:00,Mid-Market,CUST-00670,2025-12-31,15,7938.24
2022Q1,2022-01-01 00:00:00,Mid-Market,CUST-00670,2026-03-31,16,7938.24
2022Q1,2022-01-01 00:00:00,Mid-Market,CUST-00670,2026-06-30,17,0.00
2022Q1,2022-01-01 00:00:00,Enterprise,CUST-00727,2024-03-31,8,199908.84
2022Q1,2022-01-01 00:00:00,Enterprise,CUST-00727,2024-06-30,9,208653.96
2022Q1,2022-01-01 00:00:00,Enterprise,CUST-00727,2024-09-30,10,208653.96
2022Q1,2022-01-01 00:00:00,Enterprise,CUST-00727,2024-12-31,11,208653.96
2022Q1,2022-01-01 00:00:00,Enterprise,CUST-00727,2025-03-31,12,208653.96
2022Q1,2022-01-01 00:00:00,Enterprise,CUST-00727,2025-06-30,13,147064.56
2022Q1,2022-01-01 00:00:00,Enterprise,CUST-00727,2025-09-30,14,147064.56
2022Q1,2022-01-01 00:00:00,Enterprise,CUST-00727,2025-12-31,15,147064.56
2022Q1,2022-01-01 00:00:00,Enterprise,CUST-00727,2026-03-31,16,147064.56
2022Q1,2022-01-01 00:00:00,Enterprise,CUST-00727,2026-06-30,17,147061.92
2022Q1,2022-01-01 00:00:00,Enterprise,CUST-00728,2024-03-31,8,70074.60
2022Q1,2022-01-01 00:00:00,Enterprise,CUST-00728,2024-06-30,9,76077.96
2022Q1,2022-01-01 00:00:00,Enterprise,CUST-00728,2024-09-30,10,76077.96
2022Q1,2022-01-01 00:00:00,Enterprise,CUST-00728,2024-12-31,11,76077.96
2022Q1,2022-01-01 00:00:00,Enterprise,CUST-00728,2025-03-31,12,76077.96
2022Q1,2022-01-01 00:00:00,Enterprise,CUST-00728,2025-06-30,13,93588.24
2022Q1,2022-01-01 00:00:00,Enterprise,CUST-00728,2025-09-30,14,93588.24
2022Q1,2022-01-01 00:00:00,Enterprise,CUST-00728,2025-12-31,15,93588.24
2022Q1,2022-01-01 00:00:00,Enterprise,CUST-00728,2026-03-31,16,93588.24
2022Q1,2022-01-01 00:00:00,Enterprise,CUST-00728,2026-06-30,17,76074.72
2022Q1,2022-01-01 00:00:00,SMB,CUST-00418,2024-03-31,8,2708.16
2022Q1,2022-01-01 00:00:00,SMB,CUST-00418,2024-06-30,9,3249.84
2022Q1,2022-01-01 00:00:00,SMB,CUST-00418,2024-09-30,10,4549.80
2022Q1,2022-01-01 00:00:00,SMB,CUST-00418,2024-12-31,11,4549.80
2022Q1,2022-01-01 00:00:00,SMB,CUST-00418,2025-03-31,12,4549.80
2022Q1,2022-01-01 00:00:00,SMB,CUST-00418,2025-06-30,13,4549.80
2022Q1,2022-01-01 00:00:00,SMB,CUST-00418,2025-09-30,14,4549.80
2022Q1,2022-01-01 00:00:00,SMB,CUST-00418,2025-12-31,15,4549.80
2022Q1,2022-01-01 00:00:00,SMB,CUST-00418,2026-03-31,16,4549.80
2022Q1,2022-01-01 00:00:00,SMB,CUST-00418,2026-06-30,17,4549.80
2022Q1,2022-01-01 00:00:00,SMB,CUST-00424,2024-03-31,8,0.00
2022Q1,2022-01-01 00:00:00,SMB,CUST-00424,2024-06-30,9,0.00
2022Q1,2022-01-01 00:00:00,SMB,CUST-00424,2024-09-30,10,0.00
2022Q1,2022-01-01 00:00:00,SMB,CUST-00424,2024-12-31,11,0.00
2022Q1,2022-01-01 00:00:00,SMB,CUST-00424,2025-03-31,12,0.00
2022Q1,2022-01-01 00:00:00,SMB,CUST-00424,2025-06-30,13,0.00
2022Q1,2022-01-01 00:00:00,SMB,CUST-00424,2025-09-30,14,0.00
2022Q1,2022-01-01 00:00:00,SMB,CUST-00424,2025-12-31,15,0.00
2022Q1,2022-01-01 00:00:00,SMB,CUST-00424,2026-03-31,16,0.00
2022Q1,2022-01-01 00:00:00,SMB,CUST-00424,2026-06-30,17,0.00
2022Q1,2022-01-01 00:00:00,SMB,CUST-00428,2024-03-31,8,4293.12
2022Q1,2022-01-01 00:00:00,SMB,CUST-00428,2024-06-30,9,0.00
2022Q1,2022-01-01 00:00:00,SMB,CUST-00428,2024-09-30,10,0.00
2022Q1,2022-01-01 00:00:00,SMB,CUST-00428,2024-12-31,11,0.00
2022Q1,2022-01-01 00:00:00,SMB,CUST-00428,2025-03-31,12,0.00
2022Q1,2022-01-01 00:00:00,SMB,CUST-00428,2025-06-30,13,0.00
2022Q1,2022-01-01 00:00:00,SMB,CUST-00428,2025-09-30,14,0.00
2022Q1,2022-01-01 00:00:00,SMB,CUST-00428,2025-12-31,15,0.00
2022Q1,2022-01-01 00:00:00,SMB,CUST-00428,2026-03-31,16,0.00
2022Q1,2022-01-01 00:00:00,SMB,CUST-00428,2026-06-30,17,0.00
2022Q1,2022-01-01 00:00:00,SMB,CUST-00433,2024-03-31,8,7662.84
2022Q1,2022-01-01 00:00:00,SMB,CUST-00433,2024-06-30,9,7662.84
2022Q1,2022-01-01 00:00:00,SMB,CUST-00433,2024-09-30,10,8405.88
2022Q1,2022-01-01 00:00:00,SMB,CUST-00433,2024-12-31,11,8405.88
2022Q1,2022-01-01 00:00:00,SMB,CUST-00433,2025-03-31,12,8405.88
2022Q1,2022-01-01 00:00:00,SMB,CUST-00433,2025-06-30,13,8405.88
2022Q1,2022-01-01 00:00:00,SMB,CUST-00433,2025-09-30,14,8405.88
2022Q1,2022-01-01 00:00:00,SMB,CUST-00433,2025-12-31,15,8405.88
2022Q1,2022-01-01 00:00:00,SMB,CUST-00433,2026-03-31,16,8405.88
2022Q1,2022-01-01 00:00:00,SMB,CUST-00433,2026-06-30,17,8405.88
2022Q1,2022-01-01 00:00:00,SMB,CUST-00467,2024-03-31,8,25144.44
2022Q1,2022-01-01 00:00:00,SMB,CUST-00467,2024-06-30,9,25144.44
2022Q1,2022-01-01 00:00:00,SMB,CUST-00467,2024-09-30,10,25144.44
2022Q1,2022-01-01 00:00:00,SMB,CUST-00467,2024-12-31,11,25144.44
2022Q1,2022-01-01 00:00:00,SMB,CUST-00467,2025-03-31,12,25144.44
2022Q1,2022-01-01 00:00:00,SMB,CUST-00467,2025-06-30,13,25144.44
2022Q1,2022-01-01 00:00:00,SMB,CUST-00467,2025-09-30,14,25144.44
2022Q1,2022-01-01 00:00:00,SMB,CUST-00467,2025-12-31,15,25144.44
2022Q1,2022-01-01 00:00:00,SMB,CUST-00467,2026-03-31,16,26590.08
2022Q1,2022-01-01 00:00:00,SMB,CUST-00467,2026-06-30,17,26590.08
2022Q1,2022-01-01 00:00:00,Mid-Market,CUST-00664,2024-03-31,8,19615.32
2022Q1,2022-01-01 00:00:00,Mid-Market,CUST-00664,2024-06-30,9,19616.16
2022Q1,2022-01-01 00:00:00,Mid-Market,CUST-00664,2024-09-30,10,19616.16
2022Q1,2022-01-01 00:00:00,Mid-Market,CUST-00664,2024-12-31,11,19616.16
2022Q1,2022-01-01 00:00:00,Mid-Market,CUST-00664,2025-03-31,12,19616.16
2022Q1,2022-01-01 00:00:00,Mid-Market,CUST-00664,2025-06-30,13,20352.12
2022Q1,2022-01-01 00:00:00,Mid-Market,CUST-00664,2025-09-30,14,20352.12
2022Q1,2022-01-01 00:00:00,Mid-Market,CUST-00664,2025-12-31,15,20352.12
2022Q1,2022-01-01 00:00:00,Mid-Market,CUST-00664,2026-03-31,16,20352.12
2022Q1,2022-01-01 00:00:00,Mid-Market,CUST-00664,2026-06-30,17,0.00
2022Q1,2022-01-01 00:00:00,Mid-Market,CUST-00665,2024-03-31,8,46059.72
2022Q1,2022-01-01 00:00:00,Mid-Market,CUST-00665,2024-06-30,9,48090.48
2022Q1,2022-01-01 00:00:00,Mid-Market,CUST-00665,2024-09-30,10,48090.48
2022Q1,2022-01-01 00:00:00,Mid-Market,CUST-00665,2024-12-31,11,49124.88
2022Q1,2022-01-01 00:00:00,Mid-Market,CUST-00665,2025-03-31,12,49124.88
2022Q1,2022-01-01 00:00:00,Mid-Market,CUST-00665,2025-06-30,13,51522.72
2022Q1,2022-01-01 00:00:00,Mid-Market,CUST-00665,2025-09-30,14,51522.72
2022Q1,2022-01-01 00:00:00,Mid-Market,CUST-00665,2025-12-31,15,51522.72
2022Q1,2022-01-01 00:00:00,Mid-Market,CUST-00665,2026-03-31,16,51522.72
2022Q1,2022-01-01 00:00:00,Mid-Market,CUST-00665,2026-06-30,17,53950.20
2022Q1,2022-01-01 00:00:00,Mid-Market,CUST-00655,2024-03-31,8,0.00
2022Q1,2022-01-01 00:00:00,Mid-Market,CUST-00655,2024-06-30,9,0.00
2022Q1,2022-01-01 00:00:00,Mid-Market,CUST-00655,2024-09-30,10,0.00
2022Q1,2022-01-01 00:00:00,Mid-Market,CUST-00655,2024-12-31,11,0.00
2022Q1,2022-01-01 00:00:00,Mid-Market,CUST-00655,2025-03-31,12,0.00
2022Q1,2022-01-01 00:00:00,Mid-Market,CUST-00655,2025-06-30,13,0.00
2022Q1,2022-01-01 00:00:00,Mid-Market,CUST-00655,2025-09-30,14,0.00
2022Q1,2022-01-01 00:00:00,Mid-Market,CUST-00655,2025-12-31,15,0.00
2022Q1,2022-01-01 00:00:00,Mid-Market,CUST-00655,2026-03-31,16,0.00
2022Q1,2022-01-01 00:00:00,Mid-Market,CUST-00655,2026-06-30,17,0.00
2022Q1,2022-01-01 00:00:00,Mid-Market,CUST-00658,2024-03-31,8,14888.52
2022Q1,2022-01-01 00:00:00,Mid-Market,CUST-00658,2024-06-30,9,14888.52
2022Q1,2022-01-01 00:00:00,Mid-Market,CUST-00658,2024-09-30,10,14888.52
2022Q1,2022-01-01 00:00:00,Mid-Market,CUST-00658,2024-12-31,11,14888.52
2022Q1,2022-01-01 00:00:00,Mid-Market,CUST-00658,2025-03-31,12,15368.16
2022Q1,2022-01-01 00:00:00,Mid-Market,CUST-00658,2025-06-30,13,15368.16
2022Q1,2022-01-01 00:00:00,Mid-Market,CUST-00658,2025-09-30,14,15368.16
2022Q1,2022-01-01 00:00:00,Mid-Market,CUST-00658,2025-12-31,15,18441.72
2022Q1,2022-01-01 00:00:00,Mid-Market,CUST-00658,2026-03-31,16,0.00
2022Q1,2022-01-01 00:00:00,Mid-Market,CUST-00658,2026-06-30,17,0.00
2022Q1,2022-01-01 00:00:00,SMB,CUST-00465,2024-03-31,8,6410.04
2022Q1,2022-01-01 00:00:00,SMB,CUST-00465,2024-06-30,9,7496.88
2022Q1,2022-01-01 00:00:00,SMB,CUST-00465,2024-09-30,10,7496.88
2022Q1,2022-01-01 00:00:00,SMB,CUST-00465,2024-12-31,11,7496.88
2022Q1,2022-01-01 00:00:00,SMB,CUST-00465,2025-03-31,12,7496.88
2022Q1,2022-01-01 00:00:00,SMB,CUST-00465,2025-06-30,13,0.00
2022Q1,2022-01-01 00:00:00,SMB,CUST-00465,2025-09-30,14,0.00
2022Q1,2022-01-01 00:00:00,SMB,CUST-00465,2025-12-31,15,0.00
2022Q1,2022-01-01 00:00:00,SMB,CUST-00465,2026-03-31,16,0.00
2022Q1,2022-01-01 00:00:00,SMB,CUST-00465,2026-06-30,17,0.00
2022Q1,2022-01-01 00:00:00,SMB,CUST-00472,2024-03-31,8,2083.92
2022Q1,2022-01-01 00:00:00,SMB,CUST-00472,2024-06-30,9,2083.92
2022Q1,2022-01-01 00:00:00,SMB,CUST-00472,2024-09-30,10,2083.92
2022Q1,2022-01-01 00:00:00,SMB,CUST-00472,2024-12-31,11,2083.92
2022Q1,2022-01-01 00:00:00,SMB,CUST-00472,2025-03-31,12,2083.92
2022Q1,2022-01-01 00:00:00,SMB,CUST-00472,2025-06-30,13,2083.92
2022Q1,2022-01-01 00:00:00,SMB,CUST-00472,2025-09-30,14,2083.92
2022Q1,2022-01-01 00:00:00,SMB,CUST-00472,2025-12-31,15,2083.92
2022Q1,2022-01-01 00:00:00,SMB,CUST-00472,2026-03-31,16,2083.92
2022Q1,2022-01-01 00:00:00,SMB,CUST-00472,2026-06-30,17,1562.88
2022Q1,2022-01-01 00:00:00,Mid-Market,CUST-00668,2024-03-31,8,40638.24
2022Q1,2022-01-01 00:00:00,Mid-Market,CUST-00668,2024-06-30,9,30325.80
2022Q1,2022-01-01 00:00:00,Mid-Market,CUST-00668,2024-09-30,10,42456.12
2022Q1,2022-01-01 00:00:00,Mid-Market,CUST-00668,2024-12-31,11,42456.12
2022Q1,2022-01-01 00:00:00,Mid-Market,CUST-00668,2025-03-31,12,42456.12
2022Q1,2022-01-01 00:00:00,Mid-Market,CUST-00668,2025-06-30,13,31773.60
2022Q1,2022-01-01 00:00:00,Mid-Market,CUST-00668,2025-09-30,14,31773.60
2022Q1,2022-01-01 00:00:00,Mid-Market,CUST-00668,2025-12-31,15,31773.60
2022Q1,2022-01-01 00:00:00,Mid-Market,CUST-00668,2026-03-31,16,31773.60
2022Q1,2022-01-01 00:00:00,Mid-Market,CUST-00668,2026-06-30,17,33218.16
2022Q1,2022-01-01 00:00:00,SMB,CUST-00455,2024-03-31,8,21173.76
2022Q1,2022-01-01 00:00:00,SMB,CUST-00455,2024-06-30,9,21173.76
2022Q1,2022-01-01 00:00:00,SMB,CUST-00455,2024-09-30,10,21173.76
2022Q1,2022-01-01 00:00:00,SMB,CUST-00455,2024-12-31,11,21173.76
2022Q1,2022-01-01 00:00:00,SMB,CUST-00455,2025-03-31,12,22013.16
2022Q1,2022-01-01 00:00:00,SMB,CUST-00455,2025-06-30,13,22013.16
2022Q1,2022-01-01 00:00:00,SMB,CUST-00455,2025-09-30,14,25158.00
2022Q1,2022-01-01 00:00:00,SMB,CUST-00455,2025-12-31,15,25158.00
2022Q1,2022-01-01 00:00:00,SMB,CUST-00455,2026-03-31,16,0.00
2022Q1,2022-01-01 00:00:00,SMB,CUST-00455,2026-06-30,17,0.00
2022Q1,2022-01-01 00:00:00,Mid-Market,CUST-00660,2024-03-31,8,0.00
2022Q1,2022-01-01 00:00:00,Mid-Market,CUST-00660,2024-06-30,9,0.00
2022Q1,2022-01-01 00:00:00,Mid-Market,CUST-00660,2024-09-30,10,0.00
2022Q1,2022-01-01 00:00:00,Mid-Market,CUST-00660,2024-12-31,11,0.00
2022Q1,2022-01-01 00:00:00,Mid-Market,CUST-00660,2025-03-31,12,0.00
2022Q1,2022-01-01 00:00:00,Mid-Market,CUST-00660,2025-06-30,13,0.00
2022Q1,2022-01-01 00:00:00,Mid-Market,CUST-00660,2025-09-30,14,0.00
2022Q1,2022-01-01 00:00:00,Mid-Market,CUST-00660,2025-12-31,15,0.00
2022Q1,2022-01-01 00:00:00,Mid-Market,CUST-00660,2026-03-31,16,0.00
2022Q1,2022-01-01 00:00:00,Mid-Market,CUST-00660,2026-06-30,17,0.00
2022Q1,2022-01-01 00:00:00,Enterprise,CUST-00725,2024-03-31,8,83875.80
2022Q1,2022-01-01 00:00:00,Enterprise,CUST-00725,2024-06-30,9,83875.80
2022Q1,2022-01-01 00:00:00,Enterprise,CUST-00725,2024-09-30,10,83875.80
2022Q1,2022-01-01 00:00:00,Enterprise,CUST-00725,2024-12-31,11,102479.28
2022Q1,2022-01-01 00:00:00,Enterprise,CUST-00725,2025-03-31,12,86826.96
2022Q1,2022-01-01 00:00:00,Enterprise,CUST-00725,2025-06-30,13,86826.96
2022Q1,2022-01-01 00:00:00,Enterprise,CUST-00725,2025-09-30,14,86826.96
2022Q1,2022-01-01 00:00:00,Enterprise,CUST-00725,2025-12-31,15,86826.96
2022Q1,2022-01-01 00:00:00,Enterprise,CUST-00725,2026-03-31,16,90908.52
2022Q1,2022-01-01 00:00:00,Enterprise,CUST-00725,2026-06-30,17,90908.52
2022Q1,2022-01-01 00:00:00,Enterprise,CUST-00726,2024-03-31,8,68014.80
2022Q1,2022-01-01 00:00:00,Enterprise,CUST-00726,2024-06-30,9,68014.80
2022Q1,2022-01-01 00:00:00,Enterprise,CUST-00726,2024-09-30,10,68014.80
2022Q1,2022-01-01 00:00:00,Enterprise,CUST-00726,2024-12-31,11,68014.80
2022Q1,2022-01-01 00:00:00,Enterprise,CUST-00726,2025-03-31,12,71135.64
2022Q1,2022-01-01 00:00:00,Enterprise,CUST-00726,2025-06-30,13,71135.64
2022Q1,2022-01-01 00:00:00,Enterprise,CUST-00726,2025-09-30,14,71135.64
2022Q1,2022-01-01 00:00:00,Enterprise,CUST-00726,2025-12-31,15,71135.64
2022Q1,2022-01-01 00:00:00,Enterprise,CUST-00726,2026-03-31,16,71135.64
2022Q1,2022-01-01 00:00:00,Enterprise,CUST-00726,2026-06-30,17,71135.64
2022Q1,2022-01-01 00:00:00,SMB,CUST-00461,2024-03-31,8,1871.52
2022Q1,2022-01-01 00:00:00,SMB,CUST-00461,2024-06-30,9,1928.64
2022Q1,2022-01-01 00:00:00,SMB,CUST-00461,2024-09-30,10,1928.64
2022Q1,2022-01-01 00:00:00,SMB,CUST-00461,2024-12-31,11,1928.64
2022Q1,2022-01-01 00:00:00,SMB,CUST-00461,2025-03-31,12,1928.64
2022Q1,2022-01-01 00:00:00,SMB,CUST-00461,2025-06-30,13,1992.60
2022Q1,2022-01-01 00:00:00,SMB,CUST-00461,2025-09-30,14,1992.60
2022Q1,2022-01-01 00:00:00,SMB,CUST-00461,2025-12-31,15,1992.60
2022Q1,2022-01-01 00:00:00,SMB,CUST-00461,2026-03-31,16,1992.60
2022Q1,2022-01-01 00:00:00,SMB,CUST-00461,2026-06-30,17,2083.08
2022Q1,2022-01-01 00:00:00,Mid-Market,CUST-00661,2024-03-31,8,24257.04
2022Q1,2022-01-01 00:00:00,Mid-Market,CUST-00661,2024-06-30,9,24257.04
2022Q1,2022-01-01 00:00:00,Mid-Market,CUST-00661,2024-09-30,10,24257.04
2022Q1,2022-01-01 00:00:00,Mid-Market,CUST-00661,2024-12-31,11,24257.04
2022Q1,2022-01-01 00:00:00,Mid-Market,CUST-00661,2025-03-31,12,31722.60
2022Q1,2022-01-01 00:00:00,Mid-Market,CUST-00661,2025-06-30,13,31722.60
2022Q1,2022-01-01 00:00:00,Mid-Market,CUST-00661,2025-09-30,14,31722.60
2022Q1,2022-01-01 00:00:00,Mid-Market,CUST-00661,2025-12-31,15,31722.60
2022Q1,2022-01-01 00:00:00,Mid-Market,CUST-00661,2026-03-31,16,33194.64
2022Q1,2022-01-01 00:00:00,Mid-Market,CUST-00661,2026-06-30,17,33194.64
2022Q1,2022-01-01 00:00:00,Mid-Market,CUST-00663,2024-03-31,8,35291.88
2022Q1,2022-01-01 00:00:00,Mid-Market,CUST-00663,2024-06-30,9,36970.08
2022Q1,2022-01-01 00:00:00,Mid-Market,CUST-00663,2024-09-30,10,36970.08
2022Q1,2022-01-01 00:00:00,Mid-Market,CUST-00663,2024-12-31,11,36970.08
2022Q1,2022-01-01 00:00:00,Mid-Market,CUST-00663,2025-03-31,12,36970.08
2022Q1,2022-01-01 00:00:00,Mid-Market,CUST-00663,2025-06-30,13,36970.08
2022Q1,2022-01-01 00:00:00,Mid-Market,CUST-00663,2025-09-30,14,39967.56
2022Q1,2022-01-01 00:00:00,Mid-Market,CUST-00663,2025-12-31,15,54955.44
2022Q1,2022-01-01 00:00:00,Mid-Market,CUST-00663,2026-03-31,16,54955.44
2022Q1,2022-01-01 00:00:00,Mid-Market,CUST-00663,2026-06-30,17,57655.32
2022Q1,2022-01-01 00:00:00,Mid-Market,CUST-00662,2024-03-31,8,52725.12
2022Q1,2022-01-01 00:00:00,Mid-Market,CUST-00662,2024-06-30,9,54305.16
2022Q1,2022-01-01 00:00:00,Mid-Market,CUST-00662,2024-09-30,10,54305.16
2022Q1,2022-01-01 00:00:00,Mid-Market,CUST-00662,2024-12-31,11,54305.16
2022Q1,2022-01-01 00:00:00,Mid-Market,CUST-00662,2025-03-31,12,54305.16
2022Q1,2022-01-01 00:00:00,Mid-Market,CUST-00662,2025-06-30,13,68683.20
2022Q1,2022-01-01 00:00:00,Mid-Market,CUST-00662,2025-09-30,14,68683.20
2022Q1,2022-01-01 00:00:00,Mid-Market,CUST-00662,2025-12-31,15,68683.20
2022Q1,2022-01-01 00:00:00,Mid-Market,CUST-00662,2026-03-31,16,68683.20
2022Q1,2022-01-01 00:00:00,Mid-Market,CUST-00662,2026-06-30,17,70997.76
2022Q1,2022-01-01 00:00:00,Mid-Market,CUST-00667,2024-03-31,8,22226.04
2022Q1,2022-01-01 00:00:00,Mid-Market,CUST-00667,2024-06-30,9,23076.96
2022Q1,2022-01-01 00:00:00,Mid-Market,CUST-00667,2024-09-30,10,23076.96
2022Q1,2022-01-01 00:00:00,Mid-Market,CUST-00667,2024-12-31,11,23076.96
2022Q1,2022-01-01 00:00:00,Mid-Market,CUST-00667,2025-03-31,12,23076.96
2022Q1,2022-01-01 00:00:00,Mid-Market,CUST-00667,2025-06-30,13,23944.56
2022Q1,2022-01-01 00:00:00,SMB,CUST-00427,2024-03-31,8,1814.40
2022Q1,2022-01-01 00:00:00,SMB,CUST-00427,2024-06-30,9,1814.40
2022Q1,2022-01-01 00:00:00,SMB,CUST-00427,2024-09-30,10,1814.40
2022Q1,2022-01-01 00:00:00,SMB,CUST-00427,2024-12-31,11,3464.40
2022Q1,2022-01-01 00:00:00,SMB,CUST-00427,2025-03-31,12,3464.40
2022Q1,2022-01-01 00:00:00,SMB,CUST-00427,2025-06-30,13,3464.40
2022Q1,2022-01-01 00:00:00,SMB,CUST-00427,2025-09-30,14,3464.40
2022Q1,2022-01-01 00:00:00,SMB,CUST-00427,2025-12-31,15,3464.40
2022Q1,2022-01-01 00:00:00,SMB,CUST-00427,2026-03-31,16,3464.40
2022Q1,2022-01-01 00:00:00,SMB,CUST-00427,2026-06-30,17,3464.40
2022Q1,2022-01-01 00:00:00,SMB,CUST-00438,2024-03-31,8,4793.52
2022Q1,2022-01-01 00:00:00,SMB,CUST-00438,2024-06-30,9,6016.32
2022Q1,2022-01-01 00:00:00,SMB,CUST-00438,2024-09-30,10,6016.32
2022Q1,2022-01-01 00:00:00,SMB,CUST-00438,2024-12-31,11,6016.32
2022Q1,2022-01-01 00:00:00,SMB,CUST-00438,2025-03-31,12,6016.32
2022Q1,2022-01-01 00:00:00,SMB,CUST-00438,2025-06-30,13,6016.32
2022Q1,2022-01-01 00:00:00,SMB,CUST-00438,2025-09-30,14,6016.32
2022Q1,2022-01-01 00:00:00,SMB,CUST-00438,2025-12-31,15,6016.32
2022Q1,2022-01-01 00:00:00,SMB,CUST-00438,2026-03-31,16,6016.32
2022Q1,2022-01-01 00:00:00,SMB,CUST-00438,2026-06-30,17,0.00
2022Q1,2022-01-01 00:00:00,SMB,CUST-00440,2024-03-31,8,5111.40
2022Q1,2022-01-01 00:00:00,SMB,CUST-00440,2024-06-30,9,5111.40
2022Q1,2022-01-01 00:00:00,SMB,CUST-00440,2024-09-30,10,5111.40
2022Q1,2022-01-01 00:00:00,SMB,CUST-00440,2024-12-31,11,5111.40
2022Q1,2022-01-01 00:00:00,SMB,CUST-00440,2025-03-31,12,5305.20
2022Q1,2022-01-01 00:00:00,SMB,CUST-00440,2025-06-30,13,5305.20
2022Q1,2022-01-01 00:00:00,SMB,CUST-00440,2025-09-30,14,5305.20
2022Q1,2022-01-01 00:00:00,SMB,CUST-00440,2025-12-31,15,5305.20
2022Q1,2022-01-01 00:00:00,SMB,CUST-00440,2026-03-31,16,5553.84
2022Q1,2022-01-01 00:00:00,SMB,CUST-00440,2026-06-30,17,5553.84
2022Q1,2022-01-01 00:00:00,SMB,CUST-00450,2024-03-31,8,4763.40
2022Q1,2022-01-01 00:00:00,SMB,CUST-00450,2024-06-30,9,4763.40
2022Q1,2022-01-01 00:00:00,SMB,CUST-00450,2024-09-30,10,4763.40
2022Q1,2022-01-01 00:00:00,SMB,CUST-00450,2024-12-31,11,4763.40
2022Q1,2022-01-01 00:00:00,SMB,CUST-00450,2025-03-31,12,4763.40
2022Q1,2022-01-01 00:00:00,SMB,CUST-00450,2025-06-30,13,4763.40
2022Q1,2022-01-01 00:00:00,SMB,CUST-00450,2025-09-30,14,4763.40
2022Q1,2022-01-01 00:00:00,SMB,CUST-00450,2025-12-31,15,4763.40
2022Q1,2022-01-01 00:00:00,SMB,CUST-00450,2026-03-31,16,4763.40
2022Q1,2022-01-01 00:00:00,SMB,CUST-00450,2026-06-30,17,4763.40
2022Q1,2022-01-01 00:00:00,SMB,CUST-00439,2024-03-31,8,0.00
2022Q1,2022-01-01 00:00:00,SMB,CUST-00439,2024-06-30,9,0.00
2022Q1,2022-01-01 00:00:00,SMB,CUST-00439,2024-09-30,10,0.00
2022Q1,2022-01-01 00:00:00,SMB,CUST-00439,2024-12-31,11,0.00
2022Q1,2022-01-01 00:00:00,SMB,CUST-00439,2025-03-31,12,0.00
2022Q1,2022-01-01 00:00:00,SMB,CUST-00439,2025-06-30,13,0.00
2022Q1,2022-01-01 00:00:00,SMB,CUST-00439,2025-09-30,14,0.00
2022Q1,2022-01-01 00:00:00,SMB,CUST-00439,2025-12-31,15,0.00
2022Q1,2022-01-01 00:00:00,SMB,CUST-00439,2026-03-31,16,0.00
2022Q1,2022-01-01 00:00:00,SMB,CUST-00439,2026-06-30,17,0.00
2022Q1,2022-01-01 00:00:00,SMB,CUST-00447,2024-03-31,8,8146.68
2022Q1,2022-01-01 00:00:00,SMB,CUST-00447,2024-06-30,9,8146.68
2022Q1,2022-01-01 00:00:00,SMB,CUST-00447,2024-09-30,10,8146.68
2022Q1,2022-01-01 00:00:00,SMB,CUST-00447,2024-12-31,11,8146.68
2022Q1,2022-01-01 00:00:00,SMB,CUST-00447,2025-03-31,12,8146.68
2022Q1,2022-01-01 00:00:00,SMB,CUST-00447,2025-06-30,13,8146.68
2022Q1,2022-01-01 00:00:00,SMB,CUST-00447,2025-09-30,14,8146.68
2022Q1,2022-01-01 00:00:00,SMB,CUST-00447,2025-12-31,15,8146.68
2022Q1,2022-01-01 00:00:00,SMB,CUST-00447,2026-03-31,16,8146.68
2022Q1,2022-01-01 00:00:00,SMB,CUST-00447,2026-06-30,17,7406.04
2022Q1,2022-01-01 00:00:00,Mid-Market,CUST-00654,2024-03-31,8,18074.88
2022Q1,2022-01-01 00:00:00,Mid-Market,CUST-00654,2024-06-30,9,18074.88
2022Q1,2022-01-01 00:00:00,Mid-Market,CUST-00654,2024-09-30,10,18074.88
2022Q1,2022-01-01 00:00:00,Mid-Market,CUST-00654,2024-12-31,11,22378.44
2022Q1,2022-01-01 00:00:00,Mid-Market,CUST-00654,2025-03-31,12,22378.44
2022Q1,2022-01-01 00:00:00,Mid-Market,CUST-00654,2025-06-30,13,22378.44
2022Q1,2022-01-01 00:00:00,Mid-Market,CUST-00654,2025-09-30,14,22378.44
2022Q1,2022-01-01 00:00:00,Mid-Market,CUST-00654,2025-12-31,15,22378.44
2022Q1,2022-01-01 00:00:00,Mid-Market,CUST-00654,2026-03-31,16,23438.64
2022Q1,2022-01-01 00:00:00,Mid-Market,CUST-00654,2026-06-30,17,23438.64
2022Q1,2022-01-01 00:00:00,Mid-Market,CUST-00656,2024-03-31,8,35017.44
2022Q1,2022-01-01 00:00:00,Mid-Market,CUST-00656,2024-06-30,9,35017.44
2022Q1,2022-01-01 00:00:00,Mid-Market,CUST-00656,2024-09-30,10,45393.12
2022Q1,2022-01-01 00:00:00,Mid-Market,CUST-00656,2024-12-31,11,70035.00
2022Q1,2022-01-01 00:00:00,Mid-Market,CUST-00656,2025-03-31,12,72139.08
2022Q1,2022-01-01 00:00:00,Mid-Market,CUST-00656,2025-06-30,13,72139.08
2022Q1,2022-01-01 00:00:00,Mid-Market,CUST-00656,2025-09-30,14,72139.08
2022Q1,2022-01-01 00:00:00,Mid-Market,CUST-00656,2025-12-31,15,72139.08
2022Q1,2022-01-01 00:00:00,Mid-Market,CUST-00656,2026-03-31,16,60114.96
2022Q1,2022-01-01 00:00:00,Mid-Market,CUST-00656,2026-06-30,17,60114.96
2022Q1,2022-01-01 00:00:00,Mid-Market,CUST-00667,2025-09-30,14,23944.56
2022Q1,2022-01-01 00:00:00,Mid-Market,CUST-00667,2025-12-31,15,23944.56
2022Q1,2022-01-01 00:00:00,Mid-Market,CUST-00667,2026-03-31,16,23944.56
2022Q1,2022-01-01 00:00:00,Mid-Market,CUST-00667,2026-06-30,17,24897.12
2022Q1,2022-01-01 00:00:00,SMB,CUST-00421,2024-03-31,8,3958.68
2022Q1,2022-01-01 00:00:00,SMB,CUST-00421,2024-06-30,9,3958.68
2022Q1,2022-01-01 00:00:00,SMB,CUST-00421,2024-09-30,10,4520.16
2022Q1,2022-01-01 00:00:00,SMB,CUST-00421,2024-12-31,11,4520.16
2022Q1,2022-01-01 00:00:00,SMB,CUST-00421,2025-03-31,12,4520.16
2022Q1,2022-01-01 00:00:00,SMB,CUST-00421,2025-06-30,13,4520.16
2022Q1,2022-01-01 00:00:00,SMB,CUST-00421,2025-09-30,14,0.00
2022Q1,2022-01-01 00:00:00,SMB,CUST-00421,2025-12-31,15,0.00
2022Q1,2022-01-01 00:00:00,SMB,CUST-00421,2026-03-31,16,0.00
2022Q1,2022-01-01 00:00:00,SMB,CUST-00421,2026-06-30,17,0.00
2022Q1,2022-01-01 00:00:00,SMB,CUST-00422,2024-03-31,8,12344.52
2022Q1,2022-01-01 00:00:00,SMB,CUST-00422,2024-06-30,9,12344.52
2022Q1,2022-01-01 00:00:00,SMB,CUST-00422,2024-09-30,10,14989.56
2022Q1,2022-01-01 00:00:00,SMB,CUST-00422,2024-12-31,11,14989.56
2022Q1,2022-01-01 00:00:00,SMB,CUST-00422,2025-03-31,12,12835.56
2022Q1,2022-01-01 00:00:00,SMB,CUST-00422,2025-06-30,13,12835.56
2022Q1,2022-01-01 00:00:00,SMB,CUST-00422,2025-09-30,14,12835.56
2022Q1,2022-01-01 00:00:00,SMB,CUST-00422,2025-12-31,15,12835.56
2022Q1,2022-01-01 00:00:00,SMB,CUST-00422,2026-03-31,16,12836.40
2022Q1,2022-01-01 00:00:00,SMB,CUST-00422,2026-06-30,17,12836.40
2022Q1,2022-01-01 00:00:00,SMB,CUST-00445,2024-03-31,8,17118.36
2022Q1,2022-01-01 00:00:00,SMB,CUST-00445,2024-06-30,9,17118.36
2022Q1,2022-01-01 00:00:00,SMB,CUST-00445,2024-09-30,10,17118.36
2022Q1,2022-01-01 00:00:00,SMB,CUST-00445,2024-12-31,11,17118.36
2022Q1,2022-01-01 00:00:00,SMB,CUST-00445,2025-03-31,12,17118.36
2022Q1,2022-01-01 00:00:00,SMB,CUST-00445,2025-06-30,13,18764.88
2022Q1,2022-01-01 00:00:00,SMB,CUST-00445,2025-09-30,14,18764.88
2022Q1,2022-01-01 00:00:00,SMB,CUST-00445,2025-12-31,15,18764.88
2022Q1,2022-01-01 00:00:00,SMB,CUST-00445,2026-03-31,16,18764.88
2022Q1,2022-01-01 00:00:00,SMB,CUST-00445,2026-06-30,17,18764.88
2022Q1,2022-01-01 00:00:00,SMB,CUST-00448,2024-03-31,8,2782.08
2022Q1,2022-01-01 00:00:00,SMB,CUST-00448,2024-06-30,9,2782.08
2022Q1,2022-01-01 00:00:00,SMB,CUST-00448,2024-09-30,10,2782.08
2022Q1,2022-01-01 00:00:00,SMB,CUST-00448,2024-12-31,11,2782.08
2022Q1,2022-01-01 00:00:00,SMB,CUST-00448,2025-03-31,12,2782.08
2022Q1,2022-01-01 00:00:00,SMB,CUST-00448,2025-06-30,13,2782.08
2022Q1,2022-01-01 00:00:00,SMB,CUST-00448,2025-09-30,14,2782.08
2022Q1,2022-01-01 00:00:00,SMB,CUST-00448,2025-12-31,15,2782.08
2022Q1,2022-01-01 00:00:00,SMB,CUST-00448,2026-03-31,16,2782.08
2022Q1,2022-01-01 00:00:00,SMB,CUST-00448,2026-06-30,17,2782.08
2022Q1,2022-01-01 00:00:00,Mid-Market,CUST-00653,2025-06-30,13,36075.84
2022Q1,2022-01-01 00:00:00,Mid-Market,CUST-00653,2025-09-30,14,36075.84
2022Q1,2022-01-01 00:00:00,Mid-Market,CUST-00653,2025-12-31,15,36075.84
2022Q1,2022-01-01 00:00:00,Mid-Market,CUST-00653,2026-03-31,16,37549.68
2022Q1,2022-01-01 00:00:00,Mid-Market,CUST-00653,2026-06-30,17,55510.68
2022Q1,2022-01-01 00:00:00,Mid-Market,CUST-00653,2024-03-31,8,34590.72
2022Q1,2022-01-01 00:00:00,Mid-Market,CUST-00653,2024-06-30,9,34590.72
2022Q1,2022-01-01 00:00:00,Mid-Market,CUST-00653,2024-09-30,10,34590.72
2022Q1,2022-01-01 00:00:00,Mid-Market,CUST-00653,2024-12-31,11,34590.72
2022Q1,2022-01-01 00:00:00,Mid-Market,CUST-00653,2025-03-31,12,36075.84
2022Q1,2022-01-01 00:00:00,SMB,CUST-00444,2024-03-31,8,13530.72
2022Q1,2022-01-01 00:00:00,SMB,CUST-00444,2024-06-30,9,13530.72
2022Q1,2022-01-01 00:00:00,SMB,CUST-00444,2024-09-30,10,15037.20
2022Q1,2022-01-01 00:00:00,SMB,CUST-00444,2024-12-31,11,15037.20
2022Q1,2022-01-01 00:00:00,SMB,CUST-00444,2025-03-31,12,15037.20
2022Q1,2022-01-01 00:00:00,SMB,CUST-00444,2025-06-30,13,15037.20
2022Q1,2022-01-01 00:00:00,SMB,CUST-00444,2025-09-30,14,15037.20
2022Q1,2022-01-01 00:00:00,SMB,CUST-00444,2025-12-31,15,15037.20
2022Q1,2022-01-01 00:00:00,SMB,CUST-00444,2026-03-31,16,15037.20
2022Q1,2022-01-01 00:00:00,SMB,CUST-00444,2026-06-30,17,15037.20
2022Q1,2022-01-01 00:00:00,SMB,CUST-00462,2024-03-31,8,11406.36
2022Q1,2022-01-01 00:00:00,SMB,CUST-00462,2024-06-30,9,11814.48
2022Q1,2022-01-01 00:00:00,SMB,CUST-00462,2024-09-30,10,11814.48
2022Q1,2022-01-01 00:00:00,SMB,CUST-00462,2024-12-31,11,11814.48
2022Q1,2022-01-01 00:00:00,SMB,CUST-00462,2025-03-31,12,11814.48
2022Q1,2022-01-01 00:00:00,SMB,CUST-00462,2025-06-30,13,12330.24
2022Q1,2022-01-01 00:00:00,SMB,CUST-00462,2025-09-30,14,12330.24
2022Q1,2022-01-01 00:00:00,SMB,CUST-00462,2025-12-31,15,17262.36
2022Q1,2022-01-01 00:00:00,SMB,CUST-00462,2026-03-31,16,17262.36
2022Q1,2022-01-01 00:00:00,SMB,CUST-00462,2026-06-30,17,12822.84
2022Q1,2022-01-01 00:00:00,SMB,CUST-00436,2024-03-31,8,4670.76
2022Q1,2022-01-01 00:00:00,SMB,CUST-00436,2024-06-30,9,4670.76
2022Q1,2022-01-01 00:00:00,SMB,CUST-00436,2024-09-30,10,4670.76
2022Q1,2022-01-01 00:00:00,SMB,CUST-00436,2024-12-31,11,4670.76
2022Q1,2022-01-01 00:00:00,SMB,CUST-00436,2025-03-31,12,4670.76
2022Q1,2022-01-01 00:00:00,SMB,CUST-00436,2025-06-30,13,4670.76
2022Q1,2022-01-01 00:00:00,SMB,CUST-00436,2025-09-30,14,4670.76
2022Q1,2022-01-01 00:00:00,SMB,CUST-00436,2025-12-31,15,4670.76
2022Q1,2022-01-01 00:00:00,SMB,CUST-00436,2026-03-31,16,4670.76
2022Q1,2022-01-01 00:00:00,SMB,CUST-00436,2026-06-30,17,4670.76
2022Q1,2022-01-01 00:00:00,SMB,CUST-00437,2024-03-31,8,3126.12
2022Q1,2022-01-01 00:00:00,SMB,CUST-00437,2024-06-30,9,3126.12
2022Q1,2022-01-01 00:00:00,SMB,CUST-00437,2024-09-30,10,3126.12
2022Q1,2022-01-01 00:00:00,SMB,CUST-00437,2024-12-31,11,3126.12
2022Q1,2022-01-01 00:00:00,SMB,CUST-00437,2025-03-31,12,3126.12
2022Q1,2022-01-01 00:00:00,SMB,CUST-00437,2025-06-30,13,3126.12
2022Q1,2022-01-01 00:00:00,SMB,CUST-00437,2025-09-30,14,3126.12
2022Q1,2022-01-01 00:00:00,SMB,CUST-00437,2025-12-31,15,3126.12
2022Q1,2022-01-01 00:00:00,SMB,CUST-00437,2026-03-31,16,3126.12
2022Q1,2022-01-01 00:00:00,SMB,CUST-00437,2026-06-30,17,4753.92
2022Q1,2022-01-01 00:00:00,SMB,CUST-00441,2024-03-31,8,0.00
2022Q1,2022-01-01 00:00:00,SMB,CUST-00441,2024-06-30,9,0.00
2022Q1,2022-01-01 00:00:00,SMB,CUST-00441,2024-09-30,10,0.00
2022Q1,2022-01-01 00:00:00,SMB,CUST-00442,2026-03-31,16,5902.80
2022Q1,2022-01-01 00:00:00,SMB,CUST-00442,2026-06-30,17,5902.80
2022Q1,2022-01-01 00:00:00,SMB,CUST-00446,2024-03-31,8,14322.00
2022Q1,2022-01-01 00:00:00,SMB,CUST-00446,2024-06-30,9,14322.00
2022Q1,2022-01-01 00:00:00,SMB,CUST-00446,2024-09-30,10,14322.00
2022Q1,2022-01-01 00:00:00,SMB,CUST-00446,2024-12-31,11,14322.00
2022Q1,2022-01-01 00:00:00,SMB,CUST-00446,2025-03-31,12,14322.00
2022Q1,2022-01-01 00:00:00,SMB,CUST-00446,2025-06-30,13,14322.00
2022Q1,2022-01-01 00:00:00,SMB,CUST-00446,2025-09-30,14,14322.00
2022Q1,2022-01-01 00:00:00,SMB,CUST-00446,2025-12-31,15,14322.00
2022Q1,2022-01-01 00:00:00,SMB,CUST-00441,2024-12-31,11,0.00
2022Q1,2022-01-01 00:00:00,SMB,CUST-00441,2025-03-31,12,0.00
2022Q1,2022-01-01 00:00:00,SMB,CUST-00441,2025-06-30,13,0.00
2022Q1,2022-01-01 00:00:00,SMB,CUST-00441,2025-09-30,14,0.00
2022Q1,2022-01-01 00:00:00,SMB,CUST-00441,2025-12-31,15,0.00
2022Q1,2022-01-01 00:00:00,SMB,CUST-00441,2026-03-31,16,0.00
2022Q1,2022-01-01 00:00:00,SMB,CUST-00441,2026-06-30,17,0.00
2022Q1,2022-01-01 00:00:00,SMB,CUST-00477,2024-03-31,8,6061.92
2022Q1,2022-01-01 00:00:00,SMB,CUST-00475,2025-03-31,12,5359.20
2022Q1,2022-01-01 00:00:00,SMB,CUST-00475,2025-06-30,13,5538.48
2022Q1,2022-01-01 00:00:00,SMB,CUST-00475,2025-09-30,14,5538.48
2022Q1,2022-01-01 00:00:00,SMB,CUST-00475,2025-12-31,15,5538.48
2022Q1,2022-01-01 00:00:00,SMB,CUST-00475,2026-03-31,16,5538.48
2022Q1,2022-01-01 00:00:00,SMB,CUST-00475,2026-06-30,17,5776.32
2022Q1,2022-01-01 00:00:00,SMB,CUST-00442,2024-03-31,8,5625.48
2022Q1,2022-01-01 00:00:00,SMB,CUST-00442,2024-06-30,9,5625.48
2022Q1,2022-01-01 00:00:00,SMB,CUST-00442,2024-09-30,10,7875.72
2022Q1,2022-01-01 00:00:00,SMB,CUST-00442,2024-12-31,11,7875.72
2022Q1,2022-01-01 00:00:00,SMB,CUST-00442,2025-03-31,12,5903.04
2022Q1,2022-01-01 00:00:00,SMB,CUST-00442,2025-06-30,13,5903.04
2022Q1,2022-01-01 00:00:00,SMB,CUST-00442,2025-09-30,14,5903.04
2022Q1,2022-01-01 00:00:00,SMB,CUST-00442,2025-12-31,15,5903.04
2022Q1,2022-01-01 00:00:00,SMB,CUST-00477,2024-12-31,11,6061.92
2022Q1,2022-01-01 00:00:00,SMB,CUST-00477,2025-03-31,12,8486.76
2022Q1,2022-01-01 00:00:00,SMB,CUST-00477,2025-06-30,13,8486.76
2022Q1,2022-01-01 00:00:00,SMB,CUST-00477,2025-09-30,14,8486.76
2022Q1,2022-01-01 00:00:00,Mid-Market,CUST-00651,2024-03-31,8,0.00
2022Q1,2022-01-01 00:00:00,Mid-Market,CUST-00651,2024-06-30,9,24229.92
2022Q1,2022-01-01 00:00:00,Mid-Market,CUST-00651,2024-09-30,10,24229.92
2022Q1,2022-01-01 00:00:00,Mid-Market,CUST-00651,2024-12-31,11,33921.84
2022Q1,2022-01-01 00:00:00,Mid-Market,CUST-00651,2025-03-31,12,33921.84
2022Q1,2022-01-01 00:00:00,Mid-Market,CUST-00651,2025-06-30,13,33921.84
2022Q1,2022-01-01 00:00:00,SMB,CUST-00458,2026-03-31,16,0.00
2022Q1,2022-01-01 00:00:00,SMB,CUST-00458,2026-06-30,17,0.00
2022Q1,2022-01-01 00:00:00,SMB,CUST-00469,2024-03-31,8,1865.04
2022Q1,2022-01-01 00:00:00,SMB,CUST-00469,2024-06-30,9,1928.88
2022Q1,2022-01-01 00:00:00,SMB,CUST-00469,2024-09-30,10,1928.88
2022Q1,2022-01-01 00:00:00,SMB,CUST-00469,2024-12-31,11,1928.88
2022Q1,2022-01-01 00:00:00,SMB,CUST-00475,2024-09-30,10,5359.20
2022Q1,2022-01-01 00:00:00,SMB,CUST-00475,2024-12-31,11,5359.20
2022Q1,2022-01-01 00:00:00,SMB,CUST-00458,2024-09-30,10,6883.08
2022Q1,2022-01-01 00:00:00,SMB,CUST-00458,2024-12-31,11,6883.08
2022Q1,2022-01-01 00:00:00,SMB,CUST-00458,2025-03-31,12,6883.08
2022Q1,2022-01-01 00:00:00,SMB,CUST-00458,2025-06-30,13,0.00
2022Q1,2022-01-01 00:00:00,SMB,CUST-00458,2025-09-30,14,0.00
2022Q1,2022-01-01 00:00:00,SMB,CUST-00458,2025-12-31,15,0.00
2022Q1,2022-01-01 00:00:00,SMB,CUST-00446,2026-06-30,17,14322.00
2022Q1,2022-01-01 00:00:00,SMB,CUST-00458,2024-03-31,8,6883.08
2022Q1,2022-01-01 00:00:00,SMB,CUST-00458,2024-06-30,9,6883.08
2022Q1,2022-01-01 00:00:00,SMB,CUST-00477,2025-12-31,15,8486.76
2022Q1,2022-01-01 00:00:00,SMB,CUST-00477,2026-03-31,16,8486.76
2022Q1,2022-01-01 00:00:00,SMB,CUST-00477,2026-06-30,17,8486.76
2022Q1,2022-01-01 00:00:00,Mid-Market,CUST-00651,2025-09-30,14,33921.84
2022Q1,2022-01-01 00:00:00,Mid-Market,CUST-00651,2025-12-31,15,46844.40
2022Q1,2022-01-01 00:00:00,Mid-Market,CUST-00651,2026-03-31,16,46844.40
2022Q1,2022-01-01 00:00:00,Mid-Market,CUST-00651,2026-06-30,17,33460.56
2022Q1,2022-01-01 00:00:00,SMB,CUST-00477,2024-06-30,9,6061.92
2022Q1,2022-01-01 00:00:00,SMB,CUST-00477,2024-09-30,10,6061.92
2022Q1,2022-01-01 00:00:00,SMB,CUST-00446,2026-03-31,16,14322.00
2022Q1,2022-01-01 00:00:00,SMB,CUST-00469,2025-03-31,12,1928.88
2022Q1,2022-01-01 00:00:00,SMB,CUST-00469,2025-12-31,15,2006.28
2022Q1,2022-01-01 00:00:00,SMB,CUST-00469,2026-03-31,16,2006.28
2022Q1,2022-01-01 00:00:00,SMB,CUST-00475,2024-03-31,8,5138.04
2022Q1,2022-01-01 00:00:00,SMB,CUST-00475,2024-06-30,9,5359.20
2022Q1,2022-01-01 00:00:00,SMB,CUST-00469,2026-06-30,17,0.00
2022Q1,2022-01-01 00:00:00,SMB,CUST-00469,2025-06-30,13,2006.28
2022Q1,2022-01-01 00:00:00,SMB,CUST-00469,2025-09-30,14,2006.28
2022Q2,2022-04-01 00:00:00,SMB,CUST-00483,2024-03-31,7,3927.72
2022Q2,2022-04-01 00:00:00,SMB,CUST-00483,2024-06-30,8,4108.80
2022Q2,2022-04-01 00:00:00,SMB,CUST-00483,2024-09-30,9,4108.80
2022Q2,2022-04-01 00:00:00,SMB,CUST-00483,2024-12-31,10,4108.80
2022Q2,2022-04-01 00:00:00,SMB,CUST-00483,2025-03-31,11,4108.80
2022Q2,2022-04-01 00:00:00,SMB,CUST-00483,2025-06-30,12,4298.76
2022Q2,2022-04-01 00:00:00,SMB,CUST-00483,2025-09-30,13,4298.76
2022Q2,2022-04-01 00:00:00,SMB,CUST-00483,2025-12-31,14,4298.76
2022Q2,2022-04-01 00:00:00,SMB,CUST-00483,2026-03-31,15,4298.76
2022Q2,2022-04-01 00:00:00,SMB,CUST-00483,2026-06-30,16,4299.00
2022Q2,2022-04-01 00:00:00,Enterprise,CUST-00730,2024-03-31,7,202510.68
2022Q2,2022-04-01 00:00:00,Enterprise,CUST-00730,2024-06-30,8,202510.68
2022Q2,2022-04-01 00:00:00,Enterprise,CUST-00730,2024-09-30,9,202510.68
2022Q2,2022-04-01 00:00:00,Enterprise,CUST-00730,2024-12-31,10,202510.68
2022Q2,2022-04-01 00:00:00,Enterprise,CUST-00730,2025-03-31,11,202510.68
2022Q2,2022-04-01 00:00:00,Enterprise,CUST-00730,2025-06-30,12,193209.00
2022Q2,2022-04-01 00:00:00,Enterprise,CUST-00730,2025-09-30,13,193209.00
2022Q2,2022-04-01 00:00:00,Enterprise,CUST-00730,2025-12-31,14,193209.00
2022Q2,2022-04-01 00:00:00,Enterprise,CUST-00730,2026-03-31,15,193209.00
2022Q2,2022-04-01 00:00:00,Enterprise,CUST-00730,2026-06-30,16,193209.00
2022Q2,2022-04-01 00:00:00,SMB,CUST-00481,2024-03-31,7,20543.40
2022Q2,2022-04-01 00:00:00,SMB,CUST-00481,2024-06-30,8,20543.40
2022Q2,2022-04-01 00:00:00,SMB,CUST-00481,2024-09-30,9,20543.40
2022Q2,2022-04-01 00:00:00,SMB,CUST-00481,2024-12-31,10,20543.40
2022Q2,2022-04-01 00:00:00,SMB,CUST-00481,2025-03-31,11,20543.40
2022Q2,2022-04-01 00:00:00,SMB,CUST-00481,2025-06-30,12,20543.40
2022Q2,2022-04-01 00:00:00,SMB,CUST-00481,2025-09-30,13,20543.40
2022Q2,2022-04-01 00:00:00,SMB,CUST-00481,2025-12-31,14,17500.08
2022Q2,2022-04-01 00:00:00,SMB,CUST-00481,2026-03-31,15,17500.08
2022Q2,2022-04-01 00:00:00,SMB,CUST-00481,2026-06-30,16,17500.08
2022Q2,2022-04-01 00:00:00,SMB,CUST-00504,2024-03-31,7,2525.16
2022Q2,2022-04-01 00:00:00,SMB,CUST-00504,2024-06-30,8,2525.16
2022Q2,2022-04-01 00:00:00,SMB,CUST-00504,2024-09-30,9,2525.16
2022Q2,2022-04-01 00:00:00,SMB,CUST-00504,2024-12-31,10,2525.16
2022Q2,2022-04-01 00:00:00,SMB,CUST-00504,2025-03-31,11,2525.16
2022Q2,2022-04-01 00:00:00,SMB,CUST-00504,2025-06-30,12,2525.16
2022Q2,2022-04-01 00:00:00,SMB,CUST-00504,2025-09-30,13,2525.16
2022Q2,2022-04-01 00:00:00,SMB,CUST-00504,2025-12-31,14,2525.16
2022Q2,2022-04-01 00:00:00,SMB,CUST-00504,2026-03-31,15,2525.16
2022Q2,2022-04-01 00:00:00,SMB,CUST-00504,2026-06-30,16,2525.16
2022Q2,2022-04-01 00:00:00,Mid-Market,CUST-00677,2024-03-31,7,77070.96
2022Q2,2022-04-01 00:00:00,Mid-Market,CUST-00677,2024-06-30,8,57502.92
2022Q2,2022-04-01 00:00:00,Mid-Market,CUST-00677,2024-09-30,9,57502.92
2022Q2,2022-04-01 00:00:00,Mid-Market,CUST-00677,2024-12-31,10,65544.24
2022Q2,2022-04-01 00:00:00,Mid-Market,CUST-00677,2025-03-31,11,65544.24
2022Q2,2022-04-01 00:00:00,Mid-Market,CUST-00677,2025-06-30,12,57503.28
2022Q2,2022-04-01 00:00:00,Mid-Market,CUST-00677,2025-09-30,13,57503.28
2022Q2,2022-04-01 00:00:00,Mid-Market,CUST-00677,2025-12-31,14,57503.28
2022Q2,2022-04-01 00:00:00,Mid-Market,CUST-00677,2026-03-31,15,57503.28
2022Q2,2022-04-01 00:00:00,Mid-Market,CUST-00677,2026-06-30,16,39398.88
2022Q2,2022-04-01 00:00:00,SMB,CUST-00507,2024-03-31,7,7533.12
2022Q2,2022-04-01 00:00:00,SMB,CUST-00507,2024-06-30,8,7533.12
2022Q2,2022-04-01 00:00:00,SMB,CUST-00507,2024-09-30,9,7533.12
2022Q2,2022-04-01 00:00:00,SMB,CUST-00507,2024-12-31,10,7533.12
2022Q2,2022-04-01 00:00:00,SMB,CUST-00507,2025-03-31,11,7533.12
2022Q2,2022-04-01 00:00:00,SMB,CUST-00507,2025-06-30,12,9193.20
2022Q2,2022-04-01 00:00:00,SMB,CUST-00507,2025-09-30,13,9193.20
2022Q2,2022-04-01 00:00:00,SMB,CUST-00507,2025-12-31,14,9193.20
2022Q2,2022-04-01 00:00:00,SMB,CUST-00507,2026-03-31,15,9193.20
2022Q2,2022-04-01 00:00:00,SMB,CUST-00507,2026-06-30,16,9193.20
2022Q2,2022-04-01 00:00:00,SMB,CUST-00523,2024-03-31,7,4484.88
2022Q2,2022-04-01 00:00:00,SMB,CUST-00523,2024-06-30,8,4484.88
2022Q2,2022-04-01 00:00:00,SMB,CUST-00523,2024-09-30,9,4484.88
2022Q2,2022-04-01 00:00:00,SMB,CUST-00523,2024-12-31,10,4484.88
2022Q2,2022-04-01 00:00:00,SMB,CUST-00523,2025-03-31,11,4484.88
2022Q2,2022-04-01 00:00:00,SMB,CUST-00523,2025-06-30,12,4484.88
2022Q2,2022-04-01 00:00:00,SMB,CUST-00523,2025-09-30,13,2989.92
2022Q2,2022-04-01 00:00:00,SMB,CUST-00523,2025-12-31,14,0.00
2022Q2,2022-04-01 00:00:00,SMB,CUST-00523,2026-03-31,15,0.00
2022Q2,2022-04-01 00:00:00,SMB,CUST-00523,2026-06-30,16,0.00
2022Q2,2022-04-01 00:00:00,Mid-Market,CUST-00679,2024-03-31,7,40906.08
2022Q2,2022-04-01 00:00:00,Mid-Market,CUST-00679,2024-06-30,8,42914.40
2022Q2,2022-04-01 00:00:00,Mid-Market,CUST-00679,2024-09-30,9,42914.40
2022Q2,2022-04-01 00:00:00,Mid-Market,CUST-00679,2024-12-31,10,42914.40
2022Q2,2022-04-01 00:00:00,Mid-Market,CUST-00679,2025-03-31,11,91940.52
2022Q2,2022-04-01 00:00:00,Mid-Market,CUST-00679,2025-06-30,12,95195.16
2022Q2,2022-04-01 00:00:00,Mid-Market,CUST-00679,2025-09-30,13,95195.16
2022Q2,2022-04-01 00:00:00,Mid-Market,CUST-00679,2025-12-31,14,95195.16
2022Q2,2022-04-01 00:00:00,Mid-Market,CUST-00679,2026-03-31,15,95195.16
2022Q2,2022-04-01 00:00:00,Mid-Market,CUST-00679,2026-06-30,16,99314.40
2022Q2,2022-04-01 00:00:00,Mid-Market,CUST-00682,2024-03-31,7,109041.60
2022Q2,2022-04-01 00:00:00,Mid-Market,CUST-00682,2024-06-30,8,109041.60
2022Q2,2022-04-01 00:00:00,Mid-Market,CUST-00682,2024-09-30,9,112930.80
2022Q2,2022-04-01 00:00:00,Mid-Market,CUST-00682,2024-12-31,10,112930.80
2022Q2,2022-04-01 00:00:00,Mid-Market,CUST-00682,2025-03-31,11,112930.80
2022Q2,2022-04-01 00:00:00,Mid-Market,CUST-00682,2025-06-30,12,112930.80
2022Q2,2022-04-01 00:00:00,Mid-Market,CUST-00682,2025-09-30,13,116787.60
2022Q2,2022-04-01 00:00:00,Mid-Market,CUST-00682,2025-12-31,14,116787.60
2022Q2,2022-04-01 00:00:00,Mid-Market,CUST-00682,2026-03-31,15,116787.60
2022Q2,2022-04-01 00:00:00,Mid-Market,CUST-00682,2026-06-30,16,116787.60
2022Q2,2022-04-01 00:00:00,Mid-Market,CUST-00685,2024-03-31,7,14244.24
2022Q2,2022-04-01 00:00:00,Mid-Market,CUST-00685,2024-06-30,8,14244.24
2022Q2,2022-04-01 00:00:00,Mid-Market,CUST-00685,2024-09-30,9,10630.20
2022Q2,2022-04-01 00:00:00,Mid-Market,CUST-00685,2024-12-31,10,10630.20
2022Q2,2022-04-01 00:00:00,Mid-Market,CUST-00685,2025-03-31,11,10630.20
2022Q2,2022-04-01 00:00:00,Mid-Market,CUST-00685,2025-06-30,12,10630.20
2022Q2,2022-04-01 00:00:00,Mid-Market,CUST-00685,2025-09-30,13,10629.72
2022Q2,2022-04-01 00:00:00,Mid-Market,CUST-00685,2025-12-31,14,10629.72
2022Q2,2022-04-01 00:00:00,Mid-Market,CUST-00685,2026-03-31,15,10629.72
2022Q2,2022-04-01 00:00:00,Mid-Market,CUST-00685,2026-06-30,16,10629.72
2022Q2,2022-04-01 00:00:00,SMB,CUST-00485,2024-03-31,7,9807.84
2022Q2,2022-04-01 00:00:00,SMB,CUST-00485,2024-06-30,8,10165.32
2022Q2,2022-04-01 00:00:00,SMB,CUST-00485,2024-09-30,9,10165.32
2022Q2,2022-04-01 00:00:00,SMB,CUST-00485,2024-12-31,10,10165.32
2022Q2,2022-04-01 00:00:00,SMB,CUST-00485,2025-03-31,11,10165.32
2022Q2,2022-04-01 00:00:00,SMB,CUST-00485,2025-06-30,12,10670.16
2022Q2,2022-04-01 00:00:00,SMB,CUST-00485,2025-09-30,13,10670.16
2022Q2,2022-04-01 00:00:00,SMB,CUST-00485,2025-12-31,14,10670.16
2022Q2,2022-04-01 00:00:00,SMB,CUST-00485,2026-03-31,15,10670.16
2022Q2,2022-04-01 00:00:00,SMB,CUST-00485,2026-06-30,16,10670.16
2022Q2,2022-04-01 00:00:00,SMB,CUST-00493,2024-03-31,7,1685.64
2022Q2,2022-04-01 00:00:00,SMB,CUST-00493,2024-06-30,8,1685.64
2022Q2,2022-04-01 00:00:00,SMB,CUST-00493,2024-09-30,9,1685.64
2022Q2,2022-04-01 00:00:00,SMB,CUST-00493,2024-12-31,10,1685.64
2022Q2,2022-04-01 00:00:00,SMB,CUST-00493,2025-03-31,11,0.00
2022Q2,2022-04-01 00:00:00,SMB,CUST-00493,2025-06-30,12,0.00
2022Q2,2022-04-01 00:00:00,SMB,CUST-00493,2025-09-30,13,0.00
2022Q2,2022-04-01 00:00:00,SMB,CUST-00493,2025-12-31,14,0.00
2022Q2,2022-04-01 00:00:00,SMB,CUST-00493,2026-03-31,15,0.00
2022Q2,2022-04-01 00:00:00,SMB,CUST-00493,2026-06-30,16,0.00
2022Q2,2022-04-01 00:00:00,SMB,CUST-00497,2024-03-31,7,8555.64
2022Q2,2022-04-01 00:00:00,SMB,CUST-00497,2024-06-30,8,8555.64
2022Q2,2022-04-01 00:00:00,SMB,CUST-00497,2024-09-30,9,8555.64
2022Q2,2022-04-01 00:00:00,SMB,CUST-00497,2024-12-31,10,8555.64
2022Q2,2022-04-01 00:00:00,SMB,CUST-00497,2025-03-31,11,0.00
2022Q2,2022-04-01 00:00:00,SMB,CUST-00497,2025-06-30,12,0.00
2022Q2,2022-04-01 00:00:00,SMB,CUST-00497,2025-09-30,13,0.00
2022Q2,2022-04-01 00:00:00,SMB,CUST-00497,2025-12-31,14,0.00
2022Q2,2022-04-01 00:00:00,SMB,CUST-00497,2026-03-31,15,0.00
2022Q2,2022-04-01 00:00:00,SMB,CUST-00497,2026-06-30,16,0.00
2022Q2,2022-04-01 00:00:00,Mid-Market,CUST-00673,2024-03-31,7,73821.48
2022Q2,2022-04-01 00:00:00,Mid-Market,CUST-00673,2024-06-30,8,57747.24
2022Q2,2022-04-01 00:00:00,Mid-Market,CUST-00673,2024-09-30,9,57747.24
2022Q2,2022-04-01 00:00:00,Mid-Market,CUST-00673,2024-12-31,10,57747.24
2022Q2,2022-04-01 00:00:00,Mid-Market,CUST-00673,2025-03-31,11,64308.84
2022Q2,2022-04-01 00:00:00,Mid-Market,CUST-00673,2025-06-30,12,0.00
2022Q2,2022-04-01 00:00:00,Mid-Market,CUST-00673,2025-09-30,13,0.00
2022Q2,2022-04-01 00:00:00,Mid-Market,CUST-00673,2025-12-31,14,0.00
2022Q2,2022-04-01 00:00:00,Mid-Market,CUST-00673,2026-03-31,15,0.00
2022Q2,2022-04-01 00:00:00,Mid-Market,CUST-00673,2026-06-30,16,0.00
2022Q2,2022-04-01 00:00:00,Mid-Market,CUST-00672,2024-03-31,7,34712.64
2022Q2,2022-04-01 00:00:00,Mid-Market,CUST-00672,2024-06-30,8,25635.60
2022Q2,2022-04-01 00:00:00,Mid-Market,CUST-00672,2024-09-30,9,25635.60
2022Q2,2022-04-01 00:00:00,Mid-Market,CUST-00672,2024-12-31,10,35889.84
2022Q2,2022-04-01 00:00:00,Mid-Market,CUST-00672,2025-03-31,11,51088.56
2022Q2,2022-04-01 00:00:00,Mid-Market,CUST-00672,2025-06-30,12,25636.08
2022Q2,2022-04-01 00:00:00,Mid-Market,CUST-00672,2025-09-30,13,35890.56
2022Q2,2022-04-01 00:00:00,Mid-Market,CUST-00672,2025-12-31,14,51089.52
2022Q2,2022-04-01 00:00:00,Mid-Market,CUST-00672,2026-03-31,15,51089.52
2022Q2,2022-04-01 00:00:00,Mid-Market,CUST-00672,2026-06-30,16,26469.96
2022Q2,2022-04-01 00:00:00,Mid-Market,CUST-00675,2024-03-31,7,16310.40
2022Q2,2022-04-01 00:00:00,Mid-Market,CUST-00675,2024-06-30,8,16310.40
2022Q2,2022-04-01 00:00:00,Mid-Market,CUST-00675,2024-09-30,9,16310.40
2022Q2,2022-04-01 00:00:00,Mid-Market,CUST-00675,2024-12-31,10,16310.40
2022Q2,2022-04-01 00:00:00,Mid-Market,CUST-00675,2025-03-31,11,19805.52
2022Q2,2022-04-01 00:00:00,Mid-Market,CUST-00675,2025-06-30,12,23300.64
2022Q2,2022-04-01 00:00:00,Mid-Market,CUST-00675,2025-09-30,13,23300.64
2022Q2,2022-04-01 00:00:00,Mid-Market,CUST-00675,2025-12-31,14,23300.64
2022Q2,2022-04-01 00:00:00,Mid-Market,CUST-00675,2026-03-31,15,23300.64
2022Q2,2022-04-01 00:00:00,Mid-Market,CUST-00675,2026-06-30,16,23300.64
2022Q2,2022-04-01 00:00:00,SMB,CUST-00529,2024-03-31,7,2825.16
2022Q2,2022-04-01 00:00:00,SMB,CUST-00529,2024-06-30,8,2825.16
2022Q2,2022-04-01 00:00:00,SMB,CUST-00529,2024-09-30,9,2955.96
2022Q2,2022-04-01 00:00:00,SMB,CUST-00529,2024-12-31,10,2955.96
2022Q2,2022-04-01 00:00:00,SMB,CUST-00529,2025-03-31,11,2955.96
2022Q2,2022-04-01 00:00:00,SMB,CUST-00529,2025-06-30,12,2955.96
2022Q2,2022-04-01 00:00:00,SMB,CUST-00529,2025-09-30,13,3066.00
2022Q2,2022-04-01 00:00:00,SMB,CUST-00529,2025-12-31,14,0.00
2022Q2,2022-04-01 00:00:00,SMB,CUST-00529,2026-03-31,15,0.00
2022Q2,2022-04-01 00:00:00,SMB,CUST-00529,2026-06-30,16,0.00
2022Q2,2022-04-01 00:00:00,Mid-Market,CUST-00671,2024-03-31,7,27538.44
2022Q2,2022-04-01 00:00:00,Mid-Market,CUST-00671,2024-06-30,8,27538.44
2022Q2,2022-04-01 00:00:00,Mid-Market,CUST-00671,2024-09-30,9,62787.48
2022Q2,2022-04-01 00:00:00,Mid-Market,CUST-00671,2024-12-31,10,72701.28
2022Q2,2022-04-01 00:00:00,Mid-Market,CUST-00671,2025-03-31,11,72701.28
2022Q2,2022-04-01 00:00:00,Mid-Market,CUST-00671,2025-06-30,12,53986.20
2022Q2,2022-04-01 00:00:00,Mid-Market,CUST-00671,2025-09-30,13,61482.96
2022Q2,2022-04-01 00:00:00,Mid-Market,CUST-00671,2025-12-31,14,61482.96
2022Q2,2022-04-01 00:00:00,Mid-Market,CUST-00671,2026-03-31,15,83077.44
2022Q2,2022-04-01 00:00:00,Mid-Market,CUST-00671,2026-06-30,16,83077.44
2022Q2,2022-04-01 00:00:00,SMB,CUST-00506,2024-03-31,7,4656.00
2022Q2,2022-04-01 00:00:00,SMB,CUST-00506,2024-06-30,8,3325.68
2022Q2,2022-04-01 00:00:00,SMB,CUST-00506,2024-09-30,9,3325.68
2022Q2,2022-04-01 00:00:00,SMB,CUST-00506,2024-12-31,10,4655.88
2022Q2,2022-04-01 00:00:00,SMB,CUST-00506,2025-03-31,11,4655.88
2022Q2,2022-04-01 00:00:00,SMB,CUST-00506,2025-06-30,12,4655.88
2022Q2,2022-04-01 00:00:00,SMB,CUST-00506,2025-09-30,13,4655.88
2022Q2,2022-04-01 00:00:00,SMB,CUST-00506,2025-12-31,14,4655.88
2022Q2,2022-04-01 00:00:00,SMB,CUST-00506,2026-03-31,15,4655.88
2022Q2,2022-04-01 00:00:00,SMB,CUST-00506,2026-06-30,16,4655.88
2022Q2,2022-04-01 00:00:00,SMB,CUST-00494,2024-03-31,7,8844.00
2022Q2,2022-04-01 00:00:00,SMB,CUST-00494,2024-06-30,8,8844.00
2022Q2,2022-04-01 00:00:00,SMB,CUST-00494,2024-09-30,9,8844.00
2022Q2,2022-04-01 00:00:00,SMB,CUST-00494,2024-12-31,10,8844.00
2022Q2,2022-04-01 00:00:00,SMB,CUST-00494,2025-03-31,11,8844.00
2022Q2,2022-04-01 00:00:00,SMB,CUST-00494,2025-06-30,12,9202.08
2022Q2,2022-04-01 00:00:00,SMB,CUST-00494,2025-09-30,13,9202.08
2022Q2,2022-04-01 00:00:00,SMB,CUST-00494,2025-12-31,14,9202.08
2022Q2,2022-04-01 00:00:00,SMB,CUST-00494,2026-03-31,15,9202.08
2022Q2,2022-04-01 00:00:00,SMB,CUST-00494,2026-06-30,16,9627.36
2022Q2,2022-04-01 00:00:00,SMB,CUST-00528,2024-03-31,7,6216.48
2022Q2,2022-04-01 00:00:00,SMB,CUST-00528,2024-06-30,8,6216.48
2022Q2,2022-04-01 00:00:00,SMB,CUST-00528,2024-09-30,9,5328.72
2022Q2,2022-04-01 00:00:00,SMB,CUST-00528,2024-12-31,10,5328.72
2022Q2,2022-04-01 00:00:00,SMB,CUST-00528,2025-03-31,11,5328.72
2022Q2,2022-04-01 00:00:00,SMB,CUST-00528,2025-06-30,12,5328.72
2022Q2,2022-04-01 00:00:00,SMB,CUST-00528,2025-09-30,13,0.00
2022Q2,2022-04-01 00:00:00,SMB,CUST-00528,2025-12-31,14,0.00
2022Q2,2022-04-01 00:00:00,SMB,CUST-00528,2026-03-31,15,0.00
2022Q2,2022-04-01 00:00:00,SMB,CUST-00528,2026-06-30,16,0.00
2022Q2,2022-04-01 00:00:00,SMB,CUST-00520,2026-03-31,15,4586.88
2022Q2,2022-04-01 00:00:00,SMB,CUST-00520,2026-06-30,16,4586.88
2022Q2,2022-04-01 00:00:00,SMB,CUST-00486,2026-03-31,15,0.00
2022Q2,2022-04-01 00:00:00,SMB,CUST-00486,2026-06-30,16,0.00
2022Q2,2022-04-01 00:00:00,SMB,CUST-00502,2024-03-31,7,3178.32
2022Q2,2022-04-01 00:00:00,SMB,CUST-00502,2024-06-30,8,2542.56
2022Q2,2022-04-01 00:00:00,SMB,CUST-00502,2024-09-30,9,2542.56
2022Q2,2022-04-01 00:00:00,SMB,CUST-00502,2024-12-31,10,2542.56
2022Q2,2022-04-01 00:00:00,SMB,CUST-00502,2025-03-31,11,2542.56
2022Q2,2022-04-01 00:00:00,SMB,CUST-00502,2025-06-30,12,2649.36
2022Q2,2022-04-01 00:00:00,SMB,CUST-00502,2025-09-30,13,3709.08
2022Q2,2022-04-01 00:00:00,SMB,CUST-00502,2025-12-31,14,4636.32
2022Q2,2022-04-01 00:00:00,SMB,CUST-00502,2026-03-31,15,4636.32
2022Q2,2022-04-01 00:00:00,SMB,CUST-00502,2026-06-30,16,3464.52
2022Q2,2022-04-01 00:00:00,SMB,CUST-00517,2024-03-31,7,4045.32
2022Q2,2022-04-01 00:00:00,SMB,CUST-00517,2024-06-30,8,4045.32
2022Q2,2022-04-01 00:00:00,SMB,CUST-00517,2024-09-30,9,4045.32
2022Q2,2022-04-01 00:00:00,SMB,CUST-00517,2024-12-31,10,4045.32
2022Q2,2022-04-01 00:00:00,SMB,CUST-00517,2025-03-31,11,4045.32
2022Q2,2022-04-01 00:00:00,SMB,CUST-00517,2025-06-30,12,4045.32
2022Q2,2022-04-01 00:00:00,SMB,CUST-00517,2025-09-30,13,4045.32
2022Q2,2022-04-01 00:00:00,SMB,CUST-00517,2025-12-31,14,4045.32
2022Q2,2022-04-01 00:00:00,SMB,CUST-00517,2026-03-31,15,4045.32
2022Q2,2022-04-01 00:00:00,SMB,CUST-00517,2026-06-30,16,4045.32
2022Q2,2022-04-01 00:00:00,SMB,CUST-00492,2024-03-31,7,4959.60
2022Q2,2022-04-01 00:00:00,SMB,CUST-00492,2024-06-30,8,4324.80
2022Q2,2022-04-01 00:00:00,SMB,CUST-00492,2024-09-30,9,6054.72
2022Q2,2022-04-01 00:00:00,SMB,CUST-00492,2024-12-31,10,6054.72
2022Q2,2022-04-01 00:00:00,SMB,CUST-00492,2025-03-31,11,6054.72
2022Q2,2022-04-01 00:00:00,SMB,CUST-00492,2025-06-30,12,0.00
2022Q2,2022-04-01 00:00:00,SMB,CUST-00492,2025-09-30,13,0.00
2022Q2,2022-04-01 00:00:00,SMB,CUST-00492,2025-12-31,14,0.00
2022Q2,2022-04-01 00:00:00,SMB,CUST-00492,2026-03-31,15,0.00
2022Q2,2022-04-01 00:00:00,SMB,CUST-00492,2026-06-30,16,0.00
2022Q2,2022-04-01 00:00:00,SMB,CUST-00519,2024-03-31,7,30526.08
2022Q2,2022-04-01 00:00:00,SMB,CUST-00519,2024-06-30,8,30526.08
2022Q2,2022-04-01 00:00:00,SMB,CUST-00519,2024-09-30,9,30526.08
2022Q2,2022-04-01 00:00:00,SMB,CUST-00519,2024-12-31,10,30526.08
2022Q2,2022-04-01 00:00:00,SMB,CUST-00519,2025-03-31,11,30526.08
2022Q2,2022-04-01 00:00:00,SMB,CUST-00519,2025-06-30,12,30526.08
2022Q2,2022-04-01 00:00:00,SMB,CUST-00519,2025-09-30,13,30526.08
2022Q2,2022-04-01 00:00:00,SMB,CUST-00519,2025-12-31,14,30526.08
2022Q2,2022-04-01 00:00:00,SMB,CUST-00519,2026-03-31,15,30526.08
2022Q2,2022-04-01 00:00:00,SMB,CUST-00519,2026-06-30,16,30526.08
2022Q2,2022-04-01 00:00:00,SMB,CUST-00521,2024-03-31,7,2793.12
2022Q2,2022-04-01 00:00:00,SMB,CUST-00521,2024-06-30,8,2793.12
2022Q2,2022-04-01 00:00:00,SMB,CUST-00521,2024-09-30,9,2793.12
2022Q2,2022-04-01 00:00:00,SMB,CUST-00521,2024-12-31,10,2234.52
2022Q2,2022-04-01 00:00:00,SMB,CUST-00521,2025-03-31,11,0.00
2022Q2,2022-04-01 00:00:00,SMB,CUST-00521,2025-06-30,12,0.00
2022Q2,2022-04-01 00:00:00,SMB,CUST-00521,2025-09-30,13,0.00
2022Q2,2022-04-01 00:00:00,SMB,CUST-00521,2025-12-31,14,0.00
2022Q2,2022-04-01 00:00:00,Mid-Market,CUST-00674,2024-03-31,7,63482.52
2022Q2,2022-04-01 00:00:00,Mid-Market,CUST-00674,2024-06-30,8,66132.48
2022Q2,2022-04-01 00:00:00,SMB,CUST-00521,2026-03-31,15,0.00
2022Q2,2022-04-01 00:00:00,SMB,CUST-00521,2026-06-30,16,0.00
2022Q2,2022-04-01 00:00:00,SMB,CUST-00525,2024-03-31,7,8167.32
2022Q2,2022-04-01 00:00:00,SMB,CUST-00525,2024-06-30,8,8167.32
2022Q2,2022-04-01 00:00:00,SMB,CUST-00525,2024-09-30,9,0.00
2022Q2,2022-04-01 00:00:00,SMB,CUST-00525,2024-12-31,10,0.00
2022Q2,2022-04-01 00:00:00,SMB,CUST-00525,2025-03-31,11,0.00
2022Q2,2022-04-01 00:00:00,SMB,CUST-00525,2025-06-30,12,0.00
2022Q2,2022-04-01 00:00:00,SMB,CUST-00525,2025-09-30,13,0.00
2022Q2,2022-04-01 00:00:00,SMB,CUST-00525,2025-12-31,14,0.00
2022Q2,2022-04-01 00:00:00,SMB,CUST-00525,2026-03-31,15,0.00
2022Q2,2022-04-01 00:00:00,SMB,CUST-00525,2026-06-30,16,0.00
2022Q2,2022-04-01 00:00:00,Mid-Market,CUST-00678,2026-03-31,15,51062.88
2022Q2,2022-04-01 00:00:00,Mid-Market,CUST-00678,2026-06-30,16,37547.28
2022Q2,2022-04-01 00:00:00,Mid-Market,CUST-00684,2024-03-31,7,33878.52
2022Q2,2022-04-01 00:00:00,Mid-Market,CUST-00684,2024-06-30,8,33878.52
2022Q2,2022-04-01 00:00:00,Mid-Market,CUST-00684,2024-09-30,9,26159.40
2022Q2,2022-04-01 00:00:00,Mid-Market,CUST-00684,2024-12-31,10,39566.52
2022Q2,2022-04-01 00:00:00,Mid-Market,CUST-00684,2025-03-31,11,39566.52
2022Q2,2022-04-01 00:00:00,Mid-Market,CUST-00684,2025-06-30,12,39566.52
2022Q2,2022-04-01 00:00:00,Mid-Market,CUST-00684,2025-09-30,13,31711.20
2022Q2,2022-04-01 00:00:00,Mid-Market,CUST-00684,2025-12-31,14,41516.04
2022Q2,2022-04-01 00:00:00,Mid-Market,CUST-00684,2026-03-31,15,41516.04
2022Q2,2022-04-01 00:00:00,Mid-Market,CUST-00684,2026-06-30,16,41516.04
2022Q2,2022-04-01 00:00:00,SMB,CUST-00482,2024-03-31,7,23515.20
2022Q2,2022-04-01 00:00:00,SMB,CUST-00482,2024-06-30,8,23515.20
2022Q2,2022-04-01 00:00:00,SMB,CUST-00482,2024-09-30,9,23515.20
2022Q2,2022-04-01 00:00:00,SMB,CUST-00482,2024-12-31,10,23515.20
2022Q2,2022-04-01 00:00:00,SMB,CUST-00527,2024-09-30,9,6608.76
2022Q2,2022-04-01 00:00:00,SMB,CUST-00527,2024-12-31,10,6608.76
2022Q2,2022-04-01 00:00:00,SMB,CUST-00527,2025-03-31,11,0.00
2022Q2,2022-04-01 00:00:00,SMB,CUST-00527,2025-06-30,12,0.00
2022Q2,2022-04-01 00:00:00,SMB,CUST-00527,2025-09-30,13,0.00
2022Q2,2022-04-01 00:00:00,SMB,CUST-00527,2025-12-31,14,0.00
2022Q2,2022-04-01 00:00:00,SMB,CUST-00482,2025-03-31,11,23515.20
2022Q2,2022-04-01 00:00:00,SMB,CUST-00482,2025-06-30,12,23515.20
2022Q2,2022-04-01 00:00:00,Enterprise,CUST-00731,2025-03-31,11,108144.48
2022Q2,2022-04-01 00:00:00,Enterprise,CUST-00731,2025-06-30,12,108144.48
2022Q2,2022-04-01 00:00:00,Enterprise,CUST-00731,2025-09-30,13,108144.48
2022Q2,2022-04-01 00:00:00,Enterprise,CUST-00731,2025-12-31,14,116240.88
2022Q2,2022-04-01 00:00:00,Enterprise,CUST-00731,2026-03-31,15,116240.88
2022Q2,2022-04-01 00:00:00,Enterprise,CUST-00731,2026-06-30,16,116240.88
2022Q2,2022-04-01 00:00:00,SMB,CUST-00488,2024-03-31,7,4281.36
2022Q2,2022-04-01 00:00:00,SMB,CUST-00488,2024-06-30,8,4477.08
2022Q2,2022-04-01 00:00:00,SMB,CUST-00488,2024-09-30,9,4477.08
2022Q2,2022-04-01 00:00:00,SMB,CUST-00488,2024-12-31,10,4477.08
2022Q2,2022-04-01 00:00:00,SMB,CUST-00488,2025-03-31,11,4477.08
2022Q2,2022-04-01 00:00:00,SMB,CUST-00488,2025-06-30,12,5586.84
2022Q2,2022-04-01 00:00:00,SMB,CUST-00488,2025-09-30,13,5586.84
2022Q2,2022-04-01 00:00:00,SMB,CUST-00488,2025-12-31,14,5586.84
2022Q2,2022-04-01 00:00:00,SMB,CUST-00487,2024-03-31,7,11140.08
2022Q2,2022-04-01 00:00:00,SMB,CUST-00487,2024-06-30,8,11140.08
2022Q2,2022-04-01 00:00:00,SMB,CUST-00487,2024-09-30,9,11140.08
2022Q2,2022-04-01 00:00:00,SMB,CUST-00487,2024-12-31,10,11140.08
2022Q2,2022-04-01 00:00:00,SMB,CUST-00487,2025-03-31,11,11140.08
2022Q2,2022-04-01 00:00:00,SMB,CUST-00487,2025-06-30,12,11140.08
2022Q2,2022-04-01 00:00:00,SMB,CUST-00487,2025-09-30,13,11140.08
2022Q2,2022-04-01 00:00:00,SMB,CUST-00487,2025-12-31,14,11140.08
2022Q2,2022-04-01 00:00:00,SMB,CUST-00489,2024-06-30,8,6819.96
2022Q2,2022-04-01 00:00:00,SMB,CUST-00489,2024-09-30,9,6819.96
2022Q2,2022-04-01 00:00:00,SMB,CUST-00489,2024-12-31,10,6819.96
2022Q2,2022-04-01 00:00:00,SMB,CUST-00489,2025-03-31,11,6819.96
2022Q2,2022-04-01 00:00:00,SMB,CUST-00489,2025-06-30,12,6819.96
2022Q2,2022-04-01 00:00:00,SMB,CUST-00489,2025-09-30,13,6819.96
2022Q2,2022-04-01 00:00:00,SMB,CUST-00482,2025-09-30,13,23515.20
2022Q2,2022-04-01 00:00:00,SMB,CUST-00482,2025-12-31,14,23515.20
2022Q2,2022-04-01 00:00:00,SMB,CUST-00488,2026-03-31,15,5586.84
2022Q2,2022-04-01 00:00:00,SMB,CUST-00488,2026-06-30,16,5828.28
2022Q2,2022-04-01 00:00:00,SMB,CUST-00527,2024-03-31,7,6608.76
2022Q2,2022-04-01 00:00:00,SMB,CUST-00527,2024-06-30,8,6608.76
2022Q2,2022-04-01 00:00:00,SMB,CUST-00487,2026-03-31,15,11140.08
2022Q2,2022-04-01 00:00:00,SMB,CUST-00487,2026-06-30,16,11140.08
2022Q2,2022-04-01 00:00:00,SMB,CUST-00520,2024-03-31,7,3440.16
2022Q2,2022-04-01 00:00:00,SMB,CUST-00520,2024-06-30,8,3440.16
2022Q2,2022-04-01 00:00:00,SMB,CUST-00520,2024-09-30,9,3440.16
2022Q2,2022-04-01 00:00:00,SMB,CUST-00527,2026-03-31,15,0.00
2022Q2,2022-04-01 00:00:00,SMB,CUST-00527,2026-06-30,16,0.00
2022Q2,2022-04-01 00:00:00,SMB,CUST-00520,2024-12-31,10,3440.16
2022Q2,2022-04-01 00:00:00,SMB,CUST-00520,2025-03-31,11,3440.16
2022Q2,2022-04-01 00:00:00,SMB,CUST-00520,2025-06-30,12,3440.16
2022Q2,2022-04-01 00:00:00,SMB,CUST-00520,2025-09-30,13,3440.16
2022Q2,2022-04-01 00:00:00,SMB,CUST-00520,2025-12-31,14,3440.16
2022Q2,2022-04-01 00:00:00,SMB,CUST-00482,2026-03-31,15,23515.20
2022Q2,2022-04-01 00:00:00,SMB,CUST-00482,2026-06-30,16,23515.20
2022Q2,2022-04-01 00:00:00,SMB,CUST-00514,2024-03-31,7,1720.80
2022Q2,2022-04-01 00:00:00,SMB,CUST-00514,2024-06-30,8,1720.80
2022Q2,2022-04-01 00:00:00,SMB,CUST-00514,2024-09-30,9,1720.80
2022Q2,2022-04-01 00:00:00,SMB,CUST-00514,2024-12-31,10,1720.80
2022Q2,2022-04-01 00:00:00,Mid-Market,CUST-00674,2024-09-30,9,66132.48
2022Q2,2022-04-01 00:00:00,Mid-Market,CUST-00674,2024-12-31,10,66132.48
2022Q2,2022-04-01 00:00:00,Mid-Market,CUST-00674,2025-03-31,11,66132.48
2022Q2,2022-04-01 00:00:00,Mid-Market,CUST-00674,2025-06-30,12,68651.52
2022Q2,2022-04-01 00:00:00,Mid-Market,CUST-00674,2025-09-30,13,68651.52
2022Q2,2022-04-01 00:00:00,Mid-Market,CUST-00674,2025-12-31,14,100780.20
2022Q2,2022-04-01 00:00:00,Mid-Market,CUST-00674,2026-03-31,15,100780.20
2022Q2,2022-04-01 00:00:00,Mid-Market,CUST-00674,2026-06-30,16,88684.80
2022Q2,2022-04-01 00:00:00,Mid-Market,CUST-00678,2024-03-31,7,82515.48
2022Q2,2022-04-01 00:00:00,SMB,CUST-00514,2025-03-31,11,1720.80
2022Q2,2022-04-01 00:00:00,SMB,CUST-00514,2025-06-30,12,1720.80
2022Q2,2022-04-01 00:00:00,SMB,CUST-00514,2025-09-30,13,1147.20
2022Q2,2022-04-01 00:00:00,SMB,CUST-00514,2025-12-31,14,1147.20
2022Q2,2022-04-01 00:00:00,SMB,CUST-00514,2026-03-31,15,1147.20
2022Q2,2022-04-01 00:00:00,SMB,CUST-00514,2026-06-30,16,1147.20
2022Q2,2022-04-01 00:00:00,SMB,CUST-00526,2024-03-31,7,4450.80
2022Q2,2022-04-01 00:00:00,SMB,CUST-00526,2024-06-30,8,4450.80
2022Q2,2022-04-01 00:00:00,SMB,CUST-00526,2024-09-30,9,4450.80
2022Q2,2022-04-01 00:00:00,SMB,CUST-00526,2024-12-31,10,4450.80
2022Q2,2022-04-01 00:00:00,SMB,CUST-00500,2026-06-30,16,4518.60
2022Q2,2022-04-01 00:00:00,Mid-Market,CUST-00678,2025-09-30,13,51062.88
2022Q2,2022-04-01 00:00:00,Mid-Market,CUST-00678,2025-12-31,14,51062.88
2022Q2,2022-04-01 00:00:00,SMB,CUST-00486,2024-03-31,7,7665.96
2022Q2,2022-04-01 00:00:00,SMB,CUST-00486,2024-06-30,8,6257.76
2022Q2,2022-04-01 00:00:00,SMB,CUST-00486,2024-09-30,9,6257.76
2022Q2,2022-04-01 00:00:00,SMB,CUST-00486,2024-12-31,10,6257.76
2022Q2,2022-04-01 00:00:00,SMB,CUST-00486,2025-03-31,11,6257.76
2022Q2,2022-04-01 00:00:00,SMB,CUST-00486,2025-06-30,12,0.00
2022Q2,2022-04-01 00:00:00,SMB,CUST-00486,2025-09-30,13,0.00
2022Q2,2022-04-01 00:00:00,SMB,CUST-00486,2025-12-31,14,0.00
2022Q2,2022-04-01 00:00:00,Enterprise,CUST-00731,2024-03-31,7,108146.40
2022Q2,2022-04-01 00:00:00,Enterprise,CUST-00731,2024-06-30,8,108146.40
2022Q2,2022-04-01 00:00:00,Enterprise,CUST-00731,2024-09-30,9,108144.48
2022Q2,2022-04-01 00:00:00,Enterprise,CUST-00731,2024-12-31,10,108144.48
2022Q2,2022-04-01 00:00:00,Mid-Market,CUST-00678,2024-12-31,10,59349.96
2022Q2,2022-04-01 00:00:00,Mid-Market,CUST-00678,2025-03-31,11,59349.96
2022Q2,2022-04-01 00:00:00,Mid-Market,CUST-00678,2025-06-30,12,51062.88
2022Q2,2022-04-01 00:00:00,SMB,CUST-00489,2026-06-30,16,6819.96
2022Q2,2022-04-01 00:00:00,SMB,CUST-00500,2024-03-31,7,5640.12
2022Q2,2022-04-01 00:00:00,SMB,CUST-00489,2025-12-31,14,6819.96
2022Q2,2022-04-01 00:00:00,SMB,CUST-00500,2024-06-30,8,4176.48
2022Q2,2022-04-01 00:00:00,SMB,CUST-00500,2024-09-30,9,4176.48
2022Q2,2022-04-01 00:00:00,SMB,CUST-00500,2024-12-31,10,4176.48
2022Q2,2022-04-01 00:00:00,SMB,CUST-00500,2025-03-31,11,4176.48
2022Q2,2022-04-01 00:00:00,SMB,CUST-00500,2025-06-30,12,4317.72
2022Q2,2022-04-01 00:00:00,SMB,CUST-00500,2025-09-30,13,4317.72
2022Q2,2022-04-01 00:00:00,SMB,CUST-00500,2025-12-31,14,4317.72
2022Q2,2022-04-01 00:00:00,SMB,CUST-00500,2026-03-31,15,4317.72
2022Q2,2022-04-01 00:00:00,SMB,CUST-00489,2026-03-31,15,6819.96
2022Q2,2022-04-01 00:00:00,SMB,CUST-00526,2026-03-31,15,5029.68
2022Q2,2022-04-01 00:00:00,SMB,CUST-00526,2026-06-30,16,5029.68
2022Q2,2022-04-01 00:00:00,SMB,CUST-00526,2025-12-31,14,4450.80
2022Q2,2022-04-01 00:00:00,Mid-Market,CUST-00678,2024-06-30,8,49223.04
2022Q2,2022-04-01 00:00:00,SMB,CUST-00526,2025-03-31,11,4450.80
2022Q2,2022-04-01 00:00:00,SMB,CUST-00526,2025-06-30,12,4450.80
2022Q2,2022-04-01 00:00:00,SMB,CUST-00526,2025-09-30,13,4450.80
2022Q2,2022-04-01 00:00:00,Mid-Market,CUST-00678,2024-09-30,9,49223.04
2022Q2,2022-04-01 00:00:00,SMB,CUST-00489,2024-03-31,7,6819.96
2022Q3,2022-07-01 00:00:00,SMB,CUST-00542,2024-03-31,6,0.00
2022Q3,2022-07-01 00:00:00,SMB,CUST-00542,2024-06-30,7,0.00
2022Q3,2022-07-01 00:00:00,SMB,CUST-00542,2024-09-30,8,0.00
2022Q3,2022-07-01 00:00:00,SMB,CUST-00542,2024-12-31,9,0.00
2022Q3,2022-07-01 00:00:00,SMB,CUST-00542,2025-03-31,10,0.00
2022Q3,2022-07-01 00:00:00,SMB,CUST-00542,2025-06-30,11,0.00
2022Q3,2022-07-01 00:00:00,SMB,CUST-00542,2025-09-30,12,0.00
2022Q3,2022-07-01 00:00:00,SMB,CUST-00542,2025-12-31,13,0.00
2022Q3,2022-07-01 00:00:00,SMB,CUST-00542,2026-03-31,14,0.00
2022Q3,2022-07-01 00:00:00,SMB,CUST-00542,2026-06-30,15,0.00
2022Q3,2022-07-01 00:00:00,SMB,CUST-00566,2024-03-31,6,8653.20
2022Q3,2022-07-01 00:00:00,SMB,CUST-00566,2024-06-30,7,8653.20
2022Q3,2022-07-01 00:00:00,SMB,CUST-00566,2024-09-30,8,8653.20
2022Q3,2022-07-01 00:00:00,SMB,CUST-00566,2024-12-31,9,0.00
2022Q3,2022-07-01 00:00:00,SMB,CUST-00566,2025-03-31,10,0.00
2022Q3,2022-07-01 00:00:00,SMB,CUST-00566,2025-06-30,11,0.00
2022Q3,2022-07-01 00:00:00,SMB,CUST-00566,2025-09-30,12,0.00
2022Q3,2022-07-01 00:00:00,SMB,CUST-00566,2025-12-31,13,0.00
2022Q3,2022-07-01 00:00:00,SMB,CUST-00566,2026-03-31,14,0.00
2022Q3,2022-07-01 00:00:00,SMB,CUST-00566,2026-06-30,15,0.00
2022Q3,2022-07-01 00:00:00,Mid-Market,CUST-00693,2024-03-31,6,8238.36
2022Q3,2022-07-01 00:00:00,Mid-Market,CUST-00693,2024-06-30,7,11327.76
2022Q3,2022-07-01 00:00:00,Mid-Market,CUST-00693,2024-09-30,8,11327.76
2022Q3,2022-07-01 00:00:00,Mid-Market,CUST-00693,2024-12-31,9,11327.76
2022Q3,2022-07-01 00:00:00,Mid-Market,CUST-00693,2025-03-31,10,9652.92
2022Q3,2022-07-01 00:00:00,Mid-Market,CUST-00693,2025-06-30,11,9652.92
2022Q3,2022-07-01 00:00:00,Mid-Market,CUST-00693,2025-09-30,12,9652.92
2022Q3,2022-07-01 00:00:00,Mid-Market,CUST-00693,2025-12-31,13,9652.92
2022Q3,2022-07-01 00:00:00,Mid-Market,CUST-00693,2026-03-31,14,10052.28
2022Q3,2022-07-01 00:00:00,Mid-Market,CUST-00693,2026-06-30,15,10052.28
2022Q3,2022-07-01 00:00:00,Enterprise,CUST-00733,2024-03-31,6,314507.76
2022Q3,2022-07-01 00:00:00,Enterprise,CUST-00733,2024-06-30,7,314507.76
2022Q3,2022-07-01 00:00:00,Enterprise,CUST-00733,2024-09-30,8,314527.32
2022Q3,2022-07-01 00:00:00,Enterprise,CUST-00733,2024-12-31,9,314527.32
2022Q3,2022-07-01 00:00:00,Enterprise,CUST-00733,2025-03-31,10,314527.32
2022Q3,2022-07-01 00:00:00,Enterprise,CUST-00733,2025-06-30,11,314527.32
2022Q3,2022-07-01 00:00:00,Enterprise,CUST-00733,2025-09-30,12,314527.32
2022Q3,2022-07-01 00:00:00,Enterprise,CUST-00733,2025-12-31,13,314527.32
2022Q3,2022-07-01 00:00:00,Enterprise,CUST-00733,2026-03-31,14,314527.32
2022Q3,2022-07-01 00:00:00,Enterprise,CUST-00733,2026-06-30,15,314527.32
2022Q3,2022-07-01 00:00:00,SMB,CUST-00550,2024-03-31,6,9658.80
2022Q3,2022-07-01 00:00:00,SMB,CUST-00550,2024-06-30,7,9658.80
2022Q3,2022-07-01 00:00:00,SMB,CUST-00550,2024-09-30,8,6200.40
2022Q3,2022-07-01 00:00:00,SMB,CUST-00550,2024-12-31,9,6200.40
2022Q3,2022-07-01 00:00:00,SMB,CUST-00550,2025-03-31,10,6820.44
2022Q3,2022-07-01 00:00:00,SMB,CUST-00550,2025-06-30,11,6820.44
2022Q3,2022-07-01 00:00:00,SMB,CUST-00550,2025-09-30,12,0.00
2022Q3,2022-07-01 00:00:00,SMB,CUST-00550,2025-12-31,13,0.00
2022Q3,2022-07-01 00:00:00,SMB,CUST-00550,2026-03-31,14,0.00
2022Q3,2022-07-01 00:00:00,SMB,CUST-00550,2026-06-30,15,0.00
2022Q3,2022-07-01 00:00:00,SMB,CUST-00574,2024-03-31,6,836.16
2022Q3,2022-07-01 00:00:00,SMB,CUST-00574,2024-06-30,7,0.00
2022Q3,2022-07-01 00:00:00,SMB,CUST-00574,2024-09-30,8,0.00
2022Q3,2022-07-01 00:00:00,SMB,CUST-00574,2024-12-31,9,0.00
2022Q3,2022-07-01 00:00:00,SMB,CUST-00574,2025-03-31,10,0.00
2022Q3,2022-07-01 00:00:00,SMB,CUST-00574,2025-06-30,11,0.00
2022Q3,2022-07-01 00:00:00,SMB,CUST-00574,2025-09-30,12,0.00
2022Q3,2022-07-01 00:00:00,SMB,CUST-00574,2025-12-31,13,0.00
2022Q3,2022-07-01 00:00:00,SMB,CUST-00574,2026-03-31,14,0.00
2022Q3,2022-07-01 00:00:00,SMB,CUST-00574,2026-06-30,15,0.00
2022Q3,2022-07-01 00:00:00,SMB,CUST-00545,2024-03-31,6,2647.32
2022Q3,2022-07-01 00:00:00,SMB,CUST-00545,2024-06-30,7,0.00
2022Q3,2022-07-01 00:00:00,SMB,CUST-00545,2024-09-30,8,0.00
2022Q3,2022-07-01 00:00:00,SMB,CUST-00545,2024-12-31,9,0.00
2022Q3,2022-07-01 00:00:00,SMB,CUST-00545,2025-03-31,10,0.00
2022Q3,2022-07-01 00:00:00,SMB,CUST-00545,2025-06-30,11,0.00
2022Q3,2022-07-01 00:00:00,SMB,CUST-00545,2025-09-30,12,0.00
2022Q3,2022-07-01 00:00:00,SMB,CUST-00545,2025-12-31,13,0.00
2022Q3,2022-07-01 00:00:00,SMB,CUST-00545,2026-03-31,14,0.00
2022Q3,2022-07-01 00:00:00,SMB,CUST-00545,2026-06-30,15,0.00
2022Q3,2022-07-01 00:00:00,SMB,CUST-00553,2024-03-31,6,4718.28
2022Q3,2022-07-01 00:00:00,SMB,CUST-00553,2024-06-30,7,4718.28
2022Q3,2022-07-01 00:00:00,SMB,CUST-00553,2024-09-30,8,4718.28
2022Q3,2022-07-01 00:00:00,SMB,CUST-00553,2024-12-31,9,6359.16
2022Q3,2022-07-01 00:00:00,SMB,CUST-00553,2025-03-31,10,6359.16
2022Q3,2022-07-01 00:00:00,SMB,CUST-00553,2025-06-30,11,7538.76
2022Q3,2022-07-01 00:00:00,SMB,CUST-00553,2025-09-30,12,7538.76
2022Q3,2022-07-01 00:00:00,SMB,CUST-00553,2025-12-31,13,7538.76
2022Q3,2022-07-01 00:00:00,SMB,CUST-00553,2026-03-31,14,7538.76
2022Q3,2022-07-01 00:00:00,SMB,CUST-00553,2026-06-30,15,7538.76
2022Q3,2022-07-01 00:00:00,SMB,CUST-00540,2025-03-31,10,3119.40
2022Q3,2022-07-01 00:00:00,SMB,CUST-00540,2025-06-30,11,0.00
2022Q3,2022-07-01 00:00:00,SMB,CUST-00540,2025-09-30,12,0.00
2022Q3,2022-07-01 00:00:00,SMB,CUST-00540,2025-12-31,13,0.00
2022Q3,2022-07-01 00:00:00,SMB,CUST-00540,2026-03-31,14,0.00
2022Q3,2022-07-01 00:00:00,SMB,CUST-00540,2026-06-30,15,0.00
2022Q3,2022-07-01 00:00:00,SMB,CUST-00546,2024-03-31,6,20021.88
2022Q3,2022-07-01 00:00:00,SMB,CUST-00546,2024-06-30,7,20021.88
2022Q3,2022-07-01 00:00:00,SMB,CUST-00546,2024-09-30,8,20021.88
2022Q3,2022-07-01 00:00:00,SMB,CUST-00546,2024-12-31,9,0.00
2022Q3,2022-07-01 00:00:00,SMB,CUST-00546,2025-03-31,10,0.00
2022Q3,2022-07-01 00:00:00,SMB,CUST-00546,2025-06-30,11,0.00
2022Q3,2022-07-01 00:00:00,SMB,CUST-00546,2025-09-30,12,0.00
2022Q3,2022-07-01 00:00:00,SMB,CUST-00546,2025-12-31,13,0.00
2022Q3,2022-07-01 00:00:00,SMB,CUST-00546,2026-03-31,14,0.00
2022Q3,2022-07-01 00:00:00,SMB,CUST-00546,2026-06-30,15,0.00
2022Q3,2022-07-01 00:00:00,Mid-Market,CUST-00688,2024-03-31,6,52782.36
2022Q3,2022-07-01 00:00:00,Mid-Market,CUST-00688,2024-06-30,7,52782.36
2022Q3,2022-07-01 00:00:00,Mid-Market,CUST-00688,2024-09-30,8,52782.00
2022Q3,2022-07-01 00:00:00,Mid-Market,CUST-00688,2024-12-31,9,52782.00
2022Q3,2022-07-01 00:00:00,Mid-Market,CUST-00688,2025-03-31,10,55946.64
2022Q3,2022-07-01 00:00:00,Mid-Market,CUST-00688,2025-06-30,11,55946.64
2022Q3,2022-07-01 00:00:00,Mid-Market,CUST-00688,2025-09-30,12,57868.56
2022Q3,2022-07-01 00:00:00,Mid-Market,CUST-00688,2025-12-31,13,57868.56
2022Q3,2022-07-01 00:00:00,Mid-Market,CUST-00688,2026-03-31,14,57868.56
2022Q3,2022-07-01 00:00:00,Mid-Market,CUST-00688,2026-06-30,15,57868.56
2022Q3,2022-07-01 00:00:00,Mid-Market,CUST-00696,2024-03-31,6,20145.48
2022Q3,2022-07-01 00:00:00,Mid-Market,CUST-00696,2024-06-30,7,20145.48
2022Q3,2022-07-01 00:00:00,Mid-Market,CUST-00696,2024-09-30,8,20145.48
2022Q3,2022-07-01 00:00:00,Mid-Market,CUST-00696,2024-12-31,9,20146.44
2022Q3,2022-07-01 00:00:00,Mid-Market,CUST-00696,2025-03-31,10,23327.40
2022Q3,2022-07-01 00:00:00,Mid-Market,CUST-00696,2025-06-30,11,29689.44
2022Q3,2022-07-01 00:00:00,Mid-Market,CUST-00696,2025-09-30,12,29689.44
2022Q3,2022-07-01 00:00:00,Mid-Market,CUST-00696,2025-12-31,13,0.00
2022Q3,2022-07-01 00:00:00,Mid-Market,CUST-00696,2026-03-31,14,0.00
2022Q3,2022-07-01 00:00:00,Mid-Market,CUST-00696,2026-06-30,15,0.00
2022Q3,2022-07-01 00:00:00,Enterprise,CUST-00732,2024-03-31,6,216834.00
2022Q3,2022-07-01 00:00:00,Enterprise,CUST-00732,2024-06-30,7,216834.00
2022Q3,2022-07-01 00:00:00,Enterprise,CUST-00732,2024-09-30,8,224646.96
2022Q3,2022-07-01 00:00:00,Enterprise,CUST-00732,2024-12-31,9,224646.96
2022Q3,2022-07-01 00:00:00,Enterprise,CUST-00732,2025-03-31,10,224646.96
2022Q3,2022-07-01 00:00:00,Enterprise,CUST-00732,2025-06-30,11,224646.96
2022Q3,2022-07-01 00:00:00,Enterprise,CUST-00732,2025-09-30,12,231613.20
2022Q3,2022-07-01 00:00:00,Enterprise,CUST-00732,2025-12-31,13,231613.20
2022Q3,2022-07-01 00:00:00,Enterprise,CUST-00732,2026-03-31,14,231613.20
2022Q3,2022-07-01 00:00:00,Enterprise,CUST-00732,2026-06-30,15,231613.20
2022Q3,2022-07-01 00:00:00,SMB,CUST-00558,2024-03-31,6,4485.72
2022Q3,2022-07-01 00:00:00,SMB,CUST-00558,2024-06-30,7,4485.72
2022Q3,2022-07-01 00:00:00,SMB,CUST-00558,2024-09-30,8,4485.72
2022Q3,2022-07-01 00:00:00,SMB,CUST-00558,2024-12-31,9,4485.72
2022Q3,2022-07-01 00:00:00,SMB,CUST-00558,2025-03-31,10,4485.72
2022Q3,2022-07-01 00:00:00,SMB,CUST-00558,2025-06-30,11,4485.72
2022Q3,2022-07-01 00:00:00,SMB,CUST-00558,2025-09-30,12,4485.72
2022Q3,2022-07-01 00:00:00,SMB,CUST-00558,2025-12-31,13,4485.72
2022Q3,2022-07-01 00:00:00,SMB,CUST-00558,2026-03-31,14,4485.72
2022Q3,2022-07-01 00:00:00,SMB,CUST-00558,2026-06-30,15,6493.32
2022Q3,2022-07-01 00:00:00,SMB,CUST-00569,2024-03-31,6,2493.24
2022Q3,2022-07-01 00:00:00,SMB,CUST-00569,2024-06-30,7,2493.24
2022Q3,2022-07-01 00:00:00,SMB,CUST-00569,2024-09-30,8,2493.24
2022Q3,2022-07-01 00:00:00,SMB,CUST-00569,2024-12-31,9,2493.24
2022Q3,2022-07-01 00:00:00,SMB,CUST-00569,2025-03-31,10,2493.24
2022Q3,2022-07-01 00:00:00,SMB,CUST-00569,2025-06-30,11,0.00
2022Q3,2022-07-01 00:00:00,SMB,CUST-00569,2025-09-30,12,0.00
2022Q3,2022-07-01 00:00:00,SMB,CUST-00569,2025-12-31,13,0.00
2022Q3,2022-07-01 00:00:00,SMB,CUST-00569,2026-03-31,14,0.00
2022Q3,2022-07-01 00:00:00,SMB,CUST-00569,2026-06-30,15,0.00
2022Q3,2022-07-01 00:00:00,Mid-Market,CUST-00699,2024-03-31,6,101956.92
2022Q3,2022-07-01 00:00:00,Mid-Market,CUST-00699,2024-06-30,7,101956.92
2022Q3,2022-07-01 00:00:00,Mid-Market,CUST-00699,2024-09-30,8,101956.92
2022Q3,2022-07-01 00:00:00,Mid-Market,CUST-00699,2024-12-31,9,78190.32
2022Q3,2022-07-01 00:00:00,Mid-Market,CUST-00699,2025-03-31,10,78190.32
2022Q3,2022-07-01 00:00:00,Mid-Market,CUST-00699,2025-06-30,11,78190.32
2022Q3,2022-07-01 00:00:00,Mid-Market,CUST-00699,2025-09-30,12,106772.76
2022Q3,2022-07-01 00:00:00,Mid-Market,CUST-00699,2025-12-31,13,80955.72
2022Q3,2022-07-01 00:00:00,Mid-Market,CUST-00699,2026-03-31,14,110549.04
2022Q3,2022-07-01 00:00:00,Mid-Market,CUST-00699,2026-06-30,15,110549.04
2022Q3,2022-07-01 00:00:00,Mid-Market,CUST-00687,2024-03-31,6,12159.96
2022Q3,2022-07-01 00:00:00,Mid-Market,CUST-00687,2024-06-30,7,12159.96
2022Q3,2022-07-01 00:00:00,Mid-Market,CUST-00687,2024-09-30,8,13116.24
2022Q3,2022-07-01 00:00:00,Mid-Market,CUST-00687,2024-12-31,9,13116.24
2022Q3,2022-07-01 00:00:00,Mid-Market,CUST-00687,2025-03-31,10,13116.24
2022Q3,2022-07-01 00:00:00,Mid-Market,CUST-00687,2025-06-30,11,13116.24
2022Q3,2022-07-01 00:00:00,Mid-Market,CUST-00687,2025-09-30,12,13116.24
2022Q3,2022-07-01 00:00:00,Mid-Market,CUST-00687,2025-12-31,13,18160.92
2022Q3,2022-07-01 00:00:00,Mid-Market,CUST-00687,2026-03-31,14,18160.92
2022Q3,2022-07-01 00:00:00,Mid-Market,CUST-00687,2026-06-30,15,25425.36
2022Q3,2022-07-01 00:00:00,Mid-Market,CUST-00689,2024-03-31,6,56646.72
2022Q3,2022-07-01 00:00:00,Mid-Market,CUST-00689,2024-06-30,7,56646.72
2022Q3,2022-07-01 00:00:00,Mid-Market,CUST-00689,2024-09-30,8,56648.88
2022Q3,2022-07-01 00:00:00,Mid-Market,CUST-00689,2024-12-31,9,56648.88
2022Q3,2022-07-01 00:00:00,Mid-Market,CUST-00689,2025-03-31,10,56648.88
2022Q3,2022-07-01 00:00:00,Mid-Market,CUST-00689,2025-06-30,11,56648.88
2022Q3,2022-07-01 00:00:00,Mid-Market,CUST-00689,2025-09-30,12,59314.44
2022Q3,2022-07-01 00:00:00,Mid-Market,CUST-00689,2025-12-31,13,59314.44
2022Q3,2022-07-01 00:00:00,Mid-Market,CUST-00689,2026-03-31,14,59314.44
2022Q3,2022-07-01 00:00:00,Mid-Market,CUST-00689,2026-06-30,15,59314.44
2022Q3,2022-07-01 00:00:00,Mid-Market,CUST-00694,2024-03-31,6,24509.16
2022Q3,2022-07-01 00:00:00,Mid-Market,CUST-00694,2024-06-30,7,24509.16
2022Q3,2022-07-01 00:00:00,Mid-Market,CUST-00694,2024-09-30,8,25529.64
2022Q3,2022-07-01 00:00:00,Mid-Market,CUST-00694,2024-12-31,9,25529.64
2022Q3,2022-07-01 00:00:00,Mid-Market,CUST-00694,2025-03-31,10,35741.52
2022Q3,2022-07-01 00:00:00,Mid-Market,CUST-00694,2025-06-30,11,35741.52
2022Q3,2022-07-01 00:00:00,Mid-Market,CUST-00694,2025-09-30,12,26600.64
2022Q3,2022-07-01 00:00:00,Mid-Market,CUST-00694,2025-12-31,13,26600.64
2022Q3,2022-07-01 00:00:00,Mid-Market,CUST-00694,2026-03-31,14,26600.64
2022Q3,2022-07-01 00:00:00,Mid-Market,CUST-00694,2026-06-30,15,26600.64
2022Q3,2022-07-01 00:00:00,SMB,CUST-00559,2024-03-31,6,14413.44
2022Q3,2022-07-01 00:00:00,SMB,CUST-00559,2024-06-30,7,14413.44
2022Q3,2022-07-01 00:00:00,SMB,CUST-00559,2024-09-30,8,14413.44
2022Q3,2022-07-01 00:00:00,SMB,CUST-00559,2024-12-31,9,14413.44
2022Q3,2022-07-01 00:00:00,SMB,CUST-00559,2025-03-31,10,0.00
2022Q3,2022-07-01 00:00:00,SMB,CUST-00559,2025-06-30,11,0.00
2022Q3,2022-07-01 00:00:00,SMB,CUST-00559,2025-09-30,12,0.00
2022Q3,2022-07-01 00:00:00,SMB,CUST-00559,2025-12-31,13,0.00
2022Q3,2022-07-01 00:00:00,SMB,CUST-00559,2026-03-31,14,0.00
2022Q3,2022-07-01 00:00:00,SMB,CUST-00559,2026-06-30,15,0.00
2022Q3,2022-07-01 00:00:00,SMB,CUST-00567,2024-03-31,6,0.00
2022Q3,2022-07-01 00:00:00,SMB,CUST-00567,2024-06-30,7,0.00
2022Q3,2022-07-01 00:00:00,SMB,CUST-00567,2024-09-30,8,0.00
2022Q3,2022-07-01 00:00:00,SMB,CUST-00567,2024-12-31,9,0.00
2022Q3,2022-07-01 00:00:00,SMB,CUST-00567,2025-03-31,10,0.00
2022Q3,2022-07-01 00:00:00,SMB,CUST-00567,2025-06-30,11,0.00
2022Q3,2022-07-01 00:00:00,SMB,CUST-00567,2025-09-30,12,0.00
2022Q3,2022-07-01 00:00:00,SMB,CUST-00567,2025-12-31,13,0.00
2022Q3,2022-07-01 00:00:00,SMB,CUST-00567,2026-03-31,14,0.00
2022Q3,2022-07-01 00:00:00,SMB,CUST-00567,2026-06-30,15,0.00
2022Q3,2022-07-01 00:00:00,SMB,CUST-00560,2024-03-31,6,3517.32
2022Q3,2022-07-01 00:00:00,SMB,CUST-00560,2024-06-30,7,0.00
2022Q3,2022-07-01 00:00:00,SMB,CUST-00560,2024-09-30,8,0.00
2022Q3,2022-07-01 00:00:00,SMB,CUST-00560,2024-12-31,9,0.00
2022Q3,2022-07-01 00:00:00,SMB,CUST-00560,2025-03-31,10,0.00
2022Q3,2022-07-01 00:00:00,SMB,CUST-00560,2025-06-30,11,0.00
2022Q3,2022-07-01 00:00:00,SMB,CUST-00560,2025-09-30,12,0.00
2022Q3,2022-07-01 00:00:00,SMB,CUST-00560,2025-12-31,13,0.00
2022Q3,2022-07-01 00:00:00,SMB,CUST-00560,2026-03-31,14,0.00
2022Q3,2022-07-01 00:00:00,SMB,CUST-00560,2026-06-30,15,0.00
2022Q3,2022-07-01 00:00:00,SMB,CUST-00564,2024-03-31,6,7356.84
2022Q3,2022-07-01 00:00:00,SMB,CUST-00564,2024-06-30,7,8967.12
2022Q3,2022-07-01 00:00:00,SMB,CUST-00564,2024-09-30,8,8967.12
2022Q3,2022-07-01 00:00:00,SMB,CUST-00564,2024-12-31,9,8967.12
2022Q3,2022-07-01 00:00:00,SMB,CUST-00564,2025-03-31,10,8967.12
2022Q3,2022-07-01 00:00:00,SMB,CUST-00564,2025-06-30,11,8967.12
2022Q3,2022-07-01 00:00:00,SMB,CUST-00564,2025-09-30,12,8967.12
2022Q3,2022-07-01 00:00:00,SMB,CUST-00564,2025-12-31,13,8967.12
2022Q3,2022-07-01 00:00:00,SMB,CUST-00564,2026-03-31,14,8967.12
2022Q3,2022-07-01 00:00:00,SMB,CUST-00564,2026-06-30,15,8967.12
2022Q3,2022-07-01 00:00:00,SMB,CUST-00572,2024-03-31,6,5623.44
2022Q3,2022-07-01 00:00:00,SMB,CUST-00572,2024-06-30,7,6185.76
2022Q3,2022-07-01 00:00:00,SMB,CUST-00572,2024-09-30,8,6185.76
2022Q3,2022-07-01 00:00:00,SMB,CUST-00572,2024-12-31,9,6185.76
2022Q3,2022-07-01 00:00:00,SMB,CUST-00572,2025-03-31,10,6185.76
2022Q3,2022-07-01 00:00:00,SMB,CUST-00572,2025-06-30,11,6185.76
2022Q3,2022-07-01 00:00:00,SMB,CUST-00572,2025-09-30,12,8660.04
2022Q3,2022-07-01 00:00:00,SMB,CUST-00572,2025-12-31,13,7085.40
2022Q3,2022-07-01 00:00:00,SMB,CUST-00572,2026-03-31,14,7085.40
2022Q3,2022-07-01 00:00:00,SMB,CUST-00572,2026-06-30,15,9447.36
2022Q3,2022-07-01 00:00:00,Mid-Market,CUST-00697,2025-03-31,10,82958.04
2022Q3,2022-07-01 00:00:00,Mid-Market,CUST-00697,2025-06-30,11,134224.32
2022Q3,2022-07-01 00:00:00,Mid-Market,CUST-00697,2025-09-30,12,134224.32
2022Q3,2022-07-01 00:00:00,Mid-Market,CUST-00697,2025-12-31,13,134224.32
2022Q3,2022-07-01 00:00:00,Mid-Market,CUST-00697,2026-03-31,14,134224.32
2022Q3,2022-07-01 00:00:00,Mid-Market,CUST-00697,2026-06-30,15,187914.00
2022Q3,2022-07-01 00:00:00,Mid-Market,CUST-00697,2024-03-31,6,79056.48
2022Q3,2022-07-01 00:00:00,Mid-Market,CUST-00697,2024-06-30,7,79056.48
2022Q3,2022-07-01 00:00:00,Mid-Market,CUST-00697,2024-09-30,8,79056.48
2022Q3,2022-07-01 00:00:00,Mid-Market,CUST-00697,2024-12-31,9,82958.04
2022Q3,2022-07-01 00:00:00,SMB,CUST-00532,2024-03-31,6,2245.08
2022Q3,2022-07-01 00:00:00,SMB,CUST-00532,2024-06-30,7,2245.08
2022Q3,2022-07-01 00:00:00,SMB,CUST-00532,2024-09-30,8,2331.36
2022Q3,2022-07-01 00:00:00,SMB,CUST-00532,2024-12-31,9,2331.36
2022Q3,2022-07-01 00:00:00,SMB,CUST-00532,2025-03-31,10,3263.88
2022Q3,2022-07-01 00:00:00,SMB,CUST-00532,2025-06-30,11,3263.88
2022Q3,2022-07-01 00:00:00,SMB,CUST-00532,2025-09-30,12,2331.36
2022Q3,2022-07-01 00:00:00,SMB,CUST-00532,2025-12-31,13,2331.36
2022Q3,2022-07-01 00:00:00,SMB,CUST-00532,2026-03-31,14,2331.36
2022Q3,2022-07-01 00:00:00,SMB,CUST-00532,2026-06-30,15,2331.36
2022Q3,2022-07-01 00:00:00,SMB,CUST-00534,2024-03-31,6,3998.88
2022Q3,2022-07-01 00:00:00,SMB,CUST-00534,2024-06-30,7,3998.88
2022Q3,2022-07-01 00:00:00,SMB,CUST-00534,2024-09-30,8,3998.88
2022Q3,2022-07-01 00:00:00,SMB,CUST-00534,2024-12-31,9,3998.88
2022Q3,2022-07-01 00:00:00,SMB,CUST-00534,2025-03-31,10,3998.88
2022Q3,2022-07-01 00:00:00,SMB,CUST-00534,2025-06-30,11,3998.88
2022Q3,2022-07-01 00:00:00,SMB,CUST-00534,2025-09-30,12,3998.88
2022Q3,2022-07-01 00:00:00,SMB,CUST-00534,2025-12-31,13,3998.88
2022Q3,2022-07-01 00:00:00,SMB,CUST-00534,2026-03-31,14,3998.88
2022Q3,2022-07-01 00:00:00,SMB,CUST-00534,2026-06-30,15,3998.88
2022Q3,2022-07-01 00:00:00,SMB,CUST-00544,2024-03-31,6,2945.76
2022Q3,2022-07-01 00:00:00,SMB,CUST-00544,2024-06-30,7,2945.76
2022Q3,2022-07-01 00:00:00,SMB,CUST-00544,2024-09-30,8,1767.48
2022Q3,2022-07-01 00:00:00,SMB,CUST-00544,2024-12-31,9,1767.48
2022Q3,2022-07-01 00:00:00,SMB,CUST-00544,2025-03-31,10,1767.48
2022Q3,2022-07-01 00:00:00,SMB,CUST-00544,2025-06-30,11,589.20
2022Q3,2022-07-01 00:00:00,SMB,CUST-00544,2025-09-30,12,589.20
2022Q3,2022-07-01 00:00:00,SMB,CUST-00544,2025-12-31,13,589.20
2022Q3,2022-07-01 00:00:00,SMB,CUST-00544,2026-03-31,14,0.00
2022Q3,2022-07-01 00:00:00,SMB,CUST-00544,2026-06-30,15,0.00
2022Q3,2022-07-01 00:00:00,SMB,CUST-00549,2024-03-31,6,2235.00
2022Q3,2022-07-01 00:00:00,SMB,CUST-00549,2024-06-30,7,2235.00
2022Q3,2022-07-01 00:00:00,SMB,CUST-00549,2024-09-30,8,2235.00
2022Q3,2022-07-01 00:00:00,SMB,CUST-00549,2024-12-31,9,2235.00
2022Q3,2022-07-01 00:00:00,SMB,CUST-00549,2025-03-31,10,2235.00
2022Q3,2022-07-01 00:00:00,SMB,CUST-00549,2025-06-30,11,3129.00
2022Q3,2022-07-01 00:00:00,SMB,CUST-00549,2025-09-30,12,2332.56
2022Q3,2022-07-01 00:00:00,SMB,CUST-00549,2025-12-31,13,2332.56
2022Q3,2022-07-01 00:00:00,SMB,CUST-00549,2026-03-31,14,2332.56
2022Q3,2022-07-01 00:00:00,SMB,CUST-00549,2026-06-30,15,2332.56
2022Q3,2022-07-01 00:00:00,SMB,CUST-00554,2024-03-31,6,5784.96
2022Q3,2022-07-01 00:00:00,SMB,CUST-00554,2024-06-30,7,5784.96
2022Q3,2022-07-01 00:00:00,SMB,CUST-00554,2024-09-30,8,5784.96
2022Q3,2022-07-01 00:00:00,SMB,CUST-00554,2024-12-31,9,5784.96
2022Q3,2022-07-01 00:00:00,SMB,CUST-00554,2025-03-31,10,0.00
2022Q3,2022-07-01 00:00:00,SMB,CUST-00554,2025-06-30,11,0.00
2022Q3,2022-07-01 00:00:00,SMB,CUST-00554,2025-09-30,12,0.00
2022Q3,2022-07-01 00:00:00,SMB,CUST-00554,2025-12-31,13,0.00
2022Q3,2022-07-01 00:00:00,SMB,CUST-00541,2024-03-31,6,3887.04
2022Q3,2022-07-01 00:00:00,SMB,CUST-00541,2024-06-30,7,3887.04
2022Q3,2022-07-01 00:00:00,SMB,CUST-00541,2024-09-30,8,3887.04
2022Q3,2022-07-01 00:00:00,SMB,CUST-00541,2024-12-31,9,3887.04
2022Q3,2022-07-01 00:00:00,SMB,CUST-00541,2025-03-31,10,3887.04
2022Q3,2022-07-01 00:00:00,SMB,CUST-00541,2025-06-30,11,3887.04
2022Q3,2022-07-01 00:00:00,SMB,CUST-00541,2025-09-30,12,3887.04
2022Q3,2022-07-01 00:00:00,SMB,CUST-00541,2025-12-31,13,3331.68
2022Q3,2022-07-01 00:00:00,SMB,CUST-00541,2026-03-31,14,3331.68
2022Q3,2022-07-01 00:00:00,SMB,CUST-00541,2026-06-30,15,3331.68
2022Q3,2022-07-01 00:00:00,SMB,CUST-00554,2026-03-31,14,0.00
2022Q3,2022-07-01 00:00:00,SMB,CUST-00554,2026-06-30,15,0.00
2022Q3,2022-07-01 00:00:00,SMB,CUST-00537,2024-06-30,7,7758.24
2022Q3,2022-07-01 00:00:00,SMB,CUST-00537,2024-09-30,8,9309.84
2022Q3,2022-07-01 00:00:00,SMB,CUST-00537,2024-12-31,9,9309.84
2022Q3,2022-07-01 00:00:00,SMB,CUST-00537,2025-03-31,10,9309.84
2022Q3,2022-07-01 00:00:00,SMB,CUST-00537,2025-06-30,11,9309.84
2022Q3,2022-07-01 00:00:00,SMB,CUST-00537,2025-09-30,12,6874.32
2022Q3,2022-07-01 00:00:00,SMB,CUST-00537,2025-12-31,13,6874.32
2022Q3,2022-07-01 00:00:00,SMB,CUST-00537,2026-03-31,14,6874.32
2022Q3,2022-07-01 00:00:00,SMB,CUST-00537,2026-06-30,15,6874.32
2022Q3,2022-07-01 00:00:00,SMB,CUST-00540,2024-03-31,6,3119.40
2022Q3,2022-07-01 00:00:00,SMB,CUST-00540,2024-06-30,7,3119.40
2022Q3,2022-07-01 00:00:00,SMB,CUST-00540,2024-09-30,8,3119.40
2022Q3,2022-07-01 00:00:00,SMB,CUST-00540,2024-12-31,9,3119.40
2022Q3,2022-07-01 00:00:00,SMB,CUST-00531,2026-06-30,15,2304.00
2022Q3,2022-07-01 00:00:00,Enterprise,CUST-00734,2026-03-31,14,110547.00
2022Q3,2022-07-01 00:00:00,Enterprise,CUST-00734,2026-06-30,15,110547.00
2022Q3,2022-07-01 00:00:00,Mid-Market,CUST-00690,2026-03-31,14,46471.20
2022Q3,2022-07-01 00:00:00,Mid-Market,CUST-00690,2026-06-30,15,46471.20
2022Q3,2022-07-01 00:00:00,SMB,CUST-00537,2024-03-31,6,7758.24
2022Q3,2022-07-01 00:00:00,Mid-Market,CUST-00691,2026-03-31,14,13498.92
2022Q3,2022-07-01 00:00:00,Mid-Market,CUST-00691,2026-06-30,15,13498.92
2022Q3,2022-07-01 00:00:00,SMB,CUST-00531,2024-03-31,6,2304.00
2022Q3,2022-07-01 00:00:00,Mid-Market,CUST-00690,2024-03-31,6,31061.04
2022Q3,2022-07-01 00:00:00,Mid-Market,CUST-00690,2024-06-30,7,31061.04
2022Q3,2022-07-01 00:00:00,Mid-Market,CUST-00690,2024-09-30,8,32246.88
2022Q3,2022-07-01 00:00:00,Mid-Market,CUST-00690,2024-12-31,9,32246.88
2022Q3,2022-07-01 00:00:00,Mid-Market,CUST-00690,2025-03-31,10,44519.04
2022Q3,2022-07-01 00:00:00,SMB,CUST-00531,2024-06-30,7,2304.00
2022Q3,2022-07-01 00:00:00,SMB,CUST-00531,2024-09-30,8,2304.00
2022Q3,2022-07-01 00:00:00,SMB,CUST-00531,2024-12-31,9,2304.00
2022Q3,2022-07-01 00:00:00,SMB,CUST-00531,2025-03-31,10,2304.00
2022Q3,2022-07-01 00:00:00,SMB,CUST-00531,2025-06-30,11,2304.00
2022Q3,2022-07-01 00:00:00,SMB,CUST-00531,2025-09-30,12,2304.00
2022Q3,2022-07-01 00:00:00,SMB,CUST-00531,2025-12-31,13,2304.00
2022Q3,2022-07-01 00:00:00,SMB,CUST-00531,2026-03-31,14,2304.00
2022Q3,2022-07-01 00:00:00,Mid-Market,CUST-00691,2024-06-30,7,23507.04
2022Q3,2022-07-01 00:00:00,Enterprise,CUST-00734,2024-12-31,9,95283.36
2022Q3,2022-07-01 00:00:00,Enterprise,CUST-00734,2025-03-31,10,95283.36
2022Q3,2022-07-01 00:00:00,Mid-Market,CUST-00691,2025-03-31,10,13094.04
2022Q3,2022-07-01 00:00:00,Mid-Market,CUST-00691,2025-06-30,11,13094.04
2022Q3,2022-07-01 00:00:00,Mid-Market,CUST-00691,2025-09-30,12,13498.92
2022Q3,2022-07-01 00:00:00,Enterprise,CUST-00734,2025-06-30,11,100201.20
2022Q3,2022-07-01 00:00:00,Enterprise,CUST-00734,2025-09-30,12,100201.20
2022Q3,2022-07-01 00:00:00,Enterprise,CUST-00734,2025-12-31,13,100201.20
2022Q3,2022-07-01 00:00:00,Mid-Market,CUST-00691,2025-12-31,13,13498.92
2022Q3,2022-07-01 00:00:00,Mid-Market,CUST-00691,2024-03-31,6,21579.12
2022Q3,2022-07-01 00:00:00,Mid-Market,CUST-00691,2024-09-30,8,13094.04
2022Q3,2022-07-01 00:00:00,Mid-Market,CUST-00691,2024-12-31,9,13094.04
2022Q3,2022-07-01 00:00:00,Enterprise,CUST-00734,2024-09-30,8,105622.56
2022Q3,2022-07-01 00:00:00,Enterprise,CUST-00734,2024-03-31,6,105622.56
2022Q3,2022-07-01 00:00:00,Mid-Market,CUST-00690,2025-12-31,13,46471.20
2022Q3,2022-07-01 00:00:00,Enterprise,CUST-00734,2024-06-30,7,105622.56
2022Q3,2022-07-01 00:00:00,Mid-Market,CUST-00690,2025-06-30,11,44519.04
2022Q3,2022-07-01 00:00:00,Mid-Market,CUST-00690,2025-09-30,12,46471.20
2022Q4,2022-10-01 00:00:00,SMB,CUST-00625,2024-03-31,5,8328.60
2022Q4,2022-10-01 00:00:00,SMB,CUST-00625,2024-06-30,6,0.00
2022Q4,2022-10-01 00:00:00,SMB,CUST-00625,2024-09-30,7,0.00
2022Q4,2022-10-01 00:00:00,SMB,CUST-00625,2024-12-31,8,0.00
2022Q4,2022-10-01 00:00:00,SMB,CUST-00625,2025-03-31,9,0.00
2022Q4,2022-10-01 00:00:00,SMB,CUST-00625,2025-06-30,10,0.00
2022Q4,2022-10-01 00:00:00,SMB,CUST-00625,2025-09-30,11,0.00
2022Q4,2022-10-01 00:00:00,SMB,CUST-00625,2025-12-31,12,0.00
2022Q4,2022-10-01 00:00:00,SMB,CUST-00625,2026-03-31,13,0.00
2022Q4,2022-10-01 00:00:00,SMB,CUST-00625,2026-06-30,14,0.00
2022Q4,2022-10-01 00:00:00,SMB,CUST-00648,2024-03-31,5,0.00
2022Q4,2022-10-01 00:00:00,SMB,CUST-00648,2024-06-30,6,0.00
2022Q4,2022-10-01 00:00:00,SMB,CUST-00648,2024-09-30,7,0.00
2022Q4,2022-10-01 00:00:00,SMB,CUST-00648,2024-12-31,8,0.00
2022Q4,2022-10-01 00:00:00,SMB,CUST-00648,2025-03-31,9,0.00
2022Q4,2022-10-01 00:00:00,SMB,CUST-00648,2025-06-30,10,0.00
2022Q4,2022-10-01 00:00:00,SMB,CUST-00648,2025-09-30,11,0.00
2022Q4,2022-10-01 00:00:00,SMB,CUST-00648,2025-12-31,12,0.00
2022Q4,2022-10-01 00:00:00,SMB,CUST-00648,2026-03-31,13,0.00
2022Q4,2022-10-01 00:00:00,SMB,CUST-00648,2026-06-30,14,0.00
2022Q4,2022-10-01 00:00:00,Mid-Market,CUST-00715,2024-03-31,5,38393.64
2022Q4,2022-10-01 00:00:00,Mid-Market,CUST-00715,2024-06-30,6,46272.12
2022Q4,2022-10-01 00:00:00,Mid-Market,CUST-00715,2024-09-30,7,46272.12
2022Q4,2022-10-01 00:00:00,Mid-Market,CUST-00715,2024-12-31,8,46272.12
2022Q4,2022-10-01 00:00:00,Mid-Market,CUST-00715,2025-03-31,9,39564.48
2022Q4,2022-10-01 00:00:00,Mid-Market,CUST-00715,2025-06-30,10,39564.48
2022Q4,2022-10-01 00:00:00,Mid-Market,CUST-00715,2025-09-30,11,39564.48
2022Q4,2022-10-01 00:00:00,Mid-Market,CUST-00715,2025-12-31,12,39564.48
2022Q4,2022-10-01 00:00:00,Mid-Market,CUST-00715,2026-03-31,13,39562.68
2022Q4,2022-10-01 00:00:00,Mid-Market,CUST-00715,2026-06-30,14,39562.68
2022Q4,2022-10-01 00:00:00,Mid-Market,CUST-00716,2024-03-31,5,25709.88
2022Q4,2022-10-01 00:00:00,Mid-Market,CUST-00716,2024-06-30,6,60942.00
2022Q4,2022-10-01 00:00:00,Mid-Market,CUST-00716,2024-09-30,7,60942.00
2022Q4,2022-10-01 00:00:00,Mid-Market,CUST-00716,2024-12-31,8,69194.64
2022Q4,2022-10-01 00:00:00,Mid-Market,CUST-00716,2025-03-31,9,63360.60
2022Q4,2022-10-01 00:00:00,Mid-Market,CUST-00716,2025-06-30,10,63360.60
2022Q4,2022-10-01 00:00:00,Mid-Market,CUST-00716,2025-09-30,11,63360.60
2022Q4,2022-10-01 00:00:00,Mid-Market,CUST-00716,2025-12-31,12,88704.84
2022Q4,2022-10-01 00:00:00,Mid-Market,CUST-00716,2026-03-31,13,66053.64
2022Q4,2022-10-01 00:00:00,Mid-Market,CUST-00716,2026-06-30,14,66053.64
2022Q4,2022-10-01 00:00:00,SMB,CUST-00579,2024-03-31,5,4315.56
2022Q4,2022-10-01 00:00:00,SMB,CUST-00579,2024-06-30,6,4315.56
2022Q4,2022-10-01 00:00:00,SMB,CUST-00579,2024-09-30,7,4315.56
2022Q4,2022-10-01 00:00:00,SMB,CUST-00579,2024-12-31,8,0.00
2022Q4,2022-10-01 00:00:00,SMB,CUST-00579,2025-03-31,9,0.00
2022Q4,2022-10-01 00:00:00,SMB,CUST-00579,2025-06-30,10,0.00
2022Q4,2022-10-01 00:00:00,SMB,CUST-00579,2025-09-30,11,0.00
2022Q4,2022-10-01 00:00:00,SMB,CUST-00579,2025-12-31,12,0.00
2022Q4,2022-10-01 00:00:00,SMB,CUST-00579,2026-03-31,13,0.00
2022Q4,2022-10-01 00:00:00,SMB,CUST-00579,2026-06-30,14,0.00
2022Q4,2022-10-01 00:00:00,SMB,CUST-00582,2024-03-31,5,3734.16
2022Q4,2022-10-01 00:00:00,SMB,CUST-00582,2024-06-30,6,3734.16
2022Q4,2022-10-01 00:00:00,SMB,CUST-00582,2024-09-30,7,3734.16
2022Q4,2022-10-01 00:00:00,SMB,CUST-00582,2024-12-31,8,5227.80
2022Q4,2022-10-01 00:00:00,SMB,CUST-00582,2025-03-31,9,5227.80
2022Q4,2022-10-01 00:00:00,SMB,CUST-00582,2025-06-30,10,5227.80
2022Q4,2022-10-01 00:00:00,SMB,CUST-00582,2025-09-30,11,5227.80
2022Q4,2022-10-01 00:00:00,SMB,CUST-00582,2025-12-31,12,4481.04
2022Q4,2022-10-01 00:00:00,SMB,CUST-00582,2026-03-31,13,4481.04
2022Q4,2022-10-01 00:00:00,SMB,CUST-00582,2026-06-30,14,0.00
2022Q4,2022-10-01 00:00:00,SMB,CUST-00614,2024-03-31,5,5368.68
2022Q4,2022-10-01 00:00:00,SMB,CUST-00614,2024-06-30,6,5368.68
2022Q4,2022-10-01 00:00:00,SMB,CUST-00614,2024-09-30,7,5368.68
2022Q4,2022-10-01 00:00:00,SMB,CUST-00614,2024-12-31,8,5575.32
2022Q4,2022-10-01 00:00:00,SMB,CUST-00614,2025-03-31,9,5575.32
2022Q4,2022-10-01 00:00:00,SMB,CUST-00614,2025-06-30,10,5575.32
2022Q4,2022-10-01 00:00:00,SMB,CUST-00614,2025-09-30,11,6690.36
2022Q4,2022-10-01 00:00:00,SMB,CUST-00614,2025-12-31,12,6935.16
2022Q4,2022-10-01 00:00:00,SMB,CUST-00614,2026-03-31,13,6935.16
2022Q4,2022-10-01 00:00:00,SMB,CUST-00614,2026-06-30,14,9709.20
2022Q4,2022-10-01 00:00:00,SMB,CUST-00632,2024-03-31,5,3759.60
2022Q4,2022-10-01 00:00:00,SMB,CUST-00632,2024-06-30,6,3759.60
2022Q4,2022-10-01 00:00:00,SMB,CUST-00632,2024-09-30,7,0.00
2022Q4,2022-10-01 00:00:00,SMB,CUST-00632,2024-12-31,8,0.00
2022Q4,2022-10-01 00:00:00,SMB,CUST-00632,2025-03-31,9,0.00
2022Q4,2022-10-01 00:00:00,SMB,CUST-00632,2025-06-30,10,0.00
2022Q4,2022-10-01 00:00:00,SMB,CUST-00632,2025-09-30,11,0.00
2022Q4,2022-10-01 00:00:00,SMB,CUST-00632,2025-12-31,12,0.00
2022Q4,2022-10-01 00:00:00,SMB,CUST-00632,2026-03-31,13,0.00
2022Q4,2022-10-01 00:00:00,SMB,CUST-00632,2026-06-30,14,0.00
2022Q4,2022-10-01 00:00:00,SMB,CUST-00610,2024-03-31,5,7385.88
2022Q4,2022-10-01 00:00:00,SMB,CUST-00610,2024-06-30,6,7385.88
2022Q4,2022-10-01 00:00:00,SMB,CUST-00610,2024-09-30,7,7385.88
2022Q4,2022-10-01 00:00:00,SMB,CUST-00610,2024-12-31,8,7385.88
2022Q4,2022-10-01 00:00:00,SMB,CUST-00610,2025-03-31,9,7385.88
2022Q4,2022-10-01 00:00:00,SMB,CUST-00610,2025-06-30,10,7385.88
2022Q4,2022-10-01 00:00:00,SMB,CUST-00610,2025-09-30,11,7385.88
2022Q4,2022-10-01 00:00:00,SMB,CUST-00610,2025-12-31,12,7385.88
2022Q4,2022-10-01 00:00:00,SMB,CUST-00610,2026-03-31,13,0.00
2022Q4,2022-10-01 00:00:00,SMB,CUST-00610,2026-06-30,14,0.00
2022Q4,2022-10-01 00:00:00,SMB,CUST-00631,2024-03-31,5,0.00
2022Q4,2022-10-01 00:00:00,SMB,CUST-00631,2024-06-30,6,0.00
2022Q4,2022-10-01 00:00:00,SMB,CUST-00631,2024-09-30,7,0.00
2022Q4,2022-10-01 00:00:00,SMB,CUST-00631,2024-12-31,8,0.00
2022Q4,2022-10-01 00:00:00,SMB,CUST-00631,2025-03-31,9,0.00
2022Q4,2022-10-01 00:00:00,SMB,CUST-00631,2025-06-30,10,0.00
2022Q4,2022-10-01 00:00:00,SMB,CUST-00631,2025-09-30,11,0.00
2022Q4,2022-10-01 00:00:00,SMB,CUST-00631,2025-12-31,12,0.00
2022Q4,2022-10-01 00:00:00,SMB,CUST-00631,2026-03-31,13,0.00
2022Q4,2022-10-01 00:00:00,SMB,CUST-00631,2026-06-30,14,0.00
2022Q4,2022-10-01 00:00:00,Mid-Market,CUST-00707,2024-03-31,5,13261.56
2022Q4,2022-10-01 00:00:00,Mid-Market,CUST-00707,2024-06-30,6,13261.56
2022Q4,2022-10-01 00:00:00,Mid-Market,CUST-00707,2024-09-30,7,13261.56
2022Q4,2022-10-01 00:00:00,Mid-Market,CUST-00707,2024-12-31,8,13765.56
2022Q4,2022-10-01 00:00:00,Mid-Market,CUST-00707,2025-03-31,9,15826.32
2022Q4,2022-10-01 00:00:00,Mid-Market,CUST-00707,2025-06-30,10,17887.20
2022Q4,2022-10-01 00:00:00,Mid-Market,CUST-00707,2025-09-30,11,17887.20
2022Q4,2022-10-01 00:00:00,Mid-Market,CUST-00707,2025-12-31,12,18481.92
2022Q4,2022-10-01 00:00:00,Mid-Market,CUST-00707,2026-03-31,13,21675.96
2022Q4,2022-10-01 00:00:00,Mid-Market,CUST-00707,2026-06-30,14,21675.96
2022Q4,2022-10-01 00:00:00,Mid-Market,CUST-00718,2024-03-31,5,0.00
2022Q4,2022-10-01 00:00:00,Mid-Market,CUST-00718,2024-06-30,6,0.00
2022Q4,2022-10-01 00:00:00,Mid-Market,CUST-00718,2024-09-30,7,0.00
2022Q4,2022-10-01 00:00:00,Mid-Market,CUST-00718,2024-12-31,8,0.00
2022Q4,2022-10-01 00:00:00,Mid-Market,CUST-00718,2025-03-31,9,0.00
2022Q4,2022-10-01 00:00:00,Mid-Market,CUST-00718,2025-06-30,10,0.00
2022Q4,2022-10-01 00:00:00,Mid-Market,CUST-00718,2025-09-30,11,0.00
2022Q4,2022-10-01 00:00:00,Mid-Market,CUST-00718,2025-12-31,12,0.00
2022Q4,2022-10-01 00:00:00,Mid-Market,CUST-00718,2026-03-31,13,0.00
2022Q4,2022-10-01 00:00:00,Mid-Market,CUST-00718,2026-06-30,14,0.00
2022Q4,2022-10-01 00:00:00,Mid-Market,CUST-00721,2024-03-31,5,0.00
2022Q4,2022-10-01 00:00:00,Mid-Market,CUST-00721,2024-06-30,6,0.00
2022Q4,2022-10-01 00:00:00,Mid-Market,CUST-00721,2024-09-30,7,0.00
2022Q4,2022-10-01 00:00:00,Mid-Market,CUST-00721,2024-12-31,8,0.00
2022Q4,2022-10-01 00:00:00,Mid-Market,CUST-00721,2025-03-31,9,0.00
2022Q4,2022-10-01 00:00:00,Mid-Market,CUST-00721,2025-06-30,10,0.00
2022Q4,2022-10-01 00:00:00,Mid-Market,CUST-00721,2025-09-30,11,0.00
2022Q4,2022-10-01 00:00:00,Mid-Market,CUST-00721,2025-12-31,12,0.00
2022Q4,2022-10-01 00:00:00,Mid-Market,CUST-00721,2026-03-31,13,0.00
2022Q4,2022-10-01 00:00:00,Mid-Market,CUST-00721,2026-06-30,14,0.00
2022Q4,2022-10-01 00:00:00,SMB,CUST-00605,2024-03-31,5,9813.96
2022Q4,2022-10-01 00:00:00,SMB,CUST-00605,2024-06-30,6,9813.96
2022Q4,2022-10-01 00:00:00,SMB,CUST-00605,2024-09-30,7,9813.96
2022Q4,2022-10-01 00:00:00,SMB,CUST-00605,2024-12-31,8,9813.96
2022Q4,2022-10-01 00:00:00,SMB,CUST-00605,2025-03-31,9,13739.52
2022Q4,2022-10-01 00:00:00,SMB,CUST-00605,2025-06-30,10,13739.52
2022Q4,2022-10-01 00:00:00,SMB,CUST-00605,2025-09-30,11,13739.52
2022Q4,2022-10-01 00:00:00,SMB,CUST-00605,2025-12-31,12,0.00
2022Q4,2022-10-01 00:00:00,SMB,CUST-00605,2026-03-31,13,0.00
2022Q4,2022-10-01 00:00:00,SMB,CUST-00605,2026-06-30,14,0.00
2022Q4,2022-10-01 00:00:00,SMB,CUST-00615,2024-03-31,5,9715.80
2022Q4,2022-10-01 00:00:00,SMB,CUST-00615,2024-06-30,6,9715.80
2022Q4,2022-10-01 00:00:00,SMB,CUST-00615,2024-09-30,7,9715.80
2022Q4,2022-10-01 00:00:00,SMB,CUST-00615,2024-12-31,8,9715.80
2022Q4,2022-10-01 00:00:00,SMB,CUST-00615,2025-03-31,9,9715.80
2022Q4,2022-10-01 00:00:00,SMB,CUST-00615,2025-06-30,10,9715.80
2022Q4,2022-10-01 00:00:00,SMB,CUST-00615,2025-09-30,11,9715.80
2022Q4,2022-10-01 00:00:00,SMB,CUST-00615,2025-12-31,12,9715.80
2022Q4,2022-10-01 00:00:00,SMB,CUST-00615,2026-03-31,13,0.00
2022Q4,2022-10-01 00:00:00,SMB,CUST-00615,2026-06-30,14,0.00
2022Q4,2022-10-01 00:00:00,SMB,CUST-00622,2024-03-31,5,886.68
2022Q4,2022-10-01 00:00:00,SMB,CUST-00622,2024-06-30,6,886.68
2022Q4,2022-10-01 00:00:00,SMB,CUST-00622,2024-09-30,7,886.68
2022Q4,2022-10-01 00:00:00,SMB,CUST-00622,2024-12-31,8,886.68
2022Q4,2022-10-01 00:00:00,SMB,CUST-00622,2025-03-31,9,886.68
2022Q4,2022-10-01 00:00:00,SMB,CUST-00622,2025-06-30,10,886.68
2022Q4,2022-10-01 00:00:00,SMB,CUST-00622,2025-09-30,11,886.68
2022Q4,2022-10-01 00:00:00,SMB,CUST-00622,2025-12-31,12,886.68
2022Q4,2022-10-01 00:00:00,SMB,CUST-00622,2026-03-31,13,886.68
2022Q4,2022-10-01 00:00:00,SMB,CUST-00622,2026-06-30,14,886.68
2022Q4,2022-10-01 00:00:00,SMB,CUST-00637,2024-03-31,5,1789.32
2022Q4,2022-10-01 00:00:00,SMB,CUST-00637,2024-06-30,6,1789.32
2022Q4,2022-10-01 00:00:00,SMB,CUST-00637,2024-09-30,7,2505.12
2022Q4,2022-10-01 00:00:00,SMB,CUST-00637,2024-12-31,8,2505.12
2022Q4,2022-10-01 00:00:00,SMB,CUST-00637,2025-03-31,9,2505.12
2022Q4,2022-10-01 00:00:00,SMB,CUST-00637,2025-06-30,10,2505.12
2022Q4,2022-10-01 00:00:00,SMB,CUST-00637,2025-09-30,11,2505.12
2022Q4,2022-10-01 00:00:00,SMB,CUST-00637,2025-12-31,12,3340.20
2022Q4,2022-10-01 00:00:00,SMB,CUST-00637,2026-03-31,13,3340.20
2022Q4,2022-10-01 00:00:00,SMB,CUST-00637,2026-06-30,14,3340.20
2022Q4,2022-10-01 00:00:00,SMB,CUST-00649,2024-03-31,5,0.00
2022Q4,2022-10-01 00:00:00,SMB,CUST-00649,2024-06-30,6,0.00
2022Q4,2022-10-01 00:00:00,SMB,CUST-00649,2024-09-30,7,0.00
2022Q4,2022-10-01 00:00:00,SMB,CUST-00649,2024-12-31,8,0.00
2022Q4,2022-10-01 00:00:00,SMB,CUST-00649,2025-03-31,9,0.00
2022Q4,2022-10-01 00:00:00,SMB,CUST-00649,2025-06-30,10,0.00
2022Q4,2022-10-01 00:00:00,SMB,CUST-00649,2025-09-30,11,0.00
2022Q4,2022-10-01 00:00:00,SMB,CUST-00649,2025-12-31,12,0.00
2022Q4,2022-10-01 00:00:00,SMB,CUST-00649,2026-03-31,13,0.00
2022Q4,2022-10-01 00:00:00,SMB,CUST-00649,2026-06-30,14,0.00
2022Q4,2022-10-01 00:00:00,Mid-Market,CUST-00701,2024-03-31,5,21355.92
2022Q4,2022-10-01 00:00:00,Mid-Market,CUST-00701,2024-06-30,6,21355.92
2022Q4,2022-10-01 00:00:00,Mid-Market,CUST-00701,2024-09-30,7,21355.92
2022Q4,2022-10-01 00:00:00,Mid-Market,CUST-00701,2024-12-31,8,0.00
2022Q4,2022-10-01 00:00:00,SMB,CUST-00616,2025-03-31,9,2516.16
2022Q4,2022-10-01 00:00:00,SMB,CUST-00616,2025-06-30,10,2516.16
2022Q4,2022-10-01 00:00:00,SMB,CUST-00616,2025-09-30,11,5014.20
2022Q4,2022-10-01 00:00:00,SMB,CUST-00616,2025-12-31,12,5014.20
2022Q4,2022-10-01 00:00:00,SMB,CUST-00616,2026-03-31,13,5014.20
2022Q4,2022-10-01 00:00:00,SMB,CUST-00616,2026-06-30,14,5014.20
2022Q4,2022-10-01 00:00:00,SMB,CUST-00621,2024-03-31,5,10221.72
2022Q4,2022-10-01 00:00:00,SMB,CUST-00621,2024-06-30,6,10221.72
2022Q4,2022-10-01 00:00:00,SMB,CUST-00621,2024-09-30,7,10221.72
2022Q4,2022-10-01 00:00:00,SMB,CUST-00621,2024-12-31,8,10221.72
2022Q4,2022-10-01 00:00:00,SMB,CUST-00621,2025-03-31,9,10221.72
2022Q4,2022-10-01 00:00:00,SMB,CUST-00621,2025-06-30,10,0.00
2022Q4,2022-10-01 00:00:00,SMB,CUST-00621,2025-09-30,11,0.00
2022Q4,2022-10-01 00:00:00,SMB,CUST-00621,2025-12-31,12,0.00
2022Q4,2022-10-01 00:00:00,SMB,CUST-00621,2026-03-31,13,0.00
2022Q4,2022-10-01 00:00:00,SMB,CUST-00621,2026-06-30,14,0.00
2022Q4,2022-10-01 00:00:00,SMB,CUST-00633,2024-03-31,5,3500.76
2022Q4,2022-10-01 00:00:00,SMB,CUST-00633,2024-06-30,6,3500.76
2022Q4,2022-10-01 00:00:00,SMB,CUST-00633,2024-09-30,7,3500.76
2022Q4,2022-10-01 00:00:00,SMB,CUST-00633,2024-12-31,8,3500.76
2022Q4,2022-10-01 00:00:00,SMB,CUST-00633,2025-03-31,9,3500.76
2022Q4,2022-10-01 00:00:00,SMB,CUST-00633,2025-06-30,10,3500.76
2022Q4,2022-10-01 00:00:00,SMB,CUST-00633,2025-09-30,11,3500.76
2022Q4,2022-10-01 00:00:00,SMB,CUST-00633,2025-12-31,12,3500.76
2022Q4,2022-10-01 00:00:00,SMB,CUST-00633,2026-03-31,13,3500.76
2022Q4,2022-10-01 00:00:00,SMB,CUST-00633,2026-06-30,14,3500.76
2022Q4,2022-10-01 00:00:00,Mid-Market,CUST-00702,2024-03-31,5,29649.00
2022Q4,2022-10-01 00:00:00,Mid-Market,CUST-00702,2024-06-30,6,29649.00
2022Q4,2022-10-01 00:00:00,Mid-Market,CUST-00702,2024-09-30,7,29649.00
2022Q4,2022-10-01 00:00:00,Mid-Market,CUST-00702,2024-12-31,8,30726.96
2022Q4,2022-10-01 00:00:00,Mid-Market,CUST-00702,2025-03-31,9,30726.96
2022Q4,2022-10-01 00:00:00,Mid-Market,CUST-00702,2025-06-30,10,42337.20
2022Q4,2022-10-01 00:00:00,Mid-Market,CUST-00702,2025-09-30,11,42337.20
2022Q4,2022-10-01 00:00:00,Mid-Market,CUST-00702,2025-12-31,12,31671.12
2022Q4,2022-10-01 00:00:00,Mid-Market,CUST-00702,2026-03-31,13,31671.12
2022Q4,2022-10-01 00:00:00,Mid-Market,CUST-00702,2026-06-30,14,44339.52
2022Q4,2022-10-01 00:00:00,Mid-Market,CUST-00724,2024-03-31,5,0.00
2022Q4,2022-10-01 00:00:00,Mid-Market,CUST-00724,2024-06-30,6,0.00
2022Q4,2022-10-01 00:00:00,Mid-Market,CUST-00724,2024-09-30,7,0.00
2022Q4,2022-10-01 00:00:00,Mid-Market,CUST-00724,2024-12-31,8,0.00
2022Q4,2022-10-01 00:00:00,Mid-Market,CUST-00724,2025-03-31,9,0.00
2022Q4,2022-10-01 00:00:00,Mid-Market,CUST-00724,2025-06-30,10,0.00
2022Q4,2022-10-01 00:00:00,Mid-Market,CUST-00724,2025-09-30,11,0.00
2022Q4,2022-10-01 00:00:00,Mid-Market,CUST-00724,2025-12-31,12,0.00
2022Q4,2022-10-01 00:00:00,Mid-Market,CUST-00724,2026-03-31,13,0.00
2022Q4,2022-10-01 00:00:00,Mid-Market,CUST-00724,2026-06-30,14,0.00
2022Q4,2022-10-01 00:00:00,SMB,CUST-00577,2024-03-31,5,6908.88
2022Q4,2022-10-01 00:00:00,SMB,CUST-00577,2024-06-30,6,6908.88
2022Q4,2022-10-01 00:00:00,SMB,CUST-00577,2024-09-30,7,6908.88
2022Q4,2022-10-01 00:00:00,SMB,CUST-00577,2024-12-31,8,6908.88
2022Q4,2022-10-01 00:00:00,SMB,CUST-00577,2025-03-31,9,6908.88
2022Q4,2022-10-01 00:00:00,SMB,CUST-00577,2025-06-30,10,6908.88
2022Q4,2022-10-01 00:00:00,SMB,CUST-00577,2025-09-30,11,6908.88
2022Q4,2022-10-01 00:00:00,SMB,CUST-00577,2025-12-31,12,6908.88
2022Q4,2022-10-01 00:00:00,SMB,CUST-00577,2026-03-31,13,0.00
2022Q4,2022-10-01 00:00:00,SMB,CUST-00577,2026-06-30,14,0.00
2022Q4,2022-10-01 00:00:00,SMB,CUST-00585,2024-03-31,5,6257.40
2022Q4,2022-10-01 00:00:00,SMB,CUST-00585,2024-06-30,6,6257.40
2022Q4,2022-10-01 00:00:00,SMB,CUST-00585,2024-09-30,7,8234.04
2022Q4,2022-10-01 00:00:00,SMB,CUST-00585,2024-12-31,8,5157.36
2022Q4,2022-10-01 00:00:00,SMB,CUST-00585,2025-03-31,9,5157.36
2022Q4,2022-10-01 00:00:00,SMB,CUST-00585,2025-06-30,10,5157.36
2022Q4,2022-10-01 00:00:00,SMB,CUST-00585,2025-09-30,11,5157.36
2022Q4,2022-10-01 00:00:00,SMB,CUST-00585,2025-12-31,12,5380.68
2022Q4,2022-10-01 00:00:00,SMB,CUST-00585,2026-03-31,13,5380.68
2022Q4,2022-10-01 00:00:00,SMB,CUST-00585,2026-06-30,14,5380.68
2022Q4,2022-10-01 00:00:00,SMB,CUST-00588,2024-03-31,5,8896.80
2022Q4,2022-10-01 00:00:00,SMB,CUST-00588,2024-06-30,6,8896.80
2022Q4,2022-10-01 00:00:00,SMB,CUST-00588,2024-09-30,7,8896.80
2022Q4,2022-10-01 00:00:00,SMB,CUST-00588,2024-12-31,8,8896.80
2022Q4,2022-10-01 00:00:00,SMB,CUST-00588,2025-03-31,9,8896.80
2022Q4,2022-10-01 00:00:00,SMB,CUST-00588,2025-06-30,10,8896.80
2022Q4,2022-10-01 00:00:00,SMB,CUST-00588,2025-09-30,11,11090.64
2022Q4,2022-10-01 00:00:00,SMB,CUST-00588,2025-12-31,12,11090.64
2022Q4,2022-10-01 00:00:00,SMB,CUST-00588,2026-03-31,13,11090.64
2022Q4,2022-10-01 00:00:00,SMB,CUST-00588,2026-06-30,14,0.00
2022Q4,2022-10-01 00:00:00,SMB,CUST-00590,2024-03-31,5,9100.32
2022Q4,2022-10-01 00:00:00,SMB,CUST-00590,2024-06-30,6,9100.32
2022Q4,2022-10-01 00:00:00,SMB,CUST-00590,2024-09-30,7,9100.32
2022Q4,2022-10-01 00:00:00,SMB,CUST-00590,2024-12-31,8,0.00
2022Q4,2022-10-01 00:00:00,SMB,CUST-00590,2025-03-31,9,0.00
2022Q4,2022-10-01 00:00:00,SMB,CUST-00590,2025-06-30,10,0.00
2022Q4,2022-10-01 00:00:00,SMB,CUST-00590,2025-09-30,11,0.00
2022Q4,2022-10-01 00:00:00,SMB,CUST-00590,2025-12-31,12,0.00
2022Q4,2022-10-01 00:00:00,SMB,CUST-00590,2026-03-31,13,0.00
2022Q4,2022-10-01 00:00:00,SMB,CUST-00590,2026-06-30,14,0.00
2022Q4,2022-10-01 00:00:00,SMB,CUST-00603,2024-03-31,5,8793.24
2022Q4,2022-10-01 00:00:00,SMB,CUST-00603,2024-06-30,6,12310.56
2022Q4,2022-10-01 00:00:00,SMB,CUST-00603,2024-09-30,7,12310.56
2022Q4,2022-10-01 00:00:00,SMB,CUST-00603,2024-12-31,8,9207.12
2022Q4,2022-10-01 00:00:00,SMB,CUST-00603,2025-03-31,9,9207.12
2022Q4,2022-10-01 00:00:00,SMB,CUST-00603,2025-06-30,10,9207.12
2022Q4,2022-10-01 00:00:00,SMB,CUST-00603,2025-09-30,11,9207.12
2022Q4,2022-10-01 00:00:00,SMB,CUST-00603,2025-12-31,12,9565.56
2022Q4,2022-10-01 00:00:00,SMB,CUST-00603,2026-03-31,13,9565.56
2022Q4,2022-10-01 00:00:00,SMB,CUST-00603,2026-06-30,14,9565.56
2022Q4,2022-10-01 00:00:00,Mid-Market,CUST-00709,2024-03-31,5,46804.56
2022Q4,2022-10-01 00:00:00,Mid-Market,CUST-00709,2024-06-30,6,46804.56
2022Q4,2022-10-01 00:00:00,Mid-Market,CUST-00709,2024-09-30,7,65526.36
2022Q4,2022-10-01 00:00:00,Mid-Market,CUST-00709,2024-12-31,8,49027.44
2022Q4,2022-10-01 00:00:00,Mid-Market,CUST-00709,2025-03-31,9,49027.44
2022Q4,2022-10-01 00:00:00,Mid-Market,CUST-00709,2025-06-30,10,49027.44
2022Q4,2022-10-01 00:00:00,Mid-Market,CUST-00709,2025-09-30,11,49027.44
2022Q4,2022-10-01 00:00:00,Mid-Market,CUST-00709,2025-12-31,12,49025.52
2022Q4,2022-10-01 00:00:00,Mid-Market,CUST-00709,2026-03-31,13,49025.52
2022Q4,2022-10-01 00:00:00,Mid-Market,CUST-00709,2026-06-30,14,59817.12
2022Q4,2022-10-01 00:00:00,Mid-Market,CUST-00712,2024-03-31,5,8424.60
2022Q4,2022-10-01 00:00:00,Mid-Market,CUST-00712,2024-06-30,6,8424.60
2022Q4,2022-10-01 00:00:00,Mid-Market,CUST-00712,2024-09-30,7,8424.60
2022Q4,2022-10-01 00:00:00,Mid-Market,CUST-00712,2024-12-31,8,8424.60
2022Q4,2022-10-01 00:00:00,Mid-Market,CUST-00712,2025-03-31,9,8715.36
2022Q4,2022-10-01 00:00:00,Mid-Market,CUST-00712,2025-06-30,10,8715.36
2022Q4,2022-10-01 00:00:00,Mid-Market,CUST-00712,2025-09-30,11,12201.48
2022Q4,2022-10-01 00:00:00,Mid-Market,CUST-00712,2025-12-31,12,12201.48
2022Q4,2022-10-01 00:00:00,Mid-Market,CUST-00712,2026-03-31,13,8984.16
2022Q4,2022-10-01 00:00:00,Mid-Market,CUST-00712,2026-06-30,14,8984.16
2022Q4,2022-10-01 00:00:00,Enterprise,CUST-00736,2024-03-31,5,174923.40
2022Q4,2022-10-01 00:00:00,Enterprise,CUST-00736,2024-06-30,6,244892.76
2022Q4,2022-10-01 00:00:00,Enterprise,CUST-00736,2024-09-30,7,244892.76
2022Q4,2022-10-01 00:00:00,Enterprise,CUST-00736,2024-12-31,8,183108.12
2022Q4,2022-10-01 00:00:00,Enterprise,CUST-00736,2025-03-31,9,183108.12
2022Q4,2022-10-01 00:00:00,Enterprise,CUST-00736,2025-06-30,10,197512.08
2022Q4,2022-10-01 00:00:00,Enterprise,CUST-00736,2025-09-30,11,197512.08
2022Q4,2022-10-01 00:00:00,Enterprise,CUST-00736,2025-12-31,12,188665.92
2022Q4,2022-10-01 00:00:00,Enterprise,CUST-00736,2026-03-31,13,188665.92
2022Q4,2022-10-01 00:00:00,Enterprise,CUST-00736,2026-06-30,14,278973.48
2022Q4,2022-10-01 00:00:00,Enterprise,CUST-00738,2024-03-31,5,101037.24
2022Q4,2022-10-01 00:00:00,Enterprise,CUST-00738,2024-06-30,6,101037.24
2022Q4,2022-10-01 00:00:00,Enterprise,CUST-00738,2024-09-30,7,101037.24
2022Q4,2022-10-01 00:00:00,Enterprise,CUST-00738,2024-12-31,8,101037.24
2022Q4,2022-10-01 00:00:00,Enterprise,CUST-00738,2025-03-31,9,143560.68
2022Q4,2022-10-01 00:00:00,Enterprise,CUST-00738,2025-06-30,10,154360.44
2022Q4,2022-10-01 00:00:00,Enterprise,CUST-00738,2025-09-30,11,154360.44
2022Q4,2022-10-01 00:00:00,Enterprise,CUST-00738,2025-12-31,12,154360.44
2022Q4,2022-10-01 00:00:00,Enterprise,CUST-00738,2026-03-31,13,161533.68
2022Q4,2022-10-01 00:00:00,Enterprise,CUST-00738,2026-06-30,14,161533.68
2022Q4,2022-10-01 00:00:00,SMB,CUST-00635,2025-03-31,9,0.00
2022Q4,2022-10-01 00:00:00,SMB,CUST-00635,2025-06-30,10,0.00
2022Q4,2022-10-01 00:00:00,SMB,CUST-00635,2025-09-30,11,0.00
2022Q4,2022-10-01 00:00:00,SMB,CUST-00635,2025-12-31,12,0.00
2022Q4,2022-10-01 00:00:00,SMB,CUST-00635,2026-03-31,13,0.00
2022Q4,2022-10-01 00:00:00,SMB,CUST-00635,2026-06-30,14,0.00
2022Q4,2022-10-01 00:00:00,SMB,CUST-00642,2024-03-31,5,9397.08
2022Q4,2022-10-01 00:00:00,SMB,CUST-00642,2024-06-30,6,9397.08
2022Q4,2022-10-01 00:00:00,SMB,CUST-00642,2024-09-30,7,9397.08
2022Q4,2022-10-01 00:00:00,SMB,CUST-00642,2024-12-31,8,9397.08
2022Q4,2022-10-01 00:00:00,SMB,CUST-00642,2025-03-31,9,8143.68
2022Q4,2022-10-01 00:00:00,SMB,CUST-00642,2025-06-30,10,8143.68
2022Q4,2022-10-01 00:00:00,SMB,CUST-00642,2025-09-30,11,8143.68
2022Q4,2022-10-01 00:00:00,SMB,CUST-00642,2025-12-31,12,8143.68
2022Q4,2022-10-01 00:00:00,SMB,CUST-00642,2026-03-31,13,8409.24
2022Q4,2022-10-01 00:00:00,SMB,CUST-00642,2026-06-30,14,8409.24
2022Q4,2022-10-01 00:00:00,Mid-Market,CUST-00713,2024-03-31,5,11101.20
2022Q4,2022-10-01 00:00:00,Mid-Market,CUST-00713,2024-06-30,6,12110.40
2022Q4,2022-10-01 00:00:00,Mid-Market,CUST-00713,2024-09-30,7,12110.40
2022Q4,2022-10-01 00:00:00,Mid-Market,CUST-00713,2024-12-31,8,12110.40
2022Q4,2022-10-01 00:00:00,Mid-Market,CUST-00713,2025-03-31,9,0.00
2022Q4,2022-10-01 00:00:00,Mid-Market,CUST-00713,2025-06-30,10,0.00
2022Q4,2022-10-01 00:00:00,Mid-Market,CUST-00713,2025-09-30,11,0.00
2022Q4,2022-10-01 00:00:00,Mid-Market,CUST-00713,2025-12-31,12,0.00
2022Q4,2022-10-01 00:00:00,SMB,CUST-00620,2025-03-31,9,3794.64
2022Q4,2022-10-01 00:00:00,SMB,CUST-00620,2025-06-30,10,4589.16
2022Q4,2022-10-01 00:00:00,SMB,CUST-00620,2025-09-30,11,4589.16
2022Q4,2022-10-01 00:00:00,SMB,CUST-00620,2025-12-31,12,4589.16
2022Q4,2022-10-01 00:00:00,SMB,CUST-00620,2026-03-31,13,4589.16
2022Q4,2022-10-01 00:00:00,SMB,CUST-00620,2026-06-30,14,4589.16
2022Q4,2022-10-01 00:00:00,Mid-Market,CUST-00723,2024-03-31,5,15990.24
2022Q4,2022-10-01 00:00:00,Mid-Market,CUST-00723,2024-06-30,6,15990.24
2022Q4,2022-10-01 00:00:00,Mid-Market,CUST-00723,2024-09-30,7,15990.24
2022Q4,2022-10-01 00:00:00,Mid-Market,CUST-00723,2024-12-31,8,15990.24
2022Q4,2022-10-01 00:00:00,Mid-Market,CUST-00723,2025-03-31,9,11421.96
2022Q4,2022-10-01 00:00:00,Mid-Market,CUST-00723,2025-06-30,10,11421.96
2022Q4,2022-10-01 00:00:00,Mid-Market,CUST-00723,2025-09-30,11,11421.96
2022Q4,2022-10-01 00:00:00,Mid-Market,CUST-00723,2025-12-31,12,11421.96
2022Q4,2022-10-01 00:00:00,Mid-Market,CUST-00723,2026-03-31,13,11802.48
2022Q4,2022-10-01 00:00:00,Mid-Market,CUST-00723,2026-06-30,14,11802.48
2022Q4,2022-10-01 00:00:00,SMB,CUST-00595,2024-03-31,5,2318.40
2022Q4,2022-10-01 00:00:00,SMB,CUST-00595,2024-06-30,6,2318.40
2022Q4,2022-10-01 00:00:00,SMB,CUST-00595,2024-09-30,7,2318.40
2022Q4,2022-10-01 00:00:00,SMB,CUST-00595,2024-12-31,8,2318.40
2022Q4,2022-10-01 00:00:00,SMB,CUST-00595,2025-03-31,9,2318.40
2022Q4,2022-10-01 00:00:00,SMB,CUST-00595,2025-06-30,10,2318.40
2022Q4,2022-10-01 00:00:00,SMB,CUST-00595,2025-09-30,11,2318.40
2022Q4,2022-10-01 00:00:00,SMB,CUST-00595,2025-12-31,12,2318.40
2022Q4,2022-10-01 00:00:00,SMB,CUST-00595,2026-03-31,13,2318.40
2022Q4,2022-10-01 00:00:00,SMB,CUST-00595,2026-06-30,14,2318.40
2022Q4,2022-10-01 00:00:00,SMB,CUST-00601,2024-03-31,5,11900.40
2022Q4,2022-10-01 00:00:00,SMB,CUST-00601,2024-06-30,6,11900.40
2022Q4,2022-10-01 00:00:00,SMB,CUST-00601,2024-09-30,7,11900.40
2022Q4,2022-10-01 00:00:00,SMB,CUST-00601,2024-12-31,8,11900.40
2022Q4,2022-10-01 00:00:00,SMB,CUST-00601,2025-03-31,9,11900.40
2022Q4,2022-10-01 00:00:00,SMB,CUST-00601,2025-06-30,10,11900.40
2022Q4,2022-10-01 00:00:00,SMB,CUST-00601,2025-09-30,11,11900.40
2022Q4,2022-10-01 00:00:00,SMB,CUST-00601,2025-12-31,12,11900.40
2022Q4,2022-10-01 00:00:00,SMB,CUST-00601,2026-03-31,13,11900.40
2022Q4,2022-10-01 00:00:00,SMB,CUST-00601,2026-06-30,14,11900.40
2022Q4,2022-10-01 00:00:00,SMB,CUST-00619,2024-03-31,5,1188.24
2022Q4,2022-10-01 00:00:00,SMB,CUST-00619,2024-06-30,6,1188.24
2022Q4,2022-10-01 00:00:00,SMB,CUST-00619,2024-09-30,7,1188.24
2022Q4,2022-10-01 00:00:00,SMB,CUST-00619,2024-12-31,8,1188.24
2022Q4,2022-10-01 00:00:00,SMB,CUST-00619,2025-03-31,9,1230.00
2022Q4,2022-10-01 00:00:00,SMB,CUST-00619,2025-06-30,10,1230.00
2022Q4,2022-10-01 00:00:00,SMB,CUST-00619,2025-09-30,11,1230.00
2022Q4,2022-10-01 00:00:00,SMB,CUST-00619,2025-12-31,12,1230.00
2022Q4,2022-10-01 00:00:00,SMB,CUST-00619,2026-03-31,13,1276.20
2022Q4,2022-10-01 00:00:00,SMB,CUST-00619,2026-06-30,14,1914.24
2022Q4,2022-10-01 00:00:00,SMB,CUST-00630,2024-03-31,5,10980.84
2022Q4,2022-10-01 00:00:00,SMB,CUST-00630,2024-06-30,6,10980.84
2022Q4,2022-10-01 00:00:00,SMB,CUST-00630,2024-09-30,7,10980.84
2022Q4,2022-10-01 00:00:00,SMB,CUST-00630,2024-12-31,8,9412.20
2022Q4,2022-10-01 00:00:00,SMB,CUST-00630,2025-03-31,9,9412.20
2022Q4,2022-10-01 00:00:00,SMB,CUST-00630,2025-06-30,10,10980.84
2022Q4,2022-10-01 00:00:00,SMB,CUST-00630,2025-09-30,11,10980.84
2022Q4,2022-10-01 00:00:00,SMB,CUST-00630,2025-12-31,12,10980.84
2022Q4,2022-10-01 00:00:00,SMB,CUST-00630,2026-03-31,13,10980.84
2022Q4,2022-10-01 00:00:00,SMB,CUST-00630,2026-06-30,14,10980.84
2022Q4,2022-10-01 00:00:00,Mid-Market,CUST-00703,2024-03-31,5,11201.28
2022Q4,2022-10-01 00:00:00,Mid-Market,CUST-00703,2024-06-30,6,11201.28
2022Q4,2022-10-01 00:00:00,Mid-Market,CUST-00703,2024-09-30,7,11201.28
2022Q4,2022-10-01 00:00:00,Mid-Market,CUST-00703,2024-12-31,8,11648.76
2022Q4,2022-10-01 00:00:00,Mid-Market,CUST-00703,2025-03-31,9,11648.76
2022Q4,2022-10-01 00:00:00,Mid-Market,CUST-00703,2025-06-30,10,11648.76
2022Q4,2022-10-01 00:00:00,Mid-Market,CUST-00703,2025-09-30,11,11648.76
2022Q4,2022-10-01 00:00:00,Mid-Market,CUST-00703,2025-12-31,12,12138.84
2022Q4,2022-10-01 00:00:00,SMB,CUST-00626,2024-09-30,7,7619.04
2022Q4,2022-10-01 00:00:00,SMB,CUST-00626,2024-12-31,8,7619.04
2022Q4,2022-10-01 00:00:00,SMB,CUST-00626,2025-03-31,9,7619.04
2022Q4,2022-10-01 00:00:00,SMB,CUST-00626,2025-06-30,10,7619.04
2022Q4,2022-10-01 00:00:00,SMB,CUST-00626,2025-09-30,11,7619.04
2022Q4,2022-10-01 00:00:00,SMB,CUST-00626,2025-12-31,12,7619.04
2022Q4,2022-10-01 00:00:00,SMB,CUST-00626,2026-03-31,13,8465.52
2022Q4,2022-10-01 00:00:00,SMB,CUST-00626,2026-06-30,14,8465.52
2022Q4,2022-10-01 00:00:00,SMB,CUST-00607,2024-03-31,5,15790.80
2022Q4,2022-10-01 00:00:00,SMB,CUST-00607,2024-06-30,6,15790.80
2022Q4,2022-10-01 00:00:00,SMB,CUST-00607,2024-09-30,7,15790.80
2022Q4,2022-10-01 00:00:00,SMB,CUST-00607,2024-12-31,8,17329.20
2022Q4,2022-10-01 00:00:00,SMB,CUST-00607,2025-03-31,9,17329.20
2022Q4,2022-10-01 00:00:00,SMB,CUST-00607,2025-06-30,10,17329.20
2022Q4,2022-10-01 00:00:00,SMB,CUST-00607,2025-09-30,11,19928.52
2022Q4,2022-10-01 00:00:00,SMB,CUST-00607,2025-12-31,12,0.00
2022Q4,2022-10-01 00:00:00,SMB,CUST-00607,2026-03-31,13,0.00
2022Q4,2022-10-01 00:00:00,SMB,CUST-00607,2026-06-30,14,0.00
2022Q4,2022-10-01 00:00:00,SMB,CUST-00645,2024-03-31,5,1221.12
2022Q4,2022-10-01 00:00:00,SMB,CUST-00599,2024-03-31,5,2546.04
2022Q4,2022-10-01 00:00:00,SMB,CUST-00599,2024-06-30,6,2546.04
2022Q4,2022-10-01 00:00:00,SMB,CUST-00599,2024-09-30,7,2546.04
2022Q4,2022-10-01 00:00:00,SMB,CUST-00599,2024-12-31,8,2630.04
2022Q4,2022-10-01 00:00:00,SMB,CUST-00599,2025-03-31,9,2630.04
2022Q4,2022-10-01 00:00:00,SMB,CUST-00599,2025-06-30,10,2630.04
2022Q4,2022-10-01 00:00:00,SMB,CUST-00599,2025-09-30,11,2630.04
2022Q4,2022-10-01 00:00:00,SMB,CUST-00599,2025-12-31,12,2713.20
2022Q4,2022-10-01 00:00:00,SMB,CUST-00599,2026-03-31,13,2713.20
2022Q4,2022-10-01 00:00:00,SMB,CUST-00599,2026-06-30,14,2713.20
2022Q4,2022-10-01 00:00:00,SMB,CUST-00602,2024-03-31,5,2572.08
2022Q4,2022-10-01 00:00:00,SMB,CUST-00602,2024-06-30,6,2572.08
2022Q4,2022-10-01 00:00:00,SMB,CUST-00602,2024-09-30,7,2572.08
2022Q4,2022-10-01 00:00:00,SMB,CUST-00602,2024-12-31,8,2572.08
2022Q4,2022-10-01 00:00:00,SMB,CUST-00602,2025-03-31,9,2572.08
2022Q4,2022-10-01 00:00:00,SMB,CUST-00602,2025-06-30,10,2572.08
2022Q4,2022-10-01 00:00:00,SMB,CUST-00602,2025-09-30,11,2572.08
2022Q4,2022-10-01 00:00:00,SMB,CUST-00602,2025-12-31,12,4314.48
2022Q4,2022-10-01 00:00:00,SMB,CUST-00602,2026-03-31,13,4314.48
2022Q4,2022-10-01 00:00:00,SMB,CUST-00602,2026-06-30,14,0.00
2022Q4,2022-10-01 00:00:00,SMB,CUST-00629,2024-03-31,5,4501.56
2022Q4,2022-10-01 00:00:00,SMB,CUST-00629,2024-06-30,6,4501.56
2022Q4,2022-10-01 00:00:00,SMB,CUST-00629,2024-09-30,7,4501.56
2022Q4,2022-10-01 00:00:00,SMB,CUST-00629,2024-12-31,8,6302.16
2022Q4,2022-10-01 00:00:00,SMB,CUST-00629,2025-03-31,9,6302.16
2022Q4,2022-10-01 00:00:00,SMB,CUST-00629,2025-06-30,10,6302.16
2022Q4,2022-10-01 00:00:00,SMB,CUST-00629,2025-09-30,11,0.00
2022Q4,2022-10-01 00:00:00,SMB,CUST-00629,2025-12-31,12,0.00
2022Q4,2022-10-01 00:00:00,SMB,CUST-00629,2026-03-31,13,0.00
2022Q4,2022-10-01 00:00:00,SMB,CUST-00629,2026-06-30,14,0.00
2022Q4,2022-10-01 00:00:00,SMB,CUST-00635,2024-03-31,5,4910.76
2022Q4,2022-10-01 00:00:00,SMB,CUST-00635,2024-06-30,6,0.00
2022Q4,2022-10-01 00:00:00,SMB,CUST-00635,2024-09-30,7,0.00
2022Q4,2022-10-01 00:00:00,SMB,CUST-00635,2024-12-31,8,0.00
2022Q4,2022-10-01 00:00:00,SMB,CUST-00589,2024-03-31,5,2961.48
2022Q4,2022-10-01 00:00:00,SMB,CUST-00589,2024-06-30,6,2961.48
2022Q4,2022-10-01 00:00:00,SMB,CUST-00589,2024-09-30,7,2961.48
2022Q4,2022-10-01 00:00:00,SMB,CUST-00589,2024-12-31,8,2961.60
2022Q4,2022-10-01 00:00:00,SMB,CUST-00589,2025-03-31,9,2961.60
2022Q4,2022-10-01 00:00:00,SMB,CUST-00589,2025-06-30,10,2961.60
2022Q4,2022-10-01 00:00:00,SMB,CUST-00589,2025-09-30,11,2961.60
2022Q4,2022-10-01 00:00:00,SMB,CUST-00589,2025-12-31,12,2961.48
2022Q4,2022-10-01 00:00:00,SMB,CUST-00589,2026-03-31,13,2961.48
2022Q4,2022-10-01 00:00:00,SMB,CUST-00589,2026-06-30,14,3553.80
2022Q4,2022-10-01 00:00:00,SMB,CUST-00592,2024-03-31,5,8814.72
2022Q4,2022-10-01 00:00:00,SMB,CUST-00592,2024-06-30,6,8814.72
2022Q4,2022-10-01 00:00:00,SMB,CUST-00592,2024-09-30,7,8814.72
2022Q4,2022-10-01 00:00:00,SMB,CUST-00592,2024-12-31,8,9152.88
2022Q4,2022-10-01 00:00:00,SMB,CUST-00592,2025-03-31,9,9152.88
2022Q4,2022-10-01 00:00:00,SMB,CUST-00592,2025-06-30,10,9152.88
2022Q4,2022-10-01 00:00:00,SMB,CUST-00592,2025-09-30,11,9152.88
2022Q4,2022-10-01 00:00:00,SMB,CUST-00592,2025-12-31,12,9439.68
2022Q4,2022-10-01 00:00:00,SMB,CUST-00592,2026-03-31,13,9439.68
2022Q4,2022-10-01 00:00:00,SMB,CUST-00592,2026-06-30,14,9439.68
2022Q4,2022-10-01 00:00:00,SMB,CUST-00644,2024-03-31,5,20101.32
2022Q4,2022-10-01 00:00:00,SMB,CUST-00644,2024-06-30,6,20101.32
2022Q4,2022-10-01 00:00:00,SMB,CUST-00644,2024-09-30,7,20101.32
2022Q4,2022-10-01 00:00:00,SMB,CUST-00644,2024-12-31,8,20101.32
2022Q4,2022-10-01 00:00:00,SMB,CUST-00644,2025-03-31,9,20101.32
2022Q4,2022-10-01 00:00:00,SMB,CUST-00644,2025-06-30,10,20101.32
2022Q4,2022-10-01 00:00:00,SMB,CUST-00644,2025-09-30,11,20101.32
2022Q4,2022-10-01 00:00:00,SMB,CUST-00644,2025-12-31,12,15913.56
2022Q4,2022-10-01 00:00:00,SMB,CUST-00644,2026-03-31,13,15913.56
2022Q4,2022-10-01 00:00:00,SMB,CUST-00644,2026-06-30,14,15913.56
2022Q4,2022-10-01 00:00:00,Mid-Market,CUST-00714,2024-03-31,5,0.00
2022Q4,2022-10-01 00:00:00,Mid-Market,CUST-00714,2024-06-30,6,0.00
2022Q4,2022-10-01 00:00:00,Mid-Market,CUST-00714,2024-09-30,7,0.00
2022Q4,2022-10-01 00:00:00,Mid-Market,CUST-00714,2024-12-31,8,0.00
2022Q4,2022-10-01 00:00:00,Mid-Market,CUST-00714,2025-03-31,9,0.00
2022Q4,2022-10-01 00:00:00,Mid-Market,CUST-00714,2025-06-30,10,0.00
2022Q4,2022-10-01 00:00:00,Mid-Market,CUST-00714,2025-09-30,11,0.00
2022Q4,2022-10-01 00:00:00,Mid-Market,CUST-00714,2025-12-31,12,0.00
2022Q4,2022-10-01 00:00:00,Mid-Market,CUST-00714,2026-03-31,13,0.00
2022Q4,2022-10-01 00:00:00,Mid-Market,CUST-00714,2026-06-30,14,0.00
2022Q4,2022-10-01 00:00:00,Mid-Market,CUST-00722,2024-03-31,5,41071.32
2022Q4,2022-10-01 00:00:00,Mid-Market,CUST-00722,2024-06-30,6,41071.32
2022Q4,2022-10-01 00:00:00,Mid-Market,CUST-00722,2024-09-30,7,41071.32
2022Q4,2022-10-01 00:00:00,Mid-Market,CUST-00722,2024-12-31,8,41071.32
2022Q4,2022-10-01 00:00:00,Mid-Market,CUST-00722,2025-03-31,9,41069.76
2022Q4,2022-10-01 00:00:00,Mid-Market,CUST-00722,2025-06-30,10,69772.80
2022Q4,2022-10-01 00:00:00,Mid-Market,CUST-00722,2025-09-30,11,69772.80
2022Q4,2022-10-01 00:00:00,Mid-Market,CUST-00722,2025-12-31,12,69772.80
2022Q4,2022-10-01 00:00:00,Mid-Market,CUST-00722,2026-03-31,13,66072.60
2022Q4,2022-10-01 00:00:00,Mid-Market,CUST-00722,2026-06-30,14,66072.60
2022Q4,2022-10-01 00:00:00,Mid-Market,CUST-00719,2024-03-31,5,129298.56
2022Q4,2022-10-01 00:00:00,Mid-Market,CUST-00719,2024-06-30,6,129298.56
2022Q4,2022-10-01 00:00:00,Mid-Market,CUST-00719,2024-09-30,7,129298.56
2022Q4,2022-10-01 00:00:00,Mid-Market,CUST-00719,2024-12-31,8,129298.56
2022Q4,2022-10-01 00:00:00,Mid-Market,CUST-00719,2025-03-31,9,129301.56
2022Q4,2022-10-01 00:00:00,Mid-Market,CUST-00719,2025-06-30,10,129301.56
2022Q4,2022-10-01 00:00:00,Mid-Market,CUST-00719,2025-09-30,11,153582.72
2022Q4,2022-10-01 00:00:00,Mid-Market,CUST-00719,2025-12-31,12,153582.72
2022Q4,2022-10-01 00:00:00,Mid-Market,CUST-00719,2026-03-31,13,153589.92
2022Q4,2022-10-01 00:00:00,Mid-Market,CUST-00719,2026-06-30,14,153589.92
2022Q4,2022-10-01 00:00:00,SMB,CUST-00645,2024-06-30,6,1221.12
2022Q4,2022-10-01 00:00:00,SMB,CUST-00645,2024-09-30,7,0.00
2022Q4,2022-10-01 00:00:00,SMB,CUST-00645,2024-12-31,8,0.00
2022Q4,2022-10-01 00:00:00,SMB,CUST-00645,2025-03-31,9,0.00
2022Q4,2022-10-01 00:00:00,SMB,CUST-00645,2025-06-30,10,0.00
2022Q4,2022-10-01 00:00:00,SMB,CUST-00645,2025-09-30,11,0.00
2022Q4,2022-10-01 00:00:00,SMB,CUST-00645,2025-12-31,12,0.00
2022Q4,2022-10-01 00:00:00,SMB,CUST-00645,2026-03-31,13,0.00
2022Q4,2022-10-01 00:00:00,SMB,CUST-00645,2026-06-30,14,0.00
2022Q4,2022-10-01 00:00:00,SMB,CUST-00609,2024-03-31,5,13157.16
2022Q4,2022-10-01 00:00:00,SMB,CUST-00609,2024-06-30,6,17515.20
2022Q4,2022-10-01 00:00:00,SMB,CUST-00609,2024-09-30,7,17515.20
2022Q4,2022-10-01 00:00:00,SMB,CUST-00609,2024-12-31,8,17515.20
2022Q4,2022-10-01 00:00:00,SMB,CUST-00609,2025-03-31,9,17515.20
2022Q4,2022-10-01 00:00:00,SMB,CUST-00609,2025-06-30,10,17515.20
2022Q4,2022-10-01 00:00:00,SMB,CUST-00609,2025-09-30,11,17515.20
2022Q4,2022-10-01 00:00:00,SMB,CUST-00609,2025-12-31,12,17515.20
2022Q4,2022-10-01 00:00:00,SMB,CUST-00609,2026-03-31,13,17515.20
2022Q4,2022-10-01 00:00:00,SMB,CUST-00609,2026-06-30,14,17515.20
2022Q4,2022-10-01 00:00:00,SMB,CUST-00617,2024-03-31,5,4909.80
2022Q4,2022-10-01 00:00:00,SMB,CUST-00617,2024-06-30,6,0.00
2022Q4,2022-10-01 00:00:00,SMB,CUST-00617,2024-09-30,7,0.00
2022Q4,2022-10-01 00:00:00,SMB,CUST-00617,2024-12-31,8,0.00
2022Q4,2022-10-01 00:00:00,SMB,CUST-00617,2025-03-31,9,0.00
2022Q4,2022-10-01 00:00:00,SMB,CUST-00617,2025-06-30,10,0.00
2022Q4,2022-10-01 00:00:00,SMB,CUST-00617,2025-09-30,11,0.00
2022Q4,2022-10-01 00:00:00,SMB,CUST-00617,2025-12-31,12,0.00
2022Q4,2022-10-01 00:00:00,Mid-Market,CUST-00701,2025-03-31,9,0.00
2022Q4,2022-10-01 00:00:00,Mid-Market,CUST-00701,2025-06-30,10,0.00
2022Q4,2022-10-01 00:00:00,Mid-Market,CUST-00701,2025-09-30,11,0.00
2022Q4,2022-10-01 00:00:00,Mid-Market,CUST-00701,2025-12-31,12,0.00
2022Q4,2022-10-01 00:00:00,Mid-Market,CUST-00701,2026-03-31,13,0.00
2022Q4,2022-10-01 00:00:00,Mid-Market,CUST-00701,2026-06-30,14,0.00
2022Q4,2022-10-01 00:00:00,Mid-Market,CUST-00704,2024-03-31,5,7400.52
2022Q4,2022-10-01 00:00:00,Mid-Market,CUST-00704,2024-06-30,6,7400.52
2022Q4,2022-10-01 00:00:00,Mid-Market,CUST-00704,2024-09-30,7,7400.52
2022Q4,2022-10-01 00:00:00,Mid-Market,CUST-00704,2024-12-31,8,7639.32
2022Q4,2022-10-01 00:00:00,SMB,CUST-00578,2025-03-31,9,0.00
2022Q4,2022-10-01 00:00:00,SMB,CUST-00578,2025-06-30,10,0.00
2022Q4,2022-10-01 00:00:00,SMB,CUST-00578,2025-09-30,11,0.00
2022Q4,2022-10-01 00:00:00,SMB,CUST-00578,2025-12-31,12,0.00
2022Q4,2022-10-01 00:00:00,SMB,CUST-00578,2026-03-31,13,0.00
2022Q4,2022-10-01 00:00:00,SMB,CUST-00578,2026-06-30,14,0.00
2022Q4,2022-10-01 00:00:00,SMB,CUST-00584,2024-03-31,5,4043.52
2022Q4,2022-10-01 00:00:00,SMB,CUST-00584,2024-06-30,6,4043.52
2022Q4,2022-10-01 00:00:00,SMB,CUST-00584,2024-09-30,7,4043.52
2022Q4,2022-10-01 00:00:00,SMB,CUST-00584,2024-12-31,8,4043.52
2022Q4,2022-10-01 00:00:00,SMB,CUST-00584,2025-03-31,9,4043.52
2022Q4,2022-10-01 00:00:00,SMB,CUST-00584,2025-06-30,10,4043.52
2022Q4,2022-10-01 00:00:00,SMB,CUST-00584,2025-09-30,11,4043.52
2022Q4,2022-10-01 00:00:00,SMB,CUST-00584,2025-12-31,12,4043.52
2022Q4,2022-10-01 00:00:00,SMB,CUST-00584,2026-03-31,13,7076.28
2022Q4,2022-10-01 00:00:00,SMB,CUST-00584,2026-06-30,14,7076.28
2022Q4,2022-10-01 00:00:00,SMB,CUST-00616,2024-03-31,5,2516.16
2022Q4,2022-10-01 00:00:00,SMB,CUST-00616,2024-06-30,6,2516.16
2022Q4,2022-10-01 00:00:00,SMB,CUST-00616,2024-09-30,7,2516.16
2022Q4,2022-10-01 00:00:00,SMB,CUST-00616,2024-12-31,8,2516.16
2022Q4,2022-10-01 00:00:00,SMB,CUST-00617,2026-03-31,13,0.00
2022Q4,2022-10-01 00:00:00,SMB,CUST-00617,2026-06-30,14,0.00
2022Q4,2022-10-01 00:00:00,SMB,CUST-00638,2024-03-31,5,0.00
2022Q4,2022-10-01 00:00:00,SMB,CUST-00638,2024-06-30,6,0.00
2022Q4,2022-10-01 00:00:00,SMB,CUST-00591,2024-09-30,7,0.00
2022Q4,2022-10-01 00:00:00,SMB,CUST-00591,2024-12-31,8,0.00
2022Q4,2022-10-01 00:00:00,SMB,CUST-00591,2025-03-31,9,0.00
2022Q4,2022-10-01 00:00:00,SMB,CUST-00591,2025-06-30,10,0.00
2022Q4,2022-10-01 00:00:00,SMB,CUST-00591,2025-09-30,11,0.00
2022Q4,2022-10-01 00:00:00,SMB,CUST-00591,2025-12-31,12,0.00
2022Q4,2022-10-01 00:00:00,SMB,CUST-00591,2026-03-31,13,0.00
2022Q4,2022-10-01 00:00:00,SMB,CUST-00591,2026-06-30,14,0.00
2022Q4,2022-10-01 00:00:00,SMB,CUST-00613,2024-03-31,5,6038.04
2022Q4,2022-10-01 00:00:00,SMB,CUST-00613,2024-06-30,6,6038.04
2022Q4,2022-10-01 00:00:00,SMB,CUST-00613,2024-09-30,7,6038.04
2022Q4,2022-10-01 00:00:00,SMB,CUST-00613,2024-12-31,8,6038.04
2022Q4,2022-10-01 00:00:00,Mid-Market,CUST-00706,2026-03-31,13,105142.56
2022Q4,2022-10-01 00:00:00,Mid-Market,CUST-00706,2026-06-30,14,112358.16
2022Q4,2022-10-01 00:00:00,SMB,CUST-00638,2025-09-30,11,0.00
2022Q4,2022-10-01 00:00:00,SMB,CUST-00638,2025-12-31,12,0.00
2022Q4,2022-10-01 00:00:00,SMB,CUST-00638,2026-03-31,13,0.00
2022Q4,2022-10-01 00:00:00,SMB,CUST-00638,2026-06-30,14,0.00
2022Q4,2022-10-01 00:00:00,SMB,CUST-00613,2025-03-31,9,6038.04
2022Q4,2022-10-01 00:00:00,SMB,CUST-00613,2025-06-30,10,6038.04
2022Q4,2022-10-01 00:00:00,SMB,CUST-00613,2025-09-30,11,6038.04
2022Q4,2022-10-01 00:00:00,SMB,CUST-00613,2025-12-31,12,6038.04
2022Q4,2022-10-01 00:00:00,SMB,CUST-00613,2026-03-31,13,6038.04
2022Q4,2022-10-01 00:00:00,SMB,CUST-00613,2026-06-30,14,6038.04
2022Q4,2022-10-01 00:00:00,SMB,CUST-00620,2024-03-31,5,2383.92
2022Q4,2022-10-01 00:00:00,SMB,CUST-00620,2024-06-30,6,2383.92
2022Q4,2022-10-01 00:00:00,SMB,CUST-00620,2024-09-30,7,2383.92
2022Q4,2022-10-01 00:00:00,SMB,CUST-00620,2024-12-31,8,3794.64
2022Q4,2022-10-01 00:00:00,SMB,CUST-00596,2024-03-31,5,7909.92
2022Q4,2022-10-01 00:00:00,SMB,CUST-00596,2024-06-30,6,7909.92
2022Q4,2022-10-01 00:00:00,SMB,CUST-00596,2024-09-30,7,7909.92
2022Q4,2022-10-01 00:00:00,SMB,CUST-00596,2024-12-31,8,7909.92
2022Q4,2022-10-01 00:00:00,SMB,CUST-00596,2025-03-31,9,7909.92
2022Q4,2022-10-01 00:00:00,SMB,CUST-00596,2025-06-30,10,10282.92
2022Q4,2022-10-01 00:00:00,SMB,CUST-00596,2025-09-30,11,10282.92
2022Q4,2022-10-01 00:00:00,SMB,CUST-00596,2025-12-31,12,10282.92
2022Q4,2022-10-01 00:00:00,SMB,CUST-00596,2026-03-31,13,10282.92
2022Q4,2022-10-01 00:00:00,SMB,CUST-00596,2026-06-30,14,9492.00
2022Q4,2022-10-01 00:00:00,SMB,CUST-00611,2024-03-31,5,0.00
2022Q4,2022-10-01 00:00:00,SMB,CUST-00583,2024-03-31,5,11518.20
2022Q4,2022-10-01 00:00:00,SMB,CUST-00583,2024-06-30,6,11518.20
2022Q4,2022-10-01 00:00:00,SMB,CUST-00583,2024-09-30,7,11518.20
2022Q4,2022-10-01 00:00:00,SMB,CUST-00583,2024-12-31,8,12030.48
2022Q4,2022-10-01 00:00:00,Mid-Market,CUST-00706,2024-03-31,5,50571.72
2022Q4,2022-10-01 00:00:00,Mid-Market,CUST-00706,2024-06-30,6,58715.16
2022Q4,2022-10-01 00:00:00,SMB,CUST-00611,2024-06-30,6,0.00
2022Q4,2022-10-01 00:00:00,SMB,CUST-00611,2024-09-30,7,0.00
2022Q4,2022-10-01 00:00:00,SMB,CUST-00611,2024-12-31,8,0.00
2022Q4,2022-10-01 00:00:00,SMB,CUST-00611,2025-03-31,9,0.00
2022Q4,2022-10-01 00:00:00,SMB,CUST-00611,2025-06-30,10,0.00
2022Q4,2022-10-01 00:00:00,SMB,CUST-00611,2025-09-30,11,0.00
2022Q4,2022-10-01 00:00:00,SMB,CUST-00611,2025-12-31,12,0.00
2022Q4,2022-10-01 00:00:00,SMB,CUST-00611,2026-03-31,13,0.00
2022Q4,2022-10-01 00:00:00,SMB,CUST-00611,2026-06-30,14,0.00
2022Q4,2022-10-01 00:00:00,SMB,CUST-00623,2024-03-31,5,0.00
2022Q4,2022-10-01 00:00:00,SMB,CUST-00623,2024-06-30,6,0.00
2022Q4,2022-10-01 00:00:00,SMB,CUST-00623,2024-09-30,7,0.00
2022Q4,2022-10-01 00:00:00,SMB,CUST-00623,2024-12-31,8,0.00
2022Q4,2022-10-01 00:00:00,Mid-Market,CUST-00717,2026-03-31,13,39553.20
2022Q4,2022-10-01 00:00:00,Mid-Market,CUST-00717,2026-06-30,14,47877.48
2022Q4,2022-10-01 00:00:00,Mid-Market,CUST-00720,2024-03-31,5,69599.52
2022Q4,2022-10-01 00:00:00,Mid-Market,CUST-00720,2024-06-30,6,79373.04
2022Q4,2022-10-01 00:00:00,Mid-Market,CUST-00720,2024-09-30,7,79373.04
2022Q4,2022-10-01 00:00:00,Mid-Market,CUST-00720,2024-12-31,8,79373.04
2022Q4,2022-10-01 00:00:00,Mid-Market,CUST-00720,2025-03-31,9,72176.64
2022Q4,2022-10-01 00:00:00,Mid-Market,CUST-00720,2025-06-30,10,82311.96
2022Q4,2022-10-01 00:00:00,Mid-Market,CUST-00720,2025-09-30,11,148714.44
2022Q4,2022-10-01 00:00:00,Mid-Market,CUST-00720,2025-12-31,12,148714.44
2022Q4,2022-10-01 00:00:00,SMB,CUST-00623,2025-03-31,9,0.00
2022Q4,2022-10-01 00:00:00,SMB,CUST-00623,2025-06-30,10,0.00
2022Q4,2022-10-01 00:00:00,SMB,CUST-00623,2025-09-30,11,0.00
2022Q4,2022-10-01 00:00:00,SMB,CUST-00623,2025-12-31,12,0.00
2022Q4,2022-10-01 00:00:00,SMB,CUST-00623,2026-03-31,13,0.00
2022Q4,2022-10-01 00:00:00,SMB,CUST-00623,2026-06-30,14,0.00
2022Q4,2022-10-01 00:00:00,SMB,CUST-00626,2024-03-31,5,5442.12
2022Q4,2022-10-01 00:00:00,SMB,CUST-00626,2024-06-30,6,5442.12
2022Q4,2022-10-01 00:00:00,Enterprise,CUST-00735,2024-03-31,5,102044.52
2022Q4,2022-10-01 00:00:00,Enterprise,CUST-00735,2024-06-30,6,180623.40
2022Q4,2022-10-01 00:00:00,Enterprise,CUST-00735,2024-09-30,7,180623.40
2022Q4,2022-10-01 00:00:00,Enterprise,CUST-00735,2024-12-31,8,134948.16
2022Q4,2022-10-01 00:00:00,Enterprise,CUST-00735,2025-03-31,9,188927.40
2022Q4,2022-10-01 00:00:00,Enterprise,CUST-00735,2025-06-30,10,201197.04
2022Q4,2022-10-01 00:00:00,Enterprise,CUST-00735,2025-09-30,11,201197.04
2022Q4,2022-10-01 00:00:00,Enterprise,CUST-00735,2025-12-31,12,201197.04
2022Q4,2022-10-01 00:00:00,Enterprise,CUST-00737,2026-03-31,13,492951.36
2022Q4,2022-10-01 00:00:00,Enterprise,CUST-00737,2026-06-30,14,682499.40
2022Q4,2022-10-01 00:00:00,Enterprise,CUST-00735,2026-03-31,13,201197.04
2022Q4,2022-10-01 00:00:00,Enterprise,CUST-00735,2026-06-30,14,201197.04
2022Q4,2022-10-01 00:00:00,SMB,CUST-00587,2024-09-30,7,2527.68
2022Q4,2022-10-01 00:00:00,SMB,CUST-00587,2024-12-31,8,2607.96
2022Q4,2022-10-01 00:00:00,SMB,CUST-00634,2024-03-31,5,0.00
2022Q4,2022-10-01 00:00:00,SMB,CUST-00634,2024-06-30,6,0.00
2022Q4,2022-10-01 00:00:00,SMB,CUST-00641,2026-06-30,14,7837.80
2022Q4,2022-10-01 00:00:00,SMB,CUST-00578,2024-03-31,5,12388.56
2022Q4,2022-10-01 00:00:00,SMB,CUST-00578,2024-06-30,6,12388.56
2022Q4,2022-10-01 00:00:00,SMB,CUST-00578,2024-09-30,7,12388.56
2022Q4,2022-10-01 00:00:00,SMB,CUST-00578,2024-12-31,8,12388.56
2022Q4,2022-10-01 00:00:00,SMB,CUST-00587,2025-09-30,11,2607.96
2022Q4,2022-10-01 00:00:00,SMB,CUST-00587,2025-12-31,12,2707.44
2022Q4,2022-10-01 00:00:00,SMB,CUST-00587,2026-03-31,13,2707.44
2022Q4,2022-10-01 00:00:00,SMB,CUST-00587,2026-06-30,14,2707.44
2022Q4,2022-10-01 00:00:00,SMB,CUST-00591,2024-03-31,5,12449.52
2022Q4,2022-10-01 00:00:00,SMB,CUST-00591,2024-06-30,6,12449.52
2022Q4,2022-10-01 00:00:00,SMB,CUST-00583,2025-09-30,11,12030.48
2022Q4,2022-10-01 00:00:00,SMB,CUST-00583,2025-12-31,12,10130.64
2022Q4,2022-10-01 00:00:00,Mid-Market,CUST-00706,2024-09-30,7,58715.16
2022Q4,2022-10-01 00:00:00,Mid-Market,CUST-00706,2024-12-31,8,101447.04
2022Q4,2022-10-01 00:00:00,Mid-Market,CUST-00706,2025-03-31,9,142025.88
2022Q4,2022-10-01 00:00:00,SMB,CUST-00641,2024-06-30,6,7837.80
2022Q4,2022-10-01 00:00:00,SMB,CUST-00641,2024-09-30,7,7837.80
2022Q4,2022-10-01 00:00:00,SMB,CUST-00641,2024-12-31,8,7837.80
2022Q4,2022-10-01 00:00:00,SMB,CUST-00641,2025-03-31,9,7837.80
2022Q4,2022-10-01 00:00:00,SMB,CUST-00634,2024-09-30,7,0.00
2022Q4,2022-10-01 00:00:00,SMB,CUST-00634,2024-12-31,8,0.00
2022Q4,2022-10-01 00:00:00,SMB,CUST-00634,2025-03-31,9,0.00
2022Q4,2022-10-01 00:00:00,SMB,CUST-00634,2025-06-30,10,0.00
2022Q4,2022-10-01 00:00:00,SMB,CUST-00641,2025-06-30,10,7837.80
2022Q4,2022-10-01 00:00:00,SMB,CUST-00641,2025-09-30,11,7837.80
2022Q4,2022-10-01 00:00:00,Mid-Market,CUST-00706,2025-06-30,10,142025.88
2022Q4,2022-10-01 00:00:00,Mid-Market,CUST-00706,2025-09-30,11,142025.88
2022Q4,2022-10-01 00:00:00,Mid-Market,CUST-00706,2025-12-31,12,105142.56
2022Q4,2022-10-01 00:00:00,SMB,CUST-00583,2025-03-31,9,12030.48
2022Q4,2022-10-01 00:00:00,SMB,CUST-00583,2025-06-30,10,12030.48
2022Q4,2022-10-01 00:00:00,SMB,CUST-00641,2025-12-31,12,7837.80
2022Q4,2022-10-01 00:00:00,SMB,CUST-00641,2026-03-31,13,7837.80
2022Q4,2022-10-01 00:00:00,SMB,CUST-00634,2025-09-30,11,0.00
2022Q4,2022-10-01 00:00:00,SMB,CUST-00634,2025-12-31,12,0.00
2022Q4,2022-10-01 00:00:00,Mid-Market,CUST-00704,2025-03-31,9,14956.20
2022Q4,2022-10-01 00:00:00,Mid-Market,CUST-00704,2025-06-30,10,14956.20
2022Q4,2022-10-01 00:00:00,Mid-Market,CUST-00713,2026-03-31,13,0.00
2022Q4,2022-10-01 00:00:00,Mid-Market,CUST-00720,2026-03-31,13,138584.88
2022Q4,2022-10-01 00:00:00,Mid-Market,CUST-00720,2026-06-30,14,138584.88
2022Q4,2022-10-01 00:00:00,Enterprise,CUST-00737,2024-03-31,5,459727.44
2022Q4,2022-10-01 00:00:00,Enterprise,CUST-00737,2024-06-30,6,636500.28
2022Q4,2022-10-01 00:00:00,Enterprise,CUST-00737,2024-09-30,7,636500.28
2022Q4,2022-10-01 00:00:00,SMB,CUST-00583,2026-03-31,13,10130.64
2022Q4,2022-10-01 00:00:00,SMB,CUST-00583,2026-06-30,14,10130.64
2022Q4,2022-10-01 00:00:00,SMB,CUST-00587,2024-03-31,5,2527.68
2022Q4,2022-10-01 00:00:00,SMB,CUST-00587,2024-06-30,6,2527.68
2022Q4,2022-10-01 00:00:00,Mid-Market,CUST-00703,2026-03-31,13,12138.84
2022Q4,2022-10-01 00:00:00,Mid-Market,CUST-00704,2026-03-31,13,7986.00
2022Q4,2022-10-01 00:00:00,Mid-Market,CUST-00704,2026-06-30,14,23758.20
2022Q4,2022-10-01 00:00:00,Mid-Market,CUST-00717,2024-12-31,8,37933.92
2022Q4,2022-10-01 00:00:00,Mid-Market,CUST-00704,2025-12-31,12,7986.00
2022Q4,2022-10-01 00:00:00,Enterprise,CUST-00737,2024-12-31,8,636500.28
2022Q4,2022-10-01 00:00:00,Enterprise,CUST-00737,2025-03-31,9,477158.16
2022Q4,2022-10-01 00:00:00,Mid-Market,CUST-00717,2024-06-30,6,31430.88
2022Q4,2022-10-01 00:00:00,Mid-Market,CUST-00717,2025-03-31,9,37933.92
2022Q4,2022-10-01 00:00:00,Mid-Market,CUST-00717,2025-06-30,10,37933.92
2022Q4,2022-10-01 00:00:00,SMB,CUST-00638,2024-09-30,7,0.00
2022Q4,2022-10-01 00:00:00,Mid-Market,CUST-00703,2026-06-30,14,12138.84
2022Q4,2022-10-01 00:00:00,Mid-Market,CUST-00717,2025-09-30,11,37933.92
2022Q4,2022-10-01 00:00:00,Mid-Market,CUST-00717,2025-12-31,12,37933.92
2022Q4,2022-10-01 00:00:00,Enterprise,CUST-00737,2025-09-30,11,660633.36
2022Q4,2022-10-01 00:00:00,SMB,CUST-00638,2024-12-31,8,0.00
2022Q4,2022-10-01 00:00:00,Mid-Market,CUST-00717,2024-09-30,7,31430.88
2022Q4,2022-10-01 00:00:00,SMB,CUST-00638,2025-03-31,9,0.00
2022Q4,2022-10-01 00:00:00,SMB,CUST-00638,2025-06-30,10,0.00
2022Q4,2022-10-01 00:00:00,SMB,CUST-00634,2026-06-30,14,0.00
2022Q4,2022-10-01 00:00:00,SMB,CUST-00587,2025-03-31,9,2607.96
2022Q4,2022-10-01 00:00:00,Mid-Market,CUST-00717,2024-03-31,5,31430.88
2022Q4,2022-10-01 00:00:00,SMB,CUST-00634,2026-03-31,13,0.00
2022Q4,2022-10-01 00:00:00,Enterprise,CUST-00737,2025-06-30,10,660633.36
2022Q4,2022-10-01 00:00:00,SMB,CUST-00641,2024-03-31,5,7837.80
2022Q4,2022-10-01 00:00:00,Enterprise,CUST-00737,2025-12-31,12,660633.36
2022Q4,2022-10-01 00:00:00,Mid-Market,CUST-00713,2026-06-30,14,0.00
2022Q4,2022-10-01 00:00:00,SMB,CUST-00587,2025-06-30,10,2607.96
2022Q4,2022-10-01 00:00:00,Mid-Market,CUST-00704,2025-09-30,11,18011.88
2023Q1,2023-01-01 00:00:00,SMB,CUST-00755,2024-03-31,4,5550.36
2023Q1,2023-01-01 00:00:00,SMB,CUST-00755,2024-06-30,5,5550.36
2023Q1,2023-01-01 00:00:00,SMB,CUST-00755,2024-09-30,6,7770.48
2023Q1,2023-01-01 00:00:00,SMB,CUST-00755,2024-12-31,7,10360.68
2023Q1,2023-01-01 00:00:00,SMB,CUST-00755,2025-03-31,8,10360.68
2023Q1,2023-01-01 00:00:00,SMB,CUST-00755,2025-06-30,9,10360.68
2023Q1,2023-01-01 00:00:00,SMB,CUST-00755,2025-09-30,10,10360.68
2023Q1,2023-01-01 00:00:00,SMB,CUST-00755,2025-12-31,11,10360.68
2023Q1,2023-01-01 00:00:00,SMB,CUST-00755,2026-03-31,12,10360.68
2023Q1,2023-01-01 00:00:00,SMB,CUST-00755,2026-06-30,13,10360.68
2023Q1,2023-01-01 00:00:00,SMB,CUST-00758,2024-03-31,4,3216.72
2023Q1,2023-01-01 00:00:00,SMB,CUST-00758,2024-06-30,5,3216.72
2023Q1,2023-01-01 00:00:00,SMB,CUST-00758,2024-09-30,6,3216.72
2023Q1,2023-01-01 00:00:00,SMB,CUST-00758,2024-12-31,7,3216.72
2023Q1,2023-01-01 00:00:00,SMB,CUST-00758,2025-03-31,8,3216.84
2023Q1,2023-01-01 00:00:00,SMB,CUST-00758,2025-06-30,9,3216.84
2023Q1,2023-01-01 00:00:00,SMB,CUST-00758,2025-09-30,10,3216.84
2023Q1,2023-01-01 00:00:00,SMB,CUST-00758,2025-12-31,11,3216.84
2023Q1,2023-01-01 00:00:00,SMB,CUST-00758,2026-03-31,12,3216.84
2023Q1,2023-01-01 00:00:00,SMB,CUST-00758,2026-06-30,13,4503.60
2023Q1,2023-01-01 00:00:00,SMB,CUST-00767,2024-03-31,4,6394.08
2023Q1,2023-01-01 00:00:00,SMB,CUST-00767,2024-06-30,5,6394.08
2023Q1,2023-01-01 00:00:00,SMB,CUST-00767,2024-09-30,6,6394.08
2023Q1,2023-01-01 00:00:00,SMB,CUST-00767,2024-12-31,7,6394.08
2023Q1,2023-01-01 00:00:00,SMB,CUST-00767,2025-03-31,8,6394.08
2023Q1,2023-01-01 00:00:00,SMB,CUST-00767,2025-06-30,9,6394.08
2023Q1,2023-01-01 00:00:00,SMB,CUST-00767,2025-09-30,10,6394.08
2023Q1,2023-01-01 00:00:00,SMB,CUST-00767,2025-12-31,11,6394.08
2023Q1,2023-01-01 00:00:00,SMB,CUST-00767,2026-03-31,12,6698.76
2023Q1,2023-01-01 00:00:00,SMB,CUST-00767,2026-06-30,13,6698.76
2023Q1,2023-01-01 00:00:00,SMB,CUST-00782,2024-03-31,4,23808.12
2023Q1,2023-01-01 00:00:00,SMB,CUST-00782,2024-06-30,5,23808.12
2023Q1,2023-01-01 00:00:00,SMB,CUST-00782,2024-09-30,6,23808.12
2023Q1,2023-01-01 00:00:00,SMB,CUST-00782,2024-12-31,7,23808.12
2023Q1,2023-01-01 00:00:00,SMB,CUST-00782,2025-03-31,8,23808.12
2023Q1,2023-01-01 00:00:00,SMB,CUST-00782,2025-06-30,9,23808.12
2023Q1,2023-01-01 00:00:00,SMB,CUST-00782,2025-09-30,10,23808.12
2023Q1,2023-01-01 00:00:00,SMB,CUST-00782,2025-12-31,11,23808.12
2023Q1,2023-01-01 00:00:00,SMB,CUST-00782,2026-03-31,12,31883.04
2023Q1,2023-01-01 00:00:00,SMB,CUST-00782,2026-06-30,13,31883.04
2023Q1,2023-01-01 00:00:00,SMB,CUST-00798,2024-03-31,4,7653.72
2023Q1,2023-01-01 00:00:00,SMB,CUST-00798,2024-06-30,5,0.00
2023Q1,2023-01-01 00:00:00,SMB,CUST-00798,2024-09-30,6,0.00
2023Q1,2023-01-01 00:00:00,SMB,CUST-00798,2024-12-31,7,0.00
2023Q1,2023-01-01 00:00:00,SMB,CUST-00798,2025-03-31,8,0.00
2023Q1,2023-01-01 00:00:00,SMB,CUST-00798,2025-06-30,9,0.00
2023Q1,2023-01-01 00:00:00,SMB,CUST-00798,2025-09-30,10,0.00
2023Q1,2023-01-01 00:00:00,SMB,CUST-00798,2025-12-31,11,0.00
2023Q1,2023-01-01 00:00:00,SMB,CUST-00798,2026-03-31,12,0.00
2023Q1,2023-01-01 00:00:00,SMB,CUST-00798,2026-06-30,13,0.00
2023Q1,2023-01-01 00:00:00,SMB,CUST-00772,2024-03-31,4,2644.68
2023Q1,2023-01-01 00:00:00,SMB,CUST-00772,2024-06-30,5,2644.68
2023Q1,2023-01-01 00:00:00,SMB,CUST-00772,2024-09-30,6,2644.68
2023Q1,2023-01-01 00:00:00,SMB,CUST-00772,2024-12-31,7,2644.68
2023Q1,2023-01-01 00:00:00,SMB,CUST-00772,2025-03-31,8,3526.20
2023Q1,2023-01-01 00:00:00,SMB,CUST-00772,2025-06-30,9,3526.20
2023Q1,2023-01-01 00:00:00,SMB,CUST-00772,2025-09-30,10,3526.20
2023Q1,2023-01-01 00:00:00,SMB,CUST-00772,2025-12-31,11,3526.20
2023Q1,2023-01-01 00:00:00,SMB,CUST-00772,2026-03-31,12,3526.20
2023Q1,2023-01-01 00:00:00,SMB,CUST-00772,2026-06-30,13,3526.20
2023Q1,2023-01-01 00:00:00,SMB,CUST-00788,2024-03-31,4,3718.68
2023Q1,2023-01-01 00:00:00,SMB,CUST-00788,2024-06-30,5,3891.48
2023Q1,2023-01-01 00:00:00,SMB,CUST-00788,2024-09-30,6,5448.12
2023Q1,2023-01-01 00:00:00,SMB,CUST-00788,2024-12-31,7,5448.12
2023Q1,2023-01-01 00:00:00,SMB,CUST-00788,2025-03-31,8,5448.12
2023Q1,2023-01-01 00:00:00,SMB,CUST-00788,2025-06-30,9,0.00
2023Q1,2023-01-01 00:00:00,SMB,CUST-00788,2025-09-30,10,0.00
2023Q1,2023-01-01 00:00:00,SMB,CUST-00788,2025-12-31,11,0.00
2023Q1,2023-01-01 00:00:00,SMB,CUST-00788,2026-03-31,12,0.00
2023Q1,2023-01-01 00:00:00,SMB,CUST-00788,2026-06-30,13,0.00
2023Q1,2023-01-01 00:00:00,SMB,CUST-00791,2024-03-31,4,5828.40
2023Q1,2023-01-01 00:00:00,SMB,CUST-00791,2024-06-30,5,0.00
2023Q1,2023-01-01 00:00:00,SMB,CUST-00791,2024-09-30,6,0.00
2023Q1,2023-01-01 00:00:00,SMB,CUST-00791,2024-12-31,7,6410.76
2023Q1,2023-01-01 00:00:00,SMB,CUST-00791,2025-03-31,8,0.00
2023Q1,2023-01-01 00:00:00,SMB,CUST-00791,2025-06-30,9,0.00
2023Q1,2023-01-01 00:00:00,SMB,CUST-00791,2025-09-30,10,0.00
2023Q1,2023-01-01 00:00:00,SMB,CUST-00791,2025-12-31,11,0.00
2023Q1,2023-01-01 00:00:00,SMB,CUST-00791,2026-03-31,12,0.00
2023Q1,2023-01-01 00:00:00,SMB,CUST-00791,2026-06-30,13,0.00
2023Q1,2023-01-01 00:00:00,SMB,CUST-00793,2024-03-31,4,5185.56
2023Q1,2023-01-01 00:00:00,SMB,CUST-00793,2024-06-30,5,5185.56
2023Q1,2023-01-01 00:00:00,SMB,CUST-00793,2024-09-30,6,5185.56
2023Q1,2023-01-01 00:00:00,SMB,CUST-00793,2024-12-31,7,5185.56
2023Q1,2023-01-01 00:00:00,SMB,CUST-00793,2025-03-31,8,5185.56
2023Q1,2023-01-01 00:00:00,SMB,CUST-00793,2025-06-30,9,5185.56
2023Q1,2023-01-01 00:00:00,SMB,CUST-00793,2025-09-30,10,0.00
2023Q1,2023-01-01 00:00:00,SMB,CUST-00793,2025-12-31,11,0.00
2023Q1,2023-01-01 00:00:00,SMB,CUST-00793,2026-03-31,12,0.00
2023Q1,2023-01-01 00:00:00,SMB,CUST-00793,2026-06-30,13,0.00
2023Q1,2023-01-01 00:00:00,SMB,CUST-00797,2024-03-31,4,0.00
2023Q1,2023-01-01 00:00:00,SMB,CUST-00797,2024-06-30,5,0.00
2023Q1,2023-01-01 00:00:00,SMB,CUST-00797,2024-09-30,6,0.00
2023Q1,2023-01-01 00:00:00,SMB,CUST-00797,2024-12-31,7,0.00
2023Q1,2023-01-01 00:00:00,SMB,CUST-00797,2025-03-31,8,0.00
2023Q1,2023-01-01 00:00:00,SMB,CUST-00797,2025-06-30,9,0.00
2023Q1,2023-01-01 00:00:00,SMB,CUST-00797,2025-09-30,10,0.00
2023Q1,2023-01-01 00:00:00,SMB,CUST-00797,2025-12-31,11,0.00
2023Q1,2023-01-01 00:00:00,SMB,CUST-00797,2026-03-31,12,0.00
2023Q1,2023-01-01 00:00:00,SMB,CUST-00797,2026-06-30,13,0.00
2023Q1,2023-01-01 00:00:00,SMB,CUST-00809,2024-03-31,4,5168.28
2023Q1,2023-01-01 00:00:00,SMB,CUST-00809,2024-06-30,5,0.00
2023Q1,2023-01-01 00:00:00,SMB,CUST-00809,2024-09-30,6,0.00
2023Q1,2023-01-01 00:00:00,SMB,CUST-00809,2024-12-31,7,0.00
2023Q1,2023-01-01 00:00:00,SMB,CUST-00809,2025-03-31,8,0.00
2023Q1,2023-01-01 00:00:00,SMB,CUST-00809,2025-06-30,9,0.00
2023Q1,2023-01-01 00:00:00,SMB,CUST-00809,2025-09-30,10,0.00
2023Q1,2023-01-01 00:00:00,SMB,CUST-00809,2025-12-31,11,0.00
2023Q1,2023-01-01 00:00:00,SMB,CUST-00809,2026-03-31,12,0.00
2023Q1,2023-01-01 00:00:00,SMB,CUST-00809,2026-06-30,13,0.00
2023Q1,2023-01-01 00:00:00,Mid-Market,CUST-01018,2024-03-31,4,99725.16
2023Q1,2023-01-01 00:00:00,Mid-Market,CUST-01018,2024-06-30,5,99725.16
2023Q1,2023-01-01 00:00:00,Mid-Market,CUST-01018,2024-09-30,6,99725.16
2023Q1,2023-01-01 00:00:00,Mid-Market,CUST-01018,2024-12-31,7,139400.88
2023Q1,2023-01-01 00:00:00,Mid-Market,CUST-01018,2025-03-31,8,139398.24
2023Q1,2023-01-01 00:00:00,Mid-Market,CUST-01018,2025-06-30,9,139398.24
2023Q1,2023-01-01 00:00:00,Mid-Market,CUST-01018,2025-09-30,10,168350.16
2023Q1,2023-01-01 00:00:00,Mid-Market,CUST-01018,2025-12-31,11,168350.16
2023Q1,2023-01-01 00:00:00,Mid-Market,CUST-01018,2026-03-31,12,200086.32
2023Q1,2023-01-01 00:00:00,Mid-Market,CUST-01018,2026-06-30,13,200086.32
2023Q1,2023-01-01 00:00:00,Mid-Market,CUST-01022,2024-03-31,4,38001.12
2023Q1,2023-01-01 00:00:00,Mid-Market,CUST-01022,2024-06-30,5,38001.12
2023Q1,2023-01-01 00:00:00,Mid-Market,CUST-01022,2024-09-30,6,65654.16
2023Q1,2023-01-01 00:00:00,Mid-Market,CUST-01022,2024-12-31,7,65654.16
2023Q1,2023-01-01 00:00:00,Mid-Market,CUST-01022,2025-03-31,8,65654.16
2023Q1,2023-01-01 00:00:00,Mid-Market,CUST-01022,2025-06-30,9,65654.16
2023Q1,2023-01-01 00:00:00,Mid-Market,CUST-01022,2025-09-30,10,65654.16
2023Q1,2023-01-01 00:00:00,Mid-Market,CUST-01022,2025-12-31,11,65654.16
2023Q1,2023-01-01 00:00:00,Mid-Market,CUST-01022,2026-03-31,12,37874.16
2023Q1,2023-01-01 00:00:00,Mid-Market,CUST-01022,2026-06-30,13,37874.16
2023Q1,2023-01-01 00:00:00,SMB,CUST-00746,2024-03-31,4,0.00
2023Q1,2023-01-01 00:00:00,SMB,CUST-00746,2024-06-30,5,0.00
2023Q1,2023-01-01 00:00:00,SMB,CUST-00746,2024-09-30,6,0.00
2023Q1,2023-01-01 00:00:00,SMB,CUST-00746,2024-12-31,7,0.00
2023Q1,2023-01-01 00:00:00,SMB,CUST-00746,2025-03-31,8,0.00
2023Q1,2023-01-01 00:00:00,SMB,CUST-00746,2025-06-30,9,0.00
2023Q1,2023-01-01 00:00:00,SMB,CUST-00746,2025-09-30,10,0.00
2023Q1,2023-01-01 00:00:00,SMB,CUST-00746,2025-12-31,11,0.00
2023Q1,2023-01-01 00:00:00,SMB,CUST-00746,2026-03-31,12,0.00
2023Q1,2023-01-01 00:00:00,SMB,CUST-00746,2026-06-30,13,0.00
2023Q1,2023-01-01 00:00:00,SMB,CUST-00760,2024-03-31,4,12146.88
2023Q1,2023-01-01 00:00:00,SMB,CUST-00760,2024-06-30,5,12146.88
2023Q1,2023-01-01 00:00:00,SMB,CUST-00760,2024-09-30,6,12146.88
2023Q1,2023-01-01 00:00:00,SMB,CUST-00760,2024-12-31,7,12146.88
2023Q1,2023-01-01 00:00:00,SMB,CUST-00760,2025-03-31,8,12146.88
2023Q1,2023-01-01 00:00:00,SMB,CUST-00760,2025-06-30,9,12146.88
2023Q1,2023-01-01 00:00:00,SMB,CUST-00760,2025-09-30,10,12146.88
2023Q1,2023-01-01 00:00:00,SMB,CUST-00760,2025-12-31,11,12146.88
2023Q1,2023-01-01 00:00:00,SMB,CUST-00760,2026-03-31,12,12146.88
2023Q1,2023-01-01 00:00:00,SMB,CUST-00760,2026-06-30,13,12146.88
2023Q1,2023-01-01 00:00:00,SMB,CUST-00804,2024-03-31,4,5842.68
2023Q1,2023-01-01 00:00:00,SMB,CUST-00804,2024-06-30,5,0.00
2023Q1,2023-01-01 00:00:00,SMB,CUST-00804,2024-09-30,6,0.00
2023Q1,2023-01-01 00:00:00,SMB,CUST-00804,2024-12-31,7,0.00
2023Q1,2023-01-01 00:00:00,SMB,CUST-00804,2025-03-31,8,0.00
2023Q1,2023-01-01 00:00:00,SMB,CUST-00804,2025-06-30,9,0.00
2023Q1,2023-01-01 00:00:00,SMB,CUST-00804,2025-09-30,10,0.00
2023Q1,2023-01-01 00:00:00,SMB,CUST-00804,2025-12-31,11,0.00
2023Q1,2023-01-01 00:00:00,SMB,CUST-00804,2026-03-31,12,0.00
2023Q1,2023-01-01 00:00:00,SMB,CUST-00804,2026-06-30,13,0.00
2023Q1,2023-01-01 00:00:00,SMB,CUST-00741,2024-03-31,4,3883.56
2023Q1,2023-01-01 00:00:00,SMB,CUST-00741,2024-06-30,5,3883.56
2023Q1,2023-01-01 00:00:00,SMB,CUST-00741,2024-09-30,6,4530.84
2023Q1,2023-01-01 00:00:00,SMB,CUST-00741,2024-12-31,7,4530.84
2023Q1,2023-01-01 00:00:00,SMB,CUST-00741,2025-03-31,8,4530.60
2023Q1,2023-01-01 00:00:00,SMB,CUST-00741,2025-06-30,9,4530.60
2023Q1,2023-01-01 00:00:00,SMB,CUST-00741,2025-09-30,10,4530.60
2023Q1,2023-01-01 00:00:00,SMB,CUST-00741,2025-12-31,11,4530.60
2023Q1,2023-01-01 00:00:00,SMB,CUST-00741,2026-03-31,12,4747.56
2023Q1,2023-01-01 00:00:00,SMB,CUST-00741,2026-06-30,13,4747.56
2023Q1,2023-01-01 00:00:00,SMB,CUST-00765,2024-03-31,4,0.00
2023Q1,2023-01-01 00:00:00,SMB,CUST-00765,2024-06-30,5,0.00
2023Q1,2023-01-01 00:00:00,SMB,CUST-00765,2024-09-30,6,0.00
2023Q1,2023-01-01 00:00:00,SMB,CUST-00765,2024-12-31,7,0.00
2023Q1,2023-01-01 00:00:00,SMB,CUST-00765,2025-03-31,8,0.00
2023Q1,2023-01-01 00:00:00,SMB,CUST-00765,2025-06-30,9,0.00
2023Q1,2023-01-01 00:00:00,SMB,CUST-00765,2025-09-30,10,0.00
2023Q1,2023-01-01 00:00:00,SMB,CUST-00765,2025-12-31,11,0.00
2023Q1,2023-01-01 00:00:00,SMB,CUST-00765,2026-03-31,12,0.00
2023Q1,2023-01-01 00:00:00,SMB,CUST-00765,2026-06-30,13,0.00
2023Q1,2023-01-01 00:00:00,SMB,CUST-00786,2024-03-31,4,13950.60
2023Q1,2023-01-01 00:00:00,SMB,CUST-00786,2024-06-30,5,9964.56
2023Q1,2023-01-01 00:00:00,SMB,CUST-00786,2024-09-30,6,9964.56
2023Q1,2023-01-01 00:00:00,SMB,CUST-00786,2024-12-31,7,9964.56
2023Q1,2023-01-01 00:00:00,SMB,CUST-00786,2025-03-31,8,9964.56
2023Q1,2023-01-01 00:00:00,SMB,CUST-00786,2025-06-30,9,10436.28
2023Q1,2023-01-01 00:00:00,SMB,CUST-00786,2025-09-30,10,10436.28
2023Q1,2023-01-01 00:00:00,SMB,CUST-00786,2025-12-31,11,10436.28
2023Q1,2023-01-01 00:00:00,SMB,CUST-00786,2026-03-31,12,10436.28
2023Q1,2023-01-01 00:00:00,SMB,CUST-00786,2026-06-30,13,10949.52
2023Q1,2023-01-01 00:00:00,Enterprise,CUST-01106,2024-03-31,4,120390.12
2023Q1,2023-01-01 00:00:00,Enterprise,CUST-01106,2024-06-30,5,120390.12
2023Q1,2023-01-01 00:00:00,Enterprise,CUST-01106,2024-09-30,6,128115.60
2023Q1,2023-01-01 00:00:00,Enterprise,CUST-01106,2024-12-31,7,128115.60
2023Q1,2023-01-01 00:00:00,Enterprise,CUST-01106,2025-03-31,8,128118.84
2023Q1,2023-01-01 00:00:00,Enterprise,CUST-01106,2025-06-30,9,128118.84
2023Q1,2023-01-01 00:00:00,Enterprise,CUST-01106,2025-09-30,10,128118.84
2023Q1,2023-01-01 00:00:00,Enterprise,CUST-01106,2025-12-31,11,128118.84
2023Q1,2023-01-01 00:00:00,Enterprise,CUST-01106,2026-03-31,12,133357.80
2023Q1,2023-01-01 00:00:00,Enterprise,CUST-01106,2026-06-30,13,133357.80
2023Q1,2023-01-01 00:00:00,SMB,CUST-00778,2024-03-31,4,20547.60
2023Q1,2023-01-01 00:00:00,SMB,CUST-00778,2024-06-30,5,20547.60
2023Q1,2023-01-01 00:00:00,SMB,CUST-00778,2024-09-30,6,20547.60
2023Q1,2023-01-01 00:00:00,SMB,CUST-00778,2024-12-31,7,22752.36
2023Q1,2023-01-01 00:00:00,SMB,CUST-00778,2025-03-31,8,21405.48
2023Q1,2023-01-01 00:00:00,SMB,CUST-00778,2025-06-30,9,21405.48
2023Q1,2023-01-01 00:00:00,SMB,CUST-00778,2025-09-30,10,21405.48
2023Q1,2023-01-01 00:00:00,SMB,CUST-00778,2025-12-31,11,21405.48
2023Q1,2023-01-01 00:00:00,SMB,CUST-00778,2026-03-31,12,22215.00
2023Q1,2023-01-01 00:00:00,SMB,CUST-00778,2026-06-30,13,22215.00
2023Q1,2023-01-01 00:00:00,SMB,CUST-00783,2024-03-31,4,7286.28
2023Q1,2023-01-01 00:00:00,SMB,CUST-00783,2024-06-30,5,6071.88
2023Q1,2023-01-01 00:00:00,SMB,CUST-00783,2024-09-30,6,6071.88
2023Q1,2023-01-01 00:00:00,SMB,CUST-00783,2024-12-31,7,6071.88
2023Q1,2023-01-01 00:00:00,SMB,CUST-00783,2025-03-31,8,6071.88
2023Q1,2023-01-01 00:00:00,SMB,CUST-00783,2025-06-30,9,6368.88
2023Q1,2023-01-01 00:00:00,SMB,CUST-00783,2025-09-30,10,6368.88
2023Q1,2023-01-01 00:00:00,SMB,CUST-00783,2025-12-31,11,6368.88
2023Q1,2023-01-01 00:00:00,SMB,CUST-00783,2026-03-31,12,6368.88
2023Q1,2023-01-01 00:00:00,SMB,CUST-00783,2026-06-30,13,0.00
2023Q1,2023-01-01 00:00:00,SMB,CUST-00790,2024-03-31,4,9978.84
2023Q1,2023-01-01 00:00:00,SMB,CUST-00790,2024-06-30,5,10336.20
2023Q1,2023-01-01 00:00:00,SMB,CUST-00790,2024-09-30,6,10336.20
2023Q1,2023-01-01 00:00:00,SMB,CUST-00790,2024-12-31,7,10336.20
2023Q1,2023-01-01 00:00:00,SMB,CUST-00790,2025-03-31,8,10336.20
2023Q1,2023-01-01 00:00:00,SMB,CUST-00790,2025-06-30,9,10778.76
2023Q1,2023-01-01 00:00:00,SMB,CUST-00790,2025-09-30,10,10778.76
2023Q1,2023-01-01 00:00:00,SMB,CUST-00790,2025-12-31,11,10778.76
2023Q1,2023-01-01 00:00:00,SMB,CUST-00790,2026-03-31,12,10778.76
2023Q1,2023-01-01 00:00:00,SMB,CUST-00790,2026-06-30,13,11135.04
2023Q1,2023-01-01 00:00:00,Mid-Market,CUST-01026,2024-03-31,4,35107.32
2023Q1,2023-01-01 00:00:00,Mid-Market,CUST-01026,2024-06-30,5,55586.64
2023Q1,2023-01-01 00:00:00,Mid-Market,CUST-01026,2024-09-30,6,80941.92
2023Q1,2023-01-01 00:00:00,Mid-Market,CUST-01026,2024-12-31,7,80941.92
2023Q1,2023-01-01 00:00:00,Mid-Market,CUST-01026,2025-03-31,8,84350.76
2023Q1,2023-01-01 00:00:00,Mid-Market,CUST-01026,2025-06-30,9,95060.16
2023Q1,2023-01-01 00:00:00,Mid-Market,CUST-01026,2025-09-30,10,95060.16
2023Q1,2023-01-01 00:00:00,Mid-Market,CUST-01026,2025-12-31,11,95060.16
2023Q1,2023-01-01 00:00:00,Mid-Market,CUST-01026,2026-03-31,12,70122.24
2023Q1,2023-01-01 00:00:00,Mid-Market,CUST-01026,2026-06-30,13,70122.24
2023Q1,2023-01-01 00:00:00,Mid-Market,CUST-01033,2024-03-31,4,11044.44
2023Q1,2023-01-01 00:00:00,Mid-Market,CUST-01033,2024-06-30,5,11044.44
2023Q1,2023-01-01 00:00:00,Mid-Market,CUST-01033,2024-09-30,6,34237.80
2023Q1,2023-01-01 00:00:00,Mid-Market,CUST-01033,2024-12-31,7,55663.92
2023Q1,2023-01-01 00:00:00,Mid-Market,CUST-01033,2025-03-31,8,65085.60
2023Q1,2023-01-01 00:00:00,Mid-Market,CUST-01033,2025-06-30,9,65085.60
2023Q1,2023-01-01 00:00:00,Mid-Market,CUST-01033,2025-09-30,10,65085.60
2023Q1,2023-01-01 00:00:00,Mid-Market,CUST-01033,2025-12-31,11,65085.60
2023Q1,2023-01-01 00:00:00,Mid-Market,CUST-01033,2026-03-31,12,65085.60
2023Q1,2023-01-01 00:00:00,Mid-Market,CUST-01033,2026-06-30,13,65085.60
2023Q1,2023-01-01 00:00:00,Mid-Market,CUST-01037,2024-03-31,4,52598.04
2023Q1,2023-01-01 00:00:00,Mid-Market,CUST-01037,2024-06-30,5,52598.04
2023Q1,2023-01-01 00:00:00,Mid-Market,CUST-01037,2024-09-30,6,52598.04
2023Q1,2023-01-01 00:00:00,Mid-Market,CUST-01037,2024-12-31,7,52598.04
2023Q1,2023-01-01 00:00:00,Mid-Market,CUST-01037,2025-03-31,8,57995.88
2023Q1,2023-01-01 00:00:00,Mid-Market,CUST-01037,2025-06-30,9,57999.12
2023Q1,2023-01-01 00:00:00,Mid-Market,CUST-01037,2025-09-30,10,57999.12
2023Q1,2023-01-01 00:00:00,Mid-Market,CUST-01037,2025-12-31,11,57999.12
2023Q1,2023-01-01 00:00:00,Mid-Market,CUST-01037,2026-03-31,12,57999.12
2023Q1,2023-01-01 00:00:00,Mid-Market,CUST-01037,2026-06-30,13,62047.68
2023Q1,2023-01-01 00:00:00,SMB,CUST-00749,2024-03-31,4,7020.24
2023Q1,2023-01-01 00:00:00,SMB,CUST-00749,2024-06-30,5,8645.16
2023Q1,2023-01-01 00:00:00,SMB,CUST-00749,2024-09-30,6,8645.16
2023Q1,2023-01-01 00:00:00,SMB,CUST-00749,2024-12-31,7,8645.16
2023Q1,2023-01-01 00:00:00,SMB,CUST-00749,2025-03-31,8,5014.44
2023Q1,2023-01-01 00:00:00,SMB,CUST-00749,2025-06-30,9,5014.44
2023Q1,2023-01-01 00:00:00,SMB,CUST-00749,2025-09-30,10,5014.44
2023Q1,2023-01-01 00:00:00,SMB,CUST-00749,2025-12-31,11,5014.44
2023Q1,2023-01-01 00:00:00,SMB,CUST-00749,2026-03-31,12,5014.56
2023Q1,2023-01-01 00:00:00,SMB,CUST-00749,2026-06-30,13,5014.56
2023Q1,2023-01-01 00:00:00,SMB,CUST-00757,2024-03-31,4,11101.44
2023Q1,2023-01-01 00:00:00,SMB,CUST-00757,2024-06-30,5,11101.44
2023Q1,2023-01-01 00:00:00,SMB,CUST-00757,2024-09-30,6,11101.44
2023Q1,2023-01-01 00:00:00,SMB,CUST-00757,2024-12-31,7,11101.44
2023Q1,2023-01-01 00:00:00,SMB,CUST-00757,2025-03-31,8,11609.76
2023Q1,2023-01-01 00:00:00,SMB,CUST-00757,2025-06-30,9,11609.76
2023Q1,2023-01-01 00:00:00,SMB,CUST-00757,2025-09-30,10,11609.76
2023Q1,2023-01-01 00:00:00,SMB,CUST-00757,2025-12-31,11,11609.76
2023Q1,2023-01-01 00:00:00,SMB,CUST-00757,2026-03-31,12,12036.72
2023Q1,2023-01-01 00:00:00,SMB,CUST-00757,2026-06-30,13,12036.72
2023Q1,2023-01-01 00:00:00,SMB,CUST-00770,2024-03-31,4,5488.80
2023Q1,2023-01-01 00:00:00,SMB,CUST-00770,2024-06-30,5,5488.80
2023Q1,2023-01-01 00:00:00,SMB,CUST-00770,2024-09-30,6,5488.80
2023Q1,2023-01-01 00:00:00,SMB,CUST-00770,2024-12-31,7,5488.80
2023Q1,2023-01-01 00:00:00,SMB,CUST-00770,2025-03-31,8,5488.80
2023Q1,2023-01-01 00:00:00,SMB,CUST-00770,2025-06-30,9,5488.80
2023Q1,2023-01-01 00:00:00,SMB,CUST-00770,2025-09-30,10,5488.80
2023Q1,2023-01-01 00:00:00,SMB,CUST-00770,2025-12-31,11,6098.64
2023Q1,2023-01-01 00:00:00,SMB,CUST-00770,2026-03-31,12,6098.64
2023Q1,2023-01-01 00:00:00,SMB,CUST-00770,2026-06-30,13,6098.64
2023Q1,2023-01-01 00:00:00,Mid-Market,CUST-01021,2024-03-31,4,80186.88
2023Q1,2023-01-01 00:00:00,Mid-Market,CUST-01021,2024-06-30,5,113949.72
2023Q1,2023-01-01 00:00:00,Mid-Market,CUST-01021,2024-09-30,6,113949.72
2023Q1,2023-01-01 00:00:00,Mid-Market,CUST-01021,2024-12-31,7,124382.04
2023Q1,2023-01-01 00:00:00,Mid-Market,CUST-01021,2025-03-31,8,118505.64
2023Q1,2023-01-01 00:00:00,Mid-Market,CUST-01021,2025-06-30,9,118505.64
2023Q1,2023-01-01 00:00:00,Mid-Market,CUST-01021,2025-09-30,10,129355.08
2023Q1,2023-01-01 00:00:00,Mid-Market,CUST-01021,2025-12-31,11,129355.08
2023Q1,2023-01-01 00:00:00,Mid-Market,CUST-01021,2026-03-31,12,122289.96
2023Q1,2023-01-01 00:00:00,Mid-Market,CUST-01021,2026-06-30,13,122289.96
2023Q1,2023-01-01 00:00:00,SMB,CUST-00753,2024-03-31,4,1752.36
2023Q1,2023-01-01 00:00:00,SMB,CUST-00753,2024-06-30,5,1752.36
2023Q1,2023-01-01 00:00:00,SMB,CUST-00753,2024-09-30,6,1752.36
2023Q1,2023-01-01 00:00:00,SMB,CUST-00753,2024-12-31,7,1752.36
2023Q1,2023-01-01 00:00:00,SMB,CUST-00753,2025-03-31,8,1752.36
2023Q1,2023-01-01 00:00:00,SMB,CUST-00753,2025-06-30,9,1752.36
2023Q1,2023-01-01 00:00:00,SMB,CUST-00753,2025-09-30,10,1752.36
2023Q1,2023-01-01 00:00:00,SMB,CUST-00753,2025-12-31,11,1752.36
2023Q1,2023-01-01 00:00:00,SMB,CUST-00753,2026-03-31,12,1752.36
2023Q1,2023-01-01 00:00:00,SMB,CUST-00753,2026-06-30,13,0.00
2023Q1,2023-01-01 00:00:00,SMB,CUST-00785,2024-03-31,4,0.00
2023Q1,2023-01-01 00:00:00,SMB,CUST-00785,2024-06-30,5,0.00
2023Q1,2023-01-01 00:00:00,SMB,CUST-00785,2024-09-30,6,0.00
2023Q1,2023-01-01 00:00:00,SMB,CUST-00785,2024-12-31,7,0.00
2023Q1,2023-01-01 00:00:00,SMB,CUST-00785,2025-03-31,8,0.00
2023Q1,2023-01-01 00:00:00,SMB,CUST-00785,2025-06-30,9,0.00
2023Q1,2023-01-01 00:00:00,SMB,CUST-00785,2025-09-30,10,0.00
2023Q1,2023-01-01 00:00:00,SMB,CUST-00785,2025-12-31,11,0.00
2023Q1,2023-01-01 00:00:00,SMB,CUST-00785,2026-03-31,12,0.00
2023Q1,2023-01-01 00:00:00,SMB,CUST-00785,2026-06-30,13,0.00
2023Q1,2023-01-01 00:00:00,SMB,CUST-00803,2024-03-31,4,3013.08
2023Q1,2023-01-01 00:00:00,SMB,CUST-00803,2024-06-30,5,3013.08
2023Q1,2023-01-01 00:00:00,SMB,CUST-00803,2024-09-30,6,3615.72
2023Q1,2023-01-01 00:00:00,SMB,CUST-00803,2024-12-31,7,3615.72
2023Q1,2023-01-01 00:00:00,SMB,CUST-00803,2025-03-31,8,3615.72
2023Q1,2023-01-01 00:00:00,SMB,CUST-00803,2025-06-30,9,4218.36
2023Q1,2023-01-01 00:00:00,SMB,CUST-00803,2025-09-30,10,4218.36
2023Q1,2023-01-01 00:00:00,SMB,CUST-00803,2025-12-31,11,4218.36
2023Q1,2023-01-01 00:00:00,SMB,CUST-00803,2026-03-31,12,4218.36
2023Q1,2023-01-01 00:00:00,SMB,CUST-00803,2026-06-30,13,0.00
2023Q1,2023-01-01 00:00:00,Mid-Market,CUST-01016,2024-03-31,4,44412.36
2023Q1,2023-01-01 00:00:00,Mid-Market,CUST-01016,2024-06-30,5,44412.36
2023Q1,2023-01-01 00:00:00,Mid-Market,CUST-01016,2024-09-30,6,44412.36
2023Q1,2023-01-01 00:00:00,Mid-Market,CUST-01016,2024-12-31,7,44412.36
2023Q1,2023-01-01 00:00:00,Mid-Market,CUST-01016,2025-03-31,8,46428.36
2023Q1,2023-01-01 00:00:00,Mid-Market,CUST-01016,2025-06-30,9,46428.36
2023Q1,2023-01-01 00:00:00,Mid-Market,CUST-01016,2025-09-30,10,46428.36
2023Q1,2023-01-01 00:00:00,Mid-Market,CUST-01016,2025-12-31,11,46428.36
2023Q1,2023-01-01 00:00:00,Mid-Market,CUST-01016,2026-03-31,12,46428.60
2023Q1,2023-01-01 00:00:00,Mid-Market,CUST-01016,2026-06-30,13,46428.60
2023Q1,2023-01-01 00:00:00,Mid-Market,CUST-01030,2024-03-31,4,69556.08
2023Q1,2023-01-01 00:00:00,Mid-Market,CUST-01030,2024-06-30,5,59496.84
2023Q1,2023-01-01 00:00:00,Mid-Market,CUST-01030,2024-09-30,6,59496.84
2023Q1,2023-01-01 00:00:00,Mid-Market,CUST-01030,2024-12-31,7,59496.84
2023Q1,2023-01-01 00:00:00,Mid-Market,CUST-01030,2025-03-31,8,59496.84
2023Q1,2023-01-01 00:00:00,Mid-Market,CUST-01030,2025-06-30,9,61584.84
2023Q1,2023-01-01 00:00:00,Mid-Market,CUST-01030,2025-09-30,10,61584.84
2023Q1,2023-01-01 00:00:00,Mid-Market,CUST-01030,2025-12-31,11,61584.84
2023Q1,2023-01-01 00:00:00,Mid-Market,CUST-01030,2026-03-31,12,61584.84
2023Q1,2023-01-01 00:00:00,Mid-Market,CUST-01030,2026-06-30,13,0.00
2023Q1,2023-01-01 00:00:00,Mid-Market,CUST-01034,2024-03-31,4,8433.48
2023Q1,2023-01-01 00:00:00,Mid-Market,CUST-01034,2024-06-30,5,0.00
2023Q1,2023-01-01 00:00:00,Mid-Market,CUST-01034,2024-09-30,6,0.00
2023Q1,2023-01-01 00:00:00,Mid-Market,CUST-01034,2024-12-31,7,0.00
2023Q1,2023-01-01 00:00:00,Mid-Market,CUST-01034,2025-03-31,8,0.00
2023Q1,2023-01-01 00:00:00,Mid-Market,CUST-01034,2025-06-30,9,0.00
2023Q1,2023-01-01 00:00:00,Mid-Market,CUST-01034,2025-09-30,10,0.00
2023Q1,2023-01-01 00:00:00,Mid-Market,CUST-01034,2025-12-31,11,0.00
2023Q1,2023-01-01 00:00:00,Mid-Market,CUST-01034,2026-03-31,12,0.00
2023Q1,2023-01-01 00:00:00,Mid-Market,CUST-01034,2026-06-30,13,0.00
2023Q1,2023-01-01 00:00:00,SMB,CUST-00764,2024-03-31,4,8664.60
2023Q1,2023-01-01 00:00:00,SMB,CUST-00764,2024-06-30,5,12835.08
2023Q1,2023-01-01 00:00:00,SMB,CUST-00764,2024-09-30,6,12835.08
2023Q1,2023-01-01 00:00:00,SMB,CUST-00764,2024-12-31,7,6769.92
2023Q1,2023-01-01 00:00:00,SMB,CUST-00764,2025-03-31,8,6769.92
2023Q1,2023-01-01 00:00:00,SMB,CUST-00764,2025-06-30,9,6769.92
2023Q1,2023-01-01 00:00:00,SMB,CUST-00764,2025-09-30,10,6769.92
2023Q1,2023-01-01 00:00:00,SMB,CUST-00764,2025-12-31,11,6769.92
2023Q1,2023-01-01 00:00:00,SMB,CUST-00764,2026-03-31,12,11968.68
2023Q1,2023-01-01 00:00:00,SMB,CUST-00764,2026-06-30,13,12835.08
2023Q1,2023-01-01 00:00:00,SMB,CUST-00784,2024-03-31,4,8737.32
2023Q1,2023-01-01 00:00:00,SMB,CUST-00784,2024-06-30,5,9329.16
2023Q1,2023-01-01 00:00:00,SMB,CUST-00784,2024-09-30,6,9329.16
2023Q1,2023-01-01 00:00:00,SMB,CUST-00784,2024-12-31,7,8737.32
2023Q1,2023-01-01 00:00:00,SMB,CUST-00784,2025-03-31,8,8737.32
2023Q1,2023-01-01 00:00:00,SMB,CUST-00784,2025-06-30,9,8737.32
2023Q1,2023-01-01 00:00:00,SMB,CUST-00784,2025-09-30,10,8737.32
2023Q1,2023-01-01 00:00:00,SMB,CUST-00784,2025-12-31,11,8737.32
2023Q1,2023-01-01 00:00:00,SMB,CUST-00784,2026-03-31,12,8737.32
2023Q1,2023-01-01 00:00:00,SMB,CUST-00784,2026-06-30,13,8737.32
2023Q1,2023-01-01 00:00:00,Mid-Market,CUST-01020,2024-03-31,4,10640.04
2023Q1,2023-01-01 00:00:00,Mid-Market,CUST-01020,2024-06-30,5,10640.04
2023Q1,2023-01-01 00:00:00,Mid-Market,CUST-01020,2024-09-30,6,10640.04
2023Q1,2023-01-01 00:00:00,Mid-Market,CUST-01020,2024-12-31,7,10640.04
2023Q1,2023-01-01 00:00:00,Mid-Market,CUST-01020,2025-03-31,8,10640.04
2023Q1,2023-01-01 00:00:00,Mid-Market,CUST-01020,2025-06-30,9,10640.04
2023Q1,2023-01-01 00:00:00,Mid-Market,CUST-01020,2025-09-30,10,10640.04
2023Q1,2023-01-01 00:00:00,Mid-Market,CUST-01020,2025-12-31,11,10640.04
2023Q1,2023-01-01 00:00:00,Mid-Market,CUST-01020,2026-03-31,12,10640.52
2023Q1,2023-01-01 00:00:00,Mid-Market,CUST-01020,2026-06-30,13,10640.52
2023Q1,2023-01-01 00:00:00,Enterprise,CUST-01104,2024-03-31,4,73365.84
2023Q1,2023-01-01 00:00:00,Enterprise,CUST-01104,2024-06-30,5,73365.84
2023Q1,2023-01-01 00:00:00,Enterprise,CUST-01104,2024-09-30,6,73365.84
2023Q1,2023-01-01 00:00:00,Enterprise,CUST-01104,2024-12-31,7,73365.84
2023Q1,2023-01-01 00:00:00,Enterprise,CUST-01104,2025-03-31,8,61835.04
2023Q1,2023-01-01 00:00:00,Enterprise,CUST-01104,2025-06-30,9,61835.04
2023Q1,2023-01-01 00:00:00,Enterprise,CUST-01104,2025-09-30,10,76263.24
2023Q1,2023-01-01 00:00:00,Enterprise,CUST-01104,2025-12-31,11,76263.24
2023Q1,2023-01-01 00:00:00,Enterprise,CUST-01104,2026-03-31,12,76263.24
2023Q1,2023-01-01 00:00:00,Enterprise,CUST-01104,2026-06-30,13,155750.28
2023Q1,2023-01-01 00:00:00,SMB,CUST-00745,2024-03-31,4,3626.52
2023Q1,2023-01-01 00:00:00,SMB,CUST-00745,2024-06-30,5,3626.52
2023Q1,2023-01-01 00:00:00,SMB,CUST-00745,2024-09-30,6,3626.52
2023Q1,2023-01-01 00:00:00,SMB,CUST-00745,2024-12-31,7,3626.52
2023Q1,2023-01-01 00:00:00,SMB,CUST-00745,2025-03-31,8,3626.52
2023Q1,2023-01-01 00:00:00,SMB,CUST-00745,2025-06-30,9,3626.52
2023Q1,2023-01-01 00:00:00,SMB,CUST-00745,2025-09-30,10,3626.52
2023Q1,2023-01-01 00:00:00,SMB,CUST-00745,2025-12-31,11,3626.52
2023Q1,2023-01-01 00:00:00,SMB,CUST-00745,2026-03-31,12,3626.52
2023Q1,2023-01-01 00:00:00,SMB,CUST-00745,2026-06-30,13,3626.52
2023Q1,2023-01-01 00:00:00,SMB,CUST-00747,2024-03-31,4,7110.96
2023Q1,2023-01-01 00:00:00,SMB,CUST-00747,2024-06-30,5,7110.96
2023Q1,2023-01-01 00:00:00,SMB,CUST-00747,2024-09-30,6,7110.96
2023Q1,2023-01-01 00:00:00,SMB,CUST-00747,2024-12-31,7,7110.96
2023Q1,2023-01-01 00:00:00,SMB,CUST-00747,2025-03-31,8,7110.96
2023Q1,2023-01-01 00:00:00,SMB,CUST-00747,2025-06-30,9,7110.96
2023Q1,2023-01-01 00:00:00,SMB,CUST-00747,2025-09-30,10,7110.96
2023Q1,2023-01-01 00:00:00,SMB,CUST-00747,2025-12-31,11,6568.20
2023Q1,2023-01-01 00:00:00,SMB,CUST-00747,2026-03-31,12,6568.20
2023Q1,2023-01-01 00:00:00,SMB,CUST-00747,2026-06-30,13,0.00
2023Q1,2023-01-01 00:00:00,SMB,CUST-00789,2024-03-31,4,9410.88
2023Q1,2023-01-01 00:00:00,SMB,CUST-00789,2024-06-30,5,9410.88
2023Q1,2023-01-01 00:00:00,SMB,CUST-00789,2024-09-30,6,9410.88
2023Q1,2023-01-01 00:00:00,SMB,CUST-00789,2024-12-31,7,9410.88
2023Q1,2023-01-01 00:00:00,SMB,CUST-00789,2025-03-31,8,10053.72
2023Q1,2023-01-01 00:00:00,SMB,CUST-00789,2025-06-30,9,10053.72
2023Q1,2023-01-01 00:00:00,SMB,CUST-00789,2025-09-30,10,10053.72
2023Q1,2023-01-01 00:00:00,SMB,CUST-00789,2025-12-31,11,10053.72
2023Q1,2023-01-01 00:00:00,SMB,CUST-00789,2026-03-31,12,10053.72
2023Q1,2023-01-01 00:00:00,SMB,CUST-00789,2026-06-30,13,10053.72
2023Q1,2023-01-01 00:00:00,SMB,CUST-00806,2024-03-31,4,14651.16
2023Q1,2023-01-01 00:00:00,SMB,CUST-00806,2024-06-30,5,14651.16
2023Q1,2023-01-01 00:00:00,SMB,CUST-00806,2024-09-30,6,14651.16
2023Q1,2023-01-01 00:00:00,SMB,CUST-00806,2024-12-31,7,17322.48
2023Q1,2023-01-01 00:00:00,SMB,CUST-00806,2025-03-31,8,17322.48
2023Q1,2023-01-01 00:00:00,SMB,CUST-00806,2025-06-30,9,17322.48
2023Q1,2023-01-01 00:00:00,SMB,CUST-00806,2025-09-30,10,17322.48
2023Q1,2023-01-01 00:00:00,SMB,CUST-00806,2025-12-31,11,17322.48
2023Q1,2023-01-01 00:00:00,SMB,CUST-00806,2026-03-31,12,17322.48
2023Q1,2023-01-01 00:00:00,SMB,CUST-00806,2026-06-30,13,17322.48
2023Q1,2023-01-01 00:00:00,SMB,CUST-00742,2024-03-31,4,10614.36
2023Q1,2023-01-01 00:00:00,SMB,CUST-00742,2024-06-30,5,10614.36
2023Q1,2023-01-01 00:00:00,SMB,CUST-00742,2024-09-30,6,10614.36
2023Q1,2023-01-01 00:00:00,SMB,CUST-00742,2024-12-31,7,10614.36
2023Q1,2023-01-01 00:00:00,SMB,CUST-00742,2025-03-31,8,10614.36
2023Q1,2023-01-01 00:00:00,SMB,CUST-00742,2025-06-30,9,10614.36
2023Q1,2023-01-01 00:00:00,SMB,CUST-00742,2025-09-30,10,14048.40
2023Q1,2023-01-01 00:00:00,SMB,CUST-00742,2025-12-31,11,14048.40
2023Q1,2023-01-01 00:00:00,SMB,CUST-00742,2026-03-31,12,14048.40
2023Q1,2023-01-01 00:00:00,SMB,CUST-00742,2026-06-30,13,14048.40
2023Q1,2023-01-01 00:00:00,SMB,CUST-00769,2024-03-31,4,3666.36
2023Q1,2023-01-01 00:00:00,SMB,CUST-00769,2024-06-30,5,3666.36
2023Q1,2023-01-01 00:00:00,SMB,CUST-00769,2024-09-30,6,3666.36
2023Q1,2023-01-01 00:00:00,SMB,CUST-00769,2024-12-31,7,3666.36
2023Q1,2023-01-01 00:00:00,SMB,CUST-00769,2025-03-31,8,4888.44
2023Q1,2023-01-01 00:00:00,SMB,CUST-00769,2025-06-30,9,4888.44
2023Q1,2023-01-01 00:00:00,SMB,CUST-00769,2025-09-30,10,4888.44
2023Q1,2023-01-01 00:00:00,SMB,CUST-00769,2025-12-31,11,4888.44
2023Q1,2023-01-01 00:00:00,SMB,CUST-00769,2026-03-31,12,5116.92
2023Q1,2023-01-01 00:00:00,SMB,CUST-00769,2026-06-30,13,5116.92
2023Q1,2023-01-01 00:00:00,SMB,CUST-00771,2024-03-31,4,9787.56
2023Q1,2023-01-01 00:00:00,SMB,CUST-00771,2024-06-30,5,9787.56
2023Q1,2023-01-01 00:00:00,SMB,CUST-00771,2024-09-30,6,9787.56
2023Q1,2023-01-01 00:00:00,SMB,CUST-00771,2024-12-31,7,9787.56
2023Q1,2023-01-01 00:00:00,SMB,CUST-00771,2025-03-31,8,9787.56
2023Q1,2023-01-01 00:00:00,SMB,CUST-00771,2025-06-30,9,9787.56
2023Q1,2023-01-01 00:00:00,SMB,CUST-00771,2025-09-30,10,9787.56
2023Q1,2023-01-01 00:00:00,SMB,CUST-00771,2025-12-31,11,9787.56
2023Q1,2023-01-01 00:00:00,SMB,CUST-00771,2026-03-31,12,9787.56
2023Q1,2023-01-01 00:00:00,SMB,CUST-00771,2026-06-30,13,9787.56
2023Q1,2023-01-01 00:00:00,SMB,CUST-00779,2024-03-31,4,5399.04
2023Q1,2023-01-01 00:00:00,SMB,CUST-00779,2024-06-30,5,5399.04
2023Q1,2023-01-01 00:00:00,SMB,CUST-00779,2024-09-30,6,5399.04
2023Q1,2023-01-01 00:00:00,SMB,CUST-00779,2024-12-31,7,5399.04
2023Q1,2023-01-01 00:00:00,SMB,CUST-00779,2025-03-31,8,5399.04
2023Q1,2023-01-01 00:00:00,SMB,CUST-00779,2025-06-30,9,5399.04
2023Q1,2023-01-01 00:00:00,SMB,CUST-00779,2025-09-30,10,3599.40
2023Q1,2023-01-01 00:00:00,SMB,CUST-00779,2025-12-31,11,0.00
2023Q1,2023-01-01 00:00:00,SMB,CUST-00779,2026-03-31,12,0.00
2023Q1,2023-01-01 00:00:00,SMB,CUST-00779,2026-06-30,13,0.00
2023Q1,2023-01-01 00:00:00,SMB,CUST-00808,2024-03-31,4,3512.16
2023Q1,2023-01-01 00:00:00,SMB,CUST-00808,2024-06-30,5,0.00
2023Q1,2023-01-01 00:00:00,SMB,CUST-00808,2024-09-30,6,0.00
2023Q1,2023-01-01 00:00:00,SMB,CUST-00808,2024-12-31,7,0.00
2023Q1,2023-01-01 00:00:00,SMB,CUST-00808,2025-03-31,8,0.00
2023Q1,2023-01-01 00:00:00,SMB,CUST-00808,2025-06-30,9,0.00
2023Q1,2023-01-01 00:00:00,SMB,CUST-00808,2025-09-30,10,0.00
2023Q1,2023-01-01 00:00:00,SMB,CUST-00808,2025-12-31,11,0.00
2023Q1,2023-01-01 00:00:00,SMB,CUST-00808,2026-03-31,12,0.00
2023Q1,2023-01-01 00:00:00,SMB,CUST-00808,2026-06-30,13,0.00
2023Q1,2023-01-01 00:00:00,SMB,CUST-00810,2024-03-31,4,3174.48
2023Q1,2023-01-01 00:00:00,SMB,CUST-00810,2024-06-30,5,0.00
2023Q1,2023-01-01 00:00:00,SMB,CUST-00810,2024-09-30,6,0.00
2023Q1,2023-01-01 00:00:00,SMB,CUST-00810,2024-12-31,7,0.00
2023Q1,2023-01-01 00:00:00,SMB,CUST-00810,2025-03-31,8,0.00
2023Q1,2023-01-01 00:00:00,SMB,CUST-00810,2025-06-30,9,0.00
2023Q1,2023-01-01 00:00:00,SMB,CUST-00810,2025-09-30,10,0.00
2023Q1,2023-01-01 00:00:00,SMB,CUST-00810,2025-12-31,11,0.00
2023Q1,2023-01-01 00:00:00,SMB,CUST-00810,2026-03-31,12,0.00
2023Q1,2023-01-01 00:00:00,SMB,CUST-00810,2026-06-30,13,0.00
2023Q1,2023-01-01 00:00:00,Mid-Market,CUST-01029,2024-03-31,4,36489.84
2023Q1,2023-01-01 00:00:00,Mid-Market,CUST-01029,2024-06-30,5,36107.76
2023Q1,2023-01-01 00:00:00,Mid-Market,CUST-01029,2024-09-30,6,36107.76
2023Q1,2023-01-01 00:00:00,Mid-Market,CUST-01029,2024-12-31,7,36107.76
2023Q1,2023-01-01 00:00:00,Mid-Market,CUST-01029,2025-03-31,8,36107.76
2023Q1,2023-01-01 00:00:00,Mid-Market,CUST-01029,2025-06-30,9,37400.52
2023Q1,2023-01-01 00:00:00,Mid-Market,CUST-01029,2025-09-30,10,37400.52
2023Q1,2023-01-01 00:00:00,Mid-Market,CUST-01029,2025-12-31,11,38839.08
2023Q1,2023-01-01 00:00:00,Mid-Market,CUST-01029,2026-03-31,12,38839.08
2023Q1,2023-01-01 00:00:00,Mid-Market,CUST-01029,2026-06-30,13,40741.20
2023Q1,2023-01-01 00:00:00,SMB,CUST-00807,2026-06-30,13,4190.88
2023Q1,2023-01-01 00:00:00,SMB,CUST-00768,2025-09-30,10,0.00
2023Q1,2023-01-01 00:00:00,SMB,CUST-00768,2025-12-31,11,0.00
2023Q1,2023-01-01 00:00:00,Enterprise,CUST-01102,2024-03-31,4,382467.36
2023Q1,2023-01-01 00:00:00,Enterprise,CUST-01102,2024-06-30,5,382467.36
2023Q1,2023-01-01 00:00:00,Enterprise,CUST-01102,2024-09-30,6,382467.36
2023Q1,2023-01-01 00:00:00,Enterprise,CUST-01102,2024-12-31,7,382467.36
2023Q1,2023-01-01 00:00:00,Enterprise,CUST-01102,2025-03-31,8,382460.88
2023Q1,2023-01-01 00:00:00,Enterprise,CUST-01102,2025-06-30,9,382460.88
2023Q1,2023-01-01 00:00:00,Enterprise,CUST-01102,2025-09-30,10,382460.88
2023Q1,2023-01-01 00:00:00,Enterprise,CUST-01102,2025-12-31,11,382460.88
2023Q1,2023-01-01 00:00:00,Enterprise,CUST-01102,2026-03-31,12,394977.72
2023Q1,2023-01-01 00:00:00,Enterprise,CUST-01102,2026-06-30,13,394977.72
2023Q1,2023-01-01 00:00:00,Mid-Market,CUST-01024,2024-03-31,4,9162.48
2023Q1,2023-01-01 00:00:00,Mid-Market,CUST-01024,2024-06-30,5,9162.48
2023Q1,2023-01-01 00:00:00,Mid-Market,CUST-01024,2024-09-30,6,12827.52
2023Q1,2023-01-01 00:00:00,Mid-Market,CUST-01024,2024-12-31,7,12827.52
2023Q1,2023-01-01 00:00:00,Mid-Market,CUST-01024,2025-03-31,8,9493.20
2023Q1,2023-01-01 00:00:00,Mid-Market,CUST-01024,2025-06-30,9,13290.48
2023Q1,2023-01-01 00:00:00,Mid-Market,CUST-01024,2025-09-30,10,13290.48
2023Q1,2023-01-01 00:00:00,Mid-Market,CUST-01024,2025-12-31,11,13290.48
2023Q1,2023-01-01 00:00:00,Mid-Market,CUST-01024,2026-03-31,12,0.00
2023Q1,2023-01-01 00:00:00,Mid-Market,CUST-01024,2026-06-30,13,0.00
2023Q1,2023-01-01 00:00:00,Mid-Market,CUST-01032,2024-03-31,4,16815.12
2023Q1,2023-01-01 00:00:00,Mid-Market,CUST-01032,2024-06-30,5,0.00
2023Q1,2023-01-01 00:00:00,Mid-Market,CUST-01032,2024-09-30,6,17320.44
2023Q1,2023-01-01 00:00:00,Mid-Market,CUST-01032,2024-12-31,7,17320.44
2023Q1,2023-01-01 00:00:00,Mid-Market,CUST-01032,2025-03-31,8,17320.44
2023Q1,2023-01-01 00:00:00,Mid-Market,CUST-01032,2025-06-30,9,17320.44
2023Q1,2023-01-01 00:00:00,Mid-Market,CUST-01032,2025-09-30,10,17320.92
2023Q1,2023-01-01 00:00:00,Mid-Market,CUST-01032,2025-12-31,11,17320.92
2023Q1,2023-01-01 00:00:00,Mid-Market,CUST-01032,2026-03-31,12,18403.56
2023Q1,2023-01-01 00:00:00,Mid-Market,CUST-01032,2026-06-30,13,18403.56
2023Q1,2023-01-01 00:00:00,SMB,CUST-00800,2025-06-30,9,0.00
2023Q1,2023-01-01 00:00:00,SMB,CUST-00800,2025-09-30,10,0.00
2023Q1,2023-01-01 00:00:00,SMB,CUST-00800,2025-12-31,11,0.00
2023Q1,2023-01-01 00:00:00,SMB,CUST-00800,2026-03-31,12,0.00
2023Q1,2023-01-01 00:00:00,SMB,CUST-00800,2026-06-30,13,0.00
2023Q1,2023-01-01 00:00:00,SMB,CUST-00807,2024-03-31,4,4190.88
2023Q1,2023-01-01 00:00:00,SMB,CUST-00807,2024-06-30,5,4190.88
2023Q1,2023-01-01 00:00:00,SMB,CUST-00807,2024-09-30,6,4190.88
2023Q1,2023-01-01 00:00:00,SMB,CUST-00807,2024-12-31,7,3352.80
2023Q1,2023-01-01 00:00:00,SMB,CUST-00807,2025-03-31,8,4190.88
2023Q1,2023-01-01 00:00:00,SMB,CUST-00807,2025-06-30,9,4190.88
2023Q1,2023-01-01 00:00:00,SMB,CUST-00807,2025-09-30,10,4190.88
2023Q1,2023-01-01 00:00:00,SMB,CUST-00807,2025-12-31,11,4190.88
2023Q1,2023-01-01 00:00:00,SMB,CUST-00807,2026-03-31,12,4190.88
2023Q1,2023-01-01 00:00:00,Mid-Market,CUST-01019,2025-06-30,9,30249.36
2023Q1,2023-01-01 00:00:00,Mid-Market,CUST-01019,2025-09-30,10,30249.36
2023Q1,2023-01-01 00:00:00,Mid-Market,CUST-01019,2025-12-31,11,30249.36
2023Q1,2023-01-01 00:00:00,Mid-Market,CUST-01019,2026-03-31,12,30249.36
2023Q1,2023-01-01 00:00:00,Mid-Market,CUST-01019,2026-06-30,13,30249.36
2023Q1,2023-01-01 00:00:00,Mid-Market,CUST-01028,2024-03-31,4,45289.08
2023Q1,2023-01-01 00:00:00,Mid-Market,CUST-01028,2024-06-30,5,48448.80
2023Q1,2023-01-01 00:00:00,Mid-Market,CUST-01028,2024-09-30,6,48448.80
2023Q1,2023-01-01 00:00:00,Mid-Market,CUST-01028,2024-12-31,7,58752.24
2023Q1,2023-01-01 00:00:00,Mid-Market,CUST-01028,2025-03-31,8,50423.76
2023Q1,2023-01-01 00:00:00,Mid-Market,CUST-01028,2025-06-30,9,50423.76
2023Q1,2023-01-01 00:00:00,Mid-Market,CUST-01028,2025-09-30,10,70593.24
2023Q1,2023-01-01 00:00:00,Mid-Market,CUST-01035,2024-03-31,4,10621.92
2023Q1,2023-01-01 00:00:00,Mid-Market,CUST-01035,2024-06-30,5,9656.64
2023Q1,2023-01-01 00:00:00,Mid-Market,CUST-01035,2024-09-30,6,9656.64
2023Q1,2023-01-01 00:00:00,Mid-Market,CUST-01035,2024-12-31,7,9656.64
2023Q1,2023-01-01 00:00:00,Mid-Market,CUST-01035,2025-03-31,8,9656.64
2023Q1,2023-01-01 00:00:00,Mid-Market,CUST-01035,2025-06-30,9,7725.12
2023Q1,2023-01-01 00:00:00,Mid-Market,CUST-01035,2025-09-30,10,7725.12
2023Q1,2023-01-01 00:00:00,Mid-Market,CUST-01035,2025-12-31,11,7725.12
2023Q1,2023-01-01 00:00:00,Mid-Market,CUST-01035,2026-03-31,12,7725.12
2023Q1,2023-01-01 00:00:00,SMB,CUST-00759,2024-03-31,4,19419.96
2023Q1,2023-01-01 00:00:00,SMB,CUST-00759,2024-06-30,5,19419.96
2023Q1,2023-01-01 00:00:00,SMB,CUST-00759,2024-09-30,6,19419.96
2023Q1,2023-01-01 00:00:00,SMB,CUST-00759,2024-12-31,7,19419.96
2023Q1,2023-01-01 00:00:00,SMB,CUST-00759,2025-03-31,8,19419.96
2023Q1,2023-01-01 00:00:00,SMB,CUST-00759,2025-06-30,9,19419.96
2023Q1,2023-01-01 00:00:00,SMB,CUST-00759,2025-09-30,10,19419.96
2023Q1,2023-01-01 00:00:00,SMB,CUST-00759,2025-12-31,11,27187.92
2023Q1,2023-01-01 00:00:00,SMB,CUST-00759,2026-03-31,12,27187.92
2023Q1,2023-01-01 00:00:00,SMB,CUST-00759,2026-06-30,13,0.00
2023Q1,2023-01-01 00:00:00,SMB,CUST-00777,2024-03-31,4,0.00
2023Q1,2023-01-01 00:00:00,SMB,CUST-00777,2024-06-30,5,0.00
2023Q1,2023-01-01 00:00:00,SMB,CUST-00777,2024-09-30,6,0.00
2023Q1,2023-01-01 00:00:00,SMB,CUST-00777,2024-12-31,7,0.00
2023Q1,2023-01-01 00:00:00,SMB,CUST-00777,2025-03-31,8,0.00
2023Q1,2023-01-01 00:00:00,SMB,CUST-00777,2025-06-30,9,0.00
2023Q1,2023-01-01 00:00:00,SMB,CUST-00777,2025-09-30,10,0.00
2023Q1,2023-01-01 00:00:00,SMB,CUST-00777,2025-12-31,11,0.00
2023Q1,2023-01-01 00:00:00,SMB,CUST-00777,2026-03-31,12,0.00
2023Q1,2023-01-01 00:00:00,SMB,CUST-00777,2026-06-30,13,0.00
2023Q1,2023-01-01 00:00:00,Enterprise,CUST-01103,2024-03-31,4,176649.48
2023Q1,2023-01-01 00:00:00,Enterprise,CUST-01103,2024-06-30,5,176649.48
2023Q1,2023-01-01 00:00:00,Enterprise,CUST-01103,2024-09-30,6,176649.48
2023Q1,2023-01-01 00:00:00,Enterprise,CUST-01103,2024-12-31,7,176649.48
2023Q1,2023-01-01 00:00:00,Enterprise,CUST-01103,2025-03-31,8,182793.96
2023Q1,2023-01-01 00:00:00,Enterprise,CUST-01103,2025-06-30,9,182793.96
2023Q1,2023-01-01 00:00:00,Enterprise,CUST-01103,2025-09-30,10,182793.96
2023Q1,2023-01-01 00:00:00,Enterprise,CUST-01103,2025-12-31,11,182793.96
2023Q1,2023-01-01 00:00:00,Enterprise,CUST-01103,2026-03-31,12,182793.96
2023Q1,2023-01-01 00:00:00,Enterprise,CUST-01103,2026-06-30,13,182793.96
2023Q1,2023-01-01 00:00:00,Enterprise,CUST-01105,2024-03-31,4,127749.96
2023Q1,2023-01-01 00:00:00,Enterprise,CUST-01105,2024-06-30,5,132069.36
2023Q1,2023-01-01 00:00:00,Enterprise,CUST-01105,2024-09-30,6,132069.36
2023Q1,2023-01-01 00:00:00,Enterprise,CUST-01105,2024-12-31,7,132069.36
2023Q1,2023-01-01 00:00:00,Enterprise,CUST-01105,2025-03-31,8,132069.36
2023Q1,2023-01-01 00:00:00,Enterprise,CUST-01105,2025-06-30,9,137918.40
2023Q1,2023-01-01 00:00:00,Enterprise,CUST-01105,2025-09-30,10,137918.40
2023Q1,2023-01-01 00:00:00,Enterprise,CUST-01105,2025-12-31,11,137918.40
2023Q1,2023-01-01 00:00:00,Enterprise,CUST-01105,2026-03-31,12,137918.40
2023Q1,2023-01-01 00:00:00,Enterprise,CUST-01105,2026-06-30,13,143058.60
2023Q1,2023-01-01 00:00:00,Mid-Market,CUST-01031,2024-03-31,4,24078.12
2023Q1,2023-01-01 00:00:00,Mid-Market,CUST-01031,2024-06-30,5,0.00
2023Q1,2023-01-01 00:00:00,Mid-Market,CUST-01031,2024-09-30,6,0.00
2023Q1,2023-01-01 00:00:00,Mid-Market,CUST-01031,2024-12-31,7,0.00
2023Q1,2023-01-01 00:00:00,Mid-Market,CUST-01031,2025-03-31,8,0.00
2023Q1,2023-01-01 00:00:00,Mid-Market,CUST-01031,2025-06-30,9,0.00
2023Q1,2023-01-01 00:00:00,Mid-Market,CUST-01031,2025-09-30,10,0.00
2023Q1,2023-01-01 00:00:00,Mid-Market,CUST-01031,2025-12-31,11,0.00
2023Q1,2023-01-01 00:00:00,Mid-Market,CUST-01031,2026-03-31,12,0.00
2023Q1,2023-01-01 00:00:00,Mid-Market,CUST-01031,2026-06-30,13,0.00
2023Q1,2023-01-01 00:00:00,Mid-Market,CUST-01038,2024-03-31,4,14799.36
2023Q1,2023-01-01 00:00:00,Mid-Market,CUST-01038,2024-06-30,5,0.00
2023Q1,2023-01-01 00:00:00,Mid-Market,CUST-01038,2024-09-30,6,0.00
2023Q1,2023-01-01 00:00:00,Mid-Market,CUST-01038,2024-12-31,7,0.00
2023Q1,2023-01-01 00:00:00,Mid-Market,CUST-01038,2025-03-31,8,0.00
2023Q1,2023-01-01 00:00:00,Mid-Market,CUST-01038,2025-06-30,9,0.00
2023Q1,2023-01-01 00:00:00,Mid-Market,CUST-01038,2025-09-30,10,0.00
2023Q1,2023-01-01 00:00:00,Mid-Market,CUST-01038,2025-12-31,11,0.00
2023Q1,2023-01-01 00:00:00,Mid-Market,CUST-01038,2026-03-31,12,0.00
2023Q1,2023-01-01 00:00:00,Mid-Market,CUST-01038,2026-06-30,13,0.00
2023Q1,2023-01-01 00:00:00,Mid-Market,CUST-01027,2025-03-31,8,294313.20
2023Q1,2023-01-01 00:00:00,Mid-Market,CUST-01027,2025-06-30,9,294313.20
2023Q1,2023-01-01 00:00:00,Mid-Market,CUST-01027,2025-09-30,10,294313.20
2023Q1,2023-01-01 00:00:00,Mid-Market,CUST-01027,2025-12-31,11,294313.20
2023Q1,2023-01-01 00:00:00,Mid-Market,CUST-01027,2026-03-31,12,308325.24
2023Q1,2023-01-01 00:00:00,Mid-Market,CUST-01027,2026-06-30,13,308325.24
2023Q1,2023-01-01 00:00:00,Mid-Market,CUST-01023,2024-03-31,4,29091.72
2023Q1,2023-01-01 00:00:00,Mid-Market,CUST-01035,2026-06-30,13,7725.00
2023Q1,2023-01-01 00:00:00,Mid-Market,CUST-01023,2025-09-30,10,30026.64
2023Q1,2023-01-01 00:00:00,Mid-Market,CUST-01023,2025-12-31,11,30026.64
2023Q1,2023-01-01 00:00:00,Mid-Market,CUST-01023,2026-03-31,12,31257.96
2023Q1,2023-01-01 00:00:00,Mid-Market,CUST-01023,2026-06-30,13,31257.96
2023Q1,2023-01-01 00:00:00,Mid-Market,CUST-01025,2024-03-31,4,0.00
2023Q1,2023-01-01 00:00:00,Mid-Market,CUST-01025,2024-06-30,5,0.00
2023Q1,2023-01-01 00:00:00,Mid-Market,CUST-01025,2024-09-30,6,0.00
2023Q1,2023-01-01 00:00:00,Mid-Market,CUST-01025,2024-12-31,7,0.00
2023Q1,2023-01-01 00:00:00,Mid-Market,CUST-01025,2025-03-31,8,0.00
2023Q1,2023-01-01 00:00:00,Mid-Market,CUST-01025,2025-06-30,9,0.00
2023Q1,2023-01-01 00:00:00,Mid-Market,CUST-01025,2025-09-30,10,0.00
2023Q1,2023-01-01 00:00:00,Mid-Market,CUST-01025,2025-12-31,11,0.00
2023Q1,2023-01-01 00:00:00,SMB,CUST-00768,2024-12-31,7,4786.44
2023Q1,2023-01-01 00:00:00,SMB,CUST-00768,2025-03-31,8,6154.08
2023Q1,2023-01-01 00:00:00,Mid-Market,CUST-01027,2024-03-31,4,282747.48
2023Q1,2023-01-01 00:00:00,Mid-Market,CUST-01027,2024-06-30,5,282747.48
2023Q1,2023-01-01 00:00:00,Mid-Market,CUST-01027,2024-09-30,6,282747.48
2023Q1,2023-01-01 00:00:00,Mid-Market,CUST-01027,2024-12-31,7,282747.48
2023Q1,2023-01-01 00:00:00,Mid-Market,CUST-01025,2026-03-31,12,0.00
2023Q1,2023-01-01 00:00:00,Mid-Market,CUST-01025,2026-06-30,13,0.00
2023Q1,2023-01-01 00:00:00,SMB,CUST-00768,2025-06-30,9,0.00
2023Q1,2023-01-01 00:00:00,Mid-Market,CUST-01017,2024-03-31,4,21242.16
2023Q1,2023-01-01 00:00:00,Mid-Market,CUST-01017,2024-06-30,5,21242.16
2023Q1,2023-01-01 00:00:00,Mid-Market,CUST-01017,2024-09-30,6,31349.28
2023Q1,2023-01-01 00:00:00,Mid-Market,CUST-01017,2024-12-31,7,31349.28
2023Q1,2023-01-01 00:00:00,Mid-Market,CUST-01017,2025-03-31,8,38662.20
2023Q1,2023-01-01 00:00:00,Mid-Market,CUST-01017,2025-06-30,9,38662.20
2023Q1,2023-01-01 00:00:00,Mid-Market,CUST-01017,2025-09-30,10,38662.20
2023Q1,2023-01-01 00:00:00,Mid-Market,CUST-01017,2025-12-31,11,99887.28
2023Q1,2023-01-01 00:00:00,SMB,CUST-00800,2024-03-31,4,22357.44
2023Q1,2023-01-01 00:00:00,SMB,CUST-00800,2024-06-30,5,16711.92
2023Q1,2023-01-01 00:00:00,SMB,CUST-00800,2024-09-30,6,16711.92
2023Q1,2023-01-01 00:00:00,SMB,CUST-00800,2024-12-31,7,23396.64
2023Q1,2023-01-01 00:00:00,Mid-Market,CUST-01023,2024-12-31,7,29091.72
2023Q1,2023-01-01 00:00:00,Mid-Market,CUST-01023,2025-03-31,8,30026.64
2023Q1,2023-01-01 00:00:00,Mid-Market,CUST-01023,2025-06-30,9,30026.64
2023Q1,2023-01-01 00:00:00,SMB,CUST-00800,2025-03-31,8,25151.76
2023Q1,2023-01-01 00:00:00,Mid-Market,CUST-01023,2024-06-30,5,29091.72
2023Q1,2023-01-01 00:00:00,Mid-Market,CUST-01023,2024-09-30,6,29091.72
2023Q1,2023-01-01 00:00:00,Mid-Market,CUST-01017,2026-03-31,12,66756.12
2023Q1,2023-01-01 00:00:00,Mid-Market,CUST-01017,2026-06-30,13,93458.52
2023Q1,2023-01-01 00:00:00,SMB,CUST-00801,2024-09-30,6,0.00
2023Q1,2023-01-01 00:00:00,SMB,CUST-00801,2024-12-31,7,0.00
2023Q1,2023-01-01 00:00:00,SMB,CUST-00801,2025-03-31,8,0.00
2023Q1,2023-01-01 00:00:00,SMB,CUST-00801,2025-06-30,9,0.00
2023Q1,2023-01-01 00:00:00,SMB,CUST-00801,2025-09-30,10,0.00
2023Q1,2023-01-01 00:00:00,SMB,CUST-00801,2025-12-31,11,0.00
2023Q1,2023-01-01 00:00:00,SMB,CUST-00801,2026-03-31,12,0.00
2023Q1,2023-01-01 00:00:00,SMB,CUST-00801,2026-06-30,13,0.00
2023Q1,2023-01-01 00:00:00,SMB,CUST-00802,2024-03-31,4,9883.56
2023Q1,2023-01-01 00:00:00,SMB,CUST-00802,2024-06-30,5,7297.56
2023Q1,2023-01-01 00:00:00,SMB,CUST-00768,2026-03-31,12,0.00
2023Q1,2023-01-01 00:00:00,SMB,CUST-00811,2024-03-31,4,9001.08
2023Q1,2023-01-01 00:00:00,SMB,CUST-00811,2024-06-30,5,0.00
2023Q1,2023-01-01 00:00:00,SMB,CUST-00811,2024-09-30,6,0.00
2023Q1,2023-01-01 00:00:00,SMB,CUST-00811,2024-12-31,7,0.00
2023Q1,2023-01-01 00:00:00,SMB,CUST-00811,2025-03-31,8,0.00
2023Q1,2023-01-01 00:00:00,SMB,CUST-00811,2025-06-30,9,0.00
2023Q1,2023-01-01 00:00:00,SMB,CUST-00811,2025-09-30,10,0.00
2023Q1,2023-01-01 00:00:00,SMB,CUST-00811,2025-12-31,11,0.00
2023Q1,2023-01-01 00:00:00,SMB,CUST-00811,2026-03-31,12,0.00
2023Q1,2023-01-01 00:00:00,SMB,CUST-00811,2026-06-30,13,0.00
2023Q1,2023-01-01 00:00:00,SMB,CUST-00739,2024-03-31,4,6543.96
2023Q1,2023-01-01 00:00:00,SMB,CUST-00739,2024-06-30,5,6543.96
2023Q1,2023-01-01 00:00:00,SMB,CUST-00739,2024-09-30,6,6543.96
2023Q1,2023-01-01 00:00:00,SMB,CUST-00739,2024-12-31,7,6543.96
2023Q1,2023-01-01 00:00:00,SMB,CUST-00739,2025-03-31,8,7852.44
2023Q1,2023-01-01 00:00:00,SMB,CUST-00739,2025-06-30,9,9815.52
2023Q1,2023-01-01 00:00:00,SMB,CUST-00739,2025-09-30,10,9815.52
2023Q1,2023-01-01 00:00:00,SMB,CUST-00739,2025-12-31,11,11124.24
2023Q1,2023-01-01 00:00:00,SMB,CUST-00739,2026-03-31,12,11624.40
2023Q1,2023-01-01 00:00:00,SMB,CUST-00739,2026-06-30,13,11624.40
2023Q1,2023-01-01 00:00:00,SMB,CUST-00761,2024-03-31,4,4546.92
2023Q1,2023-01-01 00:00:00,SMB,CUST-00761,2024-06-30,5,0.00
2023Q1,2023-01-01 00:00:00,SMB,CUST-00761,2024-09-30,6,0.00
2023Q1,2023-01-01 00:00:00,SMB,CUST-00761,2024-12-31,7,0.00
2023Q1,2023-01-01 00:00:00,SMB,CUST-00761,2025-03-31,8,0.00
2023Q1,2023-01-01 00:00:00,SMB,CUST-00761,2025-06-30,9,0.00
2023Q1,2023-01-01 00:00:00,SMB,CUST-00761,2025-09-30,10,0.00
2023Q1,2023-01-01 00:00:00,SMB,CUST-00761,2025-12-31,11,0.00
2023Q1,2023-01-01 00:00:00,SMB,CUST-00761,2026-03-31,12,0.00
2023Q1,2023-01-01 00:00:00,SMB,CUST-00761,2026-06-30,13,0.00
2023Q1,2023-01-01 00:00:00,SMB,CUST-00787,2024-03-31,4,0.00
2023Q1,2023-01-01 00:00:00,SMB,CUST-00787,2024-06-30,5,0.00
2023Q1,2023-01-01 00:00:00,SMB,CUST-00787,2024-09-30,6,0.00
2023Q1,2023-01-01 00:00:00,SMB,CUST-00787,2024-12-31,7,0.00
2023Q1,2023-01-01 00:00:00,SMB,CUST-00787,2025-03-31,8,0.00
2023Q1,2023-01-01 00:00:00,SMB,CUST-00787,2025-06-30,9,0.00
2023Q1,2023-01-01 00:00:00,SMB,CUST-00787,2025-09-30,10,0.00
2023Q1,2023-01-01 00:00:00,SMB,CUST-00787,2025-12-31,11,0.00
2023Q1,2023-01-01 00:00:00,SMB,CUST-00787,2026-03-31,12,0.00
2023Q1,2023-01-01 00:00:00,SMB,CUST-00787,2026-06-30,13,0.00
2023Q1,2023-01-01 00:00:00,SMB,CUST-00799,2024-03-31,4,14308.80
2023Q1,2023-01-01 00:00:00,SMB,CUST-00799,2024-06-30,5,8655.48
2023Q1,2023-01-01 00:00:00,SMB,CUST-00799,2024-09-30,6,8655.48
2023Q1,2023-01-01 00:00:00,SMB,CUST-00799,2024-12-31,7,8655.48
2023Q1,2023-01-01 00:00:00,SMB,CUST-00799,2025-03-31,8,8655.48
2023Q1,2023-01-01 00:00:00,SMB,CUST-00799,2025-06-30,9,9013.68
2023Q1,2023-01-01 00:00:00,SMB,CUST-00799,2025-09-30,10,9013.68
2023Q1,2023-01-01 00:00:00,SMB,CUST-00799,2025-12-31,11,9013.68
2023Q1,2023-01-01 00:00:00,SMB,CUST-00799,2026-03-31,12,9013.68
2023Q1,2023-01-01 00:00:00,SMB,CUST-00802,2024-09-30,6,7297.56
2023Q1,2023-01-01 00:00:00,SMB,CUST-00802,2024-12-31,7,7297.56
2023Q1,2023-01-01 00:00:00,SMB,CUST-00802,2025-03-31,8,7297.56
2023Q1,2023-01-01 00:00:00,SMB,CUST-00802,2025-06-30,9,7556.40
2023Q1,2023-01-01 00:00:00,SMB,CUST-00802,2025-09-30,10,10578.96
2023Q1,2023-01-01 00:00:00,SMB,CUST-00802,2025-12-31,11,10578.96
2023Q1,2023-01-01 00:00:00,SMB,CUST-00802,2026-03-31,12,10578.96
2023Q1,2023-01-01 00:00:00,SMB,CUST-00802,2026-06-30,13,7922.64
2023Q1,2023-01-01 00:00:00,SMB,CUST-00799,2026-06-30,13,0.00
2023Q1,2023-01-01 00:00:00,SMB,CUST-00754,2025-09-30,10,2641.80
2023Q1,2023-01-01 00:00:00,SMB,CUST-00754,2025-12-31,11,2641.80
2023Q1,2023-01-01 00:00:00,SMB,CUST-00754,2026-03-31,12,0.00
2023Q1,2023-01-01 00:00:00,SMB,CUST-00754,2026-06-30,13,0.00
2023Q1,2023-01-01 00:00:00,Mid-Market,CUST-01028,2026-03-31,12,52520.64
2023Q1,2023-01-01 00:00:00,Mid-Market,CUST-01028,2026-06-30,13,52520.64
2023Q1,2023-01-01 00:00:00,SMB,CUST-00768,2026-06-30,13,0.00
2023Q1,2023-01-01 00:00:00,SMB,CUST-00768,2024-03-31,4,3767.52
2023Q1,2023-01-01 00:00:00,SMB,CUST-00768,2024-06-30,5,0.00
2023Q1,2023-01-01 00:00:00,SMB,CUST-00768,2024-09-30,6,4786.44
2023Q1,2023-01-01 00:00:00,Mid-Market,CUST-01028,2025-12-31,11,81316.68
2023Q1,2023-01-01 00:00:00,SMB,CUST-00812,2025-03-31,8,0.00
2023Q1,2023-01-01 00:00:00,SMB,CUST-00812,2025-06-30,9,0.00
2023Q1,2023-01-01 00:00:00,SMB,CUST-00812,2025-09-30,10,0.00
2023Q1,2023-01-01 00:00:00,SMB,CUST-00812,2025-12-31,11,0.00
2023Q1,2023-01-01 00:00:00,SMB,CUST-00812,2026-03-31,12,0.00
2023Q1,2023-01-01 00:00:00,SMB,CUST-00812,2026-06-30,13,0.00
2023Q1,2023-01-01 00:00:00,SMB,CUST-00762,2024-03-31,4,2973.72
2023Q1,2023-01-01 00:00:00,SMB,CUST-00762,2024-06-30,5,2973.72
2023Q1,2023-01-01 00:00:00,SMB,CUST-00762,2024-09-30,6,2973.72
2023Q1,2023-01-01 00:00:00,SMB,CUST-00762,2024-12-31,7,2973.72
2023Q1,2023-01-01 00:00:00,SMB,CUST-00762,2025-03-31,8,4163.16
2023Q1,2023-01-01 00:00:00,SMB,CUST-00762,2025-06-30,9,4163.16
2023Q1,2023-01-01 00:00:00,SMB,CUST-00762,2025-09-30,10,4163.16
2023Q1,2023-01-01 00:00:00,SMB,CUST-00762,2025-12-31,11,4163.16
2023Q1,2023-01-01 00:00:00,SMB,CUST-00762,2026-03-31,12,4163.16
2023Q1,2023-01-01 00:00:00,SMB,CUST-00762,2026-06-30,13,4163.16
2023Q1,2023-01-01 00:00:00,SMB,CUST-00812,2024-03-31,4,8718.60
2023Q1,2023-01-01 00:00:00,SMB,CUST-00812,2024-06-30,5,0.00
2023Q1,2023-01-01 00:00:00,SMB,CUST-00812,2024-09-30,6,0.00
2023Q1,2023-01-01 00:00:00,SMB,CUST-00792,2024-09-30,6,3793.80
2023Q1,2023-01-01 00:00:00,SMB,CUST-00792,2024-12-31,7,3793.80
2023Q1,2023-01-01 00:00:00,SMB,CUST-00812,2024-12-31,7,0.00
2023Q1,2023-01-01 00:00:00,Mid-Market,CUST-01036,2024-03-31,4,72162.60
2023Q1,2023-01-01 00:00:00,Mid-Market,CUST-01036,2024-06-30,5,75202.68
2023Q1,2023-01-01 00:00:00,Mid-Market,CUST-01036,2024-09-30,6,75202.68
2023Q1,2023-01-01 00:00:00,Mid-Market,CUST-01036,2024-12-31,7,75202.68
2023Q1,2023-01-01 00:00:00,Mid-Market,CUST-01036,2025-03-31,8,75202.68
2023Q1,2023-01-01 00:00:00,Mid-Market,CUST-01036,2025-06-30,9,77891.52
2023Q1,2023-01-01 00:00:00,Mid-Market,CUST-01036,2025-09-30,10,77891.52
2023Q1,2023-01-01 00:00:00,Mid-Market,CUST-01036,2025-12-31,11,77891.52
2023Q1,2023-01-01 00:00:00,Mid-Market,CUST-01036,2026-03-31,12,77891.52
2023Q1,2023-01-01 00:00:00,SMB,CUST-00792,2025-03-31,8,3793.80
2023Q1,2023-01-01 00:00:00,SMB,CUST-00792,2025-06-30,9,3793.80
2023Q1,2023-01-01 00:00:00,SMB,CUST-00792,2025-09-30,10,3793.80
2023Q1,2023-01-01 00:00:00,SMB,CUST-00792,2025-12-31,11,3793.80
2023Q1,2023-01-01 00:00:00,SMB,CUST-00792,2026-03-31,12,3793.80
2023Q1,2023-01-01 00:00:00,SMB,CUST-00792,2026-06-30,13,6162.36
2023Q1,2023-01-01 00:00:00,Mid-Market,CUST-01036,2026-06-30,13,80921.40
2023Q1,2023-01-01 00:00:00,SMB,CUST-00751,2024-03-31,4,11245.56
2023Q1,2023-01-01 00:00:00,SMB,CUST-00751,2024-06-30,5,11245.56
2023Q1,2023-01-01 00:00:00,SMB,CUST-00751,2024-09-30,6,10632.24
2023Q1,2023-01-01 00:00:00,SMB,CUST-00751,2024-12-31,7,10632.24
2023Q1,2023-01-01 00:00:00,SMB,CUST-00751,2025-03-31,8,10632.24
2023Q1,2023-01-01 00:00:00,SMB,CUST-00751,2025-06-30,9,10632.24
2023Q1,2023-01-01 00:00:00,SMB,CUST-00751,2025-09-30,10,10632.24
2023Q1,2023-01-01 00:00:00,SMB,CUST-00751,2025-12-31,11,10632.24
2023Q1,2023-01-01 00:00:00,SMB,CUST-00751,2026-03-31,12,10632.24
2023Q1,2023-01-01 00:00:00,SMB,CUST-00751,2026-06-30,13,10632.24
2023Q1,2023-01-01 00:00:00,SMB,CUST-00754,2024-03-31,4,2641.80
2023Q1,2023-01-01 00:00:00,SMB,CUST-00754,2024-06-30,5,2641.80
2023Q1,2023-01-01 00:00:00,SMB,CUST-00754,2024-09-30,6,2641.80
2023Q1,2023-01-01 00:00:00,SMB,CUST-00754,2024-12-31,7,2641.80
2023Q1,2023-01-01 00:00:00,SMB,CUST-00754,2025-03-31,8,1761.12
2023Q1,2023-01-01 00:00:00,SMB,CUST-00754,2025-06-30,9,1761.12
2023Q1,2023-01-01 00:00:00,SMB,CUST-00801,2024-03-31,4,15809.52
2023Q1,2023-01-01 00:00:00,SMB,CUST-00792,2024-06-30,5,3793.80
2023Q1,2023-01-01 00:00:00,Enterprise,CUST-01101,2024-03-31,4,144008.52
2023Q1,2023-01-01 00:00:00,Enterprise,CUST-01101,2024-06-30,5,144008.52
2023Q1,2023-01-01 00:00:00,Enterprise,CUST-01101,2024-09-30,6,195022.08
2023Q1,2023-01-01 00:00:00,Enterprise,CUST-01101,2024-12-31,7,195022.08
2023Q1,2023-01-01 00:00:00,Enterprise,CUST-01101,2025-03-31,8,148475.28
2023Q1,2023-01-01 00:00:00,Enterprise,CUST-01101,2025-06-30,9,148475.28
2023Q1,2023-01-01 00:00:00,Enterprise,CUST-01101,2025-09-30,10,148475.28
2023Q1,2023-01-01 00:00:00,Enterprise,CUST-01101,2025-12-31,11,148475.28
2023Q1,2023-01-01 00:00:00,Enterprise,CUST-01101,2026-03-31,12,153653.16
2023Q1,2023-01-01 00:00:00,Enterprise,CUST-01101,2026-06-30,13,208083.24
2023Q1,2023-01-01 00:00:00,SMB,CUST-00763,2024-03-31,4,15156.48
2023Q1,2023-01-01 00:00:00,SMB,CUST-00763,2024-06-30,5,15156.48
2023Q1,2023-01-01 00:00:00,SMB,CUST-00763,2025-12-31,11,15156.48
2023Q1,2023-01-01 00:00:00,SMB,CUST-00763,2026-03-31,12,16773.84
2023Q1,2023-01-01 00:00:00,SMB,CUST-00763,2026-06-30,13,16773.84
2023Q1,2023-01-01 00:00:00,SMB,CUST-00792,2024-03-31,4,3793.80
2023Q1,2023-01-01 00:00:00,SMB,CUST-00801,2024-06-30,5,0.00
2023Q1,2023-01-01 00:00:00,Mid-Market,CUST-01019,2024-06-30,5,28882.56
2023Q1,2023-01-01 00:00:00,Mid-Market,CUST-01019,2024-09-30,6,28882.56
2023Q1,2023-01-01 00:00:00,SMB,CUST-00763,2025-03-31,8,15156.48
2023Q1,2023-01-01 00:00:00,SMB,CUST-00763,2025-06-30,9,15156.48
2023Q1,2023-01-01 00:00:00,SMB,CUST-00763,2025-09-30,10,15156.48
2023Q1,2023-01-01 00:00:00,Mid-Market,CUST-01019,2024-03-31,4,28882.56
2023Q1,2023-01-01 00:00:00,Mid-Market,CUST-01019,2024-12-31,7,28882.56
2023Q1,2023-01-01 00:00:00,SMB,CUST-00763,2024-09-30,6,15156.48
2023Q1,2023-01-01 00:00:00,SMB,CUST-00763,2024-12-31,7,15156.48
2023Q1,2023-01-01 00:00:00,Mid-Market,CUST-01019,2025-03-31,8,30249.36
2023Q2,2023-04-01 00:00:00,SMB,CUST-00845,2024-03-31,3,2207.16
2023Q2,2023-04-01 00:00:00,SMB,CUST-00845,2024-06-30,4,2207.16
2023Q2,2023-04-01 00:00:00,SMB,CUST-00845,2024-09-30,5,2207.16
2023Q2,2023-04-01 00:00:00,SMB,CUST-00845,2024-12-31,6,2207.16
2023Q2,2023-04-01 00:00:00,SMB,CUST-00845,2025-03-31,7,2207.16
2023Q2,2023-04-01 00:00:00,SMB,CUST-00845,2025-06-30,8,2207.16
2023Q2,2023-04-01 00:00:00,SMB,CUST-00845,2025-09-30,9,2758.92
2023Q2,2023-04-01 00:00:00,SMB,CUST-00845,2025-12-31,10,2758.92
2023Q2,2023-04-01 00:00:00,SMB,CUST-00845,2026-03-31,11,2758.92
2023Q2,2023-04-01 00:00:00,SMB,CUST-00845,2026-06-30,12,2758.92
2023Q2,2023-04-01 00:00:00,SMB,CUST-00873,2024-03-31,3,3650.28
2023Q2,2023-04-01 00:00:00,SMB,CUST-00873,2024-06-30,4,0.00
2023Q2,2023-04-01 00:00:00,SMB,CUST-00873,2024-09-30,5,0.00
2023Q2,2023-04-01 00:00:00,SMB,CUST-00873,2024-12-31,6,0.00
2023Q2,2023-04-01 00:00:00,SMB,CUST-00873,2025-03-31,7,0.00
2023Q2,2023-04-01 00:00:00,SMB,CUST-00873,2025-06-30,8,0.00
2023Q2,2023-04-01 00:00:00,SMB,CUST-00873,2025-09-30,9,0.00
2023Q2,2023-04-01 00:00:00,SMB,CUST-00873,2025-12-31,10,0.00
2023Q2,2023-04-01 00:00:00,SMB,CUST-00873,2026-03-31,11,0.00
2023Q2,2023-04-01 00:00:00,SMB,CUST-00873,2026-06-30,12,0.00
2023Q2,2023-04-01 00:00:00,SMB,CUST-00818,2024-03-31,3,7717.56
2023Q2,2023-04-01 00:00:00,SMB,CUST-00818,2024-06-30,4,7717.56
2023Q2,2023-04-01 00:00:00,SMB,CUST-00818,2024-09-30,5,8268.84
2023Q2,2023-04-01 00:00:00,SMB,CUST-00818,2024-12-31,6,8268.84
2023Q2,2023-04-01 00:00:00,SMB,CUST-00818,2025-03-31,7,11576.40
2023Q2,2023-04-01 00:00:00,SMB,CUST-00818,2025-06-30,8,11576.40
2023Q2,2023-04-01 00:00:00,SMB,CUST-00818,2025-09-30,9,11576.40
2023Q2,2023-04-01 00:00:00,SMB,CUST-00818,2025-12-31,10,11576.40
2023Q2,2023-04-01 00:00:00,SMB,CUST-00818,2026-03-31,11,11576.40
2023Q2,2023-04-01 00:00:00,SMB,CUST-00818,2026-06-30,12,11576.40
2023Q2,2023-04-01 00:00:00,SMB,CUST-00851,2024-03-31,3,13810.08
2023Q2,2023-04-01 00:00:00,SMB,CUST-00851,2024-06-30,4,13810.08
2023Q2,2023-04-01 00:00:00,SMB,CUST-00851,2024-09-30,5,14242.20
2023Q2,2023-04-01 00:00:00,SMB,CUST-00851,2024-12-31,6,14242.20
2023Q2,2023-04-01 00:00:00,SMB,CUST-00851,2025-03-31,7,14242.20
2023Q2,2023-04-01 00:00:00,SMB,CUST-00851,2025-06-30,8,14242.20
2023Q2,2023-04-01 00:00:00,SMB,CUST-00851,2025-09-30,9,14720.16
2023Q2,2023-04-01 00:00:00,SMB,CUST-00851,2025-12-31,10,14720.16
2023Q2,2023-04-01 00:00:00,SMB,CUST-00851,2026-03-31,11,14720.16
2023Q2,2023-04-01 00:00:00,SMB,CUST-00851,2026-06-30,12,14720.16
2023Q2,2023-04-01 00:00:00,SMB,CUST-00859,2024-03-31,3,6627.12
2023Q2,2023-04-01 00:00:00,SMB,CUST-00859,2024-06-30,4,6627.12
2023Q2,2023-04-01 00:00:00,SMB,CUST-00859,2024-09-30,5,5301.72
2023Q2,2023-04-01 00:00:00,SMB,CUST-00859,2024-12-31,6,0.00
2023Q2,2023-04-01 00:00:00,SMB,CUST-00859,2025-03-31,7,0.00
2023Q2,2023-04-01 00:00:00,SMB,CUST-00859,2025-06-30,8,0.00
2023Q2,2023-04-01 00:00:00,SMB,CUST-00859,2025-09-30,9,0.00
2023Q2,2023-04-01 00:00:00,SMB,CUST-00859,2025-12-31,10,0.00
2023Q2,2023-04-01 00:00:00,SMB,CUST-00859,2026-03-31,11,0.00
2023Q2,2023-04-01 00:00:00,SMB,CUST-00859,2026-06-30,12,0.00
2023Q2,2023-04-01 00:00:00,SMB,CUST-00868,2024-03-31,3,8682.24
2023Q2,2023-04-01 00:00:00,SMB,CUST-00868,2024-06-30,4,10997.40
2023Q2,2023-04-01 00:00:00,SMB,CUST-00868,2024-09-30,5,10997.40
2023Q2,2023-04-01 00:00:00,SMB,CUST-00868,2024-12-31,6,12155.04
2023Q2,2023-04-01 00:00:00,SMB,CUST-00868,2025-03-31,7,0.00
2023Q2,2023-04-01 00:00:00,SMB,CUST-00868,2025-06-30,8,0.00
2023Q2,2023-04-01 00:00:00,SMB,CUST-00868,2025-09-30,9,0.00
2023Q2,2023-04-01 00:00:00,SMB,CUST-00868,2025-12-31,10,0.00
2023Q2,2023-04-01 00:00:00,SMB,CUST-00868,2026-03-31,11,0.00
2023Q2,2023-04-01 00:00:00,SMB,CUST-00868,2026-06-30,12,0.00
2023Q2,2023-04-01 00:00:00,SMB,CUST-00814,2024-03-31,3,5015.76
2023Q2,2023-04-01 00:00:00,SMB,CUST-00814,2024-06-30,4,0.00
2023Q2,2023-04-01 00:00:00,SMB,CUST-00814,2024-09-30,5,0.00
2023Q2,2023-04-01 00:00:00,SMB,CUST-00814,2024-12-31,6,0.00
2023Q2,2023-04-01 00:00:00,SMB,CUST-00814,2025-03-31,7,0.00
2023Q2,2023-04-01 00:00:00,SMB,CUST-00814,2025-06-30,8,0.00
2023Q2,2023-04-01 00:00:00,SMB,CUST-00814,2025-09-30,9,0.00
2023Q2,2023-04-01 00:00:00,SMB,CUST-00814,2025-12-31,10,0.00
2023Q2,2023-04-01 00:00:00,SMB,CUST-00814,2026-03-31,11,0.00
2023Q2,2023-04-01 00:00:00,SMB,CUST-00814,2026-06-30,12,0.00
2023Q2,2023-04-01 00:00:00,SMB,CUST-00820,2024-03-31,3,2864.52
2023Q2,2023-04-01 00:00:00,SMB,CUST-00820,2024-06-30,4,0.00
2023Q2,2023-04-01 00:00:00,SMB,CUST-00820,2024-09-30,5,0.00
2023Q2,2023-04-01 00:00:00,SMB,CUST-00820,2024-12-31,6,0.00
2023Q2,2023-04-01 00:00:00,SMB,CUST-00820,2025-03-31,7,0.00
2023Q2,2023-04-01 00:00:00,SMB,CUST-00854,2024-03-31,3,2802.96
2023Q2,2023-04-01 00:00:00,SMB,CUST-00854,2024-06-30,4,2802.96
2023Q2,2023-04-01 00:00:00,SMB,CUST-00854,2024-09-30,5,0.00
2023Q2,2023-04-01 00:00:00,SMB,CUST-00854,2024-12-31,6,0.00
2023Q2,2023-04-01 00:00:00,SMB,CUST-00854,2025-03-31,7,0.00
2023Q2,2023-04-01 00:00:00,SMB,CUST-00854,2025-06-30,8,0.00
2023Q2,2023-04-01 00:00:00,SMB,CUST-00854,2025-09-30,9,0.00
2023Q2,2023-04-01 00:00:00,SMB,CUST-00854,2025-12-31,10,0.00
2023Q2,2023-04-01 00:00:00,SMB,CUST-00854,2026-03-31,11,0.00
2023Q2,2023-04-01 00:00:00,SMB,CUST-00854,2026-06-30,12,0.00
2023Q2,2023-04-01 00:00:00,SMB,CUST-00860,2024-03-31,3,5247.48
2023Q2,2023-04-01 00:00:00,SMB,CUST-00860,2024-06-30,4,0.00
2023Q2,2023-04-01 00:00:00,SMB,CUST-00860,2024-09-30,5,0.00
2023Q2,2023-04-01 00:00:00,SMB,CUST-00860,2024-12-31,6,0.00
2023Q2,2023-04-01 00:00:00,SMB,CUST-00860,2025-03-31,7,0.00
2023Q2,2023-04-01 00:00:00,SMB,CUST-00860,2025-06-30,8,0.00
2023Q2,2023-04-01 00:00:00,SMB,CUST-00860,2025-09-30,9,0.00
2023Q2,2023-04-01 00:00:00,SMB,CUST-00860,2025-12-31,10,0.00
2023Q2,2023-04-01 00:00:00,SMB,CUST-00860,2026-03-31,11,0.00
2023Q2,2023-04-01 00:00:00,SMB,CUST-00860,2026-06-30,12,0.00
2023Q2,2023-04-01 00:00:00,Mid-Market,CUST-01054,2024-03-31,3,167195.40
2023Q2,2023-04-01 00:00:00,Mid-Market,CUST-01054,2024-06-30,4,167195.40
2023Q2,2023-04-01 00:00:00,Mid-Market,CUST-01054,2024-09-30,5,174378.84
2023Q2,2023-04-01 00:00:00,Mid-Market,CUST-01054,2024-12-31,6,174378.84
2023Q2,2023-04-01 00:00:00,Mid-Market,CUST-01054,2025-03-31,7,188769.96
2023Q2,2023-04-01 00:00:00,Mid-Market,CUST-01054,2025-06-30,8,188769.96
2023Q2,2023-04-01 00:00:00,Mid-Market,CUST-01054,2025-09-30,9,182023.08
2023Q2,2023-04-01 00:00:00,Mid-Market,CUST-01054,2025-12-31,10,197045.04
2023Q2,2023-04-01 00:00:00,Mid-Market,CUST-01054,2026-03-31,11,197045.04
2023Q2,2023-04-01 00:00:00,Mid-Market,CUST-01054,2026-06-30,12,197045.04
2023Q2,2023-04-01 00:00:00,Enterprise,CUST-01110,2024-03-31,3,216688.68
2023Q2,2023-04-01 00:00:00,Enterprise,CUST-01110,2024-06-30,4,216688.68
2023Q2,2023-04-01 00:00:00,Enterprise,CUST-01110,2024-09-30,5,210168.00
2023Q2,2023-04-01 00:00:00,Enterprise,CUST-01110,2024-12-31,6,210168.00
2023Q2,2023-04-01 00:00:00,Enterprise,CUST-01110,2025-03-31,7,224318.04
2023Q2,2023-04-01 00:00:00,Enterprise,CUST-01110,2025-06-30,8,224318.04
2023Q2,2023-04-01 00:00:00,Enterprise,CUST-01110,2025-09-30,9,232801.44
2023Q2,2023-04-01 00:00:00,Enterprise,CUST-01110,2025-12-31,10,232801.44
2023Q2,2023-04-01 00:00:00,Enterprise,CUST-01110,2026-03-31,11,232801.44
2023Q2,2023-04-01 00:00:00,Enterprise,CUST-01110,2026-06-30,12,232801.44
2023Q2,2023-04-01 00:00:00,SMB,CUST-00815,2024-03-31,3,4572.12
2023Q2,2023-04-01 00:00:00,SMB,CUST-00815,2024-06-30,4,4572.12
2023Q2,2023-04-01 00:00:00,SMB,CUST-00815,2024-09-30,5,4572.12
2023Q2,2023-04-01 00:00:00,SMB,CUST-00815,2024-12-31,6,4572.12
2023Q2,2023-04-01 00:00:00,SMB,CUST-00815,2025-03-31,7,4572.12
2023Q2,2023-04-01 00:00:00,SMB,CUST-00815,2025-06-30,8,4572.12
2023Q2,2023-04-01 00:00:00,SMB,CUST-00815,2025-09-30,9,3657.72
2023Q2,2023-04-01 00:00:00,SMB,CUST-00815,2025-12-31,10,0.00
2023Q2,2023-04-01 00:00:00,SMB,CUST-00815,2026-03-31,11,0.00
2023Q2,2023-04-01 00:00:00,SMB,CUST-00815,2026-06-30,12,0.00
2023Q2,2023-04-01 00:00:00,SMB,CUST-00833,2024-03-31,3,8685.12
2023Q2,2023-04-01 00:00:00,SMB,CUST-00833,2024-06-30,4,9699.60
2023Q2,2023-04-01 00:00:00,SMB,CUST-00833,2024-09-30,5,10992.84
2023Q2,2023-04-01 00:00:00,SMB,CUST-00833,2024-12-31,6,10992.84
2023Q2,2023-04-01 00:00:00,SMB,CUST-00833,2025-03-31,7,10992.84
2023Q2,2023-04-01 00:00:00,SMB,CUST-00833,2025-06-30,8,10992.96
2023Q2,2023-04-01 00:00:00,SMB,CUST-00833,2025-09-30,9,10992.96
2023Q2,2023-04-01 00:00:00,SMB,CUST-00833,2025-12-31,10,10992.96
2023Q2,2023-04-01 00:00:00,SMB,CUST-00833,2026-03-31,11,10992.96
2023Q2,2023-04-01 00:00:00,SMB,CUST-00833,2026-06-30,12,11394.00
2023Q2,2023-04-01 00:00:00,SMB,CUST-00838,2024-03-31,3,6228.60
2023Q2,2023-04-01 00:00:00,SMB,CUST-00838,2024-06-30,4,6508.56
2023Q2,2023-04-01 00:00:00,SMB,CUST-00838,2024-09-30,5,6508.56
2023Q2,2023-04-01 00:00:00,SMB,CUST-00838,2024-12-31,6,6508.56
2023Q2,2023-04-01 00:00:00,SMB,CUST-00838,2025-03-31,7,6508.56
2023Q2,2023-04-01 00:00:00,SMB,CUST-00838,2025-06-30,8,6827.16
2023Q2,2023-04-01 00:00:00,SMB,CUST-00838,2025-09-30,9,6827.16
2023Q2,2023-04-01 00:00:00,SMB,CUST-00838,2025-12-31,10,6827.16
2023Q2,2023-04-01 00:00:00,SMB,CUST-00838,2026-03-31,11,6827.16
2023Q2,2023-04-01 00:00:00,SMB,CUST-00838,2026-06-30,12,7046.88
2023Q2,2023-04-01 00:00:00,SMB,CUST-00849,2024-03-31,3,13847.40
2023Q2,2023-04-01 00:00:00,SMB,CUST-00849,2024-06-30,4,13847.40
2023Q2,2023-04-01 00:00:00,SMB,CUST-00849,2024-09-30,5,13847.40
2023Q2,2023-04-01 00:00:00,SMB,CUST-00849,2024-12-31,6,14506.80
2023Q2,2023-04-01 00:00:00,SMB,CUST-00849,2025-03-31,7,14506.80
2023Q2,2023-04-01 00:00:00,SMB,CUST-00849,2025-06-30,8,14506.80
2023Q2,2023-04-01 00:00:00,SMB,CUST-00849,2025-09-30,9,14506.80
2023Q2,2023-04-01 00:00:00,SMB,CUST-00849,2025-12-31,10,14506.80
2023Q2,2023-04-01 00:00:00,SMB,CUST-00849,2026-03-31,11,14506.80
2023Q2,2023-04-01 00:00:00,SMB,CUST-00849,2026-06-30,12,14506.80
2023Q2,2023-04-01 00:00:00,Mid-Market,CUST-01047,2024-03-31,3,42084.12
2023Q2,2023-04-01 00:00:00,Mid-Market,CUST-01047,2024-06-30,4,42084.12
2023Q2,2023-04-01 00:00:00,Mid-Market,CUST-01047,2024-09-30,5,42084.12
2023Q2,2023-04-01 00:00:00,Mid-Market,CUST-01047,2024-12-31,6,58917.72
2023Q2,2023-04-01 00:00:00,Mid-Market,CUST-01047,2025-03-31,7,58917.72
2023Q2,2023-04-01 00:00:00,Mid-Market,CUST-01047,2025-06-30,8,0.00
2023Q2,2023-04-01 00:00:00,Mid-Market,CUST-01047,2025-09-30,9,0.00
2023Q2,2023-04-01 00:00:00,Mid-Market,CUST-01047,2025-12-31,10,0.00
2023Q2,2023-04-01 00:00:00,Mid-Market,CUST-01047,2026-03-31,11,0.00
2023Q2,2023-04-01 00:00:00,Mid-Market,CUST-01047,2026-06-30,12,0.00
2023Q2,2023-04-01 00:00:00,Mid-Market,CUST-01055,2024-03-31,3,79992.60
2023Q2,2023-04-01 00:00:00,Mid-Market,CUST-01055,2024-06-30,4,79992.60
2023Q2,2023-04-01 00:00:00,SMB,CUST-00840,2024-03-31,3,7274.28
2023Q2,2023-04-01 00:00:00,SMB,CUST-00840,2024-06-30,4,8486.64
2023Q2,2023-04-01 00:00:00,SMB,CUST-00840,2024-09-30,5,0.00
2023Q2,2023-04-01 00:00:00,SMB,CUST-00840,2024-12-31,6,0.00
2023Q2,2023-04-01 00:00:00,SMB,CUST-00840,2025-03-31,7,0.00
2023Q2,2023-04-01 00:00:00,SMB,CUST-00840,2025-06-30,8,0.00
2023Q2,2023-04-01 00:00:00,SMB,CUST-00840,2025-09-30,9,0.00
2023Q2,2023-04-01 00:00:00,SMB,CUST-00840,2025-12-31,10,0.00
2023Q2,2023-04-01 00:00:00,SMB,CUST-00840,2026-03-31,11,0.00
2023Q2,2023-04-01 00:00:00,SMB,CUST-00840,2026-06-30,12,0.00
2023Q2,2023-04-01 00:00:00,SMB,CUST-00861,2024-03-31,3,10551.00
2023Q2,2023-04-01 00:00:00,SMB,CUST-00861,2024-06-30,4,10551.00
2023Q2,2023-04-01 00:00:00,SMB,CUST-00861,2024-09-30,5,10551.00
2023Q2,2023-04-01 00:00:00,SMB,CUST-00861,2024-12-31,6,10551.00
2023Q2,2023-04-01 00:00:00,SMB,CUST-00861,2025-03-31,7,10551.00
2023Q2,2023-04-01 00:00:00,SMB,CUST-00861,2025-06-30,8,10551.00
2023Q2,2023-04-01 00:00:00,SMB,CUST-00861,2025-09-30,9,10551.00
2023Q2,2023-04-01 00:00:00,SMB,CUST-00861,2025-12-31,10,10551.00
2023Q2,2023-04-01 00:00:00,SMB,CUST-00861,2026-03-31,11,10551.00
2023Q2,2023-04-01 00:00:00,SMB,CUST-00861,2026-06-30,12,10551.00
2023Q2,2023-04-01 00:00:00,SMB,CUST-00823,2024-03-31,3,8390.88
2023Q2,2023-04-01 00:00:00,SMB,CUST-00823,2024-06-30,4,8658.48
2023Q2,2023-04-01 00:00:00,SMB,CUST-00823,2024-09-30,5,8658.48
2023Q2,2023-04-01 00:00:00,SMB,CUST-00823,2024-12-31,6,8658.48
2023Q2,2023-04-01 00:00:00,SMB,CUST-00823,2025-03-31,7,8658.48
2023Q2,2023-04-01 00:00:00,SMB,CUST-00823,2025-06-30,8,0.00
2023Q2,2023-04-01 00:00:00,SMB,CUST-00823,2025-09-30,9,0.00
2023Q2,2023-04-01 00:00:00,SMB,CUST-00823,2025-12-31,10,0.00
2023Q2,2023-04-01 00:00:00,SMB,CUST-00823,2026-03-31,11,0.00
2023Q2,2023-04-01 00:00:00,SMB,CUST-00823,2026-06-30,12,0.00
2023Q2,2023-04-01 00:00:00,SMB,CUST-00831,2024-03-31,3,3936.60
2023Q2,2023-04-01 00:00:00,SMB,CUST-00831,2024-06-30,4,4592.76
2023Q2,2023-04-01 00:00:00,SMB,CUST-00831,2024-09-30,5,4592.76
2023Q2,2023-04-01 00:00:00,SMB,CUST-00831,2024-12-31,6,4592.76
2023Q2,2023-04-01 00:00:00,SMB,CUST-00831,2025-03-31,7,3280.56
2023Q2,2023-04-01 00:00:00,SMB,CUST-00831,2025-06-30,8,3280.56
2023Q2,2023-04-01 00:00:00,SMB,CUST-00831,2025-09-30,9,3280.56
2023Q2,2023-04-01 00:00:00,SMB,CUST-00831,2025-12-31,10,3280.56
2023Q2,2023-04-01 00:00:00,SMB,CUST-00831,2026-03-31,11,3280.56
2023Q2,2023-04-01 00:00:00,SMB,CUST-00831,2026-06-30,12,3280.56
2023Q2,2023-04-01 00:00:00,SMB,CUST-00856,2024-03-31,3,13648.32
2023Q2,2023-04-01 00:00:00,SMB,CUST-00856,2024-06-30,4,13648.32
2023Q2,2023-04-01 00:00:00,SMB,CUST-00856,2024-09-30,5,13648.32
2023Q2,2023-04-01 00:00:00,SMB,CUST-00856,2024-12-31,6,13648.32
2023Q2,2023-04-01 00:00:00,SMB,CUST-00856,2025-03-31,7,13648.32
2023Q2,2023-04-01 00:00:00,SMB,CUST-00856,2025-06-30,8,13648.32
2023Q2,2023-04-01 00:00:00,SMB,CUST-00856,2025-09-30,9,13648.32
2023Q2,2023-04-01 00:00:00,SMB,CUST-00856,2025-12-31,10,13648.32
2023Q2,2023-04-01 00:00:00,SMB,CUST-00856,2026-03-31,11,13648.32
2023Q2,2023-04-01 00:00:00,SMB,CUST-00856,2026-06-30,12,13648.32
2023Q2,2023-04-01 00:00:00,SMB,CUST-00872,2024-03-31,3,7405.32
2023Q2,2023-04-01 00:00:00,SMB,CUST-00872,2024-06-30,4,8331.00
2023Q2,2023-04-01 00:00:00,SMB,CUST-00872,2024-09-30,5,8331.00
2023Q2,2023-04-01 00:00:00,SMB,CUST-00872,2024-12-31,6,8331.00
2023Q2,2023-04-01 00:00:00,SMB,CUST-00872,2025-03-31,7,8331.00
2023Q2,2023-04-01 00:00:00,SMB,CUST-00872,2025-06-30,8,8331.00
2023Q2,2023-04-01 00:00:00,SMB,CUST-00872,2025-09-30,9,8331.00
2023Q2,2023-04-01 00:00:00,SMB,CUST-00872,2025-12-31,10,0.00
2023Q2,2023-04-01 00:00:00,SMB,CUST-00872,2026-03-31,11,0.00
2023Q2,2023-04-01 00:00:00,SMB,CUST-00872,2026-06-30,12,0.00
2023Q2,2023-04-01 00:00:00,Enterprise,CUST-01107,2024-03-31,3,193028.76
2023Q2,2023-04-01 00:00:00,Enterprise,CUST-01107,2024-06-30,4,193028.76
2023Q2,2023-04-01 00:00:00,Enterprise,CUST-01107,2024-09-30,5,193028.76
2023Q2,2023-04-01 00:00:00,Enterprise,CUST-01107,2024-12-31,6,193028.76
2023Q2,2023-04-01 00:00:00,Enterprise,CUST-01107,2025-03-31,7,193028.76
2023Q2,2023-04-01 00:00:00,Enterprise,CUST-01107,2025-06-30,8,193028.76
2023Q2,2023-04-01 00:00:00,Enterprise,CUST-01107,2025-09-30,9,193028.76
2023Q2,2023-04-01 00:00:00,Enterprise,CUST-01107,2025-12-31,10,193028.76
2023Q2,2023-04-01 00:00:00,Enterprise,CUST-01107,2026-03-31,11,193028.76
2023Q2,2023-04-01 00:00:00,Enterprise,CUST-01107,2026-06-30,12,201571.08
2023Q2,2023-04-01 00:00:00,SMB,CUST-00828,2024-03-31,3,5614.44
2023Q2,2023-04-01 00:00:00,SMB,CUST-00828,2024-06-30,4,0.00
2023Q2,2023-04-01 00:00:00,SMB,CUST-00828,2024-09-30,5,0.00
2023Q2,2023-04-01 00:00:00,SMB,CUST-00828,2024-12-31,6,0.00
2023Q2,2023-04-01 00:00:00,SMB,CUST-00828,2025-03-31,7,0.00
2023Q2,2023-04-01 00:00:00,SMB,CUST-00828,2025-06-30,8,0.00
2023Q2,2023-04-01 00:00:00,SMB,CUST-00828,2025-09-30,9,0.00
2023Q2,2023-04-01 00:00:00,SMB,CUST-00828,2025-12-31,10,0.00
2023Q2,2023-04-01 00:00:00,SMB,CUST-00828,2026-03-31,11,0.00
2023Q2,2023-04-01 00:00:00,SMB,CUST-00828,2026-06-30,12,0.00
2023Q2,2023-04-01 00:00:00,SMB,CUST-00862,2024-03-31,3,6674.64
2023Q2,2023-04-01 00:00:00,SMB,CUST-00862,2024-06-30,4,6674.64
2023Q2,2023-04-01 00:00:00,SMB,CUST-00862,2024-09-30,5,0.00
2023Q2,2023-04-01 00:00:00,SMB,CUST-00862,2024-12-31,6,0.00
2023Q2,2023-04-01 00:00:00,SMB,CUST-00862,2025-03-31,7,0.00
2023Q2,2023-04-01 00:00:00,SMB,CUST-00862,2025-06-30,8,0.00
2023Q2,2023-04-01 00:00:00,SMB,CUST-00862,2025-09-30,9,0.00
2023Q2,2023-04-01 00:00:00,SMB,CUST-00862,2025-12-31,10,0.00
2023Q2,2023-04-01 00:00:00,SMB,CUST-00862,2026-03-31,11,0.00
2023Q2,2023-04-01 00:00:00,SMB,CUST-00862,2026-06-30,12,0.00
2023Q2,2023-04-01 00:00:00,SMB,CUST-00874,2024-03-31,3,5307.48
2023Q2,2023-04-01 00:00:00,SMB,CUST-00874,2024-06-30,4,5307.48
2023Q2,2023-04-01 00:00:00,SMB,CUST-00874,2024-09-30,5,5307.48
2023Q2,2023-04-01 00:00:00,SMB,CUST-00874,2024-12-31,6,5307.48
2023Q2,2023-04-01 00:00:00,SMB,CUST-00874,2025-03-31,7,5307.48
2023Q2,2023-04-01 00:00:00,SMB,CUST-00874,2025-06-30,8,5307.48
2023Q2,2023-04-01 00:00:00,SMB,CUST-00874,2025-09-30,9,5307.48
2023Q2,2023-04-01 00:00:00,SMB,CUST-00874,2025-12-31,10,5307.48
2023Q2,2023-04-01 00:00:00,SMB,CUST-00874,2026-03-31,11,5307.48
2023Q2,2023-04-01 00:00:00,SMB,CUST-00874,2026-06-30,12,5307.48
2023Q2,2023-04-01 00:00:00,Mid-Market,CUST-01046,2024-03-31,3,16664.16
2023Q2,2023-04-01 00:00:00,Mid-Market,CUST-01046,2024-06-30,4,0.00
2023Q2,2023-04-01 00:00:00,Mid-Market,CUST-01046,2024-09-30,5,0.00
2023Q2,2023-04-01 00:00:00,Mid-Market,CUST-01046,2024-12-31,6,0.00
2023Q2,2023-04-01 00:00:00,Mid-Market,CUST-01046,2025-03-31,7,0.00
2023Q2,2023-04-01 00:00:00,Mid-Market,CUST-01046,2025-06-30,8,0.00
2023Q2,2023-04-01 00:00:00,Mid-Market,CUST-01046,2025-09-30,9,0.00
2023Q2,2023-04-01 00:00:00,Mid-Market,CUST-01046,2025-12-31,10,0.00
2023Q2,2023-04-01 00:00:00,Mid-Market,CUST-01046,2026-03-31,11,0.00
2023Q2,2023-04-01 00:00:00,Mid-Market,CUST-01046,2026-06-30,12,0.00
2023Q2,2023-04-01 00:00:00,Mid-Market,CUST-01048,2024-03-31,3,22564.20
2023Q2,2023-04-01 00:00:00,Mid-Market,CUST-01048,2024-06-30,4,9634.08
2023Q2,2023-04-01 00:00:00,Mid-Market,CUST-01048,2024-09-30,5,9634.08
2023Q2,2023-04-01 00:00:00,Mid-Market,CUST-01048,2024-12-31,6,9634.08
2023Q2,2023-04-01 00:00:00,Mid-Market,CUST-01048,2025-03-31,7,9634.08
2023Q2,2023-04-01 00:00:00,Mid-Market,CUST-01048,2025-06-30,8,10059.48
2023Q2,2023-04-01 00:00:00,Mid-Market,CUST-01048,2025-09-30,9,10059.48
2023Q2,2023-04-01 00:00:00,Mid-Market,CUST-01048,2025-12-31,10,10059.48
2023Q2,2023-04-01 00:00:00,Mid-Market,CUST-01048,2026-03-31,11,10059.48
2023Q2,2023-04-01 00:00:00,Mid-Market,CUST-01048,2026-06-30,12,10060.20
2023Q2,2023-04-01 00:00:00,SMB,CUST-00836,2024-03-31,3,0.00
2023Q2,2023-04-01 00:00:00,SMB,CUST-00836,2024-06-30,4,0.00
2023Q2,2023-04-01 00:00:00,Mid-Market,CUST-01057,2024-03-31,3,25430.52
2023Q2,2023-04-01 00:00:00,Mid-Market,CUST-01057,2024-06-30,4,26848.44
2023Q2,2023-04-01 00:00:00,Mid-Market,CUST-01057,2024-09-30,5,0.00
2023Q2,2023-04-01 00:00:00,Mid-Market,CUST-01057,2024-12-31,6,0.00
2023Q2,2023-04-01 00:00:00,Mid-Market,CUST-01057,2025-03-31,7,0.00
2023Q2,2023-04-01 00:00:00,Mid-Market,CUST-01057,2025-06-30,8,0.00
2023Q2,2023-04-01 00:00:00,Mid-Market,CUST-01057,2025-09-30,9,0.00
2023Q2,2023-04-01 00:00:00,Mid-Market,CUST-01057,2025-12-31,10,0.00
2023Q2,2023-04-01 00:00:00,Mid-Market,CUST-01057,2026-03-31,11,0.00
2023Q2,2023-04-01 00:00:00,Mid-Market,CUST-01057,2026-06-30,12,0.00
2023Q2,2023-04-01 00:00:00,SMB,CUST-00817,2024-03-31,3,5824.08
2023Q2,2023-04-01 00:00:00,SMB,CUST-00817,2024-06-30,4,4529.76
2023Q2,2023-04-01 00:00:00,SMB,CUST-00817,2024-09-30,5,4529.76
2023Q2,2023-04-01 00:00:00,SMB,CUST-00817,2024-12-31,6,4529.76
2023Q2,2023-04-01 00:00:00,SMB,CUST-00817,2025-03-31,7,5176.80
2023Q2,2023-04-01 00:00:00,SMB,CUST-00817,2025-06-30,8,0.00
2023Q2,2023-04-01 00:00:00,SMB,CUST-00817,2025-09-30,9,0.00
2023Q2,2023-04-01 00:00:00,SMB,CUST-00817,2025-12-31,10,0.00
2023Q2,2023-04-01 00:00:00,SMB,CUST-00817,2026-03-31,11,0.00
2023Q2,2023-04-01 00:00:00,SMB,CUST-00817,2026-06-30,12,0.00
2023Q2,2023-04-01 00:00:00,SMB,CUST-00834,2024-03-31,3,12263.88
2023Q2,2023-04-01 00:00:00,SMB,CUST-00834,2024-06-30,4,12263.88
2023Q2,2023-04-01 00:00:00,SMB,CUST-00834,2024-09-30,5,12263.88
2023Q2,2023-04-01 00:00:00,SMB,CUST-00834,2024-12-31,6,12263.88
2023Q2,2023-04-01 00:00:00,SMB,CUST-00834,2025-03-31,7,12263.88
2023Q2,2023-04-01 00:00:00,SMB,CUST-00834,2025-06-30,8,12263.88
2023Q2,2023-04-01 00:00:00,SMB,CUST-00834,2025-09-30,9,12263.88
2023Q2,2023-04-01 00:00:00,SMB,CUST-00834,2025-12-31,10,12263.88
2023Q2,2023-04-01 00:00:00,SMB,CUST-00834,2026-03-31,11,12263.88
2023Q2,2023-04-01 00:00:00,SMB,CUST-00834,2026-06-30,12,12263.88
2023Q2,2023-04-01 00:00:00,SMB,CUST-00846,2024-03-31,3,5243.16
2023Q2,2023-04-01 00:00:00,SMB,CUST-00846,2024-06-30,4,5243.16
2023Q2,2023-04-01 00:00:00,SMB,CUST-00846,2024-09-30,5,5243.16
2023Q2,2023-04-01 00:00:00,SMB,CUST-00846,2024-12-31,6,5243.16
2023Q2,2023-04-01 00:00:00,SMB,CUST-00846,2025-03-31,7,5243.16
2023Q2,2023-04-01 00:00:00,SMB,CUST-00846,2025-06-30,8,5243.16
2023Q2,2023-04-01 00:00:00,SMB,CUST-00846,2025-09-30,9,5243.16
2023Q2,2023-04-01 00:00:00,SMB,CUST-00846,2025-12-31,10,5243.16
2023Q2,2023-04-01 00:00:00,SMB,CUST-00846,2026-03-31,11,5243.16
2023Q2,2023-04-01 00:00:00,SMB,CUST-00846,2026-06-30,12,8156.16
2023Q2,2023-04-01 00:00:00,SMB,CUST-00863,2024-03-31,3,7149.96
2023Q2,2023-04-01 00:00:00,SMB,CUST-00863,2024-06-30,4,7149.96
2023Q2,2023-04-01 00:00:00,SMB,CUST-00863,2024-09-30,5,5276.28
2023Q2,2023-04-01 00:00:00,SMB,CUST-00863,2024-12-31,6,5276.28
2023Q2,2023-04-01 00:00:00,SMB,CUST-00863,2025-03-31,7,5276.28
2023Q2,2023-04-01 00:00:00,SMB,CUST-00863,2025-06-30,8,5276.28
2023Q2,2023-04-01 00:00:00,SMB,CUST-00863,2025-09-30,9,5276.28
2023Q2,2023-04-01 00:00:00,SMB,CUST-00863,2025-12-31,10,5276.28
2023Q2,2023-04-01 00:00:00,SMB,CUST-00863,2026-03-31,11,5276.28
2023Q2,2023-04-01 00:00:00,SMB,CUST-00863,2026-06-30,12,7386.84
2023Q2,2023-04-01 00:00:00,SMB,CUST-00853,2024-03-31,3,4254.00
2023Q2,2023-04-01 00:00:00,SMB,CUST-00853,2024-06-30,4,4254.00
2023Q2,2023-04-01 00:00:00,SMB,CUST-00853,2024-09-30,5,4254.00
2023Q2,2023-04-01 00:00:00,SMB,CUST-00853,2024-12-31,6,4254.00
2023Q2,2023-04-01 00:00:00,SMB,CUST-00853,2025-03-31,7,4254.00
2023Q2,2023-04-01 00:00:00,SMB,CUST-00853,2025-06-30,8,4254.00
2023Q2,2023-04-01 00:00:00,SMB,CUST-00853,2025-09-30,9,4254.00
2023Q2,2023-04-01 00:00:00,SMB,CUST-00853,2025-12-31,10,4254.00
2023Q2,2023-04-01 00:00:00,SMB,CUST-00853,2026-03-31,11,4254.00
2023Q2,2023-04-01 00:00:00,SMB,CUST-00853,2026-06-30,12,4254.00
2023Q2,2023-04-01 00:00:00,SMB,CUST-00865,2024-03-31,3,16399.20
2023Q2,2023-04-01 00:00:00,SMB,CUST-00865,2024-06-30,4,18678.36
2023Q2,2023-04-01 00:00:00,SMB,CUST-00865,2024-09-30,5,18678.36
2023Q2,2023-04-01 00:00:00,SMB,CUST-00865,2024-12-31,6,18678.36
2023Q2,2023-04-01 00:00:00,SMB,CUST-00865,2025-03-31,7,18678.36
2023Q2,2023-04-01 00:00:00,SMB,CUST-00865,2025-06-30,8,18678.36
2023Q2,2023-04-01 00:00:00,SMB,CUST-00865,2025-09-30,9,25238.04
2023Q2,2023-04-01 00:00:00,SMB,CUST-00865,2025-12-31,10,25238.04
2023Q2,2023-04-01 00:00:00,SMB,CUST-00865,2026-03-31,11,25238.04
2023Q2,2023-04-01 00:00:00,SMB,CUST-00865,2026-06-30,12,25238.04
2023Q2,2023-04-01 00:00:00,SMB,CUST-00852,2025-06-30,8,0.00
2023Q2,2023-04-01 00:00:00,SMB,CUST-00852,2025-09-30,9,0.00
2023Q2,2023-04-01 00:00:00,SMB,CUST-00852,2025-12-31,10,0.00
2023Q2,2023-04-01 00:00:00,SMB,CUST-00824,2024-03-31,3,13280.76
2023Q2,2023-04-01 00:00:00,SMB,CUST-00824,2024-06-30,4,9798.48
2023Q2,2023-04-01 00:00:00,SMB,CUST-00824,2024-09-30,5,13717.92
2023Q2,2023-04-01 00:00:00,SMB,CUST-00824,2024-12-31,6,13717.92
2023Q2,2023-04-01 00:00:00,SMB,CUST-00824,2025-03-31,7,13717.92
2023Q2,2023-04-01 00:00:00,Mid-Market,CUST-01053,2025-06-30,8,37093.44
2023Q2,2023-04-01 00:00:00,Mid-Market,CUST-01053,2025-09-30,9,38869.80
2023Q2,2023-04-01 00:00:00,Mid-Market,CUST-01053,2025-12-31,10,38869.80
2023Q2,2023-04-01 00:00:00,Mid-Market,CUST-01053,2026-03-31,11,38869.80
2023Q2,2023-04-01 00:00:00,Mid-Market,CUST-01053,2026-06-30,12,38869.80
2023Q2,2023-04-01 00:00:00,SMB,CUST-00842,2026-03-31,11,7983.72
2023Q2,2023-04-01 00:00:00,SMB,CUST-00842,2026-06-30,12,8287.68
2023Q2,2023-04-01 00:00:00,SMB,CUST-00852,2024-03-31,3,3554.76
2023Q2,2023-04-01 00:00:00,SMB,CUST-00852,2024-06-30,4,0.00
2023Q2,2023-04-01 00:00:00,SMB,CUST-00852,2024-09-30,5,0.00
2023Q2,2023-04-01 00:00:00,SMB,CUST-00852,2024-12-31,6,0.00
2023Q2,2023-04-01 00:00:00,SMB,CUST-00852,2025-03-31,7,0.00
2023Q2,2023-04-01 00:00:00,Mid-Market,CUST-01040,2024-03-31,3,39032.16
2023Q2,2023-04-01 00:00:00,Mid-Market,CUST-01040,2024-06-30,4,0.00
2023Q2,2023-04-01 00:00:00,Mid-Market,CUST-01040,2024-09-30,5,28983.84
2023Q2,2023-04-01 00:00:00,Mid-Market,CUST-01040,2024-12-31,6,28983.84
2023Q2,2023-04-01 00:00:00,Mid-Market,CUST-01040,2025-03-31,7,28983.84
2023Q2,2023-04-01 00:00:00,Mid-Market,CUST-01040,2025-06-30,8,28983.84
2023Q2,2023-04-01 00:00:00,Mid-Market,CUST-01040,2025-09-30,9,28984.08
2023Q2,2023-04-01 00:00:00,Mid-Market,CUST-01040,2025-12-31,10,28984.08
2023Q2,2023-04-01 00:00:00,Mid-Market,CUST-01040,2026-03-31,11,28984.08
2023Q2,2023-04-01 00:00:00,Mid-Market,CUST-01040,2026-06-30,12,39366.48
2023Q2,2023-04-01 00:00:00,Mid-Market,CUST-01045,2024-03-31,3,39422.52
2023Q2,2023-04-01 00:00:00,Mid-Market,CUST-01045,2024-06-30,4,0.00
2023Q2,2023-04-01 00:00:00,Mid-Market,CUST-01045,2024-09-30,5,0.00
2023Q2,2023-04-01 00:00:00,Mid-Market,CUST-01045,2024-12-31,6,0.00
2023Q2,2023-04-01 00:00:00,Mid-Market,CUST-01045,2025-03-31,7,0.00
2023Q2,2023-04-01 00:00:00,Mid-Market,CUST-01045,2025-06-30,8,0.00
2023Q2,2023-04-01 00:00:00,Mid-Market,CUST-01045,2025-09-30,9,0.00
2023Q2,2023-04-01 00:00:00,Mid-Market,CUST-01045,2025-12-31,10,0.00
2023Q2,2023-04-01 00:00:00,Mid-Market,CUST-01039,2024-03-31,3,20377.56
2023Q2,2023-04-01 00:00:00,Mid-Market,CUST-01039,2024-06-30,4,0.00
2023Q2,2023-04-01 00:00:00,Mid-Market,CUST-01039,2024-09-30,5,0.00
2023Q2,2023-04-01 00:00:00,Mid-Market,CUST-01039,2024-12-31,6,0.00
2023Q2,2023-04-01 00:00:00,Mid-Market,CUST-01039,2025-03-31,7,0.00
2023Q2,2023-04-01 00:00:00,Mid-Market,CUST-01039,2025-06-30,8,0.00
2023Q2,2023-04-01 00:00:00,Mid-Market,CUST-01039,2025-09-30,9,0.00
2023Q2,2023-04-01 00:00:00,Mid-Market,CUST-01039,2025-12-31,10,0.00
2023Q2,2023-04-01 00:00:00,Mid-Market,CUST-01039,2026-03-31,11,0.00
2023Q2,2023-04-01 00:00:00,Mid-Market,CUST-01039,2026-06-30,12,0.00
2023Q2,2023-04-01 00:00:00,Mid-Market,CUST-01044,2024-03-31,3,10700.76
2023Q2,2023-04-01 00:00:00,Mid-Market,CUST-01044,2024-06-30,4,11174.88
2023Q2,2023-04-01 00:00:00,Mid-Market,CUST-01044,2024-09-30,5,11174.88
2023Q2,2023-04-01 00:00:00,Mid-Market,CUST-01044,2024-12-31,6,11174.88
2023Q2,2023-04-01 00:00:00,Mid-Market,CUST-01044,2025-03-31,7,11174.88
2023Q2,2023-04-01 00:00:00,Mid-Market,CUST-01044,2025-06-30,8,11574.60
2023Q2,2023-04-01 00:00:00,Mid-Market,CUST-01044,2025-09-30,9,11574.60
2023Q2,2023-04-01 00:00:00,Mid-Market,CUST-01044,2025-12-31,10,11574.60
2023Q2,2023-04-01 00:00:00,Mid-Market,CUST-01044,2026-03-31,11,11574.60
2023Q2,2023-04-01 00:00:00,Mid-Market,CUST-01044,2026-06-30,12,12090.84
2023Q2,2023-04-01 00:00:00,Mid-Market,CUST-01053,2024-03-31,3,37094.64
2023Q2,2023-04-01 00:00:00,Mid-Market,CUST-01053,2024-06-30,4,37094.64
2023Q2,2023-04-01 00:00:00,Mid-Market,CUST-01053,2024-09-30,5,37093.44
2023Q2,2023-04-01 00:00:00,Mid-Market,CUST-01053,2024-12-31,6,37093.44
2023Q2,2023-04-01 00:00:00,Mid-Market,CUST-01053,2025-03-31,7,37093.44
2023Q2,2023-04-01 00:00:00,Mid-Market,CUST-01041,2024-03-31,3,21887.04
2023Q2,2023-04-01 00:00:00,Mid-Market,CUST-01041,2024-06-30,4,21887.04
2023Q2,2023-04-01 00:00:00,Mid-Market,CUST-01041,2024-09-30,5,21887.04
2023Q2,2023-04-01 00:00:00,Mid-Market,CUST-01041,2024-12-31,6,21887.04
2023Q2,2023-04-01 00:00:00,Mid-Market,CUST-01041,2025-03-31,7,21887.04
2023Q2,2023-04-01 00:00:00,Mid-Market,CUST-01041,2025-06-30,8,21887.04
2023Q2,2023-04-01 00:00:00,Mid-Market,CUST-01041,2025-09-30,9,21887.04
2023Q2,2023-04-01 00:00:00,Mid-Market,CUST-01041,2025-12-31,10,21887.04
2023Q2,2023-04-01 00:00:00,Mid-Market,CUST-01041,2026-03-31,11,21887.04
2023Q2,2023-04-01 00:00:00,Mid-Market,CUST-01041,2026-06-30,12,22961.16
2023Q2,2023-04-01 00:00:00,Mid-Market,CUST-01049,2024-03-31,3,28329.84
2023Q2,2023-04-01 00:00:00,Mid-Market,CUST-01049,2024-06-30,4,28329.84
2023Q2,2023-04-01 00:00:00,Mid-Market,CUST-01049,2024-09-30,5,28329.84
2023Q2,2023-04-01 00:00:00,Mid-Market,CUST-01049,2024-12-31,6,28329.84
2023Q2,2023-04-01 00:00:00,Mid-Market,CUST-01049,2025-03-31,7,28329.84
2023Q2,2023-04-01 00:00:00,Mid-Market,CUST-01049,2025-06-30,8,39381.72
2023Q2,2023-04-01 00:00:00,Mid-Market,CUST-01049,2025-09-30,9,39381.72
2023Q2,2023-04-01 00:00:00,Mid-Market,CUST-01049,2025-12-31,10,39381.72
2023Q2,2023-04-01 00:00:00,Mid-Market,CUST-01049,2026-03-31,11,39381.72
2023Q2,2023-04-01 00:00:00,Mid-Market,CUST-01049,2026-06-30,12,39381.72
2023Q2,2023-04-01 00:00:00,Mid-Market,CUST-01050,2024-03-31,3,9466.20
2023Q2,2023-04-01 00:00:00,Mid-Market,CUST-01050,2024-06-30,4,9466.20
2023Q2,2023-04-01 00:00:00,Mid-Market,CUST-01050,2024-09-30,5,9466.20
2023Q2,2023-04-01 00:00:00,Mid-Market,CUST-01050,2024-12-31,6,9466.20
2023Q2,2023-04-01 00:00:00,Mid-Market,CUST-01050,2025-03-31,7,9466.20
2023Q2,2023-04-01 00:00:00,Mid-Market,CUST-01050,2025-06-30,8,9466.20
2023Q2,2023-04-01 00:00:00,Mid-Market,CUST-01050,2025-09-30,9,9466.20
2023Q2,2023-04-01 00:00:00,Mid-Market,CUST-01050,2025-12-31,10,11569.92
2023Q2,2023-04-01 00:00:00,Mid-Market,CUST-01050,2026-03-31,11,11569.92
2023Q2,2023-04-01 00:00:00,Mid-Market,CUST-01050,2026-06-30,12,0.00
2023Q2,2023-04-01 00:00:00,Mid-Market,CUST-01051,2024-03-31,3,8228.64
2023Q2,2023-04-01 00:00:00,Mid-Market,CUST-01051,2024-06-30,4,8228.64
2023Q2,2023-04-01 00:00:00,Mid-Market,CUST-01051,2024-09-30,5,8551.08
2023Q2,2023-04-01 00:00:00,Mid-Market,CUST-01051,2024-12-31,6,8551.08
2023Q2,2023-04-01 00:00:00,Mid-Market,CUST-01051,2025-03-31,7,8551.08
2023Q2,2023-04-01 00:00:00,Mid-Market,CUST-01051,2025-06-30,8,8551.08
2023Q2,2023-04-01 00:00:00,Mid-Market,CUST-01051,2025-09-30,9,8963.76
2023Q2,2023-04-01 00:00:00,Mid-Market,CUST-01055,2024-09-30,5,71929.68
2023Q2,2023-04-01 00:00:00,Mid-Market,CUST-01055,2024-12-31,6,71929.68
2023Q2,2023-04-01 00:00:00,Mid-Market,CUST-01055,2025-03-31,7,71929.68
2023Q2,2023-04-01 00:00:00,Mid-Market,CUST-01055,2025-06-30,8,100701.48
2023Q2,2023-04-01 00:00:00,Mid-Market,CUST-01055,2025-09-30,9,74460.24
2023Q2,2023-04-01 00:00:00,Mid-Market,CUST-01055,2025-12-31,10,74460.24
2023Q2,2023-04-01 00:00:00,Mid-Market,CUST-01055,2026-03-31,11,81221.04
2023Q2,2023-04-01 00:00:00,Mid-Market,CUST-01055,2026-06-30,12,81221.04
2023Q2,2023-04-01 00:00:00,Mid-Market,CUST-01056,2024-03-31,3,12081.72
2023Q2,2023-04-01 00:00:00,Mid-Market,CUST-01056,2024-06-30,4,12081.72
2023Q2,2023-04-01 00:00:00,Mid-Market,CUST-01052,2024-09-30,5,40672.08
2023Q2,2023-04-01 00:00:00,Mid-Market,CUST-01052,2024-12-31,6,40672.08
2023Q2,2023-04-01 00:00:00,Mid-Market,CUST-01052,2025-03-31,7,105186.48
2023Q2,2023-04-01 00:00:00,Mid-Market,CUST-01052,2025-06-30,8,105186.48
2023Q2,2023-04-01 00:00:00,Mid-Market,CUST-01052,2025-09-30,9,109077.72
2023Q2,2023-04-01 00:00:00,Mid-Market,CUST-01052,2025-12-31,10,109077.72
2023Q2,2023-04-01 00:00:00,Mid-Market,CUST-01052,2026-03-31,11,109077.72
2023Q2,2023-04-01 00:00:00,Mid-Market,CUST-01052,2026-06-30,12,109077.72
2023Q2,2023-04-01 00:00:00,SMB,CUST-00842,2024-03-31,3,6333.60
2023Q2,2023-04-01 00:00:00,SMB,CUST-00842,2024-06-30,4,7630.56
2023Q2,2023-04-01 00:00:00,SMB,CUST-00842,2024-09-30,5,7630.56
2023Q2,2023-04-01 00:00:00,SMB,CUST-00842,2024-12-31,6,7630.56
2023Q2,2023-04-01 00:00:00,SMB,CUST-00852,2026-03-31,11,0.00
2023Q2,2023-04-01 00:00:00,SMB,CUST-00852,2026-06-30,12,0.00
2023Q2,2023-04-01 00:00:00,SMB,CUST-00841,2024-12-31,6,21207.48
2023Q2,2023-04-01 00:00:00,SMB,CUST-00841,2025-03-31,7,21207.48
2023Q2,2023-04-01 00:00:00,SMB,CUST-00841,2025-06-30,8,21207.48
2023Q2,2023-04-01 00:00:00,SMB,CUST-00841,2025-09-30,9,21207.48
2023Q2,2023-04-01 00:00:00,SMB,CUST-00841,2025-12-31,10,21207.48
2023Q2,2023-04-01 00:00:00,SMB,CUST-00842,2025-03-31,7,7630.56
2023Q2,2023-04-01 00:00:00,SMB,CUST-00842,2025-06-30,8,7983.72
2023Q2,2023-04-01 00:00:00,SMB,CUST-00842,2025-09-30,9,7983.72
2023Q2,2023-04-01 00:00:00,SMB,CUST-00842,2025-12-31,10,7983.72
2023Q2,2023-04-01 00:00:00,Mid-Market,CUST-01051,2026-03-31,11,8963.76
2023Q2,2023-04-01 00:00:00,Mid-Market,CUST-01051,2026-06-30,12,8963.76
2023Q2,2023-04-01 00:00:00,Mid-Market,CUST-01052,2024-03-31,3,40672.08
2023Q2,2023-04-01 00:00:00,Mid-Market,CUST-01052,2024-06-30,4,40672.08
2023Q2,2023-04-01 00:00:00,SMB,CUST-00827,2024-06-30,4,7221.72
2023Q2,2023-04-01 00:00:00,SMB,CUST-00827,2024-09-30,5,7221.72
2023Q2,2023-04-01 00:00:00,SMB,CUST-00827,2024-12-31,6,7221.72
2023Q2,2023-04-01 00:00:00,SMB,CUST-00827,2025-03-31,7,7221.72
2023Q2,2023-04-01 00:00:00,SMB,CUST-00827,2025-06-30,8,7438.56
2023Q2,2023-04-01 00:00:00,Mid-Market,CUST-01051,2025-12-31,10,8963.76
2023Q2,2023-04-01 00:00:00,SMB,CUST-00829,2024-09-30,5,24595.08
2023Q2,2023-04-01 00:00:00,SMB,CUST-00829,2024-12-31,6,24595.08
2023Q2,2023-04-01 00:00:00,SMB,CUST-00829,2025-03-31,7,24595.08
2023Q2,2023-04-01 00:00:00,SMB,CUST-00841,2026-03-31,11,21207.48
2023Q2,2023-04-01 00:00:00,SMB,CUST-00841,2026-06-30,12,21207.48
2023Q2,2023-04-01 00:00:00,SMB,CUST-00824,2026-06-30,12,10597.32
2023Q2,2023-04-01 00:00:00,SMB,CUST-00825,2024-03-31,3,2363.28
2023Q2,2023-04-01 00:00:00,SMB,CUST-00825,2024-06-30,4,2363.28
2023Q2,2023-04-01 00:00:00,SMB,CUST-00825,2024-09-30,5,2363.28
2023Q2,2023-04-01 00:00:00,SMB,CUST-00825,2024-12-31,6,2363.28
2023Q2,2023-04-01 00:00:00,SMB,CUST-00825,2025-03-31,7,2363.28
2023Q2,2023-04-01 00:00:00,SMB,CUST-00825,2025-06-30,8,2363.28
2023Q2,2023-04-01 00:00:00,SMB,CUST-00825,2025-09-30,9,2363.28
2023Q2,2023-04-01 00:00:00,SMB,CUST-00825,2025-12-31,10,2363.28
2023Q2,2023-04-01 00:00:00,SMB,CUST-00825,2026-03-31,11,2363.28
2023Q2,2023-04-01 00:00:00,SMB,CUST-00825,2026-06-30,12,3308.64
2023Q2,2023-04-01 00:00:00,SMB,CUST-00827,2024-03-31,3,6952.08
2023Q2,2023-04-01 00:00:00,SMB,CUST-00829,2024-06-30,4,24595.08
2023Q2,2023-04-01 00:00:00,SMB,CUST-00824,2026-03-31,11,10191.72
2023Q2,2023-04-01 00:00:00,SMB,CUST-00827,2025-09-30,9,7438.56
2023Q2,2023-04-01 00:00:00,SMB,CUST-00824,2025-09-30,9,10191.72
2023Q2,2023-04-01 00:00:00,SMB,CUST-00824,2025-12-31,10,10191.72
2023Q2,2023-04-01 00:00:00,SMB,CUST-00829,2025-12-31,10,34434.24
2023Q2,2023-04-01 00:00:00,SMB,CUST-00829,2024-03-31,3,23877.24
2023Q2,2023-04-01 00:00:00,SMB,CUST-00829,2025-09-30,9,24595.92
2023Q2,2023-04-01 00:00:00,SMB,CUST-00827,2025-12-31,10,7438.56
2023Q2,2023-04-01 00:00:00,SMB,CUST-00829,2025-06-30,8,24595.92
2023Q2,2023-04-01 00:00:00,SMB,CUST-00824,2025-06-30,8,10191.72
2023Q2,2023-04-01 00:00:00,SMB,CUST-00827,2026-03-31,11,7438.56
2023Q2,2023-04-01 00:00:00,SMB,CUST-00827,2026-06-30,12,7749.84
2023Q2,2023-04-01 00:00:00,SMB,CUST-00822,2024-03-31,3,6000.96
2023Q2,2023-04-01 00:00:00,SMB,CUST-00822,2024-06-30,4,4457.04
2023Q2,2023-04-01 00:00:00,SMB,CUST-00813,2024-03-31,3,8145.60
2023Q2,2023-04-01 00:00:00,SMB,CUST-00813,2024-06-30,4,8145.60
2023Q2,2023-04-01 00:00:00,SMB,CUST-00813,2024-09-30,5,11403.84
2023Q2,2023-04-01 00:00:00,Mid-Market,CUST-01043,2026-06-30,12,0.00
2023Q2,2023-04-01 00:00:00,SMB,CUST-00839,2024-03-31,3,8501.28
2023Q2,2023-04-01 00:00:00,SMB,CUST-00839,2024-06-30,4,8501.28
2023Q2,2023-04-01 00:00:00,SMB,CUST-00839,2024-09-30,5,8501.28
2023Q2,2023-04-01 00:00:00,SMB,CUST-00839,2024-12-31,6,8501.28
2023Q2,2023-04-01 00:00:00,SMB,CUST-00839,2025-03-31,7,13102.32
2023Q2,2023-04-01 00:00:00,SMB,CUST-00839,2025-06-30,8,8848.56
2023Q2,2023-04-01 00:00:00,SMB,CUST-00839,2025-09-30,9,8848.56
2023Q2,2023-04-01 00:00:00,SMB,CUST-00839,2025-12-31,10,8848.56
2023Q2,2023-04-01 00:00:00,SMB,CUST-00839,2026-03-31,11,8848.56
2023Q2,2023-04-01 00:00:00,SMB,CUST-00839,2026-06-30,12,8848.56
2023Q2,2023-04-01 00:00:00,SMB,CUST-00844,2024-03-31,3,10796.16
2023Q2,2023-04-01 00:00:00,SMB,CUST-00844,2024-06-30,4,11297.64
2023Q2,2023-04-01 00:00:00,SMB,CUST-00844,2024-09-30,5,11297.64
2023Q2,2023-04-01 00:00:00,SMB,CUST-00844,2024-12-31,6,11297.64
2023Q2,2023-04-01 00:00:00,SMB,CUST-00844,2025-03-31,7,15423.24
2023Q2,2023-04-01 00:00:00,SMB,CUST-00844,2025-06-30,8,11962.20
2023Q2,2023-04-01 00:00:00,SMB,CUST-00813,2025-06-30,8,11403.84
2023Q2,2023-04-01 00:00:00,SMB,CUST-00813,2025-09-30,9,11403.84
2023Q2,2023-04-01 00:00:00,SMB,CUST-00813,2025-12-31,10,11403.84
2023Q2,2023-04-01 00:00:00,SMB,CUST-00813,2026-03-31,11,11403.84
2023Q2,2023-04-01 00:00:00,SMB,CUST-00813,2026-06-30,12,11403.84
2023Q2,2023-04-01 00:00:00,SMB,CUST-00819,2024-03-31,3,0.00
2023Q2,2023-04-01 00:00:00,SMB,CUST-00819,2024-06-30,4,0.00
2023Q2,2023-04-01 00:00:00,SMB,CUST-00819,2024-09-30,5,0.00
2023Q2,2023-04-01 00:00:00,SMB,CUST-00819,2024-12-31,6,0.00
2023Q2,2023-04-01 00:00:00,SMB,CUST-00819,2025-03-31,7,0.00
2023Q2,2023-04-01 00:00:00,SMB,CUST-00819,2025-06-30,8,0.00
2023Q2,2023-04-01 00:00:00,SMB,CUST-00819,2025-09-30,9,0.00
2023Q2,2023-04-01 00:00:00,SMB,CUST-00819,2025-12-31,10,0.00
2023Q2,2023-04-01 00:00:00,Mid-Market,CUST-01045,2026-03-31,11,0.00
2023Q2,2023-04-01 00:00:00,Mid-Market,CUST-01045,2026-06-30,12,0.00
2023Q2,2023-04-01 00:00:00,SMB,CUST-00844,2025-09-30,9,11962.20
2023Q2,2023-04-01 00:00:00,SMB,CUST-00844,2025-12-31,10,11962.20
2023Q2,2023-04-01 00:00:00,SMB,CUST-00844,2026-03-31,11,11962.20
2023Q2,2023-04-01 00:00:00,SMB,CUST-00844,2026-06-30,12,12485.04
2023Q2,2023-04-01 00:00:00,SMB,CUST-00857,2024-03-31,3,3022.68
2023Q2,2023-04-01 00:00:00,SMB,CUST-00857,2024-06-30,4,3022.68
2023Q2,2023-04-01 00:00:00,SMB,CUST-00857,2024-09-30,5,3125.28
2023Q2,2023-04-01 00:00:00,SMB,CUST-00857,2024-12-31,6,3125.28
2023Q2,2023-04-01 00:00:00,SMB,CUST-00857,2025-03-31,7,5124.96
2023Q2,2023-04-01 00:00:00,SMB,CUST-00857,2025-06-30,8,5124.96
2023Q2,2023-04-01 00:00:00,SMB,CUST-00857,2025-09-30,9,2500.32
2023Q2,2023-04-01 00:00:00,SMB,CUST-00857,2025-12-31,10,2500.32
2023Q2,2023-04-01 00:00:00,SMB,CUST-00857,2026-03-31,11,2500.32
2023Q2,2023-04-01 00:00:00,SMB,CUST-00857,2026-06-30,12,2500.32
2023Q2,2023-04-01 00:00:00,SMB,CUST-00867,2024-03-31,3,4887.60
2023Q2,2023-04-01 00:00:00,SMB,CUST-00867,2024-06-30,4,4887.60
2023Q2,2023-04-01 00:00:00,SMB,CUST-00867,2024-09-30,5,0.00
2023Q2,2023-04-01 00:00:00,SMB,CUST-00867,2024-12-31,6,0.00
2023Q2,2023-04-01 00:00:00,SMB,CUST-00867,2025-03-31,7,0.00
2023Q2,2023-04-01 00:00:00,SMB,CUST-00867,2025-06-30,8,0.00
2023Q2,2023-04-01 00:00:00,SMB,CUST-00867,2025-09-30,9,0.00
2023Q2,2023-04-01 00:00:00,SMB,CUST-00867,2025-12-31,10,0.00
2023Q2,2023-04-01 00:00:00,SMB,CUST-00867,2026-03-31,11,0.00
2023Q2,2023-04-01 00:00:00,SMB,CUST-00867,2026-06-30,12,0.00
2023Q2,2023-04-01 00:00:00,SMB,CUST-00822,2024-09-30,5,5093.76
2023Q2,2023-04-01 00:00:00,SMB,CUST-00822,2024-12-31,6,5093.76
2023Q2,2023-04-01 00:00:00,SMB,CUST-00822,2025-03-31,7,7131.24
2023Q2,2023-04-01 00:00:00,SMB,CUST-00822,2025-06-30,8,5313.12
2023Q2,2023-04-01 00:00:00,SMB,CUST-00822,2025-09-30,9,5313.12
2023Q2,2023-04-01 00:00:00,SMB,CUST-00822,2025-12-31,10,5313.12
2023Q2,2023-04-01 00:00:00,SMB,CUST-00822,2026-03-31,11,7438.32
2023Q2,2023-04-01 00:00:00,SMB,CUST-00822,2026-06-30,12,5542.56
2023Q2,2023-04-01 00:00:00,SMB,CUST-00864,2024-03-31,3,3016.32
2023Q2,2023-04-01 00:00:00,SMB,CUST-00864,2024-06-30,4,3619.56
2023Q2,2023-04-01 00:00:00,SMB,CUST-00864,2024-09-30,5,3619.56
2023Q2,2023-04-01 00:00:00,SMB,CUST-00864,2024-12-31,6,5067.36
2023Q2,2023-04-01 00:00:00,SMB,CUST-00864,2025-03-31,7,5067.36
2023Q2,2023-04-01 00:00:00,SMB,CUST-00864,2025-06-30,8,0.00
2023Q2,2023-04-01 00:00:00,SMB,CUST-00864,2025-09-30,9,3419.04
2023Q2,2023-04-01 00:00:00,SMB,CUST-00864,2025-12-31,10,4102.92
2023Q2,2023-04-01 00:00:00,SMB,CUST-00864,2026-03-31,11,0.00
2023Q2,2023-04-01 00:00:00,SMB,CUST-00864,2026-06-30,12,0.00
2023Q2,2023-04-01 00:00:00,SMB,CUST-00836,2024-09-30,5,0.00
2023Q2,2023-04-01 00:00:00,SMB,CUST-00836,2024-12-31,6,0.00
2023Q2,2023-04-01 00:00:00,SMB,CUST-00836,2025-03-31,7,0.00
2023Q2,2023-04-01 00:00:00,SMB,CUST-00836,2025-06-30,8,0.00
2023Q2,2023-04-01 00:00:00,SMB,CUST-00836,2025-09-30,9,0.00
2023Q2,2023-04-01 00:00:00,SMB,CUST-00836,2025-12-31,10,0.00
2023Q2,2023-04-01 00:00:00,SMB,CUST-00836,2026-03-31,11,0.00
2023Q2,2023-04-01 00:00:00,SMB,CUST-00836,2026-06-30,12,0.00
2023Q2,2023-04-01 00:00:00,SMB,CUST-00850,2024-03-31,3,0.00
2023Q2,2023-04-01 00:00:00,SMB,CUST-00850,2024-06-30,4,0.00
2023Q2,2023-04-01 00:00:00,SMB,CUST-00850,2024-09-30,5,0.00
2023Q2,2023-04-01 00:00:00,SMB,CUST-00850,2024-12-31,6,0.00
2023Q2,2023-04-01 00:00:00,SMB,CUST-00850,2025-03-31,7,0.00
2023Q2,2023-04-01 00:00:00,SMB,CUST-00850,2025-06-30,8,0.00
2023Q2,2023-04-01 00:00:00,SMB,CUST-00850,2025-09-30,9,0.00
2023Q2,2023-04-01 00:00:00,SMB,CUST-00850,2025-12-31,10,0.00
2023Q2,2023-04-01 00:00:00,SMB,CUST-00850,2026-03-31,11,0.00
2023Q2,2023-04-01 00:00:00,SMB,CUST-00850,2026-06-30,12,0.00
2023Q2,2023-04-01 00:00:00,SMB,CUST-00870,2024-03-31,3,4511.40
2023Q2,2023-04-01 00:00:00,SMB,CUST-00837,2024-03-31,3,4192.08
2023Q2,2023-04-01 00:00:00,SMB,CUST-00837,2024-06-30,4,4337.76
2023Q2,2023-04-01 00:00:00,SMB,CUST-00837,2024-09-30,5,4337.76
2023Q2,2023-04-01 00:00:00,SMB,CUST-00869,2026-03-31,11,8198.28
2023Q2,2023-04-01 00:00:00,SMB,CUST-00820,2025-06-30,8,0.00
2023Q2,2023-04-01 00:00:00,SMB,CUST-00820,2025-09-30,9,0.00
2023Q2,2023-04-01 00:00:00,SMB,CUST-00820,2025-12-31,10,0.00
2023Q2,2023-04-01 00:00:00,SMB,CUST-00820,2026-03-31,11,0.00
2023Q2,2023-04-01 00:00:00,SMB,CUST-00837,2025-06-30,8,4539.00
2023Q2,2023-04-01 00:00:00,SMB,CUST-00837,2025-09-30,9,4539.00
2023Q2,2023-04-01 00:00:00,SMB,CUST-00837,2025-12-31,10,4539.00
2023Q2,2023-04-01 00:00:00,SMB,CUST-00837,2026-03-31,11,4539.00
2023Q2,2023-04-01 00:00:00,SMB,CUST-00870,2024-06-30,4,4511.40
2023Q2,2023-04-01 00:00:00,SMB,CUST-00870,2024-09-30,5,4511.40
2023Q2,2023-04-01 00:00:00,SMB,CUST-00870,2024-12-31,6,4511.40
2023Q2,2023-04-01 00:00:00,SMB,CUST-00870,2025-03-31,7,4511.40
2023Q2,2023-04-01 00:00:00,SMB,CUST-00870,2025-06-30,8,4511.40
2023Q2,2023-04-01 00:00:00,SMB,CUST-00870,2025-09-30,9,4511.40
2023Q2,2023-04-01 00:00:00,SMB,CUST-00869,2026-06-30,12,8198.28
2023Q2,2023-04-01 00:00:00,SMB,CUST-00820,2026-06-30,12,0.00
2023Q2,2023-04-01 00:00:00,SMB,CUST-00847,2024-03-31,3,3501.00
2023Q2,2023-04-01 00:00:00,SMB,CUST-00847,2024-06-30,4,3666.60
2023Q2,2023-04-01 00:00:00,SMB,CUST-00847,2024-09-30,5,5369.28
2023Q2,2023-04-01 00:00:00,SMB,CUST-00847,2024-12-31,6,5369.28
2023Q2,2023-04-01 00:00:00,SMB,CUST-00847,2025-03-31,7,5369.28
2023Q2,2023-04-01 00:00:00,SMB,CUST-00847,2025-06-30,8,3791.64
2023Q2,2023-04-01 00:00:00,SMB,CUST-00847,2025-09-30,9,3791.64
2023Q2,2023-04-01 00:00:00,SMB,CUST-00847,2025-12-31,10,3791.64
2023Q2,2023-04-01 00:00:00,SMB,CUST-00847,2026-03-31,11,3791.64
2023Q2,2023-04-01 00:00:00,SMB,CUST-00847,2026-06-30,12,3925.80
2023Q2,2023-04-01 00:00:00,SMB,CUST-00866,2024-03-31,3,7440.00
2023Q2,2023-04-01 00:00:00,SMB,CUST-00866,2024-06-30,4,7440.00
2023Q2,2023-04-01 00:00:00,SMB,CUST-00866,2024-09-30,5,7744.32
2023Q2,2023-04-01 00:00:00,SMB,CUST-00866,2024-12-31,6,7744.32
2023Q2,2023-04-01 00:00:00,SMB,CUST-00866,2025-03-31,7,7744.32
2023Q2,2023-04-01 00:00:00,SMB,CUST-00866,2025-06-30,8,7744.32
2023Q2,2023-04-01 00:00:00,SMB,CUST-00866,2025-09-30,9,8036.16
2023Q2,2023-04-01 00:00:00,SMB,CUST-00866,2025-12-31,10,8036.16
2023Q2,2023-04-01 00:00:00,SMB,CUST-00866,2026-03-31,11,8036.16
2023Q2,2023-04-01 00:00:00,SMB,CUST-00866,2026-06-30,12,8036.16
2023Q2,2023-04-01 00:00:00,SMB,CUST-00870,2025-12-31,10,4511.40
2023Q2,2023-04-01 00:00:00,Enterprise,CUST-01108,2024-03-31,3,407847.24
2023Q2,2023-04-01 00:00:00,Enterprise,CUST-01108,2024-06-30,4,407847.24
2023Q2,2023-04-01 00:00:00,Enterprise,CUST-01108,2024-09-30,5,407847.24
2023Q2,2023-04-01 00:00:00,Enterprise,CUST-01108,2024-12-31,6,407847.24
2023Q2,2023-04-01 00:00:00,Enterprise,CUST-01108,2025-03-31,7,407847.24
2023Q2,2023-04-01 00:00:00,Mid-Market,CUST-01056,2024-09-30,5,0.00
2023Q2,2023-04-01 00:00:00,Mid-Market,CUST-01056,2024-12-31,6,0.00
2023Q2,2023-04-01 00:00:00,Mid-Market,CUST-01056,2025-03-31,7,0.00
2023Q2,2023-04-01 00:00:00,Mid-Market,CUST-01056,2025-06-30,8,0.00
2023Q2,2023-04-01 00:00:00,Mid-Market,CUST-01056,2025-09-30,9,0.00
2023Q2,2023-04-01 00:00:00,Mid-Market,CUST-01056,2025-12-31,10,0.00
2023Q2,2023-04-01 00:00:00,Mid-Market,CUST-01056,2026-03-31,11,0.00
2023Q2,2023-04-01 00:00:00,Mid-Market,CUST-01056,2026-06-30,12,0.00
2023Q2,2023-04-01 00:00:00,SMB,CUST-00813,2024-12-31,6,11403.84
2023Q2,2023-04-01 00:00:00,SMB,CUST-00813,2025-03-31,7,11403.84
2023Q2,2023-04-01 00:00:00,SMB,CUST-00870,2026-03-31,11,4511.40
2023Q2,2023-04-01 00:00:00,SMB,CUST-00870,2026-06-30,12,4511.40
2023Q2,2023-04-01 00:00:00,Enterprise,CUST-01109,2024-03-31,3,180057.84
2023Q2,2023-04-01 00:00:00,Enterprise,CUST-01109,2024-06-30,4,180057.84
2023Q2,2023-04-01 00:00:00,Enterprise,CUST-01109,2024-09-30,5,180057.84
2023Q2,2023-04-01 00:00:00,SMB,CUST-00837,2026-06-30,12,4718.76
2023Q2,2023-04-01 00:00:00,SMB,CUST-00855,2024-03-31,3,3676.08
2023Q2,2023-04-01 00:00:00,SMB,CUST-00855,2024-06-30,4,3676.08
2023Q2,2023-04-01 00:00:00,Mid-Market,CUST-01043,2024-03-31,3,13431.60
2023Q2,2023-04-01 00:00:00,Mid-Market,CUST-01043,2024-06-30,4,0.00
2023Q2,2023-04-01 00:00:00,SMB,CUST-00855,2024-09-30,5,3676.08
2023Q2,2023-04-01 00:00:00,Mid-Market,CUST-01043,2024-09-30,5,0.00
2023Q2,2023-04-01 00:00:00,Mid-Market,CUST-01043,2024-12-31,6,0.00
2023Q2,2023-04-01 00:00:00,SMB,CUST-00855,2024-12-31,6,3676.08
2023Q2,2023-04-01 00:00:00,SMB,CUST-00830,2025-12-31,10,7956.24
2023Q2,2023-04-01 00:00:00,SMB,CUST-00855,2025-06-30,8,5146.56
2023Q2,2023-04-01 00:00:00,SMB,CUST-00855,2025-09-30,9,5146.56
2023Q2,2023-04-01 00:00:00,SMB,CUST-00855,2025-12-31,10,5146.56
2023Q2,2023-04-01 00:00:00,SMB,CUST-00855,2026-03-31,11,5146.56
2023Q2,2023-04-01 00:00:00,SMB,CUST-00855,2026-06-30,12,5146.56
2023Q2,2023-04-01 00:00:00,Mid-Market,CUST-01043,2025-03-31,7,0.00
2023Q2,2023-04-01 00:00:00,Mid-Market,CUST-01043,2025-06-30,8,0.00
2023Q2,2023-04-01 00:00:00,SMB,CUST-00830,2024-06-30,4,7020.00
2023Q2,2023-04-01 00:00:00,Mid-Market,CUST-01043,2025-09-30,9,0.00
2023Q2,2023-04-01 00:00:00,Mid-Market,CUST-01043,2025-12-31,10,0.00
2023Q2,2023-04-01 00:00:00,Mid-Market,CUST-01043,2026-03-31,11,0.00
2023Q2,2023-04-01 00:00:00,SMB,CUST-00858,2025-12-31,10,5299.08
2023Q2,2023-04-01 00:00:00,SMB,CUST-00858,2026-03-31,11,5299.08
2023Q2,2023-04-01 00:00:00,SMB,CUST-00869,2025-06-30,8,6376.44
2023Q2,2023-04-01 00:00:00,SMB,CUST-00835,2024-12-31,6,8763.72
2023Q2,2023-04-01 00:00:00,SMB,CUST-00835,2025-03-31,7,8763.72
2023Q2,2023-04-01 00:00:00,SMB,CUST-00835,2025-06-30,8,9086.40
2023Q2,2023-04-01 00:00:00,SMB,CUST-00835,2025-09-30,9,9086.40
2023Q2,2023-04-01 00:00:00,SMB,CUST-00835,2025-12-31,10,9086.40
2023Q2,2023-04-01 00:00:00,SMB,CUST-00835,2026-03-31,11,9086.40
2023Q2,2023-04-01 00:00:00,SMB,CUST-00869,2025-09-30,9,6376.44
2023Q2,2023-04-01 00:00:00,SMB,CUST-00869,2025-12-31,10,6376.44
2023Q2,2023-04-01 00:00:00,SMB,CUST-00869,2024-12-31,6,7287.36
2023Q2,2023-04-01 00:00:00,Enterprise,CUST-01108,2025-06-30,8,407847.24
2023Q2,2023-04-01 00:00:00,Enterprise,CUST-01108,2025-09-30,9,407847.24
2023Q2,2023-04-01 00:00:00,Enterprise,CUST-01108,2025-12-31,10,407847.24
2023Q2,2023-04-01 00:00:00,Enterprise,CUST-01108,2026-03-31,11,407847.24
2023Q2,2023-04-01 00:00:00,Enterprise,CUST-01108,2026-06-30,12,0.00
2023Q2,2023-04-01 00:00:00,SMB,CUST-00830,2025-09-30,9,7956.24
2023Q2,2023-04-01 00:00:00,Enterprise,CUST-01109,2025-06-30,8,180057.84
2023Q2,2023-04-01 00:00:00,Enterprise,CUST-01109,2025-09-30,9,180057.84
2023Q2,2023-04-01 00:00:00,Enterprise,CUST-01109,2025-12-31,10,180057.84
2023Q2,2023-04-01 00:00:00,SMB,CUST-00843,2026-03-31,11,0.00
2023Q2,2023-04-01 00:00:00,Enterprise,CUST-01109,2026-03-31,11,180057.84
2023Q2,2023-04-01 00:00:00,Enterprise,CUST-01109,2026-06-30,12,180057.84
2023Q2,2023-04-01 00:00:00,SMB,CUST-00843,2026-06-30,12,0.00
2023Q2,2023-04-01 00:00:00,SMB,CUST-00858,2024-03-31,3,3647.40
2023Q2,2023-04-01 00:00:00,SMB,CUST-00858,2024-06-30,4,3647.40
2023Q2,2023-04-01 00:00:00,SMB,CUST-00858,2024-09-30,5,3803.88
2023Q2,2023-04-01 00:00:00,SMB,CUST-00858,2024-12-31,6,3803.88
2023Q2,2023-04-01 00:00:00,SMB,CUST-00858,2025-03-31,7,3803.88
2023Q2,2023-04-01 00:00:00,SMB,CUST-00830,2024-09-30,5,7020.00
2023Q2,2023-04-01 00:00:00,SMB,CUST-00830,2024-12-31,6,7658.16
2023Q2,2023-04-01 00:00:00,SMB,CUST-00830,2025-03-31,7,7658.16
2023Q2,2023-04-01 00:00:00,SMB,CUST-00830,2025-06-30,8,7956.24
2023Q2,2023-04-01 00:00:00,SMB,CUST-00835,2026-06-30,12,9419.76
2023Q2,2023-04-01 00:00:00,SMB,CUST-00835,2024-09-30,5,8763.72
2023Q2,2023-04-01 00:00:00,SMB,CUST-00869,2025-03-31,7,6376.44
2023Q2,2023-04-01 00:00:00,SMB,CUST-00819,2026-06-30,12,0.00
2023Q2,2023-04-01 00:00:00,SMB,CUST-00830,2026-06-30,12,8352.48
2023Q2,2023-04-01 00:00:00,SMB,CUST-00843,2024-03-31,3,8591.88
2023Q2,2023-04-01 00:00:00,SMB,CUST-00843,2024-06-30,4,0.00
2023Q2,2023-04-01 00:00:00,SMB,CUST-00843,2024-09-30,5,0.00
2023Q2,2023-04-01 00:00:00,SMB,CUST-00843,2024-12-31,6,0.00
2023Q2,2023-04-01 00:00:00,SMB,CUST-00843,2025-03-31,7,0.00
2023Q2,2023-04-01 00:00:00,SMB,CUST-00843,2025-06-30,8,0.00
2023Q2,2023-04-01 00:00:00,SMB,CUST-00843,2025-09-30,9,0.00
2023Q2,2023-04-01 00:00:00,SMB,CUST-00843,2025-12-31,10,0.00
2023Q2,2023-04-01 00:00:00,SMB,CUST-00858,2025-06-30,8,4437.84
2023Q2,2023-04-01 00:00:00,SMB,CUST-00858,2025-09-30,9,5299.08
2023Q2,2023-04-01 00:00:00,SMB,CUST-00829,2026-03-31,11,34434.24
2023Q2,2023-04-01 00:00:00,Enterprise,CUST-01109,2024-12-31,6,180057.84
2023Q2,2023-04-01 00:00:00,SMB,CUST-00835,2024-03-31,3,11790.72
2023Q2,2023-04-01 00:00:00,SMB,CUST-00835,2024-06-30,4,8763.72
2023Q2,2023-04-01 00:00:00,SMB,CUST-00819,2026-03-31,11,0.00
2023Q2,2023-04-01 00:00:00,SMB,CUST-00829,2026-06-30,12,25502.76
2023Q2,2023-04-01 00:00:00,SMB,CUST-00858,2026-06-30,12,5299.08
2023Q2,2023-04-01 00:00:00,SMB,CUST-00830,2026-03-31,11,7956.24
2023Q2,2023-04-01 00:00:00,SMB,CUST-00869,2024-03-31,3,7287.36
2023Q2,2023-04-01 00:00:00,Enterprise,CUST-01109,2025-03-31,7,180057.84
2023Q2,2023-04-01 00:00:00,SMB,CUST-00841,2024-03-31,3,21207.48
2023Q2,2023-04-01 00:00:00,SMB,CUST-00837,2024-12-31,6,4337.76
2023Q2,2023-04-01 00:00:00,SMB,CUST-00841,2024-09-30,5,21207.48
2023Q2,2023-04-01 00:00:00,SMB,CUST-00830,2024-03-31,3,6381.96
2023Q2,2023-04-01 00:00:00,SMB,CUST-00837,2025-03-31,7,4337.76
2023Q2,2023-04-01 00:00:00,SMB,CUST-00855,2025-03-31,7,3676.08
2023Q2,2023-04-01 00:00:00,SMB,CUST-00869,2024-06-30,4,7287.36
2023Q2,2023-04-01 00:00:00,SMB,CUST-00869,2024-09-30,5,7287.36
2023Q2,2023-04-01 00:00:00,SMB,CUST-00841,2024-06-30,4,21207.48
2023Q3,2023-07-01 00:00:00,SMB,CUST-00878,2024-03-31,2,8479.80
2023Q3,2023-07-01 00:00:00,SMB,CUST-00878,2024-06-30,3,8479.80
2023Q3,2023-07-01 00:00:00,SMB,CUST-00878,2024-09-30,4,0.00
2023Q3,2023-07-01 00:00:00,SMB,CUST-00878,2024-12-31,5,0.00
2023Q3,2023-07-01 00:00:00,SMB,CUST-00878,2025-03-31,6,0.00
2023Q3,2023-07-01 00:00:00,SMB,CUST-00878,2025-06-30,7,0.00
2023Q3,2023-07-01 00:00:00,SMB,CUST-00878,2025-09-30,8,0.00
2023Q3,2023-07-01 00:00:00,SMB,CUST-00878,2025-12-31,9,0.00
2023Q3,2023-07-01 00:00:00,SMB,CUST-00878,2026-03-31,10,0.00
2023Q3,2023-07-01 00:00:00,SMB,CUST-00878,2026-06-30,11,0.00
2023Q3,2023-07-01 00:00:00,SMB,CUST-00909,2024-03-31,2,9591.84
2023Q3,2023-07-01 00:00:00,SMB,CUST-00909,2024-06-30,3,11111.76
2023Q3,2023-07-01 00:00:00,SMB,CUST-00909,2024-09-30,4,19424.64
2023Q3,2023-07-01 00:00:00,SMB,CUST-00909,2024-12-31,5,13199.04
2023Q3,2023-07-01 00:00:00,SMB,CUST-00909,2025-03-31,6,13199.04
2023Q3,2023-07-01 00:00:00,SMB,CUST-00909,2025-06-30,7,13199.04
2023Q3,2023-07-01 00:00:00,SMB,CUST-00909,2025-09-30,8,13199.04
2023Q3,2023-07-01 00:00:00,SMB,CUST-00909,2025-12-31,9,13199.40
2023Q3,2023-07-01 00:00:00,SMB,CUST-00909,2026-03-31,10,13199.40
2023Q3,2023-07-01 00:00:00,SMB,CUST-00909,2026-06-30,11,13199.40
2023Q3,2023-07-01 00:00:00,SMB,CUST-00910,2024-03-31,2,4923.12
2023Q3,2023-07-01 00:00:00,SMB,CUST-00910,2024-06-30,3,5470.20
2023Q3,2023-07-01 00:00:00,SMB,CUST-00910,2024-09-30,4,5470.20
2023Q3,2023-07-01 00:00:00,SMB,CUST-00910,2024-12-31,5,5470.20
2023Q3,2023-07-01 00:00:00,SMB,CUST-00910,2025-03-31,6,5470.20
2023Q3,2023-07-01 00:00:00,SMB,CUST-00910,2025-06-30,7,5470.20
2023Q3,2023-07-01 00:00:00,SMB,CUST-00910,2025-09-30,8,5470.20
2023Q3,2023-07-01 00:00:00,SMB,CUST-00910,2025-12-31,9,5470.20
2023Q3,2023-07-01 00:00:00,SMB,CUST-00910,2026-03-31,10,5470.20
2023Q3,2023-07-01 00:00:00,SMB,CUST-00910,2026-06-30,11,5470.20
2023Q3,2023-07-01 00:00:00,SMB,CUST-00915,2024-03-31,2,8139.72
2023Q3,2023-07-01 00:00:00,SMB,CUST-00915,2024-06-30,3,8139.72
2023Q3,2023-07-01 00:00:00,SMB,CUST-00915,2024-09-30,4,8139.72
2023Q3,2023-07-01 00:00:00,SMB,CUST-00915,2024-12-31,5,8390.88
2023Q3,2023-07-01 00:00:00,SMB,CUST-00915,2025-03-31,6,8390.88
2023Q3,2023-07-01 00:00:00,SMB,CUST-00915,2025-06-30,7,8390.88
2023Q3,2023-07-01 00:00:00,SMB,CUST-00915,2025-09-30,8,8390.88
2023Q3,2023-07-01 00:00:00,SMB,CUST-00915,2025-12-31,9,8668.44
2023Q3,2023-07-01 00:00:00,SMB,CUST-00915,2026-03-31,10,8668.44
2023Q3,2023-07-01 00:00:00,SMB,CUST-00915,2026-06-30,11,8668.44
2023Q3,2023-07-01 00:00:00,SMB,CUST-00921,2024-03-31,2,12066.48
2023Q3,2023-07-01 00:00:00,SMB,CUST-00921,2024-06-30,3,10098.72
2023Q3,2023-07-01 00:00:00,SMB,CUST-00921,2024-09-30,4,12623.40
2023Q3,2023-07-01 00:00:00,SMB,CUST-00921,2024-12-31,5,12623.40
2023Q3,2023-07-01 00:00:00,SMB,CUST-00921,2025-03-31,6,0.00
2023Q3,2023-07-01 00:00:00,SMB,CUST-00921,2025-06-30,7,0.00
2023Q3,2023-07-01 00:00:00,SMB,CUST-00921,2025-09-30,8,0.00
2023Q3,2023-07-01 00:00:00,SMB,CUST-00921,2025-12-31,9,0.00
2023Q3,2023-07-01 00:00:00,SMB,CUST-00921,2026-03-31,10,0.00
2023Q3,2023-07-01 00:00:00,SMB,CUST-00921,2026-06-30,11,0.00
2023Q3,2023-07-01 00:00:00,SMB,CUST-00894,2024-03-31,2,6693.96
2023Q3,2023-07-01 00:00:00,SMB,CUST-00894,2024-06-30,3,6693.96
2023Q3,2023-07-01 00:00:00,SMB,CUST-00894,2024-09-30,4,6693.96
2023Q3,2023-07-01 00:00:00,SMB,CUST-00894,2024-12-31,5,8032.68
2023Q3,2023-07-01 00:00:00,SMB,CUST-00894,2025-03-31,6,8032.68
2023Q3,2023-07-01 00:00:00,SMB,CUST-00894,2025-06-30,7,8032.68
2023Q3,2023-07-01 00:00:00,SMB,CUST-00894,2025-09-30,8,8032.68
2023Q3,2023-07-01 00:00:00,SMB,CUST-00894,2025-12-31,9,11245.80
2023Q3,2023-07-01 00:00:00,SMB,CUST-00894,2026-03-31,10,11245.80
2023Q3,2023-07-01 00:00:00,SMB,CUST-00894,2026-06-30,11,11245.80
2023Q3,2023-07-01 00:00:00,SMB,CUST-00900,2024-03-31,2,7252.92
2023Q3,2023-07-01 00:00:00,SMB,CUST-00900,2024-06-30,3,7252.92
2023Q3,2023-07-01 00:00:00,SMB,CUST-00900,2024-09-30,4,7491.72
2023Q3,2023-07-01 00:00:00,SMB,CUST-00900,2024-12-31,5,7491.72
2023Q3,2023-07-01 00:00:00,SMB,CUST-00900,2025-03-31,6,7491.72
2023Q3,2023-07-01 00:00:00,SMB,CUST-00900,2025-06-30,7,7491.72
2023Q3,2023-07-01 00:00:00,SMB,CUST-00900,2025-09-30,8,7730.52
2023Q3,2023-07-01 00:00:00,SMB,CUST-00900,2025-12-31,9,7730.52
2023Q3,2023-07-01 00:00:00,SMB,CUST-00900,2026-03-31,10,7730.52
2023Q3,2023-07-01 00:00:00,SMB,CUST-00900,2026-06-30,11,7730.52
2023Q3,2023-07-01 00:00:00,SMB,CUST-00901,2024-03-31,2,8713.68
2023Q3,2023-07-01 00:00:00,SMB,CUST-00901,2024-06-30,3,8713.68
2023Q3,2023-07-01 00:00:00,SMB,CUST-00901,2024-09-30,4,8713.68
2023Q3,2023-07-01 00:00:00,SMB,CUST-00901,2024-12-31,5,8713.68
2023Q3,2023-07-01 00:00:00,SMB,CUST-00901,2025-03-31,6,8713.68
2023Q3,2023-07-01 00:00:00,SMB,CUST-00901,2025-06-30,7,8713.68
2023Q3,2023-07-01 00:00:00,SMB,CUST-00901,2025-09-30,8,8713.68
2023Q3,2023-07-01 00:00:00,SMB,CUST-00901,2025-12-31,9,8713.68
2023Q3,2023-07-01 00:00:00,SMB,CUST-00901,2026-03-31,10,8713.68
2023Q3,2023-07-01 00:00:00,SMB,CUST-00901,2026-06-30,11,8713.68
2023Q3,2023-07-01 00:00:00,SMB,CUST-00904,2024-03-31,2,10086.96
2023Q3,2023-07-01 00:00:00,SMB,CUST-00904,2024-06-30,3,6526.80
2023Q3,2023-07-01 00:00:00,SMB,CUST-00904,2024-09-30,4,6526.80
2023Q3,2023-07-01 00:00:00,SMB,CUST-00904,2024-12-31,5,6526.80
2023Q3,2023-07-01 00:00:00,SMB,CUST-00904,2025-03-31,6,5340.12
2023Q3,2023-07-01 00:00:00,SMB,CUST-00904,2025-06-30,7,5340.12
2023Q3,2023-07-01 00:00:00,SMB,CUST-00904,2025-09-30,8,0.00
2023Q3,2023-07-01 00:00:00,SMB,CUST-00904,2025-12-31,9,0.00
2023Q3,2023-07-01 00:00:00,SMB,CUST-00904,2026-03-31,10,0.00
2023Q3,2023-07-01 00:00:00,SMB,CUST-00904,2026-06-30,11,0.00
2023Q3,2023-07-01 00:00:00,SMB,CUST-00906,2024-03-31,2,21103.68
2023Q3,2023-07-01 00:00:00,SMB,CUST-00906,2024-06-30,3,21103.68
2023Q3,2023-07-01 00:00:00,SMB,CUST-00906,2024-09-30,4,21103.68
2023Q3,2023-07-01 00:00:00,SMB,CUST-00906,2024-12-31,5,21103.68
2023Q3,2023-07-01 00:00:00,SMB,CUST-00906,2025-03-31,6,21103.68
2023Q3,2023-07-01 00:00:00,SMB,CUST-00906,2025-06-30,7,21103.68
2023Q3,2023-07-01 00:00:00,SMB,CUST-00906,2025-09-30,8,21103.68
2023Q3,2023-07-01 00:00:00,SMB,CUST-00906,2025-12-31,9,21103.68
2023Q3,2023-07-01 00:00:00,SMB,CUST-00906,2026-03-31,10,21103.68
2023Q3,2023-07-01 00:00:00,SMB,CUST-00906,2026-06-30,11,21103.68
2023Q3,2023-07-01 00:00:00,SMB,CUST-00907,2024-03-31,2,6763.32
2023Q3,2023-07-01 00:00:00,SMB,CUST-00907,2024-06-30,3,0.00
2023Q3,2023-07-01 00:00:00,SMB,CUST-00907,2024-09-30,4,0.00
2023Q3,2023-07-01 00:00:00,SMB,CUST-00907,2024-12-31,5,0.00
2023Q3,2023-07-01 00:00:00,SMB,CUST-00907,2025-03-31,6,0.00
2023Q3,2023-07-01 00:00:00,SMB,CUST-00907,2025-06-30,7,0.00
2023Q3,2023-07-01 00:00:00,SMB,CUST-00907,2025-09-30,8,0.00
2023Q3,2023-07-01 00:00:00,SMB,CUST-00907,2025-12-31,9,0.00
2023Q3,2023-07-01 00:00:00,SMB,CUST-00907,2026-03-31,10,0.00
2023Q3,2023-07-01 00:00:00,SMB,CUST-00907,2026-06-30,11,0.00
2023Q3,2023-07-01 00:00:00,SMB,CUST-00897,2024-03-31,2,0.00
2023Q3,2023-07-01 00:00:00,SMB,CUST-00897,2024-06-30,3,0.00
2023Q3,2023-07-01 00:00:00,SMB,CUST-00897,2024-09-30,4,0.00
2023Q3,2023-07-01 00:00:00,SMB,CUST-00897,2024-12-31,5,0.00
2023Q3,2023-07-01 00:00:00,SMB,CUST-00897,2025-03-31,6,0.00
2023Q3,2023-07-01 00:00:00,SMB,CUST-00897,2025-06-30,7,0.00
2023Q3,2023-07-01 00:00:00,SMB,CUST-00897,2025-09-30,8,0.00
2023Q3,2023-07-01 00:00:00,SMB,CUST-00897,2025-12-31,9,0.00
2023Q3,2023-07-01 00:00:00,SMB,CUST-00897,2026-03-31,10,0.00
2023Q3,2023-07-01 00:00:00,SMB,CUST-00897,2026-06-30,11,0.00
2023Q3,2023-07-01 00:00:00,Mid-Market,CUST-01061,2024-03-31,2,19656.84
2023Q3,2023-07-01 00:00:00,Mid-Market,CUST-01061,2024-06-30,3,19656.84
2023Q3,2023-07-01 00:00:00,Mid-Market,CUST-01061,2024-09-30,4,20318.76
2023Q3,2023-07-01 00:00:00,Mid-Market,CUST-01061,2024-12-31,5,20318.76
2023Q3,2023-07-01 00:00:00,Mid-Market,CUST-01061,2025-03-31,6,21393.72
2023Q3,2023-07-01 00:00:00,Mid-Market,CUST-01061,2025-06-30,7,21393.72
2023Q3,2023-07-01 00:00:00,Mid-Market,CUST-01061,2025-09-30,8,0.00
2023Q3,2023-07-01 00:00:00,Mid-Market,CUST-01061,2025-12-31,9,0.00
2023Q3,2023-07-01 00:00:00,Mid-Market,CUST-01061,2026-03-31,10,0.00
2023Q3,2023-07-01 00:00:00,Mid-Market,CUST-01061,2026-06-30,11,0.00
2023Q3,2023-07-01 00:00:00,Mid-Market,CUST-01065,2024-03-31,2,22161.60
2023Q3,2023-07-01 00:00:00,Mid-Market,CUST-01065,2024-06-30,3,32139.72
2023Q3,2023-07-01 00:00:00,Mid-Market,CUST-01065,2024-09-30,4,35133.84
2023Q3,2023-07-01 00:00:00,Mid-Market,CUST-01065,2024-12-31,5,35133.84
2023Q3,2023-07-01 00:00:00,Mid-Market,CUST-01065,2025-03-31,6,35133.84
2023Q3,2023-07-01 00:00:00,Mid-Market,CUST-01065,2025-06-30,7,37129.44
2023Q3,2023-07-01 00:00:00,Mid-Market,CUST-01065,2025-09-30,8,38286.36
2023Q3,2023-07-01 00:00:00,Mid-Market,CUST-01065,2025-12-31,9,38286.36
2023Q3,2023-07-01 00:00:00,Mid-Market,CUST-01065,2026-03-31,10,38286.36
2023Q3,2023-07-01 00:00:00,Mid-Market,CUST-01065,2026-06-30,11,38286.36
2023Q3,2023-07-01 00:00:00,Mid-Market,CUST-01069,2024-03-31,2,27382.68
2023Q3,2023-07-01 00:00:00,Mid-Market,CUST-01069,2024-06-30,3,28828.32
2023Q3,2023-07-01 00:00:00,Mid-Market,CUST-01069,2024-09-30,4,28828.32
2023Q3,2023-07-01 00:00:00,Mid-Market,CUST-01069,2024-12-31,5,29827.20
2023Q3,2023-07-01 00:00:00,Mid-Market,CUST-01069,2025-03-31,6,29827.20
2023Q3,2023-07-01 00:00:00,Mid-Market,CUST-01069,2025-06-30,7,29827.20
2023Q3,2023-07-01 00:00:00,Mid-Market,CUST-01069,2025-09-30,8,35810.28
2023Q3,2023-07-01 00:00:00,Mid-Market,CUST-01069,2025-12-31,9,38454.84
2023Q3,2023-07-01 00:00:00,Mid-Market,CUST-01069,2026-03-31,10,38454.84
2023Q3,2023-07-01 00:00:00,Mid-Market,CUST-01069,2026-06-30,11,38454.84
2023Q3,2023-07-01 00:00:00,Enterprise,CUST-01111,2024-03-31,2,271942.56
2023Q3,2023-07-01 00:00:00,Enterprise,CUST-01111,2024-06-30,3,340061.88
2023Q3,2023-07-01 00:00:00,Enterprise,CUST-01111,2024-09-30,4,0.00
2023Q3,2023-07-01 00:00:00,Enterprise,CUST-01111,2024-12-31,5,0.00
2023Q3,2023-07-01 00:00:00,Enterprise,CUST-01111,2025-03-31,6,0.00
2023Q3,2023-07-01 00:00:00,Enterprise,CUST-01111,2025-06-30,7,0.00
2023Q3,2023-07-01 00:00:00,Enterprise,CUST-01111,2025-09-30,8,0.00
2023Q3,2023-07-01 00:00:00,Enterprise,CUST-01111,2025-12-31,9,0.00
2023Q3,2023-07-01 00:00:00,Enterprise,CUST-01111,2026-03-31,10,0.00
2023Q3,2023-07-01 00:00:00,Enterprise,CUST-01111,2026-06-30,11,0.00
2023Q3,2023-07-01 00:00:00,SMB,CUST-00917,2024-03-31,2,8595.36
2023Q3,2023-07-01 00:00:00,SMB,CUST-00917,2024-06-30,3,9454.92
2023Q3,2023-07-01 00:00:00,SMB,CUST-00917,2024-09-30,4,9454.92
2023Q3,2023-07-01 00:00:00,SMB,CUST-00917,2024-12-31,5,9454.92
2023Q3,2023-07-01 00:00:00,SMB,CUST-00917,2025-03-31,6,9454.92
2023Q3,2023-07-01 00:00:00,SMB,CUST-00917,2025-06-30,7,9454.92
2023Q3,2023-07-01 00:00:00,SMB,CUST-00917,2025-09-30,8,0.00
2023Q3,2023-07-01 00:00:00,SMB,CUST-00917,2025-12-31,9,0.00
2023Q3,2023-07-01 00:00:00,SMB,CUST-00917,2026-03-31,10,0.00
2023Q3,2023-07-01 00:00:00,SMB,CUST-00917,2026-06-30,11,0.00
2023Q3,2023-07-01 00:00:00,Mid-Market,CUST-01073,2024-03-31,2,13462.80
2023Q3,2023-07-01 00:00:00,Mid-Market,CUST-01073,2024-06-30,3,13462.80
2023Q3,2023-07-01 00:00:00,Mid-Market,CUST-01073,2024-09-30,4,13462.80
2023Q3,2023-07-01 00:00:00,Mid-Market,CUST-01073,2024-12-31,5,14032.80
2023Q3,2023-07-01 00:00:00,Mid-Market,CUST-01073,2025-03-31,6,17039.76
2023Q3,2023-07-01 00:00:00,Mid-Market,CUST-01073,2025-06-30,7,17039.76
2023Q3,2023-07-01 00:00:00,Mid-Market,CUST-01073,2025-09-30,8,17039.76
2023Q3,2023-07-01 00:00:00,Mid-Market,CUST-01073,2025-12-31,9,17716.08
2023Q3,2023-07-01 00:00:00,Mid-Market,CUST-01073,2026-03-31,10,17716.08
2023Q3,2023-07-01 00:00:00,Mid-Market,CUST-01073,2026-06-30,11,26053.08
2023Q3,2023-07-01 00:00:00,SMB,CUST-00876,2024-03-31,2,6886.20
2023Q3,2023-07-01 00:00:00,SMB,CUST-00876,2024-06-30,3,6886.20
2023Q3,2023-07-01 00:00:00,SMB,CUST-00876,2024-09-30,4,6886.20
2023Q3,2023-07-01 00:00:00,SMB,CUST-00876,2024-12-31,5,6886.20
2023Q3,2023-07-01 00:00:00,SMB,CUST-00876,2025-03-31,6,6886.20
2023Q3,2023-07-01 00:00:00,SMB,CUST-00876,2025-06-30,7,6886.20
2023Q3,2023-07-01 00:00:00,SMB,CUST-00876,2025-09-30,8,6886.20
2023Q3,2023-07-01 00:00:00,SMB,CUST-00876,2025-12-31,9,8475.24
2023Q3,2023-07-01 00:00:00,SMB,CUST-00876,2026-03-31,10,8475.24
2023Q3,2023-07-01 00:00:00,SMB,CUST-00876,2026-06-30,11,8475.24
2023Q3,2023-07-01 00:00:00,SMB,CUST-00887,2024-03-31,2,11540.16
2023Q3,2023-07-01 00:00:00,SMB,CUST-00887,2024-06-30,3,11540.16
2023Q3,2023-07-01 00:00:00,SMB,CUST-00887,2024-09-30,4,11540.16
2023Q3,2023-07-01 00:00:00,SMB,CUST-00887,2024-12-31,5,11540.16
2023Q3,2023-07-01 00:00:00,SMB,CUST-00887,2025-03-31,6,11540.16
2023Q3,2023-07-01 00:00:00,SMB,CUST-00887,2025-06-30,7,13584.72
2023Q3,2023-07-01 00:00:00,SMB,CUST-00887,2025-09-30,8,13584.72
2023Q3,2023-07-01 00:00:00,SMB,CUST-00887,2025-12-31,9,13584.72
2023Q3,2023-07-01 00:00:00,SMB,CUST-00887,2026-03-31,10,13584.72
2023Q3,2023-07-01 00:00:00,SMB,CUST-00887,2026-06-30,11,13584.72
2023Q3,2023-07-01 00:00:00,SMB,CUST-00895,2024-03-31,2,6257.64
2023Q3,2023-07-01 00:00:00,SMB,CUST-00895,2024-06-30,3,6257.64
2023Q3,2023-07-01 00:00:00,SMB,CUST-00895,2024-09-30,4,0.00
2023Q3,2023-07-01 00:00:00,SMB,CUST-00895,2024-12-31,5,0.00
2023Q3,2023-07-01 00:00:00,SMB,CUST-00895,2025-03-31,6,0.00
2023Q3,2023-07-01 00:00:00,SMB,CUST-00895,2025-06-30,7,0.00
2023Q3,2023-07-01 00:00:00,SMB,CUST-00895,2025-09-30,8,0.00
2023Q3,2023-07-01 00:00:00,SMB,CUST-00895,2025-12-31,9,0.00
2023Q3,2023-07-01 00:00:00,SMB,CUST-00895,2026-03-31,10,0.00
2023Q3,2023-07-01 00:00:00,SMB,CUST-00895,2026-06-30,11,0.00
2023Q3,2023-07-01 00:00:00,SMB,CUST-00913,2024-03-31,2,10356.12
2023Q3,2023-07-01 00:00:00,SMB,CUST-00913,2024-06-30,3,10356.12
2023Q3,2023-07-01 00:00:00,SMB,CUST-00913,2024-09-30,4,13888.44
2023Q3,2023-07-01 00:00:00,SMB,CUST-00913,2024-12-31,5,13888.44
2023Q3,2023-07-01 00:00:00,SMB,CUST-00913,2025-03-31,6,13888.44
2023Q3,2023-07-01 00:00:00,SMB,CUST-00913,2025-06-30,7,13888.44
2023Q3,2023-07-01 00:00:00,SMB,CUST-00913,2025-09-30,8,13888.44
2023Q3,2023-07-01 00:00:00,SMB,CUST-00913,2025-12-31,9,13888.44
2023Q3,2023-07-01 00:00:00,SMB,CUST-00913,2026-03-31,10,13888.44
2023Q3,2023-07-01 00:00:00,SMB,CUST-00913,2026-06-30,11,13888.44
2023Q3,2023-07-01 00:00:00,SMB,CUST-00877,2024-03-31,2,5130.72
2023Q3,2023-07-01 00:00:00,SMB,CUST-00877,2024-06-30,3,5130.72
2023Q3,2023-07-01 00:00:00,SMB,CUST-00877,2024-09-30,4,0.00
2023Q3,2023-07-01 00:00:00,SMB,CUST-00877,2024-12-31,5,0.00
2023Q3,2023-07-01 00:00:00,SMB,CUST-00877,2025-03-31,6,0.00
2023Q3,2023-07-01 00:00:00,SMB,CUST-00877,2025-06-30,7,0.00
2023Q3,2023-07-01 00:00:00,SMB,CUST-00877,2025-09-30,8,0.00
2023Q3,2023-07-01 00:00:00,SMB,CUST-00877,2025-12-31,9,0.00
2023Q3,2023-07-01 00:00:00,SMB,CUST-00877,2026-03-31,10,0.00
2023Q3,2023-07-01 00:00:00,SMB,CUST-00877,2026-06-30,11,0.00
2023Q3,2023-07-01 00:00:00,SMB,CUST-00886,2024-03-31,2,3686.16
2023Q3,2023-07-01 00:00:00,SMB,CUST-00886,2024-06-30,3,3686.16
2023Q3,2023-07-01 00:00:00,SMB,CUST-00886,2024-09-30,4,0.00
2023Q3,2023-07-01 00:00:00,SMB,CUST-00886,2024-12-31,5,0.00
2023Q3,2023-07-01 00:00:00,SMB,CUST-00886,2025-03-31,6,5379.00
2023Q3,2023-07-01 00:00:00,SMB,CUST-00886,2025-06-30,7,5379.00
2023Q3,2023-07-01 00:00:00,SMB,CUST-00886,2025-09-30,8,5379.00
2023Q3,2023-07-01 00:00:00,SMB,CUST-00886,2025-12-31,9,6051.36
2023Q3,2023-07-01 00:00:00,SMB,CUST-00886,2026-03-31,10,5563.20
2023Q3,2023-07-01 00:00:00,SMB,CUST-00886,2026-06-30,11,5563.20
2023Q3,2023-07-01 00:00:00,SMB,CUST-00925,2024-03-31,2,12591.24
2023Q3,2023-07-01 00:00:00,SMB,CUST-00925,2024-06-30,3,12591.24
2023Q3,2023-07-01 00:00:00,SMB,CUST-00925,2024-09-30,4,12591.24
2023Q3,2023-07-01 00:00:00,SMB,CUST-00925,2024-12-31,5,12591.24
2023Q3,2023-07-01 00:00:00,SMB,CUST-00925,2025-03-31,6,12591.24
2023Q3,2023-07-01 00:00:00,SMB,CUST-00925,2025-06-30,7,17627.76
2023Q3,2023-07-01 00:00:00,SMB,CUST-00925,2025-09-30,8,17627.76
2023Q3,2023-07-01 00:00:00,SMB,CUST-00925,2025-12-31,9,17627.76
2023Q3,2023-07-01 00:00:00,SMB,CUST-00925,2026-03-31,10,19134.60
2023Q3,2023-07-01 00:00:00,SMB,CUST-00925,2026-06-30,11,19134.60
2023Q3,2023-07-01 00:00:00,Enterprise,CUST-01113,2024-03-31,2,113261.40
2023Q3,2023-07-01 00:00:00,Enterprise,CUST-01113,2024-06-30,3,113261.40
2023Q3,2023-07-01 00:00:00,Enterprise,CUST-01113,2024-09-30,4,113261.40
2023Q3,2023-07-01 00:00:00,Enterprise,CUST-01113,2024-12-31,5,0.00
2023Q3,2023-07-01 00:00:00,Enterprise,CUST-01113,2025-03-31,6,0.00
2023Q3,2023-07-01 00:00:00,Enterprise,CUST-01113,2025-06-30,7,0.00
2023Q3,2023-07-01 00:00:00,Enterprise,CUST-01113,2025-09-30,8,0.00
2023Q3,2023-07-01 00:00:00,Enterprise,CUST-01113,2025-12-31,9,0.00
2023Q3,2023-07-01 00:00:00,Enterprise,CUST-01113,2026-03-31,10,0.00
2023Q3,2023-07-01 00:00:00,Enterprise,CUST-01113,2026-06-30,11,0.00
2023Q3,2023-07-01 00:00:00,Mid-Market,CUST-01064,2024-03-31,2,23734.92
2023Q3,2023-07-01 00:00:00,Mid-Market,CUST-01064,2024-06-30,3,23734.92
2023Q3,2023-07-01 00:00:00,Mid-Market,CUST-01064,2024-09-30,4,24916.08
2023Q3,2023-07-01 00:00:00,Mid-Market,CUST-01064,2024-12-31,5,24916.08
2023Q3,2023-07-01 00:00:00,Mid-Market,CUST-01064,2025-03-31,6,24916.08
2023Q3,2023-07-01 00:00:00,Mid-Market,CUST-01064,2025-06-30,7,24916.08
2023Q3,2023-07-01 00:00:00,Mid-Market,CUST-01064,2025-09-30,8,22041.12
2023Q3,2023-07-01 00:00:00,Mid-Market,CUST-01064,2025-12-31,9,22041.12
2023Q3,2023-07-01 00:00:00,Mid-Market,CUST-01064,2026-03-31,10,22041.12
2023Q3,2023-07-01 00:00:00,Mid-Market,CUST-01064,2026-06-30,11,22041.12
2023Q3,2023-07-01 00:00:00,SMB,CUST-00884,2024-03-31,2,2577.48
2023Q3,2023-07-01 00:00:00,SMB,CUST-00884,2024-06-30,3,2577.48
2023Q3,2023-07-01 00:00:00,SMB,CUST-00884,2024-09-30,4,2577.48
2023Q3,2023-07-01 00:00:00,SMB,CUST-00884,2024-12-31,5,2577.48
2023Q3,2023-07-01 00:00:00,SMB,CUST-00884,2025-03-31,6,2577.48
2023Q3,2023-07-01 00:00:00,SMB,CUST-00884,2025-06-30,7,2577.48
2023Q3,2023-07-01 00:00:00,SMB,CUST-00884,2025-09-30,8,2577.48
2023Q3,2023-07-01 00:00:00,SMB,CUST-00884,2025-12-31,9,2577.48
2023Q3,2023-07-01 00:00:00,SMB,CUST-00884,2026-03-31,10,2577.48
2023Q3,2023-07-01 00:00:00,SMB,CUST-00884,2026-06-30,11,2577.48
2023Q3,2023-07-01 00:00:00,SMB,CUST-00885,2024-03-31,2,2664.12
2023Q3,2023-07-01 00:00:00,SMB,CUST-00885,2024-06-30,3,2664.12
2023Q3,2023-07-01 00:00:00,SMB,CUST-00885,2024-09-30,4,0.00
2023Q3,2023-07-01 00:00:00,SMB,CUST-00885,2024-12-31,5,0.00
2023Q3,2023-07-01 00:00:00,SMB,CUST-00885,2025-03-31,6,0.00
2023Q3,2023-07-01 00:00:00,SMB,CUST-00885,2025-06-30,7,0.00
2023Q3,2023-07-01 00:00:00,SMB,CUST-00885,2025-09-30,8,0.00
2023Q3,2023-07-01 00:00:00,SMB,CUST-00885,2025-12-31,9,0.00
2023Q3,2023-07-01 00:00:00,SMB,CUST-00885,2026-03-31,10,0.00
2023Q3,2023-07-01 00:00:00,SMB,CUST-00885,2026-06-30,11,0.00
2023Q3,2023-07-01 00:00:00,SMB,CUST-00892,2024-03-31,2,8536.44
2023Q3,2023-07-01 00:00:00,SMB,CUST-00892,2024-06-30,3,8536.44
2023Q3,2023-07-01 00:00:00,SMB,CUST-00892,2024-09-30,4,0.00
2023Q3,2023-07-01 00:00:00,SMB,CUST-00892,2024-12-31,5,0.00
2023Q3,2023-07-01 00:00:00,SMB,CUST-00892,2025-03-31,6,0.00
2023Q3,2023-07-01 00:00:00,SMB,CUST-00892,2025-06-30,7,0.00
2023Q3,2023-07-01 00:00:00,SMB,CUST-00892,2025-09-30,8,0.00
2023Q3,2023-07-01 00:00:00,SMB,CUST-00892,2025-12-31,9,0.00
2023Q3,2023-07-01 00:00:00,SMB,CUST-00892,2026-03-31,10,0.00
2023Q3,2023-07-01 00:00:00,SMB,CUST-00892,2026-06-30,11,0.00
2023Q3,2023-07-01 00:00:00,Mid-Market,CUST-01063,2024-03-31,2,7077.12
2023Q3,2023-07-01 00:00:00,Mid-Market,CUST-01063,2024-06-30,3,7077.12
2023Q3,2023-07-01 00:00:00,Mid-Market,CUST-01063,2024-09-30,4,20346.84
2023Q3,2023-07-01 00:00:00,Mid-Market,CUST-01063,2024-12-31,5,20346.84
2023Q3,2023-07-01 00:00:00,Mid-Market,CUST-01063,2025-03-31,6,28485.60
2023Q3,2023-07-01 00:00:00,Mid-Market,CUST-01063,2025-06-30,7,42109.20
2023Q3,2023-07-01 00:00:00,Mid-Market,CUST-01063,2025-09-30,8,42109.20
2023Q3,2023-07-01 00:00:00,Mid-Market,CUST-01063,2025-12-31,9,42109.20
2023Q3,2023-07-01 00:00:00,Mid-Market,CUST-01063,2026-03-31,10,42109.20
2023Q3,2023-07-01 00:00:00,Mid-Market,CUST-01063,2026-06-30,11,42109.20
2023Q3,2023-07-01 00:00:00,Mid-Market,CUST-01068,2024-03-31,2,42641.64
2023Q3,2023-07-01 00:00:00,SMB,CUST-00889,2024-03-31,2,7923.36
2023Q3,2023-07-01 00:00:00,SMB,CUST-00889,2024-06-30,3,7923.36
2023Q3,2023-07-01 00:00:00,SMB,CUST-00889,2024-09-30,4,0.00
2023Q3,2023-07-01 00:00:00,SMB,CUST-00889,2024-12-31,5,0.00
2023Q3,2023-07-01 00:00:00,SMB,CUST-00889,2025-03-31,6,0.00
2023Q3,2023-07-01 00:00:00,SMB,CUST-00889,2025-06-30,7,0.00
2023Q3,2023-07-01 00:00:00,SMB,CUST-00889,2025-09-30,8,0.00
2023Q3,2023-07-01 00:00:00,SMB,CUST-00889,2025-12-31,9,0.00
2023Q3,2023-07-01 00:00:00,SMB,CUST-00889,2026-03-31,10,0.00
2023Q3,2023-07-01 00:00:00,SMB,CUST-00889,2026-06-30,11,0.00
2023Q3,2023-07-01 00:00:00,SMB,CUST-00890,2024-03-31,2,2474.64
2023Q3,2023-07-01 00:00:00,SMB,CUST-00890,2024-06-30,3,3299.52
2023Q3,2023-07-01 00:00:00,SMB,CUST-00890,2024-09-30,4,3299.52
2023Q3,2023-07-01 00:00:00,SMB,CUST-00890,2024-12-31,5,3299.52
2023Q3,2023-07-01 00:00:00,SMB,CUST-00890,2025-03-31,6,3299.52
2023Q3,2023-07-01 00:00:00,SMB,CUST-00890,2025-06-30,7,0.00
2023Q3,2023-07-01 00:00:00,SMB,CUST-00890,2025-09-30,8,0.00
2023Q3,2023-07-01 00:00:00,SMB,CUST-00890,2025-12-31,9,0.00
2023Q3,2023-07-01 00:00:00,SMB,CUST-00890,2026-03-31,10,0.00
2023Q3,2023-07-01 00:00:00,SMB,CUST-00890,2026-06-30,11,0.00
2023Q3,2023-07-01 00:00:00,SMB,CUST-00898,2024-03-31,2,1818.36
2023Q3,2023-07-01 00:00:00,SMB,CUST-00898,2024-06-30,3,1818.36
2023Q3,2023-07-01 00:00:00,SMB,CUST-00898,2024-09-30,4,1894.20
2023Q3,2023-07-01 00:00:00,SMB,CUST-00898,2024-12-31,5,1894.20
2023Q3,2023-07-01 00:00:00,SMB,CUST-00898,2025-03-31,6,1894.20
2023Q3,2023-07-01 00:00:00,SMB,CUST-00898,2025-06-30,7,1894.20
2023Q3,2023-07-01 00:00:00,SMB,CUST-00898,2025-09-30,8,2643.24
2023Q3,2023-07-01 00:00:00,SMB,CUST-00898,2025-12-31,9,2643.24
2023Q3,2023-07-01 00:00:00,SMB,CUST-00898,2026-03-31,10,2643.24
2023Q3,2023-07-01 00:00:00,SMB,CUST-00898,2026-06-30,11,2643.24
2023Q3,2023-07-01 00:00:00,SMB,CUST-00903,2024-03-31,2,11098.32
2023Q3,2023-07-01 00:00:00,SMB,CUST-00903,2024-06-30,3,12617.52
2023Q3,2023-07-01 00:00:00,SMB,CUST-00903,2024-09-30,4,0.00
2023Q3,2023-07-01 00:00:00,SMB,CUST-00903,2024-12-31,5,0.00
2023Q3,2023-07-01 00:00:00,SMB,CUST-00903,2025-03-31,6,0.00
2023Q3,2023-07-01 00:00:00,SMB,CUST-00903,2025-06-30,7,0.00
2023Q3,2023-07-01 00:00:00,SMB,CUST-00903,2025-09-30,8,0.00
2023Q3,2023-07-01 00:00:00,SMB,CUST-00903,2025-12-31,9,0.00
2023Q3,2023-07-01 00:00:00,SMB,CUST-00903,2026-03-31,10,0.00
2023Q3,2023-07-01 00:00:00,SMB,CUST-00903,2026-06-30,11,0.00
2023Q3,2023-07-01 00:00:00,SMB,CUST-00914,2024-03-31,2,15751.32
2023Q3,2023-07-01 00:00:00,SMB,CUST-00914,2024-06-30,3,0.00
2023Q3,2023-07-01 00:00:00,SMB,CUST-00914,2024-09-30,4,0.00
2023Q3,2023-07-01 00:00:00,SMB,CUST-00914,2024-12-31,5,0.00
2023Q3,2023-07-01 00:00:00,SMB,CUST-00914,2025-03-31,6,0.00
2023Q3,2023-07-01 00:00:00,SMB,CUST-00914,2025-06-30,7,0.00
2023Q3,2023-07-01 00:00:00,SMB,CUST-00914,2025-09-30,8,0.00
2023Q3,2023-07-01 00:00:00,SMB,CUST-00914,2025-12-31,9,0.00
2023Q3,2023-07-01 00:00:00,SMB,CUST-00914,2026-03-31,10,0.00
2023Q3,2023-07-01 00:00:00,SMB,CUST-00914,2026-06-30,11,0.00
2023Q3,2023-07-01 00:00:00,SMB,CUST-00924,2024-03-31,2,4873.44
2023Q3,2023-07-01 00:00:00,SMB,CUST-00924,2024-06-30,3,4873.44
2023Q3,2023-07-01 00:00:00,SMB,CUST-00924,2024-09-30,4,4873.44
2023Q3,2023-07-01 00:00:00,SMB,CUST-00924,2024-12-31,5,0.00
2023Q3,2023-07-01 00:00:00,SMB,CUST-00924,2025-03-31,6,0.00
2023Q3,2023-07-01 00:00:00,SMB,CUST-00924,2025-06-30,7,0.00
2023Q3,2023-07-01 00:00:00,SMB,CUST-00924,2025-09-30,8,0.00
2023Q3,2023-07-01 00:00:00,SMB,CUST-00924,2025-12-31,9,0.00
2023Q3,2023-07-01 00:00:00,SMB,CUST-00924,2026-03-31,10,0.00
2023Q3,2023-07-01 00:00:00,SMB,CUST-00924,2026-06-30,11,0.00
2023Q3,2023-07-01 00:00:00,SMB,CUST-00902,2024-03-31,2,1922.88
2023Q3,2023-07-01 00:00:00,SMB,CUST-00902,2024-06-30,3,1922.88
2023Q3,2023-07-01 00:00:00,SMB,CUST-00902,2024-09-30,4,0.00
2023Q3,2023-07-01 00:00:00,SMB,CUST-00902,2024-12-31,5,0.00
2023Q3,2023-07-01 00:00:00,SMB,CUST-00902,2025-03-31,6,0.00
2023Q3,2023-07-01 00:00:00,SMB,CUST-00902,2025-06-30,7,0.00
2023Q3,2023-07-01 00:00:00,SMB,CUST-00902,2025-09-30,8,0.00
2023Q3,2023-07-01 00:00:00,SMB,CUST-00902,2025-12-31,9,0.00
2023Q3,2023-07-01 00:00:00,SMB,CUST-00902,2026-03-31,10,0.00
2023Q3,2023-07-01 00:00:00,SMB,CUST-00902,2026-06-30,11,0.00
2023Q3,2023-07-01 00:00:00,SMB,CUST-00916,2024-03-31,2,4399.44
2023Q3,2023-07-01 00:00:00,SMB,CUST-00916,2024-06-30,3,4399.44
2023Q3,2023-07-01 00:00:00,SMB,CUST-00916,2024-09-30,4,6284.88
2023Q3,2023-07-01 00:00:00,SMB,CUST-00916,2024-12-31,5,6482.40
2023Q3,2023-07-01 00:00:00,SMB,CUST-00916,2025-03-31,6,6482.40
2023Q3,2023-07-01 00:00:00,SMB,CUST-00916,2025-06-30,7,6482.40
2023Q3,2023-07-01 00:00:00,SMB,CUST-00916,2025-09-30,8,6482.40
2023Q3,2023-07-01 00:00:00,SMB,CUST-00916,2025-12-31,9,6769.68
2023Q3,2023-07-01 00:00:00,SMB,CUST-00916,2026-03-31,10,6769.68
2023Q3,2023-07-01 00:00:00,SMB,CUST-00916,2026-06-30,11,6769.68
2023Q3,2023-07-01 00:00:00,Mid-Market,CUST-01060,2025-06-30,7,30758.88
2023Q3,2023-07-01 00:00:00,Mid-Market,CUST-01060,2025-09-30,8,31775.04
2023Q3,2023-07-01 00:00:00,Mid-Market,CUST-01060,2025-12-31,9,31775.04
2023Q3,2023-07-01 00:00:00,Mid-Market,CUST-01060,2026-03-31,10,44485.08
2023Q3,2023-07-01 00:00:00,Mid-Market,CUST-01060,2026-06-30,11,44485.08
2023Q3,2023-07-01 00:00:00,Mid-Market,CUST-01059,2024-03-31,2,33360.48
2023Q3,2023-07-01 00:00:00,Mid-Market,CUST-01059,2024-06-30,3,33360.48
2023Q3,2023-07-01 00:00:00,Mid-Market,CUST-01059,2024-09-30,4,35008.68
2023Q3,2023-07-01 00:00:00,Mid-Market,CUST-01059,2024-12-31,5,35008.68
2023Q3,2023-07-01 00:00:00,Mid-Market,CUST-01059,2025-03-31,6,35008.68
2023Q3,2023-07-01 00:00:00,Mid-Market,CUST-01059,2025-06-30,7,59453.16
2023Q3,2023-07-01 00:00:00,Mid-Market,CUST-01059,2025-09-30,8,36453.00
2023Q3,2023-07-01 00:00:00,Mid-Market,CUST-01059,2026-03-31,10,41976.24
2023Q3,2023-07-01 00:00:00,Mid-Market,CUST-01059,2026-06-30,11,47499.36
2023Q3,2023-07-01 00:00:00,Mid-Market,CUST-01071,2024-03-31,2,56194.80
2023Q3,2023-07-01 00:00:00,Mid-Market,CUST-01071,2024-06-30,3,56194.80
2023Q3,2023-07-01 00:00:00,Mid-Market,CUST-01071,2024-09-30,4,56194.80
2023Q3,2023-07-01 00:00:00,Mid-Market,CUST-01071,2024-12-31,5,0.00
2023Q3,2023-07-01 00:00:00,Mid-Market,CUST-01071,2025-03-31,6,0.00
2023Q3,2023-07-01 00:00:00,Mid-Market,CUST-01071,2025-06-30,7,0.00
2023Q3,2023-07-01 00:00:00,Mid-Market,CUST-01071,2025-09-30,8,0.00
2023Q3,2023-07-01 00:00:00,Mid-Market,CUST-01071,2025-12-31,9,0.00
2023Q3,2023-07-01 00:00:00,Mid-Market,CUST-01071,2026-03-31,10,0.00
2023Q3,2023-07-01 00:00:00,Mid-Market,CUST-01071,2026-06-30,11,0.00
2023Q3,2023-07-01 00:00:00,Mid-Market,CUST-01072,2024-03-31,2,56991.36
2023Q3,2023-07-01 00:00:00,Mid-Market,CUST-01072,2024-06-30,3,56991.36
2023Q3,2023-07-01 00:00:00,Mid-Market,CUST-01072,2024-09-30,4,56991.36
2023Q3,2023-07-01 00:00:00,Mid-Market,CUST-01072,2024-12-31,5,59080.20
2023Q3,2023-07-01 00:00:00,Mid-Market,CUST-01059,2025-12-31,9,36453.00
2023Q3,2023-07-01 00:00:00,Mid-Market,CUST-01072,2025-12-31,9,83073.12
2023Q3,2023-07-01 00:00:00,Mid-Market,CUST-01072,2026-03-31,10,83073.12
2023Q3,2023-07-01 00:00:00,Mid-Market,CUST-01072,2026-06-30,11,83073.12
2023Q3,2023-07-01 00:00:00,Mid-Market,CUST-01072,2025-03-31,6,80563.92
2023Q3,2023-07-01 00:00:00,Mid-Market,CUST-01072,2025-06-30,7,80563.92
2023Q3,2023-07-01 00:00:00,Mid-Market,CUST-01072,2025-09-30,8,80563.92
2023Q3,2023-07-01 00:00:00,SMB,CUST-00893,2024-03-31,2,6290.28
2023Q3,2023-07-01 00:00:00,SMB,CUST-00893,2024-06-30,3,6290.28
2023Q3,2023-07-01 00:00:00,SMB,CUST-00893,2024-09-30,4,6290.28
2023Q3,2023-07-01 00:00:00,SMB,CUST-00893,2024-12-31,5,6290.28
2023Q3,2023-07-01 00:00:00,SMB,CUST-00893,2025-03-31,6,6290.28
2023Q3,2023-07-01 00:00:00,SMB,CUST-00893,2025-06-30,7,6290.28
2023Q3,2023-07-01 00:00:00,SMB,CUST-00893,2025-09-30,8,6290.28
2023Q3,2023-07-01 00:00:00,SMB,CUST-00893,2025-12-31,9,6290.28
2023Q3,2023-07-01 00:00:00,SMB,CUST-00893,2026-03-31,10,6290.28
2023Q3,2023-07-01 00:00:00,SMB,CUST-00893,2026-06-30,11,0.00
2023Q3,2023-07-01 00:00:00,SMB,CUST-00905,2024-03-31,2,1220.64
2023Q3,2023-07-01 00:00:00,SMB,CUST-00905,2024-06-30,3,1830.96
2023Q3,2023-07-01 00:00:00,SMB,CUST-00905,2024-09-30,4,1830.96
2023Q3,2023-07-01 00:00:00,SMB,CUST-00905,2024-12-31,5,1830.96
2023Q3,2023-07-01 00:00:00,SMB,CUST-00905,2025-03-31,6,1830.96
2023Q3,2023-07-01 00:00:00,SMB,CUST-00905,2025-06-30,7,1830.96
2023Q3,2023-07-01 00:00:00,SMB,CUST-00905,2025-09-30,8,1830.96
2023Q3,2023-07-01 00:00:00,SMB,CUST-00905,2025-12-31,9,1830.96
2023Q3,2023-07-01 00:00:00,SMB,CUST-00905,2026-03-31,10,1830.96
2023Q3,2023-07-01 00:00:00,SMB,CUST-00905,2026-06-30,11,1830.96
2023Q3,2023-07-01 00:00:00,SMB,CUST-00922,2024-03-31,2,897.84
2023Q3,2023-07-01 00:00:00,SMB,CUST-00922,2024-06-30,3,897.84
2023Q3,2023-07-01 00:00:00,SMB,CUST-00922,2024-09-30,4,897.84
2023Q3,2023-07-01 00:00:00,SMB,CUST-00922,2024-12-31,5,897.84
2023Q3,2023-07-01 00:00:00,SMB,CUST-00922,2025-03-31,6,897.84
2023Q3,2023-07-01 00:00:00,SMB,CUST-00922,2025-06-30,7,0.00
2023Q3,2023-07-01 00:00:00,SMB,CUST-00922,2025-09-30,8,0.00
2023Q3,2023-07-01 00:00:00,SMB,CUST-00922,2025-12-31,9,0.00
2023Q3,2023-07-01 00:00:00,SMB,CUST-00922,2026-03-31,10,0.00
2023Q3,2023-07-01 00:00:00,Mid-Market,CUST-01068,2025-06-30,7,50269.92
2023Q3,2023-07-01 00:00:00,Mid-Market,CUST-01068,2025-09-30,8,50269.92
2023Q3,2023-07-01 00:00:00,Mid-Market,CUST-01068,2025-12-31,9,0.00
2023Q3,2023-07-01 00:00:00,Mid-Market,CUST-01068,2026-03-31,10,0.00
2023Q3,2023-07-01 00:00:00,Mid-Market,CUST-01068,2026-06-30,11,0.00
2023Q3,2023-07-01 00:00:00,Mid-Market,CUST-01062,2024-03-31,2,47062.80
2023Q3,2023-07-01 00:00:00,Mid-Market,CUST-01062,2024-06-30,3,47062.80
2023Q3,2023-07-01 00:00:00,Mid-Market,CUST-01062,2024-09-30,4,0.00
2023Q3,2023-07-01 00:00:00,Mid-Market,CUST-01062,2024-12-31,5,0.00
2023Q3,2023-07-01 00:00:00,Mid-Market,CUST-01062,2025-03-31,6,0.00
2023Q3,2023-07-01 00:00:00,Mid-Market,CUST-01062,2025-06-30,7,0.00
2023Q3,2023-07-01 00:00:00,SMB,CUST-00922,2026-06-30,11,0.00
2023Q3,2023-07-01 00:00:00,Enterprise,CUST-01114,2024-03-31,2,113314.44
2023Q3,2023-07-01 00:00:00,Enterprise,CUST-01114,2024-06-30,3,113314.44
2023Q3,2023-07-01 00:00:00,Enterprise,CUST-01114,2024-09-30,4,113314.44
2023Q3,2023-07-01 00:00:00,Enterprise,CUST-01114,2024-12-31,5,118202.88
2023Q3,2023-07-01 00:00:00,Enterprise,CUST-01114,2025-03-31,6,118202.88
2023Q3,2023-07-01 00:00:00,Enterprise,CUST-01114,2025-06-30,7,118202.88
2023Q3,2023-07-01 00:00:00,Enterprise,CUST-01114,2025-09-30,8,157706.16
2023Q3,2023-07-01 00:00:00,Enterprise,CUST-01114,2025-12-31,9,118194.96
2023Q3,2023-07-01 00:00:00,Enterprise,CUST-01114,2026-03-31,10,118194.96
2023Q3,2023-07-01 00:00:00,Enterprise,CUST-01114,2026-06-30,11,118194.96
2023Q3,2023-07-01 00:00:00,Mid-Market,CUST-01070,2024-03-31,2,17090.76
2023Q3,2023-07-01 00:00:00,Mid-Market,CUST-01070,2024-06-30,3,17090.76
2023Q3,2023-07-01 00:00:00,Mid-Market,CUST-01070,2024-09-30,4,17090.76
2023Q3,2023-07-01 00:00:00,Mid-Market,CUST-01070,2024-12-31,5,17090.76
2023Q3,2023-07-01 00:00:00,Mid-Market,CUST-01070,2025-03-31,6,17090.76
2023Q3,2023-07-01 00:00:00,Mid-Market,CUST-01070,2025-06-30,7,17090.76
2023Q3,2023-07-01 00:00:00,Mid-Market,CUST-01070,2025-09-30,8,17090.76
2023Q3,2023-07-01 00:00:00,Mid-Market,CUST-01060,2024-03-31,2,32904.72
2023Q3,2023-07-01 00:00:00,Mid-Market,CUST-01060,2024-06-30,3,32904.72
2023Q3,2023-07-01 00:00:00,Mid-Market,CUST-01060,2024-09-30,4,24607.08
2023Q3,2023-07-01 00:00:00,Mid-Market,CUST-01060,2024-12-31,5,24607.08
2023Q3,2023-07-01 00:00:00,SMB,CUST-00912,2025-06-30,7,2611.92
2023Q3,2023-07-01 00:00:00,SMB,CUST-00912,2025-09-30,8,2611.92
2023Q3,2023-07-01 00:00:00,SMB,CUST-00912,2025-12-31,9,2611.92
2023Q3,2023-07-01 00:00:00,SMB,CUST-00912,2026-03-31,10,2611.92
2023Q3,2023-07-01 00:00:00,SMB,CUST-00912,2026-06-30,11,3482.64
2023Q3,2023-07-01 00:00:00,Mid-Market,CUST-01060,2025-03-31,6,24607.08
2023Q3,2023-07-01 00:00:00,SMB,CUST-00911,2024-03-31,2,7428.84
2023Q3,2023-07-01 00:00:00,SMB,CUST-00911,2024-06-30,3,8667.00
2023Q3,2023-07-01 00:00:00,SMB,CUST-00911,2024-09-30,4,8667.00
2023Q3,2023-07-01 00:00:00,SMB,CUST-00920,2024-03-31,2,8952.36
2023Q3,2023-07-01 00:00:00,SMB,CUST-00920,2024-06-30,3,8952.36
2023Q3,2023-07-01 00:00:00,SMB,CUST-00920,2024-09-30,4,8952.36
2023Q3,2023-07-01 00:00:00,SMB,CUST-00920,2024-12-31,5,8952.36
2023Q3,2023-07-01 00:00:00,SMB,CUST-00920,2025-03-31,6,8952.36
2023Q3,2023-07-01 00:00:00,SMB,CUST-00920,2025-06-30,7,8952.36
2023Q3,2023-07-01 00:00:00,SMB,CUST-00920,2025-09-30,8,8952.36
2023Q3,2023-07-01 00:00:00,SMB,CUST-00920,2025-12-31,9,8952.36
2023Q3,2023-07-01 00:00:00,SMB,CUST-00920,2026-03-31,10,8952.36
2023Q3,2023-07-01 00:00:00,SMB,CUST-00920,2026-06-30,11,8952.36
2023Q3,2023-07-01 00:00:00,SMB,CUST-00881,2024-03-31,2,7090.20
2023Q3,2023-07-01 00:00:00,SMB,CUST-00881,2024-06-30,3,7090.20
2023Q3,2023-07-01 00:00:00,SMB,CUST-00881,2024-09-30,4,0.00
2023Q3,2023-07-01 00:00:00,SMB,CUST-00881,2024-12-31,5,0.00
2023Q3,2023-07-01 00:00:00,SMB,CUST-00881,2025-03-31,6,0.00
2023Q3,2023-07-01 00:00:00,SMB,CUST-00881,2025-06-30,7,0.00
2023Q3,2023-07-01 00:00:00,SMB,CUST-00881,2025-09-30,8,0.00
2023Q3,2023-07-01 00:00:00,SMB,CUST-00881,2025-12-31,9,0.00
2023Q3,2023-07-01 00:00:00,SMB,CUST-00881,2026-03-31,10,0.00
2023Q3,2023-07-01 00:00:00,SMB,CUST-00881,2026-06-30,11,0.00
2023Q3,2023-07-01 00:00:00,SMB,CUST-00883,2024-03-31,2,9606.24
2023Q3,2023-07-01 00:00:00,SMB,CUST-00883,2024-06-30,3,9606.24
2023Q3,2023-07-01 00:00:00,SMB,CUST-00883,2024-09-30,4,9606.24
2023Q3,2023-07-01 00:00:00,SMB,CUST-00883,2024-12-31,5,9606.24
2023Q3,2023-07-01 00:00:00,SMB,CUST-00883,2025-03-31,6,9606.24
2023Q3,2023-07-01 00:00:00,SMB,CUST-00879,2026-06-30,11,15162.36
2023Q3,2023-07-01 00:00:00,SMB,CUST-00880,2024-03-31,2,4578.12
2023Q3,2023-07-01 00:00:00,SMB,CUST-00880,2024-06-30,3,4578.12
2023Q3,2023-07-01 00:00:00,SMB,CUST-00880,2024-09-30,4,4578.12
2023Q3,2023-07-01 00:00:00,SMB,CUST-00880,2024-12-31,5,4578.12
2023Q3,2023-07-01 00:00:00,SMB,CUST-00880,2025-03-31,6,4578.12
2023Q3,2023-07-01 00:00:00,SMB,CUST-00880,2025-06-30,7,4578.12
2023Q3,2023-07-01 00:00:00,SMB,CUST-00880,2025-09-30,8,4578.12
2023Q3,2023-07-01 00:00:00,SMB,CUST-00880,2025-12-31,9,4578.12
2023Q3,2023-07-01 00:00:00,SMB,CUST-00880,2026-03-31,10,4578.12
2023Q3,2023-07-01 00:00:00,SMB,CUST-00911,2026-03-31,10,12133.80
2023Q3,2023-07-01 00:00:00,SMB,CUST-00911,2026-06-30,11,12133.80
2023Q3,2023-07-01 00:00:00,Enterprise,CUST-01112,2025-06-30,7,114055.92
2023Q3,2023-07-01 00:00:00,SMB,CUST-00918,2024-03-31,2,4907.88
2023Q3,2023-07-01 00:00:00,SMB,CUST-00918,2024-06-30,3,4907.88
2023Q3,2023-07-01 00:00:00,Mid-Market,CUST-01067,2024-03-31,2,18686.64
2023Q3,2023-07-01 00:00:00,Mid-Market,CUST-01067,2024-06-30,3,26161.32
2023Q3,2023-07-01 00:00:00,Mid-Market,CUST-01067,2024-09-30,4,14015.28
2023Q3,2023-07-01 00:00:00,Mid-Market,CUST-01067,2024-12-31,5,14015.28
2023Q3,2023-07-01 00:00:00,Mid-Market,CUST-01067,2025-03-31,6,26832.12
2023Q3,2023-07-01 00:00:00,Mid-Market,CUST-01067,2025-06-30,7,26832.12
2023Q3,2023-07-01 00:00:00,Mid-Market,CUST-01067,2025-09-30,8,0.00
2023Q3,2023-07-01 00:00:00,SMB,CUST-00911,2024-12-31,5,8667.00
2023Q3,2023-07-01 00:00:00,SMB,CUST-00911,2025-03-31,6,8667.00
2023Q3,2023-07-01 00:00:00,Mid-Market,CUST-01067,2025-12-31,9,0.00
2023Q3,2023-07-01 00:00:00,Mid-Market,CUST-01067,2026-03-31,10,0.00
2023Q3,2023-07-01 00:00:00,Mid-Market,CUST-01067,2026-06-30,11,0.00
2023Q3,2023-07-01 00:00:00,SMB,CUST-00918,2024-09-30,4,4907.88
2023Q3,2023-07-01 00:00:00,SMB,CUST-00918,2024-12-31,5,4907.88
2023Q3,2023-07-01 00:00:00,SMB,CUST-00918,2025-03-31,6,4907.88
2023Q3,2023-07-01 00:00:00,SMB,CUST-00918,2025-06-30,7,4907.88
2023Q3,2023-07-01 00:00:00,SMB,CUST-00918,2025-09-30,8,6871.08
2023Q3,2023-07-01 00:00:00,SMB,CUST-00918,2025-12-31,9,6871.08
2023Q3,2023-07-01 00:00:00,SMB,CUST-00918,2026-03-31,10,6871.08
2023Q3,2023-07-01 00:00:00,SMB,CUST-00919,2024-03-31,2,7566.84
2023Q3,2023-07-01 00:00:00,SMB,CUST-00919,2024-06-30,3,7566.84
2023Q3,2023-07-01 00:00:00,SMB,CUST-00919,2024-09-30,4,7566.84
2023Q3,2023-07-01 00:00:00,SMB,CUST-00882,2026-06-30,11,0.00
2023Q3,2023-07-01 00:00:00,SMB,CUST-00888,2024-03-31,2,14880.48
2023Q3,2023-07-01 00:00:00,SMB,CUST-00888,2024-06-30,3,14880.48
2023Q3,2023-07-01 00:00:00,SMB,CUST-00888,2024-09-30,4,14881.32
2023Q3,2023-07-01 00:00:00,SMB,CUST-00888,2024-12-31,5,14881.32
2023Q3,2023-07-01 00:00:00,SMB,CUST-00888,2025-03-31,6,20833.80
2023Q3,2023-07-01 00:00:00,SMB,CUST-00919,2024-12-31,5,10593.60
2023Q3,2023-07-01 00:00:00,Enterprise,CUST-01112,2025-09-30,8,114055.92
2023Q3,2023-07-01 00:00:00,Enterprise,CUST-01112,2025-12-31,9,114055.92
2023Q3,2023-07-01 00:00:00,Enterprise,CUST-01112,2026-03-31,10,114055.92
2023Q3,2023-07-01 00:00:00,Enterprise,CUST-01112,2026-06-30,11,114055.92
2023Q3,2023-07-01 00:00:00,SMB,CUST-00888,2025-06-30,7,20833.80
2023Q3,2023-07-01 00:00:00,SMB,CUST-00919,2025-03-31,6,10593.60
2023Q3,2023-07-01 00:00:00,SMB,CUST-00919,2025-06-30,7,10593.60
2023Q3,2023-07-01 00:00:00,SMB,CUST-00919,2025-09-30,8,10593.60
2023Q3,2023-07-01 00:00:00,SMB,CUST-00919,2025-12-31,9,10593.60
2023Q3,2023-07-01 00:00:00,SMB,CUST-00919,2026-03-31,10,10593.60
2023Q3,2023-07-01 00:00:00,SMB,CUST-00919,2026-06-30,11,11945.88
2023Q3,2023-07-01 00:00:00,SMB,CUST-00888,2025-09-30,8,15336.96
2023Q3,2023-07-01 00:00:00,SMB,CUST-00888,2025-12-31,9,15336.96
2023Q3,2023-07-01 00:00:00,SMB,CUST-00888,2026-03-31,10,15336.96
2023Q3,2023-07-01 00:00:00,SMB,CUST-00888,2026-06-30,11,17789.40
2023Q3,2023-07-01 00:00:00,SMB,CUST-00879,2024-03-31,2,10830.24
2023Q3,2023-07-01 00:00:00,SMB,CUST-00879,2024-06-30,3,15162.36
2023Q3,2023-07-01 00:00:00,SMB,CUST-00879,2024-09-30,4,15162.36
2023Q3,2023-07-01 00:00:00,SMB,CUST-00883,2025-09-30,8,5603.64
2023Q3,2023-07-01 00:00:00,SMB,CUST-00883,2025-12-31,9,5603.64
2023Q3,2023-07-01 00:00:00,SMB,CUST-00883,2026-03-31,10,5603.64
2023Q3,2023-07-01 00:00:00,Mid-Market,CUST-01066,2024-03-31,2,22036.08
2023Q3,2023-07-01 00:00:00,Mid-Market,CUST-01066,2024-06-30,3,33054.12
2023Q3,2023-07-01 00:00:00,Mid-Market,CUST-01066,2024-09-30,4,34112.88
2023Q3,2023-07-01 00:00:00,Mid-Market,CUST-01066,2024-12-31,5,34112.88
2023Q3,2023-07-01 00:00:00,Mid-Market,CUST-01066,2025-03-31,6,34112.88
2023Q3,2023-07-01 00:00:00,Mid-Market,CUST-01066,2025-06-30,7,43557.60
2023Q3,2023-07-01 00:00:00,Mid-Market,CUST-01066,2025-09-30,8,0.00
2023Q3,2023-07-01 00:00:00,Mid-Market,CUST-01066,2025-12-31,9,0.00
2023Q3,2023-07-01 00:00:00,Mid-Market,CUST-01066,2026-03-31,10,0.00
2023Q3,2023-07-01 00:00:00,Mid-Market,CUST-01066,2026-06-30,11,0.00
2023Q3,2023-07-01 00:00:00,SMB,CUST-00883,2026-06-30,11,7899.12
2023Q3,2023-07-01 00:00:00,SMB,CUST-00896,2024-03-31,2,5902.08
2023Q3,2023-07-01 00:00:00,SMB,CUST-00896,2024-06-30,3,0.00
2023Q3,2023-07-01 00:00:00,SMB,CUST-00896,2024-09-30,4,0.00
2023Q3,2023-07-01 00:00:00,SMB,CUST-00896,2024-12-31,5,0.00
2023Q3,2023-07-01 00:00:00,SMB,CUST-00896,2025-03-31,6,0.00
2023Q3,2023-07-01 00:00:00,SMB,CUST-00896,2025-06-30,7,0.00
2023Q3,2023-07-01 00:00:00,SMB,CUST-00896,2025-09-30,8,0.00
2023Q3,2023-07-01 00:00:00,Mid-Market,CUST-01068,2024-06-30,3,42641.64
2023Q3,2023-07-01 00:00:00,Mid-Market,CUST-01068,2024-09-30,4,42641.64
2023Q3,2023-07-01 00:00:00,Mid-Market,CUST-01068,2024-12-31,5,44524.80
2023Q3,2023-07-01 00:00:00,Mid-Market,CUST-01068,2025-03-31,6,50269.92
2023Q3,2023-07-01 00:00:00,SMB,CUST-00883,2025-06-30,7,9606.24
2023Q3,2023-07-01 00:00:00,Enterprise,CUST-01112,2024-03-31,2,114055.92
2023Q3,2023-07-01 00:00:00,Enterprise,CUST-01112,2024-06-30,3,114055.92
2023Q3,2023-07-01 00:00:00,Mid-Market,CUST-01070,2025-12-31,9,17090.76
2023Q3,2023-07-01 00:00:00,Mid-Market,CUST-01070,2026-03-31,10,17090.76
2023Q3,2023-07-01 00:00:00,Mid-Market,CUST-01070,2026-06-30,11,17090.76
2023Q3,2023-07-01 00:00:00,SMB,CUST-00896,2025-12-31,9,0.00
2023Q3,2023-07-01 00:00:00,SMB,CUST-00896,2026-03-31,10,0.00
2023Q3,2023-07-01 00:00:00,Enterprise,CUST-01112,2024-09-30,4,114055.92
2023Q3,2023-07-01 00:00:00,Enterprise,CUST-01112,2024-12-31,5,114055.92
2023Q3,2023-07-01 00:00:00,Enterprise,CUST-01112,2025-03-31,6,114055.92
2023Q3,2023-07-01 00:00:00,SMB,CUST-00911,2025-06-30,7,8667.00
2023Q3,2023-07-01 00:00:00,SMB,CUST-00911,2025-09-30,8,12133.80
2023Q3,2023-07-01 00:00:00,SMB,CUST-00911,2025-12-31,9,12133.80
2023Q3,2023-07-01 00:00:00,SMB,CUST-00912,2025-03-31,6,2611.92
2023Q3,2023-07-01 00:00:00,SMB,CUST-00879,2024-12-31,5,15162.36
2023Q3,2023-07-01 00:00:00,SMB,CUST-00879,2025-03-31,6,15162.36
2023Q3,2023-07-01 00:00:00,SMB,CUST-00879,2025-06-30,7,15162.36
2023Q3,2023-07-01 00:00:00,SMB,CUST-00879,2025-09-30,8,15162.36
2023Q3,2023-07-01 00:00:00,SMB,CUST-00879,2025-12-31,9,15162.36
2023Q3,2023-07-01 00:00:00,SMB,CUST-00879,2026-03-31,10,15162.36
2023Q3,2023-07-01 00:00:00,SMB,CUST-00912,2024-09-30,4,1865.64
2023Q3,2023-07-01 00:00:00,SMB,CUST-00912,2024-12-31,5,1865.64
2023Q3,2023-07-01 00:00:00,SMB,CUST-00880,2026-06-30,11,4578.12
2023Q3,2023-07-01 00:00:00,SMB,CUST-00882,2024-03-31,2,14817.84
2023Q3,2023-07-01 00:00:00,SMB,CUST-00882,2024-06-30,3,14817.84
2023Q3,2023-07-01 00:00:00,Mid-Market,CUST-01062,2025-09-30,8,0.00
2023Q3,2023-07-01 00:00:00,Mid-Market,CUST-01062,2025-12-31,9,0.00
2023Q3,2023-07-01 00:00:00,Mid-Market,CUST-01062,2026-03-31,10,0.00
2023Q3,2023-07-01 00:00:00,Mid-Market,CUST-01062,2026-06-30,11,0.00
2023Q3,2023-07-01 00:00:00,SMB,CUST-00882,2024-09-30,4,14817.84
2023Q3,2023-07-01 00:00:00,SMB,CUST-00882,2024-12-31,5,14817.84
2023Q3,2023-07-01 00:00:00,SMB,CUST-00882,2025-03-31,6,14817.84
2023Q3,2023-07-01 00:00:00,SMB,CUST-00882,2025-09-30,8,0.00
2023Q3,2023-07-01 00:00:00,SMB,CUST-00882,2025-12-31,9,0.00
2023Q3,2023-07-01 00:00:00,SMB,CUST-00882,2025-06-30,7,0.00
2023Q3,2023-07-01 00:00:00,SMB,CUST-00882,2026-03-31,10,0.00
2023Q3,2023-07-01 00:00:00,SMB,CUST-00896,2026-06-30,11,0.00
2023Q3,2023-07-01 00:00:00,SMB,CUST-00912,2024-06-30,3,1865.64
2023Q3,2023-07-01 00:00:00,SMB,CUST-00912,2024-03-31,2,1865.64
2023Q3,2023-07-01 00:00:00,SMB,CUST-00918,2026-06-30,11,6871.08
2023Q4,2023-10-01 00:00:00,SMB,CUST-00928,2024-03-31,1,5434.20
2023Q4,2023-10-01 00:00:00,SMB,CUST-00953,2024-03-31,1,0.00
2023Q4,2023-10-01 00:00:00,SMB,CUST-00953,2024-06-30,2,0.00
2023Q4,2023-10-01 00:00:00,SMB,CUST-00953,2024-09-30,3,0.00
2023Q4,2023-10-01 00:00:00,SMB,CUST-00953,2024-12-31,4,0.00
2023Q4,2023-10-01 00:00:00,SMB,CUST-00953,2025-03-31,5,0.00
2023Q4,2023-10-01 00:00:00,SMB,CUST-00953,2025-06-30,6,0.00
2023Q4,2023-10-01 00:00:00,SMB,CUST-00953,2025-09-30,7,0.00
2023Q4,2023-10-01 00:00:00,SMB,CUST-00953,2025-12-31,8,0.00
2023Q4,2023-10-01 00:00:00,SMB,CUST-00953,2026-03-31,9,0.00
2023Q4,2023-10-01 00:00:00,SMB,CUST-00953,2026-06-30,10,0.00
2023Q4,2023-10-01 00:00:00,SMB,CUST-00958,2024-03-31,1,7224.12
2023Q4,2023-10-01 00:00:00,SMB,CUST-00958,2024-06-30,2,0.00
2023Q4,2023-10-01 00:00:00,SMB,CUST-00958,2024-09-30,3,0.00
2023Q4,2023-10-01 00:00:00,SMB,CUST-00958,2024-12-31,4,0.00
2023Q4,2023-10-01 00:00:00,SMB,CUST-00958,2025-03-31,5,0.00
2023Q4,2023-10-01 00:00:00,SMB,CUST-00958,2025-06-30,6,0.00
2023Q4,2023-10-01 00:00:00,SMB,CUST-00958,2025-09-30,7,0.00
2023Q4,2023-10-01 00:00:00,SMB,CUST-00958,2025-12-31,8,0.00
2023Q4,2023-10-01 00:00:00,SMB,CUST-00958,2026-03-31,9,0.00
2023Q4,2023-10-01 00:00:00,SMB,CUST-00958,2026-06-30,10,0.00
2023Q4,2023-10-01 00:00:00,SMB,CUST-00961,2024-03-31,1,7118.28
2023Q4,2023-10-01 00:00:00,SMB,CUST-00961,2024-06-30,2,7118.28
2023Q4,2023-10-01 00:00:00,SMB,CUST-00961,2024-09-30,3,7118.28
2023Q4,2023-10-01 00:00:00,SMB,CUST-00961,2024-12-31,4,0.00
2023Q4,2023-10-01 00:00:00,SMB,CUST-00961,2025-03-31,5,0.00
2023Q4,2023-10-01 00:00:00,SMB,CUST-00961,2025-06-30,6,0.00
2023Q4,2023-10-01 00:00:00,SMB,CUST-00961,2025-09-30,7,0.00
2023Q4,2023-10-01 00:00:00,SMB,CUST-00961,2025-12-31,8,0.00
2023Q4,2023-10-01 00:00:00,SMB,CUST-00961,2026-03-31,9,0.00
2023Q4,2023-10-01 00:00:00,SMB,CUST-00961,2026-06-30,10,0.00
2023Q4,2023-10-01 00:00:00,SMB,CUST-00966,2024-03-31,1,5144.64
2023Q4,2023-10-01 00:00:00,SMB,CUST-00966,2024-06-30,2,7660.32
2023Q4,2023-10-01 00:00:00,SMB,CUST-00966,2024-09-30,3,7660.32
2023Q4,2023-10-01 00:00:00,SMB,CUST-00966,2024-12-31,4,7660.32
2023Q4,2023-10-01 00:00:00,SMB,CUST-00966,2025-03-31,5,7660.32
2023Q4,2023-10-01 00:00:00,SMB,CUST-00966,2025-06-30,6,0.00
2023Q4,2023-10-01 00:00:00,SMB,CUST-00966,2025-09-30,7,0.00
2023Q4,2023-10-01 00:00:00,SMB,CUST-00966,2025-12-31,8,0.00
2023Q4,2023-10-01 00:00:00,SMB,CUST-00966,2026-03-31,9,0.00
2023Q4,2023-10-01 00:00:00,SMB,CUST-00966,2026-06-30,10,0.00
2023Q4,2023-10-01 00:00:00,SMB,CUST-00968,2024-03-31,1,6648.48
2023Q4,2023-10-01 00:00:00,SMB,CUST-00968,2024-06-30,2,6648.48
2023Q4,2023-10-01 00:00:00,SMB,CUST-00968,2024-09-30,3,6648.48
2023Q4,2023-10-01 00:00:00,SMB,CUST-00968,2024-12-31,4,6648.48
2023Q4,2023-10-01 00:00:00,SMB,CUST-00968,2025-03-31,5,0.00
2023Q4,2023-10-01 00:00:00,SMB,CUST-00968,2025-06-30,6,0.00
2023Q4,2023-10-01 00:00:00,SMB,CUST-00968,2025-09-30,7,0.00
2023Q4,2023-10-01 00:00:00,SMB,CUST-00968,2025-12-31,8,0.00
2023Q4,2023-10-01 00:00:00,SMB,CUST-00968,2026-03-31,9,0.00
2023Q4,2023-10-01 00:00:00,SMB,CUST-00968,2026-06-30,10,0.00
2023Q4,2023-10-01 00:00:00,SMB,CUST-00971,2024-03-31,1,8868.48
2023Q4,2023-10-01 00:00:00,SMB,CUST-00971,2024-06-30,2,8868.48
2023Q4,2023-10-01 00:00:00,SMB,CUST-00971,2024-09-30,3,8868.48
2023Q4,2023-10-01 00:00:00,SMB,CUST-00971,2024-12-31,4,8868.48
2023Q4,2023-10-01 00:00:00,SMB,CUST-00971,2025-03-31,5,7310.52
2023Q4,2023-10-01 00:00:00,SMB,CUST-00971,2025-06-30,6,7310.52
2023Q4,2023-10-01 00:00:00,SMB,CUST-00971,2025-09-30,7,7310.52
2023Q4,2023-10-01 00:00:00,SMB,CUST-00971,2025-12-31,8,8560.44
2023Q4,2023-10-01 00:00:00,SMB,CUST-00971,2026-03-31,9,8825.28
2023Q4,2023-10-01 00:00:00,SMB,CUST-00971,2026-06-30,10,11402.52
2023Q4,2023-10-01 00:00:00,SMB,CUST-00976,2024-03-31,1,9027.12
2023Q4,2023-10-01 00:00:00,SMB,CUST-00976,2024-06-30,2,9027.12
2023Q4,2023-10-01 00:00:00,SMB,CUST-00976,2024-09-30,3,9027.12
2023Q4,2023-10-01 00:00:00,SMB,CUST-00976,2024-12-31,4,9027.12
2023Q4,2023-10-01 00:00:00,SMB,CUST-00976,2025-03-31,5,9324.36
2023Q4,2023-10-01 00:00:00,SMB,CUST-00976,2025-06-30,6,11019.60
2023Q4,2023-10-01 00:00:00,SMB,CUST-00976,2025-09-30,7,13562.64
2023Q4,2023-10-01 00:00:00,SMB,CUST-00976,2025-12-31,8,13562.64
2023Q4,2023-10-01 00:00:00,SMB,CUST-00976,2026-03-31,9,14056.68
2023Q4,2023-10-01 00:00:00,SMB,CUST-00976,2026-06-30,10,14056.68
2023Q4,2023-10-01 00:00:00,SMB,CUST-01001,2024-03-31,1,0.00
2023Q4,2023-10-01 00:00:00,SMB,CUST-01001,2024-06-30,2,0.00
2023Q4,2023-10-01 00:00:00,SMB,CUST-01001,2024-09-30,3,0.00
2023Q4,2023-10-01 00:00:00,SMB,CUST-01001,2024-12-31,4,0.00
2023Q4,2023-10-01 00:00:00,SMB,CUST-01001,2025-03-31,5,0.00
2023Q4,2023-10-01 00:00:00,SMB,CUST-01001,2025-06-30,6,0.00
2023Q4,2023-10-01 00:00:00,SMB,CUST-01001,2025-09-30,7,0.00
2023Q4,2023-10-01 00:00:00,SMB,CUST-01001,2025-12-31,8,0.00
2023Q4,2023-10-01 00:00:00,SMB,CUST-01001,2026-03-31,9,0.00
2023Q4,2023-10-01 00:00:00,SMB,CUST-01001,2026-06-30,10,0.00
2023Q4,2023-10-01 00:00:00,SMB,CUST-01010,2024-03-31,1,7085.76
2023Q4,2023-10-01 00:00:00,SMB,CUST-01010,2024-06-30,2,7085.76
2023Q4,2023-10-01 00:00:00,SMB,CUST-01010,2024-09-30,3,7085.76
2023Q4,2023-10-01 00:00:00,SMB,CUST-01010,2024-12-31,4,9920.04
2023Q4,2023-10-01 00:00:00,SMB,CUST-01010,2025-03-31,5,0.00
2023Q4,2023-10-01 00:00:00,SMB,CUST-01010,2025-06-30,6,0.00
2023Q4,2023-10-01 00:00:00,SMB,CUST-01010,2025-09-30,7,0.00
2023Q4,2023-10-01 00:00:00,SMB,CUST-01010,2025-12-31,8,0.00
2023Q4,2023-10-01 00:00:00,SMB,CUST-01010,2026-03-31,9,0.00
2023Q4,2023-10-01 00:00:00,SMB,CUST-01010,2026-06-30,10,0.00
2023Q4,2023-10-01 00:00:00,Mid-Market,CUST-01089,2024-03-31,1,64244.28
2023Q4,2023-10-01 00:00:00,Mid-Market,CUST-01089,2024-06-30,2,64244.28
2023Q4,2023-10-01 00:00:00,Mid-Market,CUST-01089,2024-09-30,3,64244.28
2023Q4,2023-10-01 00:00:00,Mid-Market,CUST-01089,2024-12-31,4,64244.28
2023Q4,2023-10-01 00:00:00,Mid-Market,CUST-01089,2025-03-31,5,0.00
2023Q4,2023-10-01 00:00:00,Mid-Market,CUST-01089,2025-06-30,6,0.00
2023Q4,2023-10-01 00:00:00,Mid-Market,CUST-01089,2025-09-30,7,0.00
2023Q4,2023-10-01 00:00:00,Mid-Market,CUST-01089,2025-12-31,8,0.00
2023Q4,2023-10-01 00:00:00,Mid-Market,CUST-01089,2026-03-31,9,0.00
2023Q4,2023-10-01 00:00:00,Mid-Market,CUST-01089,2026-06-30,10,0.00
2023Q4,2023-10-01 00:00:00,SMB,CUST-00926,2024-03-31,1,6954.84
2023Q4,2023-10-01 00:00:00,SMB,CUST-00926,2024-06-30,2,6954.84
2023Q4,2023-10-01 00:00:00,SMB,CUST-00926,2024-09-30,3,6954.84
2023Q4,2023-10-01 00:00:00,SMB,CUST-00926,2024-12-31,4,6954.84
2023Q4,2023-10-01 00:00:00,SMB,CUST-00926,2025-03-31,5,6954.84
2023Q4,2023-10-01 00:00:00,SMB,CUST-00926,2025-06-30,6,6954.84
2023Q4,2023-10-01 00:00:00,SMB,CUST-00926,2025-09-30,7,7824.12
2023Q4,2023-10-01 00:00:00,SMB,CUST-00926,2025-12-31,8,7824.12
2023Q4,2023-10-01 00:00:00,SMB,CUST-00926,2026-03-31,9,0.00
2023Q4,2023-10-01 00:00:00,SMB,CUST-00926,2026-06-30,10,0.00
2023Q4,2023-10-01 00:00:00,SMB,CUST-00974,2024-03-31,1,9485.64
2023Q4,2023-10-01 00:00:00,SMB,CUST-00974,2024-06-30,2,9485.64
2023Q4,2023-10-01 00:00:00,SMB,CUST-00974,2024-09-30,3,9485.64
2023Q4,2023-10-01 00:00:00,SMB,CUST-00974,2024-12-31,4,9485.64
2023Q4,2023-10-01 00:00:00,SMB,CUST-00974,2025-03-31,5,10347.96
2023Q4,2023-10-01 00:00:00,SMB,CUST-00974,2025-06-30,6,10347.96
2023Q4,2023-10-01 00:00:00,SMB,CUST-00974,2025-09-30,7,10347.96
2023Q4,2023-10-01 00:00:00,SMB,CUST-00974,2025-12-31,8,10347.96
2023Q4,2023-10-01 00:00:00,SMB,CUST-00974,2026-03-31,9,11210.28
2023Q4,2023-10-01 00:00:00,SMB,CUST-00974,2026-06-30,10,11210.28
2023Q4,2023-10-01 00:00:00,SMB,CUST-00975,2024-03-31,1,4428.36
2023Q4,2023-10-01 00:00:00,SMB,CUST-00975,2024-06-30,2,5060.88
2023Q4,2023-10-01 00:00:00,SMB,CUST-00975,2024-09-30,3,5060.88
2023Q4,2023-10-01 00:00:00,SMB,CUST-00975,2024-12-31,4,5060.88
2023Q4,2023-10-01 00:00:00,SMB,CUST-00975,2025-03-31,5,5251.08
2023Q4,2023-10-01 00:00:00,SMB,CUST-00975,2025-06-30,6,5251.08
2023Q4,2023-10-01 00:00:00,SMB,CUST-00975,2025-09-30,7,5251.08
2023Q4,2023-10-01 00:00:00,SMB,CUST-00975,2025-12-31,8,5251.08
2023Q4,2023-10-01 00:00:00,SMB,CUST-00975,2026-03-31,9,0.00
2023Q4,2023-10-01 00:00:00,SMB,CUST-00975,2026-06-30,10,0.00
2023Q4,2023-10-01 00:00:00,SMB,CUST-01011,2024-03-31,1,8121.84
2023Q4,2023-10-01 00:00:00,SMB,CUST-01011,2024-06-30,2,0.00
2023Q4,2023-10-01 00:00:00,SMB,CUST-01011,2024-09-30,3,0.00
2023Q4,2023-10-01 00:00:00,SMB,CUST-01011,2024-12-31,4,0.00
2023Q4,2023-10-01 00:00:00,SMB,CUST-01011,2025-03-31,5,0.00
2023Q4,2023-10-01 00:00:00,SMB,CUST-01011,2025-06-30,6,0.00
2023Q4,2023-10-01 00:00:00,SMB,CUST-01011,2025-09-30,7,0.00
2023Q4,2023-10-01 00:00:00,SMB,CUST-01011,2025-12-31,8,0.00
2023Q4,2023-10-01 00:00:00,SMB,CUST-01011,2026-03-31,9,0.00
2023Q4,2023-10-01 00:00:00,SMB,CUST-01011,2026-06-30,10,0.00
2023Q4,2023-10-01 00:00:00,Mid-Market,CUST-01078,2024-03-31,1,27958.20
2023Q4,2023-10-01 00:00:00,Mid-Market,CUST-01078,2024-06-30,2,27958.20
2023Q4,2023-10-01 00:00:00,Mid-Market,CUST-01078,2024-09-30,3,35315.64
2023Q4,2023-10-01 00:00:00,Mid-Market,CUST-01078,2024-12-31,4,35316.72
2023Q4,2023-10-01 00:00:00,Mid-Market,CUST-01078,2025-03-31,5,35316.72
2023Q4,2023-10-01 00:00:00,Mid-Market,CUST-01078,2025-06-30,6,35316.72
2023Q4,2023-10-01 00:00:00,Mid-Market,CUST-01078,2025-09-30,7,35316.72
2023Q4,2023-10-01 00:00:00,Mid-Market,CUST-01078,2025-12-31,8,36981.84
2023Q4,2023-10-01 00:00:00,Mid-Market,CUST-01078,2026-03-31,9,36981.84
2023Q4,2023-10-01 00:00:00,Mid-Market,CUST-01078,2026-06-30,10,61636.44
2023Q4,2023-10-01 00:00:00,Mid-Market,CUST-01079,2024-03-31,1,28170.12
2023Q4,2023-10-01 00:00:00,Mid-Market,CUST-01079,2024-06-30,2,28170.12
2023Q4,2023-10-01 00:00:00,Mid-Market,CUST-01079,2024-09-30,3,28170.12
2023Q4,2023-10-01 00:00:00,Mid-Market,CUST-01079,2024-12-31,4,28171.08
2023Q4,2023-10-01 00:00:00,Mid-Market,CUST-01079,2025-03-31,5,28171.08
2023Q4,2023-10-01 00:00:00,Mid-Market,CUST-01079,2025-06-30,6,28171.08
2023Q4,2023-10-01 00:00:00,Mid-Market,CUST-01079,2025-09-30,7,39439.56
2023Q4,2023-10-01 00:00:00,Mid-Market,CUST-01079,2025-12-31,8,29028.48
2023Q4,2023-10-01 00:00:00,Mid-Market,CUST-01079,2026-03-31,9,29028.48
2023Q4,2023-10-01 00:00:00,Mid-Market,CUST-01079,2026-06-30,10,40639.80
2023Q4,2023-10-01 00:00:00,Mid-Market,CUST-01083,2024-03-31,1,19808.40
2023Q4,2023-10-01 00:00:00,Mid-Market,CUST-01083,2024-06-30,2,19808.40
2023Q4,2023-10-01 00:00:00,Mid-Market,CUST-01083,2024-09-30,3,27731.76
2023Q4,2023-10-01 00:00:00,Mid-Market,CUST-01083,2024-12-31,4,20448.60
2023Q4,2023-10-01 00:00:00,Mid-Market,CUST-01083,2025-03-31,5,20448.60
2023Q4,2023-10-01 00:00:00,Mid-Market,CUST-01083,2025-06-30,6,28628.04
2023Q4,2023-10-01 00:00:00,Mid-Market,CUST-01083,2025-09-30,7,93780.48
2023Q4,2023-10-01 00:00:00,Mid-Market,CUST-01083,2025-12-31,8,56636.04
2023Q4,2023-10-01 00:00:00,Mid-Market,CUST-01083,2026-03-31,9,71446.92
2023Q4,2023-10-01 00:00:00,Mid-Market,CUST-01083,2026-06-30,10,71446.92
2023Q4,2023-10-01 00:00:00,SMB,CUST-00941,2024-03-31,1,4502.40
2023Q4,2023-10-01 00:00:00,SMB,CUST-00941,2024-06-30,2,4502.40
2023Q4,2023-10-01 00:00:00,SMB,CUST-00941,2024-09-30,3,0.00
2023Q4,2023-10-01 00:00:00,SMB,CUST-00941,2024-12-31,4,0.00
2023Q4,2023-10-01 00:00:00,SMB,CUST-00941,2025-03-31,5,0.00
2023Q4,2023-10-01 00:00:00,SMB,CUST-00941,2025-06-30,6,0.00
2023Q4,2023-10-01 00:00:00,SMB,CUST-00941,2025-09-30,7,0.00
2023Q4,2023-10-01 00:00:00,SMB,CUST-00941,2025-12-31,8,0.00
2023Q4,2023-10-01 00:00:00,SMB,CUST-00941,2026-03-31,9,0.00
2023Q4,2023-10-01 00:00:00,SMB,CUST-00941,2026-06-30,10,0.00
2023Q4,2023-10-01 00:00:00,SMB,CUST-00957,2024-03-31,1,2853.96
2023Q4,2023-10-01 00:00:00,SMB,CUST-00957,2024-06-30,2,2853.96
2023Q4,2023-10-01 00:00:00,SMB,CUST-00957,2024-09-30,3,2853.96
2023Q4,2023-10-01 00:00:00,SMB,CUST-00957,2024-12-31,4,0.00
2023Q4,2023-10-01 00:00:00,SMB,CUST-00957,2025-03-31,5,0.00
2023Q4,2023-10-01 00:00:00,SMB,CUST-00957,2025-06-30,6,0.00
2023Q4,2023-10-01 00:00:00,SMB,CUST-00957,2025-09-30,7,0.00
2023Q4,2023-10-01 00:00:00,SMB,CUST-00957,2025-12-31,8,0.00
2023Q4,2023-10-01 00:00:00,SMB,CUST-00957,2026-03-31,9,0.00
2023Q4,2023-10-01 00:00:00,SMB,CUST-00957,2026-06-30,10,0.00
2023Q4,2023-10-01 00:00:00,SMB,CUST-00965,2024-03-31,1,2990.28
2023Q4,2023-10-01 00:00:00,SMB,CUST-00965,2024-06-30,2,0.00
2023Q4,2023-10-01 00:00:00,SMB,CUST-00965,2024-09-30,3,0.00
2023Q4,2023-10-01 00:00:00,SMB,CUST-00965,2024-12-31,4,0.00
2023Q4,2023-10-01 00:00:00,SMB,CUST-00965,2025-03-31,5,0.00
2023Q4,2023-10-01 00:00:00,SMB,CUST-00965,2025-06-30,6,0.00
2023Q4,2023-10-01 00:00:00,SMB,CUST-00965,2025-09-30,7,0.00
2023Q4,2023-10-01 00:00:00,SMB,CUST-00965,2025-12-31,8,0.00
2023Q4,2023-10-01 00:00:00,SMB,CUST-00965,2026-03-31,9,0.00
2023Q4,2023-10-01 00:00:00,SMB,CUST-00965,2026-06-30,10,0.00
2023Q4,2023-10-01 00:00:00,SMB,CUST-00969,2024-03-31,1,0.00
2023Q4,2023-10-01 00:00:00,SMB,CUST-00969,2024-06-30,2,0.00
2023Q4,2023-10-01 00:00:00,SMB,CUST-00969,2024-09-30,3,0.00
2023Q4,2023-10-01 00:00:00,SMB,CUST-00969,2024-12-31,4,0.00
2023Q4,2023-10-01 00:00:00,SMB,CUST-00969,2025-03-31,5,0.00
2023Q4,2023-10-01 00:00:00,SMB,CUST-00969,2025-06-30,6,0.00
2023Q4,2023-10-01 00:00:00,SMB,CUST-00969,2025-09-30,7,0.00
2023Q4,2023-10-01 00:00:00,SMB,CUST-00969,2025-12-31,8,0.00
2023Q4,2023-10-01 00:00:00,SMB,CUST-00969,2026-03-31,9,0.00
2023Q4,2023-10-01 00:00:00,SMB,CUST-00969,2026-06-30,10,0.00
2023Q4,2023-10-01 00:00:00,SMB,CUST-00977,2024-03-31,1,4845.12
2023Q4,2023-10-01 00:00:00,SMB,CUST-00977,2024-06-30,2,4845.12
2023Q4,2023-10-01 00:00:00,SMB,CUST-00977,2024-09-30,3,4845.12
2023Q4,2023-10-01 00:00:00,SMB,CUST-00977,2024-12-31,4,4845.12
2023Q4,2023-10-01 00:00:00,SMB,CUST-00977,2025-03-31,5,4845.12
2023Q4,2023-10-01 00:00:00,SMB,CUST-00977,2025-06-30,6,4845.12
2023Q4,2023-10-01 00:00:00,SMB,CUST-00977,2025-09-30,7,4845.12
2023Q4,2023-10-01 00:00:00,SMB,CUST-00977,2025-12-31,8,7631.04
2023Q4,2023-10-01 00:00:00,SMB,CUST-00977,2026-03-31,9,0.00
2023Q4,2023-10-01 00:00:00,SMB,CUST-00977,2026-06-30,10,0.00
2023Q4,2023-10-01 00:00:00,SMB,CUST-00979,2024-03-31,1,8663.76
2023Q4,2023-10-01 00:00:00,SMB,CUST-00979,2024-06-30,2,8663.76
2023Q4,2023-10-01 00:00:00,SMB,CUST-00979,2024-09-30,3,8663.76
2023Q4,2023-10-01 00:00:00,SMB,CUST-00979,2024-12-31,4,8960.28
2023Q4,2023-10-01 00:00:00,SMB,CUST-00979,2025-03-31,5,8960.28
2023Q4,2023-10-01 00:00:00,SMB,CUST-00979,2025-06-30,6,8960.28
2023Q4,2023-10-01 00:00:00,SMB,CUST-00979,2025-09-30,7,8960.28
2023Q4,2023-10-01 00:00:00,SMB,CUST-00979,2025-12-31,8,0.00
2023Q4,2023-10-01 00:00:00,SMB,CUST-00979,2026-03-31,9,0.00
2023Q4,2023-10-01 00:00:00,SMB,CUST-00979,2026-06-30,10,0.00
2023Q4,2023-10-01 00:00:00,SMB,CUST-00983,2024-03-31,1,5149.44
2023Q4,2023-10-01 00:00:00,SMB,CUST-00983,2024-06-30,2,5149.44
2023Q4,2023-10-01 00:00:00,SMB,CUST-00983,2024-09-30,3,5793.12
2023Q4,2023-10-01 00:00:00,SMB,CUST-00983,2024-12-31,4,5793.12
2023Q4,2023-10-01 00:00:00,SMB,CUST-00983,2025-03-31,5,0.00
2023Q4,2023-10-01 00:00:00,SMB,CUST-00983,2025-06-30,6,4906.56
2023Q4,2023-10-01 00:00:00,SMB,CUST-00983,2025-09-30,7,4906.56
2023Q4,2023-10-01 00:00:00,SMB,CUST-00983,2025-12-31,8,6869.16
2023Q4,2023-10-01 00:00:00,SMB,CUST-00983,2026-03-31,9,6869.16
2023Q4,2023-10-01 00:00:00,SMB,CUST-00983,2026-06-30,10,5061.48
2023Q4,2023-10-01 00:00:00,SMB,CUST-01003,2024-03-31,1,6750.24
2023Q4,2023-10-01 00:00:00,SMB,CUST-01003,2024-06-30,2,6750.24
2023Q4,2023-10-01 00:00:00,SMB,CUST-01003,2024-09-30,3,6750.24
2023Q4,2023-10-01 00:00:00,SMB,CUST-01003,2024-12-31,4,6750.24
2023Q4,2023-10-01 00:00:00,SMB,CUST-01003,2025-03-31,5,6750.24
2023Q4,2023-10-01 00:00:00,SMB,CUST-01003,2025-06-30,6,6750.24
2023Q4,2023-10-01 00:00:00,SMB,CUST-01003,2025-09-30,7,6750.24
2023Q4,2023-10-01 00:00:00,SMB,CUST-01003,2025-12-31,8,5906.52
2023Q4,2023-10-01 00:00:00,SMB,CUST-01003,2026-03-31,9,5906.52
2023Q4,2023-10-01 00:00:00,SMB,CUST-01003,2026-06-30,10,5906.52
2023Q4,2023-10-01 00:00:00,Mid-Market,CUST-01075,2024-03-31,1,20045.16
2023Q4,2023-10-01 00:00:00,Mid-Market,CUST-01075,2024-06-30,2,20045.16
2023Q4,2023-10-01 00:00:00,Mid-Market,CUST-01075,2024-09-30,3,20045.16
2023Q4,2023-10-01 00:00:00,Mid-Market,CUST-01075,2024-12-31,4,0.00
2023Q4,2023-10-01 00:00:00,SMB,CUST-00935,2026-06-30,10,10436.88
2023Q4,2023-10-01 00:00:00,SMB,CUST-00951,2024-03-31,1,4212.60
2023Q4,2023-10-01 00:00:00,SMB,CUST-00951,2024-06-30,2,4212.60
2023Q4,2023-10-01 00:00:00,SMB,CUST-00951,2024-09-30,3,4212.60
2023Q4,2023-10-01 00:00:00,SMB,CUST-00951,2024-12-31,4,0.00
2023Q4,2023-10-01 00:00:00,SMB,CUST-00951,2025-03-31,5,0.00
2023Q4,2023-10-01 00:00:00,SMB,CUST-00951,2025-06-30,6,0.00
2023Q4,2023-10-01 00:00:00,SMB,CUST-00951,2025-09-30,7,0.00
2023Q4,2023-10-01 00:00:00,SMB,CUST-00951,2025-12-31,8,0.00
2023Q4,2023-10-01 00:00:00,SMB,CUST-00951,2026-03-31,9,0.00
2023Q4,2023-10-01 00:00:00,SMB,CUST-00951,2026-06-30,10,0.00
2023Q4,2023-10-01 00:00:00,SMB,CUST-00954,2024-03-31,1,8682.12
2023Q4,2023-10-01 00:00:00,SMB,CUST-00954,2024-06-30,2,8682.12
2023Q4,2023-10-01 00:00:00,SMB,CUST-00954,2024-09-30,3,8682.12
2023Q4,2023-10-01 00:00:00,SMB,CUST-00954,2024-12-31,4,8681.76
2023Q4,2023-10-01 00:00:00,SMB,CUST-00954,2025-03-31,5,11749.92
2023Q4,2023-10-01 00:00:00,SMB,CUST-00954,2025-06-30,6,11749.92
2023Q4,2023-10-01 00:00:00,SMB,CUST-00954,2025-09-30,7,16352.28
2023Q4,2023-10-01 00:00:00,SMB,CUST-00954,2025-12-31,8,12510.24
2023Q4,2023-10-01 00:00:00,SMB,CUST-00954,2026-03-31,9,12510.24
2023Q4,2023-10-01 00:00:00,SMB,CUST-00954,2026-06-30,10,12510.24
2023Q4,2023-10-01 00:00:00,SMB,CUST-00960,2024-03-31,1,13541.76
2023Q4,2023-10-01 00:00:00,SMB,CUST-00960,2024-06-30,2,13541.76
2023Q4,2023-10-01 00:00:00,SMB,CUST-00960,2024-09-30,3,13541.76
2023Q4,2023-10-01 00:00:00,SMB,CUST-00960,2024-12-31,4,0.00
2023Q4,2023-10-01 00:00:00,SMB,CUST-00960,2025-03-31,5,0.00
2023Q4,2023-10-01 00:00:00,SMB,CUST-00960,2025-06-30,6,0.00
2023Q4,2023-10-01 00:00:00,SMB,CUST-00960,2025-09-30,7,0.00
2023Q4,2023-10-01 00:00:00,SMB,CUST-00960,2025-12-31,8,0.00
2023Q4,2023-10-01 00:00:00,SMB,CUST-00960,2026-03-31,9,0.00
2023Q4,2023-10-01 00:00:00,SMB,CUST-00960,2026-06-30,10,0.00
2023Q4,2023-10-01 00:00:00,SMB,CUST-01013,2024-03-31,1,5291.52
2023Q4,2023-10-01 00:00:00,SMB,CUST-01013,2024-06-30,2,5291.52
2023Q4,2023-10-01 00:00:00,SMB,CUST-01013,2024-09-30,3,5291.52
2023Q4,2023-10-01 00:00:00,SMB,CUST-01013,2024-12-31,4,5291.52
2023Q4,2023-10-01 00:00:00,SMB,CUST-01013,2025-03-31,5,5291.52
2023Q4,2023-10-01 00:00:00,SMB,CUST-01013,2025-06-30,6,5291.52
2023Q4,2023-10-01 00:00:00,SMB,CUST-01013,2025-09-30,7,5952.96
2023Q4,2023-10-01 00:00:00,SMB,CUST-01013,2025-12-31,8,5952.96
2023Q4,2023-10-01 00:00:00,SMB,CUST-01013,2026-03-31,9,5952.96
2023Q4,2023-10-01 00:00:00,SMB,CUST-01013,2026-06-30,10,5952.96
2023Q4,2023-10-01 00:00:00,SMB,CUST-00978,2024-03-31,1,6192.24
2023Q4,2023-10-01 00:00:00,SMB,CUST-00978,2024-06-30,2,6192.24
2023Q4,2023-10-01 00:00:00,SMB,CUST-00978,2024-09-30,3,7076.88
2023Q4,2023-10-01 00:00:00,SMB,CUST-00978,2024-12-31,4,7076.88
2023Q4,2023-10-01 00:00:00,SMB,CUST-00978,2025-03-31,5,7076.88
2023Q4,2023-10-01 00:00:00,SMB,CUST-00978,2025-06-30,6,7076.88
2023Q4,2023-10-01 00:00:00,SMB,CUST-00978,2025-09-30,7,7076.88
2023Q4,2023-10-01 00:00:00,SMB,CUST-00978,2025-12-31,8,0.00
2023Q4,2023-10-01 00:00:00,SMB,CUST-00978,2026-03-31,9,0.00
2023Q4,2023-10-01 00:00:00,SMB,CUST-00978,2026-06-30,10,0.00
2023Q4,2023-10-01 00:00:00,SMB,CUST-00988,2024-03-31,1,0.00
2023Q4,2023-10-01 00:00:00,SMB,CUST-00988,2024-06-30,2,0.00
2023Q4,2023-10-01 00:00:00,SMB,CUST-00988,2024-09-30,3,0.00
2023Q4,2023-10-01 00:00:00,SMB,CUST-00988,2024-12-31,4,0.00
2023Q4,2023-10-01 00:00:00,SMB,CUST-00988,2025-03-31,5,0.00
2023Q4,2023-10-01 00:00:00,SMB,CUST-00988,2025-06-30,6,0.00
2023Q4,2023-10-01 00:00:00,SMB,CUST-00988,2025-09-30,7,0.00
2023Q4,2023-10-01 00:00:00,SMB,CUST-00988,2025-12-31,8,0.00
2023Q4,2023-10-01 00:00:00,SMB,CUST-00988,2026-03-31,9,0.00
2023Q4,2023-10-01 00:00:00,SMB,CUST-00988,2026-06-30,10,0.00
2023Q4,2023-10-01 00:00:00,SMB,CUST-00947,2024-03-31,1,5989.68
2023Q4,2023-10-01 00:00:00,SMB,CUST-00947,2024-06-30,2,5989.68
2023Q4,2023-10-01 00:00:00,SMB,CUST-00947,2024-09-30,3,5989.68
2023Q4,2023-10-01 00:00:00,SMB,CUST-00947,2024-12-31,4,0.00
2023Q4,2023-10-01 00:00:00,SMB,CUST-00947,2025-03-31,5,0.00
2023Q4,2023-10-01 00:00:00,SMB,CUST-00947,2025-06-30,6,4682.28
2023Q4,2023-10-01 00:00:00,SMB,CUST-00947,2025-09-30,7,4682.28
2023Q4,2023-10-01 00:00:00,SMB,CUST-00947,2025-12-31,8,6973.68
2023Q4,2023-10-01 00:00:00,SMB,CUST-00947,2026-03-31,9,6973.68
2023Q4,2023-10-01 00:00:00,SMB,CUST-00947,2026-06-30,10,4860.84
2023Q4,2023-10-01 00:00:00,SMB,CUST-00963,2024-03-31,1,4468.44
2023Q4,2023-10-01 00:00:00,SMB,CUST-00963,2024-06-30,2,4468.44
2023Q4,2023-10-01 00:00:00,SMB,CUST-00963,2024-09-30,3,6255.84
2023Q4,2023-10-01 00:00:00,SMB,CUST-00963,2024-12-31,4,10724.28
2023Q4,2023-10-01 00:00:00,SMB,CUST-00963,2025-03-31,5,10724.28
2023Q4,2023-10-01 00:00:00,SMB,CUST-00963,2025-06-30,6,12638.04
2023Q4,2023-10-01 00:00:00,SMB,CUST-00963,2025-09-30,7,12638.04
2023Q4,2023-10-01 00:00:00,SMB,CUST-00963,2025-12-31,8,12638.04
2023Q4,2023-10-01 00:00:00,SMB,CUST-00963,2026-03-31,9,12638.04
2023Q4,2023-10-01 00:00:00,SMB,CUST-00963,2026-06-30,10,12638.04
2023Q4,2023-10-01 00:00:00,SMB,CUST-00982,2024-03-31,1,6583.68
2023Q4,2023-10-01 00:00:00,SMB,CUST-00982,2024-06-30,2,6583.68
2023Q4,2023-10-01 00:00:00,SMB,CUST-00982,2024-09-30,3,6583.68
2023Q4,2023-10-01 00:00:00,SMB,CUST-00982,2024-12-31,4,6583.68
2023Q4,2023-10-01 00:00:00,SMB,CUST-00982,2025-03-31,5,0.00
2023Q4,2023-10-01 00:00:00,SMB,CUST-00982,2025-06-30,6,0.00
2023Q4,2023-10-01 00:00:00,SMB,CUST-00982,2025-09-30,7,0.00
2023Q4,2023-10-01 00:00:00,SMB,CUST-00982,2025-12-31,8,0.00
2023Q4,2023-10-01 00:00:00,SMB,CUST-00982,2026-03-31,9,0.00
2023Q4,2023-10-01 00:00:00,SMB,CUST-00982,2026-06-30,10,0.00
2023Q4,2023-10-01 00:00:00,SMB,CUST-00991,2024-03-31,1,5335.20
2023Q4,2023-10-01 00:00:00,SMB,CUST-00991,2024-06-30,2,5335.20
2023Q4,2023-10-01 00:00:00,SMB,CUST-00991,2024-09-30,3,5335.20
2023Q4,2023-10-01 00:00:00,SMB,CUST-00991,2024-12-31,4,5335.20
2023Q4,2023-10-01 00:00:00,SMB,CUST-00991,2025-03-31,5,5335.20
2023Q4,2023-10-01 00:00:00,SMB,CUST-00991,2025-06-30,6,5335.20
2023Q4,2023-10-01 00:00:00,SMB,CUST-00991,2025-09-30,7,5335.20
2023Q4,2023-10-01 00:00:00,SMB,CUST-00991,2025-12-31,8,5335.20
2023Q4,2023-10-01 00:00:00,SMB,CUST-00991,2026-03-31,9,5335.20
2023Q4,2023-10-01 00:00:00,SMB,CUST-00991,2026-06-30,10,5335.20
2023Q4,2023-10-01 00:00:00,SMB,CUST-00996,2024-03-31,1,2823.96
2023Q4,2023-10-01 00:00:00,SMB,CUST-00996,2024-06-30,2,2823.96
2023Q4,2023-10-01 00:00:00,SMB,CUST-00996,2024-09-30,3,3765.24
2023Q4,2023-10-01 00:00:00,SMB,CUST-00996,2024-12-31,4,3765.24
2023Q4,2023-10-01 00:00:00,SMB,CUST-00996,2025-03-31,5,3765.24
2023Q4,2023-10-01 00:00:00,SMB,CUST-00996,2025-06-30,6,3765.24
2023Q4,2023-10-01 00:00:00,SMB,CUST-00996,2025-09-30,7,3765.24
2023Q4,2023-10-01 00:00:00,SMB,CUST-00996,2025-12-31,8,3765.24
2023Q4,2023-10-01 00:00:00,SMB,CUST-00996,2026-03-31,9,3765.24
2023Q4,2023-10-01 00:00:00,SMB,CUST-00996,2026-06-30,10,3765.24
2023Q4,2023-10-01 00:00:00,SMB,CUST-01002,2024-03-31,1,3739.20
2023Q4,2023-10-01 00:00:00,SMB,CUST-01002,2024-06-30,2,4362.36
2023Q4,2023-10-01 00:00:00,SMB,CUST-01002,2024-09-30,3,4362.36
2023Q4,2023-10-01 00:00:00,SMB,CUST-01002,2024-12-31,4,4362.36
2023Q4,2023-10-01 00:00:00,SMB,CUST-01002,2025-03-31,5,4497.72
2023Q4,2023-10-01 00:00:00,SMB,CUST-01002,2025-06-30,6,4497.72
2023Q4,2023-10-01 00:00:00,SMB,CUST-01002,2025-09-30,7,4497.72
2023Q4,2023-10-01 00:00:00,SMB,CUST-01002,2025-12-31,8,4497.72
2023Q4,2023-10-01 00:00:00,SMB,CUST-01002,2026-03-31,9,4685.52
2023Q4,2023-10-01 00:00:00,SMB,CUST-01002,2026-06-30,10,4685.52
2023Q4,2023-10-01 00:00:00,SMB,CUST-01012,2024-03-31,1,8195.40
2023Q4,2023-10-01 00:00:00,SMB,CUST-01012,2024-06-30,2,8195.40
2023Q4,2023-10-01 00:00:00,SMB,CUST-01012,2024-09-30,3,8195.40
2023Q4,2023-10-01 00:00:00,SMB,CUST-01012,2024-12-31,4,11473.56
2023Q4,2023-10-01 00:00:00,SMB,CUST-01012,2025-03-31,5,8478.12
2023Q4,2023-10-01 00:00:00,SMB,CUST-01012,2025-06-30,6,8478.12
2023Q4,2023-10-01 00:00:00,SMB,CUST-01012,2025-09-30,7,8478.12
2023Q4,2023-10-01 00:00:00,SMB,CUST-01012,2025-12-31,8,8478.12
2023Q4,2023-10-01 00:00:00,SMB,CUST-01012,2026-03-31,9,8890.08
2023Q4,2023-10-01 00:00:00,SMB,CUST-01012,2026-06-30,10,8890.08
2023Q4,2023-10-01 00:00:00,Mid-Market,CUST-01094,2024-03-31,1,57479.76
2023Q4,2023-10-01 00:00:00,Mid-Market,CUST-01094,2024-06-30,2,57479.76
2023Q4,2023-10-01 00:00:00,Mid-Market,CUST-01094,2024-09-30,3,57479.76
2023Q4,2023-10-01 00:00:00,Mid-Market,CUST-01094,2024-12-31,4,77570.04
2023Q4,2023-10-01 00:00:00,Mid-Market,CUST-01094,2025-03-31,5,74098.56
2023Q4,2023-10-01 00:00:00,Mid-Market,CUST-01094,2025-06-30,6,74098.56
2023Q4,2023-10-01 00:00:00,Mid-Market,CUST-01094,2025-09-30,7,105206.64
2023Q4,2023-10-01 00:00:00,Mid-Market,CUST-01094,2025-12-31,8,109497.36
2023Q4,2023-10-01 00:00:00,Mid-Market,CUST-01094,2026-03-31,9,113996.88
2023Q4,2023-10-01 00:00:00,Mid-Market,CUST-01094,2026-06-30,10,113996.88
2023Q4,2023-10-01 00:00:00,Mid-Market,CUST-01098,2024-03-31,1,46432.92
2023Q4,2023-10-01 00:00:00,Mid-Market,CUST-01098,2024-06-30,2,46432.92
2023Q4,2023-10-01 00:00:00,Mid-Market,CUST-01098,2024-09-30,3,46432.92
2023Q4,2023-10-01 00:00:00,Mid-Market,CUST-01098,2024-12-31,4,46432.92
2023Q4,2023-10-01 00:00:00,Mid-Market,CUST-01098,2025-03-31,5,0.00
2023Q4,2023-10-01 00:00:00,Mid-Market,CUST-01098,2025-06-30,6,0.00
2023Q4,2023-10-01 00:00:00,Mid-Market,CUST-01098,2025-09-30,7,0.00
2023Q4,2023-10-01 00:00:00,Mid-Market,CUST-01098,2025-12-31,8,0.00
2023Q4,2023-10-01 00:00:00,Mid-Market,CUST-01098,2026-03-31,9,0.00
2023Q4,2023-10-01 00:00:00,Mid-Market,CUST-01098,2026-06-30,10,0.00
2023Q4,2023-10-01 00:00:00,Enterprise,CUST-01115,2024-03-31,1,346687.92
2023Q4,2023-10-01 00:00:00,Enterprise,CUST-01115,2024-06-30,2,346687.92
2023Q4,2023-10-01 00:00:00,Enterprise,CUST-01115,2024-09-30,3,346687.92
2023Q4,2023-10-01 00:00:00,Enterprise,CUST-01115,2024-12-31,4,346687.92
2023Q4,2023-10-01 00:00:00,Enterprise,CUST-01115,2025-03-31,5,346687.92
2023Q4,2023-10-01 00:00:00,Enterprise,CUST-01115,2025-06-30,6,346687.92
2023Q4,2023-10-01 00:00:00,Enterprise,CUST-01115,2025-09-30,7,346687.92
2023Q4,2023-10-01 00:00:00,Enterprise,CUST-01115,2025-12-31,8,361258.56
2023Q4,2023-10-01 00:00:00,Enterprise,CUST-01115,2026-03-31,9,361258.56
2023Q4,2023-10-01 00:00:00,Enterprise,CUST-01115,2026-06-30,10,361258.56
2023Q4,2023-10-01 00:00:00,Enterprise,CUST-01119,2024-03-31,1,142396.92
2023Q4,2023-10-01 00:00:00,Enterprise,CUST-01119,2024-06-30,2,142396.92
2023Q4,2023-10-01 00:00:00,Enterprise,CUST-01119,2024-09-30,3,144410.04
2023Q4,2023-10-01 00:00:00,Enterprise,CUST-01119,2024-12-31,4,144410.04
2023Q4,2023-10-01 00:00:00,Enterprise,CUST-01119,2025-03-31,5,151431.72
2023Q4,2023-10-01 00:00:00,Enterprise,CUST-01119,2025-06-30,6,151431.72
2023Q4,2023-10-01 00:00:00,Enterprise,CUST-01119,2025-09-30,7,151431.72
2023Q4,2023-10-01 00:00:00,Enterprise,CUST-01119,2025-12-31,8,151431.72
2023Q4,2023-10-01 00:00:00,Enterprise,CUST-01119,2026-03-31,9,156892.32
2023Q4,2023-10-01 00:00:00,Enterprise,CUST-01119,2026-06-30,10,156892.32
2023Q4,2023-10-01 00:00:00,SMB,CUST-00927,2024-03-31,1,10282.44
2023Q4,2023-10-01 00:00:00,SMB,CUST-00927,2024-06-30,2,10282.44
2023Q4,2023-10-01 00:00:00,SMB,CUST-00927,2024-09-30,3,10282.44
2023Q4,2023-10-01 00:00:00,SMB,CUST-00927,2024-12-31,4,10282.44
2023Q4,2023-10-01 00:00:00,SMB,CUST-00927,2025-03-31,5,10282.44
2023Q4,2023-10-01 00:00:00,SMB,CUST-00927,2025-06-30,6,10282.44
2023Q4,2023-10-01 00:00:00,SMB,CUST-00927,2025-09-30,7,10282.44
2023Q4,2023-10-01 00:00:00,SMB,CUST-00927,2025-12-31,8,10282.44
2023Q4,2023-10-01 00:00:00,SMB,CUST-00927,2026-03-31,9,10282.44
2023Q4,2023-10-01 00:00:00,SMB,CUST-00927,2026-06-30,10,13728.36
2023Q4,2023-10-01 00:00:00,SMB,CUST-00945,2024-03-31,1,5706.72
2023Q4,2023-10-01 00:00:00,SMB,CUST-00945,2024-06-30,2,5706.72
2023Q4,2023-10-01 00:00:00,SMB,CUST-00945,2024-09-30,3,5706.72
2023Q4,2023-10-01 00:00:00,SMB,CUST-00945,2024-12-31,4,0.00
2023Q4,2023-10-01 00:00:00,SMB,CUST-00945,2025-03-31,5,0.00
2023Q4,2023-10-01 00:00:00,SMB,CUST-00945,2025-06-30,6,0.00
2023Q4,2023-10-01 00:00:00,SMB,CUST-00945,2025-09-30,7,0.00
2023Q4,2023-10-01 00:00:00,SMB,CUST-00945,2025-12-31,8,0.00
2023Q4,2023-10-01 00:00:00,SMB,CUST-00945,2026-03-31,9,0.00
2023Q4,2023-10-01 00:00:00,SMB,CUST-00945,2026-06-30,10,0.00
2023Q4,2023-10-01 00:00:00,SMB,CUST-00948,2024-03-31,1,2625.72
2023Q4,2023-10-01 00:00:00,SMB,CUST-00948,2024-06-30,2,3501.00
2023Q4,2023-10-01 00:00:00,SMB,CUST-00948,2024-09-30,3,3501.00
2023Q4,2023-10-01 00:00:00,SMB,CUST-00948,2024-12-31,4,0.00
2023Q4,2023-10-01 00:00:00,SMB,CUST-00948,2025-03-31,5,0.00
2023Q4,2023-10-01 00:00:00,SMB,CUST-00948,2025-06-30,6,2873.64
2023Q4,2023-10-01 00:00:00,SMB,CUST-00948,2025-09-30,7,2873.64
2023Q4,2023-10-01 00:00:00,SMB,CUST-00948,2025-12-31,8,3831.60
2023Q4,2023-10-01 00:00:00,SMB,CUST-00948,2026-03-31,9,3831.60
2023Q4,2023-10-01 00:00:00,SMB,CUST-00948,2026-06-30,10,3951.48
2023Q4,2023-10-01 00:00:00,SMB,CUST-01000,2024-03-31,1,5477.76
2023Q4,2023-10-01 00:00:00,SMB,CUST-01000,2024-06-30,2,7912.32
2023Q4,2023-10-01 00:00:00,SMB,CUST-01000,2024-09-30,3,7912.32
2023Q4,2023-10-01 00:00:00,SMB,CUST-01000,2024-12-31,4,7912.32
2023Q4,2023-10-01 00:00:00,SMB,CUST-01000,2025-03-31,5,7912.32
2023Q4,2023-10-01 00:00:00,SMB,CUST-01000,2025-06-30,6,7912.32
2023Q4,2023-10-01 00:00:00,SMB,CUST-01000,2025-09-30,7,7912.32
2023Q4,2023-10-01 00:00:00,SMB,CUST-01000,2025-12-31,8,7912.32
2023Q4,2023-10-01 00:00:00,SMB,CUST-01000,2026-03-31,9,7912.32
2023Q4,2023-10-01 00:00:00,SMB,CUST-01000,2026-06-30,10,7303.68
2023Q4,2023-10-01 00:00:00,SMB,CUST-01007,2024-03-31,1,14199.72
2023Q4,2023-10-01 00:00:00,SMB,CUST-01007,2024-06-30,2,14199.72
2023Q4,2023-10-01 00:00:00,SMB,CUST-01007,2024-09-30,3,14199.72
2023Q4,2023-10-01 00:00:00,SMB,CUST-01007,2024-12-31,4,14199.72
2023Q4,2023-10-01 00:00:00,SMB,CUST-01007,2025-03-31,5,0.00
2023Q4,2023-10-01 00:00:00,SMB,CUST-01007,2025-06-30,6,0.00
2023Q4,2023-10-01 00:00:00,SMB,CUST-01007,2025-09-30,7,0.00
2023Q4,2023-10-01 00:00:00,SMB,CUST-01007,2025-12-31,8,0.00
2023Q4,2023-10-01 00:00:00,SMB,CUST-01007,2026-03-31,9,0.00
2023Q4,2023-10-01 00:00:00,SMB,CUST-01007,2026-06-30,10,0.00
2023Q4,2023-10-01 00:00:00,SMB,CUST-01008,2024-09-30,3,5171.04
2023Q4,2023-10-01 00:00:00,SMB,CUST-01008,2024-12-31,4,5171.04
2023Q4,2023-10-01 00:00:00,SMB,CUST-01008,2025-03-31,5,5171.04
2023Q4,2023-10-01 00:00:00,SMB,CUST-01008,2025-06-30,6,4309.20
2023Q4,2023-10-01 00:00:00,SMB,CUST-01008,2025-09-30,7,4309.20
2023Q4,2023-10-01 00:00:00,SMB,CUST-01008,2025-12-31,8,4309.20
2023Q4,2023-10-01 00:00:00,SMB,CUST-01008,2026-03-31,9,4309.20
2023Q4,2023-10-01 00:00:00,SMB,CUST-01008,2026-06-30,10,4309.20
2023Q4,2023-10-01 00:00:00,Mid-Market,CUST-01082,2024-03-31,1,35122.44
2023Q4,2023-10-01 00:00:00,Mid-Market,CUST-01082,2024-06-30,2,35122.44
2023Q4,2023-10-01 00:00:00,Mid-Market,CUST-01082,2024-09-30,3,35122.44
2023Q4,2023-10-01 00:00:00,Mid-Market,CUST-01082,2024-12-31,4,0.00
2023Q4,2023-10-01 00:00:00,Mid-Market,CUST-01082,2025-03-31,5,0.00
2023Q4,2023-10-01 00:00:00,Mid-Market,CUST-01082,2025-06-30,6,0.00
2023Q4,2023-10-01 00:00:00,Mid-Market,CUST-01082,2025-09-30,7,0.00
2023Q4,2023-10-01 00:00:00,Mid-Market,CUST-01082,2025-12-31,8,0.00
2023Q4,2023-10-01 00:00:00,Mid-Market,CUST-01082,2026-03-31,9,0.00
2023Q4,2023-10-01 00:00:00,Mid-Market,CUST-01082,2026-06-30,10,0.00
2023Q4,2023-10-01 00:00:00,SMB,CUST-00931,2024-03-31,1,9384.48
2023Q4,2023-10-01 00:00:00,SMB,CUST-00931,2024-06-30,2,9384.48
2023Q4,2023-10-01 00:00:00,SMB,CUST-00931,2024-09-30,3,9384.48
2023Q4,2023-10-01 00:00:00,SMB,CUST-00931,2024-12-31,4,9384.48
2023Q4,2023-10-01 00:00:00,SMB,CUST-00931,2025-03-31,5,11152.80
2023Q4,2023-10-01 00:00:00,SMB,CUST-00931,2025-06-30,6,0.00
2023Q4,2023-10-01 00:00:00,SMB,CUST-00931,2025-09-30,7,0.00
2023Q4,2023-10-01 00:00:00,SMB,CUST-00931,2025-12-31,8,0.00
2023Q4,2023-10-01 00:00:00,SMB,CUST-00931,2026-03-31,9,0.00
2023Q4,2023-10-01 00:00:00,SMB,CUST-00931,2026-06-30,10,0.00
2023Q4,2023-10-01 00:00:00,SMB,CUST-00946,2024-03-31,1,7797.36
2023Q4,2023-10-01 00:00:00,SMB,CUST-00946,2024-06-30,2,7797.36
2023Q4,2023-10-01 00:00:00,SMB,CUST-00946,2024-09-30,3,7797.36
2023Q4,2023-10-01 00:00:00,SMB,CUST-00946,2024-12-31,4,10119.72
2023Q4,2023-10-01 00:00:00,SMB,CUST-00946,2025-03-31,5,10119.72
2023Q4,2023-10-01 00:00:00,SMB,CUST-00946,2025-06-30,6,10119.72
2023Q4,2023-10-01 00:00:00,SMB,CUST-00946,2025-09-30,7,14184.00
2023Q4,2023-10-01 00:00:00,SMB,CUST-00946,2025-12-31,8,14184.00
2023Q4,2023-10-01 00:00:00,SMB,CUST-00946,2026-03-31,9,14184.00
2023Q4,2023-10-01 00:00:00,SMB,CUST-00946,2026-06-30,10,14184.00
2023Q4,2023-10-01 00:00:00,SMB,CUST-00984,2024-03-31,1,0.00
2023Q4,2023-10-01 00:00:00,SMB,CUST-00984,2024-06-30,2,0.00
2023Q4,2023-10-01 00:00:00,SMB,CUST-00984,2024-09-30,3,0.00
2023Q4,2023-10-01 00:00:00,SMB,CUST-00984,2024-12-31,4,0.00
2023Q4,2023-10-01 00:00:00,SMB,CUST-00984,2025-03-31,5,0.00
2023Q4,2023-10-01 00:00:00,SMB,CUST-00984,2025-06-30,6,0.00
2023Q4,2023-10-01 00:00:00,SMB,CUST-00984,2025-09-30,7,0.00
2023Q4,2023-10-01 00:00:00,SMB,CUST-00984,2025-12-31,8,0.00
2023Q4,2023-10-01 00:00:00,SMB,CUST-00984,2026-03-31,9,0.00
2023Q4,2023-10-01 00:00:00,SMB,CUST-00984,2026-06-30,10,0.00
2023Q4,2023-10-01 00:00:00,SMB,CUST-00990,2024-03-31,1,12673.68
2023Q4,2023-10-01 00:00:00,SMB,CUST-00990,2024-06-30,2,12673.68
2023Q4,2023-10-01 00:00:00,SMB,CUST-00990,2024-09-30,3,12673.68
2023Q4,2023-10-01 00:00:00,SMB,CUST-00990,2024-12-31,4,12673.68
2023Q4,2023-10-01 00:00:00,SMB,CUST-00990,2025-03-31,5,0.00
2023Q4,2023-10-01 00:00:00,SMB,CUST-00990,2025-06-30,6,0.00
2023Q4,2023-10-01 00:00:00,SMB,CUST-00990,2025-09-30,7,0.00
2023Q4,2023-10-01 00:00:00,SMB,CUST-00990,2025-12-31,8,0.00
2023Q4,2023-10-01 00:00:00,SMB,CUST-00990,2026-03-31,9,0.00
2023Q4,2023-10-01 00:00:00,SMB,CUST-00990,2026-06-30,10,0.00
2023Q4,2023-10-01 00:00:00,SMB,CUST-00992,2024-03-31,1,4491.60
2023Q4,2023-10-01 00:00:00,SMB,CUST-00992,2024-06-30,2,4491.60
2023Q4,2023-10-01 00:00:00,SMB,CUST-00992,2024-09-30,3,4491.60
2023Q4,2023-10-01 00:00:00,SMB,CUST-00992,2024-12-31,4,4491.60
2023Q4,2023-10-01 00:00:00,SMB,CUST-00992,2025-03-31,5,4713.96
2023Q4,2023-10-01 00:00:00,SMB,CUST-00992,2025-06-30,6,4713.96
2023Q4,2023-10-01 00:00:00,SMB,CUST-00992,2025-09-30,7,4713.96
2023Q4,2023-10-01 00:00:00,SMB,CUST-00992,2025-12-31,8,4713.96
2023Q4,2023-10-01 00:00:00,SMB,CUST-00992,2026-03-31,9,4713.72
2023Q4,2023-10-01 00:00:00,SMB,CUST-00992,2026-06-30,10,4713.72
2023Q4,2023-10-01 00:00:00,SMB,CUST-00994,2024-03-31,1,3529.80
2023Q4,2023-10-01 00:00:00,SMB,CUST-00994,2024-06-30,2,3529.80
2023Q4,2023-10-01 00:00:00,SMB,CUST-00994,2024-09-30,3,3529.80
2023Q4,2023-10-01 00:00:00,SMB,CUST-00994,2024-12-31,4,3529.80
2023Q4,2023-10-01 00:00:00,SMB,CUST-00994,2025-03-31,5,3704.64
2023Q4,2023-10-01 00:00:00,SMB,CUST-00994,2025-06-30,6,3704.64
2023Q4,2023-10-01 00:00:00,SMB,CUST-00994,2025-09-30,7,4322.04
2023Q4,2023-10-01 00:00:00,SMB,CUST-00994,2025-12-31,8,4322.04
2023Q4,2023-10-01 00:00:00,SMB,CUST-00994,2026-03-31,9,4477.32
2023Q4,2023-10-01 00:00:00,SMB,CUST-00994,2026-06-30,10,4477.32
2023Q4,2023-10-01 00:00:00,SMB,CUST-00999,2024-03-31,1,7266.84
2023Q4,2023-10-01 00:00:00,SMB,CUST-00999,2024-06-30,2,7266.84
2023Q4,2023-10-01 00:00:00,SMB,CUST-00999,2024-09-30,3,7266.84
2023Q4,2023-10-01 00:00:00,SMB,CUST-00999,2024-12-31,4,7266.84
2023Q4,2023-10-01 00:00:00,SMB,CUST-00999,2025-03-31,5,0.00
2023Q4,2023-10-01 00:00:00,SMB,CUST-00999,2025-06-30,6,0.00
2023Q4,2023-10-01 00:00:00,SMB,CUST-00999,2025-09-30,7,0.00
2023Q4,2023-10-01 00:00:00,SMB,CUST-00999,2025-12-31,8,0.00
2023Q4,2023-10-01 00:00:00,SMB,CUST-00999,2026-03-31,9,0.00
2023Q4,2023-10-01 00:00:00,SMB,CUST-00999,2026-06-30,10,0.00
2023Q4,2023-10-01 00:00:00,Mid-Market,CUST-01087,2024-03-31,1,110928.72
2023Q4,2023-10-01 00:00:00,Mid-Market,CUST-01087,2024-06-30,2,110928.72
2023Q4,2023-10-01 00:00:00,Mid-Market,CUST-01087,2024-09-30,3,110928.72
2023Q4,2023-10-01 00:00:00,Mid-Market,CUST-01087,2024-12-31,4,220674.60
2023Q4,2023-10-01 00:00:00,Mid-Market,CUST-01087,2025-03-31,5,220674.60
2023Q4,2023-10-01 00:00:00,Mid-Market,CUST-01087,2025-06-30,6,235583.04
2023Q4,2023-10-01 00:00:00,Mid-Market,CUST-01087,2025-09-30,7,235583.04
2023Q4,2023-10-01 00:00:00,Mid-Market,CUST-01087,2025-12-31,8,236739.84
2023Q4,2023-10-01 00:00:00,Mid-Market,CUST-01087,2026-03-31,9,236739.84
2023Q4,2023-10-01 00:00:00,Mid-Market,CUST-01087,2026-06-30,10,236739.84
2023Q4,2023-10-01 00:00:00,Enterprise,CUST-01116,2024-03-31,1,111797.52
2023Q4,2023-10-01 00:00:00,Enterprise,CUST-01116,2024-06-30,2,111797.52
2023Q4,2023-10-01 00:00:00,Enterprise,CUST-01116,2024-09-30,3,111797.52
2023Q4,2023-10-01 00:00:00,Enterprise,CUST-01116,2024-12-31,4,111797.52
2023Q4,2023-10-01 00:00:00,Enterprise,CUST-01116,2025-03-31,5,111797.52
2023Q4,2023-10-01 00:00:00,Enterprise,CUST-01116,2025-06-30,6,111797.52
2023Q4,2023-10-01 00:00:00,Enterprise,CUST-01116,2025-09-30,7,111797.52
2023Q4,2023-10-01 00:00:00,Enterprise,CUST-01116,2025-12-31,8,111797.52
2023Q4,2023-10-01 00:00:00,Enterprise,CUST-01116,2026-03-31,9,111797.52
2023Q4,2023-10-01 00:00:00,Enterprise,CUST-01116,2026-06-30,10,111797.52
2023Q4,2023-10-01 00:00:00,SMB,CUST-00959,2024-03-31,1,5354.16
2023Q4,2023-10-01 00:00:00,SMB,CUST-00959,2024-06-30,2,5354.16
2023Q4,2023-10-01 00:00:00,SMB,CUST-00959,2024-09-30,3,5354.16
2023Q4,2023-10-01 00:00:00,SMB,CUST-00959,2024-12-31,4,0.00
2023Q4,2023-10-01 00:00:00,SMB,CUST-00959,2025-03-31,5,0.00
2023Q4,2023-10-01 00:00:00,SMB,CUST-00959,2025-06-30,6,0.00
2023Q4,2023-10-01 00:00:00,SMB,CUST-00959,2025-09-30,7,0.00
2023Q4,2023-10-01 00:00:00,SMB,CUST-00959,2025-12-31,8,0.00
2023Q4,2023-10-01 00:00:00,SMB,CUST-00959,2026-03-31,9,0.00
2023Q4,2023-10-01 00:00:00,SMB,CUST-00959,2026-06-30,10,0.00
2023Q4,2023-10-01 00:00:00,SMB,CUST-00986,2024-03-31,1,4877.40
2023Q4,2023-10-01 00:00:00,SMB,CUST-00986,2024-06-30,2,4877.40
2023Q4,2023-10-01 00:00:00,SMB,CUST-00986,2024-09-30,3,4877.40
2023Q4,2023-10-01 00:00:00,SMB,CUST-00986,2024-12-31,4,0.00
2023Q4,2023-10-01 00:00:00,SMB,CUST-00986,2025-03-31,5,0.00
2023Q4,2023-10-01 00:00:00,SMB,CUST-00986,2025-06-30,6,0.00
2023Q4,2023-10-01 00:00:00,SMB,CUST-00986,2025-09-30,7,0.00
2023Q4,2023-10-01 00:00:00,SMB,CUST-00986,2025-12-31,8,0.00
2023Q4,2023-10-01 00:00:00,SMB,CUST-00986,2026-03-31,9,0.00
2023Q4,2023-10-01 00:00:00,SMB,CUST-00986,2026-06-30,10,0.00
2023Q4,2023-10-01 00:00:00,Mid-Market,CUST-01081,2024-03-31,1,66448.56
2023Q4,2023-10-01 00:00:00,Mid-Market,CUST-01081,2024-06-30,2,66448.56
2023Q4,2023-10-01 00:00:00,Mid-Market,CUST-01081,2024-09-30,3,93027.96
2023Q4,2023-10-01 00:00:00,Mid-Market,CUST-01081,2024-12-31,4,68954.16
2023Q4,2023-10-01 00:00:00,Mid-Market,CUST-01081,2025-03-31,5,68954.16
2023Q4,2023-10-01 00:00:00,Mid-Market,CUST-01081,2025-06-30,6,68954.16
2023Q4,2023-10-01 00:00:00,Mid-Market,CUST-01081,2025-09-30,7,68954.16
2023Q4,2023-10-01 00:00:00,Mid-Market,CUST-01081,2025-12-31,8,71954.64
2023Q4,2023-10-01 00:00:00,Mid-Market,CUST-01081,2026-03-31,9,71954.64
2023Q4,2023-10-01 00:00:00,Mid-Market,CUST-01081,2026-06-30,10,71954.64
2023Q4,2023-10-01 00:00:00,Mid-Market,CUST-01092,2024-03-31,1,12313.20
2023Q4,2023-10-01 00:00:00,Mid-Market,CUST-01092,2024-06-30,2,17238.48
2023Q4,2023-10-01 00:00:00,SMB,CUST-00997,2024-06-30,2,3383.52
2023Q4,2023-10-01 00:00:00,SMB,CUST-00997,2024-09-30,3,3383.52
2023Q4,2023-10-01 00:00:00,SMB,CUST-00997,2024-12-31,4,3383.52
2023Q4,2023-10-01 00:00:00,SMB,CUST-00997,2025-03-31,5,3383.52
2023Q4,2023-10-01 00:00:00,SMB,CUST-00997,2025-06-30,6,5879.52
2023Q4,2023-10-01 00:00:00,SMB,CUST-00997,2025-09-30,7,5879.52
2023Q4,2023-10-01 00:00:00,SMB,CUST-00997,2025-12-31,8,5879.52
2023Q4,2023-10-01 00:00:00,SMB,CUST-00997,2026-03-31,9,5879.52
2023Q4,2023-10-01 00:00:00,SMB,CUST-00997,2026-06-30,10,5879.52
2023Q4,2023-10-01 00:00:00,SMB,CUST-01005,2024-03-31,1,6824.28
2023Q4,2023-10-01 00:00:00,SMB,CUST-01005,2024-06-30,2,6824.28
2023Q4,2023-10-01 00:00:00,SMB,CUST-01005,2024-09-30,3,6824.28
2023Q4,2023-10-01 00:00:00,SMB,CUST-01005,2024-12-31,4,6824.28
2023Q4,2023-10-01 00:00:00,SMB,CUST-01005,2025-03-31,5,6824.28
2023Q4,2023-10-01 00:00:00,SMB,CUST-01005,2025-06-30,6,6824.28
2023Q4,2023-10-01 00:00:00,SMB,CUST-01005,2025-09-30,7,12159.72
2023Q4,2023-10-01 00:00:00,SMB,CUST-01005,2025-12-31,8,12159.72
2023Q4,2023-10-01 00:00:00,SMB,CUST-01005,2026-03-31,9,12159.72
2023Q4,2023-10-01 00:00:00,SMB,CUST-01005,2026-06-30,10,12159.72
2023Q4,2023-10-01 00:00:00,SMB,CUST-01015,2024-03-31,1,1188.36
2023Q4,2023-10-01 00:00:00,SMB,CUST-01015,2024-06-30,2,0.00
2023Q4,2023-10-01 00:00:00,SMB,CUST-01015,2024-09-30,3,1243.20
2023Q4,2023-10-01 00:00:00,SMB,CUST-01015,2024-12-31,4,621.60
2023Q4,2023-10-01 00:00:00,SMB,CUST-01015,2025-03-31,5,0.00
2023Q4,2023-10-01 00:00:00,SMB,CUST-01015,2025-06-30,6,0.00
2023Q4,2023-10-01 00:00:00,SMB,CUST-01015,2025-09-30,7,0.00
2023Q4,2023-10-01 00:00:00,SMB,CUST-01015,2025-12-31,8,0.00
2023Q4,2023-10-01 00:00:00,SMB,CUST-01015,2026-03-31,9,0.00
2023Q4,2023-10-01 00:00:00,SMB,CUST-01015,2026-06-30,10,0.00
2023Q4,2023-10-01 00:00:00,Mid-Market,CUST-01086,2024-03-31,1,22383.36
2023Q4,2023-10-01 00:00:00,Mid-Market,CUST-01086,2024-06-30,2,55471.80
2023Q4,2023-10-01 00:00:00,Mid-Market,CUST-01086,2024-09-30,3,55471.80
2023Q4,2023-10-01 00:00:00,Mid-Market,CUST-01086,2024-12-31,4,62885.16
2023Q4,2023-10-01 00:00:00,Mid-Market,CUST-01086,2025-03-31,5,57940.68
2023Q4,2023-10-01 00:00:00,Mid-Market,CUST-01086,2025-06-30,6,93924.96
2023Q4,2023-10-01 00:00:00,Mid-Market,CUST-01086,2025-09-30,7,101668.20
2023Q4,2023-10-01 00:00:00,Mid-Market,CUST-01086,2025-12-31,8,101668.20
2023Q4,2023-10-01 00:00:00,Mid-Market,CUST-01086,2026-03-31,9,69669.84
2023Q4,2023-10-01 00:00:00,Mid-Market,CUST-01086,2026-06-30,10,97537.80
2023Q4,2023-10-01 00:00:00,SMB,CUST-00936,2024-03-31,1,3976.08
2023Q4,2023-10-01 00:00:00,SMB,CUST-00936,2024-06-30,2,0.00
2023Q4,2023-10-01 00:00:00,SMB,CUST-00936,2024-09-30,3,0.00
2023Q4,2023-10-01 00:00:00,SMB,CUST-00936,2024-12-31,4,0.00
2023Q4,2023-10-01 00:00:00,SMB,CUST-00936,2025-03-31,5,0.00
2023Q4,2023-10-01 00:00:00,SMB,CUST-00936,2025-06-30,6,0.00
2023Q4,2023-10-01 00:00:00,SMB,CUST-00936,2025-09-30,7,0.00
2023Q4,2023-10-01 00:00:00,SMB,CUST-00936,2025-12-31,8,0.00
2023Q4,2023-10-01 00:00:00,SMB,CUST-00936,2026-03-31,9,0.00
2023Q4,2023-10-01 00:00:00,SMB,CUST-00936,2026-06-30,10,0.00
2023Q4,2023-10-01 00:00:00,SMB,CUST-00944,2024-03-31,1,0.00
2023Q4,2023-10-01 00:00:00,SMB,CUST-00944,2024-06-30,2,0.00
2023Q4,2023-10-01 00:00:00,SMB,CUST-00944,2024-09-30,3,0.00
2023Q4,2023-10-01 00:00:00,SMB,CUST-00944,2024-12-31,4,0.00
2023Q4,2023-10-01 00:00:00,SMB,CUST-00944,2025-03-31,5,0.00
2023Q4,2023-10-01 00:00:00,SMB,CUST-00944,2025-06-30,6,0.00
2023Q4,2023-10-01 00:00:00,SMB,CUST-00944,2026-06-30,10,0.00
2023Q4,2023-10-01 00:00:00,SMB,CUST-01004,2025-12-31,8,4536.24
2023Q4,2023-10-01 00:00:00,SMB,CUST-01004,2026-03-31,9,0.00
2023Q4,2023-10-01 00:00:00,SMB,CUST-01004,2026-06-30,10,0.00
2023Q4,2023-10-01 00:00:00,SMB,CUST-01006,2024-03-31,1,26211.00
2023Q4,2023-10-01 00:00:00,SMB,CUST-01006,2024-06-30,2,26211.00
2023Q4,2023-10-01 00:00:00,SMB,CUST-01006,2024-09-30,3,26211.00
2023Q4,2023-10-01 00:00:00,SMB,CUST-01006,2024-12-31,4,26211.00
2023Q4,2023-10-01 00:00:00,SMB,CUST-01006,2025-03-31,5,26211.00
2023Q4,2023-10-01 00:00:00,SMB,CUST-01006,2025-06-30,6,26211.00
2023Q4,2023-10-01 00:00:00,SMB,CUST-01006,2025-09-30,7,26211.00
2023Q4,2023-10-01 00:00:00,SMB,CUST-01006,2025-12-31,8,26211.00
2023Q4,2023-10-01 00:00:00,SMB,CUST-01006,2026-03-31,9,26211.00
2023Q4,2023-10-01 00:00:00,SMB,CUST-01006,2026-06-30,10,0.00
2023Q4,2023-10-01 00:00:00,SMB,CUST-00962,2024-03-31,1,5769.00
2023Q4,2023-10-01 00:00:00,SMB,CUST-00962,2024-06-30,2,5769.00
2023Q4,2023-10-01 00:00:00,SMB,CUST-00962,2024-09-30,3,5769.00
2023Q4,2023-10-01 00:00:00,SMB,CUST-00962,2024-12-31,4,6416.40
2023Q4,2023-10-01 00:00:00,SMB,CUST-00962,2025-03-31,5,0.00
2023Q4,2023-10-01 00:00:00,Mid-Market,CUST-01080,2024-03-31,1,39172.68
2023Q4,2023-10-01 00:00:00,Mid-Market,CUST-01080,2024-06-30,2,39172.68
2023Q4,2023-10-01 00:00:00,Mid-Market,CUST-01080,2024-09-30,3,39172.68
2023Q4,2023-10-01 00:00:00,SMB,CUST-00973,2025-09-30,7,0.00
2023Q4,2023-10-01 00:00:00,SMB,CUST-00973,2025-12-31,8,0.00
2023Q4,2023-10-01 00:00:00,SMB,CUST-00973,2026-03-31,9,0.00
2023Q4,2023-10-01 00:00:00,SMB,CUST-00973,2026-06-30,10,0.00
2023Q4,2023-10-01 00:00:00,SMB,CUST-00985,2024-03-31,1,5798.04
2023Q4,2023-10-01 00:00:00,SMB,CUST-00985,2024-06-30,2,8374.92
2023Q4,2023-10-01 00:00:00,SMB,CUST-00985,2024-09-30,3,8374.92
2023Q4,2023-10-01 00:00:00,SMB,CUST-00985,2024-12-31,4,8374.92
2023Q4,2023-10-01 00:00:00,SMB,CUST-00985,2025-03-31,5,8374.92
2023Q4,2023-10-01 00:00:00,SMB,CUST-00985,2025-06-30,6,8374.92
2023Q4,2023-10-01 00:00:00,SMB,CUST-00985,2025-09-30,7,8374.92
2023Q4,2023-10-01 00:00:00,SMB,CUST-00985,2025-12-31,8,8374.92
2023Q4,2023-10-01 00:00:00,SMB,CUST-00985,2026-03-31,9,8374.92
2023Q4,2023-10-01 00:00:00,SMB,CUST-00985,2026-06-30,10,8374.92
2023Q4,2023-10-01 00:00:00,SMB,CUST-00989,2024-03-31,1,10858.56
2023Q4,2023-10-01 00:00:00,SMB,CUST-00989,2024-06-30,2,10858.56
2023Q4,2023-10-01 00:00:00,SMB,CUST-00989,2024-09-30,3,10858.56
2023Q4,2023-10-01 00:00:00,SMB,CUST-00989,2024-12-31,4,10858.56
2023Q4,2023-10-01 00:00:00,SMB,CUST-00989,2025-03-31,5,10858.56
2023Q4,2023-10-01 00:00:00,SMB,CUST-00989,2025-06-30,6,10858.56
2023Q4,2023-10-01 00:00:00,SMB,CUST-00989,2025-09-30,7,10858.56
2023Q4,2023-10-01 00:00:00,SMB,CUST-00989,2025-12-31,8,10858.56
2023Q4,2023-10-01 00:00:00,SMB,CUST-00989,2026-03-31,9,10858.56
2023Q4,2023-10-01 00:00:00,SMB,CUST-00989,2026-06-30,10,10858.56
2023Q4,2023-10-01 00:00:00,SMB,CUST-00995,2024-03-31,1,7884.12
2023Q4,2023-10-01 00:00:00,SMB,CUST-00995,2024-06-30,2,7884.12
2023Q4,2023-10-01 00:00:00,SMB,CUST-00995,2024-09-30,3,7884.12
2023Q4,2023-10-01 00:00:00,SMB,CUST-00995,2024-12-31,4,7884.12
2023Q4,2023-10-01 00:00:00,SMB,CUST-00995,2025-03-31,5,7884.12
2023Q4,2023-10-01 00:00:00,SMB,CUST-00995,2025-06-30,6,7884.12
2023Q4,2023-10-01 00:00:00,SMB,CUST-00995,2025-09-30,7,7008.00
2023Q4,2023-10-01 00:00:00,SMB,CUST-00995,2025-12-31,8,7008.00
2023Q4,2023-10-01 00:00:00,SMB,CUST-00995,2026-03-31,9,7008.00
2023Q4,2023-10-01 00:00:00,SMB,CUST-00995,2026-06-30,10,7008.00
2023Q4,2023-10-01 00:00:00,Mid-Market,CUST-01088,2025-06-30,6,0.00
2023Q4,2023-10-01 00:00:00,Mid-Market,CUST-01088,2025-09-30,7,0.00
2023Q4,2023-10-01 00:00:00,Mid-Market,CUST-01088,2025-12-31,8,0.00
2023Q4,2023-10-01 00:00:00,Mid-Market,CUST-01088,2026-03-31,9,0.00
2023Q4,2023-10-01 00:00:00,Mid-Market,CUST-01088,2026-06-30,10,0.00
2023Q4,2023-10-01 00:00:00,Mid-Market,CUST-01099,2024-03-31,1,14536.08
2023Q4,2023-10-01 00:00:00,Mid-Market,CUST-01099,2024-06-30,2,14536.08
2023Q4,2023-10-01 00:00:00,Mid-Market,CUST-01099,2024-09-30,3,14536.08
2023Q4,2023-10-01 00:00:00,Mid-Market,CUST-01099,2024-12-31,4,21143.40
2023Q4,2023-10-01 00:00:00,Mid-Market,CUST-01099,2025-03-31,5,22024.32
2023Q4,2023-10-01 00:00:00,Mid-Market,CUST-01099,2025-06-30,6,22024.32
2023Q4,2023-10-01 00:00:00,Mid-Market,CUST-01099,2025-09-30,7,35789.40
2023Q4,2023-10-01 00:00:00,Mid-Market,CUST-01099,2025-12-31,8,35789.40
2023Q4,2023-10-01 00:00:00,Mid-Market,CUST-01099,2026-03-31,9,37256.40
2023Q4,2023-10-01 00:00:00,Mid-Market,CUST-01099,2026-06-30,10,37256.40
2023Q4,2023-10-01 00:00:00,Mid-Market,CUST-01088,2024-09-30,3,16051.92
2023Q4,2023-10-01 00:00:00,Mid-Market,CUST-01088,2024-12-31,4,16051.92
2023Q4,2023-10-01 00:00:00,Mid-Market,CUST-01088,2025-03-31,5,0.00
2023Q4,2023-10-01 00:00:00,SMB,CUST-00962,2025-06-30,6,0.00
2023Q4,2023-10-01 00:00:00,SMB,CUST-00962,2025-09-30,7,0.00
2023Q4,2023-10-01 00:00:00,SMB,CUST-00962,2025-12-31,8,0.00
2023Q4,2023-10-01 00:00:00,Mid-Market,CUST-01074,2025-09-30,7,0.00
2023Q4,2023-10-01 00:00:00,Mid-Market,CUST-01074,2025-12-31,8,0.00
2023Q4,2023-10-01 00:00:00,Mid-Market,CUST-01074,2026-03-31,9,0.00
2023Q4,2023-10-01 00:00:00,Mid-Market,CUST-01074,2026-06-30,10,0.00
2023Q4,2023-10-01 00:00:00,Mid-Market,CUST-01088,2024-03-31,1,16051.92
2023Q4,2023-10-01 00:00:00,SMB,CUST-00962,2026-03-31,9,0.00
2023Q4,2023-10-01 00:00:00,SMB,CUST-00962,2026-06-30,10,0.00
2023Q4,2023-10-01 00:00:00,SMB,CUST-00970,2024-03-31,1,16599.36
2023Q4,2023-10-01 00:00:00,SMB,CUST-00970,2024-06-30,2,16599.36
2023Q4,2023-10-01 00:00:00,SMB,CUST-00970,2024-09-30,3,16599.36
2023Q4,2023-10-01 00:00:00,SMB,CUST-00970,2024-12-31,4,17521.56
2023Q4,2023-10-01 00:00:00,SMB,CUST-00970,2025-03-31,5,17521.56
2023Q4,2023-10-01 00:00:00,SMB,CUST-00970,2025-06-30,6,17521.56
2023Q4,2023-10-01 00:00:00,SMB,CUST-00970,2025-09-30,7,17521.56
2023Q4,2023-10-01 00:00:00,SMB,CUST-00970,2025-12-31,8,17521.56
2023Q4,2023-10-01 00:00:00,SMB,CUST-00970,2026-03-31,9,0.00
2023Q4,2023-10-01 00:00:00,SMB,CUST-00970,2026-06-30,10,0.00
2023Q4,2023-10-01 00:00:00,Mid-Market,CUST-01074,2024-03-31,1,10133.40
2023Q4,2023-10-01 00:00:00,Mid-Market,CUST-01074,2024-06-30,2,12666.84
2023Q4,2023-10-01 00:00:00,Mid-Market,CUST-01074,2024-09-30,3,12666.84
2023Q4,2023-10-01 00:00:00,Mid-Market,CUST-01074,2024-12-31,4,0.00
2023Q4,2023-10-01 00:00:00,Mid-Market,CUST-01074,2025-03-31,5,0.00
2023Q4,2023-10-01 00:00:00,Mid-Market,CUST-01074,2025-06-30,6,0.00
2023Q4,2023-10-01 00:00:00,SMB,CUST-00967,2024-09-30,3,5216.16
2023Q4,2023-10-01 00:00:00,SMB,CUST-00967,2024-12-31,4,5216.16
2023Q4,2023-10-01 00:00:00,SMB,CUST-00967,2025-03-31,5,5216.16
2023Q4,2023-10-01 00:00:00,SMB,CUST-00967,2025-06-30,6,5216.16
2023Q4,2023-10-01 00:00:00,SMB,CUST-00967,2025-09-30,7,0.00
2023Q4,2023-10-01 00:00:00,SMB,CUST-00967,2025-12-31,8,0.00
2023Q4,2023-10-01 00:00:00,SMB,CUST-00967,2026-03-31,9,0.00
2023Q4,2023-10-01 00:00:00,SMB,CUST-00967,2026-06-30,10,0.00
2023Q4,2023-10-01 00:00:00,SMB,CUST-00998,2024-03-31,1,3635.52
2023Q4,2023-10-01 00:00:00,Mid-Market,CUST-01088,2024-06-30,2,16051.92
2023Q4,2023-10-01 00:00:00,SMB,CUST-00955,2025-03-31,5,0.00
2023Q4,2023-10-01 00:00:00,SMB,CUST-00955,2024-09-30,3,0.00
2023Q4,2023-10-01 00:00:00,SMB,CUST-00955,2024-12-31,4,0.00
2023Q4,2023-10-01 00:00:00,SMB,CUST-01014,2025-12-31,8,1803.24
2023Q4,2023-10-01 00:00:00,SMB,CUST-01014,2026-03-31,9,1803.24
2023Q4,2023-10-01 00:00:00,SMB,CUST-00955,2025-06-30,6,0.00
2023Q4,2023-10-01 00:00:00,SMB,CUST-00955,2025-09-30,7,0.00
2023Q4,2023-10-01 00:00:00,SMB,CUST-00955,2025-12-31,8,0.00
2023Q4,2023-10-01 00:00:00,SMB,CUST-00955,2026-03-31,9,0.00
2023Q4,2023-10-01 00:00:00,SMB,CUST-00955,2026-06-30,10,0.00
2023Q4,2023-10-01 00:00:00,SMB,CUST-00967,2024-03-31,1,5216.16
2023Q4,2023-10-01 00:00:00,SMB,CUST-01014,2026-06-30,10,0.00
2023Q4,2023-10-01 00:00:00,SMB,CUST-00967,2024-06-30,2,5216.16
2023Q4,2023-10-01 00:00:00,SMB,CUST-01014,2024-03-31,1,3864.12
2023Q4,2023-10-01 00:00:00,SMB,CUST-00944,2025-09-30,7,0.00
2023Q4,2023-10-01 00:00:00,SMB,CUST-01014,2024-12-31,4,1803.24
2023Q4,2023-10-01 00:00:00,SMB,CUST-01014,2025-03-31,5,1803.24
2023Q4,2023-10-01 00:00:00,SMB,CUST-00944,2025-12-31,8,0.00
2023Q4,2023-10-01 00:00:00,SMB,CUST-00944,2026-03-31,9,0.00
2023Q4,2023-10-01 00:00:00,SMB,CUST-01014,2025-06-30,6,1803.24
2023Q4,2023-10-01 00:00:00,SMB,CUST-01014,2025-09-30,7,1803.24
2023Q4,2023-10-01 00:00:00,SMB,CUST-01014,2024-09-30,3,5409.72
2023Q4,2023-10-01 00:00:00,SMB,CUST-01014,2024-06-30,2,3864.12
2023Q4,2023-10-01 00:00:00,Enterprise,CUST-01117,2024-12-31,4,220581.24
2023Q4,2023-10-01 00:00:00,Enterprise,CUST-01117,2025-03-31,5,220581.24
2023Q4,2023-10-01 00:00:00,Enterprise,CUST-01117,2025-06-30,6,220581.24
2023Q4,2023-10-01 00:00:00,Enterprise,CUST-01117,2025-09-30,7,220581.24
2023Q4,2023-10-01 00:00:00,Enterprise,CUST-01117,2025-12-31,8,220581.24
2023Q4,2023-10-01 00:00:00,Enterprise,CUST-01117,2026-03-31,9,220580.88
2023Q4,2023-10-01 00:00:00,Enterprise,CUST-01117,2026-06-30,10,220580.88
2023Q4,2023-10-01 00:00:00,SMB,CUST-00998,2024-06-30,2,0.00
2023Q4,2023-10-01 00:00:00,SMB,CUST-00998,2024-09-30,3,0.00
2023Q4,2023-10-01 00:00:00,SMB,CUST-00998,2024-12-31,4,0.00
2023Q4,2023-10-01 00:00:00,SMB,CUST-00998,2025-03-31,5,0.00
2023Q4,2023-10-01 00:00:00,SMB,CUST-00998,2025-06-30,6,0.00
2023Q4,2023-10-01 00:00:00,SMB,CUST-00998,2025-09-30,7,0.00
2023Q4,2023-10-01 00:00:00,SMB,CUST-00998,2025-12-31,8,0.00
2023Q4,2023-10-01 00:00:00,SMB,CUST-00998,2026-03-31,9,0.00
2023Q4,2023-10-01 00:00:00,SMB,CUST-00998,2026-06-30,10,0.00
2023Q4,2023-10-01 00:00:00,SMB,CUST-01004,2024-03-31,1,4536.36
2023Q4,2023-10-01 00:00:00,SMB,CUST-01004,2024-06-30,2,4536.36
2023Q4,2023-10-01 00:00:00,SMB,CUST-01004,2024-09-30,3,4536.36
2023Q4,2023-10-01 00:00:00,SMB,CUST-00938,2024-06-30,2,2410.56
2023Q4,2023-10-01 00:00:00,SMB,CUST-00938,2024-09-30,3,2410.56
2023Q4,2023-10-01 00:00:00,SMB,CUST-00938,2024-12-31,4,0.00
2023Q4,2023-10-01 00:00:00,SMB,CUST-00938,2025-03-31,5,0.00
2023Q4,2023-10-01 00:00:00,SMB,CUST-00938,2025-06-30,6,0.00
2023Q4,2023-10-01 00:00:00,SMB,CUST-00938,2025-09-30,7,0.00
2023Q4,2023-10-01 00:00:00,SMB,CUST-00938,2025-12-31,8,0.00
2023Q4,2023-10-01 00:00:00,SMB,CUST-00938,2026-03-31,9,0.00
2023Q4,2023-10-01 00:00:00,SMB,CUST-00938,2026-06-30,10,0.00
2023Q4,2023-10-01 00:00:00,SMB,CUST-00987,2024-03-31,1,1947.00
2023Q4,2023-10-01 00:00:00,SMB,CUST-00987,2024-06-30,2,1947.00
2023Q4,2023-10-01 00:00:00,SMB,CUST-00987,2024-09-30,3,1947.00
2023Q4,2023-10-01 00:00:00,SMB,CUST-00987,2024-12-31,4,1947.00
2023Q4,2023-10-01 00:00:00,SMB,CUST-00987,2025-03-31,5,2040.96
2023Q4,2023-10-01 00:00:00,SMB,CUST-00987,2025-06-30,6,2040.96
2023Q4,2023-10-01 00:00:00,SMB,CUST-00987,2025-09-30,7,2040.96
2023Q4,2023-10-01 00:00:00,SMB,CUST-00987,2025-12-31,8,2040.96
2023Q4,2023-10-01 00:00:00,SMB,CUST-00987,2026-03-31,9,0.00
2023Q4,2023-10-01 00:00:00,SMB,CUST-00987,2026-06-30,10,0.00
2023Q4,2023-10-01 00:00:00,SMB,CUST-01009,2024-03-31,1,7320.12
2023Q4,2023-10-01 00:00:00,SMB,CUST-00935,2024-03-31,1,10279.32
2023Q4,2023-10-01 00:00:00,SMB,CUST-00935,2024-06-30,2,10279.32
2023Q4,2023-10-01 00:00:00,SMB,CUST-00935,2024-09-30,3,10279.32
2023Q4,2023-10-01 00:00:00,SMB,CUST-00935,2024-12-31,4,10013.76
2023Q4,2023-10-01 00:00:00,SMB,CUST-00935,2025-03-31,5,10013.76
2023Q4,2023-10-01 00:00:00,SMB,CUST-00935,2025-06-30,6,10013.76
2023Q4,2023-10-01 00:00:00,SMB,CUST-00935,2025-09-30,7,10013.76
2023Q4,2023-10-01 00:00:00,SMB,CUST-00935,2025-12-31,8,10436.88
2023Q4,2023-10-01 00:00:00,SMB,CUST-00935,2026-03-31,9,10436.88
2023Q4,2023-10-01 00:00:00,Mid-Market,CUST-01096,2026-06-30,10,52011.00
2023Q4,2023-10-01 00:00:00,SMB,CUST-00934,2024-09-30,3,8759.88
2023Q4,2023-10-01 00:00:00,SMB,CUST-00934,2024-12-31,4,8759.88
2023Q4,2023-10-01 00:00:00,SMB,CUST-00934,2025-03-31,5,8759.88
2023Q4,2023-10-01 00:00:00,SMB,CUST-00934,2025-06-30,6,8759.88
2023Q4,2023-10-01 00:00:00,SMB,CUST-00934,2025-09-30,7,10107.60
2023Q4,2023-10-01 00:00:00,SMB,CUST-00934,2025-12-31,8,10107.60
2023Q4,2023-10-01 00:00:00,SMB,CUST-00934,2026-03-31,9,12198.24
2023Q4,2023-10-01 00:00:00,SMB,CUST-00934,2026-06-30,10,11524.32
2023Q4,2023-10-01 00:00:00,SMB,CUST-00937,2024-03-31,1,11395.20
2023Q4,2023-10-01 00:00:00,Mid-Market,CUST-01090,2024-03-31,1,43187.28
2023Q4,2023-10-01 00:00:00,Mid-Market,CUST-01090,2024-06-30,2,56410.44
2023Q4,2023-10-01 00:00:00,SMB,CUST-00940,2024-09-30,3,11479.08
2023Q4,2023-10-01 00:00:00,SMB,CUST-00940,2024-12-31,4,0.00
2023Q4,2023-10-01 00:00:00,SMB,CUST-00940,2025-03-31,5,0.00
2023Q4,2023-10-01 00:00:00,SMB,CUST-00940,2025-06-30,6,0.00
2023Q4,2023-10-01 00:00:00,SMB,CUST-00940,2025-09-30,7,0.00
2023Q4,2023-10-01 00:00:00,SMB,CUST-00940,2025-12-31,8,0.00
2023Q4,2023-10-01 00:00:00,SMB,CUST-00940,2026-03-31,9,0.00
2023Q4,2023-10-01 00:00:00,SMB,CUST-00940,2026-06-30,10,0.00
2023Q4,2023-10-01 00:00:00,SMB,CUST-00942,2024-03-31,1,4051.92
2023Q4,2023-10-01 00:00:00,SMB,CUST-00942,2024-06-30,2,4051.92
2023Q4,2023-10-01 00:00:00,SMB,CUST-00942,2024-09-30,3,4051.92
2023Q4,2023-10-01 00:00:00,SMB,CUST-00942,2024-12-31,4,4051.92
2023Q4,2023-10-01 00:00:00,SMB,CUST-00942,2025-03-31,5,4051.92
2023Q4,2023-10-01 00:00:00,SMB,CUST-00942,2025-06-30,6,4051.92
2023Q4,2023-10-01 00:00:00,SMB,CUST-00942,2025-09-30,7,5672.64
2023Q4,2023-10-01 00:00:00,SMB,CUST-00942,2025-12-31,8,5672.64
2023Q4,2023-10-01 00:00:00,SMB,CUST-00942,2026-03-31,9,5672.64
2023Q4,2023-10-01 00:00:00,SMB,CUST-00942,2026-06-30,10,5672.64
2023Q4,2023-10-01 00:00:00,SMB,CUST-00964,2024-03-31,1,2640.12
2023Q4,2023-10-01 00:00:00,SMB,CUST-00964,2024-06-30,2,2640.12
2023Q4,2023-10-01 00:00:00,SMB,CUST-00964,2024-09-30,3,2640.12
2023Q4,2023-10-01 00:00:00,SMB,CUST-00964,2024-12-31,4,2640.12
2023Q4,2023-10-01 00:00:00,SMB,CUST-00964,2025-03-31,5,2640.12
2023Q4,2023-10-01 00:00:00,SMB,CUST-00964,2025-06-30,6,2640.12
2023Q4,2023-10-01 00:00:00,SMB,CUST-00964,2025-09-30,7,2640.12
2023Q4,2023-10-01 00:00:00,SMB,CUST-00964,2025-12-31,8,2640.12
2023Q4,2023-10-01 00:00:00,SMB,CUST-00964,2026-03-31,9,2640.12
2023Q4,2023-10-01 00:00:00,SMB,CUST-00964,2026-06-30,10,4620.24
2023Q4,2023-10-01 00:00:00,SMB,CUST-00972,2024-03-31,1,2243.64
2023Q4,2023-10-01 00:00:00,SMB,CUST-00972,2024-06-30,2,2243.64
2023Q4,2023-10-01 00:00:00,SMB,CUST-00932,2024-03-31,1,11198.88
2023Q4,2023-10-01 00:00:00,SMB,CUST-00932,2024-06-30,2,11198.88
2023Q4,2023-10-01 00:00:00,SMB,CUST-00932,2024-09-30,3,11198.88
2023Q4,2023-10-01 00:00:00,SMB,CUST-00932,2024-12-31,4,11198.88
2023Q4,2023-10-01 00:00:00,SMB,CUST-00932,2025-03-31,5,11198.88
2023Q4,2023-10-01 00:00:00,SMB,CUST-00932,2025-06-30,6,11198.88
2023Q4,2023-10-01 00:00:00,SMB,CUST-00932,2025-09-30,7,11198.88
2023Q4,2023-10-01 00:00:00,SMB,CUST-00932,2025-12-31,8,11198.88
2023Q4,2023-10-01 00:00:00,SMB,CUST-00932,2026-03-31,9,11198.88
2023Q4,2023-10-01 00:00:00,SMB,CUST-00932,2026-06-30,10,11198.88
2023Q4,2023-10-01 00:00:00,SMB,CUST-00980,2024-03-31,1,4591.32
2023Q4,2023-10-01 00:00:00,SMB,CUST-00980,2024-06-30,2,4591.32
2023Q4,2023-10-01 00:00:00,SMB,CUST-00980,2024-09-30,3,4591.32
2023Q4,2023-10-01 00:00:00,SMB,CUST-00980,2024-12-31,4,5509.56
2023Q4,2023-10-01 00:00:00,SMB,CUST-00980,2025-03-31,5,5509.56
2023Q4,2023-10-01 00:00:00,SMB,CUST-00980,2025-06-30,6,5509.56
2023Q4,2023-10-01 00:00:00,SMB,CUST-00980,2025-09-30,7,5509.56
2023Q4,2023-10-01 00:00:00,SMB,CUST-00937,2024-06-30,2,13927.44
2023Q4,2023-10-01 00:00:00,Mid-Market,CUST-01075,2025-03-31,5,0.00
2023Q4,2023-10-01 00:00:00,Mid-Market,CUST-01075,2025-06-30,6,0.00
2023Q4,2023-10-01 00:00:00,Mid-Market,CUST-01075,2025-09-30,7,0.00
2023Q4,2023-10-01 00:00:00,Mid-Market,CUST-01075,2025-12-31,8,0.00
2023Q4,2023-10-01 00:00:00,Mid-Market,CUST-01075,2026-03-31,9,0.00
2023Q4,2023-10-01 00:00:00,Mid-Market,CUST-01075,2026-06-30,10,0.00
2023Q4,2023-10-01 00:00:00,Mid-Market,CUST-01077,2024-03-31,1,17152.20
2023Q4,2023-10-01 00:00:00,Mid-Market,CUST-01077,2024-06-30,2,17152.20
2023Q4,2023-10-01 00:00:00,Mid-Market,CUST-01077,2024-09-30,3,17152.20
2023Q4,2023-10-01 00:00:00,Enterprise,CUST-01118,2024-03-31,1,97584.84
2023Q4,2023-10-01 00:00:00,Enterprise,CUST-01118,2024-06-30,2,111547.68
2023Q4,2023-10-01 00:00:00,Enterprise,CUST-01118,2024-09-30,3,124558.92
2023Q4,2023-10-01 00:00:00,Enterprise,CUST-01118,2024-12-31,4,124558.92
2023Q4,2023-10-01 00:00:00,Enterprise,CUST-01118,2025-03-31,5,124558.92
2023Q4,2023-10-01 00:00:00,Enterprise,CUST-01118,2025-06-30,6,124558.92
2023Q4,2023-10-01 00:00:00,Enterprise,CUST-01118,2025-09-30,7,124558.92
2023Q4,2023-10-01 00:00:00,Enterprise,CUST-01118,2025-12-31,8,124558.92
2023Q4,2023-10-01 00:00:00,Enterprise,CUST-01118,2026-03-31,9,124558.92
2023Q4,2023-10-01 00:00:00,SMB,CUST-00972,2024-09-30,3,2243.64
2023Q4,2023-10-01 00:00:00,SMB,CUST-00972,2024-12-31,4,2243.64
2023Q4,2023-10-01 00:00:00,SMB,CUST-00972,2025-03-31,5,2342.16
2023Q4,2023-10-01 00:00:00,SMB,CUST-00972,2025-06-30,6,2342.16
2023Q4,2023-10-01 00:00:00,SMB,CUST-00972,2025-09-30,7,2342.16
2023Q4,2023-10-01 00:00:00,SMB,CUST-00972,2025-12-31,8,2342.16
2023Q4,2023-10-01 00:00:00,SMB,CUST-00972,2026-03-31,9,2439.24
2023Q4,2023-10-01 00:00:00,SMB,CUST-00972,2026-06-30,10,3414.96
2023Q4,2023-10-01 00:00:00,SMB,CUST-01008,2024-03-31,1,4309.20
2023Q4,2023-10-01 00:00:00,SMB,CUST-01008,2024-06-30,2,5171.04
2023Q4,2023-10-01 00:00:00,Enterprise,CUST-01118,2026-06-30,10,124558.92
2023Q4,2023-10-01 00:00:00,Mid-Market,CUST-01077,2024-12-31,4,0.00
2023Q4,2023-10-01 00:00:00,Mid-Market,CUST-01077,2025-03-31,5,0.00
2023Q4,2023-10-01 00:00:00,Mid-Market,CUST-01077,2025-06-30,6,0.00
2023Q4,2023-10-01 00:00:00,Mid-Market,CUST-01077,2025-09-30,7,0.00
2023Q4,2023-10-01 00:00:00,Mid-Market,CUST-01077,2025-12-31,8,0.00
2023Q4,2023-10-01 00:00:00,Mid-Market,CUST-01077,2026-03-31,9,0.00
2023Q4,2023-10-01 00:00:00,Mid-Market,CUST-01077,2026-06-30,10,0.00
2023Q4,2023-10-01 00:00:00,Mid-Market,CUST-01095,2024-03-31,1,30269.40
2023Q4,2023-10-01 00:00:00,Mid-Market,CUST-01095,2024-06-30,2,30269.40
2023Q4,2023-10-01 00:00:00,Mid-Market,CUST-01095,2024-09-30,3,39073.20
2023Q4,2023-10-01 00:00:00,Mid-Market,CUST-01095,2024-12-31,4,39073.20
2023Q4,2023-10-01 00:00:00,Mid-Market,CUST-01090,2025-09-30,7,0.00
2023Q4,2023-10-01 00:00:00,Mid-Market,CUST-01090,2025-12-31,8,0.00
2023Q4,2023-10-01 00:00:00,Mid-Market,CUST-01090,2026-03-31,9,0.00
2023Q4,2023-10-01 00:00:00,Mid-Market,CUST-01090,2026-06-30,10,0.00
2023Q4,2023-10-01 00:00:00,Mid-Market,CUST-01091,2024-03-31,1,8036.16
2023Q4,2023-10-01 00:00:00,Mid-Market,CUST-01091,2024-06-30,2,8036.16
2023Q4,2023-10-01 00:00:00,SMB,CUST-00943,2024-03-31,1,13636.92
2023Q4,2023-10-01 00:00:00,SMB,CUST-00943,2024-06-30,2,13636.92
2023Q4,2023-10-01 00:00:00,SMB,CUST-00943,2024-09-30,3,13636.92
2023Q4,2023-10-01 00:00:00,SMB,CUST-00943,2024-12-31,4,14106.12
2023Q4,2023-10-01 00:00:00,SMB,CUST-00943,2025-03-31,5,14106.12
2023Q4,2023-10-01 00:00:00,SMB,CUST-00943,2025-06-30,6,14106.12
2023Q4,2023-10-01 00:00:00,SMB,CUST-00943,2025-09-30,7,14106.12
2023Q4,2023-10-01 00:00:00,SMB,CUST-00943,2025-12-31,8,14690.28
2023Q4,2023-10-01 00:00:00,SMB,CUST-00943,2026-03-31,9,14690.28
2023Q4,2023-10-01 00:00:00,Mid-Market,CUST-01085,2026-03-31,9,35155.56
2023Q4,2023-10-01 00:00:00,Mid-Market,CUST-01085,2026-06-30,10,45656.16
2023Q4,2023-10-01 00:00:00,Mid-Market,CUST-01093,2024-03-31,1,66526.20
2023Q4,2023-10-01 00:00:00,Mid-Market,CUST-01093,2024-06-30,2,66526.20
2023Q4,2023-10-01 00:00:00,Mid-Market,CUST-01093,2024-09-30,3,107267.04
2023Q4,2023-10-01 00:00:00,Mid-Market,CUST-01093,2024-12-31,4,107267.04
2023Q4,2023-10-01 00:00:00,Mid-Market,CUST-01093,2025-03-31,5,149514.48
2023Q4,2023-10-01 00:00:00,Mid-Market,CUST-01093,2025-06-30,6,149514.48
2023Q4,2023-10-01 00:00:00,Mid-Market,CUST-01093,2025-09-30,7,149514.48
2023Q4,2023-10-01 00:00:00,Mid-Market,CUST-01093,2025-12-31,8,149514.48
2023Q4,2023-10-01 00:00:00,Mid-Market,CUST-01093,2026-03-31,9,154911.96
2023Q4,2023-10-01 00:00:00,Mid-Market,CUST-01093,2026-06-30,10,154911.96
2023Q4,2023-10-01 00:00:00,Mid-Market,CUST-01100,2024-03-31,1,11463.96
2023Q4,2023-10-01 00:00:00,Mid-Market,CUST-01100,2024-06-30,2,11463.96
2023Q4,2023-10-01 00:00:00,Mid-Market,CUST-01100,2024-09-30,3,31525.80
2023Q4,2023-10-01 00:00:00,Mid-Market,CUST-01100,2024-12-31,4,31525.80
2023Q4,2023-10-01 00:00:00,Mid-Market,CUST-01100,2025-03-31,5,32494.92
2023Q4,2023-10-01 00:00:00,Mid-Market,CUST-01100,2025-06-30,6,32494.92
2023Q4,2023-10-01 00:00:00,Mid-Market,CUST-01100,2025-09-30,7,32494.92
2023Q4,2023-10-01 00:00:00,Mid-Market,CUST-01092,2024-09-30,3,17238.48
2023Q4,2023-10-01 00:00:00,SMB,CUST-00943,2026-06-30,10,14690.28
2023Q4,2023-10-01 00:00:00,SMB,CUST-00949,2024-03-31,1,2277.48
2023Q4,2023-10-01 00:00:00,SMB,CUST-00949,2024-06-30,2,2277.48
2023Q4,2023-10-01 00:00:00,SMB,CUST-00949,2024-09-30,3,2277.48
2023Q4,2023-10-01 00:00:00,SMB,CUST-00949,2024-12-31,4,0.00
2023Q4,2023-10-01 00:00:00,SMB,CUST-00949,2025-03-31,5,0.00
2023Q4,2023-10-01 00:00:00,SMB,CUST-00949,2025-06-30,6,0.00
2023Q4,2023-10-01 00:00:00,SMB,CUST-00949,2025-09-30,7,0.00
2023Q4,2023-10-01 00:00:00,SMB,CUST-00949,2025-12-31,8,0.00
2023Q4,2023-10-01 00:00:00,SMB,CUST-00949,2026-03-31,9,0.00
2023Q4,2023-10-01 00:00:00,SMB,CUST-00949,2026-06-30,10,0.00
2023Q4,2023-10-01 00:00:00,SMB,CUST-00952,2024-03-31,1,1249.20
2023Q4,2023-10-01 00:00:00,SMB,CUST-00952,2024-06-30,2,0.00
2023Q4,2023-10-01 00:00:00,SMB,CUST-00952,2024-09-30,3,0.00
2023Q4,2023-10-01 00:00:00,SMB,CUST-00952,2024-12-31,4,0.00
2023Q4,2023-10-01 00:00:00,SMB,CUST-00952,2025-03-31,5,0.00
2023Q4,2023-10-01 00:00:00,SMB,CUST-00952,2025-06-30,6,0.00
2023Q4,2023-10-01 00:00:00,SMB,CUST-00952,2025-09-30,7,0.00
2023Q4,2023-10-01 00:00:00,SMB,CUST-00952,2025-12-31,8,0.00
2023Q4,2023-10-01 00:00:00,SMB,CUST-00952,2026-03-31,9,0.00
2023Q4,2023-10-01 00:00:00,SMB,CUST-00952,2026-06-30,10,0.00
2023Q4,2023-10-01 00:00:00,SMB,CUST-00956,2024-03-31,1,7179.36
2023Q4,2023-10-01 00:00:00,SMB,CUST-00956,2024-06-30,2,7179.36
2023Q4,2023-10-01 00:00:00,SMB,CUST-00956,2024-09-30,3,7179.36
2023Q4,2023-10-01 00:00:00,SMB,CUST-00956,2024-12-31,4,7404.48
2023Q4,2023-10-01 00:00:00,SMB,CUST-00956,2025-03-31,5,7404.48
2023Q4,2023-10-01 00:00:00,SMB,CUST-00956,2025-06-30,6,7404.48
2023Q4,2023-10-01 00:00:00,SMB,CUST-00956,2025-09-30,7,7404.48
2023Q4,2023-10-01 00:00:00,SMB,CUST-00956,2025-12-31,8,7633.56
2023Q4,2023-10-01 00:00:00,SMB,CUST-00956,2026-03-31,9,7633.56
2023Q4,2023-10-01 00:00:00,SMB,CUST-00956,2026-06-30,10,7633.56
2023Q4,2023-10-01 00:00:00,SMB,CUST-00997,2024-03-31,1,3383.52
2023Q4,2023-10-01 00:00:00,Mid-Market,CUST-01091,2024-09-30,3,8036.16
2023Q4,2023-10-01 00:00:00,Mid-Market,CUST-01091,2024-12-31,4,15744.84
2023Q4,2023-10-01 00:00:00,Mid-Market,CUST-01091,2025-03-31,5,0.00
2023Q4,2023-10-01 00:00:00,Mid-Market,CUST-01091,2025-06-30,6,0.00
2023Q4,2023-10-01 00:00:00,Mid-Market,CUST-01091,2025-09-30,7,0.00
2023Q4,2023-10-01 00:00:00,Mid-Market,CUST-01091,2025-12-31,8,0.00
2023Q4,2023-10-01 00:00:00,Mid-Market,CUST-01091,2026-03-31,9,0.00
2023Q4,2023-10-01 00:00:00,Mid-Market,CUST-01091,2026-06-30,10,0.00
2023Q4,2023-10-01 00:00:00,Enterprise,CUST-01120,2024-12-31,4,133460.16
2023Q4,2023-10-01 00:00:00,Enterprise,CUST-01120,2025-03-31,5,133460.16
2023Q4,2023-10-01 00:00:00,Enterprise,CUST-01120,2025-06-30,6,133460.16
2023Q4,2023-10-01 00:00:00,Enterprise,CUST-01120,2025-09-30,7,133460.16
2023Q4,2023-10-01 00:00:00,Enterprise,CUST-01120,2025-12-31,8,139890.12
2023Q4,2023-10-01 00:00:00,Enterprise,CUST-01120,2026-03-31,9,139890.12
2023Q4,2023-10-01 00:00:00,Enterprise,CUST-01120,2026-06-30,10,139890.12
2023Q4,2023-10-01 00:00:00,Mid-Market,CUST-01100,2025-12-31,8,43187.64
2023Q4,2023-10-01 00:00:00,Mid-Market,CUST-01100,2026-03-31,9,36568.92
2023Q4,2023-10-01 00:00:00,Mid-Market,CUST-01100,2026-06-30,10,44552.16
2023Q4,2023-10-01 00:00:00,SMB,CUST-00928,2026-03-31,9,0.00
2023Q4,2023-10-01 00:00:00,SMB,CUST-00980,2025-12-31,8,7650.48
2023Q4,2023-10-01 00:00:00,SMB,CUST-00980,2026-03-31,9,7650.48
2023Q4,2023-10-01 00:00:00,SMB,CUST-00980,2026-06-30,10,7650.48
2023Q4,2023-10-01 00:00:00,SMB,CUST-00981,2024-03-31,1,3163.80
2023Q4,2023-10-01 00:00:00,SMB,CUST-00981,2024-06-30,2,3163.80
2023Q4,2023-10-01 00:00:00,SMB,CUST-00981,2024-09-30,3,5267.88
2023Q4,2023-10-01 00:00:00,SMB,CUST-00981,2024-12-31,4,5267.88
2023Q4,2023-10-01 00:00:00,SMB,CUST-01009,2024-12-31,4,10248.12
2023Q4,2023-10-01 00:00:00,SMB,CUST-00981,2025-03-31,5,0.00
2023Q4,2023-10-01 00:00:00,SMB,CUST-00981,2025-06-30,6,0.00
2023Q4,2023-10-01 00:00:00,SMB,CUST-00981,2025-09-30,7,0.00
2023Q4,2023-10-01 00:00:00,SMB,CUST-00981,2025-12-31,8,0.00
2023Q4,2023-10-01 00:00:00,SMB,CUST-01009,2025-03-31,5,7595.52
2023Q4,2023-10-01 00:00:00,SMB,CUST-01009,2025-06-30,6,7595.52
2023Q4,2023-10-01 00:00:00,SMB,CUST-01009,2025-09-30,7,7595.52
2023Q4,2023-10-01 00:00:00,SMB,CUST-01009,2025-12-31,8,10633.68
2023Q4,2023-10-01 00:00:00,SMB,CUST-01009,2026-03-31,9,7896.36
2023Q4,2023-10-01 00:00:00,SMB,CUST-01009,2026-06-30,10,11054.88
2023Q4,2023-10-01 00:00:00,SMB,CUST-00937,2024-09-30,3,13927.44
2023Q4,2023-10-01 00:00:00,SMB,CUST-00937,2024-12-31,4,13927.44
2023Q4,2023-10-01 00:00:00,SMB,CUST-00937,2025-03-31,5,13927.44
2023Q4,2023-10-01 00:00:00,SMB,CUST-00937,2025-06-30,6,13927.44
2023Q4,2023-10-01 00:00:00,SMB,CUST-00937,2025-09-30,7,13294.32
2023Q4,2023-10-01 00:00:00,SMB,CUST-00937,2025-12-31,8,13294.32
2023Q4,2023-10-01 00:00:00,SMB,CUST-00937,2026-03-31,9,13294.32
2023Q4,2023-10-01 00:00:00,SMB,CUST-00937,2026-06-30,10,13927.44
2023Q4,2023-10-01 00:00:00,SMB,CUST-00981,2026-03-31,9,0.00
2023Q4,2023-10-01 00:00:00,Mid-Market,CUST-01096,2024-03-31,1,60924.84
2023Q4,2023-10-01 00:00:00,Mid-Market,CUST-01096,2024-06-30,2,60924.84
2023Q4,2023-10-01 00:00:00,SMB,CUST-00981,2026-06-30,10,0.00
2023Q4,2023-10-01 00:00:00,SMB,CUST-00993,2024-03-31,1,12268.08
2023Q4,2023-10-01 00:00:00,SMB,CUST-00993,2024-06-30,2,12268.08
2023Q4,2023-10-01 00:00:00,SMB,CUST-00993,2024-09-30,3,13144.32
2023Q4,2023-10-01 00:00:00,SMB,CUST-00993,2024-12-31,4,13144.32
2023Q4,2023-10-01 00:00:00,Mid-Market,CUST-01096,2024-09-30,3,60924.84
2023Q4,2023-10-01 00:00:00,Mid-Market,CUST-01096,2024-12-31,4,70888.80
2023Q4,2023-10-01 00:00:00,Mid-Market,CUST-01096,2025-03-31,5,46065.96
2023Q4,2023-10-01 00:00:00,Mid-Market,CUST-01096,2025-06-30,6,56030.16
2023Q4,2023-10-01 00:00:00,SMB,CUST-00938,2024-03-31,1,2410.56
2023Q4,2023-10-01 00:00:00,Mid-Market,CUST-01096,2025-09-30,7,56030.16
2023Q4,2023-10-01 00:00:00,Mid-Market,CUST-01096,2025-12-31,8,56030.16
2023Q4,2023-10-01 00:00:00,Mid-Market,CUST-01096,2026-03-31,9,31206.48
2023Q4,2023-10-01 00:00:00,SMB,CUST-00993,2025-03-31,5,0.00
2023Q4,2023-10-01 00:00:00,SMB,CUST-00934,2024-03-31,1,8759.88
2023Q4,2023-10-01 00:00:00,SMB,CUST-00934,2024-06-30,2,8759.88
2023Q4,2023-10-01 00:00:00,Mid-Market,CUST-01095,2025-03-31,5,0.00
2023Q4,2023-10-01 00:00:00,Mid-Market,CUST-01095,2025-06-30,6,0.00
2023Q4,2023-10-01 00:00:00,Mid-Market,CUST-01095,2025-09-30,7,0.00
2023Q4,2023-10-01 00:00:00,Mid-Market,CUST-01095,2025-12-31,8,0.00
2023Q4,2023-10-01 00:00:00,Mid-Market,CUST-01095,2026-03-31,9,0.00
2023Q4,2023-10-01 00:00:00,Mid-Market,CUST-01095,2026-06-30,10,0.00
2023Q4,2023-10-01 00:00:00,SMB,CUST-00929,2025-03-31,5,7201.92
2023Q4,2023-10-01 00:00:00,SMB,CUST-00929,2025-06-30,6,10082.76
2023Q4,2023-10-01 00:00:00,SMB,CUST-00929,2025-09-30,7,10082.76
2023Q4,2023-10-01 00:00:00,SMB,CUST-00929,2025-12-31,8,7541.16
2023Q4,2023-10-01 00:00:00,SMB,CUST-00929,2026-03-31,9,7541.16
2023Q4,2023-10-01 00:00:00,SMB,CUST-00929,2026-06-30,10,7541.16
2023Q4,2023-10-01 00:00:00,SMB,CUST-00950,2024-12-31,4,4358.64
2023Q4,2023-10-01 00:00:00,SMB,CUST-00950,2025-03-31,5,4358.64
2023Q4,2023-10-01 00:00:00,SMB,CUST-00950,2025-06-30,6,4358.64
2023Q4,2023-10-01 00:00:00,SMB,CUST-00950,2025-09-30,7,4358.64
2023Q4,2023-10-01 00:00:00,SMB,CUST-00950,2025-12-31,8,4358.64
2023Q4,2023-10-01 00:00:00,SMB,CUST-00950,2026-03-31,9,4358.64
2023Q4,2023-10-01 00:00:00,SMB,CUST-00950,2026-06-30,10,4358.64
2023Q4,2023-10-01 00:00:00,SMB,CUST-00933,2024-03-31,1,7350.00
2023Q4,2023-10-01 00:00:00,Mid-Market,CUST-01076,2024-03-31,1,10292.88
2023Q4,2023-10-01 00:00:00,Mid-Market,CUST-01076,2024-06-30,2,10292.88
2023Q4,2023-10-01 00:00:00,Mid-Market,CUST-01076,2024-09-30,3,10292.88
2023Q4,2023-10-01 00:00:00,Mid-Market,CUST-01076,2024-12-31,4,0.00
2023Q4,2023-10-01 00:00:00,Mid-Market,CUST-01076,2025-03-31,5,0.00
2023Q4,2023-10-01 00:00:00,Mid-Market,CUST-01076,2025-06-30,6,0.00
2023Q4,2023-10-01 00:00:00,Mid-Market,CUST-01076,2025-09-30,7,0.00
2023Q4,2023-10-01 00:00:00,Mid-Market,CUST-01076,2025-12-31,8,0.00
2023Q4,2023-10-01 00:00:00,Mid-Market,CUST-01076,2026-03-31,9,0.00
2023Q4,2023-10-01 00:00:00,Mid-Market,CUST-01076,2026-06-30,10,0.00
2023Q4,2023-10-01 00:00:00,Mid-Market,CUST-01097,2024-03-31,1,36145.32
2023Q4,2023-10-01 00:00:00,Mid-Market,CUST-01097,2024-06-30,2,50603.52
2023Q4,2023-10-01 00:00:00,Mid-Market,CUST-01097,2024-09-30,3,105544.44
2023Q4,2023-10-01 00:00:00,Mid-Market,CUST-01097,2024-12-31,4,105544.44
2023Q4,2023-10-01 00:00:00,Mid-Market,CUST-01097,2025-03-31,5,77811.24
2023Q4,2023-10-01 00:00:00,Mid-Market,CUST-01097,2025-06-30,6,117468.60
2023Q4,2023-10-01 00:00:00,Mid-Market,CUST-01097,2025-09-30,7,117468.60
2023Q4,2023-10-01 00:00:00,Mid-Market,CUST-01085,2024-06-30,2,16768.92
2023Q4,2023-10-01 00:00:00,Mid-Market,CUST-01085,2024-09-30,3,16768.92
2023Q4,2023-10-01 00:00:00,Mid-Market,CUST-01085,2024-12-31,4,17590.44
2023Q4,2023-10-01 00:00:00,Mid-Market,CUST-01085,2025-03-31,5,27653.64
2023Q4,2023-10-01 00:00:00,Mid-Market,CUST-01085,2025-06-30,6,27653.64
2023Q4,2023-10-01 00:00:00,Mid-Market,CUST-01092,2025-09-30,7,20111.40
2023Q4,2023-10-01 00:00:00,Mid-Market,CUST-01092,2025-12-31,8,20111.40
2023Q4,2023-10-01 00:00:00,Mid-Market,CUST-01092,2026-03-31,9,14993.52
2023Q4,2023-10-01 00:00:00,Mid-Market,CUST-01092,2026-06-30,10,14993.52
2023Q4,2023-10-01 00:00:00,SMB,CUST-00933,2024-09-30,3,8268.84
2023Q4,2023-10-01 00:00:00,SMB,CUST-00933,2024-12-31,4,8268.84
2023Q4,2023-10-01 00:00:00,SMB,CUST-00933,2025-03-31,5,8268.84
2023Q4,2023-10-01 00:00:00,SMB,CUST-00933,2025-06-30,6,0.00
2023Q4,2023-10-01 00:00:00,SMB,CUST-00933,2025-09-30,7,0.00
2023Q4,2023-10-01 00:00:00,SMB,CUST-00933,2025-12-31,8,0.00
2023Q4,2023-10-01 00:00:00,Mid-Market,CUST-01085,2025-09-30,7,33691.56
2023Q4,2023-10-01 00:00:00,Mid-Market,CUST-01085,2025-12-31,8,35155.56
2023Q4,2023-10-01 00:00:00,Mid-Market,CUST-01084,2024-06-30,2,29401.92
2023Q4,2023-10-01 00:00:00,Mid-Market,CUST-01084,2024-09-30,3,29401.92
2023Q4,2023-10-01 00:00:00,Mid-Market,CUST-01084,2024-12-31,4,0.00
2023Q4,2023-10-01 00:00:00,Mid-Market,CUST-01084,2025-03-31,5,0.00
2023Q4,2023-10-01 00:00:00,Mid-Market,CUST-01084,2025-06-30,6,0.00
2023Q4,2023-10-01 00:00:00,SMB,CUST-00928,2025-12-31,8,0.00
2023Q4,2023-10-01 00:00:00,SMB,CUST-01009,2024-06-30,2,7320.12
2023Q4,2023-10-01 00:00:00,Mid-Market,CUST-01092,2024-12-31,4,17238.48
2023Q4,2023-10-01 00:00:00,SMB,CUST-01004,2025-09-30,7,4536.24
2023Q4,2023-10-01 00:00:00,SMB,CUST-01009,2024-09-30,3,10248.12
2023Q4,2023-10-01 00:00:00,SMB,CUST-00940,2024-06-30,2,11479.08
2023Q4,2023-10-01 00:00:00,Enterprise,CUST-01120,2024-03-31,1,102530.88
2023Q4,2023-10-01 00:00:00,Mid-Market,CUST-01080,2024-12-31,4,0.00
2023Q4,2023-10-01 00:00:00,Enterprise,CUST-01120,2024-06-30,2,102530.88
2023Q4,2023-10-01 00:00:00,SMB,CUST-00950,2024-09-30,3,4358.64
2023Q4,2023-10-01 00:00:00,Mid-Market,CUST-01080,2025-03-31,5,0.00
2023Q4,2023-10-01 00:00:00,Mid-Market,CUST-01080,2025-06-30,6,41077.32
2023Q4,2023-10-01 00:00:00,Mid-Market,CUST-01080,2025-09-30,7,41077.32
2023Q4,2023-10-01 00:00:00,Mid-Market,CUST-01080,2025-12-31,8,41077.32
2023Q4,2023-10-01 00:00:00,Mid-Market,CUST-01090,2024-09-30,3,56410.44
2023Q4,2023-10-01 00:00:00,Mid-Market,CUST-01084,2025-09-30,7,0.00
2023Q4,2023-10-01 00:00:00,Enterprise,CUST-01120,2024-09-30,3,129426.72
2023Q4,2023-10-01 00:00:00,Mid-Market,CUST-01090,2024-12-31,4,56410.44
2023Q4,2023-10-01 00:00:00,Mid-Market,CUST-01084,2025-12-31,8,0.00
2023Q4,2023-10-01 00:00:00,Mid-Market,CUST-01090,2025-03-31,5,0.00
2023Q4,2023-10-01 00:00:00,SMB,CUST-00973,2024-06-30,2,0.00
2023Q4,2023-10-01 00:00:00,Mid-Market,CUST-01090,2025-06-30,6,0.00
2023Q4,2023-10-01 00:00:00,SMB,CUST-00928,2026-06-30,10,0.00
2023Q4,2023-10-01 00:00:00,SMB,CUST-00929,2024-03-31,1,8952.24
2023Q4,2023-10-01 00:00:00,SMB,CUST-00973,2024-09-30,3,0.00
2023Q4,2023-10-01 00:00:00,SMB,CUST-00929,2024-06-30,2,10261.56
2023Q4,2023-10-01 00:00:00,SMB,CUST-00973,2024-12-31,4,0.00
2023Q4,2023-10-01 00:00:00,SMB,CUST-00929,2024-09-30,3,10261.56
2023Q4,2023-10-01 00:00:00,SMB,CUST-00973,2025-03-31,5,0.00
2023Q4,2023-10-01 00:00:00,SMB,CUST-00929,2024-12-31,4,7201.92
2023Q4,2023-10-01 00:00:00,SMB,CUST-00973,2025-06-30,6,0.00
2023Q4,2023-10-01 00:00:00,SMB,CUST-00933,2024-06-30,2,7350.00
2023Q4,2023-10-01 00:00:00,SMB,CUST-00955,2024-06-30,2,0.00
2023Q4,2023-10-01 00:00:00,SMB,CUST-00993,2026-03-31,9,0.00
2023Q4,2023-10-01 00:00:00,SMB,CUST-00950,2024-03-31,1,4358.64
2023Q4,2023-10-01 00:00:00,SMB,CUST-00950,2024-06-30,2,4358.64
2023Q4,2023-10-01 00:00:00,Mid-Market,CUST-01097,2025-12-31,8,117468.60
2023Q4,2023-10-01 00:00:00,Mid-Market,CUST-01097,2026-03-31,9,80700.72
2023Q4,2023-10-01 00:00:00,Enterprise,CUST-01117,2024-06-30,2,220581.24
2023Q4,2023-10-01 00:00:00,Enterprise,CUST-01117,2024-09-30,3,220581.24
2023Q4,2023-10-01 00:00:00,SMB,CUST-00928,2024-09-30,3,5434.20
2023Q4,2023-10-01 00:00:00,Mid-Market,CUST-01097,2026-06-30,10,80700.72
2023Q4,2023-10-01 00:00:00,SMB,CUST-00928,2025-06-30,6,0.00
2023Q4,2023-10-01 00:00:00,SMB,CUST-00973,2024-03-31,1,5196.36
2023Q4,2023-10-01 00:00:00,SMB,CUST-00928,2025-09-30,7,0.00
2023Q4,2023-10-01 00:00:00,SMB,CUST-00993,2025-06-30,6,0.00
2023Q4,2023-10-01 00:00:00,SMB,CUST-00993,2025-09-30,7,0.00
2023Q4,2023-10-01 00:00:00,SMB,CUST-01004,2025-03-31,5,4536.24
2023Q4,2023-10-01 00:00:00,SMB,CUST-00993,2025-12-31,8,0.00
2023Q4,2023-10-01 00:00:00,Mid-Market,CUST-01080,2026-03-31,9,41077.32
2023Q4,2023-10-01 00:00:00,Mid-Market,CUST-01080,2026-06-30,10,42781.20
2023Q4,2023-10-01 00:00:00,SMB,CUST-00933,2026-03-31,9,0.00
2023Q4,2023-10-01 00:00:00,Mid-Market,CUST-01092,2025-03-31,5,17238.48
2023Q4,2023-10-01 00:00:00,Mid-Market,CUST-01092,2025-06-30,6,20111.40
2023Q4,2023-10-01 00:00:00,Mid-Market,CUST-01084,2026-03-31,9,0.00
2023Q4,2023-10-01 00:00:00,SMB,CUST-00928,2024-12-31,4,0.00
2023Q4,2023-10-01 00:00:00,SMB,CUST-01004,2025-06-30,6,4536.24
2023Q4,2023-10-01 00:00:00,Mid-Market,CUST-01085,2024-03-31,1,16768.92
2023Q4,2023-10-01 00:00:00,SMB,CUST-00928,2024-06-30,2,5434.20
2023Q4,2023-10-01 00:00:00,SMB,CUST-00993,2026-06-30,10,0.00
2023Q4,2023-10-01 00:00:00,SMB,CUST-00928,2025-03-31,5,0.00
2023Q4,2023-10-01 00:00:00,SMB,CUST-00940,2024-03-31,1,11479.08
2023Q4,2023-10-01 00:00:00,Mid-Market,CUST-01084,2026-06-30,10,0.00
2023Q4,2023-10-01 00:00:00,Mid-Market,CUST-01084,2024-03-31,1,29401.92
2023Q4,2023-10-01 00:00:00,SMB,CUST-00955,2024-03-31,1,0.00
2023Q4,2023-10-01 00:00:00,SMB,CUST-00933,2026-06-30,10,0.00
2023Q4,2023-10-01 00:00:00,SMB,CUST-01004,2024-12-31,4,4536.36
2023Q4,2023-10-01 00:00:00,Enterprise,CUST-01117,2024-03-31,1,220581.24
2024Q1,2024-01-01 00:00:00,Enterprise,CUST-01323,2024-03-31,0,149726.04
2024Q1,2024-01-01 00:00:00,Enterprise,CUST-01323,2024-06-30,1,154205.04
2024Q1,2024-01-01 00:00:00,Enterprise,CUST-01323,2024-09-30,2,169776.96
2024Q1,2024-01-01 00:00:00,Enterprise,CUST-01323,2024-12-31,3,169776.96
2024Q1,2024-01-01 00:00:00,Enterprise,CUST-01323,2025-03-31,4,169776.96
2024Q1,2024-01-01 00:00:00,Enterprise,CUST-01323,2025-06-30,5,169776.96
2024Q1,2024-01-01 00:00:00,Enterprise,CUST-01323,2025-09-30,6,169776.96
2024Q1,2024-01-01 00:00:00,Enterprise,CUST-01323,2025-12-31,7,169776.96
2024Q1,2024-01-01 00:00:00,Enterprise,CUST-01323,2026-03-31,8,169776.96
2024Q1,2024-01-01 00:00:00,Enterprise,CUST-01323,2026-06-30,9,169776.96
2024Q1,2024-01-01 00:00:00,Mid-Market,CUST-01276,2024-03-31,0,31149.36
2024Q1,2024-01-01 00:00:00,Mid-Market,CUST-01276,2024-06-30,1,31149.36
2024Q1,2024-01-01 00:00:00,Mid-Market,CUST-01276,2024-09-30,2,31149.36
2024Q1,2024-01-01 00:00:00,Mid-Market,CUST-01276,2024-12-31,3,31149.36
2024Q1,2024-01-01 00:00:00,Mid-Market,CUST-01276,2025-03-31,4,0.00
2024Q1,2024-01-01 00:00:00,Mid-Market,CUST-01276,2025-06-30,5,0.00
2024Q1,2024-01-01 00:00:00,Mid-Market,CUST-01276,2025-09-30,6,0.00
2024Q1,2024-01-01 00:00:00,Mid-Market,CUST-01276,2025-12-31,7,0.00
2024Q1,2024-01-01 00:00:00,Mid-Market,CUST-01276,2026-03-31,8,0.00
2024Q1,2024-01-01 00:00:00,Mid-Market,CUST-01276,2026-06-30,9,0.00
2024Q1,2024-01-01 00:00:00,SMB,CUST-01122,2024-03-31,0,14756.16
2024Q1,2024-01-01 00:00:00,SMB,CUST-01122,2024-06-30,1,0.00
2024Q1,2024-01-01 00:00:00,SMB,CUST-01122,2024-09-30,2,0.00
2024Q1,2024-01-01 00:00:00,SMB,CUST-01122,2024-12-31,3,0.00
2024Q1,2024-01-01 00:00:00,SMB,CUST-01122,2025-03-31,4,0.00
2024Q1,2024-01-01 00:00:00,SMB,CUST-01122,2025-06-30,5,0.00
2024Q1,2024-01-01 00:00:00,SMB,CUST-01122,2025-09-30,6,0.00
2024Q1,2024-01-01 00:00:00,SMB,CUST-01122,2025-12-31,7,0.00
2024Q1,2024-01-01 00:00:00,SMB,CUST-01122,2026-03-31,8,0.00
2024Q1,2024-01-01 00:00:00,SMB,CUST-01122,2026-06-30,9,0.00
2024Q1,2024-01-01 00:00:00,SMB,CUST-01126,2024-03-31,0,7088.88
2024Q1,2024-01-01 00:00:00,SMB,CUST-01126,2024-06-30,1,7088.88
2024Q1,2024-01-01 00:00:00,SMB,CUST-01126,2024-09-30,2,7088.88
2024Q1,2024-01-01 00:00:00,SMB,CUST-01126,2024-12-31,3,7088.88
2024Q1,2024-01-01 00:00:00,SMB,CUST-01126,2025-03-31,4,8088.60
2024Q1,2024-01-01 00:00:00,SMB,CUST-01126,2025-06-30,5,8088.60
2024Q1,2024-01-01 00:00:00,SMB,CUST-01126,2025-09-30,6,8088.60
2024Q1,2024-01-01 00:00:00,SMB,CUST-01126,2025-12-31,7,8088.60
2024Q1,2024-01-01 00:00:00,SMB,CUST-01126,2026-03-31,8,8373.60
2024Q1,2024-01-01 00:00:00,SMB,CUST-01126,2026-06-30,9,8373.60
2024Q1,2024-01-01 00:00:00,Mid-Market,CUST-01281,2024-03-31,0,43601.88
2024Q1,2024-01-01 00:00:00,Mid-Market,CUST-01281,2024-06-30,1,43601.88
2024Q1,2024-01-01 00:00:00,Mid-Market,CUST-01281,2024-09-30,2,43601.88
2024Q1,2024-01-01 00:00:00,Mid-Market,CUST-01281,2024-12-31,3,61756.08
2024Q1,2024-01-01 00:00:00,Mid-Market,CUST-01281,2025-03-31,4,55803.84
2024Q1,2024-01-01 00:00:00,Mid-Market,CUST-01281,2025-06-30,5,95017.44
2024Q1,2024-01-01 00:00:00,SMB,CUST-01125,2024-03-31,0,8211.72
2024Q1,2024-01-01 00:00:00,SMB,CUST-01125,2024-06-30,1,8211.72
2024Q1,2024-01-01 00:00:00,SMB,CUST-01125,2024-09-30,2,8211.72
2024Q1,2024-01-01 00:00:00,SMB,CUST-01125,2024-12-31,3,8211.72
2024Q1,2024-01-01 00:00:00,SMB,CUST-01125,2025-03-31,4,0.00
2024Q1,2024-01-01 00:00:00,SMB,CUST-01125,2025-06-30,5,0.00
2024Q1,2024-01-01 00:00:00,SMB,CUST-01125,2025-09-30,6,0.00
2024Q1,2024-01-01 00:00:00,SMB,CUST-01125,2025-12-31,7,0.00
2024Q1,2024-01-01 00:00:00,SMB,CUST-01125,2026-03-31,8,0.00
2024Q1,2024-01-01 00:00:00,SMB,CUST-01125,2026-06-30,9,0.00
2024Q1,2024-01-01 00:00:00,SMB,CUST-01136,2024-03-31,0,8882.64
2024Q1,2024-01-01 00:00:00,SMB,CUST-01136,2024-06-30,1,10249.20
2024Q1,2024-01-01 00:00:00,SMB,CUST-01136,2024-09-30,2,10249.20
2024Q1,2024-01-01 00:00:00,SMB,CUST-01136,2024-12-31,3,10249.20
2024Q1,2024-01-01 00:00:00,SMB,CUST-01136,2025-03-31,4,0.00
2024Q1,2024-01-01 00:00:00,SMB,CUST-01136,2025-06-30,5,0.00
2024Q1,2024-01-01 00:00:00,SMB,CUST-01136,2025-09-30,6,0.00
2024Q1,2024-01-01 00:00:00,SMB,CUST-01136,2025-12-31,7,0.00
2024Q1,2024-01-01 00:00:00,SMB,CUST-01136,2026-03-31,8,0.00
2024Q1,2024-01-01 00:00:00,SMB,CUST-01136,2026-06-30,9,0.00
2024Q1,2024-01-01 00:00:00,SMB,CUST-01146,2024-03-31,0,9757.80
2024Q1,2024-01-01 00:00:00,SMB,CUST-01146,2024-06-30,1,9757.80
2024Q1,2024-01-01 00:00:00,SMB,CUST-01146,2024-09-30,2,9757.80
2024Q1,2024-01-01 00:00:00,SMB,CUST-01146,2024-12-31,3,9757.80
2024Q1,2024-01-01 00:00:00,SMB,CUST-01146,2025-03-31,4,9757.80
2024Q1,2024-01-01 00:00:00,SMB,CUST-01146,2025-06-30,5,0.00
2024Q1,2024-01-01 00:00:00,SMB,CUST-01146,2025-09-30,6,0.00
2024Q1,2024-01-01 00:00:00,SMB,CUST-01146,2025-12-31,7,0.00
2024Q1,2024-01-01 00:00:00,SMB,CUST-01146,2026-03-31,8,0.00
2024Q1,2024-01-01 00:00:00,SMB,CUST-01146,2026-06-30,9,0.00
2024Q1,2024-01-01 00:00:00,Mid-Market,CUST-01286,2024-03-31,0,21631.56
2024Q1,2024-01-01 00:00:00,Mid-Market,CUST-01286,2024-06-30,1,23576.40
2024Q1,2024-01-01 00:00:00,Mid-Market,CUST-01286,2024-09-30,2,23576.40
2024Q1,2024-01-01 00:00:00,Mid-Market,CUST-01286,2024-12-31,3,27465.96
2024Q1,2024-01-01 00:00:00,Mid-Market,CUST-01286,2025-03-31,4,27465.96
2024Q1,2024-01-01 00:00:00,Mid-Market,CUST-01286,2025-06-30,5,32553.84
2024Q1,2024-01-01 00:00:00,Mid-Market,CUST-01286,2025-09-30,6,32553.84
2024Q1,2024-01-01 00:00:00,Mid-Market,CUST-01286,2025-12-31,7,32553.84
2024Q1,2024-01-01 00:00:00,Mid-Market,CUST-01286,2026-03-31,8,32553.84
2024Q1,2024-01-01 00:00:00,Mid-Market,CUST-01286,2026-06-30,9,33944.88
2024Q1,2024-01-01 00:00:00,SMB,CUST-01133,2024-03-31,0,11248.56
2024Q1,2024-01-01 00:00:00,SMB,CUST-01133,2024-06-30,1,11873.40
2024Q1,2024-01-01 00:00:00,SMB,CUST-01133,2024-09-30,2,11873.40
2024Q1,2024-01-01 00:00:00,SMB,CUST-01133,2024-12-31,3,13632.36
2024Q1,2024-01-01 00:00:00,SMB,CUST-01133,2025-03-31,4,13632.36
2024Q1,2024-01-01 00:00:00,SMB,CUST-01133,2025-06-30,5,13632.36
2024Q1,2024-01-01 00:00:00,SMB,CUST-01133,2025-09-30,6,13632.36
2024Q1,2024-01-01 00:00:00,SMB,CUST-01133,2025-12-31,7,13632.36
2024Q1,2024-01-01 00:00:00,SMB,CUST-01133,2026-03-31,8,13632.36
2024Q1,2024-01-01 00:00:00,SMB,CUST-01133,2026-06-30,9,13632.36
2024Q1,2024-01-01 00:00:00,SMB,CUST-01139,2024-03-31,0,3300.84
2024Q1,2024-01-01 00:00:00,SMB,CUST-01139,2024-06-30,1,3300.84
2024Q1,2024-01-01 00:00:00,SMB,CUST-01139,2024-09-30,2,3300.84
2024Q1,2024-01-01 00:00:00,SMB,CUST-01139,2024-12-31,3,3300.84
2024Q1,2024-01-01 00:00:00,SMB,CUST-01139,2025-03-31,4,3300.84
2024Q1,2024-01-01 00:00:00,SMB,CUST-01139,2025-06-30,5,3300.84
2024Q1,2024-01-01 00:00:00,SMB,CUST-01139,2025-09-30,6,5415.96
2024Q1,2024-01-01 00:00:00,SMB,CUST-01139,2025-12-31,7,0.00
2024Q1,2024-01-01 00:00:00,SMB,CUST-01139,2026-03-31,8,0.00
2024Q1,2024-01-01 00:00:00,SMB,CUST-01139,2026-06-30,9,0.00
2024Q1,2024-01-01 00:00:00,SMB,CUST-01148,2024-03-31,0,9906.96
2024Q1,2024-01-01 00:00:00,SMB,CUST-01148,2024-06-30,1,0.00
2024Q1,2024-01-01 00:00:00,SMB,CUST-01148,2024-09-30,2,0.00
2024Q1,2024-01-01 00:00:00,SMB,CUST-01148,2024-12-31,3,0.00
2024Q1,2024-01-01 00:00:00,SMB,CUST-01148,2025-03-31,4,0.00
2024Q1,2024-01-01 00:00:00,SMB,CUST-01148,2025-06-30,5,0.00
2024Q1,2024-01-01 00:00:00,SMB,CUST-01148,2025-09-30,6,0.00
2024Q1,2024-01-01 00:00:00,SMB,CUST-01148,2025-12-31,7,0.00
2024Q1,2024-01-01 00:00:00,SMB,CUST-01148,2026-03-31,8,0.00
2024Q1,2024-01-01 00:00:00,SMB,CUST-01148,2026-06-30,9,0.00
2024Q1,2024-01-01 00:00:00,SMB,CUST-01157,2024-03-31,0,8738.88
2024Q1,2024-01-01 00:00:00,SMB,CUST-01157,2024-06-30,1,6722.16
2024Q1,2024-01-01 00:00:00,SMB,CUST-01157,2024-09-30,2,7394.40
2024Q1,2024-01-01 00:00:00,SMB,CUST-01157,2024-12-31,3,8066.64
2024Q1,2024-01-01 00:00:00,SMB,CUST-01157,2025-03-31,4,11293.32
2024Q1,2024-01-01 00:00:00,SMB,CUST-01157,2025-06-30,5,13175.52
2024Q1,2024-01-01 00:00:00,SMB,CUST-01157,2025-09-30,6,13175.52
2024Q1,2024-01-01 00:00:00,SMB,CUST-01157,2025-12-31,7,13175.52
2024Q1,2024-01-01 00:00:00,SMB,CUST-01157,2026-03-31,8,0.00
2024Q1,2024-01-01 00:00:00,SMB,CUST-01157,2026-06-30,9,0.00
2024Q1,2024-01-01 00:00:00,SMB,CUST-01159,2024-03-31,0,2650.08
2024Q1,2024-01-01 00:00:00,SMB,CUST-01159,2024-06-30,1,2650.08
2024Q1,2024-01-01 00:00:00,SMB,CUST-01159,2024-09-30,2,3975.12
2024Q1,2024-01-01 00:00:00,SMB,CUST-01159,2024-12-31,3,3975.12
2024Q1,2024-01-01 00:00:00,SMB,CUST-01159,2025-03-31,4,3975.12
2024Q1,2024-01-01 00:00:00,SMB,CUST-01159,2025-06-30,5,3975.12
2024Q1,2024-01-01 00:00:00,SMB,CUST-01159,2025-09-30,6,3975.12
2024Q1,2024-01-01 00:00:00,SMB,CUST-01159,2025-12-31,7,3975.12
2024Q1,2024-01-01 00:00:00,SMB,CUST-01159,2026-03-31,8,3975.12
2024Q1,2024-01-01 00:00:00,SMB,CUST-01159,2026-06-30,9,3975.12
2024Q1,2024-01-01 00:00:00,Mid-Market,CUST-01278,2024-03-31,0,43026.96
2024Q1,2024-01-01 00:00:00,Mid-Market,CUST-01278,2024-06-30,1,43026.96
2024Q1,2024-01-01 00:00:00,Mid-Market,CUST-01278,2024-09-30,2,69150.60
2024Q1,2024-01-01 00:00:00,Mid-Market,CUST-01278,2024-12-31,3,69150.60
2024Q1,2024-01-01 00:00:00,Mid-Market,CUST-01278,2025-03-31,4,0.00
2024Q1,2024-01-01 00:00:00,Mid-Market,CUST-01278,2025-06-30,5,0.00
2024Q1,2024-01-01 00:00:00,Mid-Market,CUST-01278,2025-09-30,6,0.00
2024Q1,2024-01-01 00:00:00,Mid-Market,CUST-01278,2025-12-31,7,0.00
2024Q1,2024-01-01 00:00:00,Mid-Market,CUST-01278,2026-03-31,8,0.00
2024Q1,2024-01-01 00:00:00,Mid-Market,CUST-01278,2026-06-30,9,0.00
2024Q1,2024-01-01 00:00:00,Mid-Market,CUST-01283,2024-03-31,0,15651.84
2024Q1,2024-01-01 00:00:00,Mid-Market,CUST-01283,2024-06-30,1,15651.84
2024Q1,2024-01-01 00:00:00,Mid-Market,CUST-01283,2024-09-30,2,24595.68
2024Q1,2024-01-01 00:00:00,Mid-Market,CUST-01283,2024-12-31,3,34434.00
2024Q1,2024-01-01 00:00:00,Mid-Market,CUST-01283,2025-03-31,4,34434.00
2024Q1,2024-01-01 00:00:00,Mid-Market,CUST-01283,2025-06-30,5,25766.16
2024Q1,2024-01-01 00:00:00,Mid-Market,CUST-01283,2025-09-30,6,25766.16
2024Q1,2024-01-01 00:00:00,Mid-Market,CUST-01283,2025-12-31,7,25766.16
2024Q1,2024-01-01 00:00:00,Mid-Market,CUST-01283,2026-03-31,8,25766.16
2024Q1,2024-01-01 00:00:00,Mid-Market,CUST-01283,2026-06-30,9,29280.60
2024Q1,2024-01-01 00:00:00,Enterprise,CUST-01322,2024-03-31,0,252805.68
2024Q1,2024-01-01 00:00:00,Enterprise,CUST-01322,2024-06-30,1,346814.16
2024Q1,2024-01-01 00:00:00,Enterprise,CUST-01322,2024-09-30,2,346814.16
2024Q1,2024-01-01 00:00:00,Enterprise,CUST-01322,2024-12-31,3,346814.16
2024Q1,2024-01-01 00:00:00,Enterprise,CUST-01322,2025-03-31,4,346814.16
2024Q1,2024-01-01 00:00:00,Enterprise,CUST-01322,2025-06-30,5,346814.16
2024Q1,2024-01-01 00:00:00,Enterprise,CUST-01322,2025-09-30,6,346814.16
2024Q1,2024-01-01 00:00:00,Enterprise,CUST-01322,2025-12-31,7,346814.16
2024Q1,2024-01-01 00:00:00,Enterprise,CUST-01322,2026-03-31,8,346814.16
2024Q1,2024-01-01 00:00:00,Enterprise,CUST-01322,2026-06-30,9,413933.16
2024Q1,2024-01-01 00:00:00,SMB,CUST-01145,2024-03-31,0,4624.44
2024Q1,2024-01-01 00:00:00,SMB,CUST-01145,2024-06-30,1,0.00
2024Q1,2024-01-01 00:00:00,SMB,CUST-01145,2024-09-30,2,0.00
2024Q1,2024-01-01 00:00:00,SMB,CUST-01145,2024-12-31,3,0.00
2024Q1,2024-01-01 00:00:00,SMB,CUST-01145,2025-03-31,4,0.00
2024Q1,2024-01-01 00:00:00,SMB,CUST-01145,2025-06-30,5,0.00
2024Q1,2024-01-01 00:00:00,SMB,CUST-01145,2025-09-30,6,0.00
2024Q1,2024-01-01 00:00:00,SMB,CUST-01145,2025-12-31,7,0.00
2024Q1,2024-01-01 00:00:00,SMB,CUST-01145,2026-03-31,8,0.00
2024Q1,2024-01-01 00:00:00,SMB,CUST-01145,2026-06-30,9,0.00
2024Q1,2024-01-01 00:00:00,SMB,CUST-01151,2024-03-31,0,2812.32
2024Q1,2024-01-01 00:00:00,SMB,CUST-01151,2024-06-30,1,2812.32
2024Q1,2024-01-01 00:00:00,SMB,CUST-01151,2024-09-30,2,2812.32
2024Q1,2024-01-01 00:00:00,SMB,CUST-01151,2024-12-31,3,2812.32
2024Q1,2024-01-01 00:00:00,SMB,CUST-01151,2025-03-31,4,2812.32
2024Q1,2024-01-01 00:00:00,SMB,CUST-01151,2025-06-30,5,1874.88
2024Q1,2024-01-01 00:00:00,SMB,CUST-01151,2025-09-30,6,1874.88
2024Q1,2024-01-01 00:00:00,SMB,CUST-01151,2025-12-31,7,1874.88
2024Q1,2024-01-01 00:00:00,SMB,CUST-01151,2026-03-31,8,1874.88
2024Q1,2024-01-01 00:00:00,SMB,CUST-01151,2026-06-30,9,0.00
2024Q1,2024-01-01 00:00:00,Mid-Market,CUST-01279,2024-03-31,0,32049.84
2024Q1,2024-01-01 00:00:00,Mid-Market,CUST-01279,2024-06-30,1,91876.32
2024Q1,2024-01-01 00:00:00,Mid-Market,CUST-01279,2024-09-30,2,91876.32
2024Q1,2024-01-01 00:00:00,Mid-Market,CUST-01279,2024-12-31,3,128626.80
2024Q1,2024-01-01 00:00:00,Mid-Market,CUST-01279,2025-03-31,4,95682.60
2024Q1,2024-01-01 00:00:00,Mid-Market,CUST-01279,2025-06-30,5,95682.60
2024Q1,2024-01-01 00:00:00,Mid-Market,CUST-01279,2025-09-30,6,95682.60
2024Q1,2024-01-01 00:00:00,Mid-Market,CUST-01279,2025-12-31,7,133955.64
2024Q1,2024-01-01 00:00:00,Mid-Market,CUST-01279,2026-03-31,8,95687.52
2024Q1,2024-01-01 00:00:00,Mid-Market,CUST-01279,2026-06-30,9,95687.52
2024Q1,2024-01-01 00:00:00,Mid-Market,CUST-01280,2026-06-30,9,24886.32
2024Q1,2024-01-01 00:00:00,Enterprise,CUST-01324,2024-03-31,0,589680.24
2024Q1,2024-01-01 00:00:00,Enterprise,CUST-01324,2024-06-30,1,589680.24
2024Q1,2024-01-01 00:00:00,Enterprise,CUST-01324,2024-09-30,2,589680.24
2024Q1,2024-01-01 00:00:00,Enterprise,CUST-01324,2024-12-31,3,589680.24
2024Q1,2024-01-01 00:00:00,Enterprise,CUST-01324,2025-03-31,4,589680.24
2024Q1,2024-01-01 00:00:00,Enterprise,CUST-01324,2025-06-30,5,589680.24
2024Q1,2024-01-01 00:00:00,Enterprise,CUST-01324,2025-09-30,6,589680.24
2024Q1,2024-01-01 00:00:00,Enterprise,CUST-01324,2025-12-31,7,589680.24
2024Q1,2024-01-01 00:00:00,Enterprise,CUST-01324,2026-03-31,8,589680.24
2024Q1,2024-01-01 00:00:00,Enterprise,CUST-01324,2026-06-30,9,589680.24
2024Q1,2024-01-01 00:00:00,Mid-Market,CUST-01281,2025-09-30,6,103298.88
2024Q1,2024-01-01 00:00:00,Mid-Market,CUST-01281,2025-12-31,7,103298.88
2024Q1,2024-01-01 00:00:00,Mid-Market,CUST-01281,2026-03-31,8,104073.12
2024Q1,2024-01-01 00:00:00,Mid-Market,CUST-01281,2026-06-30,9,146305.68
2024Q1,2024-01-01 00:00:00,SMB,CUST-01130,2024-03-31,0,5386.08
2024Q1,2024-01-01 00:00:00,SMB,CUST-01130,2024-06-30,1,9578.04
2024Q1,2024-01-01 00:00:00,SMB,CUST-01130,2024-09-30,2,9578.04
2024Q1,2024-01-01 00:00:00,SMB,CUST-01130,2024-12-31,3,9578.04
2024Q1,2024-01-01 00:00:00,SMB,CUST-01130,2025-03-31,4,5386.08
2024Q1,2024-01-01 00:00:00,SMB,CUST-01130,2025-06-30,5,5386.08
2024Q1,2024-01-01 00:00:00,SMB,CUST-01130,2025-09-30,6,5386.08
2024Q1,2024-01-01 00:00:00,SMB,CUST-01130,2025-12-31,7,5386.08
2024Q1,2024-01-01 00:00:00,SMB,CUST-01130,2026-03-31,8,5386.32
2024Q1,2024-01-01 00:00:00,SMB,CUST-01130,2026-06-30,9,5386.32
2024Q1,2024-01-01 00:00:00,SMB,CUST-01135,2024-03-31,0,3207.36
2024Q1,2024-01-01 00:00:00,SMB,CUST-01135,2024-06-30,1,3207.36
2024Q1,2024-01-01 00:00:00,SMB,CUST-01135,2024-09-30,2,3207.36
2024Q1,2024-01-01 00:00:00,SMB,CUST-01135,2024-12-31,3,5131.80
2024Q1,2024-01-01 00:00:00,SMB,CUST-01135,2025-03-31,4,0.00
2024Q1,2024-01-01 00:00:00,SMB,CUST-01135,2025-06-30,5,0.00
2024Q1,2024-01-01 00:00:00,SMB,CUST-01135,2025-09-30,6,0.00
2024Q1,2024-01-01 00:00:00,SMB,CUST-01135,2025-12-31,7,0.00
2024Q1,2024-01-01 00:00:00,SMB,CUST-01135,2026-03-31,8,0.00
2024Q1,2024-01-01 00:00:00,SMB,CUST-01135,2026-06-30,9,0.00
2024Q1,2024-01-01 00:00:00,SMB,CUST-01141,2024-03-31,0,7168.56
2024Q1,2024-01-01 00:00:00,SMB,CUST-01141,2024-06-30,1,7168.56
2024Q1,2024-01-01 00:00:00,SMB,CUST-01141,2024-09-30,2,9775.20
2024Q1,2024-01-01 00:00:00,SMB,CUST-01141,2024-12-31,3,9775.20
2024Q1,2024-01-01 00:00:00,SMB,CUST-01141,2025-03-31,4,9775.20
2024Q1,2024-01-01 00:00:00,SMB,CUST-01141,2025-06-30,5,9775.20
2024Q1,2024-01-01 00:00:00,SMB,CUST-01141,2025-09-30,6,9775.20
2024Q1,2024-01-01 00:00:00,SMB,CUST-01141,2025-12-31,7,9775.20
2024Q1,2024-01-01 00:00:00,SMB,CUST-01141,2026-03-31,8,9775.20
2024Q1,2024-01-01 00:00:00,SMB,CUST-01141,2026-06-30,9,9775.20
2024Q1,2024-01-01 00:00:00,SMB,CUST-01142,2024-03-31,0,3161.88
2024Q1,2024-01-01 00:00:00,SMB,CUST-01142,2024-06-30,1,3161.88
2024Q1,2024-01-01 00:00:00,SMB,CUST-01142,2024-09-30,2,4426.56
2024Q1,2024-01-01 00:00:00,SMB,CUST-01142,2024-12-31,3,0.00
2024Q1,2024-01-01 00:00:00,SMB,CUST-01142,2025-03-31,4,0.00
2024Q1,2024-01-01 00:00:00,SMB,CUST-01142,2025-06-30,5,0.00
2024Q1,2024-01-01 00:00:00,SMB,CUST-01142,2025-09-30,6,0.00
2024Q1,2024-01-01 00:00:00,SMB,CUST-01142,2025-12-31,7,0.00
2024Q1,2024-01-01 00:00:00,SMB,CUST-01142,2026-03-31,8,0.00
2024Q1,2024-01-01 00:00:00,SMB,CUST-01142,2026-06-30,9,0.00
2024Q1,2024-01-01 00:00:00,Mid-Market,CUST-01285,2024-03-31,0,32476.68
2024Q1,2024-01-01 00:00:00,Mid-Market,CUST-01285,2024-06-30,1,32476.68
2024Q1,2024-01-01 00:00:00,Mid-Market,CUST-01285,2024-09-30,2,73810.68
2024Q1,2024-01-01 00:00:00,Mid-Market,CUST-01285,2024-12-31,3,73810.68
2024Q1,2024-01-01 00:00:00,Mid-Market,CUST-01285,2025-03-31,4,103334.88
2024Q1,2024-01-01 00:00:00,Mid-Market,CUST-01285,2025-06-30,5,76106.64
2024Q1,2024-01-01 00:00:00,Mid-Market,CUST-01285,2025-09-30,6,76106.64
2024Q1,2024-01-01 00:00:00,Mid-Market,CUST-01285,2025-12-31,7,76106.64
2024Q1,2024-01-01 00:00:00,Mid-Market,CUST-01285,2026-03-31,8,76106.64
2024Q1,2024-01-01 00:00:00,Mid-Market,CUST-01285,2026-06-30,9,78393.24
2024Q1,2024-01-01 00:00:00,SMB,CUST-01127,2024-03-31,0,12254.88
2024Q1,2024-01-01 00:00:00,SMB,CUST-01127,2024-06-30,1,12254.88
2024Q1,2024-01-01 00:00:00,SMB,CUST-01127,2024-09-30,2,17156.76
2024Q1,2024-01-01 00:00:00,SMB,CUST-01127,2024-12-31,3,17156.76
2024Q1,2024-01-01 00:00:00,SMB,CUST-01127,2025-03-31,4,17156.76
2024Q1,2024-01-01 00:00:00,SMB,CUST-01127,2025-06-30,5,22574.64
2024Q1,2024-01-01 00:00:00,SMB,CUST-01127,2025-09-30,6,22574.64
2024Q1,2024-01-01 00:00:00,SMB,CUST-01127,2025-12-31,7,22574.64
2024Q1,2024-01-01 00:00:00,SMB,CUST-01127,2026-03-31,8,22574.64
2024Q1,2024-01-01 00:00:00,SMB,CUST-01127,2026-06-30,9,22574.64
2024Q1,2024-01-01 00:00:00,SMB,CUST-01131,2024-03-31,0,0.00
2024Q1,2024-01-01 00:00:00,SMB,CUST-01131,2024-06-30,1,0.00
2024Q1,2024-01-01 00:00:00,SMB,CUST-01131,2024-09-30,2,0.00
2024Q1,2024-01-01 00:00:00,SMB,CUST-01131,2024-12-31,3,0.00
2024Q1,2024-01-01 00:00:00,SMB,CUST-01131,2025-03-31,4,0.00
2024Q1,2024-01-01 00:00:00,SMB,CUST-01131,2025-06-30,5,0.00
2024Q1,2024-01-01 00:00:00,SMB,CUST-01131,2025-09-30,6,0.00
2024Q1,2024-01-01 00:00:00,SMB,CUST-01131,2025-12-31,7,0.00
2024Q1,2024-01-01 00:00:00,SMB,CUST-01131,2026-03-31,8,0.00
2024Q1,2024-01-01 00:00:00,SMB,CUST-01131,2026-06-30,9,0.00
2024Q1,2024-01-01 00:00:00,SMB,CUST-01149,2024-03-31,0,7507.32
2024Q1,2024-01-01 00:00:00,SMB,CUST-01149,2024-06-30,1,7507.32
2024Q1,2024-01-01 00:00:00,SMB,CUST-01149,2024-09-30,2,7507.32
2024Q1,2024-01-01 00:00:00,SMB,CUST-01149,2024-12-31,3,0.00
2024Q1,2024-01-01 00:00:00,SMB,CUST-01149,2025-03-31,4,0.00
2024Q1,2024-01-01 00:00:00,SMB,CUST-01149,2025-06-30,5,0.00
2024Q1,2024-01-01 00:00:00,SMB,CUST-01149,2025-09-30,6,0.00
2024Q1,2024-01-01 00:00:00,SMB,CUST-01149,2025-12-31,7,0.00
2024Q1,2024-01-01 00:00:00,SMB,CUST-01149,2026-03-31,8,0.00
2024Q1,2024-01-01 00:00:00,SMB,CUST-01149,2026-06-30,9,0.00
2024Q1,2024-01-01 00:00:00,Mid-Market,CUST-01277,2024-03-31,0,49592.64
2024Q1,2024-01-01 00:00:00,Mid-Market,CUST-01277,2024-06-30,1,49592.64
2024Q1,2024-01-01 00:00:00,Mid-Market,CUST-01277,2024-09-30,2,49592.64
2024Q1,2024-01-01 00:00:00,Mid-Market,CUST-01277,2024-12-31,3,59259.36
2024Q1,2024-01-01 00:00:00,Mid-Market,CUST-01277,2025-03-31,4,51919.20
2024Q1,2024-01-01 00:00:00,Mid-Market,CUST-01277,2025-06-30,5,51919.20
2024Q1,2024-01-01 00:00:00,Mid-Market,CUST-01277,2025-09-30,6,51919.20
2024Q1,2024-01-01 00:00:00,Mid-Market,CUST-01277,2025-12-31,7,51919.20
2024Q1,2024-01-01 00:00:00,Mid-Market,CUST-01277,2026-03-31,8,54148.20
2024Q1,2024-01-01 00:00:00,Mid-Market,CUST-01277,2026-06-30,9,54148.20
2024Q1,2024-01-01 00:00:00,Mid-Market,CUST-01284,2024-03-31,0,15817.92
2024Q1,2024-01-01 00:00:00,Mid-Market,CUST-01284,2024-06-30,1,15817.92
2024Q1,2024-01-01 00:00:00,Mid-Market,CUST-01284,2024-09-30,2,18077.64
2024Q1,2024-01-01 00:00:00,Mid-Market,CUST-01284,2024-12-31,3,18077.64
2024Q1,2024-01-01 00:00:00,Mid-Market,CUST-01284,2025-03-31,4,18077.64
2024Q1,2024-01-01 00:00:00,Mid-Market,CUST-01284,2025-06-30,5,18078.00
2024Q1,2024-01-01 00:00:00,Mid-Market,CUST-01284,2025-09-30,6,18078.00
2024Q1,2024-01-01 00:00:00,Mid-Market,CUST-01284,2025-12-31,7,20337.72
2024Q1,2024-01-01 00:00:00,Mid-Market,CUST-01284,2026-03-31,8,20337.72
2024Q1,2024-01-01 00:00:00,Mid-Market,CUST-01284,2026-06-30,9,21022.44
2024Q1,2024-01-01 00:00:00,SMB,CUST-01132,2024-03-31,0,5075.40
2024Q1,2024-01-01 00:00:00,SMB,CUST-01132,2024-06-30,1,6344.16
2024Q1,2024-01-01 00:00:00,SMB,CUST-01129,2024-03-31,0,11866.32
2024Q1,2024-01-01 00:00:00,SMB,CUST-01129,2024-06-30,1,15038.04
2024Q1,2024-01-01 00:00:00,SMB,CUST-01129,2024-09-30,2,15038.04
2024Q1,2024-01-01 00:00:00,SMB,CUST-01129,2024-12-31,3,15038.04
2024Q1,2024-01-01 00:00:00,SMB,CUST-01129,2025-03-31,4,12299.52
2024Q1,2024-01-01 00:00:00,SMB,CUST-01129,2025-06-30,5,12299.52
2024Q1,2024-01-01 00:00:00,SMB,CUST-01129,2025-09-30,6,12299.52
2024Q1,2024-01-01 00:00:00,SMB,CUST-01129,2025-12-31,7,17030.04
2024Q1,2024-01-01 00:00:00,SMB,CUST-01129,2026-03-31,8,17578.68
2024Q1,2024-01-01 00:00:00,SMB,CUST-01129,2026-06-30,9,17578.68
2024Q1,2024-01-01 00:00:00,SMB,CUST-01121,2024-09-30,2,9602.76
2024Q1,2024-01-01 00:00:00,SMB,CUST-01121,2024-12-31,3,9602.76
2024Q1,2024-01-01 00:00:00,SMB,CUST-01121,2025-03-31,4,9602.76
2024Q1,2024-01-01 00:00:00,SMB,CUST-01121,2025-06-30,5,12003.48
2024Q1,2024-01-01 00:00:00,SMB,CUST-01121,2025-09-30,6,12003.48
2024Q1,2024-01-01 00:00:00,SMB,CUST-01121,2025-12-31,7,12003.48
2024Q1,2024-01-01 00:00:00,SMB,CUST-01121,2026-03-31,8,12003.48
2024Q1,2024-01-01 00:00:00,SMB,CUST-01121,2026-06-30,9,12003.48
2024Q1,2024-01-01 00:00:00,SMB,CUST-01124,2024-03-31,0,4053.24
2024Q1,2024-01-01 00:00:00,SMB,CUST-01124,2024-06-30,1,4053.24
2024Q1,2024-01-01 00:00:00,SMB,CUST-01124,2024-09-30,2,4632.24
2024Q1,2024-01-01 00:00:00,SMB,CUST-01124,2024-12-31,3,5790.36
2024Q1,2024-01-01 00:00:00,SMB,CUST-01124,2025-03-31,4,5790.36
2024Q1,2024-01-01 00:00:00,SMB,CUST-01124,2025-06-30,5,5790.36
2024Q1,2024-01-01 00:00:00,SMB,CUST-01124,2025-09-30,6,5790.36
2024Q1,2024-01-01 00:00:00,SMB,CUST-01124,2025-12-31,7,5790.36
2024Q1,2024-01-01 00:00:00,SMB,CUST-01124,2026-03-31,8,5790.36
2024Q1,2024-01-01 00:00:00,SMB,CUST-01124,2026-06-30,9,5790.36
2024Q1,2024-01-01 00:00:00,SMB,CUST-01153,2024-03-31,0,19106.52
2024Q1,2024-01-01 00:00:00,SMB,CUST-01153,2024-06-30,1,19106.52
2024Q1,2024-01-01 00:00:00,SMB,CUST-01153,2024-09-30,2,19106.52
2024Q1,2024-01-01 00:00:00,SMB,CUST-01153,2024-12-31,3,19106.52
2024Q1,2024-01-01 00:00:00,SMB,CUST-01153,2025-03-31,4,19106.52
2024Q1,2024-01-01 00:00:00,SMB,CUST-01153,2025-06-30,5,20625.72
2024Q1,2024-01-01 00:00:00,SMB,CUST-01153,2025-09-30,6,28268.40
2024Q1,2024-01-01 00:00:00,SMB,CUST-01153,2025-12-31,7,28268.40
2024Q1,2024-01-01 00:00:00,SMB,CUST-01153,2026-03-31,8,28268.40
2024Q1,2024-01-01 00:00:00,SMB,CUST-01153,2026-06-30,9,28268.40
2024Q1,2024-01-01 00:00:00,SMB,CUST-01143,2024-03-31,0,8141.76
2024Q1,2024-01-01 00:00:00,SMB,CUST-01143,2024-06-30,1,8141.76
2024Q1,2024-01-01 00:00:00,SMB,CUST-01143,2024-09-30,2,0.00
2024Q1,2024-01-01 00:00:00,SMB,CUST-01143,2024-12-31,3,0.00
2024Q1,2024-01-01 00:00:00,SMB,CUST-01143,2025-03-31,4,0.00
2024Q1,2024-01-01 00:00:00,SMB,CUST-01143,2025-06-30,5,0.00
2024Q1,2024-01-01 00:00:00,SMB,CUST-01143,2025-09-30,6,0.00
2024Q1,2024-01-01 00:00:00,SMB,CUST-01143,2025-12-31,7,0.00
2024Q1,2024-01-01 00:00:00,SMB,CUST-01143,2026-03-31,8,0.00
2024Q1,2024-01-01 00:00:00,SMB,CUST-01143,2026-06-30,9,0.00
2024Q1,2024-01-01 00:00:00,SMB,CUST-01144,2024-03-31,0,1267.80
2024Q1,2024-01-01 00:00:00,SMB,CUST-01144,2024-06-30,1,1267.80
2024Q1,2024-01-01 00:00:00,SMB,CUST-01144,2024-09-30,2,1267.80
2024Q1,2024-01-01 00:00:00,SMB,CUST-01144,2024-12-31,3,1901.64
2024Q1,2024-01-01 00:00:00,SMB,CUST-01144,2025-03-31,4,1901.64
2024Q1,2024-01-01 00:00:00,SMB,CUST-01123,2024-03-31,0,2989.20
2024Q1,2024-01-01 00:00:00,SMB,CUST-01123,2024-06-30,1,0.00
2024Q1,2024-01-01 00:00:00,SMB,CUST-01123,2024-09-30,2,0.00
2024Q1,2024-01-01 00:00:00,SMB,CUST-01123,2024-12-31,3,0.00
2024Q1,2024-01-01 00:00:00,SMB,CUST-01123,2025-03-31,4,0.00
2024Q1,2024-01-01 00:00:00,SMB,CUST-01123,2025-06-30,5,0.00
2024Q1,2024-01-01 00:00:00,SMB,CUST-01123,2025-09-30,6,0.00
2024Q1,2024-01-01 00:00:00,SMB,CUST-01123,2025-12-31,7,0.00
2024Q1,2024-01-01 00:00:00,SMB,CUST-01123,2026-03-31,8,0.00
2024Q1,2024-01-01 00:00:00,SMB,CUST-01123,2026-06-30,9,0.00
2024Q1,2024-01-01 00:00:00,SMB,CUST-01138,2024-03-31,0,5882.40
2024Q1,2024-01-01 00:00:00,SMB,CUST-01138,2024-06-30,1,5882.40
2024Q1,2024-01-01 00:00:00,SMB,CUST-01138,2024-09-30,2,5882.40
2024Q1,2024-01-01 00:00:00,SMB,CUST-01138,2024-12-31,3,5882.40
2024Q1,2024-01-01 00:00:00,SMB,CUST-01138,2025-03-31,4,0.00
2024Q1,2024-01-01 00:00:00,SMB,CUST-01138,2025-06-30,5,0.00
2024Q1,2024-01-01 00:00:00,SMB,CUST-01138,2025-09-30,6,0.00
2024Q1,2024-01-01 00:00:00,SMB,CUST-01138,2025-12-31,7,0.00
2024Q1,2024-01-01 00:00:00,SMB,CUST-01144,2026-03-31,8,0.00
2024Q1,2024-01-01 00:00:00,SMB,CUST-01144,2026-06-30,9,0.00
2024Q1,2024-01-01 00:00:00,SMB,CUST-01152,2024-03-31,0,18195.60
2024Q1,2024-01-01 00:00:00,SMB,CUST-01152,2024-06-30,1,0.00
2024Q1,2024-01-01 00:00:00,SMB,CUST-01152,2024-09-30,2,0.00
2024Q1,2024-01-01 00:00:00,SMB,CUST-01152,2024-12-31,3,0.00
2024Q1,2024-01-01 00:00:00,SMB,CUST-01152,2025-03-31,4,0.00
2024Q1,2024-01-01 00:00:00,SMB,CUST-01152,2025-06-30,5,0.00
2024Q1,2024-01-01 00:00:00,SMB,CUST-01152,2025-09-30,6,0.00
2024Q1,2024-01-01 00:00:00,SMB,CUST-01121,2024-03-31,0,9602.76
2024Q1,2024-01-01 00:00:00,SMB,CUST-01121,2024-06-30,1,9602.76
2024Q1,2024-01-01 00:00:00,SMB,CUST-01156,2024-06-30,1,5390.40
2024Q1,2024-01-01 00:00:00,SMB,CUST-01156,2024-09-30,2,5390.40
2024Q1,2024-01-01 00:00:00,SMB,CUST-01156,2024-12-31,3,5989.44
2024Q1,2024-01-01 00:00:00,SMB,CUST-01156,2025-03-31,4,5989.44
2024Q1,2024-01-01 00:00:00,SMB,CUST-01156,2025-06-30,5,5989.68
2024Q1,2024-01-01 00:00:00,SMB,CUST-01156,2025-09-30,6,5989.68
2024Q1,2024-01-01 00:00:00,SMB,CUST-01156,2025-12-31,7,5989.68
2024Q1,2024-01-01 00:00:00,SMB,CUST-01156,2026-03-31,8,5989.68
2024Q1,2024-01-01 00:00:00,SMB,CUST-01156,2026-06-30,9,6179.64
2024Q1,2024-01-01 00:00:00,SMB,CUST-01160,2024-03-31,0,10863.60
2024Q1,2024-01-01 00:00:00,SMB,CUST-01160,2024-06-30,1,10863.60
2024Q1,2024-01-01 00:00:00,SMB,CUST-01160,2025-06-30,5,4526.40
2024Q1,2024-01-01 00:00:00,SMB,CUST-01160,2025-09-30,6,4526.40
2024Q1,2024-01-01 00:00:00,SMB,CUST-01160,2025-12-31,7,0.00
2024Q1,2024-01-01 00:00:00,SMB,CUST-01160,2026-03-31,8,0.00
2024Q1,2024-01-01 00:00:00,SMB,CUST-01152,2025-12-31,7,0.00
2024Q1,2024-01-01 00:00:00,SMB,CUST-01152,2026-03-31,8,0.00
2024Q1,2024-01-01 00:00:00,SMB,CUST-01152,2026-06-30,9,0.00
2024Q1,2024-01-01 00:00:00,SMB,CUST-01156,2024-03-31,0,5390.40
2024Q1,2024-01-01 00:00:00,SMB,CUST-01155,2026-06-30,9,4614.60
2024Q1,2024-01-01 00:00:00,SMB,CUST-01160,2024-09-30,2,4526.40
2024Q1,2024-01-01 00:00:00,SMB,CUST-01160,2025-03-31,4,4526.40
2024Q1,2024-01-01 00:00:00,SMB,CUST-01155,2024-12-31,3,4614.60
2024Q1,2024-01-01 00:00:00,SMB,CUST-01160,2024-12-31,3,4526.40
2024Q1,2024-01-01 00:00:00,SMB,CUST-01155,2025-12-31,7,4614.60
2024Q1,2024-01-01 00:00:00,SMB,CUST-01155,2026-03-31,8,4614.60
2024Q1,2024-01-01 00:00:00,SMB,CUST-01155,2025-06-30,5,4614.60
2024Q1,2024-01-01 00:00:00,SMB,CUST-01155,2025-03-31,4,4614.60
2024Q1,2024-01-01 00:00:00,SMB,CUST-01155,2025-09-30,6,4614.60
2024Q1,2024-01-01 00:00:00,SMB,CUST-01128,2024-03-31,0,0.00
2024Q1,2024-01-01 00:00:00,SMB,CUST-01128,2024-06-30,1,0.00
2024Q1,2024-01-01 00:00:00,SMB,CUST-01128,2024-09-30,2,0.00
2024Q1,2024-01-01 00:00:00,SMB,CUST-01128,2024-12-31,3,0.00
2024Q1,2024-01-01 00:00:00,SMB,CUST-01128,2025-03-31,4,0.00
2024Q1,2024-01-01 00:00:00,SMB,CUST-01128,2025-06-30,5,0.00
2024Q1,2024-01-01 00:00:00,SMB,CUST-01128,2025-09-30,6,0.00
2024Q1,2024-01-01 00:00:00,SMB,CUST-01128,2025-12-31,7,0.00
2024Q1,2024-01-01 00:00:00,SMB,CUST-01128,2026-03-31,8,0.00
2024Q1,2024-01-01 00:00:00,SMB,CUST-01128,2026-06-30,9,0.00
2024Q1,2024-01-01 00:00:00,SMB,CUST-01134,2024-03-31,0,13352.16
2024Q1,2024-01-01 00:00:00,SMB,CUST-01134,2024-06-30,1,14242.20
2024Q1,2024-01-01 00:00:00,SMB,CUST-01134,2024-09-30,2,14242.20
2024Q1,2024-01-01 00:00:00,SMB,CUST-01134,2024-12-31,3,14242.20
2024Q1,2024-01-01 00:00:00,SMB,CUST-01134,2025-03-31,4,14242.20
2024Q1,2024-01-01 00:00:00,SMB,CUST-01134,2025-06-30,5,14242.20
2024Q1,2024-01-01 00:00:00,SMB,CUST-01134,2025-09-30,6,14242.20
2024Q1,2024-01-01 00:00:00,SMB,CUST-01134,2025-12-31,7,20473.32
2024Q1,2024-01-01 00:00:00,SMB,CUST-01134,2026-03-31,8,20473.32
2024Q1,2024-01-01 00:00:00,SMB,CUST-01134,2026-06-30,9,20473.32
2024Q1,2024-01-01 00:00:00,SMB,CUST-01137,2024-03-31,0,2784.24
2024Q1,2024-01-01 00:00:00,SMB,CUST-01137,2024-06-30,1,2784.24
2024Q1,2024-01-01 00:00:00,SMB,CUST-01137,2024-09-30,2,2784.24
2024Q1,2024-01-01 00:00:00,SMB,CUST-01137,2024-12-31,3,2784.24
2024Q1,2024-01-01 00:00:00,SMB,CUST-01137,2025-03-31,4,2920.32
2024Q1,2024-01-01 00:00:00,SMB,CUST-01137,2025-06-30,5,2920.32
2024Q1,2024-01-01 00:00:00,SMB,CUST-01137,2025-09-30,6,2920.32
2024Q1,2024-01-01 00:00:00,SMB,CUST-01137,2025-12-31,7,2920.32
2024Q1,2024-01-01 00:00:00,SMB,CUST-01137,2026-03-31,8,0.00
2024Q1,2024-01-01 00:00:00,SMB,CUST-01137,2026-06-30,9,0.00
2024Q1,2024-01-01 00:00:00,SMB,CUST-01154,2024-03-31,0,7381.44
2024Q1,2024-01-01 00:00:00,SMB,CUST-01154,2024-06-30,1,7381.44
2024Q1,2024-01-01 00:00:00,SMB,CUST-01154,2024-09-30,2,6710.40
2024Q1,2024-01-01 00:00:00,SMB,CUST-01154,2024-12-31,3,0.00
2024Q1,2024-01-01 00:00:00,SMB,CUST-01154,2025-03-31,4,0.00
2024Q1,2024-01-01 00:00:00,SMB,CUST-01154,2025-06-30,5,0.00
2024Q1,2024-01-01 00:00:00,SMB,CUST-01154,2025-09-30,6,0.00
2024Q1,2024-01-01 00:00:00,SMB,CUST-01154,2025-12-31,7,0.00
2024Q1,2024-01-01 00:00:00,SMB,CUST-01154,2026-03-31,8,0.00
2024Q1,2024-01-01 00:00:00,SMB,CUST-01154,2026-06-30,9,0.00
2024Q1,2024-01-01 00:00:00,SMB,CUST-01147,2024-03-31,0,5157.48
2024Q1,2024-01-01 00:00:00,SMB,CUST-01147,2024-06-30,1,5157.48
2024Q1,2024-01-01 00:00:00,SMB,CUST-01150,2024-09-30,2,14630.28
2024Q1,2024-01-01 00:00:00,SMB,CUST-01150,2024-12-31,3,14630.28
2024Q1,2024-01-01 00:00:00,SMB,CUST-01150,2025-03-31,4,14630.28
2024Q1,2024-01-01 00:00:00,SMB,CUST-01150,2025-06-30,5,14630.28
2024Q1,2024-01-01 00:00:00,SMB,CUST-01150,2025-09-30,6,14630.28
2024Q1,2024-01-01 00:00:00,SMB,CUST-01150,2025-12-31,7,16999.32
2024Q1,2024-01-01 00:00:00,SMB,CUST-01150,2026-03-31,8,16999.32
2024Q1,2024-01-01 00:00:00,Mid-Market,CUST-01280,2024-03-31,0,14124.96
2024Q1,2024-01-01 00:00:00,Mid-Market,CUST-01280,2024-06-30,1,14124.96
2024Q1,2024-01-01 00:00:00,Mid-Market,CUST-01280,2024-09-30,2,14124.96
2024Q1,2024-01-01 00:00:00,Mid-Market,CUST-01280,2024-12-31,3,14124.96
2024Q1,2024-01-01 00:00:00,Mid-Market,CUST-01280,2025-03-31,4,14124.60
2024Q1,2024-01-01 00:00:00,Mid-Market,CUST-01280,2025-06-30,5,14124.60
2024Q1,2024-01-01 00:00:00,Mid-Market,CUST-01280,2025-09-30,6,14124.60
2024Q1,2024-01-01 00:00:00,Mid-Market,CUST-01280,2025-12-31,7,18362.04
2024Q1,2024-01-01 00:00:00,Mid-Market,CUST-01280,2026-03-31,8,19030.68
2024Q1,2024-01-01 00:00:00,Mid-Market,CUST-01287,2024-03-31,0,16695.12
2024Q1,2024-01-01 00:00:00,Mid-Market,CUST-01287,2024-06-30,1,16695.12
2024Q1,2024-01-01 00:00:00,Mid-Market,CUST-01287,2024-09-30,2,16695.12
2024Q1,2024-01-01 00:00:00,Mid-Market,CUST-01287,2024-12-31,3,18212.88
2024Q1,2024-01-01 00:00:00,Mid-Market,CUST-01287,2025-03-31,4,18212.88
2024Q1,2024-01-01 00:00:00,Mid-Market,CUST-01287,2025-06-30,5,19056.12
2024Q1,2024-01-01 00:00:00,Mid-Market,CUST-01287,2025-09-30,6,19056.12
2024Q1,2024-01-01 00:00:00,Mid-Market,CUST-01287,2025-12-31,7,28381.80
2024Q1,2024-01-01 00:00:00,Mid-Market,CUST-01287,2026-03-31,8,28381.80
2024Q1,2024-01-01 00:00:00,Mid-Market,CUST-01287,2026-06-30,9,0.00
2024Q1,2024-01-01 00:00:00,SMB,CUST-01161,2025-09-30,6,14340.24
2024Q1,2024-01-01 00:00:00,SMB,CUST-01161,2025-12-31,7,14340.24
2024Q1,2024-01-01 00:00:00,SMB,CUST-01161,2026-03-31,8,14340.24
2024Q1,2024-01-01 00:00:00,SMB,CUST-01161,2026-06-30,9,14340.24
2024Q1,2024-01-01 00:00:00,Mid-Market,CUST-01282,2024-03-31,0,42528.72
2024Q1,2024-01-01 00:00:00,SMB,CUST-01140,2025-09-30,6,11875.20
2024Q1,2024-01-01 00:00:00,SMB,CUST-01147,2024-09-30,2,5157.48
2024Q1,2024-01-01 00:00:00,SMB,CUST-01147,2024-12-31,3,5157.48
2024Q1,2024-01-01 00:00:00,SMB,CUST-01147,2025-03-31,4,0.00
2024Q1,2024-01-01 00:00:00,SMB,CUST-01147,2025-06-30,5,0.00
2024Q1,2024-01-01 00:00:00,SMB,CUST-01147,2025-09-30,6,0.00
2024Q1,2024-01-01 00:00:00,SMB,CUST-01147,2025-12-31,7,0.00
2024Q1,2024-01-01 00:00:00,SMB,CUST-01147,2026-03-31,8,0.00
2024Q1,2024-01-01 00:00:00,SMB,CUST-01147,2026-06-30,9,0.00
2024Q1,2024-01-01 00:00:00,Mid-Market,CUST-01282,2024-06-30,1,42528.72
2024Q1,2024-01-01 00:00:00,Mid-Market,CUST-01282,2024-09-30,2,42528.72
2024Q1,2024-01-01 00:00:00,Mid-Market,CUST-01282,2024-12-31,3,42528.72
2024Q1,2024-01-01 00:00:00,Mid-Market,CUST-01282,2025-03-31,4,44239.80
2024Q1,2024-01-01 00:00:00,Mid-Market,CUST-01282,2025-06-30,5,44239.80
2024Q1,2024-01-01 00:00:00,Mid-Market,CUST-01282,2025-09-30,6,44239.80
2024Q1,2024-01-01 00:00:00,Mid-Market,CUST-01282,2025-12-31,7,61935.72
2024Q1,2024-01-01 00:00:00,Mid-Market,CUST-01282,2026-03-31,8,44242.20
2024Q1,2024-01-01 00:00:00,Mid-Market,CUST-01282,2026-06-30,9,44242.20
2024Q1,2024-01-01 00:00:00,SMB,CUST-01158,2024-03-31,0,2531.88
2024Q1,2024-01-01 00:00:00,SMB,CUST-01158,2024-06-30,1,2531.88
2024Q1,2024-01-01 00:00:00,SMB,CUST-01158,2024-09-30,2,0.00
2024Q1,2024-01-01 00:00:00,SMB,CUST-01158,2024-12-31,3,0.00
2024Q1,2024-01-01 00:00:00,SMB,CUST-01158,2025-03-31,4,0.00
2024Q1,2024-01-01 00:00:00,SMB,CUST-01158,2025-06-30,5,0.00
2024Q1,2024-01-01 00:00:00,SMB,CUST-01158,2025-09-30,6,0.00
2024Q1,2024-01-01 00:00:00,SMB,CUST-01158,2025-12-31,7,0.00
2024Q1,2024-01-01 00:00:00,SMB,CUST-01158,2026-03-31,8,0.00
2024Q1,2024-01-01 00:00:00,SMB,CUST-01158,2026-06-30,9,0.00
2024Q1,2024-01-01 00:00:00,SMB,CUST-01160,2026-06-30,9,0.00
2024Q1,2024-01-01 00:00:00,SMB,CUST-01144,2025-06-30,5,1901.64
2024Q1,2024-01-01 00:00:00,SMB,CUST-01144,2025-09-30,6,1901.64
2024Q1,2024-01-01 00:00:00,SMB,CUST-01144,2025-12-31,7,0.00
2024Q1,2024-01-01 00:00:00,SMB,CUST-01140,2025-12-31,7,11875.20
2024Q1,2024-01-01 00:00:00,SMB,CUST-01140,2026-03-31,8,11875.20
2024Q1,2024-01-01 00:00:00,SMB,CUST-01140,2026-06-30,9,0.00
2024Q1,2024-01-01 00:00:00,SMB,CUST-01150,2024-03-31,0,10450.20
2024Q1,2024-01-01 00:00:00,SMB,CUST-01150,2024-06-30,1,10450.20
2024Q1,2024-01-01 00:00:00,SMB,CUST-01140,2024-06-30,1,7668.84
2024Q1,2024-01-01 00:00:00,SMB,CUST-01140,2024-09-30,2,7668.84
2024Q1,2024-01-01 00:00:00,SMB,CUST-01140,2024-12-31,3,9318.96
2024Q1,2024-01-01 00:00:00,SMB,CUST-01140,2025-03-31,4,9318.96
2024Q1,2024-01-01 00:00:00,SMB,CUST-01140,2025-06-30,5,11875.20
2024Q1,2024-01-01 00:00:00,SMB,CUST-01150,2026-06-30,9,16999.32
2024Q1,2024-01-01 00:00:00,SMB,CUST-01161,2024-12-31,3,14340.24
2024Q1,2024-01-01 00:00:00,SMB,CUST-01161,2025-03-31,4,14340.24
2024Q1,2024-01-01 00:00:00,SMB,CUST-01161,2025-06-30,5,14340.24
2024Q1,2024-01-01 00:00:00,SMB,CUST-01155,2024-03-31,0,3830.28
2024Q1,2024-01-01 00:00:00,SMB,CUST-01155,2024-06-30,1,3830.28
2024Q1,2024-01-01 00:00:00,SMB,CUST-01155,2024-09-30,2,3830.28
2024Q1,2024-01-01 00:00:00,Mid-Market,CUST-01275,2024-03-31,0,40212.96
2024Q1,2024-01-01 00:00:00,Mid-Market,CUST-01275,2025-06-30,5,42151.92
2024Q1,2024-01-01 00:00:00,Mid-Market,CUST-01275,2025-09-30,6,42151.92
2024Q1,2024-01-01 00:00:00,Mid-Market,CUST-01275,2024-12-31,3,40212.96
2024Q1,2024-01-01 00:00:00,Mid-Market,CUST-01275,2025-03-31,4,42151.92
2024Q1,2024-01-01 00:00:00,SMB,CUST-01132,2025-12-31,7,6344.16
2024Q1,2024-01-01 00:00:00,SMB,CUST-01138,2026-06-30,9,0.00
2024Q1,2024-01-01 00:00:00,SMB,CUST-01140,2024-03-31,0,7668.84
2024Q1,2024-01-01 00:00:00,SMB,CUST-01161,2024-03-31,0,5761.68
2024Q1,2024-01-01 00:00:00,SMB,CUST-01132,2026-03-31,8,6344.16
2024Q1,2024-01-01 00:00:00,SMB,CUST-01132,2026-06-30,9,6344.16
2024Q1,2024-01-01 00:00:00,Mid-Market,CUST-01275,2024-06-30,1,40212.96
2024Q1,2024-01-01 00:00:00,SMB,CUST-01132,2024-09-30,2,6344.16
2024Q1,2024-01-01 00:00:00,SMB,CUST-01138,2026-03-31,8,0.00
2024Q1,2024-01-01 00:00:00,Mid-Market,CUST-01275,2024-09-30,2,40212.96
2024Q1,2024-01-01 00:00:00,SMB,CUST-01132,2024-12-31,3,6344.16
2024Q1,2024-01-01 00:00:00,SMB,CUST-01161,2024-06-30,1,5761.68
2024Q1,2024-01-01 00:00:00,SMB,CUST-01132,2025-03-31,4,6344.16
2024Q1,2024-01-01 00:00:00,SMB,CUST-01132,2025-06-30,5,6344.16
2024Q1,2024-01-01 00:00:00,Mid-Market,CUST-01275,2026-06-30,9,44016.48
2024Q1,2024-01-01 00:00:00,SMB,CUST-01132,2025-09-30,6,6344.16
2024Q1,2024-01-01 00:00:00,Mid-Market,CUST-01275,2025-12-31,7,48768.36
2024Q1,2024-01-01 00:00:00,SMB,CUST-01161,2024-09-30,2,8066.40
2024Q1,2024-01-01 00:00:00,Mid-Market,CUST-01275,2026-03-31,8,44016.48
2024Q2,2024-04-01 00:00:00,Mid-Market,CUST-01289,2024-06-30,0,10816.20
2024Q2,2024-04-01 00:00:00,Mid-Market,CUST-01289,2024-09-30,1,10816.20
2024Q2,2024-04-01 00:00:00,Mid-Market,CUST-01289,2024-12-31,2,10816.20
2024Q2,2024-04-01 00:00:00,Mid-Market,CUST-01289,2025-03-31,3,10816.20
2024Q2,2024-04-01 00:00:00,Mid-Market,CUST-01289,2025-06-30,4,0.00
2024Q2,2024-04-01 00:00:00,Mid-Market,CUST-01289,2025-09-30,5,0.00
2024Q2,2024-04-01 00:00:00,Mid-Market,CUST-01289,2025-12-31,6,0.00
2024Q2,2024-04-01 00:00:00,Mid-Market,CUST-01289,2026-03-31,7,0.00
2024Q2,2024-04-01 00:00:00,Mid-Market,CUST-01289,2026-06-30,8,0.00
2024Q2,2024-04-01 00:00:00,Mid-Market,CUST-01291,2024-06-30,0,13596.72
2024Q2,2024-04-01 00:00:00,Mid-Market,CUST-01291,2024-09-30,1,13596.72
2024Q2,2024-04-01 00:00:00,Mid-Market,CUST-01291,2024-12-31,2,13596.72
2024Q2,2024-04-01 00:00:00,Mid-Market,CUST-01291,2025-03-31,3,20395.20
2024Q2,2024-04-01 00:00:00,Mid-Market,CUST-01291,2025-06-30,4,21078.12
2024Q2,2024-04-01 00:00:00,Mid-Market,CUST-01291,2025-09-30,5,21078.12
2024Q2,2024-04-01 00:00:00,Mid-Market,CUST-01291,2025-12-31,6,21078.12
2024Q2,2024-04-01 00:00:00,Mid-Market,CUST-01291,2026-03-31,7,21078.12
2024Q2,2024-04-01 00:00:00,Mid-Market,CUST-01291,2026-06-30,8,26106.84
2024Q2,2024-04-01 00:00:00,Enterprise,CUST-01325,2024-06-30,0,99912.00
2024Q2,2024-04-01 00:00:00,Enterprise,CUST-01325,2024-09-30,1,99912.00
2024Q2,2024-04-01 00:00:00,Enterprise,CUST-01325,2024-12-31,2,99912.00
2024Q2,2024-04-01 00:00:00,Enterprise,CUST-01325,2025-03-31,3,99912.00
2024Q2,2024-04-01 00:00:00,Enterprise,CUST-01325,2025-06-30,4,126462.00
2024Q2,2024-04-01 00:00:00,Enterprise,CUST-01325,2025-09-30,5,126462.00
2024Q2,2024-04-01 00:00:00,Enterprise,CUST-01325,2025-12-31,6,137640.96
2024Q2,2024-04-01 00:00:00,Enterprise,CUST-01325,2026-03-31,7,137640.96
2024Q2,2024-04-01 00:00:00,Enterprise,CUST-01325,2026-06-30,8,94326.60
2024Q2,2024-04-01 00:00:00,Enterprise,CUST-01326,2024-06-30,0,180761.88
2024Q2,2024-04-01 00:00:00,Enterprise,CUST-01326,2024-09-30,1,180761.88
2024Q2,2024-04-01 00:00:00,Enterprise,CUST-01326,2024-12-31,2,180761.88
2024Q2,2024-04-01 00:00:00,Enterprise,CUST-01326,2025-03-31,3,180761.88
2024Q2,2024-04-01 00:00:00,Enterprise,CUST-01326,2025-06-30,4,180761.88
2024Q2,2024-04-01 00:00:00,Enterprise,CUST-01326,2025-09-30,5,180761.88
2024Q2,2024-04-01 00:00:00,Enterprise,CUST-01326,2025-12-31,6,185658.12
2024Q2,2024-04-01 00:00:00,Enterprise,CUST-01326,2026-03-31,7,185658.12
2024Q2,2024-04-01 00:00:00,Enterprise,CUST-01326,2026-06-30,8,191728.32
2024Q2,2024-04-01 00:00:00,SMB,CUST-01169,2024-06-30,0,7443.24
2024Q2,2024-04-01 00:00:00,SMB,CUST-01169,2024-09-30,1,10420.56
2024Q2,2024-04-01 00:00:00,SMB,CUST-01169,2024-12-31,2,10420.56
2024Q2,2024-04-01 00:00:00,SMB,CUST-01169,2025-03-31,3,10420.56
2024Q2,2024-04-01 00:00:00,SMB,CUST-01169,2025-06-30,4,0.00
2024Q2,2024-04-01 00:00:00,SMB,CUST-01169,2025-09-30,5,0.00
2024Q2,2024-04-01 00:00:00,SMB,CUST-01169,2025-12-31,6,0.00
2024Q2,2024-04-01 00:00:00,SMB,CUST-01169,2026-03-31,7,0.00
2024Q2,2024-04-01 00:00:00,SMB,CUST-01169,2026-06-30,8,0.00
2024Q2,2024-04-01 00:00:00,SMB,CUST-01180,2024-06-30,0,8091.24
2024Q2,2024-04-01 00:00:00,SMB,CUST-01180,2024-09-30,1,8091.24
2024Q2,2024-04-01 00:00:00,SMB,CUST-01180,2024-12-31,2,8091.24
2024Q2,2024-04-01 00:00:00,SMB,CUST-01180,2025-03-31,3,10788.24
2024Q2,2024-04-01 00:00:00,SMB,CUST-01180,2025-06-30,4,11288.40
2024Q2,2024-04-01 00:00:00,SMB,CUST-01180,2025-09-30,5,11288.40
2024Q2,2024-04-01 00:00:00,SMB,CUST-01180,2025-12-31,6,11288.40
2024Q2,2024-04-01 00:00:00,SMB,CUST-01180,2026-03-31,7,11288.40
2024Q2,2024-04-01 00:00:00,SMB,CUST-01180,2026-06-30,8,11853.00
2024Q2,2024-04-01 00:00:00,SMB,CUST-01196,2024-06-30,0,11988.84
2024Q2,2024-04-01 00:00:00,SMB,CUST-01196,2024-09-30,1,11988.84
2024Q2,2024-04-01 00:00:00,SMB,CUST-01196,2024-12-31,2,11988.84
2024Q2,2024-04-01 00:00:00,SMB,CUST-01196,2025-03-31,3,11988.84
2024Q2,2024-04-01 00:00:00,SMB,CUST-01196,2025-06-30,4,11988.84
2024Q2,2024-04-01 00:00:00,SMB,CUST-01196,2025-09-30,5,11989.32
2024Q2,2024-04-01 00:00:00,SMB,CUST-01196,2025-12-31,6,14558.52
2024Q2,2024-04-01 00:00:00,SMB,CUST-01196,2026-03-31,7,14558.52
2024Q2,2024-04-01 00:00:00,SMB,CUST-01196,2026-06-30,8,14558.52
2024Q2,2024-04-01 00:00:00,SMB,CUST-01164,2024-06-30,0,3695.76
2024Q2,2024-04-01 00:00:00,SMB,CUST-01164,2024-09-30,1,4311.72
2024Q2,2024-04-01 00:00:00,SMB,CUST-01164,2024-12-31,2,6036.36
2024Q2,2024-04-01 00:00:00,SMB,CUST-01164,2025-03-31,3,6036.36
2024Q2,2024-04-01 00:00:00,SMB,CUST-01164,2025-06-30,4,6036.36
2024Q2,2024-04-01 00:00:00,SMB,CUST-01164,2025-09-30,5,6036.36
2024Q2,2024-04-01 00:00:00,SMB,CUST-01164,2025-12-31,6,5174.04
2024Q2,2024-04-01 00:00:00,SMB,CUST-01164,2026-03-31,7,5174.04
2024Q2,2024-04-01 00:00:00,SMB,CUST-01164,2026-06-30,8,5174.04
2024Q2,2024-04-01 00:00:00,SMB,CUST-01189,2024-06-30,0,1240.56
2024Q2,2024-04-01 00:00:00,SMB,CUST-01189,2024-09-30,1,1240.56
2024Q2,2024-04-01 00:00:00,SMB,CUST-01189,2024-12-31,2,1240.56
2024Q2,2024-04-01 00:00:00,SMB,CUST-01189,2025-03-31,3,1240.56
2024Q2,2024-04-01 00:00:00,SMB,CUST-01189,2025-06-30,4,1240.56
2024Q2,2024-04-01 00:00:00,SMB,CUST-01189,2025-09-30,5,0.00
2024Q2,2024-04-01 00:00:00,SMB,CUST-01189,2025-12-31,6,0.00
2024Q2,2024-04-01 00:00:00,SMB,CUST-01189,2026-03-31,7,0.00
2024Q2,2024-04-01 00:00:00,SMB,CUST-01189,2026-06-30,8,0.00
2024Q2,2024-04-01 00:00:00,SMB,CUST-01193,2024-06-30,0,7930.56
2024Q2,2024-04-01 00:00:00,SMB,CUST-01193,2024-09-30,1,7930.56
2024Q2,2024-04-01 00:00:00,SMB,CUST-01193,2024-12-31,2,7930.56
2024Q2,2024-04-01 00:00:00,SMB,CUST-01193,2025-03-31,3,7930.56
2024Q2,2024-04-01 00:00:00,SMB,CUST-01193,2025-06-30,4,7930.56
2024Q2,2024-04-01 00:00:00,SMB,CUST-01193,2025-09-30,5,7930.56
2024Q2,2024-04-01 00:00:00,SMB,CUST-01193,2025-12-31,6,7930.56
2024Q2,2024-04-01 00:00:00,SMB,CUST-01193,2026-03-31,7,7930.56
2024Q2,2024-04-01 00:00:00,SMB,CUST-01193,2026-06-30,8,7930.56
2024Q2,2024-04-01 00:00:00,Mid-Market,CUST-01295,2024-06-30,0,24683.76
2024Q2,2024-04-01 00:00:00,Mid-Market,CUST-01295,2024-09-30,1,24683.76
2024Q2,2024-04-01 00:00:00,Mid-Market,CUST-01295,2024-12-31,2,24683.76
2024Q2,2024-04-01 00:00:00,Mid-Market,CUST-01295,2025-03-31,3,24683.76
2024Q2,2024-04-01 00:00:00,Mid-Market,CUST-01295,2025-06-30,4,24683.76
2024Q2,2024-04-01 00:00:00,Mid-Market,CUST-01295,2025-09-30,5,25815.24
2024Q2,2024-04-01 00:00:00,Mid-Market,CUST-01295,2025-12-31,6,25815.24
2024Q2,2024-04-01 00:00:00,Mid-Market,CUST-01294,2024-06-30,0,22809.84
2024Q2,2024-04-01 00:00:00,Mid-Market,CUST-01294,2024-09-30,1,22809.84
2024Q2,2024-04-01 00:00:00,Mid-Market,CUST-01294,2024-12-31,2,22809.84
2024Q2,2024-04-01 00:00:00,Mid-Market,CUST-01294,2025-03-31,3,22809.84
2024Q2,2024-04-01 00:00:00,Mid-Market,CUST-01294,2025-06-30,4,22809.84
2024Q2,2024-04-01 00:00:00,Mid-Market,CUST-01294,2025-09-30,5,23870.04
2024Q2,2024-04-01 00:00:00,Mid-Market,CUST-01294,2025-12-31,6,59926.92
2024Q2,2024-04-01 00:00:00,Mid-Market,CUST-01294,2026-03-31,7,59926.92
2024Q2,2024-04-01 00:00:00,Mid-Market,CUST-01294,2026-06-30,8,89221.92
2024Q2,2024-04-01 00:00:00,SMB,CUST-01168,2024-06-30,0,4517.52
2024Q2,2024-04-01 00:00:00,SMB,CUST-01168,2024-09-30,1,4517.52
2024Q2,2024-04-01 00:00:00,SMB,CUST-01168,2024-12-31,2,4517.52
2024Q2,2024-04-01 00:00:00,SMB,CUST-01168,2025-03-31,3,4517.52
2024Q2,2024-04-01 00:00:00,SMB,CUST-01168,2025-06-30,4,0.00
2024Q2,2024-04-01 00:00:00,SMB,CUST-01168,2025-09-30,5,0.00
2024Q2,2024-04-01 00:00:00,SMB,CUST-01168,2025-12-31,6,0.00
2024Q2,2024-04-01 00:00:00,SMB,CUST-01168,2026-03-31,7,0.00
2024Q2,2024-04-01 00:00:00,SMB,CUST-01168,2026-06-30,8,0.00
2024Q2,2024-04-01 00:00:00,SMB,CUST-01171,2024-06-30,0,8250.72
2024Q2,2024-04-01 00:00:00,SMB,CUST-01171,2024-09-30,1,8250.72
2024Q2,2024-04-01 00:00:00,SMB,CUST-01171,2024-12-31,2,8250.72
2024Q2,2024-04-01 00:00:00,SMB,CUST-01171,2025-03-31,3,11550.96
2024Q2,2024-04-01 00:00:00,SMB,CUST-01171,2025-06-30,4,11550.96
2024Q2,2024-04-01 00:00:00,SMB,CUST-01171,2025-09-30,5,11550.96
2024Q2,2024-04-01 00:00:00,SMB,CUST-01171,2025-12-31,6,11550.96
2024Q2,2024-04-01 00:00:00,SMB,CUST-01171,2026-03-31,7,0.00
2024Q2,2024-04-01 00:00:00,SMB,CUST-01171,2026-06-30,8,0.00
2024Q2,2024-04-01 00:00:00,SMB,CUST-01195,2024-06-30,0,10920.12
2024Q2,2024-04-01 00:00:00,SMB,CUST-01195,2024-09-30,1,10920.12
2024Q2,2024-04-01 00:00:00,SMB,CUST-01195,2024-12-31,2,12204.84
2024Q2,2024-04-01 00:00:00,SMB,CUST-01195,2025-03-31,3,12204.84
2024Q2,2024-04-01 00:00:00,SMB,CUST-01195,2025-06-30,4,17086.80
2024Q2,2024-04-01 00:00:00,SMB,CUST-01195,2025-09-30,5,17086.80
2024Q2,2024-04-01 00:00:00,SMB,CUST-01195,2025-12-31,6,17086.80
2024Q2,2024-04-01 00:00:00,SMB,CUST-01195,2026-03-31,7,17086.80
2024Q2,2024-04-01 00:00:00,SMB,CUST-01195,2026-06-30,8,17086.80
2024Q2,2024-04-01 00:00:00,Mid-Market,CUST-01296,2024-06-30,0,39611.88
2024Q2,2024-04-01 00:00:00,Mid-Market,CUST-01296,2024-09-30,1,39611.88
2024Q2,2024-04-01 00:00:00,Mid-Market,CUST-01296,2024-12-31,2,54600.24
2024Q2,2024-04-01 00:00:00,Mid-Market,CUST-01296,2025-03-31,3,65631.00
2024Q2,2024-04-01 00:00:00,Mid-Market,CUST-01296,2025-06-30,4,65631.00
2024Q2,2024-04-01 00:00:00,Mid-Market,CUST-01296,2025-09-30,5,65631.00
2024Q2,2024-04-01 00:00:00,Mid-Market,CUST-01296,2025-12-31,6,87471.12
2024Q2,2024-04-01 00:00:00,Mid-Market,CUST-01296,2026-03-31,7,87471.12
2024Q2,2024-04-01 00:00:00,Mid-Market,CUST-01296,2026-06-30,8,87471.12
2024Q2,2024-04-01 00:00:00,Mid-Market,CUST-01290,2025-06-30,4,47766.36
2024Q2,2024-04-01 00:00:00,Mid-Market,CUST-01290,2025-09-30,5,47766.36
2024Q2,2024-04-01 00:00:00,Mid-Market,CUST-01290,2025-12-31,6,57319.56
2024Q2,2024-04-01 00:00:00,Mid-Market,CUST-01290,2026-03-31,7,57319.56
2024Q2,2024-04-01 00:00:00,Mid-Market,CUST-01290,2026-06-30,8,57319.56
2024Q2,2024-04-01 00:00:00,SMB,CUST-01166,2024-06-30,0,4682.40
2024Q2,2024-04-01 00:00:00,SMB,CUST-01166,2024-09-30,1,4682.40
2024Q2,2024-04-01 00:00:00,SMB,CUST-01166,2024-12-31,2,4682.40
2024Q2,2024-04-01 00:00:00,SMB,CUST-01166,2025-03-31,3,4682.40
2024Q2,2024-04-01 00:00:00,SMB,CUST-01166,2025-06-30,4,4682.40
2024Q2,2024-04-01 00:00:00,SMB,CUST-01166,2025-09-30,5,4682.40
2024Q2,2024-04-01 00:00:00,SMB,CUST-01166,2025-12-31,6,4682.40
2024Q2,2024-04-01 00:00:00,SMB,CUST-01166,2026-03-31,7,4682.40
2024Q2,2024-04-01 00:00:00,SMB,CUST-01166,2026-06-30,8,4682.40
2024Q2,2024-04-01 00:00:00,SMB,CUST-01170,2024-06-30,0,3743.76
2024Q2,2024-04-01 00:00:00,SMB,CUST-01170,2024-09-30,1,3743.76
2024Q2,2024-04-01 00:00:00,SMB,CUST-01170,2024-12-31,2,3743.76
2024Q2,2024-04-01 00:00:00,SMB,CUST-01170,2025-03-31,3,3743.76
2024Q2,2024-04-01 00:00:00,SMB,CUST-01170,2025-06-30,4,4991.76
2024Q2,2024-04-01 00:00:00,SMB,CUST-01170,2025-09-30,5,6988.44
2024Q2,2024-04-01 00:00:00,SMB,CUST-01170,2025-12-31,6,6988.44
2024Q2,2024-04-01 00:00:00,SMB,CUST-01170,2026-03-31,7,6988.44
2024Q2,2024-04-01 00:00:00,SMB,CUST-01170,2026-06-30,8,6988.44
2024Q2,2024-04-01 00:00:00,SMB,CUST-01174,2024-06-30,0,3186.96
2024Q2,2024-04-01 00:00:00,SMB,CUST-01174,2024-09-30,1,3186.96
2024Q2,2024-04-01 00:00:00,SMB,CUST-01174,2024-12-31,2,4461.72
2024Q2,2024-04-01 00:00:00,SMB,CUST-01174,2025-03-31,3,4461.72
2024Q2,2024-04-01 00:00:00,SMB,CUST-01174,2025-06-30,4,3943.20
2024Q2,2024-04-01 00:00:00,SMB,CUST-01174,2025-09-30,5,5520.48
2024Q2,2024-04-01 00:00:00,SMB,CUST-01174,2025-12-31,6,5520.48
2024Q2,2024-04-01 00:00:00,SMB,CUST-01174,2026-03-31,7,5520.48
2024Q2,2024-04-01 00:00:00,SMB,CUST-01174,2026-06-30,8,4086.84
2024Q2,2024-04-01 00:00:00,SMB,CUST-01184,2024-06-30,0,9831.72
2024Q2,2024-04-01 00:00:00,SMB,CUST-01184,2024-09-30,1,9831.72
2024Q2,2024-04-01 00:00:00,SMB,CUST-01184,2024-12-31,2,9831.72
2024Q2,2024-04-01 00:00:00,SMB,CUST-01184,2025-03-31,3,9831.72
2024Q2,2024-04-01 00:00:00,SMB,CUST-01184,2025-06-30,4,9831.72
2024Q2,2024-04-01 00:00:00,SMB,CUST-01184,2025-09-30,5,0.00
2024Q2,2024-04-01 00:00:00,SMB,CUST-01184,2025-12-31,6,0.00
2024Q2,2024-04-01 00:00:00,SMB,CUST-01184,2026-03-31,7,0.00
2024Q2,2024-04-01 00:00:00,SMB,CUST-01184,2026-06-30,8,0.00
2024Q2,2024-04-01 00:00:00,SMB,CUST-01182,2025-03-31,3,0.00
2024Q2,2024-04-01 00:00:00,SMB,CUST-01182,2025-06-30,4,0.00
2024Q2,2024-04-01 00:00:00,SMB,CUST-01182,2025-09-30,5,0.00
2024Q2,2024-04-01 00:00:00,SMB,CUST-01182,2025-12-31,6,0.00
2024Q2,2024-04-01 00:00:00,SMB,CUST-01182,2026-03-31,7,0.00
2024Q2,2024-04-01 00:00:00,SMB,CUST-01182,2026-06-30,8,0.00
2024Q2,2024-04-01 00:00:00,SMB,CUST-01185,2024-06-30,0,5016.72
2024Q2,2024-04-01 00:00:00,SMB,CUST-01185,2024-09-30,1,5016.72
2024Q2,2024-04-01 00:00:00,SMB,CUST-01185,2024-12-31,2,0.00
2024Q2,2024-04-01 00:00:00,SMB,CUST-01185,2025-03-31,3,0.00
2024Q2,2024-04-01 00:00:00,SMB,CUST-01185,2025-06-30,4,0.00
2024Q2,2024-04-01 00:00:00,SMB,CUST-01185,2025-09-30,5,0.00
2024Q2,2024-04-01 00:00:00,SMB,CUST-01185,2025-12-31,6,0.00
2024Q2,2024-04-01 00:00:00,SMB,CUST-01185,2026-03-31,7,0.00
2024Q2,2024-04-01 00:00:00,SMB,CUST-01185,2026-06-30,8,0.00
2024Q2,2024-04-01 00:00:00,SMB,CUST-01186,2024-06-30,0,24243.96
2024Q2,2024-04-01 00:00:00,SMB,CUST-01186,2024-09-30,1,24243.96
2024Q2,2024-04-01 00:00:00,SMB,CUST-01186,2024-12-31,2,24243.96
2024Q2,2024-04-01 00:00:00,SMB,CUST-01186,2025-03-31,3,24243.96
2024Q2,2024-04-01 00:00:00,SMB,CUST-01186,2025-06-30,4,24243.96
2024Q2,2024-04-01 00:00:00,SMB,CUST-01186,2025-09-30,5,24244.08
2024Q2,2024-04-01 00:00:00,SMB,CUST-01186,2025-12-31,6,24244.08
2024Q2,2024-04-01 00:00:00,SMB,CUST-01186,2026-03-31,7,24244.08
2024Q2,2024-04-01 00:00:00,SMB,CUST-01186,2026-06-30,8,24244.08
2024Q2,2024-04-01 00:00:00,SMB,CUST-01194,2024-06-30,0,3224.76
2024Q2,2024-04-01 00:00:00,SMB,CUST-01194,2024-09-30,1,3224.76
2024Q2,2024-04-01 00:00:00,SMB,CUST-01194,2024-12-31,2,3224.76
2024Q2,2024-04-01 00:00:00,SMB,CUST-01194,2025-03-31,3,3224.76
2024Q2,2024-04-01 00:00:00,SMB,CUST-01194,2025-06-30,4,3869.76
2024Q2,2024-04-01 00:00:00,SMB,CUST-01194,2025-09-30,5,4016.88
2024Q2,2024-04-01 00:00:00,SMB,CUST-01194,2025-12-31,6,4016.88
2024Q2,2024-04-01 00:00:00,SMB,CUST-01194,2026-03-31,7,4016.88
2024Q2,2024-04-01 00:00:00,SMB,CUST-01194,2026-06-30,8,4016.88
2024Q2,2024-04-01 00:00:00,SMB,CUST-01175,2024-06-30,0,6913.56
2024Q2,2024-04-01 00:00:00,SMB,CUST-01175,2024-09-30,1,6913.56
2024Q2,2024-04-01 00:00:00,SMB,CUST-01175,2024-12-31,2,6913.56
2024Q2,2024-04-01 00:00:00,SMB,CUST-01175,2025-03-31,3,9678.96
2024Q2,2024-04-01 00:00:00,SMB,CUST-01175,2025-06-30,4,10558.80
2024Q2,2024-04-01 00:00:00,SMB,CUST-01175,2025-09-30,5,10558.80
2024Q2,2024-04-01 00:00:00,SMB,CUST-01175,2025-12-31,6,10558.80
2024Q2,2024-04-01 00:00:00,SMB,CUST-01175,2026-03-31,7,10558.80
2024Q2,2024-04-01 00:00:00,SMB,CUST-01175,2026-06-30,8,10558.80
2024Q2,2024-04-01 00:00:00,SMB,CUST-01163,2024-06-30,0,5946.24
2024Q2,2024-04-01 00:00:00,SMB,CUST-01163,2024-09-30,1,10143.36
2024Q2,2024-04-01 00:00:00,SMB,CUST-01163,2024-12-31,2,13314.60
2024Q2,2024-04-01 00:00:00,SMB,CUST-01163,2025-03-31,3,13314.60
2024Q2,2024-04-01 00:00:00,SMB,CUST-01163,2025-06-30,4,13314.60
2024Q2,2024-04-01 00:00:00,SMB,CUST-01163,2025-09-30,5,13314.60
2024Q2,2024-04-01 00:00:00,SMB,CUST-01163,2025-12-31,6,13314.60
2024Q2,2024-04-01 00:00:00,SMB,CUST-01163,2026-03-31,7,13314.60
2024Q2,2024-04-01 00:00:00,SMB,CUST-01163,2026-06-30,8,13314.60
2024Q2,2024-04-01 00:00:00,SMB,CUST-01183,2024-06-30,0,11252.64
2024Q2,2024-04-01 00:00:00,SMB,CUST-01183,2024-09-30,1,0.00
2024Q2,2024-04-01 00:00:00,SMB,CUST-01183,2024-12-31,2,0.00
2024Q2,2024-04-01 00:00:00,SMB,CUST-01183,2025-03-31,3,0.00
2024Q2,2024-04-01 00:00:00,SMB,CUST-01183,2025-06-30,4,0.00
2024Q2,2024-04-01 00:00:00,SMB,CUST-01183,2025-09-30,5,0.00
2024Q2,2024-04-01 00:00:00,SMB,CUST-01183,2025-12-31,6,0.00
2024Q2,2024-04-01 00:00:00,SMB,CUST-01183,2026-03-31,7,0.00
2024Q2,2024-04-01 00:00:00,SMB,CUST-01183,2026-06-30,8,0.00
2024Q2,2024-04-01 00:00:00,Mid-Market,CUST-01292,2024-06-30,0,46364.28
2024Q2,2024-04-01 00:00:00,Mid-Market,CUST-01292,2024-09-30,1,49675.92
2024Q2,2024-04-01 00:00:00,Mid-Market,CUST-01292,2024-12-31,2,62922.84
2024Q2,2024-04-01 00:00:00,Mid-Market,CUST-01292,2025-03-31,3,62922.84
2024Q2,2024-04-01 00:00:00,Mid-Market,CUST-01292,2025-06-30,4,65099.52
2024Q2,2024-04-01 00:00:00,Mid-Market,CUST-01292,2025-09-30,5,65099.52
2024Q2,2024-04-01 00:00:00,Mid-Market,CUST-01292,2025-12-31,6,65099.52
2024Q2,2024-04-01 00:00:00,Mid-Market,CUST-01292,2026-03-31,7,65099.52
2024Q2,2024-04-01 00:00:00,Mid-Market,CUST-01292,2026-06-30,8,65102.04
2024Q2,2024-04-01 00:00:00,Enterprise,CUST-01327,2024-06-30,0,225501.36
2024Q2,2024-04-01 00:00:00,Enterprise,CUST-01327,2024-09-30,1,225501.36
2024Q2,2024-04-01 00:00:00,Enterprise,CUST-01327,2024-12-31,2,225501.36
2024Q2,2024-04-01 00:00:00,Enterprise,CUST-01327,2025-03-31,3,272317.92
2024Q2,2024-04-01 00:00:00,Enterprise,CUST-01327,2025-06-30,4,272317.92
2024Q2,2024-04-01 00:00:00,Enterprise,CUST-01327,2025-09-30,5,283143.36
2024Q2,2024-04-01 00:00:00,Enterprise,CUST-01327,2025-12-31,6,283143.36
2024Q2,2024-04-01 00:00:00,Enterprise,CUST-01327,2026-03-31,7,283143.36
2024Q2,2024-04-01 00:00:00,Enterprise,CUST-01327,2026-06-30,8,283143.36
2024Q2,2024-04-01 00:00:00,SMB,CUST-01177,2024-06-30,0,6332.88
2024Q2,2024-04-01 00:00:00,SMB,CUST-01177,2024-09-30,1,6332.88
2024Q2,2024-04-01 00:00:00,SMB,CUST-01177,2024-12-31,2,6332.88
2024Q2,2024-04-01 00:00:00,SMB,CUST-01177,2025-03-31,3,6332.88
2024Q2,2024-04-01 00:00:00,SMB,CUST-01177,2025-06-30,4,0.00
2024Q2,2024-04-01 00:00:00,SMB,CUST-01177,2025-09-30,5,0.00
2024Q2,2024-04-01 00:00:00,SMB,CUST-01177,2025-12-31,6,0.00
2024Q2,2024-04-01 00:00:00,SMB,CUST-01177,2026-03-31,7,0.00
2024Q2,2024-04-01 00:00:00,SMB,CUST-01177,2026-06-30,8,0.00
2024Q2,2024-04-01 00:00:00,SMB,CUST-01187,2024-06-30,0,5451.24
2024Q2,2024-04-01 00:00:00,SMB,CUST-01187,2024-09-30,1,0.00
2024Q2,2024-04-01 00:00:00,SMB,CUST-01187,2024-12-31,2,0.00
2024Q2,2024-04-01 00:00:00,SMB,CUST-01187,2025-03-31,3,0.00
2024Q2,2024-04-01 00:00:00,SMB,CUST-01187,2026-06-30,8,0.00
2024Q2,2024-04-01 00:00:00,SMB,CUST-01187,2025-09-30,5,0.00
2024Q2,2024-04-01 00:00:00,SMB,CUST-01187,2025-12-31,6,0.00
2024Q2,2024-04-01 00:00:00,SMB,CUST-01187,2026-03-31,7,0.00
2024Q2,2024-04-01 00:00:00,SMB,CUST-01187,2025-06-30,4,0.00
2024Q2,2024-04-01 00:00:00,SMB,CUST-01179,2025-03-31,3,0.00
2024Q2,2024-04-01 00:00:00,SMB,CUST-01191,2024-06-30,0,9409.44
2024Q2,2024-04-01 00:00:00,SMB,CUST-01191,2024-09-30,1,9409.44
2024Q2,2024-04-01 00:00:00,SMB,CUST-01191,2024-12-31,2,9409.44
2024Q2,2024-04-01 00:00:00,SMB,CUST-01191,2025-03-31,3,9409.44
2024Q2,2024-04-01 00:00:00,SMB,CUST-01191,2025-06-30,4,9409.44
2024Q2,2024-04-01 00:00:00,SMB,CUST-01191,2025-09-30,5,9749.52
2024Q2,2024-04-01 00:00:00,SMB,CUST-01191,2025-12-31,6,11049.48
2024Q2,2024-04-01 00:00:00,SMB,CUST-01191,2026-03-31,7,11049.48
2024Q2,2024-04-01 00:00:00,SMB,CUST-01191,2026-06-30,8,15469.32
2024Q2,2024-04-01 00:00:00,SMB,CUST-01162,2025-12-31,6,0.00
2024Q2,2024-04-01 00:00:00,SMB,CUST-01165,2024-06-30,0,3788.16
2024Q2,2024-04-01 00:00:00,SMB,CUST-01165,2024-09-30,1,0.00
2024Q2,2024-04-01 00:00:00,SMB,CUST-01165,2024-12-31,2,0.00
2024Q2,2024-04-01 00:00:00,SMB,CUST-01192,2024-06-30,0,7264.92
2024Q2,2024-04-01 00:00:00,SMB,CUST-01192,2024-09-30,1,7264.92
2024Q2,2024-04-01 00:00:00,SMB,CUST-01192,2024-12-31,2,7264.92
2024Q2,2024-04-01 00:00:00,SMB,CUST-01192,2025-03-31,3,9686.52
2024Q2,2024-04-01 00:00:00,SMB,CUST-01192,2025-06-30,4,9686.52
2024Q2,2024-04-01 00:00:00,SMB,CUST-01192,2025-09-30,5,9686.52
2024Q2,2024-04-01 00:00:00,SMB,CUST-01192,2025-12-31,6,9686.52
2024Q2,2024-04-01 00:00:00,SMB,CUST-01192,2026-03-31,7,9686.52
2024Q2,2024-04-01 00:00:00,SMB,CUST-01192,2026-06-30,8,9686.52
2024Q2,2024-04-01 00:00:00,Mid-Market,CUST-01288,2024-06-30,0,11204.04
2024Q2,2024-04-01 00:00:00,Mid-Market,CUST-01288,2024-09-30,1,11204.04
2024Q2,2024-04-01 00:00:00,Mid-Market,CUST-01288,2024-12-31,2,15685.68
2024Q2,2024-04-01 00:00:00,Mid-Market,CUST-01288,2025-03-31,3,15685.68
2024Q2,2024-04-01 00:00:00,Mid-Market,CUST-01288,2025-06-30,4,0.00
2024Q2,2024-04-01 00:00:00,Mid-Market,CUST-01288,2025-09-30,5,0.00
2024Q2,2024-04-01 00:00:00,Mid-Market,CUST-01288,2025-12-31,6,0.00
2024Q2,2024-04-01 00:00:00,Mid-Market,CUST-01288,2026-03-31,7,0.00
2024Q2,2024-04-01 00:00:00,SMB,CUST-01167,2024-06-30,0,3034.08
2024Q2,2024-04-01 00:00:00,SMB,CUST-01167,2024-09-30,1,1820.52
2024Q2,2024-04-01 00:00:00,SMB,CUST-01167,2024-12-31,2,1820.52
2024Q2,2024-04-01 00:00:00,SMB,CUST-01167,2025-03-31,3,0.00
2024Q2,2024-04-01 00:00:00,SMB,CUST-01167,2025-06-30,4,0.00
2024Q2,2024-04-01 00:00:00,SMB,CUST-01167,2025-09-30,5,0.00
2024Q2,2024-04-01 00:00:00,SMB,CUST-01167,2025-12-31,6,0.00
2024Q2,2024-04-01 00:00:00,SMB,CUST-01167,2026-03-31,7,0.00
2024Q2,2024-04-01 00:00:00,SMB,CUST-01167,2026-06-30,8,0.00
2024Q2,2024-04-01 00:00:00,SMB,CUST-01165,2025-03-31,3,0.00
2024Q2,2024-04-01 00:00:00,SMB,CUST-01165,2025-06-30,4,0.00
2024Q2,2024-04-01 00:00:00,SMB,CUST-01165,2025-09-30,5,0.00
2024Q2,2024-04-01 00:00:00,SMB,CUST-01165,2025-12-31,6,0.00
2024Q2,2024-04-01 00:00:00,SMB,CUST-01165,2026-03-31,7,0.00
2024Q2,2024-04-01 00:00:00,SMB,CUST-01165,2026-06-30,8,0.00
2024Q2,2024-04-01 00:00:00,SMB,CUST-01172,2024-06-30,0,0.00
2024Q2,2024-04-01 00:00:00,SMB,CUST-01172,2024-09-30,1,0.00
2024Q2,2024-04-01 00:00:00,SMB,CUST-01172,2024-12-31,2,0.00
2024Q2,2024-04-01 00:00:00,SMB,CUST-01172,2025-03-31,3,0.00
2024Q2,2024-04-01 00:00:00,SMB,CUST-01172,2025-06-30,4,0.00
2024Q2,2024-04-01 00:00:00,SMB,CUST-01172,2025-09-30,5,0.00
2024Q2,2024-04-01 00:00:00,SMB,CUST-01172,2025-12-31,6,0.00
2024Q2,2024-04-01 00:00:00,SMB,CUST-01172,2026-03-31,7,0.00
2024Q2,2024-04-01 00:00:00,SMB,CUST-01172,2026-06-30,8,0.00
2024Q2,2024-04-01 00:00:00,SMB,CUST-01179,2024-06-30,0,13249.32
2024Q2,2024-04-01 00:00:00,SMB,CUST-01179,2024-09-30,1,13249.32
2024Q2,2024-04-01 00:00:00,SMB,CUST-01179,2024-12-31,2,13249.32
2024Q2,2024-04-01 00:00:00,Mid-Market,CUST-01290,2024-06-30,0,44183.88
2024Q2,2024-04-01 00:00:00,Mid-Market,CUST-01290,2024-09-30,1,44183.88
2024Q2,2024-04-01 00:00:00,Mid-Market,CUST-01290,2024-12-31,2,44183.88
2024Q2,2024-04-01 00:00:00,Mid-Market,CUST-01293,2024-06-30,0,42686.16
2024Q2,2024-04-01 00:00:00,Mid-Market,CUST-01293,2024-09-30,1,42686.16
2024Q2,2024-04-01 00:00:00,Mid-Market,CUST-01293,2024-12-31,2,54543.48
2024Q2,2024-04-01 00:00:00,Mid-Market,CUST-01293,2025-03-31,3,54543.48
2024Q2,2024-04-01 00:00:00,Mid-Market,CUST-01293,2025-06-30,4,54543.48
2024Q2,2024-04-01 00:00:00,Mid-Market,CUST-01293,2025-09-30,5,54543.48
2024Q2,2024-04-01 00:00:00,Mid-Market,CUST-01293,2025-12-31,6,54543.48
2024Q2,2024-04-01 00:00:00,Mid-Market,CUST-01293,2026-03-31,7,62843.52
2024Q2,2024-04-01 00:00:00,SMB,CUST-01178,2024-06-30,0,7533.60
2024Q2,2024-04-01 00:00:00,SMB,CUST-01178,2024-09-30,1,7010.52
2024Q2,2024-04-01 00:00:00,SMB,CUST-01178,2024-12-31,2,8285.16
2024Q2,2024-04-01 00:00:00,SMB,CUST-01178,2025-03-31,3,0.00
2024Q2,2024-04-01 00:00:00,SMB,CUST-01178,2025-06-30,4,0.00
2024Q2,2024-04-01 00:00:00,SMB,CUST-01178,2025-09-30,5,0.00
2024Q2,2024-04-01 00:00:00,SMB,CUST-01178,2025-12-31,6,0.00
2024Q2,2024-04-01 00:00:00,SMB,CUST-01178,2026-03-31,7,0.00
2024Q2,2024-04-01 00:00:00,SMB,CUST-01178,2026-06-30,8,0.00
2024Q2,2024-04-01 00:00:00,SMB,CUST-01188,2024-06-30,0,9338.76
2024Q2,2024-04-01 00:00:00,SMB,CUST-01188,2024-09-30,1,9338.76
2024Q2,2024-04-01 00:00:00,SMB,CUST-01188,2024-12-31,2,9338.76
2024Q2,2024-04-01 00:00:00,SMB,CUST-01188,2025-03-31,3,12378.48
2024Q2,2024-04-01 00:00:00,SMB,CUST-01188,2025-06-30,4,12378.48
2024Q2,2024-04-01 00:00:00,SMB,CUST-01188,2025-09-30,5,16755.72
2024Q2,2024-04-01 00:00:00,SMB,CUST-01188,2025-12-31,6,16755.72
2024Q2,2024-04-01 00:00:00,SMB,CUST-01188,2026-03-31,7,16755.72
2024Q2,2024-04-01 00:00:00,SMB,CUST-01188,2026-06-30,8,16755.72
2024Q2,2024-04-01 00:00:00,SMB,CUST-01190,2024-06-30,0,14205.00
2024Q2,2024-04-01 00:00:00,SMB,CUST-01190,2024-09-30,1,14205.00
2024Q2,2024-04-01 00:00:00,SMB,CUST-01190,2024-12-31,2,14205.00
2024Q2,2024-04-01 00:00:00,SMB,CUST-01190,2025-03-31,3,14205.00
2024Q2,2024-04-01 00:00:00,SMB,CUST-01190,2025-06-30,4,19274.04
2024Q2,2024-04-01 00:00:00,SMB,CUST-01190,2025-09-30,5,21048.24
2024Q2,2024-04-01 00:00:00,SMB,CUST-01190,2025-12-31,6,21048.24
2024Q2,2024-04-01 00:00:00,SMB,CUST-01190,2026-03-31,7,21048.24
2024Q2,2024-04-01 00:00:00,SMB,CUST-01190,2026-06-30,8,21048.24
2024Q2,2024-04-01 00:00:00,Mid-Market,CUST-01297,2024-12-31,2,28926.84
2024Q2,2024-04-01 00:00:00,Mid-Market,CUST-01297,2025-03-31,3,28926.84
2024Q2,2024-04-01 00:00:00,Mid-Market,CUST-01297,2025-06-30,4,28926.84
2024Q2,2024-04-01 00:00:00,Mid-Market,CUST-01297,2025-09-30,5,0.00
2024Q2,2024-04-01 00:00:00,Mid-Market,CUST-01297,2025-12-31,6,30440.64
2024Q2,2024-04-01 00:00:00,Mid-Market,CUST-01297,2026-03-31,7,32875.92
2024Q2,2024-04-01 00:00:00,Mid-Market,CUST-01297,2026-06-30,8,32875.92
2024Q2,2024-04-01 00:00:00,Mid-Market,CUST-01295,2026-03-31,7,25815.24
2024Q2,2024-04-01 00:00:00,Mid-Market,CUST-01295,2026-06-30,8,25815.24
2024Q2,2024-04-01 00:00:00,SMB,CUST-01173,2025-09-30,5,0.00
2024Q2,2024-04-01 00:00:00,SMB,CUST-01173,2025-12-31,6,0.00
2024Q2,2024-04-01 00:00:00,SMB,CUST-01162,2024-06-30,0,3648.72
2024Q2,2024-04-01 00:00:00,SMB,CUST-01162,2024-09-30,1,3648.72
2024Q2,2024-04-01 00:00:00,SMB,CUST-01162,2024-12-31,2,3648.72
2024Q2,2024-04-01 00:00:00,SMB,CUST-01162,2025-03-31,3,3648.72
2024Q2,2024-04-01 00:00:00,SMB,CUST-01162,2025-06-30,4,0.00
2024Q2,2024-04-01 00:00:00,SMB,CUST-01173,2026-03-31,7,0.00
2024Q2,2024-04-01 00:00:00,SMB,CUST-01173,2026-06-30,8,0.00
2024Q2,2024-04-01 00:00:00,SMB,CUST-01176,2025-09-30,5,0.00
2024Q2,2024-04-01 00:00:00,SMB,CUST-01176,2025-12-31,6,0.00
2024Q2,2024-04-01 00:00:00,SMB,CUST-01176,2026-03-31,7,0.00
2024Q2,2024-04-01 00:00:00,SMB,CUST-01176,2026-06-30,8,0.00
2024Q2,2024-04-01 00:00:00,SMB,CUST-01181,2024-06-30,0,21812.88
2024Q2,2024-04-01 00:00:00,SMB,CUST-01181,2024-09-30,1,21812.88
2024Q2,2024-04-01 00:00:00,SMB,CUST-01181,2024-12-31,2,21812.88
2024Q2,2024-04-01 00:00:00,SMB,CUST-01181,2025-03-31,3,21812.88
2024Q2,2024-04-01 00:00:00,SMB,CUST-01179,2026-03-31,7,0.00
2024Q2,2024-04-01 00:00:00,SMB,CUST-01179,2026-06-30,8,0.00
2024Q2,2024-04-01 00:00:00,SMB,CUST-01182,2024-06-30,0,13042.68
2024Q2,2024-04-01 00:00:00,SMB,CUST-01182,2024-09-30,1,13042.68
2024Q2,2024-04-01 00:00:00,SMB,CUST-01182,2024-12-31,2,0.00
2024Q2,2024-04-01 00:00:00,SMB,CUST-01181,2025-06-30,4,0.00
2024Q2,2024-04-01 00:00:00,SMB,CUST-01181,2025-09-30,5,0.00
2024Q2,2024-04-01 00:00:00,SMB,CUST-01181,2025-12-31,6,0.00
2024Q2,2024-04-01 00:00:00,SMB,CUST-01181,2026-03-31,7,0.00
2024Q2,2024-04-01 00:00:00,SMB,CUST-01181,2026-06-30,8,0.00
2024Q2,2024-04-01 00:00:00,Mid-Market,CUST-01297,2024-06-30,0,28926.84
2024Q2,2024-04-01 00:00:00,SMB,CUST-01173,2024-06-30,0,9235.32
2024Q2,2024-04-01 00:00:00,SMB,CUST-01173,2024-09-30,1,0.00
2024Q2,2024-04-01 00:00:00,SMB,CUST-01173,2024-12-31,2,0.00
2024Q2,2024-04-01 00:00:00,Mid-Market,CUST-01293,2026-06-30,8,65367.00
2024Q2,2024-04-01 00:00:00,SMB,CUST-01179,2025-06-30,4,0.00
2024Q2,2024-04-01 00:00:00,SMB,CUST-01176,2025-06-30,4,0.00
2024Q2,2024-04-01 00:00:00,Mid-Market,CUST-01290,2025-03-31,3,46572.24
2024Q2,2024-04-01 00:00:00,SMB,CUST-01173,2025-03-31,3,0.00
2024Q2,2024-04-01 00:00:00,SMB,CUST-01162,2025-09-30,5,0.00
2024Q2,2024-04-01 00:00:00,SMB,CUST-01162,2026-03-31,7,0.00
2024Q2,2024-04-01 00:00:00,SMB,CUST-01162,2026-06-30,8,0.00
2024Q2,2024-04-01 00:00:00,Mid-Market,CUST-01297,2024-09-30,1,28926.84
2024Q2,2024-04-01 00:00:00,SMB,CUST-01176,2024-06-30,0,2100.84
2024Q2,2024-04-01 00:00:00,SMB,CUST-01176,2024-09-30,1,2100.84
2024Q2,2024-04-01 00:00:00,SMB,CUST-01176,2024-12-31,2,0.00
2024Q2,2024-04-01 00:00:00,SMB,CUST-01176,2025-03-31,3,0.00
2024Q2,2024-04-01 00:00:00,Mid-Market,CUST-01288,2026-06-30,8,0.00
2024Q2,2024-04-01 00:00:00,SMB,CUST-01173,2025-06-30,4,0.00
2024Q2,2024-04-01 00:00:00,SMB,CUST-01179,2025-09-30,5,0.00
2024Q2,2024-04-01 00:00:00,SMB,CUST-01179,2025-12-31,6,0.00
2024Q3,2024-07-01 00:00:00,SMB,CUST-01218,2026-06-30,7,3217.20
2024Q3,2024-07-01 00:00:00,SMB,CUST-01216,2025-09-30,4,11175.36
2024Q3,2024-07-01 00:00:00,SMB,CUST-01216,2025-12-31,5,11175.36
2024Q3,2024-07-01 00:00:00,SMB,CUST-01216,2026-03-31,6,11175.36
2024Q3,2024-07-01 00:00:00,SMB,CUST-01216,2026-06-30,7,11175.36
2024Q3,2024-07-01 00:00:00,SMB,CUST-01223,2024-09-30,0,4736.28
2024Q3,2024-07-01 00:00:00,SMB,CUST-01223,2024-12-31,1,4736.28
2024Q3,2024-07-01 00:00:00,SMB,CUST-01223,2025-03-31,2,4736.28
2024Q3,2024-07-01 00:00:00,SMB,CUST-01223,2025-06-30,3,0.00
2024Q3,2024-07-01 00:00:00,SMB,CUST-01223,2025-09-30,4,0.00
2024Q3,2024-07-01 00:00:00,SMB,CUST-01223,2025-12-31,5,0.00
2024Q3,2024-07-01 00:00:00,SMB,CUST-01223,2026-03-31,6,0.00
2024Q3,2024-07-01 00:00:00,SMB,CUST-01223,2026-06-30,7,0.00
2024Q3,2024-07-01 00:00:00,Mid-Market,CUST-01301,2024-09-30,0,59903.76
2024Q3,2024-07-01 00:00:00,Mid-Market,CUST-01301,2024-12-31,1,59903.76
2024Q3,2024-07-01 00:00:00,Mid-Market,CUST-01301,2025-03-31,2,59903.76
2024Q3,2024-07-01 00:00:00,Mid-Market,CUST-01301,2025-06-30,3,68660.88
2024Q3,2024-07-01 00:00:00,Mid-Market,CUST-01301,2025-09-30,4,62807.16
2024Q3,2024-07-01 00:00:00,Mid-Market,CUST-01301,2025-12-31,5,62807.16
2024Q3,2024-07-01 00:00:00,Mid-Market,CUST-01301,2026-03-31,6,62807.16
2024Q3,2024-07-01 00:00:00,Mid-Market,CUST-01301,2026-06-30,7,165443.16
2024Q3,2024-07-01 00:00:00,SMB,CUST-01204,2024-09-30,0,6755.28
2024Q3,2024-07-01 00:00:00,SMB,CUST-01204,2024-12-31,1,6755.28
2024Q3,2024-07-01 00:00:00,SMB,CUST-01204,2025-03-31,2,6755.28
2024Q3,2024-07-01 00:00:00,SMB,CUST-01204,2025-06-30,3,0.00
2024Q3,2024-07-01 00:00:00,SMB,CUST-01204,2025-09-30,4,0.00
2024Q3,2024-07-01 00:00:00,SMB,CUST-01204,2025-12-31,5,0.00
2024Q3,2024-07-01 00:00:00,SMB,CUST-01204,2026-03-31,6,0.00
2024Q3,2024-07-01 00:00:00,SMB,CUST-01204,2026-06-30,7,0.00
2024Q3,2024-07-01 00:00:00,SMB,CUST-01219,2024-09-30,0,7257.72
2024Q3,2024-07-01 00:00:00,SMB,CUST-01219,2024-12-31,1,0.00
2024Q3,2024-07-01 00:00:00,SMB,CUST-01219,2025-03-31,2,0.00
2024Q3,2024-07-01 00:00:00,SMB,CUST-01219,2025-06-30,3,0.00
2024Q3,2024-07-01 00:00:00,SMB,CUST-01219,2025-09-30,4,0.00
2024Q3,2024-07-01 00:00:00,SMB,CUST-01219,2025-12-31,5,0.00
2024Q3,2024-07-01 00:00:00,SMB,CUST-01219,2026-03-31,6,0.00
2024Q3,2024-07-01 00:00:00,SMB,CUST-01219,2026-06-30,7,0.00
2024Q3,2024-07-01 00:00:00,SMB,CUST-01198,2024-09-30,0,2584.08
2024Q3,2024-07-01 00:00:00,SMB,CUST-01198,2024-12-31,1,3230.04
2024Q3,2024-07-01 00:00:00,SMB,CUST-01198,2025-03-31,2,3230.04
2024Q3,2024-07-01 00:00:00,SMB,CUST-01198,2025-06-30,3,3230.04
2024Q3,2024-07-01 00:00:00,SMB,CUST-01198,2025-09-30,4,2675.16
2024Q3,2024-07-01 00:00:00,SMB,CUST-01198,2025-12-31,5,2675.16
2024Q3,2024-07-01 00:00:00,SMB,CUST-01198,2026-03-31,6,2675.16
2024Q3,2024-07-01 00:00:00,SMB,CUST-01198,2026-06-30,7,2675.16
2024Q3,2024-07-01 00:00:00,SMB,CUST-01203,2024-09-30,0,6736.56
2024Q3,2024-07-01 00:00:00,SMB,CUST-01203,2024-12-31,1,0.00
2024Q3,2024-07-01 00:00:00,SMB,CUST-01203,2025-03-31,2,7012.20
2024Q3,2024-07-01 00:00:00,SMB,CUST-01203,2025-06-30,3,7012.20
2024Q3,2024-07-01 00:00:00,SMB,CUST-01203,2025-09-30,4,0.00
2024Q3,2024-07-01 00:00:00,SMB,CUST-01203,2025-12-31,5,0.00
2024Q3,2024-07-01 00:00:00,SMB,CUST-01203,2026-03-31,6,0.00
2024Q3,2024-07-01 00:00:00,SMB,CUST-01203,2026-06-30,7,0.00
2024Q3,2024-07-01 00:00:00,Mid-Market,CUST-01298,2024-09-30,0,225086.52
2024Q3,2024-07-01 00:00:00,Mid-Market,CUST-01298,2024-12-31,1,231755.76
2024Q3,2024-07-01 00:00:00,Mid-Market,CUST-01298,2025-03-31,2,231755.76
2024Q3,2024-07-01 00:00:00,Mid-Market,CUST-01298,2025-06-30,3,231755.76
2024Q3,2024-07-01 00:00:00,Mid-Market,CUST-01298,2025-09-30,4,240681.48
2024Q3,2024-07-01 00:00:00,Mid-Market,CUST-01298,2025-12-31,5,253737.00
2024Q3,2024-07-01 00:00:00,Mid-Market,CUST-01298,2026-03-31,6,253737.00
2024Q3,2024-07-01 00:00:00,Mid-Market,CUST-01298,2026-06-30,7,253737.00
2024Q3,2024-07-01 00:00:00,SMB,CUST-01201,2024-09-30,0,8592.12
2024Q3,2024-07-01 00:00:00,SMB,CUST-01201,2024-12-31,1,8592.12
2024Q3,2024-07-01 00:00:00,SMB,CUST-01201,2025-03-31,2,8592.12
2024Q3,2024-07-01 00:00:00,SMB,CUST-01201,2025-06-30,3,9914.04
2024Q3,2024-07-01 00:00:00,SMB,CUST-01201,2025-09-30,4,9914.04
2024Q3,2024-07-01 00:00:00,SMB,CUST-01201,2025-12-31,5,9914.04
2024Q3,2024-07-01 00:00:00,SMB,CUST-01201,2026-03-31,6,9914.04
2024Q3,2024-07-01 00:00:00,SMB,CUST-01201,2026-06-30,7,9914.04
2024Q3,2024-07-01 00:00:00,SMB,CUST-01208,2024-09-30,0,1285.20
2024Q3,2024-07-01 00:00:00,SMB,CUST-01208,2024-12-31,1,1285.20
2024Q3,2024-07-01 00:00:00,SMB,CUST-01208,2025-03-31,2,0.00
2024Q3,2024-07-01 00:00:00,SMB,CUST-01208,2025-06-30,3,0.00
2024Q3,2024-07-01 00:00:00,SMB,CUST-01208,2025-09-30,4,0.00
2024Q3,2024-07-01 00:00:00,SMB,CUST-01208,2025-12-31,5,0.00
2024Q3,2024-07-01 00:00:00,SMB,CUST-01208,2026-03-31,6,0.00
2024Q3,2024-07-01 00:00:00,SMB,CUST-01208,2026-06-30,7,0.00
2024Q3,2024-07-01 00:00:00,Mid-Market,CUST-01304,2024-09-30,0,19599.00
2024Q3,2024-07-01 00:00:00,Mid-Market,CUST-01304,2024-12-31,1,29887.08
2024Q3,2024-07-01 00:00:00,Mid-Market,CUST-01304,2025-03-31,2,29887.08
2024Q3,2024-07-01 00:00:00,Mid-Market,CUST-01304,2025-06-30,3,29887.08
2024Q3,2024-07-01 00:00:00,Mid-Market,CUST-01304,2025-09-30,4,29887.08
2024Q3,2024-07-01 00:00:00,Mid-Market,CUST-01304,2025-12-31,5,19599.36
2024Q3,2024-07-01 00:00:00,Mid-Market,CUST-01304,2026-03-31,6,27439.08
2024Q3,2024-07-01 00:00:00,Mid-Market,CUST-01304,2026-06-30,7,27439.08
2024Q3,2024-07-01 00:00:00,Mid-Market,CUST-01306,2024-09-30,0,17884.32
2024Q3,2024-07-01 00:00:00,Mid-Market,CUST-01306,2024-12-31,1,28544.04
2024Q3,2024-07-01 00:00:00,Mid-Market,CUST-01306,2025-03-31,2,35697.72
2024Q3,2024-07-01 00:00:00,Mid-Market,CUST-01306,2025-06-30,3,35697.72
2024Q3,2024-07-01 00:00:00,Mid-Market,CUST-01306,2025-09-30,4,35697.72
2024Q3,2024-07-01 00:00:00,Mid-Market,CUST-01306,2025-12-31,5,53950.92
2024Q3,2024-07-01 00:00:00,Mid-Market,CUST-01306,2026-03-31,6,53950.92
2024Q3,2024-07-01 00:00:00,Mid-Market,CUST-01306,2026-06-30,7,75531.24
2024Q3,2024-07-01 00:00:00,SMB,CUST-01200,2024-09-30,0,5574.96
2024Q3,2024-07-01 00:00:00,SMB,CUST-01200,2024-12-31,1,0.00
2024Q3,2024-07-01 00:00:00,SMB,CUST-01200,2025-03-31,2,0.00
2024Q3,2024-07-01 00:00:00,SMB,CUST-01200,2025-06-30,3,0.00
2024Q3,2024-07-01 00:00:00,SMB,CUST-01200,2025-09-30,4,0.00
2024Q3,2024-07-01 00:00:00,SMB,CUST-01200,2025-12-31,5,0.00
2024Q3,2024-07-01 00:00:00,SMB,CUST-01200,2026-03-31,6,0.00
2024Q3,2024-07-01 00:00:00,SMB,CUST-01200,2026-06-30,7,0.00
2024Q3,2024-07-01 00:00:00,SMB,CUST-01218,2024-09-30,0,3217.20
2024Q3,2024-07-01 00:00:00,SMB,CUST-01218,2024-12-31,1,3217.20
2024Q3,2024-07-01 00:00:00,SMB,CUST-01218,2025-03-31,2,3217.20
2024Q3,2024-07-01 00:00:00,SMB,CUST-01218,2025-06-30,3,3217.20
2024Q3,2024-07-01 00:00:00,SMB,CUST-01218,2025-09-30,4,3217.20
2024Q3,2024-07-01 00:00:00,SMB,CUST-01218,2025-12-31,5,3217.20
2024Q3,2024-07-01 00:00:00,SMB,CUST-01218,2026-03-31,6,3217.20
2024Q3,2024-07-01 00:00:00,SMB,CUST-01214,2024-09-30,0,4815.72
2024Q3,2024-07-01 00:00:00,SMB,CUST-01214,2024-12-31,1,4815.72
2024Q3,2024-07-01 00:00:00,SMB,CUST-01214,2025-03-31,2,4815.72
2024Q3,2024-07-01 00:00:00,SMB,CUST-01214,2025-06-30,3,4815.72
2024Q3,2024-07-01 00:00:00,SMB,CUST-01214,2025-09-30,4,4815.72
2024Q3,2024-07-01 00:00:00,SMB,CUST-01214,2025-12-31,5,0.00
2024Q3,2024-07-01 00:00:00,SMB,CUST-01214,2026-03-31,6,0.00
2024Q3,2024-07-01 00:00:00,SMB,CUST-01214,2026-06-30,7,0.00
2024Q3,2024-07-01 00:00:00,SMB,CUST-01216,2024-09-30,0,8381.52
2024Q3,2024-07-01 00:00:00,SMB,CUST-01216,2024-12-31,1,8381.52
2024Q3,2024-07-01 00:00:00,SMB,CUST-01216,2025-03-31,2,8381.52
2024Q3,2024-07-01 00:00:00,SMB,CUST-01216,2025-06-30,3,11175.36
2024Q3,2024-07-01 00:00:00,SMB,CUST-01199,2024-09-30,0,0.00
2024Q3,2024-07-01 00:00:00,SMB,CUST-01199,2024-12-31,1,0.00
2024Q3,2024-07-01 00:00:00,SMB,CUST-01199,2025-03-31,2,0.00
2024Q3,2024-07-01 00:00:00,SMB,CUST-01199,2025-06-30,3,0.00
2024Q3,2024-07-01 00:00:00,SMB,CUST-01199,2025-09-30,4,0.00
2024Q3,2024-07-01 00:00:00,SMB,CUST-01199,2025-12-31,5,0.00
2024Q3,2024-07-01 00:00:00,SMB,CUST-01199,2026-03-31,6,0.00
2024Q3,2024-07-01 00:00:00,SMB,CUST-01199,2026-06-30,7,0.00
2024Q3,2024-07-01 00:00:00,SMB,CUST-01207,2026-03-31,6,0.00
2024Q3,2024-07-01 00:00:00,SMB,CUST-01207,2026-06-30,7,0.00
2024Q3,2024-07-01 00:00:00,SMB,CUST-01221,2026-03-31,6,2056.20
2024Q3,2024-07-01 00:00:00,SMB,CUST-01221,2026-06-30,7,2056.20
2024Q3,2024-07-01 00:00:00,SMB,CUST-01224,2026-06-30,7,8116.80
2024Q3,2024-07-01 00:00:00,SMB,CUST-01224,2024-12-31,1,8116.80
2024Q3,2024-07-01 00:00:00,SMB,CUST-01224,2025-03-31,2,8116.80
2024Q3,2024-07-01 00:00:00,SMB,CUST-01224,2025-06-30,3,8116.80
2024Q3,2024-07-01 00:00:00,SMB,CUST-01224,2025-09-30,4,8116.80
2024Q3,2024-07-01 00:00:00,SMB,CUST-01224,2025-12-31,5,8116.80
2024Q3,2024-07-01 00:00:00,SMB,CUST-01224,2026-03-31,6,8116.80
2024Q3,2024-07-01 00:00:00,SMB,CUST-01210,2024-12-31,1,5656.56
2024Q3,2024-07-01 00:00:00,SMB,CUST-01210,2025-03-31,2,5656.56
2024Q3,2024-07-01 00:00:00,SMB,CUST-01210,2025-06-30,3,5656.56
2024Q3,2024-07-01 00:00:00,SMB,CUST-01224,2024-09-30,0,6243.72
2024Q3,2024-07-01 00:00:00,SMB,CUST-01210,2025-09-30,4,6831.36
2024Q3,2024-07-01 00:00:00,SMB,CUST-01210,2025-12-31,5,6831.36
2024Q3,2024-07-01 00:00:00,SMB,CUST-01210,2026-03-31,6,6831.36
2024Q3,2024-07-01 00:00:00,SMB,CUST-01210,2026-06-30,7,6831.36
2024Q3,2024-07-01 00:00:00,SMB,CUST-01210,2024-09-30,0,5656.56
2024Q3,2024-07-01 00:00:00,SMB,CUST-01217,2025-09-30,4,0.00
2024Q3,2024-07-01 00:00:00,SMB,CUST-01217,2025-12-31,5,0.00
2024Q3,2024-07-01 00:00:00,SMB,CUST-01217,2026-03-31,6,0.00
2024Q3,2024-07-01 00:00:00,SMB,CUST-01217,2026-06-30,7,0.00
2024Q3,2024-07-01 00:00:00,Mid-Market,CUST-01300,2024-09-30,0,15096.84
2024Q3,2024-07-01 00:00:00,Mid-Market,CUST-01300,2024-12-31,1,15096.84
2024Q3,2024-07-01 00:00:00,Mid-Market,CUST-01300,2025-03-31,2,16175.16
2024Q3,2024-07-01 00:00:00,SMB,CUST-01206,2025-06-30,3,8438.52
2024Q3,2024-07-01 00:00:00,Mid-Market,CUST-01299,2025-09-30,4,39380.40
2024Q3,2024-07-01 00:00:00,Mid-Market,CUST-01299,2025-12-31,5,39380.40
2024Q3,2024-07-01 00:00:00,Mid-Market,CUST-01299,2026-03-31,6,39380.40
2024Q3,2024-07-01 00:00:00,Mid-Market,CUST-01299,2026-06-30,7,39380.40
2024Q3,2024-07-01 00:00:00,Mid-Market,CUST-01300,2025-06-30,3,16175.16
2024Q3,2024-07-01 00:00:00,Mid-Market,CUST-01300,2025-09-30,4,16175.88
2024Q3,2024-07-01 00:00:00,Mid-Market,CUST-01300,2025-12-31,5,16175.88
2024Q3,2024-07-01 00:00:00,Mid-Market,CUST-01300,2026-03-31,6,16175.88
2024Q3,2024-07-01 00:00:00,Mid-Market,CUST-01300,2026-06-30,7,16175.88
2024Q3,2024-07-01 00:00:00,Mid-Market,CUST-01303,2024-09-30,0,9460.32
2024Q3,2024-07-01 00:00:00,Mid-Market,CUST-01303,2024-12-31,1,9460.32
2024Q3,2024-07-01 00:00:00,SMB,CUST-01211,2024-12-31,1,2789.88
2024Q3,2024-07-01 00:00:00,SMB,CUST-01211,2025-03-31,2,2789.88
2024Q3,2024-07-01 00:00:00,SMB,CUST-01211,2025-06-30,3,2789.88
2024Q3,2024-07-01 00:00:00,SMB,CUST-01211,2025-09-30,4,2789.88
2024Q3,2024-07-01 00:00:00,SMB,CUST-01211,2025-12-31,5,2789.88
2024Q3,2024-07-01 00:00:00,SMB,CUST-01211,2026-03-31,6,2789.88
2024Q3,2024-07-01 00:00:00,SMB,CUST-01211,2026-06-30,7,2789.88
2024Q3,2024-07-01 00:00:00,SMB,CUST-01213,2024-09-30,0,7817.16
2024Q3,2024-07-01 00:00:00,SMB,CUST-01213,2024-12-31,1,10748.64
2024Q3,2024-07-01 00:00:00,SMB,CUST-01213,2025-03-31,2,10748.64
2024Q3,2024-07-01 00:00:00,SMB,CUST-01213,2025-06-30,3,0.00
2024Q3,2024-07-01 00:00:00,SMB,CUST-01213,2025-09-30,4,0.00
2024Q3,2024-07-01 00:00:00,Mid-Market,CUST-01303,2025-03-31,2,20216.16
2024Q3,2024-07-01 00:00:00,Mid-Market,CUST-01303,2025-06-30,3,20216.16
2024Q3,2024-07-01 00:00:00,Mid-Market,CUST-01303,2025-09-30,4,8409.36
2024Q3,2024-07-01 00:00:00,Mid-Market,CUST-01303,2025-12-31,5,8409.36
2024Q3,2024-07-01 00:00:00,Mid-Market,CUST-01303,2026-03-31,6,8409.36
2024Q3,2024-07-01 00:00:00,Mid-Market,CUST-01303,2026-06-30,7,11773.08
2024Q3,2024-07-01 00:00:00,SMB,CUST-01213,2025-12-31,5,0.00
2024Q3,2024-07-01 00:00:00,SMB,CUST-01213,2026-03-31,6,0.00
2024Q3,2024-07-01 00:00:00,SMB,CUST-01213,2026-06-30,7,0.00
2024Q3,2024-07-01 00:00:00,SMB,CUST-01220,2024-09-30,0,7621.08
2024Q3,2024-07-01 00:00:00,SMB,CUST-01220,2024-12-31,1,9526.32
2024Q3,2024-07-01 00:00:00,SMB,CUST-01220,2025-03-31,2,9526.32
2024Q3,2024-07-01 00:00:00,SMB,CUST-01220,2025-06-30,3,9526.32
2024Q3,2024-07-01 00:00:00,SMB,CUST-01220,2025-09-30,4,9526.32
2024Q3,2024-07-01 00:00:00,SMB,CUST-01220,2025-12-31,5,9526.32
2024Q3,2024-07-01 00:00:00,SMB,CUST-01220,2026-03-31,6,9526.32
2024Q3,2024-07-01 00:00:00,Mid-Market,CUST-01305,2024-09-30,0,21992.04
2024Q3,2024-07-01 00:00:00,Mid-Market,CUST-01305,2024-12-31,1,21992.04
2024Q3,2024-07-01 00:00:00,Mid-Market,CUST-01305,2025-03-31,2,21992.04
2024Q3,2024-07-01 00:00:00,Mid-Market,CUST-01305,2025-06-30,3,21992.04
2024Q3,2024-07-01 00:00:00,Mid-Market,CUST-01305,2025-09-30,4,32833.08
2024Q3,2024-07-01 00:00:00,Mid-Market,CUST-01305,2025-12-31,5,32833.08
2024Q3,2024-07-01 00:00:00,SMB,CUST-01209,2025-03-31,2,11239.20
2024Q3,2024-07-01 00:00:00,SMB,CUST-01221,2024-09-30,0,1370.76
2024Q3,2024-07-01 00:00:00,SMB,CUST-01221,2024-12-31,1,1370.76
2024Q3,2024-07-01 00:00:00,SMB,CUST-01221,2025-03-31,2,2056.20
2024Q3,2024-07-01 00:00:00,SMB,CUST-01221,2025-06-30,3,2056.20
2024Q3,2024-07-01 00:00:00,SMB,CUST-01221,2025-09-30,4,2056.20
2024Q3,2024-07-01 00:00:00,SMB,CUST-01221,2025-12-31,5,2056.20
2024Q3,2024-07-01 00:00:00,SMB,CUST-01211,2024-09-30,0,2789.88
2024Q3,2024-07-01 00:00:00,SMB,CUST-01212,2025-09-30,4,0.00
2024Q3,2024-07-01 00:00:00,SMB,CUST-01212,2025-12-31,5,0.00
2024Q3,2024-07-01 00:00:00,SMB,CUST-01212,2026-03-31,6,0.00
2024Q3,2024-07-01 00:00:00,SMB,CUST-01212,2026-06-30,7,0.00
2024Q3,2024-07-01 00:00:00,SMB,CUST-01217,2024-09-30,0,3839.64
2024Q3,2024-07-01 00:00:00,SMB,CUST-01217,2024-12-31,1,3839.64
2024Q3,2024-07-01 00:00:00,SMB,CUST-01217,2025-03-31,2,5375.52
2024Q3,2024-07-01 00:00:00,SMB,CUST-01217,2025-06-30,3,0.00
2024Q3,2024-07-01 00:00:00,Enterprise,CUST-01328,2025-12-31,5,194651.28
2024Q3,2024-07-01 00:00:00,Enterprise,CUST-01328,2026-03-31,6,194651.28
2024Q3,2024-07-01 00:00:00,SMB,CUST-01209,2025-06-30,3,0.00
2024Q3,2024-07-01 00:00:00,SMB,CUST-01209,2025-09-30,4,0.00
2024Q3,2024-07-01 00:00:00,SMB,CUST-01209,2025-12-31,5,0.00
2024Q3,2024-07-01 00:00:00,SMB,CUST-01197,2024-09-30,0,10894.20
2024Q3,2024-07-01 00:00:00,SMB,CUST-01197,2024-12-31,1,13067.04
2024Q3,2024-07-01 00:00:00,SMB,CUST-01209,2026-03-31,6,0.00
2024Q3,2024-07-01 00:00:00,SMB,CUST-01209,2026-06-30,7,0.00
2024Q3,2024-07-01 00:00:00,SMB,CUST-01212,2024-09-30,0,9885.00
2024Q3,2024-07-01 00:00:00,SMB,CUST-01212,2024-12-31,1,9885.00
2024Q3,2024-07-01 00:00:00,SMB,CUST-01212,2025-03-31,2,9885.00
2024Q3,2024-07-01 00:00:00,SMB,CUST-01212,2025-06-30,3,10551.60
2024Q3,2024-07-01 00:00:00,Mid-Market,CUST-01305,2026-03-31,6,32833.08
2024Q3,2024-07-01 00:00:00,Mid-Market,CUST-01305,2026-06-30,7,32833.08
2024Q3,2024-07-01 00:00:00,Enterprise,CUST-01328,2026-06-30,7,194651.28
2024Q3,2024-07-01 00:00:00,SMB,CUST-01207,2024-09-30,0,11112.96
2024Q3,2024-07-01 00:00:00,SMB,CUST-01207,2024-12-31,1,11112.96
2024Q3,2024-07-01 00:00:00,SMB,CUST-01207,2025-03-31,2,11112.96
2024Q3,2024-07-01 00:00:00,SMB,CUST-01207,2025-06-30,3,11112.96
2024Q3,2024-07-01 00:00:00,SMB,CUST-01207,2025-09-30,4,0.00
2024Q3,2024-07-01 00:00:00,SMB,CUST-01207,2025-12-31,5,0.00
2024Q3,2024-07-01 00:00:00,Mid-Market,CUST-01299,2024-09-30,0,26069.28
2024Q3,2024-07-01 00:00:00,Mid-Market,CUST-01299,2024-12-31,1,26069.28
2024Q3,2024-07-01 00:00:00,Mid-Market,CUST-01299,2025-03-31,2,31283.04
2024Q3,2024-07-01 00:00:00,Mid-Market,CUST-01299,2025-06-30,3,52555.56
2024Q3,2024-07-01 00:00:00,SMB,CUST-01206,2025-09-30,4,8438.64
2024Q3,2024-07-01 00:00:00,SMB,CUST-01206,2025-12-31,5,8438.64
2024Q3,2024-07-01 00:00:00,SMB,CUST-01206,2026-03-31,6,11100.72
2024Q3,2024-07-01 00:00:00,Enterprise,CUST-01328,2025-09-30,4,188053.80
2024Q3,2024-07-01 00:00:00,SMB,CUST-01220,2026-06-30,7,9526.32
2024Q3,2024-07-01 00:00:00,SMB,CUST-01206,2024-09-30,0,5842.08
2024Q3,2024-07-01 00:00:00,SMB,CUST-01206,2026-06-30,7,11100.72
2024Q3,2024-07-01 00:00:00,SMB,CUST-01209,2024-09-30,0,11239.20
2024Q3,2024-07-01 00:00:00,SMB,CUST-01209,2024-12-31,1,11239.20
2024Q3,2024-07-01 00:00:00,SMB,CUST-01206,2024-12-31,1,8438.52
2024Q3,2024-07-01 00:00:00,SMB,CUST-01206,2025-03-31,2,8438.52
2024Q3,2024-07-01 00:00:00,SMB,CUST-01222,2026-03-31,6,0.00
2024Q3,2024-07-01 00:00:00,SMB,CUST-01222,2026-06-30,7,0.00
2024Q3,2024-07-01 00:00:00,SMB,CUST-01197,2026-06-30,7,13067.04
2024Q3,2024-07-01 00:00:00,SMB,CUST-01197,2025-09-30,4,13067.04
2024Q3,2024-07-01 00:00:00,SMB,CUST-01202,2024-09-30,0,8414.28
2024Q3,2024-07-01 00:00:00,SMB,CUST-01202,2024-12-31,1,0.00
2024Q3,2024-07-01 00:00:00,SMB,CUST-01202,2025-03-31,2,0.00
2024Q3,2024-07-01 00:00:00,SMB,CUST-01202,2025-06-30,3,0.00
2024Q3,2024-07-01 00:00:00,SMB,CUST-01202,2025-09-30,4,0.00
2024Q3,2024-07-01 00:00:00,SMB,CUST-01202,2025-12-31,5,0.00
2024Q3,2024-07-01 00:00:00,SMB,CUST-01202,2026-03-31,6,0.00
2024Q3,2024-07-01 00:00:00,SMB,CUST-01202,2026-06-30,7,0.00
2024Q3,2024-07-01 00:00:00,Enterprise,CUST-01328,2024-12-31,1,174091.44
2024Q3,2024-07-01 00:00:00,SMB,CUST-01205,2024-09-30,0,6458.52
2024Q3,2024-07-01 00:00:00,SMB,CUST-01205,2024-12-31,1,8396.04
2024Q3,2024-07-01 00:00:00,SMB,CUST-01205,2025-03-31,2,6458.52
2024Q3,2024-07-01 00:00:00,SMB,CUST-01205,2025-06-30,3,6458.52
2024Q3,2024-07-01 00:00:00,SMB,CUST-01205,2025-09-30,4,6458.52
2024Q3,2024-07-01 00:00:00,SMB,CUST-01215,2024-09-30,0,2690.64
2024Q3,2024-07-01 00:00:00,SMB,CUST-01215,2024-12-31,1,2690.64
2024Q3,2024-07-01 00:00:00,SMB,CUST-01215,2025-03-31,2,2690.64
2024Q3,2024-07-01 00:00:00,SMB,CUST-01215,2025-06-30,3,2690.64
2024Q3,2024-07-01 00:00:00,SMB,CUST-01215,2025-09-30,4,2690.64
2024Q3,2024-07-01 00:00:00,SMB,CUST-01215,2025-12-31,5,0.00
2024Q3,2024-07-01 00:00:00,SMB,CUST-01215,2026-03-31,6,0.00
2024Q3,2024-07-01 00:00:00,SMB,CUST-01215,2026-06-30,7,0.00
2024Q3,2024-07-01 00:00:00,SMB,CUST-01197,2025-03-31,2,13067.04
2024Q3,2024-07-01 00:00:00,Mid-Market,CUST-01302,2025-09-30,4,0.00
2024Q3,2024-07-01 00:00:00,Mid-Market,CUST-01302,2025-12-31,5,0.00
2024Q3,2024-07-01 00:00:00,SMB,CUST-01205,2026-06-30,7,7104.36
2024Q3,2024-07-01 00:00:00,SMB,CUST-01205,2025-12-31,5,7104.36
2024Q3,2024-07-01 00:00:00,Enterprise,CUST-01328,2025-06-30,3,174091.44
2024Q3,2024-07-01 00:00:00,SMB,CUST-01197,2025-06-30,3,13067.04
2024Q3,2024-07-01 00:00:00,Mid-Market,CUST-01302,2026-06-30,7,0.00
2024Q3,2024-07-01 00:00:00,Enterprise,CUST-01328,2024-09-30,0,174091.44
2024Q3,2024-07-01 00:00:00,SMB,CUST-01205,2026-03-31,6,7104.36
2024Q3,2024-07-01 00:00:00,Mid-Market,CUST-01302,2025-03-31,2,25139.04
2024Q3,2024-07-01 00:00:00,Mid-Market,CUST-01302,2025-06-30,3,26710.20
2024Q3,2024-07-01 00:00:00,SMB,CUST-01197,2025-12-31,5,13067.04
2024Q3,2024-07-01 00:00:00,SMB,CUST-01222,2024-12-31,1,0.00
2024Q3,2024-07-01 00:00:00,SMB,CUST-01197,2026-03-31,6,13067.04
2024Q3,2024-07-01 00:00:00,SMB,CUST-01222,2025-09-30,4,0.00
2024Q3,2024-07-01 00:00:00,SMB,CUST-01222,2025-03-31,2,0.00
2024Q3,2024-07-01 00:00:00,Mid-Market,CUST-01302,2026-03-31,6,0.00
2024Q3,2024-07-01 00:00:00,SMB,CUST-01222,2025-06-30,3,0.00
2024Q3,2024-07-01 00:00:00,SMB,CUST-01222,2025-12-31,5,0.00
2024Q3,2024-07-01 00:00:00,Mid-Market,CUST-01302,2024-09-30,0,25139.04
2024Q3,2024-07-01 00:00:00,Enterprise,CUST-01328,2025-03-31,2,174091.44
2024Q3,2024-07-01 00:00:00,SMB,CUST-01222,2024-09-30,0,9739.68
2024Q3,2024-07-01 00:00:00,Mid-Market,CUST-01302,2024-12-31,1,25139.04
2024Q4,2024-10-01 00:00:00,SMB,CUST-01240,2024-12-31,0,10867.92
2024Q4,2024-10-01 00:00:00,SMB,CUST-01240,2025-03-31,1,10867.92
2024Q4,2024-10-01 00:00:00,SMB,CUST-01240,2025-06-30,2,10867.92
2024Q4,2024-10-01 00:00:00,SMB,CUST-01240,2025-09-30,3,10867.92
2024Q4,2024-10-01 00:00:00,SMB,CUST-01240,2025-12-31,4,11313.84
2024Q4,2024-10-01 00:00:00,SMB,CUST-01240,2026-03-31,5,11313.84
2024Q4,2024-10-01 00:00:00,SMB,CUST-01240,2026-06-30,6,11313.84
2024Q4,2024-10-01 00:00:00,SMB,CUST-01258,2024-12-31,0,12604.80
2024Q4,2024-10-01 00:00:00,SMB,CUST-01258,2025-03-31,1,12604.80
2024Q4,2024-10-01 00:00:00,SMB,CUST-01258,2025-06-30,2,12604.80
2024Q4,2024-10-01 00:00:00,SMB,CUST-01258,2025-09-30,3,12604.80
2024Q4,2024-10-01 00:00:00,SMB,CUST-01258,2025-12-31,4,12604.80
2024Q4,2024-10-01 00:00:00,SMB,CUST-01258,2026-03-31,5,0.00
2024Q4,2024-10-01 00:00:00,SMB,CUST-01258,2026-06-30,6,0.00
2024Q4,2024-10-01 00:00:00,Mid-Market,CUST-01307,2024-12-31,0,35856.96
2024Q4,2024-10-01 00:00:00,Mid-Market,CUST-01307,2025-03-31,1,64542.48
2024Q4,2024-10-01 00:00:00,Mid-Market,CUST-01307,2025-06-30,2,64542.48
2024Q4,2024-10-01 00:00:00,Mid-Market,CUST-01307,2025-09-30,3,70279.56
2024Q4,2024-10-01 00:00:00,Mid-Market,CUST-01307,2025-12-31,4,73593.72
2024Q4,2024-10-01 00:00:00,Mid-Market,CUST-01307,2026-03-31,5,73593.72
2024Q4,2024-10-01 00:00:00,Mid-Market,CUST-01307,2026-06-30,6,75095.64
2024Q4,2024-10-01 00:00:00,Mid-Market,CUST-01310,2024-12-31,0,32304.48
2024Q4,2024-10-01 00:00:00,Mid-Market,CUST-01310,2025-03-31,1,32304.48
2024Q4,2024-10-01 00:00:00,Mid-Market,CUST-01310,2025-06-30,2,32304.48
2024Q4,2024-10-01 00:00:00,Mid-Market,CUST-01310,2025-09-30,3,32304.48
2024Q4,2024-10-01 00:00:00,Mid-Market,CUST-01310,2025-12-31,4,32306.28
2024Q4,2024-10-01 00:00:00,Mid-Market,CUST-01310,2026-03-31,5,32306.28
2024Q4,2024-10-01 00:00:00,Mid-Market,CUST-01310,2026-06-30,6,32306.28
2024Q4,2024-10-01 00:00:00,Enterprise,CUST-01329,2024-12-31,0,252620.64
2024Q4,2024-10-01 00:00:00,Enterprise,CUST-01329,2025-03-31,1,252620.64
2024Q4,2024-10-01 00:00:00,Enterprise,CUST-01329,2025-06-30,2,252620.64
2024Q4,2024-10-01 00:00:00,Enterprise,CUST-01329,2025-09-30,3,252620.64
2024Q4,2024-10-01 00:00:00,Enterprise,CUST-01329,2025-12-31,4,0.00
2024Q4,2024-10-01 00:00:00,Enterprise,CUST-01329,2026-03-31,5,0.00
2024Q4,2024-10-01 00:00:00,Enterprise,CUST-01329,2026-06-30,6,0.00
2024Q4,2024-10-01 00:00:00,SMB,CUST-01229,2024-12-31,0,11806.32
2024Q4,2024-10-01 00:00:00,SMB,CUST-01229,2025-03-31,1,12790.20
2024Q4,2024-10-01 00:00:00,SMB,CUST-01229,2025-06-30,2,12790.20
2024Q4,2024-10-01 00:00:00,SMB,CUST-01229,2025-09-30,3,12790.20
2024Q4,2024-10-01 00:00:00,SMB,CUST-01229,2025-12-31,4,0.00
2024Q4,2024-10-01 00:00:00,SMB,CUST-01229,2026-03-31,5,0.00
2024Q4,2024-10-01 00:00:00,SMB,CUST-01229,2026-06-30,6,0.00
2024Q4,2024-10-01 00:00:00,SMB,CUST-01234,2024-12-31,0,4475.52
2024Q4,2024-10-01 00:00:00,SMB,CUST-01234,2025-03-31,1,4475.52
2024Q4,2024-10-01 00:00:00,SMB,CUST-01234,2025-06-30,2,0.00
2024Q4,2024-10-01 00:00:00,SMB,CUST-01234,2025-09-30,3,0.00
2024Q4,2024-10-01 00:00:00,SMB,CUST-01234,2025-12-31,4,0.00
2024Q4,2024-10-01 00:00:00,SMB,CUST-01234,2026-03-31,5,0.00
2024Q4,2024-10-01 00:00:00,SMB,CUST-01234,2026-06-30,6,0.00
2024Q4,2024-10-01 00:00:00,SMB,CUST-01236,2024-12-31,0,8011.80
2024Q4,2024-10-01 00:00:00,SMB,CUST-01236,2025-03-31,1,8011.80
2024Q4,2024-10-01 00:00:00,SMB,CUST-01236,2025-06-30,2,11350.08
2024Q4,2024-10-01 00:00:00,SMB,CUST-01236,2025-09-30,3,17295.12
2024Q4,2024-10-01 00:00:00,SMB,CUST-01236,2025-12-31,4,17295.12
2024Q4,2024-10-01 00:00:00,SMB,CUST-01236,2026-03-31,5,17295.12
2024Q4,2024-10-01 00:00:00,SMB,CUST-01236,2026-06-30,6,17295.12
2024Q4,2024-10-01 00:00:00,SMB,CUST-01237,2024-12-31,0,10103.28
2024Q4,2024-10-01 00:00:00,SMB,CUST-01237,2025-03-31,1,0.00
2024Q4,2024-10-01 00:00:00,SMB,CUST-01237,2025-06-30,2,0.00
2024Q4,2024-10-01 00:00:00,SMB,CUST-01237,2025-09-30,3,0.00
2024Q4,2024-10-01 00:00:00,SMB,CUST-01237,2025-12-31,4,0.00
2024Q4,2024-10-01 00:00:00,SMB,CUST-01237,2026-03-31,5,0.00
2024Q4,2024-10-01 00:00:00,SMB,CUST-01237,2026-06-30,6,0.00
2024Q4,2024-10-01 00:00:00,SMB,CUST-01241,2024-12-31,0,23237.64
2024Q4,2024-10-01 00:00:00,SMB,CUST-01241,2025-03-31,1,23237.64
2024Q4,2024-10-01 00:00:00,SMB,CUST-01241,2025-06-30,2,23237.64
2024Q4,2024-10-01 00:00:00,SMB,CUST-01241,2025-09-30,3,25258.32
2024Q4,2024-10-01 00:00:00,SMB,CUST-01241,2025-12-31,4,0.00
2024Q4,2024-10-01 00:00:00,SMB,CUST-01241,2026-03-31,5,0.00
2024Q4,2024-10-01 00:00:00,SMB,CUST-01241,2026-06-30,6,0.00
2024Q4,2024-10-01 00:00:00,Mid-Market,CUST-01317,2024-12-31,0,101652.96
2024Q4,2024-10-01 00:00:00,Mid-Market,CUST-01317,2025-03-31,1,101652.96
2024Q4,2024-10-01 00:00:00,Mid-Market,CUST-01317,2025-06-30,2,101652.96
2024Q4,2024-10-01 00:00:00,Mid-Market,CUST-01317,2025-09-30,3,101652.96
2024Q4,2024-10-01 00:00:00,Mid-Market,CUST-01317,2025-12-31,4,101652.96
2024Q4,2024-10-01 00:00:00,Mid-Market,CUST-01317,2026-03-31,5,142314.12
2024Q4,2024-10-01 00:00:00,Mid-Market,CUST-01317,2026-06-30,6,373383.24
2024Q4,2024-10-01 00:00:00,SMB,CUST-01225,2024-12-31,0,7997.16
2024Q4,2024-10-01 00:00:00,SMB,CUST-01225,2025-03-31,1,7997.16
2024Q4,2024-10-01 00:00:00,SMB,CUST-01225,2025-06-30,2,7997.16
2024Q4,2024-10-01 00:00:00,SMB,CUST-01225,2025-09-30,3,7997.16
2024Q4,2024-10-01 00:00:00,SMB,CUST-01225,2025-12-31,4,0.00
2024Q4,2024-10-01 00:00:00,SMB,CUST-01225,2026-03-31,5,7982.76
2024Q4,2024-10-01 00:00:00,SMB,CUST-01225,2026-06-30,6,7982.76
2024Q4,2024-10-01 00:00:00,SMB,CUST-01247,2024-12-31,0,4540.44
2024Q4,2024-10-01 00:00:00,SMB,CUST-01247,2025-03-31,1,4540.44
2024Q4,2024-10-01 00:00:00,SMB,CUST-01247,2025-06-30,2,4540.44
2024Q4,2024-10-01 00:00:00,SMB,CUST-01247,2025-09-30,3,4540.44
2024Q4,2024-10-01 00:00:00,SMB,CUST-01247,2025-12-31,4,5189.04
2024Q4,2024-10-01 00:00:00,SMB,CUST-01247,2026-03-31,5,7264.68
2024Q4,2024-10-01 00:00:00,SMB,CUST-01247,2026-06-30,6,7264.68
2024Q4,2024-10-01 00:00:00,SMB,CUST-01253,2024-12-31,0,11522.64
2024Q4,2024-10-01 00:00:00,SMB,CUST-01253,2025-03-31,1,11522.64
2024Q4,2024-10-01 00:00:00,SMB,CUST-01253,2025-06-30,2,0.00
2024Q4,2024-10-01 00:00:00,SMB,CUST-01253,2025-09-30,3,0.00
2024Q4,2024-10-01 00:00:00,SMB,CUST-01253,2025-12-31,4,0.00
2024Q4,2024-10-01 00:00:00,SMB,CUST-01253,2026-03-31,5,0.00
2024Q4,2024-10-01 00:00:00,SMB,CUST-01253,2026-06-30,6,0.00
2024Q4,2024-10-01 00:00:00,SMB,CUST-01273,2024-12-31,0,2717.76
2024Q4,2024-10-01 00:00:00,SMB,CUST-01273,2025-03-31,1,2717.76
2024Q4,2024-10-01 00:00:00,SMB,CUST-01273,2025-06-30,2,2717.76
2024Q4,2024-10-01 00:00:00,SMB,CUST-01273,2025-09-30,3,2717.76
2024Q4,2024-10-01 00:00:00,SMB,CUST-01273,2025-12-31,4,2717.76
2024Q4,2024-10-01 00:00:00,SMB,CUST-01273,2026-03-31,5,0.00
2024Q4,2024-10-01 00:00:00,SMB,CUST-01273,2026-06-30,6,0.00
2024Q4,2024-10-01 00:00:00,SMB,CUST-01227,2024-12-31,0,15389.64
2024Q4,2024-10-01 00:00:00,SMB,CUST-01227,2025-03-31,1,15389.64
2024Q4,2024-10-01 00:00:00,SMB,CUST-01227,2025-06-30,2,17616.48
2024Q4,2024-10-01 00:00:00,SMB,CUST-01227,2025-09-30,3,17616.48
2024Q4,2024-10-01 00:00:00,SMB,CUST-01227,2025-12-31,4,17616.48
2024Q4,2024-10-01 00:00:00,SMB,CUST-01227,2026-03-31,5,17616.48
2024Q4,2024-10-01 00:00:00,SMB,CUST-01227,2026-06-30,6,17616.48
2024Q4,2024-10-01 00:00:00,SMB,CUST-01231,2024-12-31,0,10193.52
2024Q4,2024-10-01 00:00:00,SMB,CUST-01231,2025-03-31,1,11552.64
2024Q4,2024-10-01 00:00:00,SMB,CUST-01231,2025-06-30,2,11552.64
2024Q4,2024-10-01 00:00:00,SMB,CUST-01231,2025-09-30,3,16173.72
2024Q4,2024-10-01 00:00:00,SMB,CUST-01231,2025-12-31,4,16173.72
2024Q4,2024-10-01 00:00:00,SMB,CUST-01231,2026-03-31,5,16173.72
2024Q4,2024-10-01 00:00:00,SMB,CUST-01231,2026-06-30,6,16173.72
2024Q4,2024-10-01 00:00:00,SMB,CUST-01245,2024-12-31,0,11116.32
2024Q4,2024-10-01 00:00:00,SMB,CUST-01245,2025-03-31,1,15562.80
2024Q4,2024-10-01 00:00:00,SMB,CUST-01245,2025-06-30,2,15562.80
2024Q4,2024-10-01 00:00:00,SMB,CUST-01245,2025-09-30,3,15562.80
2024Q4,2024-10-01 00:00:00,SMB,CUST-01245,2025-12-31,4,15562.80
2024Q4,2024-10-01 00:00:00,SMB,CUST-01245,2026-03-31,5,15562.80
2024Q4,2024-10-01 00:00:00,SMB,CUST-01245,2026-06-30,6,15562.80
2024Q4,2024-10-01 00:00:00,SMB,CUST-01259,2024-12-31,0,7625.16
2024Q4,2024-10-01 00:00:00,SMB,CUST-01259,2025-03-31,1,6354.24
2024Q4,2024-10-01 00:00:00,SMB,CUST-01259,2025-06-30,2,0.00
2024Q4,2024-10-01 00:00:00,SMB,CUST-01259,2025-09-30,3,0.00
2024Q4,2024-10-01 00:00:00,SMB,CUST-01259,2025-12-31,4,0.00
2024Q4,2024-10-01 00:00:00,SMB,CUST-01259,2026-03-31,5,0.00
2024Q4,2024-10-01 00:00:00,SMB,CUST-01259,2026-06-30,6,0.00
2024Q4,2024-10-01 00:00:00,Mid-Market,CUST-01313,2024-12-31,0,20330.04
2024Q4,2024-10-01 00:00:00,Mid-Market,CUST-01313,2025-03-31,1,20330.04
2024Q4,2024-10-01 00:00:00,Mid-Market,CUST-01313,2025-06-30,2,20330.04
2024Q4,2024-10-01 00:00:00,Mid-Market,CUST-01313,2025-09-30,3,28462.08
2024Q4,2024-10-01 00:00:00,Mid-Market,CUST-01313,2025-12-31,4,0.00
2024Q4,2024-10-01 00:00:00,Mid-Market,CUST-01313,2026-03-31,5,0.00
2024Q4,2024-10-01 00:00:00,Mid-Market,CUST-01313,2026-06-30,6,0.00
2024Q4,2024-10-01 00:00:00,SMB,CUST-01235,2024-12-31,0,7062.12
2024Q4,2024-10-01 00:00:00,SMB,CUST-01235,2025-03-31,1,7062.12
2024Q4,2024-10-01 00:00:00,SMB,CUST-01235,2025-06-30,2,9887.04
2024Q4,2024-10-01 00:00:00,SMB,CUST-01235,2025-09-30,3,9887.04
2024Q4,2024-10-01 00:00:00,SMB,CUST-01235,2025-12-31,4,7391.76
2024Q4,2024-10-01 00:00:00,SMB,CUST-01235,2026-03-31,5,10348.44
2024Q4,2024-10-01 00:00:00,SMB,CUST-01235,2026-06-30,6,10348.44
2024Q4,2024-10-01 00:00:00,SMB,CUST-01246,2024-12-31,0,9196.80
2024Q4,2024-10-01 00:00:00,SMB,CUST-01246,2025-03-31,1,0.00
2024Q4,2024-10-01 00:00:00,SMB,CUST-01246,2025-06-30,2,0.00
2024Q4,2024-10-01 00:00:00,SMB,CUST-01246,2025-09-30,3,0.00
2024Q4,2024-10-01 00:00:00,SMB,CUST-01246,2025-12-31,4,0.00
2024Q4,2024-10-01 00:00:00,SMB,CUST-01246,2026-03-31,5,0.00
2024Q4,2024-10-01 00:00:00,SMB,CUST-01246,2026-06-30,6,0.00
2024Q4,2024-10-01 00:00:00,SMB,CUST-01272,2024-12-31,0,6183.12
2024Q4,2024-10-01 00:00:00,SMB,CUST-01272,2025-03-31,1,6183.12
2024Q4,2024-10-01 00:00:00,SMB,CUST-01272,2025-06-30,2,6183.12
2024Q4,2024-10-01 00:00:00,SMB,CUST-01272,2025-09-30,3,6183.12
2024Q4,2024-10-01 00:00:00,SMB,CUST-01272,2025-12-31,4,6183.12
2024Q4,2024-10-01 00:00:00,SMB,CUST-01272,2026-03-31,5,5299.68
2024Q4,2024-10-01 00:00:00,SMB,CUST-01272,2026-06-30,6,5299.68
2024Q4,2024-10-01 00:00:00,Enterprise,CUST-01331,2024-12-31,0,593709.36
2024Q4,2024-10-01 00:00:00,Enterprise,CUST-01331,2025-03-31,1,593709.36
2024Q4,2024-10-01 00:00:00,Enterprise,CUST-01331,2025-06-30,2,593709.36
2024Q4,2024-10-01 00:00:00,Enterprise,CUST-01331,2025-09-30,3,593709.36
2024Q4,2024-10-01 00:00:00,Enterprise,CUST-01331,2025-12-31,4,593709.36
2024Q4,2024-10-01 00:00:00,Enterprise,CUST-01331,2026-03-31,5,593709.36
2024Q4,2024-10-01 00:00:00,Enterprise,CUST-01331,2026-06-30,6,593709.36
2024Q4,2024-10-01 00:00:00,SMB,CUST-01226,2024-12-31,0,7898.64
2024Q4,2024-10-01 00:00:00,SMB,CUST-01226,2025-03-31,1,7898.64
2024Q4,2024-10-01 00:00:00,SMB,CUST-01226,2025-06-30,2,0.00
2024Q4,2024-10-01 00:00:00,SMB,CUST-01226,2025-09-30,3,0.00
2024Q4,2024-10-01 00:00:00,SMB,CUST-01226,2025-12-31,4,0.00
2024Q4,2024-10-01 00:00:00,SMB,CUST-01226,2026-03-31,5,0.00
2024Q4,2024-10-01 00:00:00,SMB,CUST-01226,2026-06-30,6,0.00
2024Q4,2024-10-01 00:00:00,SMB,CUST-01233,2024-12-31,0,2691.72
2024Q4,2024-10-01 00:00:00,SMB,CUST-01233,2025-03-31,1,2691.72
2024Q4,2024-10-01 00:00:00,SMB,CUST-01233,2025-06-30,2,2691.72
2024Q4,2024-10-01 00:00:00,SMB,CUST-01233,2025-09-30,3,2691.72
2024Q4,2024-10-01 00:00:00,SMB,CUST-01233,2025-12-31,4,0.00
2024Q4,2024-10-01 00:00:00,SMB,CUST-01233,2026-03-31,5,0.00
2024Q4,2024-10-01 00:00:00,SMB,CUST-01233,2026-06-30,6,0.00
2024Q4,2024-10-01 00:00:00,SMB,CUST-01249,2024-12-31,0,6799.80
2024Q4,2024-10-01 00:00:00,SMB,CUST-01249,2025-03-31,1,0.00
2024Q4,2024-10-01 00:00:00,SMB,CUST-01249,2025-06-30,2,0.00
2024Q4,2024-10-01 00:00:00,SMB,CUST-01249,2025-09-30,3,0.00
2024Q4,2024-10-01 00:00:00,SMB,CUST-01249,2025-12-31,4,0.00
2024Q4,2024-10-01 00:00:00,SMB,CUST-01249,2026-03-31,5,0.00
2024Q4,2024-10-01 00:00:00,SMB,CUST-01249,2026-06-30,6,0.00
2024Q4,2024-10-01 00:00:00,SMB,CUST-01257,2024-12-31,0,11055.60
2024Q4,2024-10-01 00:00:00,SMB,CUST-01257,2025-03-31,1,11055.60
2024Q4,2024-10-01 00:00:00,SMB,CUST-01257,2025-06-30,2,11055.60
2024Q4,2024-10-01 00:00:00,SMB,CUST-01257,2025-09-30,3,11055.60
2024Q4,2024-10-01 00:00:00,SMB,CUST-01257,2025-12-31,4,11055.60
2024Q4,2024-10-01 00:00:00,SMB,CUST-01257,2026-03-31,5,11055.60
2024Q4,2024-10-01 00:00:00,SMB,CUST-01257,2026-06-30,6,11055.60
2024Q4,2024-10-01 00:00:00,SMB,CUST-01264,2024-12-31,0,9621.72
2024Q4,2024-10-01 00:00:00,SMB,CUST-01264,2025-03-31,1,9621.72
2024Q4,2024-10-01 00:00:00,SMB,CUST-01264,2025-06-30,2,9621.72
2024Q4,2024-10-01 00:00:00,SMB,CUST-01264,2025-09-30,3,10781.28
2024Q4,2024-10-01 00:00:00,SMB,CUST-01264,2025-12-31,4,10781.28
2024Q4,2024-10-01 00:00:00,SMB,CUST-01264,2026-03-31,5,14629.92
2024Q4,2024-10-01 00:00:00,SMB,CUST-01264,2026-06-30,6,14629.92
2024Q4,2024-10-01 00:00:00,SMB,CUST-01265,2024-12-31,0,6591.12
2024Q4,2024-10-01 00:00:00,SMB,CUST-01265,2025-03-31,1,6591.12
2024Q4,2024-10-01 00:00:00,SMB,CUST-01265,2025-06-30,2,6591.12
2024Q4,2024-10-01 00:00:00,SMB,CUST-01265,2025-09-30,3,6591.12
2024Q4,2024-10-01 00:00:00,SMB,CUST-01265,2025-12-31,4,6591.12
2024Q4,2024-10-01 00:00:00,SMB,CUST-01265,2026-03-31,5,6591.12
2024Q4,2024-10-01 00:00:00,SMB,CUST-01265,2026-06-30,6,6591.12
2024Q4,2024-10-01 00:00:00,Mid-Market,CUST-01312,2024-12-31,0,45734.16
2024Q4,2024-10-01 00:00:00,Mid-Market,CUST-01312,2025-03-31,1,45734.16
2024Q4,2024-10-01 00:00:00,Mid-Market,CUST-01312,2025-06-30,2,57667.32
2024Q4,2024-10-01 00:00:00,Mid-Market,CUST-01312,2025-09-30,3,57667.32
2024Q4,2024-10-01 00:00:00,Mid-Market,CUST-01312,2025-12-31,4,45736.08
2024Q4,2024-10-01 00:00:00,Mid-Market,CUST-01312,2026-03-31,5,57669.72
2024Q4,2024-10-01 00:00:00,Mid-Market,CUST-01312,2026-06-30,6,75964.20
2024Q4,2024-10-01 00:00:00,SMB,CUST-01262,2024-12-31,0,10316.52
2024Q4,2024-10-01 00:00:00,SMB,CUST-01262,2025-03-31,1,10316.52
2024Q4,2024-10-01 00:00:00,SMB,CUST-01262,2025-06-30,2,10316.52
2024Q4,2024-10-01 00:00:00,SMB,CUST-01262,2025-09-30,3,10316.52
2024Q4,2024-10-01 00:00:00,SMB,CUST-01262,2025-12-31,4,14185.20
2024Q4,2024-10-01 00:00:00,SMB,CUST-01262,2026-03-31,5,0.00
2024Q4,2024-10-01 00:00:00,SMB,CUST-01262,2026-06-30,6,0.00
2024Q4,2024-10-01 00:00:00,Mid-Market,CUST-01309,2024-12-31,0,28390.44
2024Q4,2024-10-01 00:00:00,Mid-Market,CUST-01309,2025-03-31,1,28390.44
2024Q4,2024-10-01 00:00:00,Mid-Market,CUST-01309,2025-06-30,2,62541.36
2024Q4,2024-10-01 00:00:00,Mid-Market,CUST-01309,2025-09-30,3,62541.36
2024Q4,2024-10-01 00:00:00,Mid-Market,CUST-01309,2025-12-31,4,54393.48
2024Q4,2024-10-01 00:00:00,Mid-Market,CUST-01309,2026-03-31,5,54393.48
2024Q4,2024-10-01 00:00:00,Mid-Market,CUST-01309,2026-06-30,6,71488.56
2024Q4,2024-10-01 00:00:00,Mid-Market,CUST-01320,2024-12-31,0,12895.68
2024Q4,2024-10-01 00:00:00,Mid-Market,CUST-01320,2025-03-31,1,12895.68
2024Q4,2024-10-01 00:00:00,Mid-Market,CUST-01320,2025-06-30,2,28091.76
2024Q4,2024-10-01 00:00:00,Mid-Market,CUST-01320,2025-09-30,3,28091.76
2024Q4,2024-10-01 00:00:00,Mid-Market,CUST-01320,2025-12-31,4,28091.76
2024Q4,2024-10-01 00:00:00,Mid-Market,CUST-01320,2026-03-31,5,13409.04
2024Q4,2024-10-01 00:00:00,Mid-Market,CUST-01320,2026-06-30,6,15085.20
2024Q4,2024-10-01 00:00:00,Enterprise,CUST-01332,2024-12-31,0,111094.32
2024Q4,2024-10-01 00:00:00,Enterprise,CUST-01332,2025-03-31,1,111094.32
2024Q4,2024-10-01 00:00:00,Enterprise,CUST-01332,2025-06-30,2,111094.32
2024Q4,2024-10-01 00:00:00,Enterprise,CUST-01332,2025-09-30,3,111094.32
2024Q4,2024-10-01 00:00:00,Enterprise,CUST-01332,2025-12-31,4,148522.80
2024Q4,2024-10-01 00:00:00,Enterprise,CUST-01332,2026-03-31,5,148522.80
2024Q4,2024-10-01 00:00:00,Enterprise,CUST-01332,2026-06-30,6,148522.80
2024Q4,2024-10-01 00:00:00,Mid-Market,CUST-01308,2024-12-31,0,28781.28
2024Q4,2024-10-01 00:00:00,Mid-Market,CUST-01308,2025-03-31,1,28781.28
2024Q4,2024-10-01 00:00:00,Mid-Market,CUST-01308,2025-06-30,2,28781.28
2024Q4,2024-10-01 00:00:00,Mid-Market,CUST-01308,2025-09-30,3,28781.28
2024Q4,2024-10-01 00:00:00,Mid-Market,CUST-01308,2025-12-31,4,0.00
2024Q4,2024-10-01 00:00:00,Mid-Market,CUST-01308,2026-03-31,5,0.00
2024Q4,2024-10-01 00:00:00,Mid-Market,CUST-01308,2026-06-30,6,0.00
2024Q4,2024-10-01 00:00:00,Mid-Market,CUST-01311,2024-12-31,0,16800.36
2024Q4,2024-10-01 00:00:00,Mid-Market,CUST-01311,2025-03-31,1,16800.36
2024Q4,2024-10-01 00:00:00,Mid-Market,CUST-01311,2025-06-30,2,16800.36
2024Q4,2024-10-01 00:00:00,Mid-Market,CUST-01311,2025-09-30,3,16800.36
2024Q4,2024-10-01 00:00:00,Mid-Market,CUST-01311,2025-12-31,4,0.00
2024Q4,2024-10-01 00:00:00,Mid-Market,CUST-01311,2026-03-31,5,0.00
2024Q4,2024-10-01 00:00:00,Mid-Market,CUST-01311,2026-06-30,6,0.00
2024Q4,2024-10-01 00:00:00,SMB,CUST-01248,2024-12-31,0,4316.52
2024Q4,2024-10-01 00:00:00,SMB,CUST-01248,2025-03-31,1,4316.52
2024Q4,2024-10-01 00:00:00,SMB,CUST-01248,2025-06-30,2,4316.52
2024Q4,2024-10-01 00:00:00,SMB,CUST-01248,2025-09-30,3,4316.52
2024Q4,2024-10-01 00:00:00,SMB,CUST-01248,2025-12-31,4,4316.52
2024Q4,2024-10-01 00:00:00,SMB,CUST-01248,2026-03-31,5,0.00
2024Q4,2024-10-01 00:00:00,SMB,CUST-01248,2026-06-30,6,0.00
2024Q4,2024-10-01 00:00:00,SMB,CUST-01271,2024-12-31,0,3513.72
2024Q4,2024-10-01 00:00:00,SMB,CUST-01271,2025-03-31,1,3513.72
2024Q4,2024-10-01 00:00:00,SMB,CUST-01271,2025-06-30,2,4919.16
2024Q4,2024-10-01 00:00:00,SMB,CUST-01271,2025-09-30,3,4919.16
2024Q4,2024-10-01 00:00:00,SMB,CUST-01271,2025-12-31,4,4919.16
2024Q4,2024-10-01 00:00:00,SMB,CUST-01271,2026-03-31,5,4919.16
2024Q4,2024-10-01 00:00:00,SMB,CUST-01271,2026-06-30,6,4919.16
2024Q4,2024-10-01 00:00:00,Mid-Market,CUST-01318,2024-12-31,0,20229.96
2024Q4,2024-10-01 00:00:00,Mid-Market,CUST-01318,2025-03-31,1,20229.96
2024Q4,2024-10-01 00:00:00,Mid-Market,CUST-01318,2025-06-30,2,20229.96
2024Q4,2024-10-01 00:00:00,Mid-Market,CUST-01318,2025-09-30,3,20229.96
2024Q4,2024-10-01 00:00:00,Mid-Market,CUST-01318,2025-12-31,4,44841.00
2024Q4,2024-10-01 00:00:00,Mid-Market,CUST-01318,2026-03-31,5,31701.60
2024Q4,2024-10-01 00:00:00,Mid-Market,CUST-01318,2026-06-30,6,31701.60
2024Q4,2024-10-01 00:00:00,SMB,CUST-01228,2024-12-31,0,5426.16
2024Q4,2024-10-01 00:00:00,SMB,CUST-01228,2025-03-31,1,0.00
2024Q4,2024-10-01 00:00:00,SMB,CUST-01228,2025-06-30,2,0.00
2024Q4,2024-10-01 00:00:00,SMB,CUST-01228,2025-09-30,3,0.00
2024Q4,2024-10-01 00:00:00,SMB,CUST-01228,2025-12-31,4,0.00
2024Q4,2024-10-01 00:00:00,SMB,CUST-01228,2026-03-31,5,0.00
2024Q4,2024-10-01 00:00:00,SMB,CUST-01228,2026-06-30,6,0.00
2024Q4,2024-10-01 00:00:00,SMB,CUST-01254,2024-12-31,0,9785.52
2024Q4,2024-10-01 00:00:00,SMB,CUST-01254,2025-03-31,1,9785.52
2024Q4,2024-10-01 00:00:00,SMB,CUST-01254,2025-06-30,2,9785.52
2024Q4,2024-10-01 00:00:00,SMB,CUST-01254,2025-09-30,3,10764.12
2024Q4,2024-10-01 00:00:00,SMB,CUST-01254,2025-12-31,4,10764.12
2024Q4,2024-10-01 00:00:00,SMB,CUST-01254,2026-03-31,5,10764.12
2024Q4,2024-10-01 00:00:00,SMB,CUST-01254,2026-06-30,6,10764.12
2024Q4,2024-10-01 00:00:00,SMB,CUST-01256,2024-12-31,0,5639.28
2024Q4,2024-10-01 00:00:00,SMB,CUST-01256,2025-03-31,1,5639.28
2024Q4,2024-10-01 00:00:00,SMB,CUST-01256,2025-06-30,2,5639.28
2024Q4,2024-10-01 00:00:00,SMB,CUST-01256,2025-09-30,3,7049.16
2024Q4,2024-10-01 00:00:00,SMB,CUST-01256,2025-12-31,4,0.00
2024Q4,2024-10-01 00:00:00,SMB,CUST-01256,2026-03-31,5,0.00
2024Q4,2024-10-01 00:00:00,SMB,CUST-01256,2026-06-30,6,0.00
2024Q4,2024-10-01 00:00:00,SMB,CUST-01261,2024-12-31,0,7252.92
2024Q4,2024-10-01 00:00:00,SMB,CUST-01261,2025-03-31,1,10154.04
2024Q4,2024-10-01 00:00:00,SMB,CUST-01261,2025-06-30,2,12184.92
2024Q4,2024-10-01 00:00:00,SMB,CUST-01261,2025-09-30,3,12184.92
2024Q4,2024-10-01 00:00:00,SMB,CUST-01261,2025-12-31,4,12184.92
2024Q4,2024-10-01 00:00:00,SMB,CUST-01261,2026-03-31,5,12184.92
2024Q4,2024-10-01 00:00:00,SMB,CUST-01261,2026-06-30,6,12184.92
2024Q4,2024-10-01 00:00:00,Mid-Market,CUST-01319,2026-06-30,6,63508.20
2024Q4,2024-10-01 00:00:00,Mid-Market,CUST-01321,2024-12-31,0,27517.68
2024Q4,2024-10-01 00:00:00,Mid-Market,CUST-01321,2025-03-31,1,27517.68
2024Q4,2024-10-01 00:00:00,Mid-Market,CUST-01321,2025-06-30,2,51926.16
2024Q4,2024-10-01 00:00:00,Mid-Market,CUST-01321,2025-09-30,3,70842.60
2024Q4,2024-10-01 00:00:00,Mid-Market,CUST-01321,2025-12-31,4,70842.60
2024Q4,2024-10-01 00:00:00,Mid-Market,CUST-01321,2026-03-31,5,55079.28
2024Q4,2024-10-01 00:00:00,Mid-Market,CUST-01321,2026-06-30,6,55079.28
2024Q4,2024-10-01 00:00:00,SMB,CUST-01232,2024-12-31,0,9138.00
2024Q4,2024-10-01 00:00:00,SMB,CUST-01232,2025-03-31,1,9138.00
2024Q4,2024-10-01 00:00:00,SMB,CUST-01232,2025-06-30,2,9138.00
2024Q4,2024-10-01 00:00:00,SMB,CUST-01232,2025-09-30,3,9138.00
2024Q4,2024-10-01 00:00:00,SMB,CUST-01232,2025-12-31,4,9138.00
2024Q4,2024-10-01 00:00:00,SMB,CUST-01232,2026-03-31,5,10965.60
2024Q4,2024-10-01 00:00:00,SMB,CUST-01232,2026-06-30,6,10965.60
2024Q4,2024-10-01 00:00:00,SMB,CUST-01243,2024-12-31,0,12645.36
2024Q4,2024-10-01 00:00:00,SMB,CUST-01243,2025-03-31,1,12645.36
2024Q4,2024-10-01 00:00:00,SMB,CUST-01243,2025-06-30,2,12645.36
2024Q4,2024-10-01 00:00:00,SMB,CUST-01243,2025-09-30,3,12645.36
2024Q4,2024-10-01 00:00:00,SMB,CUST-01243,2025-12-31,4,13263.60
2024Q4,2024-10-01 00:00:00,SMB,CUST-01243,2026-03-31,5,13263.60
2024Q4,2024-10-01 00:00:00,SMB,CUST-01243,2026-06-30,6,13263.60
2024Q4,2024-10-01 00:00:00,SMB,CUST-01250,2024-12-31,0,6234.36
2024Q4,2024-10-01 00:00:00,SMB,CUST-01250,2025-03-31,1,6234.36
2024Q4,2024-10-01 00:00:00,SMB,CUST-01250,2025-06-30,2,6234.36
2024Q4,2024-10-01 00:00:00,SMB,CUST-01250,2025-09-30,3,6234.36
2024Q4,2024-10-01 00:00:00,SMB,CUST-01250,2025-12-31,4,6234.36
2024Q4,2024-10-01 00:00:00,SMB,CUST-01250,2026-03-31,5,0.00
2024Q4,2024-10-01 00:00:00,SMB,CUST-01250,2026-06-30,6,0.00
2024Q4,2024-10-01 00:00:00,SMB,CUST-01255,2024-12-31,0,4548.72
2024Q4,2024-10-01 00:00:00,SMB,CUST-01255,2025-03-31,1,4548.72
2024Q4,2024-10-01 00:00:00,SMB,CUST-01255,2025-06-30,2,6700.32
2024Q4,2024-10-01 00:00:00,SMB,CUST-01255,2025-09-30,3,6700.32
2024Q4,2024-10-01 00:00:00,SMB,CUST-01255,2025-12-31,4,6700.32
2024Q4,2024-10-01 00:00:00,SMB,CUST-01255,2026-03-31,5,0.00
2024Q4,2024-10-01 00:00:00,SMB,CUST-01255,2026-06-30,6,0.00
2024Q4,2024-10-01 00:00:00,SMB,CUST-01266,2024-12-31,0,15956.40
2024Q4,2024-10-01 00:00:00,SMB,CUST-01266,2025-03-31,1,15956.40
2024Q4,2024-10-01 00:00:00,SMB,CUST-01266,2025-06-30,2,15956.40
2024Q4,2024-10-01 00:00:00,SMB,CUST-01266,2025-09-30,3,15956.40
2024Q4,2024-10-01 00:00:00,SMB,CUST-01266,2025-12-31,4,0.00
2024Q4,2024-10-01 00:00:00,SMB,CUST-01266,2026-03-31,5,0.00
2024Q4,2024-10-01 00:00:00,SMB,CUST-01266,2026-06-30,6,0.00
2024Q4,2024-10-01 00:00:00,SMB,CUST-01274,2024-12-31,0,3921.84
2024Q4,2024-10-01 00:00:00,SMB,CUST-01274,2025-03-31,1,3268.20
2024Q4,2024-10-01 00:00:00,SMB,CUST-01244,2026-06-30,6,0.00
2024Q4,2024-10-01 00:00:00,SMB,CUST-01230,2024-12-31,0,14714.28
2024Q4,2024-10-01 00:00:00,SMB,CUST-01230,2025-03-31,1,14714.28
2024Q4,2024-10-01 00:00:00,SMB,CUST-01230,2025-06-30,2,14714.28
2024Q4,2024-10-01 00:00:00,SMB,CUST-01230,2025-09-30,3,20600.04
2024Q4,2024-10-01 00:00:00,SMB,CUST-01230,2025-12-31,4,15416.76
2024Q4,2024-10-01 00:00:00,SMB,CUST-01230,2026-03-31,5,15416.76
2024Q4,2024-10-01 00:00:00,SMB,CUST-01230,2026-06-30,6,15416.76
2024Q4,2024-10-01 00:00:00,SMB,CUST-01252,2024-12-31,0,1278.60
2024Q4,2024-10-01 00:00:00,SMB,CUST-01252,2025-03-31,1,1278.60
2024Q4,2024-10-01 00:00:00,SMB,CUST-01252,2025-06-30,2,1278.60
2024Q4,2024-10-01 00:00:00,SMB,CUST-01252,2025-09-30,3,1278.60
2024Q4,2024-10-01 00:00:00,SMB,CUST-01252,2025-12-31,4,1278.60
2024Q4,2024-10-01 00:00:00,SMB,CUST-01252,2026-03-31,5,1278.48
2024Q4,2024-10-01 00:00:00,SMB,CUST-01252,2026-06-30,6,1278.48
2024Q4,2024-10-01 00:00:00,SMB,CUST-01244,2025-03-31,1,3947.16
2024Q4,2024-10-01 00:00:00,SMB,CUST-01244,2025-06-30,2,3947.16
2024Q4,2024-10-01 00:00:00,SMB,CUST-01239,2024-12-31,0,8414.40
2024Q4,2024-10-01 00:00:00,SMB,CUST-01239,2025-03-31,1,8414.40
2024Q4,2024-10-01 00:00:00,SMB,CUST-01239,2025-06-30,2,8414.40
2024Q4,2024-10-01 00:00:00,SMB,CUST-01239,2025-09-30,3,0.00
2024Q4,2024-10-01 00:00:00,SMB,CUST-01239,2025-12-31,4,0.00
2024Q4,2024-10-01 00:00:00,SMB,CUST-01239,2026-03-31,5,0.00
2024Q4,2024-10-01 00:00:00,SMB,CUST-01239,2026-06-30,6,0.00
2024Q4,2024-10-01 00:00:00,SMB,CUST-01244,2025-09-30,3,0.00
2024Q4,2024-10-01 00:00:00,SMB,CUST-01244,2025-12-31,4,0.00
2024Q4,2024-10-01 00:00:00,SMB,CUST-01244,2026-03-31,5,0.00
2024Q4,2024-10-01 00:00:00,SMB,CUST-01260,2024-12-31,0,7245.00
2024Q4,2024-10-01 00:00:00,SMB,CUST-01260,2025-03-31,1,7245.00
2024Q4,2024-10-01 00:00:00,SMB,CUST-01260,2025-06-30,2,7245.00
2024Q4,2024-10-01 00:00:00,SMB,CUST-01260,2025-09-30,3,7245.00
2024Q4,2024-10-01 00:00:00,SMB,CUST-01260,2025-12-31,4,7245.00
2024Q4,2024-10-01 00:00:00,SMB,CUST-01260,2026-03-31,5,7593.36
2024Q4,2024-10-01 00:00:00,SMB,CUST-01244,2024-12-31,0,3947.16
2024Q4,2024-10-01 00:00:00,Enterprise,CUST-01330,2025-03-31,1,227905.92
2024Q4,2024-10-01 00:00:00,Enterprise,CUST-01330,2025-06-30,2,227905.92
2024Q4,2024-10-01 00:00:00,Enterprise,CUST-01330,2025-09-30,3,227905.92
2024Q4,2024-10-01 00:00:00,Enterprise,CUST-01330,2025-12-31,4,227905.92
2024Q4,2024-10-01 00:00:00,Enterprise,CUST-01330,2026-03-31,5,227905.92
2024Q4,2024-10-01 00:00:00,Enterprise,CUST-01330,2026-06-30,6,227905.92
2024Q4,2024-10-01 00:00:00,SMB,CUST-01263,2026-03-31,5,0.00
2024Q4,2024-10-01 00:00:00,SMB,CUST-01263,2026-06-30,6,0.00
2024Q4,2024-10-01 00:00:00,SMB,CUST-01267,2024-12-31,0,5478.60
2024Q4,2024-10-01 00:00:00,SMB,CUST-01267,2025-03-31,1,5478.60
2024Q4,2024-10-01 00:00:00,SMB,CUST-01267,2025-06-30,2,5478.60
2024Q4,2024-10-01 00:00:00,SMB,CUST-01267,2025-09-30,3,5478.60
2024Q4,2024-10-01 00:00:00,SMB,CUST-01267,2025-12-31,4,5478.60
2024Q4,2024-10-01 00:00:00,SMB,CUST-01267,2026-03-31,5,0.00
2024Q4,2024-10-01 00:00:00,SMB,CUST-01267,2026-06-30,6,0.00
2024Q4,2024-10-01 00:00:00,SMB,CUST-01238,2024-12-31,0,5367.96
2024Q4,2024-10-01 00:00:00,SMB,CUST-01238,2025-03-31,1,5367.96
2024Q4,2024-10-01 00:00:00,SMB,CUST-01238,2025-06-30,2,5367.96
2024Q4,2024-10-01 00:00:00,SMB,CUST-01238,2025-09-30,3,8946.48
2024Q4,2024-10-01 00:00:00,SMB,CUST-01260,2026-06-30,6,7593.36
2024Q4,2024-10-01 00:00:00,SMB,CUST-01269,2024-12-31,0,5305.08
2024Q4,2024-10-01 00:00:00,SMB,CUST-01269,2025-03-31,1,5305.08
2024Q4,2024-10-01 00:00:00,Mid-Market,CUST-01315,2025-09-30,3,76283.28
2024Q4,2024-10-01 00:00:00,Mid-Market,CUST-01315,2025-12-31,4,76283.28
2024Q4,2024-10-01 00:00:00,Mid-Market,CUST-01315,2026-03-31,5,79200.96
2024Q4,2024-10-01 00:00:00,Mid-Market,CUST-01315,2026-06-30,6,79200.96
2024Q4,2024-10-01 00:00:00,Mid-Market,CUST-01316,2024-12-31,0,12920.28
2024Q4,2024-10-01 00:00:00,Mid-Market,CUST-01316,2025-03-31,1,12920.28
2024Q4,2024-10-01 00:00:00,Mid-Market,CUST-01316,2025-06-30,2,12920.28
2024Q4,2024-10-01 00:00:00,Mid-Market,CUST-01316,2025-09-30,3,55909.56
2024Q4,2024-10-01 00:00:00,Mid-Market,CUST-01316,2025-12-31,4,55909.56
2024Q4,2024-10-01 00:00:00,Mid-Market,CUST-01316,2026-03-31,5,39934.32
2024Q4,2024-10-01 00:00:00,Mid-Market,CUST-01316,2026-06-30,6,39934.32
2024Q4,2024-10-01 00:00:00,SMB,CUST-01268,2024-12-31,0,2799.60
2024Q4,2024-10-01 00:00:00,SMB,CUST-01268,2025-03-31,1,2799.60
2024Q4,2024-10-01 00:00:00,SMB,CUST-01268,2025-06-30,2,3919.44
2024Q4,2024-10-01 00:00:00,SMB,CUST-01268,2025-09-30,3,3919.44
2024Q4,2024-10-01 00:00:00,SMB,CUST-01268,2025-12-31,4,3919.44
2024Q4,2024-10-01 00:00:00,SMB,CUST-01268,2026-03-31,5,3919.44
2024Q4,2024-10-01 00:00:00,SMB,CUST-01268,2026-06-30,6,3919.44
2024Q4,2024-10-01 00:00:00,SMB,CUST-01269,2025-06-30,2,5305.08
2024Q4,2024-10-01 00:00:00,SMB,CUST-01269,2025-09-30,3,5305.08
2024Q4,2024-10-01 00:00:00,SMB,CUST-01269,2025-12-31,4,5968.20
2024Q4,2024-10-01 00:00:00,SMB,CUST-01269,2026-03-31,5,5968.20
2024Q4,2024-10-01 00:00:00,SMB,CUST-01269,2026-06-30,6,0.00
2024Q4,2024-10-01 00:00:00,Mid-Market,CUST-01319,2024-12-31,0,51963.00
2024Q4,2024-10-01 00:00:00,Mid-Market,CUST-01319,2025-03-31,1,61200.84
2024Q4,2024-10-01 00:00:00,Mid-Market,CUST-01319,2025-06-30,2,61200.84
2024Q4,2024-10-01 00:00:00,Mid-Market,CUST-01319,2025-09-30,3,61200.84
2024Q4,2024-10-01 00:00:00,Mid-Market,CUST-01319,2025-12-31,4,61200.84
2024Q4,2024-10-01 00:00:00,Mid-Market,CUST-01319,2026-03-31,5,63508.20
2024Q4,2024-10-01 00:00:00,SMB,CUST-01251,2025-06-30,2,10838.76
2024Q4,2024-10-01 00:00:00,SMB,CUST-01251,2025-09-30,3,10838.76
2024Q4,2024-10-01 00:00:00,SMB,CUST-01251,2025-12-31,4,7451.64
2024Q4,2024-10-01 00:00:00,SMB,CUST-01251,2026-03-31,5,4741.92
2024Q4,2024-10-01 00:00:00,SMB,CUST-01251,2026-06-30,6,4741.92
2024Q4,2024-10-01 00:00:00,SMB,CUST-01270,2024-12-31,0,8133.36
2024Q4,2024-10-01 00:00:00,SMB,CUST-01270,2025-03-31,1,8133.36
2024Q4,2024-10-01 00:00:00,SMB,CUST-01270,2025-06-30,2,8133.36
2024Q4,2024-10-01 00:00:00,Mid-Market,CUST-01315,2025-03-31,1,76283.28
2024Q4,2024-10-01 00:00:00,Mid-Market,CUST-01315,2025-06-30,2,76283.28
2024Q4,2024-10-01 00:00:00,SMB,CUST-01238,2025-12-31,4,8946.48
2024Q4,2024-10-01 00:00:00,SMB,CUST-01238,2026-03-31,5,8946.48
2024Q4,2024-10-01 00:00:00,SMB,CUST-01238,2026-06-30,6,8946.48
2024Q4,2024-10-01 00:00:00,SMB,CUST-01242,2024-12-31,0,11382.00
2024Q4,2024-10-01 00:00:00,SMB,CUST-01242,2025-03-31,1,11382.00
2024Q4,2024-10-01 00:00:00,SMB,CUST-01242,2025-06-30,2,11382.00
2024Q4,2024-10-01 00:00:00,SMB,CUST-01242,2025-09-30,3,11382.00
2024Q4,2024-10-01 00:00:00,Mid-Market,CUST-01314,2025-03-31,1,44860.68
2024Q4,2024-10-01 00:00:00,Mid-Market,CUST-01314,2025-06-30,2,47954.64
2024Q4,2024-10-01 00:00:00,SMB,CUST-01274,2026-06-30,6,0.00
2024Q4,2024-10-01 00:00:00,SMB,CUST-01251,2025-03-31,1,10838.76
2024Q4,2024-10-01 00:00:00,SMB,CUST-01242,2025-12-31,4,11733.60
2024Q4,2024-10-01 00:00:00,SMB,CUST-01242,2026-06-30,6,11733.60
2024Q4,2024-10-01 00:00:00,SMB,CUST-01251,2024-12-31,0,10838.76
2024Q4,2024-10-01 00:00:00,SMB,CUST-01270,2026-06-30,6,8133.00
2024Q4,2024-10-01 00:00:00,Mid-Market,CUST-01314,2025-12-31,4,57797.76
2024Q4,2024-10-01 00:00:00,Mid-Market,CUST-01314,2026-03-31,5,49517.88
2024Q4,2024-10-01 00:00:00,Mid-Market,CUST-01314,2026-06-30,6,62296.80
2024Q4,2024-10-01 00:00:00,Enterprise,CUST-01330,2024-12-31,0,227905.92
2024Q4,2024-10-01 00:00:00,SMB,CUST-01274,2025-06-30,2,0.00
2024Q4,2024-10-01 00:00:00,Mid-Market,CUST-01315,2024-12-31,0,49215.00
2024Q4,2024-10-01 00:00:00,Mid-Market,CUST-01314,2024-12-31,0,44860.68
2024Q4,2024-10-01 00:00:00,SMB,CUST-01274,2026-03-31,5,0.00
2024Q4,2024-10-01 00:00:00,SMB,CUST-01263,2025-09-30,3,6111.12
2024Q4,2024-10-01 00:00:00,SMB,CUST-01270,2025-12-31,4,11386.68
2024Q4,2024-10-01 00:00:00,SMB,CUST-01270,2026-03-31,5,8133.00
2024Q4,2024-10-01 00:00:00,SMB,CUST-01263,2025-12-31,4,0.00
2024Q4,2024-10-01 00:00:00,SMB,CUST-01274,2025-12-31,4,0.00
2024Q4,2024-10-01 00:00:00,SMB,CUST-01242,2026-03-31,5,11733.60
2024Q4,2024-10-01 00:00:00,SMB,CUST-01274,2025-09-30,3,0.00
2024Q4,2024-10-01 00:00:00,SMB,CUST-01270,2025-09-30,3,8133.36
2024Q4,2024-10-01 00:00:00,Mid-Market,CUST-01314,2025-09-30,3,57797.76
2024Q4,2024-10-01 00:00:00,SMB,CUST-01263,2025-03-31,1,6111.12
2024Q4,2024-10-01 00:00:00,SMB,CUST-01263,2025-06-30,2,6111.12
2024Q4,2024-10-01 00:00:00,SMB,CUST-01263,2024-12-31,0,6111.12
2025Q1,2025-01-01 00:00:00,SMB,CUST-01369,2025-03-31,0,6726.84
2025Q1,2025-01-01 00:00:00,SMB,CUST-01369,2025-06-30,1,6726.84
2025Q1,2025-01-01 00:00:00,SMB,CUST-01369,2025-09-30,2,6726.84
2025Q1,2025-01-01 00:00:00,SMB,CUST-01369,2025-12-31,3,6726.84
2025Q1,2025-01-01 00:00:00,SMB,CUST-01369,2026-03-31,4,6726.84
2025Q1,2025-01-01 00:00:00,SMB,CUST-01369,2026-06-30,5,6726.84
2025Q1,2025-01-01 00:00:00,Mid-Market,CUST-01511,2025-03-31,0,50924.88
2025Q1,2025-01-01 00:00:00,Mid-Market,CUST-01511,2025-06-30,1,50924.88
2025Q1,2025-01-01 00:00:00,Mid-Market,CUST-01511,2025-09-30,2,50924.88
2025Q1,2025-01-01 00:00:00,Mid-Market,CUST-01511,2025-12-31,3,50924.88
2025Q1,2025-01-01 00:00:00,Mid-Market,CUST-01511,2026-03-31,4,38940.24
2025Q1,2025-01-01 00:00:00,Mid-Market,CUST-01511,2026-06-30,5,38940.24
2025Q1,2025-01-01 00:00:00,Enterprise,CUST-01560,2025-03-31,0,60097.20
2025Q1,2025-01-01 00:00:00,Enterprise,CUST-01560,2025-06-30,1,60097.20
2025Q1,2025-01-01 00:00:00,Enterprise,CUST-01560,2025-09-30,2,60097.20
2025Q1,2025-01-01 00:00:00,Enterprise,CUST-01560,2025-12-31,3,99749.04
2025Q1,2025-01-01 00:00:00,Enterprise,CUST-01560,2026-03-31,4,99749.04
2025Q1,2025-01-01 00:00:00,Enterprise,CUST-01560,2026-06-30,5,89658.12
2025Q1,2025-01-01 00:00:00,SMB,CUST-01343,2025-03-31,0,4344.84
2025Q1,2025-01-01 00:00:00,SMB,CUST-01343,2025-06-30,1,4344.84
2025Q1,2025-01-01 00:00:00,SMB,CUST-01343,2025-09-30,2,4344.84
2025Q1,2025-01-01 00:00:00,SMB,CUST-01343,2025-12-31,3,4344.84
2025Q1,2025-01-01 00:00:00,SMB,CUST-01343,2026-03-31,4,4344.84
2025Q1,2025-01-01 00:00:00,SMB,CUST-01343,2026-06-30,5,4344.84
2025Q1,2025-01-01 00:00:00,SMB,CUST-01371,2025-03-31,0,2733.72
2025Q1,2025-01-01 00:00:00,SMB,CUST-01371,2025-06-30,1,2733.72
2025Q1,2025-01-01 00:00:00,SMB,CUST-01371,2025-09-30,2,2733.72
2025Q1,2025-01-01 00:00:00,SMB,CUST-01371,2025-12-31,3,3644.88
2025Q1,2025-01-01 00:00:00,SMB,CUST-01371,2026-03-31,4,3644.88
2025Q1,2025-01-01 00:00:00,SMB,CUST-01371,2026-06-30,5,3772.80
2025Q1,2025-01-01 00:00:00,Mid-Market,CUST-01517,2025-03-31,0,10316.64
2025Q1,2025-01-01 00:00:00,Mid-Market,CUST-01517,2025-06-30,1,10316.64
2025Q1,2025-01-01 00:00:00,Mid-Market,CUST-01517,2025-09-30,2,19280.40
2025Q1,2025-01-01 00:00:00,Mid-Market,CUST-01517,2025-12-31,3,21343.68
2025Q1,2025-01-01 00:00:00,Mid-Market,CUST-01517,2026-03-31,4,21343.68
2025Q1,2025-01-01 00:00:00,Mid-Market,CUST-01517,2026-06-30,5,21343.68
2025Q1,2025-01-01 00:00:00,Enterprise,CUST-01559,2025-03-31,0,126450.24
2025Q1,2025-01-01 00:00:00,Enterprise,CUST-01559,2025-06-30,1,126450.24
2025Q1,2025-01-01 00:00:00,Enterprise,CUST-01559,2025-09-30,2,126450.24
2025Q1,2025-01-01 00:00:00,Enterprise,CUST-01559,2025-12-31,3,126450.24
2025Q1,2025-01-01 00:00:00,Enterprise,CUST-01559,2026-03-31,4,131829.12
2025Q1,2025-01-01 00:00:00,Enterprise,CUST-01559,2026-06-30,5,131829.12
2025Q1,2025-01-01 00:00:00,SMB,CUST-01356,2025-03-31,0,22288.32
2025Q1,2025-01-01 00:00:00,SMB,CUST-01356,2025-06-30,1,16097.16
2025Q1,2025-01-01 00:00:00,SMB,CUST-01356,2025-09-30,2,0.00
2025Q1,2025-01-01 00:00:00,SMB,CUST-01356,2025-12-31,3,0.00
2025Q1,2025-01-01 00:00:00,SMB,CUST-01356,2026-03-31,4,0.00
2025Q1,2025-01-01 00:00:00,SMB,CUST-01356,2026-06-30,5,0.00
2025Q1,2025-01-01 00:00:00,SMB,CUST-01363,2025-03-31,0,2193.84
2025Q1,2025-01-01 00:00:00,SMB,CUST-01363,2025-06-30,1,2193.84
2025Q1,2025-01-01 00:00:00,SMB,CUST-01363,2025-09-30,2,0.00
2025Q1,2025-01-01 00:00:00,SMB,CUST-01363,2025-12-31,3,0.00
2025Q1,2025-01-01 00:00:00,SMB,CUST-01363,2026-03-31,4,0.00
2025Q1,2025-01-01 00:00:00,SMB,CUST-01363,2026-06-30,5,0.00
2025Q1,2025-01-01 00:00:00,SMB,CUST-01367,2025-03-31,0,13278.60
2025Q1,2025-01-01 00:00:00,SMB,CUST-01358,2025-03-31,0,29384.52
2025Q1,2025-01-01 00:00:00,SMB,CUST-01358,2025-06-30,1,29384.52
2025Q1,2025-01-01 00:00:00,SMB,CUST-01358,2025-09-30,2,29384.52
2025Q1,2025-01-01 00:00:00,SMB,CUST-01358,2025-12-31,3,37220.40
2025Q1,2025-01-01 00:00:00,SMB,CUST-01358,2026-03-31,4,38356.80
2025Q1,2025-01-01 00:00:00,SMB,CUST-01358,2026-06-30,5,38356.80
2025Q1,2025-01-01 00:00:00,SMB,CUST-01360,2025-03-31,0,6327.60
2025Q1,2025-01-01 00:00:00,SMB,CUST-01360,2025-06-30,1,6327.60
2025Q1,2025-01-01 00:00:00,SMB,CUST-01360,2025-09-30,2,6327.60
2025Q1,2025-01-01 00:00:00,SMB,CUST-01360,2025-12-31,3,8858.64
2025Q1,2025-01-01 00:00:00,SMB,CUST-01360,2026-03-31,4,8858.64
2025Q1,2025-01-01 00:00:00,SMB,CUST-01360,2026-06-30,5,8858.64
2025Q1,2025-01-01 00:00:00,SMB,CUST-01372,2025-03-31,0,10077.84
2025Q1,2025-01-01 00:00:00,SMB,CUST-01372,2025-06-30,1,10077.84
2025Q1,2025-01-01 00:00:00,SMB,CUST-01372,2025-09-30,2,10077.84
2025Q1,2025-01-01 00:00:00,SMB,CUST-01372,2025-12-31,3,10077.84
2025Q1,2025-01-01 00:00:00,SMB,CUST-01372,2026-03-31,4,10077.84
2025Q1,2025-01-01 00:00:00,SMB,CUST-01372,2026-06-30,5,14109.00
2025Q1,2025-01-01 00:00:00,SMB,CUST-01377,2025-03-31,0,9324.60
2025Q1,2025-01-01 00:00:00,SMB,CUST-01377,2025-06-30,1,9324.60
2025Q1,2025-01-01 00:00:00,SMB,CUST-01377,2025-09-30,2,0.00
2025Q1,2025-01-01 00:00:00,SMB,CUST-01377,2025-12-31,3,0.00
2025Q1,2025-01-01 00:00:00,SMB,CUST-01377,2026-03-31,4,0.00
2025Q1,2025-01-01 00:00:00,SMB,CUST-01377,2026-06-30,5,0.00
2025Q1,2025-01-01 00:00:00,SMB,CUST-01357,2025-03-31,0,3458.64
2025Q1,2025-01-01 00:00:00,SMB,CUST-01357,2025-06-30,1,3458.64
2025Q1,2025-01-01 00:00:00,SMB,CUST-01357,2025-09-30,2,5533.80
2025Q1,2025-01-01 00:00:00,SMB,CUST-01357,2025-12-31,3,7747.32
2025Q1,2025-01-01 00:00:00,SMB,CUST-01357,2026-03-31,4,7747.32
2025Q1,2025-01-01 00:00:00,SMB,CUST-01357,2026-06-30,5,7747.32
2025Q1,2025-01-01 00:00:00,SMB,CUST-01378,2025-03-31,0,10874.52
2025Q1,2025-01-01 00:00:00,SMB,CUST-01378,2025-06-30,1,0.00
2025Q1,2025-01-01 00:00:00,SMB,CUST-01378,2025-09-30,2,0.00
2025Q1,2025-01-01 00:00:00,SMB,CUST-01378,2025-12-31,3,0.00
2025Q1,2025-01-01 00:00:00,SMB,CUST-01378,2026-03-31,4,0.00
2025Q1,2025-01-01 00:00:00,SMB,CUST-01378,2026-06-30,5,0.00
2025Q1,2025-01-01 00:00:00,SMB,CUST-01367,2025-06-30,1,13278.60
2025Q1,2025-01-01 00:00:00,SMB,CUST-01367,2025-09-30,2,13278.60
2025Q1,2025-01-01 00:00:00,SMB,CUST-01367,2025-12-31,3,19534.68
2025Q1,2025-01-01 00:00:00,SMB,CUST-01367,2026-03-31,4,19534.68
2025Q1,2025-01-01 00:00:00,SMB,CUST-01367,2026-06-30,5,19534.68
2025Q1,2025-01-01 00:00:00,Mid-Market,CUST-01519,2025-03-31,0,28331.28
2025Q1,2025-01-01 00:00:00,Mid-Market,CUST-01519,2025-06-30,1,28331.28
2025Q1,2025-01-01 00:00:00,Mid-Market,CUST-01519,2025-09-30,2,28331.28
2025Q1,2025-01-01 00:00:00,Mid-Market,CUST-01519,2025-12-31,3,28331.28
2025Q1,2025-01-01 00:00:00,Mid-Market,CUST-01519,2026-03-31,4,28331.28
2025Q1,2025-01-01 00:00:00,Mid-Market,CUST-01519,2026-06-30,5,65048.64
2025Q1,2025-01-01 00:00:00,SMB,CUST-01350,2025-03-31,0,17188.56
2025Q1,2025-01-01 00:00:00,SMB,CUST-01350,2025-06-30,1,17188.56
2025Q1,2025-01-01 00:00:00,SMB,CUST-01350,2025-09-30,2,17188.56
2025Q1,2025-01-01 00:00:00,SMB,CUST-01350,2025-12-31,3,17188.56
2025Q1,2025-01-01 00:00:00,SMB,CUST-01350,2026-03-31,4,0.00
2025Q1,2025-01-01 00:00:00,SMB,CUST-01350,2026-06-30,5,0.00
2025Q1,2025-01-01 00:00:00,Mid-Market,CUST-01515,2025-03-31,0,32017.56
2025Q1,2025-01-01 00:00:00,Mid-Market,CUST-01515,2025-06-30,1,32017.56
2025Q1,2025-01-01 00:00:00,Mid-Market,CUST-01515,2025-09-30,2,35219.40
2025Q1,2025-01-01 00:00:00,Mid-Market,CUST-01515,2025-12-31,3,36820.20
2025Q1,2025-01-01 00:00:00,Mid-Market,CUST-01515,2026-03-31,4,36820.20
2025Q1,2025-01-01 00:00:00,Mid-Market,CUST-01515,2026-06-30,5,36820.20
2025Q1,2025-01-01 00:00:00,Mid-Market,CUST-01516,2025-03-31,0,67262.16
2025Q1,2025-01-01 00:00:00,Mid-Market,CUST-01516,2025-06-30,1,67262.16
2025Q1,2025-01-01 00:00:00,Mid-Market,CUST-01516,2025-09-30,2,77279.88
2025Q1,2025-01-01 00:00:00,Mid-Market,CUST-01516,2025-12-31,3,77279.88
2025Q1,2025-01-01 00:00:00,Mid-Market,CUST-01516,2026-03-31,4,0.00
2025Q1,2025-01-01 00:00:00,Mid-Market,CUST-01516,2026-06-30,5,0.00
2025Q1,2025-01-01 00:00:00,Mid-Market,CUST-01523,2025-03-31,0,35785.92
2025Q1,2025-01-01 00:00:00,Mid-Market,CUST-01523,2025-06-30,1,35785.92
2025Q1,2025-01-01 00:00:00,Mid-Market,CUST-01523,2025-09-30,2,50100.24
2025Q1,2025-01-01 00:00:00,Mid-Market,CUST-01523,2025-12-31,3,50100.24
2025Q1,2025-01-01 00:00:00,Mid-Market,CUST-01523,2026-03-31,4,50100.24
2025Q1,2025-01-01 00:00:00,Mid-Market,CUST-01523,2026-06-30,5,0.00
2025Q1,2025-01-01 00:00:00,SMB,CUST-01336,2025-03-31,0,6046.08
2025Q1,2025-01-01 00:00:00,SMB,CUST-01336,2025-06-30,1,6046.08
2025Q1,2025-01-01 00:00:00,SMB,CUST-01336,2025-09-30,2,6046.08
2025Q1,2025-01-01 00:00:00,SMB,CUST-01336,2025-12-31,3,6046.08
2025Q1,2025-01-01 00:00:00,SMB,CUST-01336,2026-03-31,4,6285.12
2025Q1,2025-01-01 00:00:00,SMB,CUST-01336,2026-06-30,5,8380.08
2025Q1,2025-01-01 00:00:00,SMB,CUST-01340,2025-03-31,0,7710.24
2025Q1,2025-01-01 00:00:00,SMB,CUST-01340,2025-06-30,1,7710.24
2025Q1,2025-01-01 00:00:00,SMB,CUST-01340,2025-09-30,2,7710.24
2025Q1,2025-01-01 00:00:00,SMB,CUST-01340,2025-12-31,3,7710.24
2025Q1,2025-01-01 00:00:00,SMB,CUST-01340,2026-03-31,4,7710.24
2025Q1,2025-01-01 00:00:00,SMB,CUST-01340,2026-06-30,5,7710.24
2025Q1,2025-01-01 00:00:00,SMB,CUST-01344,2025-03-31,0,9252.48
2025Q1,2025-01-01 00:00:00,SMB,CUST-01344,2025-06-30,1,9252.48
2025Q1,2025-01-01 00:00:00,SMB,CUST-01344,2025-09-30,2,15658.08
2025Q1,2025-01-01 00:00:00,SMB,CUST-01344,2025-12-31,3,15658.08
2025Q1,2025-01-01 00:00:00,SMB,CUST-01344,2026-03-31,4,21921.36
2025Q1,2025-01-01 00:00:00,SMB,CUST-01344,2026-06-30,5,21921.36
2025Q1,2025-01-01 00:00:00,SMB,CUST-01346,2025-03-31,0,5322.48
2025Q1,2025-01-01 00:00:00,SMB,CUST-01346,2025-06-30,1,5322.48
2025Q1,2025-01-01 00:00:00,SMB,CUST-01346,2025-09-30,2,5322.48
2025Q1,2025-01-01 00:00:00,SMB,CUST-01346,2025-12-31,3,5322.48
2025Q1,2025-01-01 00:00:00,SMB,CUST-01346,2026-03-31,4,5322.48
2025Q1,2025-01-01 00:00:00,SMB,CUST-01346,2026-06-30,5,5322.48
2025Q1,2025-01-01 00:00:00,SMB,CUST-01376,2025-03-31,0,10573.20
2025Q1,2025-01-01 00:00:00,SMB,CUST-01376,2025-06-30,1,10573.20
2025Q1,2025-01-01 00:00:00,SMB,CUST-01376,2025-09-30,2,10573.20
2025Q1,2025-01-01 00:00:00,SMB,CUST-01376,2025-12-31,3,14089.80
2025Q1,2025-01-01 00:00:00,SMB,CUST-01376,2026-03-31,4,14089.80
2025Q1,2025-01-01 00:00:00,SMB,CUST-01376,2026-06-30,5,0.00
2025Q1,2025-01-01 00:00:00,SMB,CUST-01365,2025-12-31,3,8708.40
2025Q1,2025-01-01 00:00:00,SMB,CUST-01365,2026-03-31,4,8708.40
2025Q1,2025-01-01 00:00:00,SMB,CUST-01365,2026-06-30,5,8708.40
2025Q1,2025-01-01 00:00:00,SMB,CUST-01349,2025-03-31,0,9592.80
2025Q1,2025-01-01 00:00:00,SMB,CUST-01349,2025-06-30,1,9592.80
2025Q1,2025-01-01 00:00:00,SMB,CUST-01349,2025-09-30,2,11511.36
2025Q1,2025-01-01 00:00:00,SMB,CUST-01349,2025-12-31,3,12470.64
2025Q1,2025-01-01 00:00:00,SMB,CUST-01349,2026-03-31,4,9592.80
2025Q1,2025-01-01 00:00:00,SMB,CUST-01349,2026-06-30,5,7674.24
2025Q1,2025-01-01 00:00:00,SMB,CUST-01352,2025-03-31,0,2594.52
2025Q1,2025-01-01 00:00:00,SMB,CUST-01352,2025-06-30,1,2594.52
2025Q1,2025-01-01 00:00:00,SMB,CUST-01352,2025-09-30,2,2594.52
2025Q1,2025-01-01 00:00:00,SMB,CUST-01352,2025-12-31,3,2594.52
2025Q1,2025-01-01 00:00:00,SMB,CUST-01352,2026-03-31,4,2594.52
2025Q1,2025-01-01 00:00:00,SMB,CUST-01352,2026-06-30,5,4439.40
2025Q1,2025-01-01 00:00:00,SMB,CUST-01362,2025-03-31,0,8558.04
2025Q1,2025-01-01 00:00:00,SMB,CUST-01362,2025-06-30,1,8558.04
2025Q1,2025-01-01 00:00:00,SMB,CUST-01362,2025-09-30,2,8558.04
2025Q1,2025-01-01 00:00:00,SMB,CUST-01362,2025-12-31,3,8558.04
2025Q1,2025-01-01 00:00:00,SMB,CUST-01362,2026-03-31,4,9874.68
2025Q1,2025-01-01 00:00:00,SMB,CUST-01362,2026-06-30,5,9874.68
2025Q1,2025-01-01 00:00:00,SMB,CUST-01366,2025-03-31,0,8871.00
2025Q1,2025-01-01 00:00:00,SMB,CUST-01366,2025-06-30,1,8871.00
2025Q1,2025-01-01 00:00:00,SMB,CUST-01366,2025-09-30,2,10235.76
2025Q1,2025-01-01 00:00:00,SMB,CUST-01366,2025-12-31,3,10235.76
2025Q1,2025-01-01 00:00:00,SMB,CUST-01366,2026-03-31,4,0.00
2025Q1,2025-01-01 00:00:00,SMB,CUST-01366,2026-06-30,5,0.00
2025Q1,2025-01-01 00:00:00,SMB,CUST-01335,2025-03-31,0,9104.16
2025Q1,2025-01-01 00:00:00,SMB,CUST-01335,2025-06-30,1,9104.16
2025Q1,2025-01-01 00:00:00,SMB,CUST-01335,2025-09-30,2,13542.36
2025Q1,2025-01-01 00:00:00,SMB,CUST-01335,2025-12-31,3,13542.36
2025Q1,2025-01-01 00:00:00,SMB,CUST-01335,2026-03-31,4,0.00
2025Q1,2025-01-01 00:00:00,SMB,CUST-01335,2026-06-30,5,0.00
2025Q1,2025-01-01 00:00:00,SMB,CUST-01347,2025-03-31,0,2022.24
2025Q1,2025-01-01 00:00:00,SMB,CUST-01347,2025-06-30,1,0.00
2025Q1,2025-01-01 00:00:00,SMB,CUST-01342,2025-03-31,0,10058.76
2025Q1,2025-01-01 00:00:00,SMB,CUST-01342,2025-06-30,1,0.00
2025Q1,2025-01-01 00:00:00,SMB,CUST-01342,2025-09-30,2,0.00
2025Q1,2025-01-01 00:00:00,SMB,CUST-01342,2025-12-31,3,0.00
2025Q1,2025-01-01 00:00:00,Mid-Market,CUST-01520,2025-09-30,2,99385.56
2025Q1,2025-01-01 00:00:00,Mid-Market,CUST-01520,2025-12-31,3,99385.56
2025Q1,2025-01-01 00:00:00,Mid-Market,CUST-01520,2026-03-31,4,102740.88
2025Q1,2025-01-01 00:00:00,Mid-Market,CUST-01520,2026-06-30,5,102740.88
2025Q1,2025-01-01 00:00:00,SMB,CUST-01359,2026-03-31,4,15454.68
2025Q1,2025-01-01 00:00:00,SMB,CUST-01359,2026-06-30,5,0.00
2025Q1,2025-01-01 00:00:00,SMB,CUST-01370,2025-03-31,0,7566.12
2025Q1,2025-01-01 00:00:00,SMB,CUST-01370,2025-06-30,1,7566.12
2025Q1,2025-01-01 00:00:00,SMB,CUST-01370,2025-09-30,2,7566.12
2025Q1,2025-01-01 00:00:00,Mid-Market,CUST-01513,2025-06-30,1,26440.56
2025Q1,2025-01-01 00:00:00,Mid-Market,CUST-01513,2025-09-30,2,26440.56
2025Q1,2025-01-01 00:00:00,Mid-Market,CUST-01513,2025-12-31,3,26440.56
2025Q1,2025-01-01 00:00:00,Mid-Market,CUST-01513,2026-03-31,4,23274.12
2025Q1,2025-01-01 00:00:00,SMB,CUST-01370,2025-12-31,3,7566.12
2025Q1,2025-01-01 00:00:00,SMB,CUST-01345,2025-03-31,0,10103.04
2025Q1,2025-01-01 00:00:00,SMB,CUST-01345,2025-06-30,1,16030.20
2025Q1,2025-01-01 00:00:00,SMB,CUST-01345,2025-09-30,2,16030.20
2025Q1,2025-01-01 00:00:00,SMB,CUST-01345,2025-12-31,3,0.00
2025Q1,2025-01-01 00:00:00,SMB,CUST-01345,2026-03-31,4,10064.52
2025Q1,2025-01-01 00:00:00,SMB,CUST-01345,2026-06-30,5,10064.52
2025Q1,2025-01-01 00:00:00,Mid-Market,CUST-01513,2026-06-30,5,23274.12
2025Q1,2025-01-01 00:00:00,Mid-Market,CUST-01514,2025-03-31,0,77417.04
2025Q1,2025-01-01 00:00:00,Mid-Market,CUST-01514,2025-06-30,1,86631.60
2025Q1,2025-01-01 00:00:00,Mid-Market,CUST-01514,2025-09-30,2,86631.60
2025Q1,2025-01-01 00:00:00,Mid-Market,CUST-01512,2025-03-31,0,48958.68
2025Q1,2025-01-01 00:00:00,Mid-Market,CUST-01512,2026-06-30,5,50846.52
2025Q1,2025-01-01 00:00:00,Mid-Market,CUST-01512,2025-06-30,1,48958.68
2025Q1,2025-01-01 00:00:00,Mid-Market,CUST-01512,2025-09-30,2,48958.68
2025Q1,2025-01-01 00:00:00,Mid-Market,CUST-01512,2025-12-31,3,48958.68
2025Q1,2025-01-01 00:00:00,Mid-Market,CUST-01512,2026-03-31,4,50846.52
2025Q1,2025-01-01 00:00:00,Mid-Market,CUST-01513,2025-03-31,0,26440.56
2025Q1,2025-01-01 00:00:00,SMB,CUST-01359,2025-03-31,0,13347.24
2025Q1,2025-01-01 00:00:00,SMB,CUST-01359,2025-06-30,1,15454.68
2025Q1,2025-01-01 00:00:00,SMB,CUST-01359,2025-09-30,2,15454.68
2025Q1,2025-01-01 00:00:00,SMB,CUST-01359,2025-12-31,3,15454.68
2025Q1,2025-01-01 00:00:00,SMB,CUST-01342,2026-03-31,4,0.00
2025Q1,2025-01-01 00:00:00,SMB,CUST-01342,2026-06-30,5,0.00
2025Q1,2025-01-01 00:00:00,SMB,CUST-01379,2026-03-31,4,13404.60
2025Q1,2025-01-01 00:00:00,SMB,CUST-01379,2026-06-30,5,14008.80
2025Q1,2025-01-01 00:00:00,SMB,CUST-01334,2025-12-31,3,0.00
2025Q1,2025-01-01 00:00:00,SMB,CUST-01334,2026-03-31,4,0.00
2025Q1,2025-01-01 00:00:00,SMB,CUST-01334,2026-06-30,5,0.00
2025Q1,2025-01-01 00:00:00,SMB,CUST-01354,2025-03-31,0,2930.40
2025Q1,2025-01-01 00:00:00,SMB,CUST-01354,2025-06-30,1,0.00
2025Q1,2025-01-01 00:00:00,SMB,CUST-01354,2025-09-30,2,0.00
2025Q1,2025-01-01 00:00:00,SMB,CUST-01339,2025-03-31,0,8429.16
2025Q1,2025-01-01 00:00:00,SMB,CUST-01339,2025-06-30,1,8429.16
2025Q1,2025-01-01 00:00:00,SMB,CUST-01339,2025-09-30,2,8429.16
2025Q1,2025-01-01 00:00:00,SMB,CUST-01339,2025-12-31,3,8429.16
2025Q1,2025-01-01 00:00:00,SMB,CUST-01339,2026-03-31,4,8429.16
2025Q1,2025-01-01 00:00:00,SMB,CUST-01339,2026-06-30,5,4692.24
2025Q1,2025-01-01 00:00:00,SMB,CUST-01361,2025-03-31,0,6242.16
2025Q1,2025-01-01 00:00:00,SMB,CUST-01361,2025-06-30,1,6242.16
2025Q1,2025-01-01 00:00:00,SMB,CUST-01361,2025-09-30,2,1387.20
2025Q1,2025-01-01 00:00:00,SMB,CUST-01361,2025-12-31,3,693.60
2025Q1,2025-01-01 00:00:00,SMB,CUST-01361,2026-03-31,4,693.60
2025Q1,2025-01-01 00:00:00,SMB,CUST-01361,2026-06-30,5,693.60
2025Q1,2025-01-01 00:00:00,SMB,CUST-01373,2025-03-31,0,4963.32
2025Q1,2025-01-01 00:00:00,SMB,CUST-01373,2025-06-30,1,6381.36
2025Q1,2025-01-01 00:00:00,SMB,CUST-01373,2025-09-30,2,6381.36
2025Q1,2025-01-01 00:00:00,SMB,CUST-01373,2025-12-31,3,6381.36
2025Q1,2025-01-01 00:00:00,SMB,CUST-01373,2026-03-31,4,6381.36
2025Q1,2025-01-01 00:00:00,SMB,CUST-01373,2026-06-30,5,6381.36
2025Q1,2025-01-01 00:00:00,SMB,CUST-01374,2025-03-31,0,2617.08
2025Q1,2025-01-01 00:00:00,SMB,CUST-01374,2025-06-30,1,0.00
2025Q1,2025-01-01 00:00:00,SMB,CUST-01374,2025-09-30,2,0.00
2025Q1,2025-01-01 00:00:00,SMB,CUST-01374,2025-12-31,3,0.00
2025Q1,2025-01-01 00:00:00,SMB,CUST-01374,2026-03-31,4,0.00
2025Q1,2025-01-01 00:00:00,SMB,CUST-01374,2026-06-30,5,0.00
2025Q1,2025-01-01 00:00:00,SMB,CUST-01375,2025-03-31,0,11591.64
2025Q1,2025-01-01 00:00:00,SMB,CUST-01375,2025-06-30,1,11591.64
2025Q1,2025-01-01 00:00:00,SMB,CUST-01375,2025-09-30,2,11591.64
2025Q1,2025-01-01 00:00:00,SMB,CUST-01375,2025-12-31,3,0.00
2025Q1,2025-01-01 00:00:00,SMB,CUST-01354,2025-12-31,3,0.00
2025Q1,2025-01-01 00:00:00,Mid-Market,CUST-01518,2025-03-31,0,35792.52
2025Q1,2025-01-01 00:00:00,Mid-Market,CUST-01518,2025-06-30,1,35792.52
2025Q1,2025-01-01 00:00:00,SMB,CUST-01375,2026-03-31,4,0.00
2025Q1,2025-01-01 00:00:00,SMB,CUST-01375,2026-06-30,5,0.00
2025Q1,2025-01-01 00:00:00,Mid-Market,CUST-01518,2025-09-30,2,35792.52
2025Q1,2025-01-01 00:00:00,Mid-Market,CUST-01518,2025-12-31,3,35792.52
2025Q1,2025-01-01 00:00:00,Mid-Market,CUST-01518,2026-03-31,4,28974.12
2025Q1,2025-01-01 00:00:00,SMB,CUST-01341,2025-03-31,0,10721.76
2025Q1,2025-01-01 00:00:00,SMB,CUST-01341,2025-06-30,1,0.00
2025Q1,2025-01-01 00:00:00,SMB,CUST-01341,2025-09-30,2,0.00
2025Q1,2025-01-01 00:00:00,Mid-Market,CUST-01514,2025-12-31,3,86631.60
2025Q1,2025-01-01 00:00:00,Mid-Market,CUST-01514,2026-03-31,4,80986.20
2025Q1,2025-01-01 00:00:00,SMB,CUST-01379,2025-09-30,2,13404.60
2025Q1,2025-01-01 00:00:00,SMB,CUST-01379,2025-12-31,3,13404.60
2025Q1,2025-01-01 00:00:00,Mid-Market,CUST-01521,2025-03-31,0,53708.64
2025Q1,2025-01-01 00:00:00,Mid-Market,CUST-01521,2025-06-30,1,53708.64
2025Q1,2025-01-01 00:00:00,Mid-Market,CUST-01521,2025-09-30,2,53708.64
2025Q1,2025-01-01 00:00:00,Mid-Market,CUST-01521,2025-12-31,3,53708.64
2025Q1,2025-01-01 00:00:00,Mid-Market,CUST-01521,2026-03-31,4,53708.64
2025Q1,2025-01-01 00:00:00,Mid-Market,CUST-01521,2026-06-30,5,62850.48
2025Q1,2025-01-01 00:00:00,Mid-Market,CUST-01518,2026-06-30,5,28974.12
2025Q1,2025-01-01 00:00:00,SMB,CUST-01341,2025-12-31,3,0.00
2025Q1,2025-01-01 00:00:00,SMB,CUST-01341,2026-03-31,4,0.00
2025Q1,2025-01-01 00:00:00,SMB,CUST-01341,2026-06-30,5,0.00
2025Q1,2025-01-01 00:00:00,SMB,CUST-01348,2025-03-31,0,8768.16
2025Q1,2025-01-01 00:00:00,SMB,CUST-01348,2025-06-30,1,0.00
2025Q1,2025-01-01 00:00:00,SMB,CUST-01348,2025-09-30,2,0.00
2025Q1,2025-01-01 00:00:00,SMB,CUST-01348,2025-12-31,3,0.00
2025Q1,2025-01-01 00:00:00,SMB,CUST-01348,2026-03-31,4,0.00
2025Q1,2025-01-01 00:00:00,SMB,CUST-01348,2026-06-30,5,0.00
2025Q1,2025-01-01 00:00:00,SMB,CUST-01365,2025-03-31,0,4838.04
2025Q1,2025-01-01 00:00:00,SMB,CUST-01365,2025-06-30,1,6220.32
2025Q1,2025-01-01 00:00:00,SMB,CUST-01365,2025-09-30,2,6220.32
2025Q1,2025-01-01 00:00:00,Enterprise,CUST-01558,2025-03-31,0,483067.68
2025Q1,2025-01-01 00:00:00,Enterprise,CUST-01558,2025-06-30,1,483067.68
2025Q1,2025-01-01 00:00:00,Enterprise,CUST-01558,2025-09-30,2,497831.28
2025Q1,2025-01-01 00:00:00,Enterprise,CUST-01558,2025-12-31,3,497831.28
2025Q1,2025-01-01 00:00:00,Enterprise,CUST-01558,2026-03-31,4,500789.88
2025Q1,2025-01-01 00:00:00,Enterprise,CUST-01558,2026-06-30,5,566575.08
2025Q1,2025-01-01 00:00:00,SMB,CUST-01333,2025-03-31,0,8248.08
2025Q1,2025-01-01 00:00:00,SMB,CUST-01353,2025-03-31,0,7768.44
2025Q1,2025-01-01 00:00:00,SMB,CUST-01353,2025-06-30,1,7768.44
2025Q1,2025-01-01 00:00:00,SMB,CUST-01333,2025-06-30,1,8248.08
2025Q1,2025-01-01 00:00:00,SMB,CUST-01333,2025-09-30,2,8248.08
2025Q1,2025-01-01 00:00:00,SMB,CUST-01347,2026-06-30,5,0.00
2025Q1,2025-01-01 00:00:00,SMB,CUST-01337,2025-03-31,0,3744.24
2025Q1,2025-01-01 00:00:00,SMB,CUST-01347,2025-09-30,2,0.00
2025Q1,2025-01-01 00:00:00,SMB,CUST-01347,2025-12-31,3,0.00
2025Q1,2025-01-01 00:00:00,SMB,CUST-01347,2026-03-31,4,0.00
2025Q1,2025-01-01 00:00:00,Mid-Market,CUST-01520,2025-03-31,0,59010.12
2025Q1,2025-01-01 00:00:00,SMB,CUST-01351,2026-06-30,5,8832.36
2025Q1,2025-01-01 00:00:00,SMB,CUST-01364,2025-03-31,0,6313.80
2025Q1,2025-01-01 00:00:00,SMB,CUST-01364,2025-06-30,1,0.00
2025Q1,2025-01-01 00:00:00,SMB,CUST-01333,2025-12-31,3,11547.36
2025Q1,2025-01-01 00:00:00,SMB,CUST-01333,2026-03-31,4,8543.04
2025Q1,2025-01-01 00:00:00,SMB,CUST-01333,2026-06-30,5,8543.04
2025Q1,2025-01-01 00:00:00,SMB,CUST-01354,2026-03-31,4,0.00
2025Q1,2025-01-01 00:00:00,SMB,CUST-01354,2026-06-30,5,0.00
2025Q1,2025-01-01 00:00:00,SMB,CUST-01355,2025-03-31,0,6212.28
2025Q1,2025-01-01 00:00:00,SMB,CUST-01355,2025-06-30,1,7592.76
2025Q1,2025-01-01 00:00:00,SMB,CUST-01355,2025-09-30,2,8283.00
2025Q1,2025-01-01 00:00:00,Mid-Market,CUST-01514,2026-06-30,5,80986.20
2025Q1,2025-01-01 00:00:00,Mid-Market,CUST-01522,2025-03-31,0,78127.08
2025Q1,2025-01-01 00:00:00,Mid-Market,CUST-01522,2025-06-30,1,78127.08
2025Q1,2025-01-01 00:00:00,Mid-Market,CUST-01522,2025-09-30,2,78127.08
2025Q1,2025-01-01 00:00:00,Mid-Market,CUST-01522,2025-12-31,3,110940.36
2025Q1,2025-01-01 00:00:00,Mid-Market,CUST-01522,2026-03-31,4,110940.36
2025Q1,2025-01-01 00:00:00,SMB,CUST-01337,2025-06-30,1,0.00
2025Q1,2025-01-01 00:00:00,SMB,CUST-01337,2025-09-30,2,0.00
2025Q1,2025-01-01 00:00:00,SMB,CUST-01355,2025-12-31,3,8283.00
2025Q1,2025-01-01 00:00:00,SMB,CUST-01337,2025-12-31,3,0.00
2025Q1,2025-01-01 00:00:00,SMB,CUST-01337,2026-03-31,4,0.00
2025Q1,2025-01-01 00:00:00,SMB,CUST-01370,2026-03-31,4,10592.64
2025Q1,2025-01-01 00:00:00,SMB,CUST-01370,2026-06-30,5,7566.48
2025Q1,2025-01-01 00:00:00,SMB,CUST-01337,2026-06-30,5,0.00
2025Q1,2025-01-01 00:00:00,SMB,CUST-01364,2025-09-30,2,0.00
2025Q1,2025-01-01 00:00:00,SMB,CUST-01364,2025-12-31,3,0.00
2025Q1,2025-01-01 00:00:00,SMB,CUST-01353,2025-09-30,2,8474.76
2025Q1,2025-01-01 00:00:00,SMB,CUST-01353,2025-12-31,3,8474.76
2025Q1,2025-01-01 00:00:00,SMB,CUST-01353,2026-03-31,4,8474.52
2025Q1,2025-01-01 00:00:00,SMB,CUST-01353,2026-06-30,5,8474.52
2025Q1,2025-01-01 00:00:00,SMB,CUST-01338,2025-12-31,3,17056.56
2025Q1,2025-01-01 00:00:00,Mid-Market,CUST-01520,2025-06-30,1,99385.56
2025Q1,2025-01-01 00:00:00,SMB,CUST-01364,2026-03-31,4,0.00
2025Q1,2025-01-01 00:00:00,SMB,CUST-01334,2025-09-30,2,0.00
2025Q1,2025-01-01 00:00:00,SMB,CUST-01368,2025-03-31,0,7691.04
2025Q1,2025-01-01 00:00:00,SMB,CUST-01368,2025-06-30,1,7691.04
2025Q1,2025-01-01 00:00:00,SMB,CUST-01368,2025-12-31,3,7691.04
2025Q1,2025-01-01 00:00:00,SMB,CUST-01368,2026-03-31,4,7691.04
2025Q1,2025-01-01 00:00:00,SMB,CUST-01338,2025-09-30,2,17056.56
2025Q1,2025-01-01 00:00:00,SMB,CUST-01338,2026-06-30,5,0.00
2025Q1,2025-01-01 00:00:00,SMB,CUST-01338,2025-03-31,0,15019.92
2025Q1,2025-01-01 00:00:00,SMB,CUST-01338,2025-06-30,1,17056.56
2025Q1,2025-01-01 00:00:00,SMB,CUST-01379,2025-06-30,1,12518.52
2025Q1,2025-01-01 00:00:00,Mid-Market,CUST-01522,2026-06-30,5,115363.56
2025Q1,2025-01-01 00:00:00,SMB,CUST-01355,2026-03-31,4,8645.40
2025Q1,2025-01-01 00:00:00,SMB,CUST-01355,2026-06-30,5,8645.40
2025Q1,2025-01-01 00:00:00,SMB,CUST-01334,2025-03-31,0,18352.80
2025Q1,2025-01-01 00:00:00,SMB,CUST-01364,2026-06-30,5,0.00
2025Q1,2025-01-01 00:00:00,SMB,CUST-01351,2026-03-31,4,8832.36
2025Q1,2025-01-01 00:00:00,SMB,CUST-01338,2026-03-31,4,0.00
2025Q1,2025-01-01 00:00:00,SMB,CUST-01368,2026-06-30,5,7691.04
2025Q1,2025-01-01 00:00:00,SMB,CUST-01379,2025-03-31,0,12518.52
2025Q1,2025-01-01 00:00:00,SMB,CUST-01368,2025-09-30,2,7691.04
2025Q1,2025-01-01 00:00:00,SMB,CUST-01351,2025-06-30,1,8832.36
2025Q1,2025-01-01 00:00:00,SMB,CUST-01351,2025-03-31,0,8832.36
2025Q1,2025-01-01 00:00:00,SMB,CUST-01351,2025-12-31,3,8832.36
2025Q1,2025-01-01 00:00:00,SMB,CUST-01334,2025-06-30,1,15731.04
2025Q1,2025-01-01 00:00:00,SMB,CUST-01351,2025-09-30,2,8832.36
2025Q2,2025-04-01 00:00:00,SMB,CUST-01385,2025-06-30,0,8331.84
2025Q2,2025-04-01 00:00:00,SMB,CUST-01385,2025-09-30,1,11766.48
2025Q2,2025-04-01 00:00:00,SMB,CUST-01385,2025-12-31,2,13155.12
2025Q2,2025-04-01 00:00:00,SMB,CUST-01385,2026-03-31,3,13155.12
2025Q2,2025-04-01 00:00:00,SMB,CUST-01385,2026-06-30,4,13155.12
2025Q2,2025-04-01 00:00:00,SMB,CUST-01400,2025-06-30,0,5954.40
2025Q2,2025-04-01 00:00:00,SMB,CUST-01400,2025-09-30,1,0.00
2025Q2,2025-04-01 00:00:00,SMB,CUST-01400,2025-12-31,2,0.00
2025Q2,2025-04-01 00:00:00,SMB,CUST-01400,2026-03-31,3,0.00
2025Q2,2025-04-01 00:00:00,SMB,CUST-01400,2026-06-30,4,0.00
2025Q2,2025-04-01 00:00:00,SMB,CUST-01384,2025-06-30,0,11591.64
2025Q2,2025-04-01 00:00:00,SMB,CUST-01384,2025-09-30,1,11591.64
2025Q2,2025-04-01 00:00:00,SMB,CUST-01384,2025-12-31,2,11591.64
2025Q2,2025-04-01 00:00:00,SMB,CUST-01384,2026-03-31,3,11591.64
2025Q2,2025-04-01 00:00:00,SMB,CUST-01384,2026-06-30,4,11592.36
2025Q2,2025-04-01 00:00:00,SMB,CUST-01405,2025-06-30,0,8775.36
2025Q2,2025-04-01 00:00:00,SMB,CUST-01405,2025-09-30,1,8775.36
2025Q2,2025-04-01 00:00:00,SMB,CUST-01405,2025-12-31,2,8775.36
2025Q2,2025-04-01 00:00:00,SMB,CUST-01405,2026-03-31,3,12285.48
2025Q2,2025-04-01 00:00:00,SMB,CUST-01405,2026-06-30,4,8775.36
2025Q2,2025-04-01 00:00:00,SMB,CUST-01409,2025-06-30,0,17863.80
2025Q2,2025-04-01 00:00:00,SMB,CUST-01409,2025-09-30,1,0.00
2025Q2,2025-04-01 00:00:00,SMB,CUST-01409,2025-12-31,2,0.00
2025Q2,2025-04-01 00:00:00,SMB,CUST-01409,2026-03-31,3,0.00
2025Q2,2025-04-01 00:00:00,SMB,CUST-01409,2026-06-30,4,0.00
2025Q2,2025-04-01 00:00:00,SMB,CUST-01415,2025-06-30,0,7174.20
2025Q2,2025-04-01 00:00:00,SMB,CUST-01415,2025-09-30,1,7174.20
2025Q2,2025-04-01 00:00:00,SMB,CUST-01415,2025-12-31,2,7174.20
2025Q2,2025-04-01 00:00:00,SMB,CUST-01415,2026-03-31,3,7174.20
2025Q2,2025-04-01 00:00:00,SMB,CUST-01415,2026-06-30,4,7174.20
2025Q2,2025-04-01 00:00:00,Mid-Market,CUST-01533,2025-06-30,0,33426.96
2025Q2,2025-04-01 00:00:00,Mid-Market,CUST-01533,2025-09-30,1,33426.96
2025Q2,2025-04-01 00:00:00,Mid-Market,CUST-01533,2025-12-31,2,83567.28
2025Q2,2025-04-01 00:00:00,Mid-Market,CUST-01533,2026-03-31,3,83567.28
2025Q2,2025-04-01 00:00:00,Mid-Market,CUST-01533,2026-06-30,4,98613.96
2025Q2,2025-04-01 00:00:00,SMB,CUST-01417,2026-06-30,4,21841.20
2025Q2,2025-04-01 00:00:00,Enterprise,CUST-01561,2025-06-30,0,77274.96
2025Q2,2025-04-01 00:00:00,Enterprise,CUST-01561,2025-09-30,1,77274.96
2025Q2,2025-04-01 00:00:00,Enterprise,CUST-01561,2025-12-31,2,77274.96
2025Q2,2025-04-01 00:00:00,Enterprise,CUST-01561,2026-03-31,3,77274.96
2025Q2,2025-04-01 00:00:00,Enterprise,CUST-01561,2026-06-30,4,128237.76
2025Q2,2025-04-01 00:00:00,SMB,CUST-01397,2025-06-30,0,3008.88
2025Q2,2025-04-01 00:00:00,SMB,CUST-01397,2025-09-30,1,0.00
2025Q2,2025-04-01 00:00:00,SMB,CUST-01397,2025-12-31,2,0.00
2025Q2,2025-04-01 00:00:00,SMB,CUST-01397,2026-03-31,3,3132.00
2025Q2,2025-04-01 00:00:00,SMB,CUST-01397,2026-06-30,4,4176.00
2025Q2,2025-04-01 00:00:00,SMB,CUST-01408,2025-06-30,0,15534.48
2025Q2,2025-04-01 00:00:00,SMB,CUST-01408,2025-09-30,1,0.00
2025Q2,2025-04-01 00:00:00,SMB,CUST-01408,2025-12-31,2,0.00
2025Q2,2025-04-01 00:00:00,SMB,CUST-01408,2026-03-31,3,0.00
2025Q2,2025-04-01 00:00:00,SMB,CUST-01408,2026-06-30,4,0.00
2025Q2,2025-04-01 00:00:00,SMB,CUST-01414,2025-06-30,0,21220.80
2025Q2,2025-04-01 00:00:00,SMB,CUST-01414,2025-09-30,1,21220.80
2025Q2,2025-04-01 00:00:00,SMB,CUST-01414,2025-12-31,2,21220.80
2025Q2,2025-04-01 00:00:00,SMB,CUST-01414,2026-03-31,3,21220.80
2025Q2,2025-04-01 00:00:00,SMB,CUST-01414,2026-06-30,4,21220.80
2025Q2,2025-04-01 00:00:00,SMB,CUST-01383,2025-06-30,0,1902.24
2025Q2,2025-04-01 00:00:00,SMB,CUST-01383,2025-09-30,1,1902.24
2025Q2,2025-04-01 00:00:00,SMB,CUST-01383,2025-12-31,2,0.00
2025Q2,2025-04-01 00:00:00,SMB,CUST-01383,2026-03-31,3,0.00
2025Q2,2025-04-01 00:00:00,SMB,CUST-01383,2026-06-30,4,0.00
2025Q2,2025-04-01 00:00:00,SMB,CUST-01392,2025-06-30,0,6041.16
2025Q2,2025-04-01 00:00:00,SMB,CUST-01392,2025-09-30,1,9961.80
2025Q2,2025-04-01 00:00:00,SMB,CUST-01392,2025-12-31,2,11841.24
2025Q2,2025-04-01 00:00:00,SMB,CUST-01392,2026-03-31,3,11841.24
2025Q2,2025-04-01 00:00:00,SMB,CUST-01392,2026-06-30,4,14660.40
2025Q2,2025-04-01 00:00:00,SMB,CUST-01399,2025-06-30,0,4274.52
2025Q2,2025-04-01 00:00:00,SMB,CUST-01399,2025-09-30,1,4274.52
2025Q2,2025-04-01 00:00:00,SMB,CUST-01399,2025-12-31,2,4274.52
2025Q2,2025-04-01 00:00:00,SMB,CUST-01399,2026-03-31,3,4274.52
2025Q2,2025-04-01 00:00:00,SMB,CUST-01399,2026-06-30,4,5984.40
2025Q2,2025-04-01 00:00:00,SMB,CUST-01402,2025-06-30,0,3597.60
2025Q2,2025-04-01 00:00:00,SMB,CUST-01402,2025-09-30,1,3597.60
2025Q2,2025-04-01 00:00:00,SMB,CUST-01402,2025-12-31,2,3597.60
2025Q2,2025-04-01 00:00:00,SMB,CUST-01402,2026-03-31,3,3597.60
2025Q2,2025-04-01 00:00:00,SMB,CUST-01402,2026-06-30,4,3713.28
2025Q2,2025-04-01 00:00:00,SMB,CUST-01411,2025-06-30,0,8109.12
2025Q2,2025-04-01 00:00:00,SMB,CUST-01411,2025-09-30,1,8109.12
2025Q2,2025-04-01 00:00:00,SMB,CUST-01411,2025-12-31,2,8109.12
2025Q2,2025-04-01 00:00:00,SMB,CUST-01411,2026-03-31,3,8109.12
2025Q2,2025-04-01 00:00:00,SMB,CUST-01411,2026-06-30,4,8109.12
2025Q2,2025-04-01 00:00:00,Mid-Market,CUST-01525,2025-06-30,0,18402.00
2025Q2,2025-04-01 00:00:00,Mid-Market,CUST-01525,2025-09-30,1,18402.00
2025Q2,2025-04-01 00:00:00,Mid-Market,CUST-01525,2025-12-31,2,18402.00
2025Q2,2025-04-01 00:00:00,Mid-Market,CUST-01525,2026-03-31,3,19424.40
2025Q2,2025-04-01 00:00:00,Mid-Market,CUST-01525,2026-06-30,4,22395.36
2025Q2,2025-04-01 00:00:00,Mid-Market,CUST-01529,2025-06-30,0,74289.24
2025Q2,2025-04-01 00:00:00,Mid-Market,CUST-01529,2025-09-30,1,74289.24
2025Q2,2025-04-01 00:00:00,Mid-Market,CUST-01529,2025-12-31,2,74289.24
2025Q2,2025-04-01 00:00:00,Mid-Market,CUST-01529,2026-03-31,3,74289.24
2025Q2,2025-04-01 00:00:00,Mid-Market,CUST-01529,2026-06-30,4,69917.76
2025Q2,2025-04-01 00:00:00,SMB,CUST-01410,2025-06-30,0,15797.40
2025Q2,2025-04-01 00:00:00,SMB,CUST-01410,2025-09-30,1,0.00
2025Q2,2025-04-01 00:00:00,SMB,CUST-01410,2025-12-31,2,0.00
2025Q2,2025-04-01 00:00:00,SMB,CUST-01410,2026-03-31,3,0.00
2025Q2,2025-04-01 00:00:00,SMB,CUST-01410,2026-06-30,4,0.00
2025Q2,2025-04-01 00:00:00,SMB,CUST-01389,2026-03-31,3,3684.72
2025Q2,2025-04-01 00:00:00,SMB,CUST-01389,2026-06-30,4,0.00
2025Q2,2025-04-01 00:00:00,SMB,CUST-01418,2025-06-30,0,17653.08
2025Q2,2025-04-01 00:00:00,SMB,CUST-01418,2025-09-30,1,17653.08
2025Q2,2025-04-01 00:00:00,SMB,CUST-01418,2025-12-31,2,0.00
2025Q2,2025-04-01 00:00:00,SMB,CUST-01418,2026-03-31,3,0.00
2025Q2,2025-04-01 00:00:00,SMB,CUST-01418,2026-06-30,4,0.00
2025Q2,2025-04-01 00:00:00,SMB,CUST-01420,2025-06-30,0,10621.80
2025Q2,2025-04-01 00:00:00,SMB,CUST-01420,2025-09-30,1,10621.80
2025Q2,2025-04-01 00:00:00,SMB,CUST-01420,2025-12-31,2,10621.80
2025Q2,2025-04-01 00:00:00,SMB,CUST-01420,2026-03-31,3,22801.44
2025Q2,2025-04-01 00:00:00,SMB,CUST-01420,2026-06-30,4,0.00
2025Q2,2025-04-01 00:00:00,SMB,CUST-01386,2025-06-30,0,4380.36
2025Q2,2025-04-01 00:00:00,SMB,CUST-01386,2025-09-30,1,4380.36
2025Q2,2025-04-01 00:00:00,SMB,CUST-01386,2025-12-31,2,5066.28
2025Q2,2025-04-01 00:00:00,SMB,CUST-01386,2026-03-31,3,4380.36
2025Q2,2025-04-01 00:00:00,SMB,CUST-01386,2026-06-30,4,4380.36
2025Q2,2025-04-01 00:00:00,SMB,CUST-01393,2025-06-30,0,13142.16
2025Q2,2025-04-01 00:00:00,SMB,CUST-01393,2025-09-30,1,13142.16
2025Q2,2025-04-01 00:00:00,SMB,CUST-01393,2025-12-31,2,13142.16
2025Q2,2025-04-01 00:00:00,SMB,CUST-01393,2026-03-31,3,13142.16
2025Q2,2025-04-01 00:00:00,SMB,CUST-01393,2026-06-30,4,0.00
2025Q2,2025-04-01 00:00:00,SMB,CUST-01404,2025-06-30,0,16708.80
2025Q2,2025-04-01 00:00:00,SMB,CUST-01404,2025-09-30,1,16708.80
2025Q2,2025-04-01 00:00:00,SMB,CUST-01404,2025-12-31,2,0.00
2025Q2,2025-04-01 00:00:00,SMB,CUST-01404,2026-03-31,3,0.00
2025Q2,2025-04-01 00:00:00,SMB,CUST-01404,2026-06-30,4,0.00
2025Q2,2025-04-01 00:00:00,SMB,CUST-01413,2025-06-30,0,11211.60
2025Q2,2025-04-01 00:00:00,SMB,CUST-01413,2025-09-30,1,11211.60
2025Q2,2025-04-01 00:00:00,SMB,CUST-01413,2025-12-31,2,11211.60
2025Q2,2025-04-01 00:00:00,SMB,CUST-01413,2026-03-31,3,11211.60
2025Q2,2025-04-01 00:00:00,SMB,CUST-01413,2026-06-30,4,11211.60
2025Q2,2025-04-01 00:00:00,SMB,CUST-01419,2025-06-30,0,13603.32
2025Q2,2025-04-01 00:00:00,SMB,CUST-01419,2025-09-30,1,13603.32
2025Q2,2025-04-01 00:00:00,SMB,CUST-01419,2025-12-31,2,13603.32
2025Q2,2025-04-01 00:00:00,SMB,CUST-01419,2026-03-31,3,13603.32
2025Q2,2025-04-01 00:00:00,SMB,CUST-01419,2026-06-30,4,16742.52
2025Q2,2025-04-01 00:00:00,SMB,CUST-01388,2025-06-30,0,3701.04
2025Q2,2025-04-01 00:00:00,SMB,CUST-01388,2025-09-30,1,2107.44
2025Q2,2025-04-01 00:00:00,SMB,CUST-01388,2025-12-31,2,0.00
2025Q2,2025-04-01 00:00:00,SMB,CUST-01388,2026-03-31,3,0.00
2025Q2,2025-04-01 00:00:00,SMB,CUST-01388,2026-06-30,4,0.00
2025Q2,2025-04-01 00:00:00,Mid-Market,CUST-01524,2025-06-30,0,71237.40
2025Q2,2025-04-01 00:00:00,Mid-Market,CUST-01524,2025-09-30,1,71237.40
2025Q2,2025-04-01 00:00:00,Mid-Market,CUST-01524,2025-12-31,2,94430.88
2025Q2,2025-04-01 00:00:00,Mid-Market,CUST-01524,2026-03-31,3,147444.72
2025Q2,2025-04-01 00:00:00,Mid-Market,CUST-01524,2026-06-30,4,192750.12
2025Q2,2025-04-01 00:00:00,Mid-Market,CUST-01527,2025-06-30,0,50170.68
2025Q2,2025-04-01 00:00:00,Mid-Market,CUST-01527,2025-09-30,1,50170.68
2025Q2,2025-04-01 00:00:00,Mid-Market,CUST-01527,2025-12-31,2,50170.68
2025Q2,2025-04-01 00:00:00,Mid-Market,CUST-01527,2026-03-31,3,50170.68
2025Q2,2025-04-01 00:00:00,Mid-Market,CUST-01527,2026-06-30,4,51738.84
2025Q2,2025-04-01 00:00:00,SMB,CUST-01417,2026-03-31,3,21841.20
2025Q2,2025-04-01 00:00:00,SMB,CUST-01390,2025-06-30,0,20190.96
2025Q2,2025-04-01 00:00:00,SMB,CUST-01390,2025-09-30,1,20190.96
2025Q2,2025-04-01 00:00:00,SMB,CUST-01390,2025-12-31,2,20190.96
2025Q2,2025-04-01 00:00:00,SMB,CUST-01390,2026-03-31,3,20190.96
2025Q2,2025-04-01 00:00:00,SMB,CUST-01390,2026-06-30,4,20190.96
2025Q2,2025-04-01 00:00:00,SMB,CUST-01403,2025-12-31,2,10826.16
2025Q2,2025-04-01 00:00:00,SMB,CUST-01403,2026-03-31,3,0.00
2025Q2,2025-04-01 00:00:00,SMB,CUST-01403,2025-09-30,1,10826.16
2025Q2,2025-04-01 00:00:00,Mid-Market,CUST-01530,2026-03-31,3,53940.60
2025Q2,2025-04-01 00:00:00,Mid-Market,CUST-01530,2026-06-30,4,53940.60
2025Q2,2025-04-01 00:00:00,Mid-Market,CUST-01532,2025-06-30,0,40863.36
2025Q2,2025-04-01 00:00:00,Mid-Market,CUST-01532,2025-09-30,1,40863.36
2025Q2,2025-04-01 00:00:00,Mid-Market,CUST-01532,2025-12-31,2,95585.04
2025Q2,2025-04-01 00:00:00,Mid-Market,CUST-01532,2026-03-31,3,95585.04
2025Q2,2025-04-01 00:00:00,Mid-Market,CUST-01532,2026-06-30,4,98901.48
2025Q2,2025-04-01 00:00:00,SMB,CUST-01395,2025-06-30,0,8000.52
2025Q2,2025-04-01 00:00:00,SMB,CUST-01395,2025-09-30,1,8000.52
2025Q2,2025-04-01 00:00:00,SMB,CUST-01395,2025-12-31,2,9000.48
2025Q2,2025-04-01 00:00:00,SMB,CUST-01395,2026-03-31,3,9000.48
2025Q2,2025-04-01 00:00:00,SMB,CUST-01395,2026-06-30,4,9287.88
2025Q2,2025-04-01 00:00:00,SMB,CUST-01416,2025-06-30,0,11503.08
2025Q2,2025-04-01 00:00:00,SMB,CUST-01416,2025-09-30,1,11503.08
2025Q2,2025-04-01 00:00:00,SMB,CUST-01416,2025-12-31,2,11503.08
2025Q2,2025-04-01 00:00:00,SMB,CUST-01416,2026-03-31,3,11503.08
2025Q2,2025-04-01 00:00:00,SMB,CUST-01416,2026-06-30,4,11503.08
2025Q2,2025-04-01 00:00:00,SMB,CUST-01391,2025-06-30,0,5070.60
2025Q2,2025-04-01 00:00:00,SMB,CUST-01391,2025-09-30,1,5070.60
2025Q2,2025-04-01 00:00:00,SMB,CUST-01391,2025-12-31,2,5794.92
2025Q2,2025-04-01 00:00:00,SMB,CUST-01391,2026-03-31,3,5794.92
2025Q2,2025-04-01 00:00:00,SMB,CUST-01391,2026-06-30,4,5794.92
2025Q2,2025-04-01 00:00:00,SMB,CUST-01401,2025-06-30,0,9298.80
2025Q2,2025-04-01 00:00:00,SMB,CUST-01401,2025-09-30,1,9298.80
2025Q2,2025-04-01 00:00:00,SMB,CUST-01401,2025-12-31,2,0.00
2025Q2,2025-04-01 00:00:00,SMB,CUST-01401,2026-03-31,3,0.00
2025Q2,2025-04-01 00:00:00,SMB,CUST-01401,2026-06-30,4,0.00
2025Q2,2025-04-01 00:00:00,SMB,CUST-01406,2025-06-30,0,14615.88
2025Q2,2025-04-01 00:00:00,SMB,CUST-01381,2025-06-30,0,9399.48
2025Q2,2025-04-01 00:00:00,SMB,CUST-01381,2025-09-30,1,9399.48
2025Q2,2025-04-01 00:00:00,SMB,CUST-01381,2025-12-31,2,9399.48
2025Q2,2025-04-01 00:00:00,SMB,CUST-01381,2026-03-31,3,13159.32
2025Q2,2025-04-01 00:00:00,SMB,CUST-01381,2026-06-30,4,14171.52
2025Q2,2025-04-01 00:00:00,SMB,CUST-01382,2025-06-30,0,10652.76
2025Q2,2025-04-01 00:00:00,SMB,CUST-01382,2025-09-30,1,10652.76
2025Q2,2025-04-01 00:00:00,SMB,CUST-01382,2025-12-31,2,11621.04
2025Q2,2025-04-01 00:00:00,SMB,CUST-01382,2026-03-31,3,11621.04
2025Q2,2025-04-01 00:00:00,SMB,CUST-01406,2025-09-30,1,14615.88
2025Q2,2025-04-01 00:00:00,SMB,CUST-01406,2025-12-31,2,13980.36
2025Q2,2025-04-01 00:00:00,SMB,CUST-01406,2026-03-31,3,19064.16
2025Q2,2025-04-01 00:00:00,SMB,CUST-01406,2026-06-30,4,19064.16
2025Q2,2025-04-01 00:00:00,SMB,CUST-01398,2025-09-30,1,4354.68
2025Q2,2025-04-01 00:00:00,SMB,CUST-01398,2025-12-31,2,4354.68
2025Q2,2025-04-01 00:00:00,SMB,CUST-01389,2025-06-30,0,2763.60
2025Q2,2025-04-01 00:00:00,SMB,CUST-01389,2025-09-30,1,3684.72
2025Q2,2025-04-01 00:00:00,SMB,CUST-01389,2025-12-31,2,3684.72
2025Q2,2025-04-01 00:00:00,SMB,CUST-01398,2026-03-31,3,4354.68
2025Q2,2025-04-01 00:00:00,SMB,CUST-01398,2026-06-30,4,4354.68
2025Q2,2025-04-01 00:00:00,SMB,CUST-01382,2026-06-30,4,11621.04
2025Q2,2025-04-01 00:00:00,SMB,CUST-01407,2025-06-30,0,8464.56
2025Q2,2025-04-01 00:00:00,SMB,CUST-01407,2025-09-30,1,8464.56
2025Q2,2025-04-01 00:00:00,SMB,CUST-01394,2025-12-31,2,6390.36
2025Q2,2025-04-01 00:00:00,SMB,CUST-01394,2026-03-31,3,6390.36
2025Q2,2025-04-01 00:00:00,SMB,CUST-01394,2026-06-30,4,6390.36
2025Q2,2025-04-01 00:00:00,SMB,CUST-01387,2025-09-30,1,11395.80
2025Q2,2025-04-01 00:00:00,SMB,CUST-01387,2025-12-31,2,11395.80
2025Q2,2025-04-01 00:00:00,SMB,CUST-01387,2026-03-31,3,0.00
2025Q2,2025-04-01 00:00:00,SMB,CUST-01387,2026-06-30,4,0.00
2025Q2,2025-04-01 00:00:00,Mid-Market,CUST-01526,2025-06-30,0,94866.00
2025Q2,2025-04-01 00:00:00,Mid-Market,CUST-01526,2025-09-30,1,94866.00
2025Q2,2025-04-01 00:00:00,Mid-Market,CUST-01528,2025-06-30,0,30604.80
2025Q2,2025-04-01 00:00:00,Mid-Market,CUST-01528,2025-09-30,1,30604.80
2025Q2,2025-04-01 00:00:00,Mid-Market,CUST-01528,2025-12-31,2,30604.80
2025Q2,2025-04-01 00:00:00,Mid-Market,CUST-01528,2026-03-31,3,30604.80
2025Q2,2025-04-01 00:00:00,Mid-Market,CUST-01528,2026-06-30,4,30604.80
2025Q2,2025-04-01 00:00:00,Mid-Market,CUST-01531,2025-06-30,0,24236.04
2025Q2,2025-04-01 00:00:00,Mid-Market,CUST-01531,2025-09-30,1,33930.48
2025Q2,2025-04-01 00:00:00,Mid-Market,CUST-01531,2025-12-31,2,50927.76
2025Q2,2025-04-01 00:00:00,SMB,CUST-01380,2025-12-31,2,9595.20
2025Q2,2025-04-01 00:00:00,SMB,CUST-01396,2026-06-30,4,25223.16
2025Q2,2025-04-01 00:00:00,SMB,CUST-01398,2025-06-30,0,3732.60
2025Q2,2025-04-01 00:00:00,SMB,CUST-01380,2026-06-30,4,13433.28
2025Q2,2025-04-01 00:00:00,Mid-Market,CUST-01526,2025-12-31,2,94866.00
2025Q2,2025-04-01 00:00:00,SMB,CUST-01417,2025-06-30,0,10608.60
2025Q2,2025-04-01 00:00:00,SMB,CUST-01417,2025-09-30,1,10608.60
2025Q2,2025-04-01 00:00:00,SMB,CUST-01417,2025-12-31,2,10608.60
2025Q2,2025-04-01 00:00:00,SMB,CUST-01403,2026-06-30,4,0.00
2025Q2,2025-04-01 00:00:00,SMB,CUST-01412,2025-06-30,0,10011.96
2025Q2,2025-04-01 00:00:00,SMB,CUST-01412,2025-09-30,1,13349.28
2025Q2,2025-04-01 00:00:00,SMB,CUST-01412,2025-12-31,2,14918.16
2025Q2,2025-04-01 00:00:00,SMB,CUST-01412,2026-03-31,3,14918.16
2025Q2,2025-04-01 00:00:00,Mid-Market,CUST-01530,2025-06-30,0,38529.00
2025Q2,2025-04-01 00:00:00,Mid-Market,CUST-01526,2026-03-31,3,94866.00
2025Q2,2025-04-01 00:00:00,Mid-Market,CUST-01526,2026-06-30,4,98613.48
2025Q2,2025-04-01 00:00:00,Mid-Market,CUST-01530,2025-09-30,1,38529.00
2025Q2,2025-04-01 00:00:00,Mid-Market,CUST-01530,2025-12-31,2,53940.60
2025Q2,2025-04-01 00:00:00,Mid-Market,CUST-01531,2026-03-31,3,80432.40
2025Q2,2025-04-01 00:00:00,Mid-Market,CUST-01531,2026-06-30,4,80432.40
2025Q2,2025-04-01 00:00:00,SMB,CUST-01394,2025-06-30,0,4564.56
2025Q2,2025-04-01 00:00:00,SMB,CUST-01394,2025-09-30,1,4564.56
2025Q2,2025-04-01 00:00:00,SMB,CUST-01407,2025-12-31,2,8464.56
2025Q2,2025-04-01 00:00:00,SMB,CUST-01407,2026-03-31,3,8464.56
2025Q2,2025-04-01 00:00:00,SMB,CUST-01407,2026-06-30,4,0.00
2025Q2,2025-04-01 00:00:00,SMB,CUST-01387,2025-06-30,0,11395.80
2025Q2,2025-04-01 00:00:00,SMB,CUST-01380,2026-03-31,3,9595.20
2025Q2,2025-04-01 00:00:00,SMB,CUST-01380,2025-06-30,0,9595.20
2025Q2,2025-04-01 00:00:00,SMB,CUST-01380,2025-09-30,1,9595.20
2025Q2,2025-04-01 00:00:00,SMB,CUST-01396,2025-12-31,2,25223.16
2025Q2,2025-04-01 00:00:00,SMB,CUST-01396,2026-03-31,3,25223.16
2025Q2,2025-04-01 00:00:00,SMB,CUST-01412,2026-06-30,4,13349.76
2025Q2,2025-04-01 00:00:00,SMB,CUST-01403,2025-06-30,0,10826.16
2025Q2,2025-04-01 00:00:00,SMB,CUST-01396,2025-06-30,0,20719.08
2025Q2,2025-04-01 00:00:00,SMB,CUST-01396,2025-09-30,1,25223.16
2025Q3,2025-07-01 00:00:00,SMB,CUST-01421,2025-09-30,0,11489.04
2025Q3,2025-07-01 00:00:00,SMB,CUST-01421,2025-12-31,1,11489.04
2025Q3,2025-07-01 00:00:00,SMB,CUST-01421,2026-03-31,2,0.00
2025Q3,2025-07-01 00:00:00,SMB,CUST-01421,2026-06-30,3,0.00
2025Q3,2025-07-01 00:00:00,SMB,CUST-01429,2025-09-30,0,2805.72
2025Q3,2025-07-01 00:00:00,SMB,CUST-01429,2025-12-31,1,2805.72
2025Q3,2025-07-01 00:00:00,SMB,CUST-01429,2026-03-31,2,2805.72
2025Q3,2025-07-01 00:00:00,SMB,CUST-01429,2026-06-30,3,3741.00
2025Q3,2025-07-01 00:00:00,SMB,CUST-01437,2025-09-30,0,16051.20
2025Q3,2025-07-01 00:00:00,SMB,CUST-01437,2025-12-31,1,17770.20
2025Q3,2025-07-01 00:00:00,SMB,CUST-01437,2026-03-31,2,19229.40
2025Q3,2025-07-01 00:00:00,SMB,CUST-01437,2026-06-30,3,19229.40
2025Q3,2025-07-01 00:00:00,SMB,CUST-01442,2025-09-30,0,5029.80
2025Q3,2025-07-01 00:00:00,SMB,CUST-01442,2025-12-31,1,7041.72
2025Q3,2025-07-01 00:00:00,SMB,CUST-01442,2026-03-31,2,7041.72
2025Q3,2025-07-01 00:00:00,SMB,CUST-01442,2026-06-30,3,7041.72
2025Q3,2025-07-01 00:00:00,Mid-Market,CUST-01540,2025-09-30,0,32754.00
2025Q3,2025-07-01 00:00:00,Mid-Market,CUST-01540,2025-12-31,1,55026.72
2025Q3,2025-07-01 00:00:00,Mid-Market,CUST-01540,2026-03-31,2,59521.32
2025Q3,2025-07-01 00:00:00,Mid-Market,CUST-01540,2026-06-30,3,59521.32
2025Q3,2025-07-01 00:00:00,SMB,CUST-01435,2025-09-30,0,2866.80
2025Q3,2025-07-01 00:00:00,SMB,CUST-01435,2025-12-31,1,2866.80
2025Q3,2025-07-01 00:00:00,SMB,CUST-01435,2026-03-31,2,2866.80
2025Q3,2025-07-01 00:00:00,SMB,CUST-01435,2026-06-30,3,2866.80
2025Q3,2025-07-01 00:00:00,SMB,CUST-01448,2025-09-30,0,8255.64
2025Q3,2025-07-01 00:00:00,SMB,CUST-01448,2025-12-31,1,8255.64
2025Q3,2025-07-01 00:00:00,SMB,CUST-01448,2026-03-31,2,8255.64
2025Q3,2025-07-01 00:00:00,SMB,CUST-01448,2026-06-30,3,8255.64
2025Q3,2025-07-01 00:00:00,SMB,CUST-01422,2025-09-30,0,8605.92
2025Q3,2025-07-01 00:00:00,SMB,CUST-01422,2025-12-31,1,8605.92
2025Q3,2025-07-01 00:00:00,SMB,CUST-01422,2026-03-31,2,8605.92
2025Q3,2025-07-01 00:00:00,SMB,CUST-01422,2026-06-30,3,8605.92
2025Q3,2025-07-01 00:00:00,SMB,CUST-01453,2025-09-30,0,5889.24
2025Q3,2025-07-01 00:00:00,SMB,CUST-01453,2025-12-31,1,0.00
2025Q3,2025-07-01 00:00:00,SMB,CUST-01453,2026-03-31,2,0.00
2025Q3,2025-07-01 00:00:00,SMB,CUST-01453,2026-06-30,3,0.00
2025Q3,2025-07-01 00:00:00,SMB,CUST-01434,2025-09-30,0,14076.36
2025Q3,2025-07-01 00:00:00,SMB,CUST-01434,2025-12-31,1,14076.36
2025Q3,2025-07-01 00:00:00,SMB,CUST-01434,2026-03-31,2,14076.36
2025Q3,2025-07-01 00:00:00,SMB,CUST-01434,2026-06-30,3,19126.44
2025Q3,2025-07-01 00:00:00,SMB,CUST-01452,2025-09-30,0,6765.84
2025Q3,2025-07-01 00:00:00,SMB,CUST-01452,2025-12-31,1,8119.08
2025Q3,2025-07-01 00:00:00,SMB,CUST-01452,2026-03-31,2,8119.08
2025Q3,2025-07-01 00:00:00,SMB,CUST-01452,2026-06-30,3,8119.08
2025Q3,2025-07-01 00:00:00,SMB,CUST-01423,2025-09-30,0,5660.76
2025Q3,2025-07-01 00:00:00,SMB,CUST-01423,2025-12-31,1,7925.04
2025Q3,2025-07-01 00:00:00,SMB,CUST-01423,2026-03-31,2,9772.68
2025Q3,2025-07-01 00:00:00,SMB,CUST-01423,2026-06-30,3,9772.68
2025Q3,2025-07-01 00:00:00,SMB,CUST-01426,2025-09-30,0,7169.76
2025Q3,2025-07-01 00:00:00,SMB,CUST-01426,2025-12-31,1,7169.76
2025Q3,2025-07-01 00:00:00,SMB,CUST-01426,2026-03-31,2,7169.76
2025Q3,2025-07-01 00:00:00,SMB,CUST-01426,2026-06-30,3,9296.88
2025Q3,2025-07-01 00:00:00,SMB,CUST-01447,2025-09-30,0,1962.36
2025Q3,2025-07-01 00:00:00,SMB,CUST-01447,2025-12-31,1,0.00
2025Q3,2025-07-01 00:00:00,SMB,CUST-01447,2026-03-31,2,0.00
2025Q3,2025-07-01 00:00:00,SMB,CUST-01447,2026-06-30,3,0.00
2025Q3,2025-07-01 00:00:00,SMB,CUST-01450,2025-09-30,0,9557.40
2025Q3,2025-07-01 00:00:00,SMB,CUST-01450,2025-12-31,1,5297.64
2025Q3,2025-07-01 00:00:00,SMB,CUST-01450,2026-03-31,2,5297.64
2025Q3,2025-07-01 00:00:00,SMB,CUST-01450,2026-06-30,3,5297.64
2025Q3,2025-07-01 00:00:00,Mid-Market,CUST-01536,2025-09-30,0,23550.96
2025Q3,2025-07-01 00:00:00,Mid-Market,CUST-01536,2025-12-31,1,23550.96
2025Q3,2025-07-01 00:00:00,Mid-Market,CUST-01536,2026-03-31,2,23550.96
2025Q3,2025-07-01 00:00:00,Mid-Market,CUST-01536,2026-06-30,3,62802.48
2025Q3,2025-07-01 00:00:00,Mid-Market,CUST-01537,2025-09-30,0,60230.76
2025Q3,2025-07-01 00:00:00,Mid-Market,CUST-01537,2025-12-31,1,60230.76
2025Q3,2025-07-01 00:00:00,Mid-Market,CUST-01537,2026-03-31,2,60230.76
2025Q3,2025-07-01 00:00:00,Mid-Market,CUST-01537,2026-06-30,3,60230.76
2025Q3,2025-07-01 00:00:00,SMB,CUST-01451,2025-09-30,0,3721.32
2025Q3,2025-07-01 00:00:00,SMB,CUST-01451,2025-12-31,1,3721.32
2025Q3,2025-07-01 00:00:00,SMB,CUST-01451,2026-03-31,2,3721.32
2025Q3,2025-07-01 00:00:00,SMB,CUST-01451,2026-06-30,3,3721.32
2025Q3,2025-07-01 00:00:00,SMB,CUST-01433,2025-09-30,0,8991.12
2025Q3,2025-07-01 00:00:00,SMB,CUST-01433,2025-12-31,1,8991.12
2025Q3,2025-07-01 00:00:00,SMB,CUST-01433,2026-03-31,2,0.00
2025Q3,2025-07-01 00:00:00,SMB,CUST-01433,2026-06-30,3,0.00
2025Q3,2025-07-01 00:00:00,SMB,CUST-01436,2025-09-30,0,8743.44
2025Q3,2025-07-01 00:00:00,SMB,CUST-01436,2025-12-31,1,8743.44
2025Q3,2025-07-01 00:00:00,SMB,CUST-01436,2026-03-31,2,11657.88
2025Q3,2025-07-01 00:00:00,SMB,CUST-01436,2026-06-30,3,0.00
2025Q3,2025-07-01 00:00:00,SMB,CUST-01443,2025-09-30,0,2149.32
2025Q3,2025-07-01 00:00:00,SMB,CUST-01443,2025-12-31,1,2865.72
2025Q3,2025-07-01 00:00:00,SMB,CUST-01443,2026-03-31,2,2865.72
2025Q3,2025-07-01 00:00:00,SMB,CUST-01443,2026-06-30,3,2865.72
2025Q3,2025-07-01 00:00:00,SMB,CUST-01444,2025-09-30,0,17236.20
2025Q3,2025-07-01 00:00:00,SMB,CUST-01444,2025-12-31,1,17236.20
2025Q3,2025-07-01 00:00:00,SMB,CUST-01444,2026-03-31,2,17236.20
2025Q3,2025-07-01 00:00:00,SMB,CUST-01444,2026-06-30,3,15951.00
2025Q3,2025-07-01 00:00:00,SMB,CUST-01445,2025-09-30,0,10529.28
2025Q3,2025-07-01 00:00:00,SMB,CUST-01445,2025-12-31,1,10529.28
2025Q3,2025-07-01 00:00:00,SMB,CUST-01445,2026-03-31,2,12284.04
2025Q3,2025-07-01 00:00:00,SMB,CUST-01445,2026-06-30,3,12284.04
2025Q3,2025-07-01 00:00:00,Mid-Market,CUST-01538,2025-09-30,0,56113.56
2025Q3,2025-07-01 00:00:00,Mid-Market,CUST-01538,2025-12-31,1,56113.56
2025Q3,2025-07-01 00:00:00,Mid-Market,CUST-01538,2026-03-31,2,56113.56
2025Q3,2025-07-01 00:00:00,Mid-Market,CUST-01538,2026-06-30,3,56113.56
2025Q3,2025-07-01 00:00:00,SMB,CUST-01438,2025-09-30,0,9879.48
2025Q3,2025-07-01 00:00:00,SMB,CUST-01438,2025-12-31,1,9879.48
2025Q3,2025-07-01 00:00:00,SMB,CUST-01438,2026-03-31,2,9879.48
2025Q3,2025-07-01 00:00:00,SMB,CUST-01438,2026-06-30,3,18441.72
2025Q3,2025-07-01 00:00:00,Mid-Market,CUST-01539,2025-09-30,0,36799.56
2025Q3,2025-07-01 00:00:00,Mid-Market,CUST-01539,2025-12-31,1,36799.56
2025Q3,2025-07-01 00:00:00,Mid-Market,CUST-01539,2026-03-31,2,36799.56
2025Q3,2025-07-01 00:00:00,Mid-Market,CUST-01539,2026-06-30,3,41817.60
2025Q3,2025-07-01 00:00:00,SMB,CUST-01425,2025-09-30,0,0.00
2025Q3,2025-07-01 00:00:00,SMB,CUST-01425,2025-12-31,1,7295.16
2025Q3,2025-07-01 00:00:00,SMB,CUST-01425,2026-03-31,2,7295.16
2025Q3,2025-07-01 00:00:00,SMB,CUST-01425,2026-06-30,3,0.00
2025Q3,2025-07-01 00:00:00,SMB,CUST-01431,2025-09-30,0,7808.04
2025Q3,2025-07-01 00:00:00,SMB,CUST-01431,2025-12-31,1,7808.04
2025Q3,2025-07-01 00:00:00,SMB,CUST-01431,2026-03-31,2,7808.04
2025Q3,2025-07-01 00:00:00,SMB,CUST-01431,2026-06-30,3,7808.04
2025Q3,2025-07-01 00:00:00,SMB,CUST-01449,2025-09-30,0,2044.32
2025Q3,2025-07-01 00:00:00,SMB,CUST-01449,2025-12-31,1,2044.32
2025Q3,2025-07-01 00:00:00,SMB,CUST-01449,2026-03-31,2,3993.00
2025Q3,2025-07-01 00:00:00,SMB,CUST-01449,2026-06-30,3,3993.00
2025Q3,2025-07-01 00:00:00,SMB,CUST-01428,2025-09-30,0,4009.08
2025Q3,2025-07-01 00:00:00,SMB,CUST-01428,2025-12-31,1,4009.08
2025Q3,2025-07-01 00:00:00,SMB,CUST-01428,2026-03-31,2,5345.52
2025Q3,2025-07-01 00:00:00,SMB,CUST-01428,2026-06-30,3,4677.36
2025Q3,2025-07-01 00:00:00,SMB,CUST-01441,2025-09-30,0,7629.48
2025Q3,2025-07-01 00:00:00,SMB,CUST-01441,2025-12-31,1,0.00
2025Q3,2025-07-01 00:00:00,SMB,CUST-01441,2026-03-31,2,0.00
2025Q3,2025-07-01 00:00:00,SMB,CUST-01441,2026-06-30,3,0.00
2025Q3,2025-07-01 00:00:00,Mid-Market,CUST-01534,2025-09-30,0,27778.32
2025Q3,2025-07-01 00:00:00,Mid-Market,CUST-01534,2025-12-31,1,27778.32
2025Q3,2025-07-01 00:00:00,Mid-Market,CUST-01534,2026-03-31,2,27778.32
2025Q3,2025-07-01 00:00:00,SMB,CUST-01424,2025-09-30,0,6623.52
2025Q3,2025-07-01 00:00:00,SMB,CUST-01424,2025-12-31,1,6623.52
2025Q3,2025-07-01 00:00:00,SMB,CUST-01424,2026-03-31,2,6623.52
2025Q3,2025-07-01 00:00:00,SMB,CUST-01424,2026-06-30,3,6623.52
2025Q3,2025-07-01 00:00:00,SMB,CUST-01446,2025-09-30,0,3517.68
2025Q3,2025-07-01 00:00:00,SMB,CUST-01446,2026-06-30,3,0.00
2025Q3,2025-07-01 00:00:00,SMB,CUST-01446,2025-12-31,1,0.00
2025Q3,2025-07-01 00:00:00,SMB,CUST-01446,2026-03-31,2,0.00
2025Q3,2025-07-01 00:00:00,Mid-Market,CUST-01542,2025-09-30,0,39234.72
2025Q3,2025-07-01 00:00:00,Mid-Market,CUST-01542,2025-12-31,1,39234.72
2025Q3,2025-07-01 00:00:00,Mid-Market,CUST-01542,2026-03-31,2,48357.36
2025Q3,2025-07-01 00:00:00,SMB,CUST-01427,2025-09-30,0,4410.24
2025Q3,2025-07-01 00:00:00,SMB,CUST-01427,2025-12-31,1,4410.24
2025Q3,2025-07-01 00:00:00,SMB,CUST-01427,2026-03-31,2,4410.24
2025Q3,2025-07-01 00:00:00,SMB,CUST-01427,2026-06-30,3,4410.24
2025Q3,2025-07-01 00:00:00,SMB,CUST-01430,2025-09-30,0,5801.04
2025Q3,2025-07-01 00:00:00,SMB,CUST-01430,2025-12-31,1,5801.04
2025Q3,2025-07-01 00:00:00,SMB,CUST-01430,2026-03-31,2,5801.04
2025Q3,2025-07-01 00:00:00,SMB,CUST-01430,2026-06-30,3,5801.04
2025Q3,2025-07-01 00:00:00,Mid-Market,CUST-01542,2026-06-30,3,138898.80
2025Q3,2025-07-01 00:00:00,SMB,CUST-01440,2025-09-30,0,4041.36
2025Q3,2025-07-01 00:00:00,SMB,CUST-01440,2025-12-31,1,6062.04
2025Q3,2025-07-01 00:00:00,SMB,CUST-01440,2026-03-31,2,6062.04
2025Q3,2025-07-01 00:00:00,SMB,CUST-01440,2026-06-30,3,6062.04
2025Q3,2025-07-01 00:00:00,SMB,CUST-01432,2025-09-30,0,21507.72
2025Q3,2025-07-01 00:00:00,SMB,CUST-01432,2025-12-31,1,21507.72
2025Q3,2025-07-01 00:00:00,SMB,CUST-01432,2026-03-31,2,21507.72
2025Q3,2025-07-01 00:00:00,SMB,CUST-01432,2026-06-30,3,21507.72
2025Q3,2025-07-01 00:00:00,SMB,CUST-01439,2025-09-30,0,8175.36
2025Q3,2025-07-01 00:00:00,SMB,CUST-01439,2025-12-31,1,11445.48
2025Q3,2025-07-01 00:00:00,SMB,CUST-01439,2026-03-31,2,11445.48
2025Q3,2025-07-01 00:00:00,SMB,CUST-01439,2026-06-30,3,11445.48
2025Q3,2025-07-01 00:00:00,Mid-Market,CUST-01535,2026-03-31,2,33485.76
2025Q3,2025-07-01 00:00:00,Mid-Market,CUST-01541,2025-12-31,1,156049.44
2025Q3,2025-07-01 00:00:00,Mid-Market,CUST-01541,2026-03-31,2,156049.44
2025Q3,2025-07-01 00:00:00,Mid-Market,CUST-01541,2026-06-30,3,156049.44
2025Q3,2025-07-01 00:00:00,Mid-Market,CUST-01535,2026-06-30,3,33485.76
2025Q3,2025-07-01 00:00:00,Mid-Market,CUST-01535,2025-09-30,0,33485.76
2025Q3,2025-07-01 00:00:00,Mid-Market,CUST-01535,2025-12-31,1,33485.76
2025Q3,2025-07-01 00:00:00,Mid-Market,CUST-01534,2026-06-30,3,27778.32
2025Q3,2025-07-01 00:00:00,Mid-Market,CUST-01541,2025-09-30,0,109722.24
2025Q4,2025-10-01 00:00:00,SMB,CUST-01456,2025-12-31,0,3309.24
2025Q4,2025-10-01 00:00:00,SMB,CUST-01456,2026-03-31,1,3309.24
2025Q4,2025-10-01 00:00:00,SMB,CUST-01456,2026-06-30,2,3309.24
2025Q4,2025-10-01 00:00:00,SMB,CUST-01461,2025-12-31,0,9806.40
2025Q4,2025-10-01 00:00:00,SMB,CUST-01461,2026-03-31,1,9806.40
2025Q4,2025-10-01 00:00:00,SMB,CUST-01461,2026-06-30,2,6789.00
2025Q4,2025-10-01 00:00:00,SMB,CUST-01478,2025-12-31,0,4292.16
2025Q4,2025-10-01 00:00:00,SMB,CUST-01478,2026-03-31,1,4292.16
2025Q4,2025-10-01 00:00:00,SMB,CUST-01478,2026-06-30,2,4292.16
2025Q4,2025-10-01 00:00:00,SMB,CUST-01485,2025-12-31,0,9243.12
2025Q4,2025-10-01 00:00:00,SMB,CUST-01485,2026-03-31,1,9243.12
2025Q4,2025-10-01 00:00:00,SMB,CUST-01485,2026-06-30,2,9243.12
2025Q4,2025-10-01 00:00:00,Mid-Market,CUST-01557,2025-12-31,0,11880.60
2025Q4,2025-10-01 00:00:00,Mid-Market,CUST-01557,2026-03-31,1,11880.60
2025Q4,2025-10-01 00:00:00,Mid-Market,CUST-01557,2026-06-30,2,11880.60
2025Q4,2025-10-01 00:00:00,SMB,CUST-01457,2025-12-31,0,0.00
2025Q4,2025-10-01 00:00:00,SMB,CUST-01457,2026-03-31,1,0.00
2025Q4,2025-10-01 00:00:00,SMB,CUST-01457,2026-06-30,2,0.00
2025Q4,2025-10-01 00:00:00,SMB,CUST-01489,2025-12-31,0,13785.12
2025Q4,2025-10-01 00:00:00,SMB,CUST-01489,2026-03-31,1,13785.12
2025Q4,2025-10-01 00:00:00,SMB,CUST-01489,2026-06-30,2,10831.20
2025Q4,2025-10-01 00:00:00,SMB,CUST-01505,2025-12-31,0,5042.40
2025Q4,2025-10-01 00:00:00,SMB,CUST-01505,2026-03-31,1,5762.76
2025Q4,2025-10-01 00:00:00,SMB,CUST-01505,2026-06-30,2,5762.76
2025Q4,2025-10-01 00:00:00,Mid-Market,CUST-01552,2025-12-31,0,132388.56
2025Q4,2025-10-01 00:00:00,Mid-Market,CUST-01552,2026-03-31,1,132388.56
2025Q4,2025-10-01 00:00:00,Mid-Market,CUST-01552,2026-06-30,2,132388.56
2025Q4,2025-10-01 00:00:00,Mid-Market,CUST-01556,2025-12-31,0,37370.76
2025Q4,2025-10-01 00:00:00,Mid-Market,CUST-01556,2026-03-31,1,37370.76
2025Q4,2025-10-01 00:00:00,Mid-Market,CUST-01556,2026-06-30,2,37370.76
2025Q4,2025-10-01 00:00:00,SMB,CUST-01469,2025-12-31,0,6010.68
2025Q4,2025-10-01 00:00:00,SMB,CUST-01469,2026-03-31,1,7346.28
2025Q4,2025-10-01 00:00:00,SMB,CUST-01469,2026-06-30,2,7346.28
2025Q4,2025-10-01 00:00:00,SMB,CUST-01480,2025-12-31,0,5548.92
2025Q4,2025-10-01 00:00:00,SMB,CUST-01480,2026-03-31,1,5548.92
2025Q4,2025-10-01 00:00:00,SMB,CUST-01480,2026-06-30,2,7768.44
2025Q4,2025-10-01 00:00:00,SMB,CUST-01500,2025-12-31,0,6729.00
2025Q4,2025-10-01 00:00:00,SMB,CUST-01500,2026-03-31,1,0.00
2025Q4,2025-10-01 00:00:00,SMB,CUST-01500,2026-06-30,2,0.00
2025Q4,2025-10-01 00:00:00,Mid-Market,CUST-01550,2025-12-31,0,18076.08
2025Q4,2025-10-01 00:00:00,Mid-Market,CUST-01550,2026-03-31,1,18076.08
2025Q4,2025-10-01 00:00:00,Mid-Market,CUST-01550,2026-06-30,2,18076.08
2025Q4,2025-10-01 00:00:00,SMB,CUST-01460,2025-12-31,0,19769.28
2025Q4,2025-10-01 00:00:00,SMB,CUST-01460,2026-03-31,1,19769.28
2025Q4,2025-10-01 00:00:00,SMB,CUST-01460,2026-06-30,2,23931.24
2025Q4,2025-10-01 00:00:00,SMB,CUST-01464,2025-12-31,0,7001.76
2025Q4,2025-10-01 00:00:00,SMB,CUST-01464,2026-03-31,1,7001.76
2025Q4,2025-10-01 00:00:00,SMB,CUST-01464,2026-06-30,2,7001.76
2025Q4,2025-10-01 00:00:00,SMB,CUST-01476,2025-12-31,0,3955.56
2025Q4,2025-10-01 00:00:00,SMB,CUST-01476,2026-03-31,1,3955.56
2025Q4,2025-10-01 00:00:00,SMB,CUST-01476,2026-06-30,2,3955.56
2025Q4,2025-10-01 00:00:00,SMB,CUST-01481,2025-12-31,0,5072.04
2025Q4,2025-10-01 00:00:00,SMB,CUST-01481,2026-03-31,1,5072.04
2025Q4,2025-10-01 00:00:00,SMB,CUST-01481,2026-06-30,2,5072.04
2025Q4,2025-10-01 00:00:00,SMB,CUST-01486,2025-12-31,0,7702.56
2025Q4,2025-10-01 00:00:00,SMB,CUST-01486,2026-03-31,1,7702.56
2025Q4,2025-10-01 00:00:00,SMB,CUST-01486,2026-06-30,2,7702.56
2025Q4,2025-10-01 00:00:00,SMB,CUST-01498,2025-12-31,0,8847.96
2025Q4,2025-10-01 00:00:00,SMB,CUST-01498,2026-03-31,1,8847.96
2025Q4,2025-10-01 00:00:00,SMB,CUST-01498,2026-06-30,2,10111.92
2025Q4,2025-10-01 00:00:00,SMB,CUST-01508,2025-12-31,0,8240.40
2025Q4,2025-10-01 00:00:00,SMB,CUST-01508,2026-03-31,1,8240.40
2025Q4,2025-10-01 00:00:00,SMB,CUST-01508,2026-06-30,2,8240.40
2025Q4,2025-10-01 00:00:00,SMB,CUST-01465,2025-12-31,0,3574.92
2025Q4,2025-10-01 00:00:00,SMB,CUST-01465,2026-03-31,1,3574.92
2025Q4,2025-10-01 00:00:00,SMB,CUST-01465,2026-06-30,2,3574.92
2025Q4,2025-10-01 00:00:00,SMB,CUST-01484,2025-12-31,0,4167.72
2025Q4,2025-10-01 00:00:00,SMB,CUST-01484,2026-03-31,1,4167.72
2025Q4,2025-10-01 00:00:00,SMB,CUST-01484,2026-06-30,2,4167.72
2025Q4,2025-10-01 00:00:00,SMB,CUST-01497,2025-12-31,0,18000.96
2025Q4,2025-10-01 00:00:00,SMB,CUST-01497,2026-03-31,1,18000.96
2025Q4,2025-10-01 00:00:00,SMB,CUST-01497,2026-06-30,2,18720.96
2025Q4,2025-10-01 00:00:00,SMB,CUST-01510,2025-12-31,0,6681.24
2025Q4,2025-10-01 00:00:00,SMB,CUST-01510,2026-03-31,1,6681.24
2025Q4,2025-10-01 00:00:00,SMB,CUST-01510,2026-06-30,2,6681.24
2025Q4,2025-10-01 00:00:00,Mid-Market,CUST-01551,2025-12-31,0,43430.52
2025Q4,2025-10-01 00:00:00,Mid-Market,CUST-01551,2026-03-31,1,43430.52
2025Q4,2025-10-01 00:00:00,Mid-Market,CUST-01551,2026-06-30,2,43430.52
2025Q4,2025-10-01 00:00:00,Enterprise,CUST-01564,2025-12-31,0,200082.36
2025Q4,2025-10-01 00:00:00,Enterprise,CUST-01564,2026-03-31,1,200082.36
2025Q4,2025-10-01 00:00:00,Enterprise,CUST-01564,2026-06-30,2,200082.36
2025Q4,2025-10-01 00:00:00,SMB,CUST-01466,2025-12-31,0,12482.76
2025Q4,2025-10-01 00:00:00,SMB,CUST-01466,2026-03-31,1,0.00
2025Q4,2025-10-01 00:00:00,SMB,CUST-01466,2026-06-30,2,0.00
2025Q4,2025-10-01 00:00:00,SMB,CUST-01479,2025-12-31,0,7335.00
2025Q4,2025-10-01 00:00:00,SMB,CUST-01479,2026-03-31,1,7335.00
2025Q4,2025-10-01 00:00:00,SMB,CUST-01479,2026-06-30,2,7335.00
2025Q4,2025-10-01 00:00:00,SMB,CUST-01495,2025-12-31,0,11361.60
2025Q4,2025-10-01 00:00:00,SMB,CUST-01495,2026-03-31,1,11361.60
2025Q4,2025-10-01 00:00:00,SMB,CUST-01495,2026-06-30,2,11361.60
2025Q4,2025-10-01 00:00:00,SMB,CUST-01502,2025-12-31,0,6321.60
2025Q4,2025-10-01 00:00:00,SMB,CUST-01502,2026-03-31,1,0.00
2025Q4,2025-10-01 00:00:00,SMB,CUST-01502,2026-06-30,2,0.00
2025Q4,2025-10-01 00:00:00,SMB,CUST-01487,2025-12-31,0,10153.92
2025Q4,2025-10-01 00:00:00,SMB,CUST-01487,2026-03-31,1,10153.92
2025Q4,2025-10-01 00:00:00,SMB,CUST-01487,2026-06-30,2,10153.92
2025Q4,2025-10-01 00:00:00,SMB,CUST-01490,2025-12-31,0,25721.64
2025Q4,2025-10-01 00:00:00,SMB,CUST-01490,2026-03-31,1,26750.52
2025Q4,2025-10-01 00:00:00,SMB,CUST-01490,2026-06-30,2,0.00
2025Q4,2025-10-01 00:00:00,SMB,CUST-01492,2025-12-31,0,7681.44
2025Q4,2025-10-01 00:00:00,SMB,CUST-01492,2026-03-31,1,7681.44
2025Q4,2025-10-01 00:00:00,SMB,CUST-01492,2026-06-30,2,0.00
2025Q4,2025-10-01 00:00:00,SMB,CUST-01455,2025-12-31,0,20829.84
2025Q4,2025-10-01 00:00:00,SMB,CUST-01455,2026-03-31,1,20829.84
2025Q4,2025-10-01 00:00:00,SMB,CUST-01455,2026-06-30,2,20829.84
2025Q4,2025-10-01 00:00:00,SMB,CUST-01473,2025-12-31,0,2787.60
2025Q4,2025-10-01 00:00:00,SMB,CUST-01473,2026-03-31,1,2787.60
2025Q4,2025-10-01 00:00:00,SMB,CUST-01473,2026-06-30,2,2787.60
2025Q4,2025-10-01 00:00:00,Mid-Market,CUST-01553,2025-12-31,0,19085.16
2025Q4,2025-10-01 00:00:00,Mid-Market,CUST-01553,2026-03-31,1,19085.16
2025Q4,2025-10-01 00:00:00,Mid-Market,CUST-01553,2026-06-30,2,19085.16
2025Q4,2025-10-01 00:00:00,Enterprise,CUST-01562,2025-12-31,0,65671.56
2025Q4,2025-10-01 00:00:00,Enterprise,CUST-01562,2026-03-31,1,65671.56
2025Q4,2025-10-01 00:00:00,Enterprise,CUST-01562,2026-06-30,2,65671.56
2025Q4,2025-10-01 00:00:00,SMB,CUST-01475,2026-03-31,1,2642.88
2025Q4,2025-10-01 00:00:00,SMB,CUST-01475,2026-06-30,2,2642.88
2025Q4,2025-10-01 00:00:00,SMB,CUST-01504,2025-12-31,0,14143.44
2025Q4,2025-10-01 00:00:00,SMB,CUST-01504,2026-03-31,1,19800.84
2025Q4,2025-10-01 00:00:00,SMB,CUST-01504,2026-06-30,2,19800.84
2025Q4,2025-10-01 00:00:00,Mid-Market,CUST-01547,2025-12-31,0,83374.20
2025Q4,2025-10-01 00:00:00,Mid-Market,CUST-01547,2026-03-31,1,194967.24
2025Q4,2025-10-01 00:00:00,Mid-Market,CUST-01547,2026-06-30,2,210369.24
2025Q4,2025-10-01 00:00:00,Mid-Market,CUST-01554,2025-12-31,0,30259.44
2025Q4,2025-10-01 00:00:00,Mid-Market,CUST-01554,2026-03-31,1,30259.44
2025Q4,2025-10-01 00:00:00,Mid-Market,CUST-01554,2026-06-30,2,64841.76
2025Q4,2025-10-01 00:00:00,SMB,CUST-01477,2025-12-31,0,20644.68
2025Q4,2025-10-01 00:00:00,SMB,CUST-01477,2026-03-31,1,20644.68
2025Q4,2025-10-01 00:00:00,SMB,CUST-01477,2026-06-30,2,20644.68
2025Q4,2025-10-01 00:00:00,Mid-Market,CUST-01548,2025-12-31,0,60508.80
2025Q4,2025-10-01 00:00:00,Mid-Market,CUST-01548,2026-03-31,1,60508.80
2025Q4,2025-10-01 00:00:00,Mid-Market,CUST-01548,2026-06-30,2,60508.80
2025Q4,2025-10-01 00:00:00,Mid-Market,CUST-01549,2025-12-31,0,31389.60
2025Q4,2025-10-01 00:00:00,Mid-Market,CUST-01549,2026-03-31,1,31389.60
2025Q4,2025-10-01 00:00:00,Mid-Market,CUST-01549,2026-06-30,2,31389.60
2025Q4,2025-10-01 00:00:00,SMB,CUST-01463,2025-12-31,0,15221.52
2025Q4,2025-10-01 00:00:00,SMB,CUST-01463,2026-03-31,1,15221.52
2025Q4,2025-10-01 00:00:00,SMB,CUST-01463,2026-06-30,2,15221.52
2025Q4,2025-10-01 00:00:00,SMB,CUST-01467,2025-12-31,0,5659.80
2025Q4,2025-10-01 00:00:00,SMB,CUST-01467,2026-03-31,1,5659.80
2025Q4,2025-10-01 00:00:00,SMB,CUST-01467,2026-06-30,2,2829.84
2025Q4,2025-10-01 00:00:00,SMB,CUST-01475,2025-12-31,0,2642.88
2025Q4,2025-10-01 00:00:00,SMB,CUST-01468,2026-06-30,2,19872.72
2025Q4,2025-10-01 00:00:00,SMB,CUST-01496,2025-12-31,0,4746.36
2025Q4,2025-10-01 00:00:00,SMB,CUST-01496,2026-03-31,1,4746.36
2025Q4,2025-10-01 00:00:00,SMB,CUST-01496,2026-06-30,2,6780.60
2025Q4,2025-10-01 00:00:00,Mid-Market,CUST-01555,2025-12-31,0,32528.76
2025Q4,2025-10-01 00:00:00,Mid-Market,CUST-01555,2026-03-31,1,32528.76
2025Q4,2025-10-01 00:00:00,Mid-Market,CUST-01555,2026-06-30,2,32528.76
2025Q4,2025-10-01 00:00:00,Enterprise,CUST-01563,2025-12-31,0,437562.48
2025Q4,2025-10-01 00:00:00,Enterprise,CUST-01563,2026-03-31,1,437562.48
2025Q4,2025-10-01 00:00:00,Enterprise,CUST-01563,2026-06-30,2,733453.68
2025Q4,2025-10-01 00:00:00,SMB,CUST-01501,2025-12-31,0,2686.08
2025Q4,2025-10-01 00:00:00,SMB,CUST-01501,2026-03-31,1,2686.08
2025Q4,2025-10-01 00:00:00,SMB,CUST-01501,2026-06-30,2,2686.08
2025Q4,2025-10-01 00:00:00,SMB,CUST-01458,2025-12-31,0,5520.96
2025Q4,2025-10-01 00:00:00,SMB,CUST-01458,2026-03-31,1,5520.96
2025Q4,2025-10-01 00:00:00,SMB,CUST-01458,2026-06-30,2,5520.96
2025Q4,2025-10-01 00:00:00,SMB,CUST-01471,2025-12-31,0,21707.40
2025Q4,2025-10-01 00:00:00,Mid-Market,CUST-01543,2025-12-31,0,140897.04
2025Q4,2025-10-01 00:00:00,Mid-Market,CUST-01543,2026-03-31,1,140897.04
2025Q4,2025-10-01 00:00:00,Mid-Market,CUST-01543,2026-06-30,2,144063.24
2025Q4,2025-10-01 00:00:00,Mid-Market,CUST-01545,2025-12-31,0,47369.04
2025Q4,2025-10-01 00:00:00,Mid-Market,CUST-01545,2026-03-31,1,47369.04
2025Q4,2025-10-01 00:00:00,Mid-Market,CUST-01545,2026-06-30,2,47369.04
2025Q4,2025-10-01 00:00:00,SMB,CUST-01454,2025-12-31,0,8662.92
2025Q4,2025-10-01 00:00:00,SMB,CUST-01454,2026-03-31,1,8662.92
2025Q4,2025-10-01 00:00:00,SMB,CUST-01454,2026-06-30,2,11550.72
2025Q4,2025-10-01 00:00:00,SMB,CUST-01468,2025-12-31,0,16734.96
2025Q4,2025-10-01 00:00:00,SMB,CUST-01471,2026-03-31,1,21707.40
2025Q4,2025-10-01 00:00:00,SMB,CUST-01471,2026-06-30,2,21707.40
2025Q4,2025-10-01 00:00:00,SMB,CUST-01472,2025-12-31,0,2592.00
2025Q4,2025-10-01 00:00:00,SMB,CUST-01472,2026-03-31,1,3240.00
2025Q4,2025-10-01 00:00:00,SMB,CUST-01472,2026-06-30,2,5443.20
2025Q4,2025-10-01 00:00:00,SMB,CUST-01474,2025-12-31,0,22591.44
2025Q4,2025-10-01 00:00:00,SMB,CUST-01474,2026-03-31,1,22591.44
2025Q4,2025-10-01 00:00:00,SMB,CUST-01474,2026-06-30,2,19880.40
2025Q4,2025-10-01 00:00:00,SMB,CUST-01468,2026-03-31,1,19872.72
2025Q4,2025-10-01 00:00:00,SMB,CUST-01459,2025-12-31,0,11721.00
2025Q4,2025-10-01 00:00:00,SMB,CUST-01506,2026-03-31,1,8110.20
2025Q4,2025-10-01 00:00:00,SMB,CUST-01506,2026-06-30,2,8110.20
2025Q4,2025-10-01 00:00:00,SMB,CUST-01470,2025-12-31,0,6897.72
2025Q4,2025-10-01 00:00:00,SMB,CUST-01470,2026-03-31,1,9656.76
2025Q4,2025-10-01 00:00:00,SMB,CUST-01470,2026-06-30,2,9656.76
2025Q4,2025-10-01 00:00:00,SMB,CUST-01491,2025-12-31,0,14018.76
2025Q4,2025-10-01 00:00:00,SMB,CUST-01491,2026-03-31,1,14018.76
2025Q4,2025-10-01 00:00:00,SMB,CUST-01491,2026-06-30,2,14018.76
2025Q4,2025-10-01 00:00:00,Mid-Market,CUST-01546,2026-06-30,2,34512.24
2025Q4,2025-10-01 00:00:00,SMB,CUST-01459,2026-06-30,2,11721.00
2025Q4,2025-10-01 00:00:00,SMB,CUST-01462,2025-12-31,0,2183.64
2025Q4,2025-10-01 00:00:00,SMB,CUST-01462,2026-03-31,1,2183.64
2025Q4,2025-10-01 00:00:00,SMB,CUST-01462,2026-06-30,2,0.00
2025Q4,2025-10-01 00:00:00,SMB,CUST-01488,2025-12-31,0,5634.60
2025Q4,2025-10-01 00:00:00,SMB,CUST-01507,2025-12-31,0,3636.36
2025Q4,2025-10-01 00:00:00,SMB,CUST-01507,2026-03-31,1,3636.36
2025Q4,2025-10-01 00:00:00,SMB,CUST-01488,2026-03-31,1,5634.60
2025Q4,2025-10-01 00:00:00,SMB,CUST-01488,2026-06-30,2,5634.60
2025Q4,2025-10-01 00:00:00,SMB,CUST-01482,2026-03-31,1,26253.72
2025Q4,2025-10-01 00:00:00,SMB,CUST-01482,2026-06-30,2,26253.72
2025Q4,2025-10-01 00:00:00,SMB,CUST-01483,2025-12-31,0,2175.36
2025Q4,2025-10-01 00:00:00,SMB,CUST-01483,2026-03-31,1,0.00
2025Q4,2025-10-01 00:00:00,Mid-Market,CUST-01544,2025-12-31,0,45865.56
2025Q4,2025-10-01 00:00:00,SMB,CUST-01493,2026-06-30,2,14949.36
2025Q4,2025-10-01 00:00:00,SMB,CUST-01499,2025-12-31,0,14018.76
2025Q4,2025-10-01 00:00:00,SMB,CUST-01499,2026-03-31,1,0.00
2025Q4,2025-10-01 00:00:00,SMB,CUST-01499,2026-06-30,2,14374.56
2025Q4,2025-10-01 00:00:00,SMB,CUST-01509,2026-03-31,1,5476.80
2025Q4,2025-10-01 00:00:00,SMB,CUST-01509,2026-06-30,2,5476.80
2025Q4,2025-10-01 00:00:00,SMB,CUST-01503,2025-12-31,0,6358.32
2025Q4,2025-10-01 00:00:00,SMB,CUST-01483,2026-06-30,2,0.00
2025Q4,2025-10-01 00:00:00,SMB,CUST-01494,2025-12-31,0,8137.32
2025Q4,2025-10-01 00:00:00,SMB,CUST-01494,2026-03-31,1,8137.32
2025Q4,2025-10-01 00:00:00,SMB,CUST-01494,2026-06-30,2,8137.32
2025Q4,2025-10-01 00:00:00,SMB,CUST-01506,2025-12-31,0,8110.20
2025Q4,2025-10-01 00:00:00,Mid-Market,CUST-01544,2026-03-31,1,86891.16
2025Q4,2025-10-01 00:00:00,Mid-Market,CUST-01544,2026-06-30,2,86891.16
2025Q4,2025-10-01 00:00:00,SMB,CUST-01493,2025-12-31,0,14949.36
2025Q4,2025-10-01 00:00:00,SMB,CUST-01493,2026-03-31,1,14949.36
2025Q4,2025-10-01 00:00:00,SMB,CUST-01507,2026-06-30,2,3636.36
2025Q4,2025-10-01 00:00:00,SMB,CUST-01503,2026-06-30,2,8901.60
2025Q4,2025-10-01 00:00:00,Mid-Market,CUST-01546,2025-12-31,0,34512.24
2025Q4,2025-10-01 00:00:00,Mid-Market,CUST-01546,2026-03-31,1,34512.24
2025Q4,2025-10-01 00:00:00,SMB,CUST-01459,2026-03-31,1,11721.00
2025Q4,2025-10-01 00:00:00,SMB,CUST-01503,2026-03-31,1,6358.32
2025Q4,2025-10-01 00:00:00,SMB,CUST-01482,2025-12-31,0,26253.72
2025Q4,2025-10-01 00:00:00,SMB,CUST-01509,2025-12-31,0,5476.80
2026Q1,2026-01-01 00:00:00,SMB,CUST-01568,2026-03-31,0,10820.04
2026Q1,2026-01-01 00:00:00,Mid-Market,CUST-01623,2026-06-30,1,98504.76
2026Q1,2026-01-01 00:00:00,SMB,CUST-01577,2026-03-31,0,5446.20
2026Q1,2026-01-01 00:00:00,SMB,CUST-01577,2026-06-30,1,5446.20
2026Q1,2026-01-01 00:00:00,SMB,CUST-01580,2026-03-31,0,3666.72
2026Q1,2026-01-01 00:00:00,SMB,CUST-01580,2026-06-30,1,0.00
2026Q1,2026-01-01 00:00:00,SMB,CUST-01587,2026-03-31,0,3021.96
2026Q1,2026-01-01 00:00:00,SMB,CUST-01587,2026-06-30,1,3021.96
2026Q1,2026-01-01 00:00:00,SMB,CUST-01575,2026-03-31,0,3689.04
2026Q1,2026-01-01 00:00:00,SMB,CUST-01583,2026-06-30,1,7344.96
2026Q1,2026-01-01 00:00:00,SMB,CUST-01583,2026-03-31,0,7344.96
2026Q1,2026-01-01 00:00:00,Mid-Market,CUST-01621,2026-06-30,1,143225.64
2026Q1,2026-01-01 00:00:00,SMB,CUST-01566,2026-03-31,0,0.00
2026Q1,2026-01-01 00:00:00,SMB,CUST-01566,2026-06-30,1,0.00
2026Q1,2026-01-01 00:00:00,SMB,CUST-01573,2026-03-31,0,5158.80
2026Q1,2026-01-01 00:00:00,SMB,CUST-01573,2026-06-30,1,5158.80
2026Q1,2026-01-01 00:00:00,SMB,CUST-01585,2026-03-31,0,11426.40
2026Q1,2026-01-01 00:00:00,SMB,CUST-01585,2026-06-30,1,11426.40
2026Q1,2026-01-01 00:00:00,Mid-Market,CUST-01621,2026-03-31,0,143225.64
2026Q1,2026-01-01 00:00:00,SMB,CUST-01565,2026-06-30,1,13160.16
2026Q1,2026-01-01 00:00:00,Enterprise,CUST-01637,2026-03-31,0,122294.16
2026Q1,2026-01-01 00:00:00,Enterprise,CUST-01637,2026-06-30,1,122294.16
2026Q1,2026-01-01 00:00:00,SMB,CUST-01569,2026-03-31,0,6879.72
2026Q1,2026-01-01 00:00:00,SMB,CUST-01569,2026-06-30,1,8943.60
2026Q1,2026-01-01 00:00:00,Mid-Market,CUST-01628,2026-06-30,1,28817.64
2026Q1,2026-01-01 00:00:00,Mid-Market,CUST-01628,2026-03-31,0,28817.64
2026Q1,2026-01-01 00:00:00,SMB,CUST-01570,2026-06-30,1,4350.72
2026Q1,2026-01-01 00:00:00,SMB,CUST-01570,2026-03-31,0,4350.72
2026Q1,2026-01-01 00:00:00,SMB,CUST-01586,2026-03-31,0,16154.88
2026Q1,2026-01-01 00:00:00,SMB,CUST-01568,2026-06-30,1,10820.04
2026Q1,2026-01-01 00:00:00,SMB,CUST-01591,2026-03-31,0,4168.56
2026Q1,2026-01-01 00:00:00,SMB,CUST-01591,2026-06-30,1,4168.56
2026Q1,2026-01-01 00:00:00,SMB,CUST-01567,2026-03-31,0,16186.08
2026Q1,2026-01-01 00:00:00,SMB,CUST-01567,2026-06-30,1,16186.08
2026Q1,2026-01-01 00:00:00,SMB,CUST-01572,2026-03-31,0,3506.40
2026Q1,2026-01-01 00:00:00,SMB,CUST-01572,2026-06-30,1,3506.40
2026Q1,2026-01-01 00:00:00,SMB,CUST-01582,2026-03-31,0,3837.72
2026Q1,2026-01-01 00:00:00,SMB,CUST-01582,2026-06-30,1,3837.72
2026Q1,2026-01-01 00:00:00,SMB,CUST-01592,2026-03-31,0,19548.24
2026Q1,2026-01-01 00:00:00,SMB,CUST-01592,2026-06-30,1,19548.24
2026Q1,2026-01-01 00:00:00,Mid-Market,CUST-01622,2026-03-31,0,52581.72
2026Q1,2026-01-01 00:00:00,Mid-Market,CUST-01622,2026-06-30,1,109074.00
2026Q1,2026-01-01 00:00:00,SMB,CUST-01579,2026-03-31,0,11568.12
2026Q1,2026-01-01 00:00:00,SMB,CUST-01579,2026-06-30,1,11568.12
2026Q1,2026-01-01 00:00:00,SMB,CUST-01581,2026-03-31,0,9581.28
2026Q1,2026-01-01 00:00:00,SMB,CUST-01581,2026-06-30,1,9581.28
2026Q1,2026-01-01 00:00:00,SMB,CUST-01584,2026-03-31,0,9644.28
2026Q1,2026-01-01 00:00:00,SMB,CUST-01584,2026-06-30,1,9644.28
2026Q1,2026-01-01 00:00:00,Mid-Market,CUST-01627,2026-06-30,1,87182.28
2026Q1,2026-01-01 00:00:00,Mid-Market,CUST-01627,2026-03-31,0,87182.28
2026Q1,2026-01-01 00:00:00,Mid-Market,CUST-01625,2026-06-30,1,35321.04
2026Q1,2026-01-01 00:00:00,Mid-Market,CUST-01624,2026-03-31,0,32800.68
2026Q1,2026-01-01 00:00:00,Mid-Market,CUST-01624,2026-06-30,1,32800.68
2026Q1,2026-01-01 00:00:00,Mid-Market,CUST-01625,2026-03-31,0,35321.04
2026Q1,2026-01-01 00:00:00,SMB,CUST-01588,2026-03-31,0,3354.84
2026Q1,2026-01-01 00:00:00,SMB,CUST-01588,2026-06-30,1,4025.88
2026Q1,2026-01-01 00:00:00,SMB,CUST-01593,2026-03-31,0,7815.12
2026Q1,2026-01-01 00:00:00,SMB,CUST-01593,2026-06-30,1,12077.88
2026Q1,2026-01-01 00:00:00,SMB,CUST-01578,2026-06-30,1,4421.16
2026Q1,2026-01-01 00:00:00,SMB,CUST-01578,2026-03-31,0,4421.16
2026Q1,2026-01-01 00:00:00,Enterprise,CUST-01636,2026-03-31,0,164833.56
2026Q1,2026-01-01 00:00:00,Enterprise,CUST-01636,2026-06-30,1,164833.56
2026Q1,2026-01-01 00:00:00,SMB,CUST-01590,2026-06-30,1,21116.76
2026Q1,2026-01-01 00:00:00,SMB,CUST-01571,2026-03-31,0,0.00
2026Q1,2026-01-01 00:00:00,SMB,CUST-01571,2026-06-30,1,0.00
2026Q1,2026-01-01 00:00:00,SMB,CUST-01574,2026-03-31,0,4908.12
2026Q1,2026-01-01 00:00:00,SMB,CUST-01574,2026-06-30,1,4908.12
2026Q1,2026-01-01 00:00:00,SMB,CUST-01576,2026-03-31,0,8455.08
2026Q1,2026-01-01 00:00:00,SMB,CUST-01576,2026-06-30,1,8455.08
2026Q1,2026-01-01 00:00:00,SMB,CUST-01590,2026-03-31,0,21116.76
2026Q1,2026-01-01 00:00:00,SMB,CUST-01575,2026-06-30,1,3689.04
2026Q1,2026-01-01 00:00:00,SMB,CUST-01565,2026-03-31,0,13160.16
2026Q1,2026-01-01 00:00:00,Mid-Market,CUST-01626,2026-03-31,0,56244.36
2026Q1,2026-01-01 00:00:00,Mid-Market,CUST-01626,2026-06-30,1,56244.36
2026Q1,2026-01-01 00:00:00,SMB,CUST-01589,2026-03-31,0,8228.04
2026Q1,2026-01-01 00:00:00,SMB,CUST-01589,2026-06-30,1,8228.04
2026Q1,2026-01-01 00:00:00,SMB,CUST-01594,2026-06-30,1,7121.04
2026Q1,2026-01-01 00:00:00,SMB,CUST-01594,2026-03-31,0,7121.04
2026Q1,2026-01-01 00:00:00,Mid-Market,CUST-01623,2026-03-31,0,98504.76
2026Q1,2026-01-01 00:00:00,SMB,CUST-01586,2026-06-30,1,15420.48
2026Q2,2026-04-01 00:00:00,SMB,CUST-01616,2026-06-30,0,4959.12
2026Q2,2026-04-01 00:00:00,SMB,CUST-01597,2026-06-30,0,0.00
2026Q2,2026-04-01 00:00:00,SMB,CUST-01595,2026-06-30,0,7516.80
2026Q2,2026-04-01 00:00:00,SMB,CUST-01600,2026-06-30,0,14316.84
2026Q2,2026-04-01 00:00:00,SMB,CUST-01617,2026-06-30,0,4445.16
2026Q2,2026-04-01 00:00:00,Enterprise,CUST-01638,2026-06-30,0,431755.68
2026Q2,2026-04-01 00:00:00,SMB,CUST-01619,2026-06-30,0,1939.32
2026Q2,2026-04-01 00:00:00,SMB,CUST-01609,2026-06-30,0,4942.08
2026Q2,2026-04-01 00:00:00,SMB,CUST-01604,2026-06-30,0,9854.28
2026Q2,2026-04-01 00:00:00,SMB,CUST-01605,2026-06-30,0,3726.72
2026Q2,2026-04-01 00:00:00,SMB,CUST-01607,2026-06-30,0,12654.12
2026Q2,2026-04-01 00:00:00,SMB,CUST-01618,2026-06-30,0,22383.24
2026Q2,2026-04-01 00:00:00,SMB,CUST-01614,2026-06-30,0,2985.84
2026Q2,2026-04-01 00:00:00,SMB,CUST-01612,2026-06-30,0,16041.12
2026Q2,2026-04-01 00:00:00,SMB,CUST-01603,2026-06-30,0,17936.52
2026Q2,2026-04-01 00:00:00,SMB,CUST-01610,2026-06-30,0,16643.28
2026Q2,2026-04-01 00:00:00,Mid-Market,CUST-01629,2026-06-30,0,23461.20
2026Q2,2026-04-01 00:00:00,SMB,CUST-01606,2026-06-30,0,15370.32
2026Q2,2026-04-01 00:00:00,SMB,CUST-01602,2026-06-30,0,18404.16
2026Q2,2026-04-01 00:00:00,SMB,CUST-01599,2026-06-30,0,5136.36
2026Q2,2026-04-01 00:00:00,Mid-Market,CUST-01635,2026-06-30,0,40922.52
2026Q2,2026-04-01 00:00:00,Mid-Market,CUST-01630,2026-06-30,0,38751.36
2026Q2,2026-04-01 00:00:00,SMB,CUST-01613,2026-06-30,0,1971.12
2026Q2,2026-04-01 00:00:00,SMB,CUST-01596,2026-06-30,0,11321.76
2026Q2,2026-04-01 00:00:00,Mid-Market,CUST-01633,2026-06-30,0,55237.08
2026Q2,2026-04-01 00:00:00,SMB,CUST-01615,2026-06-30,0,16233.72
2026Q2,2026-04-01 00:00:00,SMB,CUST-01608,2026-06-30,0,4482.96
2026Q2,2026-04-01 00:00:00,SMB,CUST-01601,2026-06-30,0,0.00
2026Q2,2026-04-01 00:00:00,Mid-Market,CUST-01634,2026-06-30,0,38480.52
2026Q2,2026-04-01 00:00:00,Mid-Market,CUST-01631,2026-06-30,0,45583.56
2026Q2,2026-04-01 00:00:00,SMB,CUST-01611,2026-06-30,0,9186.48
2026Q2,2026-04-01 00:00:00,SMB,CUST-01598,2026-06-30,0,6692.28
2026Q2,2026-04-01 00:00:00,Mid-Market,CUST-01632,2026-06-30,0,40335.12
2026Q2,2026-04-01 00:00:00,SMB,CUST-01620,2026-06-30,0,3751.44
