month_end_date,cost_center,department,segment,total_cost,segment_cost_share_pct,segment_cost,allocation_basis,new_logo_pct,new_logo_allocated_cost
2024-01-31,CC-1000,Sales - SMB,Enterprise,90698.59,0.0,0.0,"New Logo AE, SMB -- 100% to own segment; acquisition % = FY2025 SMB AE bookings mix",0.8680089553271375,0.0
2024-01-31,CC-1000,Sales - SMB,Mid-Market,90698.59,0.0,0.0,"New Logo AE, SMB -- 100% to own segment; acquisition % = FY2025 SMB AE bookings mix",0.8680089553271375,0.0
2024-01-31,CC-1000,Sales - SMB,SMB,90698.59,1.0,90698.59,"New Logo AE, SMB -- 100% to own segment; acquisition % = FY2025 SMB AE bookings mix",0.8680089553271375,78727.18835554436
2024-01-31,CC-1010,Sales - Mid-Market,Enterprise,113007.68,0.0,0.0,"New Logo AE, Mid-Market -- 100% to own segment; acquisition % = FY2025 Mid-Market AE bookings mix",0.4147782801896837,0.0
2024-01-31,CC-1010,Sales - Mid-Market,Mid-Market,113007.68,1.0,113007.68,"New Logo AE, Mid-Market -- 100% to own segment; acquisition % = FY2025 Mid-Market AE bookings mix",0.4147782801896837,46873.131158626114
2024-01-31,CC-1010,Sales - Mid-Market,SMB,113007.68,0.0,0.0,"New Logo AE, Mid-Market -- 100% to own segment; acquisition % = FY2025 Mid-Market AE bookings mix",0.4147782801896837,0.0
2024-01-31,CC-1020,Sales - Enterprise,Enterprise,65225.45,1.0,65225.45,"New Logo AE, Enterprise -- 100% to own segment; acquisition % = FY2025 Enterprise AE bookings mix",0.5737636670113491,37423.9933744654
2024-01-31,CC-1020,Sales - Enterprise,Mid-Market,65225.45,0.0,0.0,"New Logo AE, Enterprise -- 100% to own segment; acquisition % = FY2025 Enterprise AE bookings mix",0.5737636670113491,0.0
2024-01-31,CC-1020,Sales - Enterprise,SMB,65225.45,0.0,0.0,"New Logo AE, Enterprise -- 100% to own segment; acquisition % = FY2025 Enterprise AE bookings mix",0.5737636670113491,0.0
2024-01-31,CC-1030,Sales Development,Enterprise,55567.95,0.25,13891.9875,SDR -- 100% acquisition (PHASE1_SPEC 8.5); split across segments by FY2025 active AE headcount,1.0,13891.9875
2024-01-31,CC-1030,Sales Development,Mid-Market,55567.95,0.4375,24310.978124999998,SDR -- 100% acquisition (PHASE1_SPEC 8.5); split across segments by FY2025 active AE headcount,1.0,24310.978124999998
2024-01-31,CC-1030,Sales Development,SMB,55567.95,0.3125,17364.984375,SDR -- 100% acquisition (PHASE1_SPEC 8.5); split across segments by FY2025 active AE headcount,1.0,17364.984375
2024-01-31,CC-1040,Sales Operations,Enterprise,49383.52,0.25,12345.88,Sales Ops / Solutions Engineering / Leadership -- split across segments by FY2025 active AE headcount; acquisition % = blended FY2025 AE bookings mix,0.5408151920295111,6676.8394629733
2024-01-31,CC-1040,Sales Operations,Mid-Market,49383.52,0.4375,21605.289999999997,Sales Ops / Solutions Engineering / Leadership -- split across segments by FY2025 active AE headcount; acquisition % = blended FY2025 AE bookings mix,0.5408151920295111,11684.469060203275
2024-01-31,CC-1040,Sales Operations,SMB,49383.52,0.3125,15432.349999999999,Sales Ops / Solutions Engineering / Leadership -- split across segments by FY2025 active AE headcount; acquisition % = blended FY2025 AE bookings mix,0.5408151920295111,8346.049328716625
2024-01-31,CC-1050,Solutions Engineering,Enterprise,37609.83,0.25,9402.4575,Sales Ops / Solutions Engineering / Leadership -- split across segments by FY2025 active AE headcount; acquisition % = blended FY2025 AE bookings mix,0.5408151920295111,5084.991858411818
2024-01-31,CC-1050,Solutions Engineering,Mid-Market,37609.83,0.4375,16454.300625,Sales Ops / Solutions Engineering / Leadership -- split across segments by FY2025 active AE headcount; acquisition % = blended FY2025 AE bookings mix,0.5408151920295111,8898.73575222068
2024-01-31,CC-1050,Solutions Engineering,SMB,37609.83,0.3125,11753.071875000001,Sales Ops / Solutions Engineering / Leadership -- split across segments by FY2025 active AE headcount; acquisition % = blended FY2025 AE bookings mix,0.5408151920295111,6356.239823014772
2024-01-31,CC-1060,Sales Leadership,Enterprise,21687.54,0.25,5421.885,Sales Ops / Solutions Engineering / Leadership -- split across segments by FY2025 active AE headcount; acquisition % = blended FY2025 AE bookings mix,0.5408151920295111,2932.237777436926
2024-01-31,CC-1060,Sales Leadership,Mid-Market,21687.54,0.4375,9488.29875,Sales Ops / Solutions Engineering / Leadership -- split across segments by FY2025 active AE headcount; acquisition % = blended FY2025 AE bookings mix,0.5408151920295111,5131.41611051462
2024-01-31,CC-1060,Sales Leadership,SMB,21687.54,0.3125,6777.356250000001,Sales Ops / Solutions Engineering / Leadership -- split across segments by FY2025 active AE headcount; acquisition % = blended FY2025 AE bookings mix,0.5408151920295111,3665.297221796158
2024-01-31,CC-1100,Demand Generation,Enterprise,279825.82,0.25,69956.455,Demand generation -- 100% acquisition (PHASE1_SPEC 8.5); split across segments by FY2025 active AE headcount,1.0,69956.455
2024-01-31,CC-1100,Demand Generation,Mid-Market,279825.82,0.4375,122423.79625,Demand generation -- 100% acquisition (PHASE1_SPEC 8.5); split across segments by FY2025 active AE headcount,1.0,122423.79625
2024-01-31,CC-1100,Demand Generation,SMB,279825.82,0.3125,87445.56875,Demand generation -- 100% acquisition (PHASE1_SPEC 8.5); split across segments by FY2025 active AE headcount,1.0,87445.56875
2024-01-31,CC-1110,Product Marketing,Enterprise,145969.29,0.25,36492.3225,Product Marketing (brand / content) -- 0% acquisition (PHASE1_SPEC 8.5),0.0,0.0
2024-01-31,CC-1110,Product Marketing,Mid-Market,145969.29,0.4375,63861.564375,Product Marketing (brand / content) -- 0% acquisition (PHASE1_SPEC 8.5),0.0,0.0
2024-01-31,CC-1110,Product Marketing,SMB,145969.29,0.3125,45615.403125000004,Product Marketing (brand / content) -- 0% acquisition (PHASE1_SPEC 8.5),0.0,0.0
2024-01-31,CC-1200,Customer Success,Enterprise,88448.02,0.25,22112.005,Customer Success -- 0% acquisition (PHASE1_SPEC 8.5),0.0,0.0
2024-01-31,CC-1200,Customer Success,Mid-Market,88448.02,0.4375,38696.00875,Customer Success -- 0% acquisition (PHASE1_SPEC 8.5),0.0,0.0
2024-01-31,CC-1200,Customer Success,SMB,88448.02,0.3125,27640.006250000002,Customer Success -- 0% acquisition (PHASE1_SPEC 8.5),0.0,0.0
2024-02-29,CC-1000,Sales - SMB,Enterprise,92459.53,0.0,0.0,"New Logo AE, SMB -- 100% to own segment; acquisition % = FY2025 SMB AE bookings mix",0.8680089553271375,0.0
2024-02-29,CC-1000,Sales - SMB,Mid-Market,92459.53,0.0,0.0,"New Logo AE, SMB -- 100% to own segment; acquisition % = FY2025 SMB AE bookings mix",0.8680089553271375,0.0
2024-02-29,CC-1000,Sales - SMB,SMB,92459.53,1.0,92459.53,"New Logo AE, SMB -- 100% to own segment; acquisition % = FY2025 SMB AE bookings mix",0.8680089553271375,80255.70004533813
2024-02-29,CC-1010,Sales - Mid-Market,Enterprise,115484.93,0.0,0.0,"New Logo AE, Mid-Market -- 100% to own segment; acquisition % = FY2025 Mid-Market AE bookings mix",0.4147782801896837,0.0
2024-02-29,CC-1010,Sales - Mid-Market,Mid-Market,115484.93,1.0,115484.93,"New Logo AE, Mid-Market -- 100% to own segment; acquisition % = FY2025 Mid-Market AE bookings mix",0.4147782801896837,47900.64065322601
2024-02-29,CC-1010,Sales - Mid-Market,SMB,115484.93,0.0,0.0,"New Logo AE, Mid-Market -- 100% to own segment; acquisition % = FY2025 Mid-Market AE bookings mix",0.4147782801896837,0.0
2024-02-29,CC-1020,Sales - Enterprise,Enterprise,67887.31,1.0,67887.31,"New Logo AE, Enterprise -- 100% to own segment; acquisition % = FY2025 Enterprise AE bookings mix",0.5737636670113491,38951.27192913622
2024-02-29,CC-1020,Sales - Enterprise,Mid-Market,67887.31,0.0,0.0,"New Logo AE, Enterprise -- 100% to own segment; acquisition % = FY2025 Enterprise AE bookings mix",0.5737636670113491,0.0
2024-02-29,CC-1020,Sales - Enterprise,SMB,67887.31,0.0,0.0,"New Logo AE, Enterprise -- 100% to own segment; acquisition % = FY2025 Enterprise AE bookings mix",0.5737636670113491,0.0
2024-02-29,CC-1030,Sales Development,Enterprise,65172.66,0.25,16293.165,SDR -- 100% acquisition (PHASE1_SPEC 8.5); split across segments by FY2025 active AE headcount,1.0,16293.165
2024-02-29,CC-1030,Sales Development,Mid-Market,65172.66,0.4375,28513.03875,SDR -- 100% acquisition (PHASE1_SPEC 8.5); split across segments by FY2025 active AE headcount,1.0,28513.03875
2024-02-29,CC-1030,Sales Development,SMB,65172.66,0.3125,20366.456250000003,SDR -- 100% acquisition (PHASE1_SPEC 8.5); split across segments by FY2025 active AE headcount,1.0,20366.456250000003
2024-02-29,CC-1040,Sales Operations,Enterprise,49284.63,0.25,12321.1575,Sales Ops / Solutions Engineering / Leadership -- split across segments by FY2025 active AE headcount; acquisition % = blended FY2025 AE bookings mix,0.5408151920295111,6663.469159388351
2024-02-29,CC-1040,Sales Operations,Mid-Market,49284.63,0.4375,21562.025625,Sales Ops / Solutions Engineering / Leadership -- split across segments by FY2025 active AE headcount; acquisition % = blended FY2025 AE bookings mix,0.5408151920295111,11661.071028929613
2024-02-29,CC-1040,Sales Operations,SMB,49284.63,0.3125,15401.446875,Sales Ops / Solutions Engineering / Leadership -- split across segments by FY2025 active AE headcount; acquisition % = blended FY2025 AE bookings mix,0.5408151920295111,8329.33644923544
2024-02-29,CC-1050,Solutions Engineering,Enterprise,37500.49,0.25,9375.1225,Sales Ops / Solutions Engineering / Leadership -- split across segments by FY2025 active AE headcount; acquisition % = blended FY2025 AE bookings mix,0.5408151920295111,5070.20867513769
2024-02-29,CC-1050,Solutions Engineering,Mid-Market,37500.49,0.4375,16406.464375,Sales Ops / Solutions Engineering / Leadership -- split across segments by FY2025 active AE headcount; acquisition % = blended FY2025 AE bookings mix,0.5408151920295111,8872.865181490957
2024-02-29,CC-1050,Solutions Engineering,SMB,37500.49,0.3125,11718.903124999999,Sales Ops / Solutions Engineering / Leadership -- split across segments by FY2025 active AE headcount; acquisition % = blended FY2025 AE bookings mix,0.5408151920295111,6337.760843922112
2024-02-29,CC-1060,Sales Leadership,Enterprise,21716.36,0.25,5429.09,Sales Ops / Solutions Engineering / Leadership -- split across segments by FY2025 active AE headcount; acquisition % = blended FY2025 AE bookings mix,0.5408151920295111,2936.1343508954988
2024-02-29,CC-1060,Sales Leadership,Mid-Market,21716.36,0.4375,9500.907500000001,Sales Ops / Solutions Engineering / Leadership -- split across segments by FY2025 active AE headcount; acquisition % = blended FY2025 AE bookings mix,0.5408151920295111,5138.235114067123
2024-02-29,CC-1060,Sales Leadership,SMB,21716.36,0.3125,6786.3625,Sales Ops / Solutions Engineering / Leadership -- split across segments by FY2025 active AE headcount; acquisition % = blended FY2025 AE bookings mix,0.5408151920295111,3670.167938619373
2024-02-29,CC-1100,Demand Generation,Enterprise,293851.43,0.25,73462.8575,Demand generation -- 100% acquisition (PHASE1_SPEC 8.5); split across segments by FY2025 active AE headcount,1.0,73462.8575
2024-02-29,CC-1100,Demand Generation,Mid-Market,293851.43,0.4375,128560.000625,Demand generation -- 100% acquisition (PHASE1_SPEC 8.5); split across segments by FY2025 active AE headcount,1.0,128560.000625
2024-02-29,CC-1100,Demand Generation,SMB,293851.43,0.3125,91828.571875,Demand generation -- 100% acquisition (PHASE1_SPEC 8.5); split across segments by FY2025 active AE headcount,1.0,91828.571875
2024-02-29,CC-1110,Product Marketing,Enterprise,149707.90,0.25,37426.975,Product Marketing (brand / content) -- 0% acquisition (PHASE1_SPEC 8.5),0.0,0.0
2024-02-29,CC-1110,Product Marketing,Mid-Market,149707.90,0.4375,65497.206249999996,Product Marketing (brand / content) -- 0% acquisition (PHASE1_SPEC 8.5),0.0,0.0
2024-02-29,CC-1110,Product Marketing,SMB,149707.90,0.3125,46783.71875,Product Marketing (brand / content) -- 0% acquisition (PHASE1_SPEC 8.5),0.0,0.0
2024-02-29,CC-1200,Customer Success,Enterprise,84637.94,0.25,21159.485,Customer Success -- 0% acquisition (PHASE1_SPEC 8.5),0.0,0.0
2024-02-29,CC-1200,Customer Success,Mid-Market,84637.94,0.4375,37029.098750000005,Customer Success -- 0% acquisition (PHASE1_SPEC 8.5),0.0,0.0
2024-02-29,CC-1200,Customer Success,SMB,84637.94,0.3125,26449.35625,Customer Success -- 0% acquisition (PHASE1_SPEC 8.5),0.0,0.0
2024-03-31,CC-1000,Sales - SMB,Enterprise,87516.70,0.0,0.0,"New Logo AE, SMB -- 100% to own segment; acquisition % = FY2025 SMB AE bookings mix",0.8680089553271375,0.0
2024-03-31,CC-1000,Sales - SMB,Mid-Market,87516.70,0.0,0.0,"New Logo AE, SMB -- 100% to own segment; acquisition % = FY2025 SMB AE bookings mix",0.8680089553271375,0.0
2024-03-31,CC-1000,Sales - SMB,SMB,87516.70,1.0,87516.7,"New Logo AE, SMB -- 100% to own segment; acquisition % = FY2025 SMB AE bookings mix",0.8680089553271375,75965.27934067849
2024-03-31,CC-1010,Sales - Mid-Market,Enterprise,122637.67,0.0,0.0,"New Logo AE, Mid-Market -- 100% to own segment; acquisition % = FY2025 Mid-Market AE bookings mix",0.4147782801896837,0.0
2024-03-31,CC-1010,Sales - Mid-Market,Mid-Market,122637.67,1.0,122637.67,"New Logo AE, Mid-Market -- 100% to own segment; acquisition % = FY2025 Mid-Market AE bookings mix",0.4147782801896837,50867.44184906997
2024-03-31,CC-1010,Sales - Mid-Market,SMB,122637.67,0.0,0.0,"New Logo AE, Mid-Market -- 100% to own segment; acquisition % = FY2025 Mid-Market AE bookings mix",0.4147782801896837,0.0
2024-03-31,CC-1020,Sales - Enterprise,Enterprise,73631.67,1.0,73631.67,"New Logo AE, Enterprise -- 100% to own segment; acquisition % = FY2025 Enterprise AE bookings mix",0.5737636670113491,42247.17698736954
2024-03-31,CC-1020,Sales - Enterprise,Mid-Market,73631.67,0.0,0.0,"New Logo AE, Enterprise -- 100% to own segment; acquisition % = FY2025 Enterprise AE bookings mix",0.5737636670113491,0.0
2024-03-31,CC-1020,Sales - Enterprise,SMB,73631.67,0.0,0.0,"New Logo AE, Enterprise -- 100% to own segment; acquisition % = FY2025 Enterprise AE bookings mix",0.5737636670113491,0.0
2024-03-31,CC-1030,Sales Development,Enterprise,65102.82,0.25,16275.705,SDR -- 100% acquisition (PHASE1_SPEC 8.5); split across segments by FY2025 active AE headcount,1.0,16275.705
2024-03-31,CC-1030,Sales Development,Mid-Market,65102.82,0.4375,28482.48375,SDR -- 100% acquisition (PHASE1_SPEC 8.5); split across segments by FY2025 active AE headcount,1.0,28482.48375
2024-03-31,CC-1030,Sales Development,SMB,65102.82,0.3125,20344.63125,SDR -- 100% acquisition (PHASE1_SPEC 8.5); split across segments by FY2025 active AE headcount,1.0,20344.63125
2024-03-31,CC-1040,Sales Operations,Enterprise,49343.38,0.25,12335.845,Sales Ops / Solutions Engineering / Leadership -- split across segments by FY2025 active AE headcount; acquisition % = blended FY2025 AE bookings mix,0.5408151920295111,6671.412382521285
2024-03-31,CC-1040,Sales Operations,Mid-Market,49343.38,0.4375,21587.72875,Sales Ops / Solutions Engineering / Leadership -- split across segments by FY2025 active AE headcount; acquisition % = blended FY2025 AE bookings mix,0.5408151920295111,11674.971669412247
2024-03-31,CC-1040,Sales Operations,SMB,49343.38,0.3125,15419.80625,Sales Ops / Solutions Engineering / Leadership -- split across segments by FY2025 active AE headcount; acquisition % = blended FY2025 AE bookings mix,0.5408151920295111,8339.265478151605
2024-03-31,CC-1050,Solutions Engineering,Enterprise,37704.16,0.25,9426.04,Sales Ops / Solutions Engineering / Leadership -- split across segments by FY2025 active AE headcount; acquisition % = blended FY2025 AE bookings mix,0.5408151920295111,5097.745632677854
2024-03-31,CC-1050,Solutions Engineering,Mid-Market,37704.16,0.4375,16495.57,Sales Ops / Solutions Engineering / Leadership -- split across segments by FY2025 active AE headcount; acquisition % = blended FY2025 AE bookings mix,0.5408151920295111,8921.054857186242
2024-03-31,CC-1050,Solutions Engineering,SMB,37704.16,0.3125,11782.550000000001,Sales Ops / Solutions Engineering / Leadership -- split across segments by FY2025 active AE headcount; acquisition % = blended FY2025 AE bookings mix,0.5408151920295111,6372.182040847317
2024-03-31,CC-1060,Sales Leadership,Enterprise,21490.42,0.25,5372.605,Sales Ops / Solutions Engineering / Leadership -- split across segments by FY2025 active AE headcount; acquisition % = blended FY2025 AE bookings mix,0.5408151920295111,2905.5864047737114
2024-03-31,CC-1060,Sales Leadership,Mid-Market,21490.42,0.4375,9402.05875,Sales Ops / Solutions Engineering / Leadership -- split across segments by FY2025 active AE headcount; acquisition % = blended FY2025 AE bookings mix,0.5408151920295111,5084.776208353996
2024-03-31,CC-1060,Sales Leadership,SMB,21490.42,0.3125,6715.756249999999,Sales Ops / Solutions Engineering / Leadership -- split across segments by FY2025 active AE headcount; acquisition % = blended FY2025 AE bookings mix,0.5408151920295111,3631.983005967139
2024-03-31,CC-1100,Demand Generation,Enterprise,341577.30,0.25,85394.325,Demand generation -- 100% acquisition (PHASE1_SPEC 8.5); split across segments by FY2025 active AE headcount,1.0,85394.325
2024-03-31,CC-1100,Demand Generation,Mid-Market,341577.30,0.4375,149440.06875,Demand generation -- 100% acquisition (PHASE1_SPEC 8.5); split across segments by FY2025 active AE headcount,1.0,149440.06875
2024-03-31,CC-1100,Demand Generation,SMB,341577.30,0.3125,106742.90625,Demand generation -- 100% acquisition (PHASE1_SPEC 8.5); split across segments by FY2025 active AE headcount,1.0,106742.90625
2024-03-31,CC-1110,Product Marketing,Enterprise,170393.40,0.25,42598.35,Product Marketing (brand / content) -- 0% acquisition (PHASE1_SPEC 8.5),0.0,0.0
2024-03-31,CC-1110,Product Marketing,Mid-Market,170393.40,0.4375,74547.1125,Product Marketing (brand / content) -- 0% acquisition (PHASE1_SPEC 8.5),0.0,0.0
2024-03-31,CC-1110,Product Marketing,SMB,170393.40,0.3125,53247.9375,Product Marketing (brand / content) -- 0% acquisition (PHASE1_SPEC 8.5),0.0,0.0
2024-03-31,CC-1200,Customer Success,Enterprise,84707.28,0.25,21176.82,Customer Success -- 0% acquisition (PHASE1_SPEC 8.5),0.0,0.0
2024-03-31,CC-1200,Customer Success,Mid-Market,84707.28,0.4375,37059.435,Customer Success -- 0% acquisition (PHASE1_SPEC 8.5),0.0,0.0
2024-03-31,CC-1200,Customer Success,SMB,84707.28,0.3125,26471.025,Customer Success -- 0% acquisition (PHASE1_SPEC 8.5),0.0,0.0
2024-04-30,CC-1000,Sales - SMB,Enterprise,103599.52,0.0,0.0,"New Logo AE, SMB -- 100% to own segment; acquisition % = FY2025 SMB AE bookings mix",0.8680089553271375,0.0
2024-04-30,CC-1000,Sales - SMB,Mid-Market,103599.52,0.0,0.0,"New Logo AE, SMB -- 100% to own segment; acquisition % = FY2025 SMB AE bookings mix",0.8680089553271375,0.0
2024-04-30,CC-1000,Sales - SMB,SMB,103599.52,1.0,103599.52,"New Logo AE, SMB -- 100% to own segment; acquisition % = FY2025 SMB AE bookings mix",0.8680089553271375,89925.3111275929
2024-04-30,CC-1010,Sales - Mid-Market,Enterprise,117054.03,0.0,0.0,"New Logo AE, Mid-Market -- 100% to own segment; acquisition % = FY2025 Mid-Market AE bookings mix",0.4147782801896837,0.0
2024-04-30,CC-1010,Sales - Mid-Market,Mid-Market,117054.03,1.0,117054.03,"New Logo AE, Mid-Market -- 100% to own segment; acquisition % = FY2025 Mid-Market AE bookings mix",0.4147782801896837,48551.46925267164
2024-04-30,CC-1010,Sales - Mid-Market,SMB,117054.03,0.0,0.0,"New Logo AE, Mid-Market -- 100% to own segment; acquisition % = FY2025 Mid-Market AE bookings mix",0.4147782801896837,0.0
2024-04-30,CC-1020,Sales - Enterprise,Enterprise,69264.03,1.0,69264.03,"New Logo AE, Enterprise -- 100% to own segment; acquisition % = FY2025 Enterprise AE bookings mix",0.5737636670113491,39741.18384478409
2024-04-30,CC-1020,Sales - Enterprise,Mid-Market,69264.03,0.0,0.0,"New Logo AE, Enterprise -- 100% to own segment; acquisition % = FY2025 Enterprise AE bookings mix",0.5737636670113491,0.0
2024-04-30,CC-1020,Sales - Enterprise,SMB,69264.03,0.0,0.0,"New Logo AE, Enterprise -- 100% to own segment; acquisition % = FY2025 Enterprise AE bookings mix",0.5737636670113491,0.0
2024-04-30,CC-1030,Sales Development,Enterprise,78300.61,0.25,19575.1525,SDR -- 100% acquisition (PHASE1_SPEC 8.5); split across segments by FY2025 active AE headcount,1.0,19575.1525
2024-04-30,CC-1030,Sales Development,Mid-Market,78300.61,0.4375,34256.516875,SDR -- 100% acquisition (PHASE1_SPEC 8.5); split across segments by FY2025 active AE headcount,1.0,34256.516875
2024-04-30,CC-1030,Sales Development,SMB,78300.61,0.3125,24468.940625,SDR -- 100% acquisition (PHASE1_SPEC 8.5); split across segments by FY2025 active AE headcount,1.0,24468.940625
2024-04-30,CC-1040,Sales Operations,Enterprise,49338.24,0.25,12334.56,Sales Ops / Solutions Engineering / Leadership -- split across segments by FY2025 active AE headcount; acquisition % = blended FY2025 AE bookings mix,0.5408151920295111,6670.717434999527
2024-04-30,CC-1040,Sales Operations,Mid-Market,49338.24,0.4375,21585.48,Sales Ops / Solutions Engineering / Leadership -- split across segments by FY2025 active AE headcount; acquisition % = blended FY2025 AE bookings mix,0.5408151920295111,11673.755511249172
2024-04-30,CC-1040,Sales Operations,SMB,49338.24,0.3125,15418.199999999999,Sales Ops / Solutions Engineering / Leadership -- split across segments by FY2025 active AE headcount; acquisition % = blended FY2025 AE bookings mix,0.5408151920295111,8338.396793749407
2024-04-30,CC-1050,Solutions Engineering,Enterprise,37533.09,0.25,9383.2725,Sales Ops / Solutions Engineering / Leadership -- split across segments by FY2025 active AE headcount; acquisition % = blended FY2025 AE bookings mix,0.5408151920295111,5074.616318952731
2024-04-30,CC-1050,Solutions Engineering,Mid-Market,37533.09,0.4375,16420.726875,Sales Ops / Solutions Engineering / Leadership -- split across segments by FY2025 active AE headcount; acquisition % = blended FY2025 AE bookings mix,0.5408151920295111,8880.578558167279
2024-04-30,CC-1050,Solutions Engineering,SMB,37533.09,0.3125,11729.090624999999,Sales Ops / Solutions Engineering / Leadership -- split across segments by FY2025 active AE headcount; acquisition % = blended FY2025 AE bookings mix,0.5408151920295111,6343.270398690913
2024-04-30,CC-1060,Sales Leadership,Enterprise,21518.06,0.25,5379.515,Sales Ops / Solutions Engineering / Leadership -- split across segments by FY2025 active AE headcount; acquisition % = blended FY2025 AE bookings mix,0.5408151920295111,2909.3234377506355
2024-04-30,CC-1060,Sales Leadership,Mid-Market,21518.06,0.4375,9414.15125,Sales Ops / Solutions Engineering / Leadership -- split across segments by FY2025 active AE headcount; acquisition % = blended FY2025 AE bookings mix,0.5408151920295111,5091.316016063613
2024-04-30,CC-1060,Sales Leadership,SMB,21518.06,0.3125,6724.39375,Sales Ops / Solutions Engineering / Leadership -- split across segments by FY2025 active AE headcount; acquisition % = blended FY2025 AE bookings mix,0.5408151920295111,3636.6542971882945
2024-04-30,CC-1100,Demand Generation,Enterprise,314981.25,0.25,78745.3125,Demand generation -- 100% acquisition (PHASE1_SPEC 8.5); split across segments by FY2025 active AE headcount,1.0,78745.3125
2024-04-30,CC-1100,Demand Generation,Mid-Market,314981.25,0.4375,137804.296875,Demand generation -- 100% acquisition (PHASE1_SPEC 8.5); split across segments by FY2025 active AE headcount,1.0,137804.296875
2024-04-30,CC-1100,Demand Generation,SMB,314981.25,0.3125,98431.640625,Demand generation -- 100% acquisition (PHASE1_SPEC 8.5); split across segments by FY2025 active AE headcount,1.0,98431.640625
2024-04-30,CC-1110,Product Marketing,Enterprise,160695.79,0.25,40173.9475,Product Marketing (brand / content) -- 0% acquisition (PHASE1_SPEC 8.5),0.0,0.0
2024-04-30,CC-1110,Product Marketing,Mid-Market,160695.79,0.4375,70304.408125,Product Marketing (brand / content) -- 0% acquisition (PHASE1_SPEC 8.5),0.0,0.0
2024-04-30,CC-1110,Product Marketing,SMB,160695.79,0.3125,50217.434375000004,Product Marketing (brand / content) -- 0% acquisition (PHASE1_SPEC 8.5),0.0,0.0
2024-04-30,CC-1200,Customer Success,Enterprise,84773.87,0.25,21193.4675,Customer Success -- 0% acquisition (PHASE1_SPEC 8.5),0.0,0.0
2024-04-30,CC-1200,Customer Success,Mid-Market,84773.87,0.4375,37088.568125,Customer Success -- 0% acquisition (PHASE1_SPEC 8.5),0.0,0.0
2024-04-30,CC-1200,Customer Success,SMB,84773.87,0.3125,26491.834375,Customer Success -- 0% acquisition (PHASE1_SPEC 8.5),0.0,0.0
2024-05-31,CC-1000,Sales - SMB,Enterprise,99008.58,0.0,0.0,"New Logo AE, SMB -- 100% to own segment; acquisition % = FY2025 SMB AE bookings mix",0.8680089553271375,0.0
2024-05-31,CC-1000,Sales - SMB,Mid-Market,99008.58,0.0,0.0,"New Logo AE, SMB -- 100% to own segment; acquisition % = FY2025 SMB AE bookings mix",0.8680089553271375,0.0
2024-05-31,CC-1000,Sales - SMB,SMB,99008.58,1.0,99008.58,"New Logo AE, SMB -- 100% to own segment; acquisition % = FY2025 SMB AE bookings mix",0.8680089553271375,85940.33409422332
2024-05-31,CC-1010,Sales - Mid-Market,Enterprise,122222.71,0.0,0.0,"New Logo AE, Mid-Market -- 100% to own segment; acquisition % = FY2025 Mid-Market AE bookings mix",0.4147782801896837,0.0
2024-05-31,CC-1010,Sales - Mid-Market,Mid-Market,122222.71,1.0,122222.71,"New Logo AE, Mid-Market -- 100% to own segment; acquisition % = FY2025 Mid-Market AE bookings mix",0.4147782801896837,50695.32545392246
2024-05-31,CC-1010,Sales - Mid-Market,SMB,122222.71,0.0,0.0,"New Logo AE, Mid-Market -- 100% to own segment; acquisition % = FY2025 Mid-Market AE bookings mix",0.4147782801896837,0.0
2024-05-31,CC-1020,Sales - Enterprise,Enterprise,73466.76,1.0,73466.76,"New Logo AE, Enterprise -- 100% to own segment; acquisition % = FY2025 Enterprise AE bookings mix",0.5737636670113491,42152.557621042695
2024-05-31,CC-1020,Sales - Enterprise,Mid-Market,73466.76,0.0,0.0,"New Logo AE, Enterprise -- 100% to own segment; acquisition % = FY2025 Enterprise AE bookings mix",0.5737636670113491,0.0
2024-05-31,CC-1020,Sales - Enterprise,SMB,73466.76,0.0,0.0,"New Logo AE, Enterprise -- 100% to own segment; acquisition % = FY2025 Enterprise AE bookings mix",0.5737636670113491,0.0
2024-05-31,CC-1030,Sales Development,Enterprise,77931.05,0.25,19482.7625,SDR -- 100% acquisition (PHASE1_SPEC 8.5); split across segments by FY2025 active AE headcount,1.0,19482.7625
2024-05-31,CC-1030,Sales Development,Mid-Market,77931.05,0.4375,34094.834375,SDR -- 100% acquisition (PHASE1_SPEC 8.5); split across segments by FY2025 active AE headcount,1.0,34094.834375
2024-05-31,CC-1030,Sales Development,SMB,77931.05,0.3125,24353.453125,SDR -- 100% acquisition (PHASE1_SPEC 8.5); split across segments by FY2025 active AE headcount,1.0,24353.453125
2024-05-31,CC-1040,Sales Operations,Enterprise,49240.32,0.25,12310.08,Sales Ops / Solutions Engineering / Leadership -- split across segments by FY2025 active AE headcount; acquisition % = blended FY2025 AE bookings mix,0.5408151920295111,6657.478279098644
2024-05-31,CC-1040,Sales Operations,Mid-Market,49240.32,0.4375,21542.64,Sales Ops / Solutions Engineering / Leadership -- split across segments by FY2025 active AE headcount; acquisition % = blended FY2025 AE bookings mix,0.5408151920295111,11650.586988422627
2024-05-31,CC-1040,Sales Operations,SMB,49240.32,0.3125,15387.6,Sales Ops / Solutions Engineering / Leadership -- split across segments by FY2025 active AE headcount; acquisition % = blended FY2025 AE bookings mix,0.5408151920295111,8321.847848873305
2024-05-31,CC-1050,Solutions Engineering,Enterprise,48155.36,0.25,12038.84,Sales Ops / Solutions Engineering / Leadership -- split across segments by FY2025 active AE headcount; acquisition % = blended FY2025 AE bookings mix,0.5408151920295111,6510.7875664125595
2024-05-31,CC-1050,Solutions Engineering,Mid-Market,48155.36,0.4375,21067.97,Sales Ops / Solutions Engineering / Leadership -- split across segments by FY2025 active AE headcount; acquisition % = blended FY2025 AE bookings mix,0.5408151920295111,11393.87824122198
2024-05-31,CC-1050,Solutions Engineering,SMB,48155.36,0.3125,15048.55,Sales Ops / Solutions Engineering / Leadership -- split across segments by FY2025 active AE headcount; acquisition % = blended FY2025 AE bookings mix,0.5408151920295111,8138.484458015699
2024-05-31,CC-1060,Sales Leadership,Enterprise,21532.34,0.25,5383.085,Sales Ops / Solutions Engineering / Leadership -- split across segments by FY2025 active AE headcount; acquisition % = blended FY2025 AE bookings mix,0.5408151920295111,2911.2541479861807
2024-05-31,CC-1060,Sales Leadership,Mid-Market,21532.34,0.4375,9420.39875,Sales Ops / Solutions Engineering / Leadership -- split across segments by FY2025 active AE headcount; acquisition % = blended FY2025 AE bookings mix,0.5408151920295111,5094.6947589758165
2024-05-31,CC-1060,Sales Leadership,SMB,21532.34,0.3125,6728.85625,Sales Ops / Solutions Engineering / Leadership -- split across segments by FY2025 active AE headcount; acquisition % = blended FY2025 AE bookings mix,0.5408151920295111,3639.067684982726
2024-05-31,CC-1100,Demand Generation,Enterprise,337802.96,0.25,84450.74,Demand generation -- 100% acquisition (PHASE1_SPEC 8.5); split across segments by FY2025 active AE headcount,1.0,84450.74
2024-05-31,CC-1100,Demand Generation,Mid-Market,337802.96,0.4375,147788.795,Demand generation -- 100% acquisition (PHASE1_SPEC 8.5); split across segments by FY2025 active AE headcount,1.0,147788.795
2024-05-31,CC-1100,Demand Generation,SMB,337802.96,0.3125,105563.425,Demand generation -- 100% acquisition (PHASE1_SPEC 8.5); split across segments by FY2025 active AE headcount,1.0,105563.425
2024-05-31,CC-1110,Product Marketing,Enterprise,179700.60,0.25,44925.15,Product Marketing (brand / content) -- 0% acquisition (PHASE1_SPEC 8.5),0.0,0.0
2024-05-31,CC-1110,Product Marketing,Mid-Market,179700.60,0.4375,78619.0125,Product Marketing (brand / content) -- 0% acquisition (PHASE1_SPEC 8.5),0.0,0.0
2024-05-31,CC-1110,Product Marketing,SMB,179700.60,0.3125,56156.4375,Product Marketing (brand / content) -- 0% acquisition (PHASE1_SPEC 8.5),0.0,0.0
2024-05-31,CC-1200,Customer Success,Enterprise,89390.72,0.25,22347.68,Customer Success -- 0% acquisition (PHASE1_SPEC 8.5),0.0,0.0
2024-05-31,CC-1200,Customer Success,Mid-Market,89390.72,0.4375,39108.44,Customer Success -- 0% acquisition (PHASE1_SPEC 8.5),0.0,0.0
2024-05-31,CC-1200,Customer Success,SMB,89390.72,0.3125,27934.6,Customer Success -- 0% acquisition (PHASE1_SPEC 8.5),0.0,0.0
2024-06-30,CC-1000,Sales - SMB,Enterprise,86630.14,0.0,0.0,"New Logo AE, SMB -- 100% to own segment; acquisition % = FY2025 SMB AE bookings mix",0.8680089553271375,0.0
2024-06-30,CC-1000,Sales - SMB,Mid-Market,86630.14,0.0,0.0,"New Logo AE, SMB -- 100% to own segment; acquisition % = FY2025 SMB AE bookings mix",0.8680089553271375,0.0
2024-06-30,CC-1000,Sales - SMB,SMB,86630.14,1.0,86630.14,"New Logo AE, SMB -- 100% to own segment; acquisition % = FY2025 SMB AE bookings mix",0.8680089553271375,75195.73732124367
2024-06-30,CC-1010,Sales - Mid-Market,Enterprise,129212.04,0.0,0.0,"New Logo AE, Mid-Market -- 100% to own segment; acquisition % = FY2025 Mid-Market AE bookings mix",0.4147782801896837,0.0
2024-06-30,CC-1010,Sales - Mid-Market,Mid-Market,129212.04,1.0,129212.04,"New Logo AE, Mid-Market -- 100% to own segment; acquisition % = FY2025 Mid-Market AE bookings mix",0.4147782801896837,53594.34773100062
2024-06-30,CC-1010,Sales - Mid-Market,SMB,129212.04,0.0,0.0,"New Logo AE, Mid-Market -- 100% to own segment; acquisition % = FY2025 Mid-Market AE bookings mix",0.4147782801896837,0.0
2024-06-30,CC-1020,Sales - Enterprise,Enterprise,68551.02,1.0,68551.02,"New Logo AE, Enterprise -- 100% to own segment; acquisition % = FY2025 Enterprise AE bookings mix",0.5737636670113491,39332.08461256833
2024-06-30,CC-1020,Sales - Enterprise,Mid-Market,68551.02,0.0,0.0,"New Logo AE, Enterprise -- 100% to own segment; acquisition % = FY2025 Enterprise AE bookings mix",0.5737636670113491,0.0
2024-06-30,CC-1020,Sales - Enterprise,SMB,68551.02,0.0,0.0,"New Logo AE, Enterprise -- 100% to own segment; acquisition % = FY2025 Enterprise AE bookings mix",0.5737636670113491,0.0
2024-06-30,CC-1030,Sales Development,Enterprise,85892.53,0.25,21473.1325,SDR -- 100% acquisition (PHASE1_SPEC 8.5); split across segments by FY2025 active AE headcount,1.0,21473.1325
2024-06-30,CC-1030,Sales Development,Mid-Market,85892.53,0.4375,37577.981875,SDR -- 100% acquisition (PHASE1_SPEC 8.5); split across segments by FY2025 active AE headcount,1.0,37577.981875
2024-06-30,CC-1030,Sales Development,SMB,85892.53,0.3125,26841.415625,SDR -- 100% acquisition (PHASE1_SPEC 8.5); split across segments by FY2025 active AE headcount,1.0,26841.415625
2024-06-30,CC-1040,Sales Operations,Enterprise,49390.08,0.25,12347.52,Sales Ops / Solutions Engineering / Leadership -- split across segments by FY2025 active AE headcount; acquisition % = blended FY2025 AE bookings mix,0.5408151920295111,6677.726399888229
2024-06-30,CC-1040,Sales Operations,Mid-Market,49390.08,0.4375,21608.16,Sales Ops / Solutions Engineering / Leadership -- split across segments by FY2025 active AE headcount; acquisition % = blended FY2025 AE bookings mix,0.5408151920295111,11686.021199804401
2024-06-30,CC-1040,Sales Operations,SMB,49390.08,0.3125,15434.400000000001,Sales Ops / Solutions Engineering / Leadership -- split across segments by FY2025 active AE headcount; acquisition % = blended FY2025 AE bookings mix,0.5408151920295111,8347.157999860287
2024-06-30,CC-1050,Solutions Engineering,Enterprise,48231.25,0.25,12057.8125,Sales Ops / Solutions Engineering / Leadership -- split across segments by FY2025 active AE headcount; acquisition % = blended FY2025 AE bookings mix,0.5408151920295111,6521.04818264334
2024-06-30,CC-1050,Solutions Engineering,Mid-Market,48231.25,0.4375,21101.171875,Sales Ops / Solutions Engineering / Leadership -- split across segments by FY2025 active AE headcount; acquisition % = blended FY2025 AE bookings mix,0.5408151920295111,11411.834319625845
2024-06-30,CC-1050,Solutions Engineering,SMB,48231.25,0.3125,15072.265625,Sales Ops / Solutions Engineering / Leadership -- split across segments by FY2025 active AE headcount; acquisition % = blended FY2025 AE bookings mix,0.5408151920295111,8151.310228304174
2024-06-30,CC-1060,Sales Leadership,Enterprise,21599.57,0.25,5399.8925,Sales Ops / Solutions Engineering / Leadership -- split across segments by FY2025 active AE headcount; acquisition % = blended FY2025 AE bookings mix,0.5408151920295111,2920.3438993262166
2024-06-30,CC-1060,Sales Leadership,Mid-Market,21599.57,0.4375,9449.811875,Sales Ops / Solutions Engineering / Leadership -- split across segments by FY2025 active AE headcount; acquisition % = blended FY2025 AE bookings mix,0.5408151920295111,5110.601823820879
2024-06-30,CC-1060,Sales Leadership,SMB,21599.57,0.3125,6749.865625,Sales Ops / Solutions Engineering / Leadership -- split across segments by FY2025 active AE headcount; acquisition % = blended FY2025 AE bookings mix,0.5408151920295111,3650.4298741577713
2024-06-30,CC-1100,Demand Generation,Enterprise,324596.08,0.25,81149.02,Demand generation -- 100% acquisition (PHASE1_SPEC 8.5); split across segments by FY2025 active AE headcount,1.0,81149.02
2024-06-30,CC-1100,Demand Generation,Mid-Market,324596.08,0.4375,142010.785,Demand generation -- 100% acquisition (PHASE1_SPEC 8.5); split across segments by FY2025 active AE headcount,1.0,142010.785
2024-06-30,CC-1100,Demand Generation,SMB,324596.08,0.3125,101436.27500000001,Demand generation -- 100% acquisition (PHASE1_SPEC 8.5); split across segments by FY2025 active AE headcount,1.0,101436.27500000001
2024-06-30,CC-1110,Product Marketing,Enterprise,180355.36,0.25,45088.84,Product Marketing (brand / content) -- 0% acquisition (PHASE1_SPEC 8.5),0.0,0.0
2024-06-30,CC-1110,Product Marketing,Mid-Market,180355.36,0.4375,78905.47,Product Marketing (brand / content) -- 0% acquisition (PHASE1_SPEC 8.5),0.0,0.0
2024-06-30,CC-1110,Product Marketing,SMB,180355.36,0.3125,56361.049999999996,Product Marketing (brand / content) -- 0% acquisition (PHASE1_SPEC 8.5),0.0,0.0
2024-06-30,CC-1200,Customer Success,Enterprise,89310.43,0.25,22327.6075,Customer Success -- 0% acquisition (PHASE1_SPEC 8.5),0.0,0.0
2024-06-30,CC-1200,Customer Success,Mid-Market,89310.43,0.4375,39073.313125,Customer Success -- 0% acquisition (PHASE1_SPEC 8.5),0.0,0.0
2024-06-30,CC-1200,Customer Success,SMB,89310.43,0.3125,27909.509374999998,Customer Success -- 0% acquisition (PHASE1_SPEC 8.5),0.0,0.0
2024-07-31,CC-1000,Sales - SMB,Enterprise,84663.61,0.0,0.0,"New Logo AE, SMB -- 100% to own segment; acquisition % = FY2025 SMB AE bookings mix",0.8680089553271375,0.0
2024-07-31,CC-1000,Sales - SMB,Mid-Market,84663.61,0.0,0.0,"New Logo AE, SMB -- 100% to own segment; acquisition % = FY2025 SMB AE bookings mix",0.8680089553271375,0.0
2024-07-31,CC-1000,Sales - SMB,SMB,84663.61,1.0,84663.61,"New Logo AE, SMB -- 100% to own segment; acquisition % = FY2025 SMB AE bookings mix",0.8680089553271375,73488.77167032419
2024-07-31,CC-1010,Sales - Mid-Market,Enterprise,138439.59,0.0,0.0,"New Logo AE, Mid-Market -- 100% to own segment; acquisition % = FY2025 Mid-Market AE bookings mix",0.4147782801896837,0.0
2024-07-31,CC-1010,Sales - Mid-Market,Mid-Market,138439.59,1.0,138439.59,"New Logo AE, Mid-Market -- 100% to own segment; acquisition % = FY2025 Mid-Market AE bookings mix",0.4147782801896837,57421.735050364936
2024-07-31,CC-1010,Sales - Mid-Market,SMB,138439.59,0.0,0.0,"New Logo AE, Mid-Market -- 100% to own segment; acquisition % = FY2025 Mid-Market AE bookings mix",0.4147782801896837,0.0
2024-07-31,CC-1020,Sales - Enterprise,Enterprise,78691.19,1.0,78691.19,"New Logo AE, Enterprise -- 100% to own segment; acquisition % = FY2025 Enterprise AE bookings mix",0.5737636670113491,45150.1457358868
2024-07-31,CC-1020,Sales - Enterprise,Mid-Market,78691.19,0.0,0.0,"New Logo AE, Enterprise -- 100% to own segment; acquisition % = FY2025 Enterprise AE bookings mix",0.5737636670113491,0.0
2024-07-31,CC-1020,Sales - Enterprise,SMB,78691.19,0.0,0.0,"New Logo AE, Enterprise -- 100% to own segment; acquisition % = FY2025 Enterprise AE bookings mix",0.5737636670113491,0.0
2024-07-31,CC-1030,Sales Development,Enterprise,85386.91,0.25,21346.7275,SDR -- 100% acquisition (PHASE1_SPEC 8.5); split across segments by FY2025 active AE headcount,1.0,21346.7275
2024-07-31,CC-1030,Sales Development,Mid-Market,85386.91,0.4375,37356.773125,SDR -- 100% acquisition (PHASE1_SPEC 8.5); split across segments by FY2025 active AE headcount,1.0,37356.773125
2024-07-31,CC-1030,Sales Development,SMB,85386.91,0.3125,26683.409375000003,SDR -- 100% acquisition (PHASE1_SPEC 8.5); split across segments by FY2025 active AE headcount,1.0,26683.409375000003
2024-07-31,CC-1040,Sales Operations,Enterprise,49334.92,0.25,12333.73,Sales Ops / Solutions Engineering / Leadership -- split across segments by FY2025 active AE headcount; acquisition % = blended FY2025 AE bookings mix,0.5408151920295111,6670.268558390142
2024-07-31,CC-1040,Sales Operations,Mid-Market,49334.92,0.4375,21584.0275,Sales Ops / Solutions Engineering / Leadership -- split across segments by FY2025 active AE headcount; acquisition % = blended FY2025 AE bookings mix,0.5408151920295111,11672.969977182749
2024-07-31,CC-1040,Sales Operations,SMB,49334.92,0.3125,15417.162499999999,Sales Ops / Solutions Engineering / Leadership -- split across segments by FY2025 active AE headcount; acquisition % = blended FY2025 AE bookings mix,0.5408151920295111,8337.835697987677
2024-07-31,CC-1050,Solutions Engineering,Enterprise,48102.64,0.25,12025.66,Sales Ops / Solutions Engineering / Leadership -- split across segments by FY2025 active AE headcount; acquisition % = blended FY2025 AE bookings mix,0.5408151920295111,6503.659622181611
2024-07-31,CC-1050,Solutions Engineering,Mid-Market,48102.64,0.4375,21044.905,Sales Ops / Solutions Engineering / Leadership -- split across segments by FY2025 active AE headcount; acquisition % = blended FY2025 AE bookings mix,0.5408151920295111,11381.404338817818
2024-07-31,CC-1050,Solutions Engineering,SMB,48102.64,0.3125,15032.075,Sales Ops / Solutions Engineering / Leadership -- split across segments by FY2025 active AE headcount; acquisition % = blended FY2025 AE bookings mix,0.5408151920295111,8129.574527727013
2024-07-31,CC-1060,Sales Leadership,Enterprise,21422.89,0.25,5355.7225,Sales Ops / Solutions Engineering / Leadership -- split across segments by FY2025 active AE headcount; acquisition % = blended FY2025 AE bookings mix,0.5408151920295111,2896.4560922942733
2024-07-31,CC-1060,Sales Leadership,Mid-Market,21422.89,0.4375,9372.514374999999,Sales Ops / Solutions Engineering / Leadership -- split across segments by FY2025 active AE headcount; acquisition % = blended FY2025 AE bookings mix,0.5408151920295111,5068.798161514977
2024-07-31,CC-1060,Sales Leadership,SMB,21422.89,0.3125,6694.653125,Sales Ops / Solutions Engineering / Leadership -- split across segments by FY2025 active AE headcount; acquisition % = blended FY2025 AE bookings mix,0.5408151920295111,3620.5701153678415
2024-07-31,CC-1100,Demand Generation,Enterprise,286626.68,0.25,71656.67,Demand generation -- 100% acquisition (PHASE1_SPEC 8.5); split across segments by FY2025 active AE headcount,1.0,71656.67
2024-07-31,CC-1100,Demand Generation,Mid-Market,286626.68,0.4375,125399.1725,Demand generation -- 100% acquisition (PHASE1_SPEC 8.5); split across segments by FY2025 active AE headcount,1.0,125399.1725
2024-07-31,CC-1100,Demand Generation,SMB,286626.68,0.3125,89570.8375,Demand generation -- 100% acquisition (PHASE1_SPEC 8.5); split across segments by FY2025 active AE headcount,1.0,89570.8375
2024-07-31,CC-1110,Product Marketing,Enterprise,167637.26,0.25,41909.315,Product Marketing (brand / content) -- 0% acquisition (PHASE1_SPEC 8.5),0.0,0.0
2024-07-31,CC-1110,Product Marketing,Mid-Market,167637.26,0.4375,73341.30125,Product Marketing (brand / content) -- 0% acquisition (PHASE1_SPEC 8.5),0.0,0.0
2024-07-31,CC-1110,Product Marketing,SMB,167637.26,0.3125,52386.64375,Product Marketing (brand / content) -- 0% acquisition (PHASE1_SPEC 8.5),0.0,0.0
2024-07-31,CC-1200,Customer Success,Enterprise,89315.60,0.25,22328.9,Customer Success -- 0% acquisition (PHASE1_SPEC 8.5),0.0,0.0
2024-07-31,CC-1200,Customer Success,Mid-Market,89315.60,0.4375,39075.575000000004,Customer Success -- 0% acquisition (PHASE1_SPEC 8.5),0.0,0.0
2024-07-31,CC-1200,Customer Success,SMB,89315.60,0.3125,27911.125,Customer Success -- 0% acquisition (PHASE1_SPEC 8.5),0.0,0.0
2024-08-31,CC-1000,Sales - SMB,Enterprise,87019.82,0.0,0.0,"New Logo AE, SMB -- 100% to own segment; acquisition % = FY2025 SMB AE bookings mix",0.8680089553271375,0.0
2024-08-31,CC-1000,Sales - SMB,Mid-Market,87019.82,0.0,0.0,"New Logo AE, SMB -- 100% to own segment; acquisition % = FY2025 SMB AE bookings mix",0.8680089553271375,0.0
2024-08-31,CC-1000,Sales - SMB,SMB,87019.82,1.0,87019.82,"New Logo AE, SMB -- 100% to own segment; acquisition % = FY2025 SMB AE bookings mix",0.8680089553271375,75533.98305095555
2024-08-31,CC-1010,Sales - Mid-Market,Enterprise,133173.29,0.0,0.0,"New Logo AE, Mid-Market -- 100% to own segment; acquisition % = FY2025 Mid-Market AE bookings mix",0.4147782801896837,0.0
2024-08-31,CC-1010,Sales - Mid-Market,Mid-Market,133173.29,1.0,133173.29,"New Logo AE, Mid-Market -- 100% to own segment; acquisition % = FY2025 Mid-Market AE bookings mix",0.4147782801896837,55237.38819340201
2024-08-31,CC-1010,Sales - Mid-Market,SMB,133173.29,0.0,0.0,"New Logo AE, Mid-Market -- 100% to own segment; acquisition % = FY2025 Mid-Market AE bookings mix",0.4147782801896837,0.0
2024-08-31,CC-1020,Sales - Enterprise,Enterprise,83049.86,1.0,83049.86,"New Logo AE, Enterprise -- 100% to own segment; acquisition % = FY2025 Enterprise AE bookings mix",0.5737636670113491,47650.99221837916
2024-08-31,CC-1020,Sales - Enterprise,Mid-Market,83049.86,0.0,0.0,"New Logo AE, Enterprise -- 100% to own segment; acquisition % = FY2025 Enterprise AE bookings mix",0.5737636670113491,0.0
2024-08-31,CC-1020,Sales - Enterprise,SMB,83049.86,0.0,0.0,"New Logo AE, Enterprise -- 100% to own segment; acquisition % = FY2025 Enterprise AE bookings mix",0.5737636670113491,0.0
2024-08-31,CC-1030,Sales Development,Enterprise,85491.69,0.25,21372.9225,SDR -- 100% acquisition (PHASE1_SPEC 8.5); split across segments by FY2025 active AE headcount,1.0,21372.9225
2024-08-31,CC-1030,Sales Development,Mid-Market,85491.69,0.4375,37402.614375000005,SDR -- 100% acquisition (PHASE1_SPEC 8.5); split across segments by FY2025 active AE headcount,1.0,37402.614375000005
2024-08-31,CC-1030,Sales Development,SMB,85491.69,0.3125,26716.153125,SDR -- 100% acquisition (PHASE1_SPEC 8.5); split across segments by FY2025 active AE headcount,1.0,26716.153125
2024-08-31,CC-1040,Sales Operations,Enterprise,49565.55,0.25,12391.3875,Sales Ops / Solutions Engineering / Leadership -- split across segments by FY2025 active AE headcount; acquisition % = blended FY2025 AE bookings mix,0.5408151920295111,6701.450610324584
2024-08-31,CC-1040,Sales Operations,Mid-Market,49565.55,0.4375,21684.928125000002,Sales Ops / Solutions Engineering / Leadership -- split across segments by FY2025 active AE headcount; acquisition % = blended FY2025 AE bookings mix,0.5408151920295111,11727.538568068023
2024-08-31,CC-1040,Sales Operations,SMB,49565.55,0.3125,15489.234375,Sales Ops / Solutions Engineering / Leadership -- split across segments by FY2025 active AE headcount; acquisition % = blended FY2025 AE bookings mix,0.5408151920295111,8376.813262905729
2024-08-31,CC-1050,Solutions Engineering,Enterprise,47966.78,0.25,11991.695,Sales Ops / Solutions Engineering / Leadership -- split across segments by FY2025 active AE headcount; acquisition % = blended FY2025 AE bookings mix,0.5408151920295111,6485.290834184329
2024-08-31,CC-1050,Solutions Engineering,Mid-Market,47966.78,0.4375,20985.466249999998,Sales Ops / Solutions Engineering / Leadership -- split across segments by FY2025 active AE headcount; acquisition % = blended FY2025 AE bookings mix,0.5408151920295111,11349.258959822573
2024-08-31,CC-1050,Solutions Engineering,SMB,47966.78,0.3125,14989.61875,Sales Ops / Solutions Engineering / Leadership -- split across segments by FY2025 active AE headcount; acquisition % = blended FY2025 AE bookings mix,0.5408151920295111,8106.61354273041
2024-08-31,CC-1060,Sales Leadership,Enterprise,21575.20,0.25,5393.8,Sales Ops / Solutions Engineering / Leadership -- split across segments by FY2025 active AE headcount; acquisition % = blended FY2025 AE bookings mix,0.5408151920295111,2917.048982768777
2024-08-31,CC-1060,Sales Leadership,Mid-Market,21575.20,0.4375,9439.15,Sales Ops / Solutions Engineering / Leadership -- split across segments by FY2025 active AE headcount; acquisition % = blended FY2025 AE bookings mix,0.5408151920295111,5104.83571984536
2024-08-31,CC-1060,Sales Leadership,SMB,21575.20,0.3125,6742.25,Sales Ops / Solutions Engineering / Leadership -- split across segments by FY2025 active AE headcount; acquisition % = blended FY2025 AE bookings mix,0.5408151920295111,3646.3112284609715
2024-08-31,CC-1100,Demand Generation,Enterprise,292495.39,0.25,73123.8475,Demand generation -- 100% acquisition (PHASE1_SPEC 8.5); split across segments by FY2025 active AE headcount,1.0,73123.8475
2024-08-31,CC-1100,Demand Generation,Mid-Market,292495.39,0.4375,127966.733125,Demand generation -- 100% acquisition (PHASE1_SPEC 8.5); split across segments by FY2025 active AE headcount,1.0,127966.733125
2024-08-31,CC-1100,Demand Generation,SMB,292495.39,0.3125,91404.80937500001,Demand generation -- 100% acquisition (PHASE1_SPEC 8.5); split across segments by FY2025 active AE headcount,1.0,91404.80937500001
2024-08-31,CC-1110,Product Marketing,Enterprise,167571.41,0.25,41892.8525,Product Marketing (brand / content) -- 0% acquisition (PHASE1_SPEC 8.5),0.0,0.0
2024-08-31,CC-1110,Product Marketing,Mid-Market,167571.41,0.4375,73312.491875,Product Marketing (brand / content) -- 0% acquisition (PHASE1_SPEC 8.5),0.0,0.0
2024-08-31,CC-1110,Product Marketing,SMB,167571.41,0.3125,52366.065625,Product Marketing (brand / content) -- 0% acquisition (PHASE1_SPEC 8.5),0.0,0.0
2024-08-31,CC-1200,Customer Success,Enterprise,93443.02,0.25,23360.755,Customer Success -- 0% acquisition (PHASE1_SPEC 8.5),0.0,0.0
2024-08-31,CC-1200,Customer Success,Mid-Market,93443.02,0.4375,40881.32125,Customer Success -- 0% acquisition (PHASE1_SPEC 8.5),0.0,0.0
2024-08-31,CC-1200,Customer Success,SMB,93443.02,0.3125,29200.943750000002,Customer Success -- 0% acquisition (PHASE1_SPEC 8.5),0.0,0.0
2024-09-30,CC-1000,Sales - SMB,Enterprise,95712.29,0.0,0.0,"New Logo AE, SMB -- 100% to own segment; acquisition % = FY2025 SMB AE bookings mix",0.8680089553271375,0.0
2024-09-30,CC-1000,Sales - SMB,Mid-Market,95712.29,0.0,0.0,"New Logo AE, SMB -- 100% to own segment; acquisition % = FY2025 SMB AE bookings mix",0.8680089553271375,0.0
2024-09-30,CC-1000,Sales - SMB,SMB,95712.29,1.0,95712.29,"New Logo AE, SMB -- 100% to own segment; acquisition % = FY2025 SMB AE bookings mix",0.8680089553271375,83079.12485486803
2024-09-30,CC-1010,Sales - Mid-Market,Enterprise,132552.71,0.0,0.0,"New Logo AE, Mid-Market -- 100% to own segment; acquisition % = FY2025 Mid-Market AE bookings mix",0.4147782801896837,0.0
2024-09-30,CC-1010,Sales - Mid-Market,Mid-Market,132552.71,1.0,132552.71,"New Logo AE, Mid-Market -- 100% to own segment; acquisition % = FY2025 Mid-Market AE bookings mix",0.4147782801896837,54979.98508828189
2024-09-30,CC-1010,Sales - Mid-Market,SMB,132552.71,0.0,0.0,"New Logo AE, Mid-Market -- 100% to own segment; acquisition % = FY2025 Mid-Market AE bookings mix",0.4147782801896837,0.0
2024-09-30,CC-1020,Sales - Enterprise,Enterprise,110291.02,1.0,110291.02,"New Logo AE, Enterprise -- 100% to own segment; acquisition % = FY2025 Enterprise AE bookings mix",0.5737636670113491,63280.98007362204
2024-09-30,CC-1020,Sales - Enterprise,Mid-Market,110291.02,0.0,0.0,"New Logo AE, Enterprise -- 100% to own segment; acquisition % = FY2025 Enterprise AE bookings mix",0.5737636670113491,0.0
2024-09-30,CC-1020,Sales - Enterprise,SMB,110291.02,0.0,0.0,"New Logo AE, Enterprise -- 100% to own segment; acquisition % = FY2025 Enterprise AE bookings mix",0.5737636670113491,0.0
2024-09-30,CC-1030,Sales Development,Enterprise,85459.41,0.25,21364.8525,SDR -- 100% acquisition (PHASE1_SPEC 8.5); split across segments by FY2025 active AE headcount,1.0,21364.8525
2024-09-30,CC-1030,Sales Development,Mid-Market,85459.41,0.4375,37388.491875,SDR -- 100% acquisition (PHASE1_SPEC 8.5); split across segments by FY2025 active AE headcount,1.0,37388.491875
2024-09-30,CC-1030,Sales Development,SMB,85459.41,0.3125,26706.065625000003,SDR -- 100% acquisition (PHASE1_SPEC 8.5); split across segments by FY2025 active AE headcount,1.0,26706.065625000003
2024-09-30,CC-1040,Sales Operations,Enterprise,49478.11,0.25,12369.5275,Sales Ops / Solutions Engineering / Leadership -- split across segments by FY2025 active AE headcount; acquisition % = blended FY2025 AE bookings mix,0.5408151920295111,6689.628390226819
2024-09-30,CC-1040,Sales Operations,Mid-Market,49478.11,0.4375,21646.673125,Sales Ops / Solutions Engineering / Leadership -- split across segments by FY2025 active AE headcount; acquisition % = blended FY2025 AE bookings mix,0.5408151920295111,11706.849682896933
2024-09-30,CC-1040,Sales Operations,SMB,49478.11,0.3125,15461.909375,Sales Ops / Solutions Engineering / Leadership -- split across segments by FY2025 active AE headcount; acquisition % = blended FY2025 AE bookings mix,0.5408151920295111,8362.035487783523
2024-09-30,CC-1050,Solutions Engineering,Enterprise,48212.77,0.25,12053.1925,Sales Ops / Solutions Engineering / Leadership -- split across segments by FY2025 active AE headcount; acquisition % = blended FY2025 AE bookings mix,0.5408151920295111,6518.549616456163
2024-09-30,CC-1050,Solutions Engineering,Mid-Market,48212.77,0.4375,21093.086874999997,Sales Ops / Solutions Engineering / Leadership -- split across segments by FY2025 active AE headcount; acquisition % = blended FY2025 AE bookings mix,0.5408151920295111,11407.461828798285
2024-09-30,CC-1050,Solutions Engineering,SMB,48212.77,0.3125,15066.490624999999,Sales Ops / Solutions Engineering / Leadership -- split across segments by FY2025 active AE headcount; acquisition % = blended FY2025 AE bookings mix,0.5408151920295111,8148.1870205702035
2024-09-30,CC-1060,Sales Leadership,Enterprise,21553.81,0.25,5388.4525,Sales Ops / Solutions Engineering / Leadership -- split across segments by FY2025 active AE headcount; acquisition % = blended FY2025 AE bookings mix,0.5408151920295111,2914.1569735293992
2024-09-30,CC-1060,Sales Leadership,Mid-Market,21553.81,0.4375,9429.791875,Sales Ops / Solutions Engineering / Leadership -- split across segments by FY2025 active AE headcount; acquisition % = blended FY2025 AE bookings mix,0.5408151920295111,5099.7747036764495
2024-09-30,CC-1060,Sales Leadership,SMB,21553.81,0.3125,6735.565625,Sales Ops / Solutions Engineering / Leadership -- split across segments by FY2025 active AE headcount; acquisition % = blended FY2025 AE bookings mix,0.5408151920295111,3642.696216911749
2024-09-30,CC-1100,Demand Generation,Enterprise,338044.75,0.25,84511.1875,Demand generation -- 100% acquisition (PHASE1_SPEC 8.5); split across segments by FY2025 active AE headcount,1.0,84511.1875
2024-09-30,CC-1100,Demand Generation,Mid-Market,338044.75,0.4375,147894.578125,Demand generation -- 100% acquisition (PHASE1_SPEC 8.5); split across segments by FY2025 active AE headcount,1.0,147894.578125
2024-09-30,CC-1100,Demand Generation,SMB,338044.75,0.3125,105638.984375,Demand generation -- 100% acquisition (PHASE1_SPEC 8.5); split across segments by FY2025 active AE headcount,1.0,105638.984375
2024-09-30,CC-1110,Product Marketing,Enterprise,179601.63,0.25,44900.4075,Product Marketing (brand / content) -- 0% acquisition (PHASE1_SPEC 8.5),0.0,0.0
2024-09-30,CC-1110,Product Marketing,Mid-Market,179601.63,0.4375,78575.71312500001,Product Marketing (brand / content) -- 0% acquisition (PHASE1_SPEC 8.5),0.0,0.0
2024-09-30,CC-1110,Product Marketing,SMB,179601.63,0.3125,56125.509375,Product Marketing (brand / content) -- 0% acquisition (PHASE1_SPEC 8.5),0.0,0.0
2024-09-30,CC-1200,Customer Success,Enterprise,92019.73,0.25,23004.9325,Customer Success -- 0% acquisition (PHASE1_SPEC 8.5),0.0,0.0
2024-09-30,CC-1200,Customer Success,Mid-Market,92019.73,0.4375,40258.631875,Customer Success -- 0% acquisition (PHASE1_SPEC 8.5),0.0,0.0
2024-09-30,CC-1200,Customer Success,SMB,92019.73,0.3125,28756.165624999998,Customer Success -- 0% acquisition (PHASE1_SPEC 8.5),0.0,0.0
2024-10-31,CC-1000,Sales - SMB,Enterprise,85314.55,0.0,0.0,"New Logo AE, SMB -- 100% to own segment; acquisition % = FY2025 SMB AE bookings mix",0.8680089553271375,0.0
2024-10-31,CC-1000,Sales - SMB,Mid-Market,85314.55,0.0,0.0,"New Logo AE, SMB -- 100% to own segment; acquisition % = FY2025 SMB AE bookings mix",0.8680089553271375,0.0
2024-10-31,CC-1000,Sales - SMB,SMB,85314.55,1.0,85314.55,"New Logo AE, SMB -- 100% to own segment; acquisition % = FY2025 SMB AE bookings mix",0.8680089553271375,74053.79341970485
2024-10-31,CC-1010,Sales - Mid-Market,Enterprise,131869.13,0.0,0.0,"New Logo AE, Mid-Market -- 100% to own segment; acquisition % = FY2025 Mid-Market AE bookings mix",0.4147782801896837,0.0
2024-10-31,CC-1010,Sales - Mid-Market,Mid-Market,131869.13,1.0,131869.13,"New Logo AE, Mid-Market -- 100% to own segment; acquisition % = FY2025 Mid-Market AE bookings mix",0.4147782801896837,54696.450951509825
2024-10-31,CC-1010,Sales - Mid-Market,SMB,131869.13,0.0,0.0,"New Logo AE, Mid-Market -- 100% to own segment; acquisition % = FY2025 Mid-Market AE bookings mix",0.4147782801896837,0.0
2024-10-31,CC-1020,Sales - Enterprise,Enterprise,84277.08,1.0,84277.08,"New Logo AE, Enterprise -- 100% to own segment; acquisition % = FY2025 Enterprise AE bookings mix",0.5737636670113491,48355.126465808826
2024-10-31,CC-1020,Sales - Enterprise,Mid-Market,84277.08,0.0,0.0,"New Logo AE, Enterprise -- 100% to own segment; acquisition % = FY2025 Enterprise AE bookings mix",0.5737636670113491,0.0
2024-10-31,CC-1020,Sales - Enterprise,SMB,84277.08,0.0,0.0,"New Logo AE, Enterprise -- 100% to own segment; acquisition % = FY2025 Enterprise AE bookings mix",0.5737636670113491,0.0
2024-10-31,CC-1030,Sales Development,Enterprise,85453.48,0.25,21363.37,SDR -- 100% acquisition (PHASE1_SPEC 8.5); split across segments by FY2025 active AE headcount,1.0,21363.37
2024-10-31,CC-1030,Sales Development,Mid-Market,85453.48,0.4375,37385.8975,SDR -- 100% acquisition (PHASE1_SPEC 8.5); split across segments by FY2025 active AE headcount,1.0,37385.8975
2024-10-31,CC-1030,Sales Development,SMB,85453.48,0.3125,26704.212499999998,SDR -- 100% acquisition (PHASE1_SPEC 8.5); split across segments by FY2025 active AE headcount,1.0,26704.212499999998
2024-10-31,CC-1040,Sales Operations,Enterprise,49195.99,0.25,12298.9975,Sales Ops / Solutions Engineering / Leadership -- split across segments by FY2025 active AE headcount; acquisition % = blended FY2025 AE bookings mix,0.5408151920295111,6651.484694732977
2024-10-31,CC-1040,Sales Operations,Mid-Market,49195.99,0.4375,21523.245625,Sales Ops / Solutions Engineering / Leadership -- split across segments by FY2025 active AE headcount; acquisition % = blended FY2025 AE bookings mix,0.5408151920295111,11640.09821578271
2024-10-31,CC-1040,Sales Operations,SMB,49195.99,0.3125,15373.746874999999,Sales Ops / Solutions Engineering / Leadership -- split across segments by FY2025 active AE headcount; acquisition % = blended FY2025 AE bookings mix,0.5408151920295111,8314.355868416222
2024-10-31,CC-1050,Solutions Engineering,Enterprise,48406.29,0.25,12101.5725,Sales Ops / Solutions Engineering / Leadership -- split across segments by FY2025 active AE headcount; acquisition % = blended FY2025 AE bookings mix,0.5408151920295111,6544.714255446551
2024-10-31,CC-1050,Solutions Engineering,Mid-Market,48406.29,0.4375,21177.751875,Sales Ops / Solutions Engineering / Leadership -- split across segments by FY2025 active AE headcount; acquisition % = blended FY2025 AE bookings mix,0.5408151920295111,11453.249947031465
2024-10-31,CC-1050,Solutions Engineering,SMB,48406.29,0.3125,15126.965625,Sales Ops / Solutions Engineering / Leadership -- split across segments by FY2025 active AE headcount; acquisition % = blended FY2025 AE bookings mix,0.5408151920295111,8180.892819308189
2024-10-31,CC-1060,Sales Leadership,Enterprise,21649.91,0.25,5412.4775,Sales Ops / Solutions Engineering / Leadership -- split across segments by FY2025 active AE headcount; acquisition % = blended FY2025 AE bookings mix,0.5408151920295111,2927.1500585179083
2024-10-31,CC-1060,Sales Leadership,Mid-Market,21649.91,0.4375,9471.835625,Sales Ops / Solutions Engineering / Leadership -- split across segments by FY2025 active AE headcount; acquisition % = blended FY2025 AE bookings mix,0.5408151920295111,5122.512602406339
2024-10-31,CC-1060,Sales Leadership,SMB,21649.91,0.3125,6765.596875,Sales Ops / Solutions Engineering / Leadership -- split across segments by FY2025 active AE headcount; acquisition % = blended FY2025 AE bookings mix,0.5408151920295111,3658.9375731473856
2024-10-31,CC-1100,Demand Generation,Enterprise,352730.22,0.25,88182.555,Demand generation -- 100% acquisition (PHASE1_SPEC 8.5); split across segments by FY2025 active AE headcount,1.0,88182.555
2024-10-31,CC-1100,Demand Generation,Mid-Market,352730.22,0.4375,154319.47125,Demand generation -- 100% acquisition (PHASE1_SPEC 8.5); split across segments by FY2025 active AE headcount,1.0,154319.47125
2024-10-31,CC-1100,Demand Generation,SMB,352730.22,0.3125,110228.19374999999,Demand generation -- 100% acquisition (PHASE1_SPEC 8.5); split across segments by FY2025 active AE headcount,1.0,110228.19374999999
2024-10-31,CC-1110,Product Marketing,Enterprise,175756.43,0.25,43939.1075,Product Marketing (brand / content) -- 0% acquisition (PHASE1_SPEC 8.5),0.0,0.0
2024-10-31,CC-1110,Product Marketing,Mid-Market,175756.43,0.4375,76893.438125,Product Marketing (brand / content) -- 0% acquisition (PHASE1_SPEC 8.5),0.0,0.0
2024-10-31,CC-1110,Product Marketing,SMB,175756.43,0.3125,54923.884374999994,Product Marketing (brand / content) -- 0% acquisition (PHASE1_SPEC 8.5),0.0,0.0
2024-10-31,CC-1200,Customer Success,Enterprise,96742.99,0.25,24185.7475,Customer Success -- 0% acquisition (PHASE1_SPEC 8.5),0.0,0.0
2024-10-31,CC-1200,Customer Success,Mid-Market,96742.99,0.4375,42325.058125,Customer Success -- 0% acquisition (PHASE1_SPEC 8.5),0.0,0.0
2024-10-31,CC-1200,Customer Success,SMB,96742.99,0.3125,30232.184375,Customer Success -- 0% acquisition (PHASE1_SPEC 8.5),0.0,0.0
2024-11-30,CC-1000,Sales - SMB,Enterprise,87851.92,0.0,0.0,"New Logo AE, SMB -- 100% to own segment; acquisition % = FY2025 SMB AE bookings mix",0.8680089553271375,0.0
2024-11-30,CC-1000,Sales - SMB,Mid-Market,87851.92,0.0,0.0,"New Logo AE, SMB -- 100% to own segment; acquisition % = FY2025 SMB AE bookings mix",0.8680089553271375,0.0
2024-11-30,CC-1000,Sales - SMB,SMB,87851.92,1.0,87851.92,"New Logo AE, SMB -- 100% to own segment; acquisition % = FY2025 SMB AE bookings mix",0.8680089553271375,76256.25330268325
2024-11-30,CC-1010,Sales - Mid-Market,Enterprise,137145.44,0.0,0.0,"New Logo AE, Mid-Market -- 100% to own segment; acquisition % = FY2025 Mid-Market AE bookings mix",0.4147782801896837,0.0
2024-11-30,CC-1010,Sales - Mid-Market,Mid-Market,137145.44,1.0,137145.44,"New Logo AE, Mid-Market -- 100% to own segment; acquisition % = FY2025 Mid-Market AE bookings mix",0.4147782801896837,56884.949739057454
2024-11-30,CC-1010,Sales - Mid-Market,SMB,137145.44,0.0,0.0,"New Logo AE, Mid-Market -- 100% to own segment; acquisition % = FY2025 Mid-Market AE bookings mix",0.4147782801896837,0.0
2024-11-30,CC-1020,Sales - Enterprise,Enterprise,88700.14,1.0,88700.14,"New Logo AE, Enterprise -- 100% to own segment; acquisition % = FY2025 Enterprise AE bookings mix",0.5737636670113491,50892.91759082004
2024-11-30,CC-1020,Sales - Enterprise,Mid-Market,88700.14,0.0,0.0,"New Logo AE, Enterprise -- 100% to own segment; acquisition % = FY2025 Enterprise AE bookings mix",0.5737636670113491,0.0
2024-11-30,CC-1020,Sales - Enterprise,SMB,88700.14,0.0,0.0,"New Logo AE, Enterprise -- 100% to own segment; acquisition % = FY2025 Enterprise AE bookings mix",0.5737636670113491,0.0
2024-11-30,CC-1030,Sales Development,Enterprise,85310.22,0.25,21327.555,SDR -- 100% acquisition (PHASE1_SPEC 8.5); split across segments by FY2025 active AE headcount,1.0,21327.555
2024-11-30,CC-1030,Sales Development,Mid-Market,85310.22,0.4375,37323.22125,SDR -- 100% acquisition (PHASE1_SPEC 8.5); split across segments by FY2025 active AE headcount,1.0,37323.22125
2024-11-30,CC-1030,Sales Development,SMB,85310.22,0.3125,26659.44375,SDR -- 100% acquisition (PHASE1_SPEC 8.5); split across segments by FY2025 active AE headcount,1.0,26659.44375
2024-11-30,CC-1040,Sales Operations,Enterprise,49291.86,0.25,12322.965,Sales Ops / Solutions Engineering / Leadership -- split across segments by FY2025 active AE headcount; acquisition % = blended FY2025 AE bookings mix,0.5408151920295111,6664.446682847944
2024-11-30,CC-1040,Sales Operations,Mid-Market,49291.86,0.4375,21565.18875,Sales Ops / Solutions Engineering / Leadership -- split across segments by FY2025 active AE headcount; acquisition % = blended FY2025 AE bookings mix,0.5408151920295111,11662.781694983903
2024-11-30,CC-1040,Sales Operations,SMB,49291.86,0.3125,15403.70625,Sales Ops / Solutions Engineering / Leadership -- split across segments by FY2025 active AE headcount; acquisition % = blended FY2025 AE bookings mix,0.5408151920295111,8330.55835355993
2024-11-30,CC-1050,Solutions Engineering,Enterprise,48297.33,0.25,12074.3325,Sales Ops / Solutions Engineering / Leadership -- split across segments by FY2025 active AE headcount; acquisition % = blended FY2025 AE bookings mix,0.5408151920295111,6529.982449615667
2024-11-30,CC-1050,Solutions Engineering,Mid-Market,48297.33,0.4375,21130.081875,Sales Ops / Solutions Engineering / Leadership -- split across segments by FY2025 active AE headcount; acquisition % = blended FY2025 AE bookings mix,0.5408151920295111,11427.469286827418
2024-11-30,CC-1050,Solutions Engineering,SMB,48297.33,0.3125,15092.915625000001,Sales Ops / Solutions Engineering / Leadership -- split across segments by FY2025 active AE headcount; acquisition % = blended FY2025 AE bookings mix,0.5408151920295111,8162.478062019584
2024-11-30,CC-1060,Sales Leadership,Enterprise,21624.22,0.25,5406.055,Sales Ops / Solutions Engineering / Leadership -- split across segments by FY2025 active AE headcount; acquisition % = blended FY2025 AE bookings mix,0.5408151920295111,2923.6766729470987
2024-11-30,CC-1060,Sales Leadership,Mid-Market,21624.22,0.4375,9460.59625,Sales Ops / Solutions Engineering / Leadership -- split across segments by FY2025 active AE headcount; acquisition % = blended FY2025 AE bookings mix,0.5408151920295111,5116.434177657423
2024-11-30,CC-1060,Sales Leadership,SMB,21624.22,0.3125,6757.56875,Sales Ops / Solutions Engineering / Leadership -- split across segments by FY2025 active AE headcount; acquisition % = blended FY2025 AE bookings mix,0.5408151920295111,3654.5958411838737
2024-11-30,CC-1100,Demand Generation,Enterprise,327877.75,0.25,81969.4375,Demand generation -- 100% acquisition (PHASE1_SPEC 8.5); split across segments by FY2025 active AE headcount,1.0,81969.4375
2024-11-30,CC-1100,Demand Generation,Mid-Market,327877.75,0.4375,143446.515625,Demand generation -- 100% acquisition (PHASE1_SPEC 8.5); split across segments by FY2025 active AE headcount,1.0,143446.515625
2024-11-30,CC-1100,Demand Generation,SMB,327877.75,0.3125,102461.796875,Demand generation -- 100% acquisition (PHASE1_SPEC 8.5); split across segments by FY2025 active AE headcount,1.0,102461.796875
2024-11-30,CC-1110,Product Marketing,Enterprise,177366.51,0.25,44341.6275,Product Marketing (brand / content) -- 0% acquisition (PHASE1_SPEC 8.5),0.0,0.0
2024-11-30,CC-1110,Product Marketing,Mid-Market,177366.51,0.4375,77597.848125,Product Marketing (brand / content) -- 0% acquisition (PHASE1_SPEC 8.5),0.0,0.0
2024-11-30,CC-1110,Product Marketing,SMB,177366.51,0.3125,55427.034375,Product Marketing (brand / content) -- 0% acquisition (PHASE1_SPEC 8.5),0.0,0.0
2024-11-30,CC-1200,Customer Success,Enterprise,91673.13,0.25,22918.2825,Customer Success -- 0% acquisition (PHASE1_SPEC 8.5),0.0,0.0
2024-11-30,CC-1200,Customer Success,Mid-Market,91673.13,0.4375,40106.994375,Customer Success -- 0% acquisition (PHASE1_SPEC 8.5),0.0,0.0
2024-11-30,CC-1200,Customer Success,SMB,91673.13,0.3125,28647.853125,Customer Success -- 0% acquisition (PHASE1_SPEC 8.5),0.0,0.0
2024-12-31,CC-1000,Sales - SMB,Enterprise,95155.30,0.0,0.0,"New Logo AE, SMB -- 100% to own segment; acquisition % = FY2025 SMB AE bookings mix",0.8680089553271375,0.0
2024-12-31,CC-1000,Sales - SMB,Mid-Market,95155.30,0.0,0.0,"New Logo AE, SMB -- 100% to own segment; acquisition % = FY2025 SMB AE bookings mix",0.8680089553271375,0.0
2024-12-31,CC-1000,Sales - SMB,SMB,95155.30,1.0,95155.3,"New Logo AE, SMB -- 100% to own segment; acquisition % = FY2025 SMB AE bookings mix",0.8680089553271375,82595.65254684037
2024-12-31,CC-1010,Sales - Mid-Market,Enterprise,149865.48,0.0,0.0,"New Logo AE, Mid-Market -- 100% to own segment; acquisition % = FY2025 Mid-Market AE bookings mix",0.4147782801896837,0.0
2024-12-31,CC-1010,Sales - Mid-Market,Mid-Market,149865.48,1.0,149865.48,"New Logo AE, Mid-Market -- 100% to own segment; acquisition % = FY2025 Mid-Market AE bookings mix",0.4147782801896837,62160.94605420144
2024-12-31,CC-1010,Sales - Mid-Market,SMB,149865.48,0.0,0.0,"New Logo AE, Mid-Market -- 100% to own segment; acquisition % = FY2025 Mid-Market AE bookings mix",0.4147782801896837,0.0
2024-12-31,CC-1020,Sales - Enterprise,Enterprise,98288.08,1.0,98288.08,"New Logo AE, Enterprise -- 100% to own segment; acquisition % = FY2025 Enterprise AE bookings mix",0.5737636670113491,56394.12920430484
2024-12-31,CC-1020,Sales - Enterprise,Mid-Market,98288.08,0.0,0.0,"New Logo AE, Enterprise -- 100% to own segment; acquisition % = FY2025 Enterprise AE bookings mix",0.5737636670113491,0.0
2024-12-31,CC-1020,Sales - Enterprise,SMB,98288.08,0.0,0.0,"New Logo AE, Enterprise -- 100% to own segment; acquisition % = FY2025 Enterprise AE bookings mix",0.5737636670113491,0.0
2024-12-31,CC-1030,Sales Development,Enterprise,86827.17,0.25,21706.7925,SDR -- 100% acquisition (PHASE1_SPEC 8.5); split across segments by FY2025 active AE headcount,1.0,21706.7925
2024-12-31,CC-1030,Sales Development,Mid-Market,86827.17,0.4375,37986.886875,SDR -- 100% acquisition (PHASE1_SPEC 8.5); split across segments by FY2025 active AE headcount,1.0,37986.886875
2024-12-31,CC-1030,Sales Development,SMB,86827.17,0.3125,27133.490625,SDR -- 100% acquisition (PHASE1_SPEC 8.5); split across segments by FY2025 active AE headcount,1.0,27133.490625
2024-12-31,CC-1040,Sales Operations,Enterprise,50114.10,0.25,12528.525,Sales Ops / Solutions Engineering / Leadership -- split across segments by FY2025 active AE headcount; acquisition % = blended FY2025 AE bookings mix,0.5408151920295111,6775.61665372153
2024-12-31,CC-1040,Sales Operations,Mid-Market,50114.10,0.4375,21924.91875,Sales Ops / Solutions Engineering / Leadership -- split across segments by FY2025 active AE headcount; acquisition % = blended FY2025 AE bookings mix,0.5408151920295111,11857.32914401268
2024-12-31,CC-1040,Sales Operations,SMB,50114.10,0.3125,15660.65625,Sales Ops / Solutions Engineering / Leadership -- split across segments by FY2025 active AE headcount; acquisition % = blended FY2025 AE bookings mix,0.5408151920295111,8469.520817151913
2024-12-31,CC-1050,Solutions Engineering,Enterprise,48760.90,0.25,12190.225,Sales Ops / Solutions Engineering / Leadership -- split across segments by FY2025 active AE headcount; acquisition % = blended FY2025 AE bookings mix,0.5408151920295111,6592.658874257947
2024-12-31,CC-1050,Solutions Engineering,Mid-Market,48760.90,0.4375,21332.89375,Sales Ops / Solutions Engineering / Leadership -- split across segments by FY2025 active AE headcount; acquisition % = blended FY2025 AE bookings mix,0.5408151920295111,11537.153029951407
2024-12-31,CC-1050,Solutions Engineering,SMB,48760.90,0.3125,15237.78125,Sales Ops / Solutions Engineering / Leadership -- split across segments by FY2025 active AE headcount; acquisition % = blended FY2025 AE bookings mix,0.5408151920295111,8240.823592822433
2024-12-31,CC-1060,Sales Leadership,Enterprise,21915.79,0.25,5478.9475,Sales Ops / Solutions Engineering / Leadership -- split across segments by FY2025 active AE headcount; acquisition % = blended FY2025 AE bookings mix,0.5408151920295111,2963.09804433211
2024-12-31,CC-1060,Sales Leadership,Mid-Market,21915.79,0.4375,9588.158125,Sales Ops / Solutions Engineering / Leadership -- split across segments by FY2025 active AE headcount; acquisition % = blended FY2025 AE bookings mix,0.5408151920295111,5185.421577581193
2024-12-31,CC-1060,Sales Leadership,SMB,21915.79,0.3125,6848.684375000001,Sales Ops / Solutions Engineering / Leadership -- split across segments by FY2025 active AE headcount; acquisition % = blended FY2025 AE bookings mix,0.5408151920295111,3703.872555415138
2024-12-31,CC-1100,Demand Generation,Enterprise,325763.01,0.25,81440.7525,Demand generation -- 100% acquisition (PHASE1_SPEC 8.5); split across segments by FY2025 active AE headcount,1.0,81440.7525
2024-12-31,CC-1100,Demand Generation,Mid-Market,325763.01,0.4375,142521.31687500002,Demand generation -- 100% acquisition (PHASE1_SPEC 8.5); split across segments by FY2025 active AE headcount,1.0,142521.31687500002
2024-12-31,CC-1100,Demand Generation,SMB,325763.01,0.3125,101800.940625,Demand generation -- 100% acquisition (PHASE1_SPEC 8.5); split across segments by FY2025 active AE headcount,1.0,101800.940625
2024-12-31,CC-1110,Product Marketing,Enterprise,160225.10,0.25,40056.275,Product Marketing (brand / content) -- 0% acquisition (PHASE1_SPEC 8.5),0.0,0.0
2024-12-31,CC-1110,Product Marketing,Mid-Market,160225.10,0.4375,70098.48125,Product Marketing (brand / content) -- 0% acquisition (PHASE1_SPEC 8.5),0.0,0.0
2024-12-31,CC-1110,Product Marketing,SMB,160225.10,0.3125,50070.34375,Product Marketing (brand / content) -- 0% acquisition (PHASE1_SPEC 8.5),0.0,0.0
2024-12-31,CC-1200,Customer Success,Enterprise,91897.54,0.25,22974.385,Customer Success -- 0% acquisition (PHASE1_SPEC 8.5),0.0,0.0
2024-12-31,CC-1200,Customer Success,Mid-Market,91897.54,0.4375,40205.173749999994,Customer Success -- 0% acquisition (PHASE1_SPEC 8.5),0.0,0.0
2024-12-31,CC-1200,Customer Success,SMB,91897.54,0.3125,28717.981249999997,Customer Success -- 0% acquisition (PHASE1_SPEC 8.5),0.0,0.0
2025-01-31,CC-1000,Sales - SMB,Enterprise,90152.74,0.0,0.0,"New Logo AE, SMB -- 100% to own segment; acquisition % = FY2025 SMB AE bookings mix",0.8680089553271375,0.0
2025-01-31,CC-1000,Sales - SMB,Mid-Market,90152.74,0.0,0.0,"New Logo AE, SMB -- 100% to own segment; acquisition % = FY2025 SMB AE bookings mix",0.8680089553271375,0.0
2025-01-31,CC-1000,Sales - SMB,SMB,90152.74,1.0,90152.74,"New Logo AE, SMB -- 100% to own segment; acquisition % = FY2025 SMB AE bookings mix",0.8680089553271375,78253.38566727904
2025-01-31,CC-1010,Sales - Mid-Market,Enterprise,141487.09,0.0,0.0,"New Logo AE, Mid-Market -- 100% to own segment; acquisition % = FY2025 Mid-Market AE bookings mix",0.4147782801896837,0.0
2025-01-31,CC-1010,Sales - Mid-Market,Mid-Market,141487.09,1.0,141487.09,"New Logo AE, Mid-Market -- 100% to own segment; acquisition % = FY2025 Mid-Market AE bookings mix",0.4147782801896837,58685.771859242996
2025-01-31,CC-1010,Sales - Mid-Market,SMB,141487.09,0.0,0.0,"New Logo AE, Mid-Market -- 100% to own segment; acquisition % = FY2025 Mid-Market AE bookings mix",0.4147782801896837,0.0
2025-01-31,CC-1020,Sales - Enterprise,Enterprise,92715.49,1.0,92715.49,"New Logo AE, Enterprise -- 100% to own segment; acquisition % = FY2025 Enterprise AE bookings mix",0.5737636670113491,53196.77953115407
2025-01-31,CC-1020,Sales - Enterprise,Mid-Market,92715.49,0.0,0.0,"New Logo AE, Enterprise -- 100% to own segment; acquisition % = FY2025 Enterprise AE bookings mix",0.5737636670113491,0.0
2025-01-31,CC-1020,Sales - Enterprise,SMB,92715.49,0.0,0.0,"New Logo AE, Enterprise -- 100% to own segment; acquisition % = FY2025 Enterprise AE bookings mix",0.5737636670113491,0.0
2025-01-31,CC-1030,Sales Development,Enterprise,85064.30,0.25,21266.075,SDR -- 100% acquisition (PHASE1_SPEC 8.5); split across segments by FY2025 active AE headcount,1.0,21266.075
2025-01-31,CC-1030,Sales Development,Mid-Market,85064.30,0.4375,37215.63125,SDR -- 100% acquisition (PHASE1_SPEC 8.5); split across segments by FY2025 active AE headcount,1.0,37215.63125
2025-01-31,CC-1030,Sales Development,SMB,85064.30,0.3125,26582.59375,SDR -- 100% acquisition (PHASE1_SPEC 8.5); split across segments by FY2025 active AE headcount,1.0,26582.59375
2025-01-31,CC-1040,Sales Operations,Enterprise,49405.60,0.25,12351.4,Sales Ops / Solutions Engineering / Leadership -- split across segments by FY2025 active AE headcount; acquisition % = blended FY2025 AE bookings mix,0.5408151920295111,6679.824762833304
2025-01-31,CC-1040,Sales Operations,Mid-Market,49405.60,0.4375,21614.95,Sales Ops / Solutions Engineering / Leadership -- split across segments by FY2025 active AE headcount; acquisition % = blended FY2025 AE bookings mix,0.5408151920295111,11689.693334958281
2025-01-31,CC-1040,Sales Operations,SMB,49405.60,0.3125,15439.25,Sales Ops / Solutions Engineering / Leadership -- split across segments by FY2025 active AE headcount; acquisition % = blended FY2025 AE bookings mix,0.5408151920295111,8349.780953541629
2025-01-31,CC-1050,Solutions Engineering,Enterprise,48446.74,0.25,12111.685,Sales Ops / Solutions Engineering / Leadership -- split across segments by FY2025 active AE headcount; acquisition % = blended FY2025 AE bookings mix,0.5408151920295111,6550.183249075949
2025-01-31,CC-1050,Solutions Engineering,Mid-Market,48446.74,0.4375,21195.44875,Sales Ops / Solutions Engineering / Leadership -- split across segments by FY2025 active AE headcount; acquisition % = blended FY2025 AE bookings mix,0.5408151920295111,11462.82068588291
2025-01-31,CC-1050,Solutions Engineering,SMB,48446.74,0.3125,15139.606249999999,Sales Ops / Solutions Engineering / Leadership -- split across segments by FY2025 active AE headcount; acquisition % = blended FY2025 AE bookings mix,0.5408151920295111,8187.729061344936
2025-01-31,CC-1060,Sales Leadership,Enterprise,21486.79,0.25,5371.6975,Sales Ops / Solutions Engineering / Leadership -- split across segments by FY2025 active AE headcount; acquisition % = blended FY2025 AE bookings mix,0.5408151920295111,2905.095614986945
2025-01-31,CC-1060,Sales Leadership,Mid-Market,21486.79,0.4375,9400.470625,Sales Ops / Solutions Engineering / Leadership -- split across segments by FY2025 active AE headcount; acquisition % = blended FY2025 AE bookings mix,0.5408151920295111,5083.917326227153
2025-01-31,CC-1060,Sales Leadership,SMB,21486.79,0.3125,6714.621875000001,Sales Ops / Solutions Engineering / Leadership -- split across segments by FY2025 active AE headcount; acquisition % = blended FY2025 AE bookings mix,0.5408151920295111,3631.369518733681
2025-01-31,CC-1100,Demand Generation,Enterprise,312457.92,0.25,78114.48,Demand generation -- 100% acquisition (PHASE1_SPEC 8.5); split across segments by FY2025 active AE headcount,1.0,78114.48
2025-01-31,CC-1100,Demand Generation,Mid-Market,312457.92,0.4375,136700.34,Demand generation -- 100% acquisition (PHASE1_SPEC 8.5); split across segments by FY2025 active AE headcount,1.0,136700.34
2025-01-31,CC-1100,Demand Generation,SMB,312457.92,0.3125,97643.09999999999,Demand generation -- 100% acquisition (PHASE1_SPEC 8.5); split across segments by FY2025 active AE headcount,1.0,97643.09999999999
2025-01-31,CC-1110,Product Marketing,Enterprise,163487.28,0.25,40871.82,Product Marketing (brand / content) -- 0% acquisition (PHASE1_SPEC 8.5),0.0,0.0
2025-01-31,CC-1110,Product Marketing,Mid-Market,163487.28,0.4375,71525.685,Product Marketing (brand / content) -- 0% acquisition (PHASE1_SPEC 8.5),0.0,0.0
2025-01-31,CC-1110,Product Marketing,SMB,163487.28,0.3125,51089.775,Product Marketing (brand / content) -- 0% acquisition (PHASE1_SPEC 8.5),0.0,0.0
2025-01-31,CC-1200,Customer Success,Enterprise,91776.70,0.25,22944.175,Customer Success -- 0% acquisition (PHASE1_SPEC 8.5),0.0,0.0
2025-01-31,CC-1200,Customer Success,Mid-Market,91776.70,0.4375,40152.30625,Customer Success -- 0% acquisition (PHASE1_SPEC 8.5),0.0,0.0
2025-01-31,CC-1200,Customer Success,SMB,91776.70,0.3125,28680.21875,Customer Success -- 0% acquisition (PHASE1_SPEC 8.5),0.0,0.0
2025-02-28,CC-1000,Sales - SMB,Enterprise,87829.21,0.0,0.0,"New Logo AE, SMB -- 100% to own segment; acquisition % = FY2025 SMB AE bookings mix",0.8680089553271375,0.0
2025-02-28,CC-1000,Sales - SMB,Mid-Market,87829.21,0.0,0.0,"New Logo AE, SMB -- 100% to own segment; acquisition % = FY2025 SMB AE bookings mix",0.8680089553271375,0.0
2025-02-28,CC-1000,Sales - SMB,SMB,87829.21,1.0,87829.21,"New Logo AE, SMB -- 100% to own segment; acquisition % = FY2025 SMB AE bookings mix",0.8680089553271375,76236.54081930779
2025-02-28,CC-1010,Sales - Mid-Market,Enterprise,161189.40,0.0,0.0,"New Logo AE, Mid-Market -- 100% to own segment; acquisition % = FY2025 Mid-Market AE bookings mix",0.4147782801896837,0.0
2025-02-28,CC-1010,Sales - Mid-Market,Mid-Market,161189.40,1.0,161189.4,"New Logo AE, Mid-Market -- 100% to own segment; acquisition % = FY2025 Mid-Market AE bookings mix",0.4147782801896837,66857.862116807
2025-02-28,CC-1010,Sales - Mid-Market,SMB,161189.40,0.0,0.0,"New Logo AE, Mid-Market -- 100% to own segment; acquisition % = FY2025 Mid-Market AE bookings mix",0.4147782801896837,0.0
2025-02-28,CC-1020,Sales - Enterprise,Enterprise,88890.49,1.0,88890.49,"New Logo AE, Enterprise -- 100% to own segment; acquisition % = FY2025 Enterprise AE bookings mix",0.5737636670113491,51002.133504835656
2025-02-28,CC-1020,Sales - Enterprise,Mid-Market,88890.49,0.0,0.0,"New Logo AE, Enterprise -- 100% to own segment; acquisition % = FY2025 Enterprise AE bookings mix",0.5737636670113491,0.0
2025-02-28,CC-1020,Sales - Enterprise,SMB,88890.49,0.0,0.0,"New Logo AE, Enterprise -- 100% to own segment; acquisition % = FY2025 Enterprise AE bookings mix",0.5737636670113491,0.0
2025-02-28,CC-1030,Sales Development,Enterprise,85356.86,0.25,21339.215,SDR -- 100% acquisition (PHASE1_SPEC 8.5); split across segments by FY2025 active AE headcount,1.0,21339.215
2025-02-28,CC-1030,Sales Development,Mid-Market,85356.86,0.4375,37343.62625,SDR -- 100% acquisition (PHASE1_SPEC 8.5); split across segments by FY2025 active AE headcount,1.0,37343.62625
2025-02-28,CC-1030,Sales Development,SMB,85356.86,0.3125,26674.01875,SDR -- 100% acquisition (PHASE1_SPEC 8.5); split across segments by FY2025 active AE headcount,1.0,26674.01875
2025-02-28,CC-1040,Sales Operations,Enterprise,63124.30,0.25,15781.075,Sales Ops / Solutions Engineering / Leadership -- split across segments by FY2025 active AE headcount; acquisition % = blended FY2025 AE bookings mix,0.5408151920295111,8534.645106557118
2025-02-28,CC-1040,Sales Operations,Mid-Market,63124.30,0.4375,27616.881250000002,Sales Ops / Solutions Engineering / Leadership -- split across segments by FY2025 active AE headcount; acquisition % = blended FY2025 AE bookings mix,0.5408151920295111,14935.628936474955
2025-02-28,CC-1040,Sales Operations,SMB,63124.30,0.3125,19726.34375,Sales Ops / Solutions Engineering / Leadership -- split across segments by FY2025 active AE headcount; acquisition % = blended FY2025 AE bookings mix,0.5408151920295111,10668.306383196397
2025-02-28,CC-1050,Solutions Engineering,Enterprise,48264.03,0.25,12066.0075,Sales Ops / Solutions Engineering / Leadership -- split across segments by FY2025 active AE headcount; acquisition % = blended FY2025 AE bookings mix,0.5408151920295111,6525.480163142021
2025-02-28,CC-1050,Solutions Engineering,Mid-Market,48264.03,0.4375,21115.513124999998,Sales Ops / Solutions Engineering / Leadership -- split across segments by FY2025 active AE headcount; acquisition % = blended FY2025 AE bookings mix,0.5408151920295111,11419.590285498536
2025-02-28,CC-1050,Solutions Engineering,SMB,48264.03,0.3125,15082.509375,Sales Ops / Solutions Engineering / Leadership -- split across segments by FY2025 active AE headcount; acquisition % = blended FY2025 AE bookings mix,0.5408151920295111,8156.850203927526
2025-02-28,CC-1060,Sales Leadership,Enterprise,21707.59,0.25,5426.8975,Sales Ops / Solutions Engineering / Leadership -- split across segments by FY2025 active AE headcount; acquisition % = blended FY2025 AE bookings mix,0.5408151920295111,2934.948613586974
2025-02-28,CC-1060,Sales Leadership,Mid-Market,21707.59,0.4375,9497.070625,Sales Ops / Solutions Engineering / Leadership -- split across segments by FY2025 active AE headcount; acquisition % = blended FY2025 AE bookings mix,0.5408151920295111,5136.160073777204
2025-02-28,CC-1060,Sales Leadership,SMB,21707.59,0.3125,6783.621875,Sales Ops / Solutions Engineering / Leadership -- split across segments by FY2025 active AE headcount; acquisition % = blended FY2025 AE bookings mix,0.5408151920295111,3668.6857669837173
2025-02-28,CC-1100,Demand Generation,Enterprise,328742.11,0.25,82185.5275,Demand generation -- 100% acquisition (PHASE1_SPEC 8.5); split across segments by FY2025 active AE headcount,1.0,82185.5275
2025-02-28,CC-1100,Demand Generation,Mid-Market,328742.11,0.4375,143824.673125,Demand generation -- 100% acquisition (PHASE1_SPEC 8.5); split across segments by FY2025 active AE headcount,1.0,143824.673125
2025-02-28,CC-1100,Demand Generation,SMB,328742.11,0.3125,102731.90937499999,Demand generation -- 100% acquisition (PHASE1_SPEC 8.5); split across segments by FY2025 active AE headcount,1.0,102731.90937499999
2025-02-28,CC-1110,Product Marketing,Enterprise,157906.43,0.25,39476.6075,Product Marketing (brand / content) -- 0% acquisition (PHASE1_SPEC 8.5),0.0,0.0
2025-02-28,CC-1110,Product Marketing,Mid-Market,157906.43,0.4375,69084.063125,Product Marketing (brand / content) -- 0% acquisition (PHASE1_SPEC 8.5),0.0,0.0
2025-02-28,CC-1110,Product Marketing,SMB,157906.43,0.3125,49345.759374999994,Product Marketing (brand / content) -- 0% acquisition (PHASE1_SPEC 8.5),0.0,0.0
2025-02-28,CC-1200,Customer Success,Enterprise,91596.37,0.25,22899.0925,Customer Success -- 0% acquisition (PHASE1_SPEC 8.5),0.0,0.0
2025-02-28,CC-1200,Customer Success,Mid-Market,91596.37,0.4375,40073.411875,Customer Success -- 0% acquisition (PHASE1_SPEC 8.5),0.0,0.0
2025-02-28,CC-1200,Customer Success,SMB,91596.37,0.3125,28623.865625,Customer Success -- 0% acquisition (PHASE1_SPEC 8.5),0.0,0.0
2025-03-31,CC-1000,Sales - SMB,Enterprise,88321.10,0.0,0.0,"New Logo AE, SMB -- 100% to own segment; acquisition % = FY2025 SMB AE bookings mix",0.8680089553271375,0.0
2025-03-31,CC-1000,Sales - SMB,Mid-Market,88321.10,0.0,0.0,"New Logo AE, SMB -- 100% to own segment; acquisition % = FY2025 SMB AE bookings mix",0.8680089553271375,0.0
2025-03-31,CC-1000,Sales - SMB,SMB,88321.10,1.0,88321.1,"New Logo AE, SMB -- 100% to own segment; acquisition % = FY2025 SMB AE bookings mix",0.8680089553271375,76663.50574434365
2025-03-31,CC-1010,Sales - Mid-Market,Enterprise,139843.53,0.0,0.0,"New Logo AE, Mid-Market -- 100% to own segment; acquisition % = FY2025 Mid-Market AE bookings mix",0.4147782801896837,0.0
2025-03-31,CC-1010,Sales - Mid-Market,Mid-Market,139843.53,1.0,139843.53,"New Logo AE, Mid-Market -- 100% to own segment; acquisition % = FY2025 Mid-Market AE bookings mix",0.4147782801896837,58004.05886905444
2025-03-31,CC-1010,Sales - Mid-Market,SMB,139843.53,0.0,0.0,"New Logo AE, Mid-Market -- 100% to own segment; acquisition % = FY2025 Mid-Market AE bookings mix",0.4147782801896837,0.0
2025-03-31,CC-1020,Sales - Enterprise,Enterprise,89181.66,1.0,89181.66,"New Logo AE, Enterprise -- 100% to own segment; acquisition % = FY2025 Enterprise AE bookings mix",0.5737636670113491,51169.19627175935
2025-03-31,CC-1020,Sales - Enterprise,Mid-Market,89181.66,0.0,0.0,"New Logo AE, Enterprise -- 100% to own segment; acquisition % = FY2025 Enterprise AE bookings mix",0.5737636670113491,0.0
2025-03-31,CC-1020,Sales - Enterprise,SMB,89181.66,0.0,0.0,"New Logo AE, Enterprise -- 100% to own segment; acquisition % = FY2025 Enterprise AE bookings mix",0.5737636670113491,0.0
2025-03-31,CC-1030,Sales Development,Enterprise,68634.61,0.25,17158.6525,SDR -- 100% acquisition (PHASE1_SPEC 8.5); split across segments by FY2025 active AE headcount,1.0,17158.6525
2025-03-31,CC-1030,Sales Development,Mid-Market,68634.61,0.4375,30027.641875,SDR -- 100% acquisition (PHASE1_SPEC 8.5); split across segments by FY2025 active AE headcount,1.0,30027.641875
2025-03-31,CC-1030,Sales Development,SMB,68634.61,0.3125,21448.315625,SDR -- 100% acquisition (PHASE1_SPEC 8.5); split across segments by FY2025 active AE headcount,1.0,21448.315625
2025-03-31,CC-1040,Sales Operations,Enterprise,62853.68,0.25,15713.42,Sales Ops / Solutions Engineering / Leadership -- split across segments by FY2025 active AE headcount; acquisition % = blended FY2025 AE bookings mix,0.5408151920295111,8498.05625474036
2025-03-31,CC-1040,Sales Operations,Mid-Market,62853.68,0.4375,27498.485,Sales Ops / Solutions Engineering / Leadership -- split across segments by FY2025 active AE headcount; acquisition % = blended FY2025 AE bookings mix,0.5408151920295111,14871.598445795631
2025-03-31,CC-1040,Sales Operations,SMB,62853.68,0.3125,19641.775,Sales Ops / Solutions Engineering / Leadership -- split across segments by FY2025 active AE headcount; acquisition % = blended FY2025 AE bookings mix,0.5408151920295111,10622.57031842545
2025-03-31,CC-1050,Solutions Engineering,Enterprise,48131.88,0.25,12032.97,Sales Ops / Solutions Engineering / Leadership -- split across segments by FY2025 active AE headcount; acquisition % = blended FY2025 AE bookings mix,0.5408151920295111,6507.612981235346
2025-03-31,CC-1050,Solutions Engineering,Mid-Market,48131.88,0.4375,21057.6975,Sales Ops / Solutions Engineering / Leadership -- split across segments by FY2025 active AE headcount; acquisition % = blended FY2025 AE bookings mix,0.5408151920295111,11388.322717161855
2025-03-31,CC-1050,Solutions Engineering,SMB,48131.88,0.3125,15041.2125,Sales Ops / Solutions Engineering / Leadership -- split across segments by FY2025 active AE headcount; acquisition % = blended FY2025 AE bookings mix,0.5408151920295111,8134.516226544183
2025-03-31,CC-1060,Sales Leadership,Enterprise,21494.83,0.25,5373.7075,Sales Ops / Solutions Engineering / Leadership -- split across segments by FY2025 active AE headcount; acquisition % = blended FY2025 AE bookings mix,0.5408151920295111,2906.1826535229243
2025-03-31,CC-1060,Sales Leadership,Mid-Market,21494.83,0.4375,9403.988125,Sales Ops / Solutions Engineering / Leadership -- split across segments by FY2025 active AE headcount; acquisition % = blended FY2025 AE bookings mix,0.5408151920295111,5085.819643665117
2025-03-31,CC-1060,Sales Leadership,SMB,21494.83,0.3125,6717.134375000001,Sales Ops / Solutions Engineering / Leadership -- split across segments by FY2025 active AE headcount; acquisition % = blended FY2025 AE bookings mix,0.5408151920295111,3632.7283169036555
2025-03-31,CC-1100,Demand Generation,Enterprise,394361.59,0.25,98590.3975,Demand generation -- 100% acquisition (PHASE1_SPEC 8.5); split across segments by FY2025 active AE headcount,1.0,98590.3975
2025-03-31,CC-1100,Demand Generation,Mid-Market,394361.59,0.4375,172533.19562500002,Demand generation -- 100% acquisition (PHASE1_SPEC 8.5); split across segments by FY2025 active AE headcount,1.0,172533.19562500002
2025-03-31,CC-1100,Demand Generation,SMB,394361.59,0.3125,123237.99687500001,Demand generation -- 100% acquisition (PHASE1_SPEC 8.5); split across segments by FY2025 active AE headcount,1.0,123237.99687500001
2025-03-31,CC-1110,Product Marketing,Enterprise,165057.63,0.25,41264.4075,Product Marketing (brand / content) -- 0% acquisition (PHASE1_SPEC 8.5),0.0,0.0
2025-03-31,CC-1110,Product Marketing,Mid-Market,165057.63,0.4375,72212.71312500001,Product Marketing (brand / content) -- 0% acquisition (PHASE1_SPEC 8.5),0.0,0.0
2025-03-31,CC-1110,Product Marketing,SMB,165057.63,0.3125,51580.509375,Product Marketing (brand / content) -- 0% acquisition (PHASE1_SPEC 8.5),0.0,0.0
2025-03-31,CC-1200,Customer Success,Enterprise,101064.19,0.25,25266.0475,Customer Success -- 0% acquisition (PHASE1_SPEC 8.5),0.0,0.0
2025-03-31,CC-1200,Customer Success,Mid-Market,101064.19,0.4375,44215.583125000005,Customer Success -- 0% acquisition (PHASE1_SPEC 8.5),0.0,0.0
2025-03-31,CC-1200,Customer Success,SMB,101064.19,0.3125,31582.559375,Customer Success -- 0% acquisition (PHASE1_SPEC 8.5),0.0,0.0
2025-04-30,CC-1000,Sales - SMB,Enterprise,109786.18,0.0,0.0,"New Logo AE, SMB -- 100% to own segment; acquisition % = FY2025 SMB AE bookings mix",0.8680089553271375,0.0
2025-04-30,CC-1000,Sales - SMB,Mid-Market,109786.18,0.0,0.0,"New Logo AE, SMB -- 100% to own segment; acquisition % = FY2025 SMB AE bookings mix",0.8680089553271375,0.0
2025-04-30,CC-1000,Sales - SMB,SMB,109786.18,1.0,109786.18,"New Logo AE, SMB -- 100% to own segment; acquisition % = FY2025 SMB AE bookings mix",0.8680089553271375,95295.38741115708
2025-04-30,CC-1010,Sales - Mid-Market,Enterprise,151767.26,0.0,0.0,"New Logo AE, Mid-Market -- 100% to own segment; acquisition % = FY2025 Mid-Market AE bookings mix",0.4147782801896837,0.0
2025-04-30,CC-1010,Sales - Mid-Market,Mid-Market,151767.26,1.0,151767.26,"New Logo AE, Mid-Market -- 100% to own segment; acquisition % = FY2025 Mid-Market AE bookings mix",0.4147782801896837,62949.76309190058
2025-04-30,CC-1010,Sales - Mid-Market,SMB,151767.26,0.0,0.0,"New Logo AE, Mid-Market -- 100% to own segment; acquisition % = FY2025 Mid-Market AE bookings mix",0.4147782801896837,0.0
2025-04-30,CC-1020,Sales - Enterprise,Enterprise,100814.28,1.0,100814.28,"New Logo AE, Enterprise -- 100% to own segment; acquisition % = FY2025 Enterprise AE bookings mix",0.5737636670113491,57843.57097990891
2025-04-30,CC-1020,Sales - Enterprise,Mid-Market,100814.28,0.0,0.0,"New Logo AE, Enterprise -- 100% to own segment; acquisition % = FY2025 Enterprise AE bookings mix",0.5737636670113491,0.0
2025-04-30,CC-1020,Sales - Enterprise,SMB,100814.28,0.0,0.0,"New Logo AE, Enterprise -- 100% to own segment; acquisition % = FY2025 Enterprise AE bookings mix",0.5737636670113491,0.0
2025-04-30,CC-1030,Sales Development,Enterprise,68808.50,0.25,17202.125,SDR -- 100% acquisition (PHASE1_SPEC 8.5); split across segments by FY2025 active AE headcount,1.0,17202.125
2025-04-30,CC-1030,Sales Development,Mid-Market,68808.50,0.4375,30103.71875,SDR -- 100% acquisition (PHASE1_SPEC 8.5); split across segments by FY2025 active AE headcount,1.0,30103.71875
2025-04-30,CC-1030,Sales Development,SMB,68808.50,0.3125,21502.65625,SDR -- 100% acquisition (PHASE1_SPEC 8.5); split across segments by FY2025 active AE headcount,1.0,21502.65625
2025-04-30,CC-1040,Sales Operations,Enterprise,62966.70,0.25,15741.675,Sales Ops / Solutions Engineering / Leadership -- split across segments by FY2025 active AE headcount; acquisition % = blended FY2025 AE bookings mix,0.5408151920295111,8513.336987991153
2025-04-30,CC-1040,Sales Operations,Mid-Market,62966.70,0.4375,27547.931249999998,Sales Ops / Solutions Engineering / Leadership -- split across segments by FY2025 active AE headcount; acquisition % = blended FY2025 AE bookings mix,0.5408151920295111,14898.33972898452
2025-04-30,CC-1040,Sales Operations,SMB,62966.70,0.3125,19677.09375,Sales Ops / Solutions Engineering / Leadership -- split across segments by FY2025 active AE headcount; acquisition % = blended FY2025 AE bookings mix,0.5408151920295111,10641.671234988942
2025-04-30,CC-1050,Solutions Engineering,Enterprise,48027.75,0.25,12006.9375,Sales Ops / Solutions Engineering / Leadership -- split across segments by FY2025 active AE headcount; acquisition % = blended FY2025 AE bookings mix,0.5408151920295111,6493.534209748838
2025-04-30,CC-1050,Solutions Engineering,Mid-Market,48027.75,0.4375,21012.140625,Sales Ops / Solutions Engineering / Leadership -- split across segments by FY2025 active AE headcount; acquisition % = blended FY2025 AE bookings mix,0.5408151920295111,11363.684867060467
2025-04-30,CC-1050,Solutions Engineering,SMB,48027.75,0.3125,15008.671875,Sales Ops / Solutions Engineering / Leadership -- split across segments by FY2025 active AE headcount; acquisition % = blended FY2025 AE bookings mix,0.5408151920295111,8116.917762186048
2025-04-30,CC-1060,Sales Leadership,Enterprise,21575.75,0.25,5393.9375,Sales Ops / Solutions Engineering / Leadership -- split across segments by FY2025 active AE headcount; acquisition % = blended FY2025 AE bookings mix,0.5408151920295111,2917.1233448576813
2025-04-30,CC-1060,Sales Leadership,Mid-Market,21575.75,0.4375,9439.390625,Sales Ops / Solutions Engineering / Leadership -- split across segments by FY2025 active AE headcount; acquisition % = blended FY2025 AE bookings mix,0.5408151920295111,5104.965853500942
2025-04-30,CC-1060,Sales Leadership,SMB,21575.75,0.3125,6742.421875,Sales Ops / Solutions Engineering / Leadership -- split across segments by FY2025 active AE headcount; acquisition % = blended FY2025 AE bookings mix,0.5408151920295111,3646.4041810721014
2025-04-30,CC-1100,Demand Generation,Enterprise,390376.41,0.25,97594.1025,Demand generation -- 100% acquisition (PHASE1_SPEC 8.5); split across segments by FY2025 active AE headcount,1.0,97594.1025
2025-04-30,CC-1100,Demand Generation,Mid-Market,390376.41,0.4375,170789.67937499998,Demand generation -- 100% acquisition (PHASE1_SPEC 8.5); split across segments by FY2025 active AE headcount,1.0,170789.67937499998
2025-04-30,CC-1100,Demand Generation,SMB,390376.41,0.3125,121992.62812499999,Demand generation -- 100% acquisition (PHASE1_SPEC 8.5); split across segments by FY2025 active AE headcount,1.0,121992.62812499999
2025-04-30,CC-1110,Product Marketing,Enterprise,154245.30,0.25,38561.325,Product Marketing (brand / content) -- 0% acquisition (PHASE1_SPEC 8.5),0.0,0.0
2025-04-30,CC-1110,Product Marketing,Mid-Market,154245.30,0.4375,67482.31874999999,Product Marketing (brand / content) -- 0% acquisition (PHASE1_SPEC 8.5),0.0,0.0
2025-04-30,CC-1110,Product Marketing,SMB,154245.30,0.3125,48201.65625,Product Marketing (brand / content) -- 0% acquisition (PHASE1_SPEC 8.5),0.0,0.0
2025-04-30,CC-1200,Customer Success,Enterprise,101937.61,0.25,25484.4025,Customer Success -- 0% acquisition (PHASE1_SPEC 8.5),0.0,0.0
2025-04-30,CC-1200,Customer Success,Mid-Market,101937.61,0.4375,44597.704375,Customer Success -- 0% acquisition (PHASE1_SPEC 8.5),0.0,0.0
2025-04-30,CC-1200,Customer Success,SMB,101937.61,0.3125,31855.503125,Customer Success -- 0% acquisition (PHASE1_SPEC 8.5),0.0,0.0
2025-05-31,CC-1000,Sales - SMB,Enterprise,98936.01,0.0,0.0,"New Logo AE, SMB -- 100% to own segment; acquisition % = FY2025 SMB AE bookings mix",0.8680089553271375,0.0
2025-05-31,CC-1000,Sales - SMB,Mid-Market,98936.01,0.0,0.0,"New Logo AE, SMB -- 100% to own segment; acquisition % = FY2025 SMB AE bookings mix",0.8680089553271375,0.0
2025-05-31,CC-1000,Sales - SMB,SMB,98936.01,1.0,98936.01,"New Logo AE, SMB -- 100% to own segment; acquisition % = FY2025 SMB AE bookings mix",0.8680089553271375,85877.34268433522
2025-05-31,CC-1010,Sales - Mid-Market,Enterprise,127111.05,0.0,0.0,"New Logo AE, Mid-Market -- 100% to own segment; acquisition % = FY2025 Mid-Market AE bookings mix",0.4147782801896837,0.0
2025-05-31,CC-1010,Sales - Mid-Market,Mid-Market,127111.05,1.0,127111.05,"New Logo AE, Mid-Market -- 100% to own segment; acquisition % = FY2025 Mid-Market AE bookings mix",0.4147782801896837,52722.9027121049
2025-05-31,CC-1010,Sales - Mid-Market,SMB,127111.05,0.0,0.0,"New Logo AE, Mid-Market -- 100% to own segment; acquisition % = FY2025 Mid-Market AE bookings mix",0.4147782801896837,0.0
2025-05-31,CC-1020,Sales - Enterprise,Enterprise,98115.46,1.0,98115.46,"New Logo AE, Enterprise -- 100% to own segment; acquisition % = FY2025 Enterprise AE bookings mix",0.5737636670113491,56295.08612010534
2025-05-31,CC-1020,Sales - Enterprise,Mid-Market,98115.46,0.0,0.0,"New Logo AE, Enterprise -- 100% to own segment; acquisition % = FY2025 Enterprise AE bookings mix",0.5737636670113491,0.0
2025-05-31,CC-1020,Sales - Enterprise,SMB,98115.46,0.0,0.0,"New Logo AE, Enterprise -- 100% to own segment; acquisition % = FY2025 Enterprise AE bookings mix",0.5737636670113491,0.0
2025-05-31,CC-1030,Sales Development,Enterprise,54790.77,0.25,13697.6925,SDR -- 100% acquisition (PHASE1_SPEC 8.5); split across segments by FY2025 active AE headcount,1.0,13697.6925
2025-05-31,CC-1030,Sales Development,Mid-Market,54790.77,0.4375,23970.961874999997,SDR -- 100% acquisition (PHASE1_SPEC 8.5); split across segments by FY2025 active AE headcount,1.0,23970.961874999997
2025-05-31,CC-1030,Sales Development,SMB,54790.77,0.3125,17122.115625,SDR -- 100% acquisition (PHASE1_SPEC 8.5); split across segments by FY2025 active AE headcount,1.0,17122.115625
2025-05-31,CC-1040,Sales Operations,Enterprise,77768.69,0.25,19442.1725,Sales Ops / Solutions Engineering / Leadership -- split across segments by FY2025 active AE headcount; acquisition % = blended FY2025 AE bookings mix,0.5408151920295111,10514.62225405838
2025-05-31,CC-1040,Sales Operations,Mid-Market,77768.69,0.4375,34023.801875000005,Sales Ops / Solutions Engineering / Leadership -- split across segments by FY2025 active AE headcount; acquisition % = blended FY2025 AE bookings mix,0.5408151920295111,18400.58894460217
2025-05-31,CC-1040,Sales Operations,SMB,77768.69,0.3125,24302.715625,Sales Ops / Solutions Engineering / Leadership -- split across segments by FY2025 active AE headcount; acquisition % = blended FY2025 AE bookings mix,0.5408151920295111,13143.277817572976
2025-05-31,CC-1050,Solutions Engineering,Enterprise,48037.45,0.25,12009.3625,Sales Ops / Solutions Engineering / Leadership -- split across segments by FY2025 active AE headcount; acquisition % = blended FY2025 AE bookings mix,0.5408151920295111,6494.84568658951
2025-05-31,CC-1050,Solutions Engineering,Mid-Market,48037.45,0.4375,21016.384374999998,Sales Ops / Solutions Engineering / Leadership -- split across segments by FY2025 active AE headcount; acquisition % = blended FY2025 AE bookings mix,0.5408151920295111,11365.97995153164
2025-05-31,CC-1050,Solutions Engineering,SMB,48037.45,0.3125,15011.703125,Sales Ops / Solutions Engineering / Leadership -- split across segments by FY2025 active AE headcount; acquisition % = blended FY2025 AE bookings mix,0.5408151920295111,8118.557108236887
2025-05-31,CC-1060,Sales Leadership,Enterprise,21544.17,0.25,5386.0425,Sales Ops / Solutions Engineering / Leadership -- split across segments by FY2025 active AE headcount; acquisition % = blended FY2025 AE bookings mix,0.5408151920295111,2912.8536089166078
2025-05-31,CC-1060,Sales Leadership,Mid-Market,21544.17,0.4375,9425.574375,Sales Ops / Solutions Engineering / Leadership -- split across segments by FY2025 active AE headcount; acquisition % = blended FY2025 AE bookings mix,0.5408151920295111,5097.493815604064
2025-05-31,CC-1060,Sales Leadership,SMB,21544.17,0.3125,6732.553124999999,Sales Ops / Solutions Engineering / Leadership -- split across segments by FY2025 active AE headcount; acquisition % = blended FY2025 AE bookings mix,0.5408151920295111,3641.06701114576
2025-05-31,CC-1100,Demand Generation,Enterprise,413257.62,0.25,103314.405,Demand generation -- 100% acquisition (PHASE1_SPEC 8.5); split across segments by FY2025 active AE headcount,1.0,103314.405
2025-05-31,CC-1100,Demand Generation,Mid-Market,413257.62,0.4375,180800.20875,Demand generation -- 100% acquisition (PHASE1_SPEC 8.5); split across segments by FY2025 active AE headcount,1.0,180800.20875
2025-05-31,CC-1100,Demand Generation,SMB,413257.62,0.3125,129143.00625,Demand generation -- 100% acquisition (PHASE1_SPEC 8.5); split across segments by FY2025 active AE headcount,1.0,129143.00625
2025-05-31,CC-1110,Product Marketing,Enterprise,141239.06,0.25,35309.765,Product Marketing (brand / content) -- 0% acquisition (PHASE1_SPEC 8.5),0.0,0.0
2025-05-31,CC-1110,Product Marketing,Mid-Market,141239.06,0.4375,61792.088749999995,Product Marketing (brand / content) -- 0% acquisition (PHASE1_SPEC 8.5),0.0,0.0
2025-05-31,CC-1110,Product Marketing,SMB,141239.06,0.3125,44137.20625,Product Marketing (brand / content) -- 0% acquisition (PHASE1_SPEC 8.5),0.0,0.0
2025-05-31,CC-1200,Customer Success,Enterprise,98256.80,0.25,24564.2,Customer Success -- 0% acquisition (PHASE1_SPEC 8.5),0.0,0.0
2025-05-31,CC-1200,Customer Success,Mid-Market,98256.80,0.4375,42987.35,Customer Success -- 0% acquisition (PHASE1_SPEC 8.5),0.0,0.0
2025-05-31,CC-1200,Customer Success,SMB,98256.80,0.3125,30705.25,Customer Success -- 0% acquisition (PHASE1_SPEC 8.5),0.0,0.0
2025-06-30,CC-1000,Sales - SMB,Enterprise,100833.05,0.0,0.0,"New Logo AE, SMB -- 100% to own segment; acquisition % = FY2025 SMB AE bookings mix",0.8680089553271375,0.0
2025-06-30,CC-1000,Sales - SMB,Mid-Market,100833.05,0.0,0.0,"New Logo AE, SMB -- 100% to own segment; acquisition % = FY2025 SMB AE bookings mix",0.8680089553271375,0.0
2025-06-30,CC-1000,Sales - SMB,SMB,100833.05,1.0,100833.05,"New Logo AE, SMB -- 100% to own segment; acquisition % = FY2025 SMB AE bookings mix",0.8680089553271375,87523.99039294902
2025-06-30,CC-1010,Sales - Mid-Market,Enterprise,131928.09,0.0,0.0,"New Logo AE, Mid-Market -- 100% to own segment; acquisition % = FY2025 Mid-Market AE bookings mix",0.4147782801896837,0.0
2025-06-30,CC-1010,Sales - Mid-Market,Mid-Market,131928.09,1.0,131928.09,"New Logo AE, Mid-Market -- 100% to own segment; acquisition % = FY2025 Mid-Market AE bookings mix",0.4147782801896837,54720.90627890981
2025-06-30,CC-1010,Sales - Mid-Market,SMB,131928.09,0.0,0.0,"New Logo AE, Mid-Market -- 100% to own segment; acquisition % = FY2025 Mid-Market AE bookings mix",0.4147782801896837,0.0
2025-06-30,CC-1020,Sales - Enterprise,Enterprise,101930.33,1.0,101930.33,"New Logo AE, Enterprise -- 100% to own segment; acquisition % = FY2025 Enterprise AE bookings mix",0.5737636670113491,58483.919920476925
2025-06-30,CC-1020,Sales - Enterprise,Mid-Market,101930.33,0.0,0.0,"New Logo AE, Enterprise -- 100% to own segment; acquisition % = FY2025 Enterprise AE bookings mix",0.5737636670113491,0.0
2025-06-30,CC-1020,Sales - Enterprise,SMB,101930.33,0.0,0.0,"New Logo AE, Enterprise -- 100% to own segment; acquisition % = FY2025 Enterprise AE bookings mix",0.5737636670113491,0.0
2025-06-30,CC-1030,Sales Development,Enterprise,55197.97,0.25,13799.4925,SDR -- 100% acquisition (PHASE1_SPEC 8.5); split across segments by FY2025 active AE headcount,1.0,13799.4925
2025-06-30,CC-1030,Sales Development,Mid-Market,55197.97,0.4375,24149.111875000002,SDR -- 100% acquisition (PHASE1_SPEC 8.5); split across segments by FY2025 active AE headcount,1.0,24149.111875000002
2025-06-30,CC-1030,Sales Development,SMB,55197.97,0.3125,17249.365625,SDR -- 100% acquisition (PHASE1_SPEC 8.5); split across segments by FY2025 active AE headcount,1.0,17249.365625
2025-06-30,CC-1040,Sales Operations,Enterprise,60476.06,0.25,15119.015,Sales Ops / Solutions Engineering / Leadership -- split across segments by FY2025 active AE headcount; acquisition % = blended FY2025 AE bookings mix,0.5408151920295111,8176.593000522059
2025-06-30,CC-1040,Sales Operations,Mid-Market,60476.06,0.4375,26458.27625,Sales Ops / Solutions Engineering / Leadership -- split across segments by FY2025 active AE headcount; acquisition % = blended FY2025 AE bookings mix,0.5408151920295111,14309.037750913603
2025-06-30,CC-1040,Sales Operations,SMB,60476.06,0.3125,18898.76875,Sales Ops / Solutions Engineering / Leadership -- split across segments by FY2025 active AE headcount; acquisition % = blended FY2025 AE bookings mix,0.5408151920295111,10220.741250652572
2025-06-30,CC-1050,Solutions Engineering,Enterprise,47960.50,0.25,11990.125,Sales Ops / Solutions Engineering / Leadership -- split across segments by FY2025 active AE headcount; acquisition % = blended FY2025 AE bookings mix,0.5408151920295111,6484.441754332842
2025-06-30,CC-1050,Solutions Engineering,Mid-Market,47960.50,0.4375,20982.71875,Sales Ops / Solutions Engineering / Leadership -- split across segments by FY2025 active AE headcount; acquisition % = blended FY2025 AE bookings mix,0.5408151920295111,11347.773070082474
2025-06-30,CC-1050,Solutions Engineering,SMB,47960.50,0.3125,14987.65625,Sales Ops / Solutions Engineering / Leadership -- split across segments by FY2025 active AE headcount; acquisition % = blended FY2025 AE bookings mix,0.5408151920295111,8105.552192916052
2025-06-30,CC-1060,Sales Leadership,Enterprise,21457.22,0.25,5364.305,Sales Ops / Solutions Engineering / Leadership -- split across segments by FY2025 active AE headcount; acquisition % = blended FY2025 AE bookings mix,0.5408151920295111,2901.0976386798666
2025-06-30,CC-1060,Sales Leadership,Mid-Market,21457.22,0.4375,9387.53375,Sales Ops / Solutions Engineering / Leadership -- split across segments by FY2025 active AE headcount; acquisition % = blended FY2025 AE bookings mix,0.5408151920295111,5076.920867689767
2025-06-30,CC-1060,Sales Leadership,SMB,21457.22,0.3125,6705.38125,Sales Ops / Solutions Engineering / Leadership -- split across segments by FY2025 active AE headcount; acquisition % = blended FY2025 AE bookings mix,0.5408151920295111,3626.3720483498337
2025-06-30,CC-1100,Demand Generation,Enterprise,407066.58,0.25,101766.645,Demand generation -- 100% acquisition (PHASE1_SPEC 8.5); split across segments by FY2025 active AE headcount,1.0,101766.645
2025-06-30,CC-1100,Demand Generation,Mid-Market,407066.58,0.4375,178091.62875,Demand generation -- 100% acquisition (PHASE1_SPEC 8.5); split across segments by FY2025 active AE headcount,1.0,178091.62875
2025-06-30,CC-1100,Demand Generation,SMB,407066.58,0.3125,127208.30625000001,Demand generation -- 100% acquisition (PHASE1_SPEC 8.5); split across segments by FY2025 active AE headcount,1.0,127208.30625000001
2025-06-30,CC-1110,Product Marketing,Enterprise,147818.95,0.25,36954.7375,Product Marketing (brand / content) -- 0% acquisition (PHASE1_SPEC 8.5),0.0,0.0
2025-06-30,CC-1110,Product Marketing,Mid-Market,147818.95,0.4375,64670.79062500001,Product Marketing (brand / content) -- 0% acquisition (PHASE1_SPEC 8.5),0.0,0.0
2025-06-30,CC-1110,Product Marketing,SMB,147818.95,0.3125,46193.421875,Product Marketing (brand / content) -- 0% acquisition (PHASE1_SPEC 8.5),0.0,0.0
2025-06-30,CC-1200,Customer Success,Enterprise,103958.06,0.25,25989.515,Customer Success -- 0% acquisition (PHASE1_SPEC 8.5),0.0,0.0
2025-06-30,CC-1200,Customer Success,Mid-Market,103958.06,0.4375,45481.651249999995,Customer Success -- 0% acquisition (PHASE1_SPEC 8.5),0.0,0.0
2025-06-30,CC-1200,Customer Success,SMB,103958.06,0.3125,32486.89375,Customer Success -- 0% acquisition (PHASE1_SPEC 8.5),0.0,0.0
2025-07-31,CC-1000,Sales - SMB,Enterprise,98069.98,0.0,0.0,"New Logo AE, SMB -- 100% to own segment; acquisition % = FY2025 SMB AE bookings mix",0.8680089553271375,0.0
2025-07-31,CC-1000,Sales - SMB,Mid-Market,98069.98,0.0,0.0,"New Logo AE, SMB -- 100% to own segment; acquisition % = FY2025 SMB AE bookings mix",0.8680089553271375,0.0
2025-07-31,CC-1000,Sales - SMB,SMB,98069.98,1.0,98069.98,"New Logo AE, SMB -- 100% to own segment; acquisition % = FY2025 SMB AE bookings mix",0.8680089553271375,85125.62088875327
2025-07-31,CC-1010,Sales - Mid-Market,Enterprise,126870.36,0.0,0.0,"New Logo AE, Mid-Market -- 100% to own segment; acquisition % = FY2025 Mid-Market AE bookings mix",0.4147782801896837,0.0
2025-07-31,CC-1010,Sales - Mid-Market,Mid-Market,126870.36,1.0,126870.36,"New Logo AE, Mid-Market -- 100% to own segment; acquisition % = FY2025 Mid-Market AE bookings mix",0.4147782801896837,52623.06972784604
2025-07-31,CC-1010,Sales - Mid-Market,SMB,126870.36,0.0,0.0,"New Logo AE, Mid-Market -- 100% to own segment; acquisition % = FY2025 Mid-Market AE bookings mix",0.4147782801896837,0.0
2025-07-31,CC-1020,Sales - Enterprise,Enterprise,97535.89,1.0,97535.89,"New Logo AE, Enterprise -- 100% to own segment; acquisition % = FY2025 Enterprise AE bookings mix",0.5737636670113491,55962.54991161557
2025-07-31,CC-1020,Sales - Enterprise,Mid-Market,97535.89,0.0,0.0,"New Logo AE, Enterprise -- 100% to own segment; acquisition % = FY2025 Enterprise AE bookings mix",0.5737636670113491,0.0
2025-07-31,CC-1020,Sales - Enterprise,SMB,97535.89,0.0,0.0,"New Logo AE, Enterprise -- 100% to own segment; acquisition % = FY2025 Enterprise AE bookings mix",0.5737636670113491,0.0
2025-07-31,CC-1030,Sales Development,Enterprise,54813.07,0.25,13703.2675,SDR -- 100% acquisition (PHASE1_SPEC 8.5); split across segments by FY2025 active AE headcount,1.0,13703.2675
2025-07-31,CC-1030,Sales Development,Mid-Market,54813.07,0.4375,23980.718125,SDR -- 100% acquisition (PHASE1_SPEC 8.5); split across segments by FY2025 active AE headcount,1.0,23980.718125
2025-07-31,CC-1030,Sales Development,SMB,54813.07,0.3125,17129.084375,SDR -- 100% acquisition (PHASE1_SPEC 8.5); split across segments by FY2025 active AE headcount,1.0,17129.084375
2025-07-31,CC-1040,Sales Operations,Enterprise,68192.58,0.25,17048.145,Sales Ops / Solutions Engineering / Leadership -- split across segments by FY2025 active AE headcount; acquisition % = blended FY2025 AE bookings mix,0.5408151920295111,9219.89581192195
2025-07-31,CC-1040,Sales Operations,Mid-Market,68192.58,0.4375,29834.25375,Sales Ops / Solutions Engineering / Leadership -- split across segments by FY2025 active AE headcount; acquisition % = blended FY2025 AE bookings mix,0.5408151920295111,16134.817670863413
2025-07-31,CC-1040,Sales Operations,SMB,68192.58,0.3125,21310.18125,Sales Ops / Solutions Engineering / Leadership -- split across segments by FY2025 active AE headcount; acquisition % = blended FY2025 AE bookings mix,0.5408151920295111,11524.869764902438
2025-07-31,CC-1050,Solutions Engineering,Enterprise,48104.14,0.25,12026.035,Sales Ops / Solutions Engineering / Leadership -- split across segments by FY2025 active AE headcount; acquisition % = blended FY2025 AE bookings mix,0.5408151920295111,6503.862427878622
2025-07-31,CC-1050,Solutions Engineering,Mid-Market,48104.14,0.4375,21045.56125,Sales Ops / Solutions Engineering / Leadership -- split across segments by FY2025 active AE headcount; acquisition % = blended FY2025 AE bookings mix,0.5408151920295111,11381.759248787588
2025-07-31,CC-1050,Solutions Engineering,SMB,48104.14,0.3125,15032.54375,Sales Ops / Solutions Engineering / Leadership -- split across segments by FY2025 active AE headcount; acquisition % = blended FY2025 AE bookings mix,0.5408151920295111,8129.828034848278
2025-07-31,CC-1060,Sales Leadership,Enterprise,36435.98,0.25,9108.995,Sales Ops / Solutions Engineering / Leadership -- split across segments by FY2025 active AE headcount; acquisition % = blended FY2025 AE bookings mix,0.5408151920295111,4926.282880120857
2025-07-31,CC-1060,Sales Leadership,Mid-Market,36435.98,0.4375,15940.741250000001,Sales Ops / Solutions Engineering / Leadership -- split across segments by FY2025 active AE headcount; acquisition % = blended FY2025 AE bookings mix,0.5408151920295111,8620.9950402115
2025-07-31,CC-1060,Sales Leadership,SMB,36435.98,0.3125,11386.243750000001,Sales Ops / Solutions Engineering / Leadership -- split across segments by FY2025 active AE headcount; acquisition % = blended FY2025 AE bookings mix,0.5408151920295111,6157.853600151072
2025-07-31,CC-1100,Demand Generation,Enterprise,364096.36,0.25,91024.09,Demand generation -- 100% acquisition (PHASE1_SPEC 8.5); split across segments by FY2025 active AE headcount,1.0,91024.09
2025-07-31,CC-1100,Demand Generation,Mid-Market,364096.36,0.4375,159292.1575,Demand generation -- 100% acquisition (PHASE1_SPEC 8.5); split across segments by FY2025 active AE headcount,1.0,159292.1575
2025-07-31,CC-1100,Demand Generation,SMB,364096.36,0.3125,113780.11249999999,Demand generation -- 100% acquisition (PHASE1_SPEC 8.5); split across segments by FY2025 active AE headcount,1.0,113780.11249999999
2025-07-31,CC-1110,Product Marketing,Enterprise,136757.75,0.25,34189.4375,Product Marketing (brand / content) -- 0% acquisition (PHASE1_SPEC 8.5),0.0,0.0
2025-07-31,CC-1110,Product Marketing,Mid-Market,136757.75,0.4375,59831.515625,Product Marketing (brand / content) -- 0% acquisition (PHASE1_SPEC 8.5),0.0,0.0
2025-07-31,CC-1110,Product Marketing,SMB,136757.75,0.3125,42736.796875,Product Marketing (brand / content) -- 0% acquisition (PHASE1_SPEC 8.5),0.0,0.0
2025-07-31,CC-1200,Customer Success,Enterprise,106897.29,0.25,26724.3225,Customer Success -- 0% acquisition (PHASE1_SPEC 8.5),0.0,0.0
2025-07-31,CC-1200,Customer Success,Mid-Market,106897.29,0.4375,46767.564374999994,Customer Success -- 0% acquisition (PHASE1_SPEC 8.5),0.0,0.0
2025-07-31,CC-1200,Customer Success,SMB,106897.29,0.3125,33405.403125,Customer Success -- 0% acquisition (PHASE1_SPEC 8.5),0.0,0.0
2025-08-31,CC-1000,Sales - SMB,Enterprise,98776.82,0.0,0.0,"New Logo AE, SMB -- 100% to own segment; acquisition % = FY2025 SMB AE bookings mix",0.8680089553271375,0.0
2025-08-31,CC-1000,Sales - SMB,Mid-Market,98776.82,0.0,0.0,"New Logo AE, SMB -- 100% to own segment; acquisition % = FY2025 SMB AE bookings mix",0.8680089553271375,0.0
2025-08-31,CC-1000,Sales - SMB,SMB,98776.82,1.0,98776.82,"New Logo AE, SMB -- 100% to own segment; acquisition % = FY2025 SMB AE bookings mix",0.8680089553271375,85739.16433873671
2025-08-31,CC-1010,Sales - Mid-Market,Enterprise,141340.93,0.0,0.0,"New Logo AE, Mid-Market -- 100% to own segment; acquisition % = FY2025 Mid-Market AE bookings mix",0.4147782801896837,0.0
2025-08-31,CC-1010,Sales - Mid-Market,Mid-Market,141340.93,1.0,141340.93,"New Logo AE, Mid-Market -- 100% to own segment; acquisition % = FY2025 Mid-Market AE bookings mix",0.4147782801896837,58625.14786581047
2025-08-31,CC-1010,Sales - Mid-Market,SMB,141340.93,0.0,0.0,"New Logo AE, Mid-Market -- 100% to own segment; acquisition % = FY2025 Mid-Market AE bookings mix",0.4147782801896837,0.0
2025-08-31,CC-1020,Sales - Enterprise,Enterprise,100444.18,1.0,100444.18,"New Logo AE, Enterprise -- 100% to own segment; acquisition % = FY2025 Enterprise AE bookings mix",0.5737636670113491,57631.221046748
2025-08-31,CC-1020,Sales - Enterprise,Mid-Market,100444.18,0.0,0.0,"New Logo AE, Enterprise -- 100% to own segment; acquisition % = FY2025 Enterprise AE bookings mix",0.5737636670113491,0.0
2025-08-31,CC-1020,Sales - Enterprise,SMB,100444.18,0.0,0.0,"New Logo AE, Enterprise -- 100% to own segment; acquisition % = FY2025 Enterprise AE bookings mix",0.5737636670113491,0.0
2025-08-31,CC-1030,Sales Development,Enterprise,55371.96,0.25,13842.99,SDR -- 100% acquisition (PHASE1_SPEC 8.5); split across segments by FY2025 active AE headcount,1.0,13842.99
2025-08-31,CC-1030,Sales Development,Mid-Market,55371.96,0.4375,24225.2325,SDR -- 100% acquisition (PHASE1_SPEC 8.5); split across segments by FY2025 active AE headcount,1.0,24225.2325
2025-08-31,CC-1030,Sales Development,SMB,55371.96,0.3125,17303.7375,SDR -- 100% acquisition (PHASE1_SPEC 8.5); split across segments by FY2025 active AE headcount,1.0,17303.7375
2025-08-31,CC-1040,Sales Operations,Enterprise,53466.09,0.25,13366.5225,Sales Ops / Solutions Engineering / Leadership -- split across segments by FY2025 active AE headcount; acquisition % = blended FY2025 AE bookings mix,0.5408151920295111,7228.81843260428
2025-08-31,CC-1040,Sales Operations,Mid-Market,53466.09,0.4375,23391.414375,Sales Ops / Solutions Engineering / Leadership -- split across segments by FY2025 active AE headcount; acquisition % = blended FY2025 AE bookings mix,0.5408151920295111,12650.432257057491
2025-08-31,CC-1040,Sales Operations,SMB,53466.09,0.3125,16708.153124999997,Sales Ops / Solutions Engineering / Leadership -- split across segments by FY2025 active AE headcount; acquisition % = blended FY2025 AE bookings mix,0.5408151920295111,9036.02304075535
2025-08-31,CC-1050,Solutions Engineering,Enterprise,48045.28,0.25,12011.32,Sales Ops / Solutions Engineering / Leadership -- split across segments by FY2025 active AE headcount; acquisition % = blended FY2025 AE bookings mix,0.5408151920295111,6495.9043323279075
2025-08-31,CC-1050,Solutions Engineering,Mid-Market,48045.28,0.4375,21019.809999999998,Sales Ops / Solutions Engineering / Leadership -- split across segments by FY2025 active AE headcount; acquisition % = blended FY2025 AE bookings mix,0.5408151920295111,11367.832581573837
2025-08-31,CC-1050,Solutions Engineering,SMB,48045.28,0.3125,15014.15,Sales Ops / Solutions Engineering / Leadership -- split across segments by FY2025 active AE headcount; acquisition % = blended FY2025 AE bookings mix,0.5408151920295111,8119.880415409884
2025-08-31,CC-1060,Sales Leadership,Enterprise,36276.44,0.25,9069.11,Sales Ops / Solutions Engineering / Leadership -- split across segments by FY2025 active AE headcount; acquisition % = blended FY2025 AE bookings mix,0.5408151920295111,4904.71246618676
2025-08-31,CC-1060,Sales Leadership,Mid-Market,36276.44,0.4375,15870.942500000001,Sales Ops / Solutions Engineering / Leadership -- split across segments by FY2025 active AE headcount; acquisition % = blended FY2025 AE bookings mix,0.5408151920295111,8583.24681582683
2025-08-31,CC-1060,Sales Leadership,SMB,36276.44,0.3125,11336.3875,Sales Ops / Solutions Engineering / Leadership -- split across segments by FY2025 active AE headcount; acquisition % = blended FY2025 AE bookings mix,0.5408151920295111,6130.89058273345
2025-08-31,CC-1100,Demand Generation,Enterprise,353377.29,0.25,88344.3225,Demand generation -- 100% acquisition (PHASE1_SPEC 8.5); split across segments by FY2025 active AE headcount,1.0,88344.3225
2025-08-31,CC-1100,Demand Generation,Mid-Market,353377.29,0.4375,154602.564375,Demand generation -- 100% acquisition (PHASE1_SPEC 8.5); split across segments by FY2025 active AE headcount,1.0,154602.564375
2025-08-31,CC-1100,Demand Generation,SMB,353377.29,0.3125,110430.403125,Demand generation -- 100% acquisition (PHASE1_SPEC 8.5); split across segments by FY2025 active AE headcount,1.0,110430.403125
2025-08-31,CC-1110,Product Marketing,Enterprise,146316.70,0.25,36579.175,Product Marketing (brand / content) -- 0% acquisition (PHASE1_SPEC 8.5),0.0,0.0
2025-08-31,CC-1110,Product Marketing,Mid-Market,146316.70,0.4375,64013.55625000001,Product Marketing (brand / content) -- 0% acquisition (PHASE1_SPEC 8.5),0.0,0.0
2025-08-31,CC-1110,Product Marketing,SMB,146316.70,0.3125,45723.96875,Product Marketing (brand / content) -- 0% acquisition (PHASE1_SPEC 8.5),0.0,0.0
2025-08-31,CC-1200,Customer Success,Enterprise,103403.87,0.25,25850.9675,Customer Success -- 0% acquisition (PHASE1_SPEC 8.5),0.0,0.0
2025-08-31,CC-1200,Customer Success,Mid-Market,103403.87,0.4375,45239.193125,Customer Success -- 0% acquisition (PHASE1_SPEC 8.5),0.0,0.0
2025-08-31,CC-1200,Customer Success,SMB,103403.87,0.3125,32313.709375,Customer Success -- 0% acquisition (PHASE1_SPEC 8.5),0.0,0.0
2025-09-30,CC-1000,Sales - SMB,Enterprise,115649.41,0.0,0.0,"New Logo AE, SMB -- 100% to own segment; acquisition % = FY2025 SMB AE bookings mix",0.8680089553271375,0.0
2025-09-30,CC-1000,Sales - SMB,Mid-Market,115649.41,0.0,0.0,"New Logo AE, SMB -- 100% to own segment; acquisition % = FY2025 SMB AE bookings mix",0.8680089553271375,0.0
2025-09-30,CC-1000,Sales - SMB,SMB,115649.41,1.0,115649.41,"New Logo AE, SMB -- 100% to own segment; acquisition % = FY2025 SMB AE bookings mix",0.8680089553271375,100384.72355829981
2025-09-30,CC-1010,Sales - Mid-Market,Enterprise,147655.02,0.0,0.0,"New Logo AE, Mid-Market -- 100% to own segment; acquisition % = FY2025 Mid-Market AE bookings mix",0.4147782801896837,0.0
2025-09-30,CC-1010,Sales - Mid-Market,Mid-Market,147655.02,1.0,147655.02,"New Logo AE, Mid-Market -- 100% to own segment; acquisition % = FY2025 Mid-Market AE bookings mix",0.4147782801896837,61244.09525697335
2025-09-30,CC-1010,Sales - Mid-Market,SMB,147655.02,0.0,0.0,"New Logo AE, Mid-Market -- 100% to own segment; acquisition % = FY2025 Mid-Market AE bookings mix",0.4147782801896837,0.0
2025-09-30,CC-1020,Sales - Enterprise,Enterprise,104978.27,1.0,104978.27,"New Logo AE, Enterprise -- 100% to own segment; acquisition % = FY2025 Enterprise AE bookings mix",0.5737636670113491,60232.7171517075
2025-09-30,CC-1020,Sales - Enterprise,Mid-Market,104978.27,0.0,0.0,"New Logo AE, Enterprise -- 100% to own segment; acquisition % = FY2025 Enterprise AE bookings mix",0.5737636670113491,0.0
2025-09-30,CC-1020,Sales - Enterprise,SMB,104978.27,0.0,0.0,"New Logo AE, Enterprise -- 100% to own segment; acquisition % = FY2025 Enterprise AE bookings mix",0.5737636670113491,0.0
2025-09-30,CC-1030,Sales Development,Enterprise,54690.19,0.25,13672.5475,SDR -- 100% acquisition (PHASE1_SPEC 8.5); split across segments by FY2025 active AE headcount,1.0,13672.5475
2025-09-30,CC-1030,Sales Development,Mid-Market,54690.19,0.4375,23926.958125,SDR -- 100% acquisition (PHASE1_SPEC 8.5); split across segments by FY2025 active AE headcount,1.0,23926.958125
2025-09-30,CC-1030,Sales Development,SMB,54690.19,0.3125,17090.684375,SDR -- 100% acquisition (PHASE1_SPEC 8.5); split across segments by FY2025 active AE headcount,1.0,17090.684375
2025-09-30,CC-1040,Sales Operations,Enterprise,53431.27,0.25,13357.8175,Sales Ops / Solutions Engineering / Leadership -- split across segments by FY2025 active AE headcount; acquisition % = blended FY2025 AE bookings mix,0.5408151920295111,7224.110636357664
2025-09-30,CC-1040,Sales Operations,Mid-Market,53431.27,0.4375,23376.180624999997,Sales Ops / Solutions Engineering / Leadership -- split across segments by FY2025 active AE headcount; acquisition % = blended FY2025 AE bookings mix,0.5408151920295111,12642.19361362591
2025-09-30,CC-1040,Sales Operations,SMB,53431.27,0.3125,16697.271875,Sales Ops / Solutions Engineering / Leadership -- split across segments by FY2025 active AE headcount; acquisition % = blended FY2025 AE bookings mix,0.5408151920295111,9030.13829544708
2025-09-30,CC-1050,Solutions Engineering,Enterprise,37950.33,0.25,9487.5825,Sales Ops / Solutions Engineering / Leadership -- split across segments by FY2025 active AE headcount; acquisition % = blended FY2025 AE bookings mix,0.5408151920295111,5131.028751633329
2025-09-30,CC-1050,Solutions Engineering,Mid-Market,37950.33,0.4375,16603.269375,Sales Ops / Solutions Engineering / Leadership -- split across segments by FY2025 active AE headcount; acquisition % = blended FY2025 AE bookings mix,0.5408151920295111,8979.300315358327
2025-09-30,CC-1050,Solutions Engineering,SMB,37950.33,0.3125,11859.478125000001,Sales Ops / Solutions Engineering / Leadership -- split across segments by FY2025 active AE headcount; acquisition % = blended FY2025 AE bookings mix,0.5408151920295111,6413.785939541663
2025-09-30,CC-1060,Sales Leadership,Enterprise,36405.29,0.25,9101.3225,Sales Ops / Solutions Engineering / Leadership -- split across segments by FY2025 active AE headcount; acquisition % = blended FY2025 AE bookings mix,0.5408151920295111,4922.13347556001
2025-09-30,CC-1060,Sales Leadership,Mid-Market,36405.29,0.4375,15927.314375,Sales Ops / Solutions Engineering / Leadership -- split across segments by FY2025 active AE headcount; acquisition % = blended FY2025 AE bookings mix,0.5408151920295111,8613.733582230017
2025-09-30,CC-1060,Sales Leadership,SMB,36405.29,0.3125,11376.653125,Sales Ops / Solutions Engineering / Leadership -- split across segments by FY2025 active AE headcount; acquisition % = blended FY2025 AE bookings mix,0.5408151920295111,6152.666844450013
2025-09-30,CC-1100,Demand Generation,Enterprise,407682.49,0.25,101920.6225,Demand generation -- 100% acquisition (PHASE1_SPEC 8.5); split across segments by FY2025 active AE headcount,1.0,101920.6225
2025-09-30,CC-1100,Demand Generation,Mid-Market,407682.49,0.4375,178361.08937499998,Demand generation -- 100% acquisition (PHASE1_SPEC 8.5); split across segments by FY2025 active AE headcount,1.0,178361.08937499998
2025-09-30,CC-1100,Demand Generation,SMB,407682.49,0.3125,127400.778125,Demand generation -- 100% acquisition (PHASE1_SPEC 8.5); split across segments by FY2025 active AE headcount,1.0,127400.778125
2025-09-30,CC-1110,Product Marketing,Enterprise,149222.60,0.25,37305.65,Product Marketing (brand / content) -- 0% acquisition (PHASE1_SPEC 8.5),0.0,0.0
2025-09-30,CC-1110,Product Marketing,Mid-Market,149222.60,0.4375,65284.887500000004,Product Marketing (brand / content) -- 0% acquisition (PHASE1_SPEC 8.5),0.0,0.0
2025-09-30,CC-1110,Product Marketing,SMB,149222.60,0.3125,46632.0625,Product Marketing (brand / content) -- 0% acquisition (PHASE1_SPEC 8.5),0.0,0.0
2025-09-30,CC-1200,Customer Success,Enterprise,109357.76,0.25,27339.44,Customer Success -- 0% acquisition (PHASE1_SPEC 8.5),0.0,0.0
2025-09-30,CC-1200,Customer Success,Mid-Market,109357.76,0.4375,47844.02,Customer Success -- 0% acquisition (PHASE1_SPEC 8.5),0.0,0.0
2025-09-30,CC-1200,Customer Success,SMB,109357.76,0.3125,34174.299999999996,Customer Success -- 0% acquisition (PHASE1_SPEC 8.5),0.0,0.0
2025-10-31,CC-1000,Sales - SMB,Enterprise,114530.78,0.0,0.0,"New Logo AE, SMB -- 100% to own segment; acquisition % = FY2025 SMB AE bookings mix",0.8680089553271375,0.0
2025-10-31,CC-1000,Sales - SMB,Mid-Market,114530.78,0.0,0.0,"New Logo AE, SMB -- 100% to own segment; acquisition % = FY2025 SMB AE bookings mix",0.8680089553271375,0.0
2025-10-31,CC-1000,Sales - SMB,SMB,114530.78,1.0,114530.78,"New Logo AE, SMB -- 100% to own segment; acquisition % = FY2025 SMB AE bookings mix",0.8680089553271375,99413.74270060222
2025-10-31,CC-1010,Sales - Mid-Market,Enterprise,155550.42,0.0,0.0,"New Logo AE, Mid-Market -- 100% to own segment; acquisition % = FY2025 Mid-Market AE bookings mix",0.4147782801896837,0.0
2025-10-31,CC-1010,Sales - Mid-Market,Mid-Market,155550.42,1.0,155550.42,"New Logo AE, Mid-Market -- 100% to own segment; acquisition % = FY2025 Mid-Market AE bookings mix",0.4147782801896837,64518.93569038298
2025-10-31,CC-1010,Sales - Mid-Market,SMB,155550.42,0.0,0.0,"New Logo AE, Mid-Market -- 100% to own segment; acquisition % = FY2025 Mid-Market AE bookings mix",0.4147782801896837,0.0
2025-10-31,CC-1020,Sales - Enterprise,Enterprise,101395.98,1.0,101395.98,"New Logo AE, Enterprise -- 100% to own segment; acquisition % = FY2025 Enterprise AE bookings mix",0.5737636670113491,58177.32930500941
2025-10-31,CC-1020,Sales - Enterprise,Mid-Market,101395.98,0.0,0.0,"New Logo AE, Enterprise -- 100% to own segment; acquisition % = FY2025 Enterprise AE bookings mix",0.5737636670113491,0.0
2025-10-31,CC-1020,Sales - Enterprise,SMB,101395.98,0.0,0.0,"New Logo AE, Enterprise -- 100% to own segment; acquisition % = FY2025 Enterprise AE bookings mix",0.5737636670113491,0.0
2025-10-31,CC-1030,Sales Development,Enterprise,70708.71,0.25,17677.1775,SDR -- 100% acquisition (PHASE1_SPEC 8.5); split across segments by FY2025 active AE headcount,1.0,17677.1775
2025-10-31,CC-1030,Sales Development,Mid-Market,70708.71,0.4375,30935.060625000002,SDR -- 100% acquisition (PHASE1_SPEC 8.5); split across segments by FY2025 active AE headcount,1.0,30935.060625000002
2025-10-31,CC-1030,Sales Development,SMB,70708.71,0.3125,22096.471875000003,SDR -- 100% acquisition (PHASE1_SPEC 8.5); split across segments by FY2025 active AE headcount,1.0,22096.471875000003
2025-10-31,CC-1040,Sales Operations,Enterprise,45925.04,0.25,11481.26,Sales Ops / Solutions Engineering / Leadership -- split across segments by FY2025 active AE headcount; acquisition % = blended FY2025 AE bookings mix,0.5408151920295111,6209.239831640745
2025-10-31,CC-1040,Sales Operations,Mid-Market,45925.04,0.4375,20092.205,Sales Ops / Solutions Engineering / Leadership -- split across segments by FY2025 active AE headcount; acquisition % = blended FY2025 AE bookings mix,0.5408151920295111,10866.169705371305
2025-10-31,CC-1040,Sales Operations,SMB,45925.04,0.3125,14351.575,Sales Ops / Solutions Engineering / Leadership -- split across segments by FY2025 active AE headcount; acquisition % = blended FY2025 AE bookings mix,0.5408151920295111,7761.549789550932
2025-10-31,CC-1050,Solutions Engineering,Enterprise,37905.61,0.25,9476.4025,Sales Ops / Solutions Engineering / Leadership -- split across segments by FY2025 active AE headcount; acquisition % = blended FY2025 AE bookings mix,0.5408151920295111,5124.98243778644
2025-10-31,CC-1050,Solutions Engineering,Mid-Market,37905.61,0.4375,16583.704375,Sales Ops / Solutions Engineering / Leadership -- split across segments by FY2025 active AE headcount; acquisition % = blended FY2025 AE bookings mix,0.5408151920295111,8968.719266126269
2025-10-31,CC-1050,Solutions Engineering,SMB,37905.61,0.3125,11845.503125,Sales Ops / Solutions Engineering / Leadership -- split across segments by FY2025 active AE headcount; acquisition % = blended FY2025 AE bookings mix,0.5408151920295111,6406.2280472330485
2025-10-31,CC-1060,Sales Leadership,Enterprise,36401.11,0.25,9100.2775,Sales Ops / Solutions Engineering / Leadership -- split across segments by FY2025 active AE headcount; acquisition % = blended FY2025 AE bookings mix,0.5408151920295111,4921.56832368434
2025-10-31,CC-1060,Sales Leadership,Mid-Market,36401.11,0.4375,15925.485625000001,Sales Ops / Solutions Engineering / Leadership -- split across segments by FY2025 active AE headcount; acquisition % = blended FY2025 AE bookings mix,0.5408151920295111,8612.744566447594
2025-10-31,CC-1060,Sales Leadership,SMB,36401.11,0.3125,11375.346875,Sales Ops / Solutions Engineering / Leadership -- split across segments by FY2025 active AE headcount; acquisition % = blended FY2025 AE bookings mix,0.5408151920295111,6151.960404605424
2025-10-31,CC-1100,Demand Generation,Enterprise,401846.79,0.25,100461.6975,Demand generation -- 100% acquisition (PHASE1_SPEC 8.5); split across segments by FY2025 active AE headcount,1.0,100461.6975
2025-10-31,CC-1100,Demand Generation,Mid-Market,401846.79,0.4375,175807.970625,Demand generation -- 100% acquisition (PHASE1_SPEC 8.5); split across segments by FY2025 active AE headcount,1.0,175807.970625
2025-10-31,CC-1100,Demand Generation,SMB,401846.79,0.3125,125577.121875,Demand generation -- 100% acquisition (PHASE1_SPEC 8.5); split across segments by FY2025 active AE headcount,1.0,125577.121875
2025-10-31,CC-1110,Product Marketing,Enterprise,154990.47,0.25,38747.6175,Product Marketing (brand / content) -- 0% acquisition (PHASE1_SPEC 8.5),0.0,0.0
2025-10-31,CC-1110,Product Marketing,Mid-Market,154990.47,0.4375,67808.330625,Product Marketing (brand / content) -- 0% acquisition (PHASE1_SPEC 8.5),0.0,0.0
2025-10-31,CC-1110,Product Marketing,SMB,154990.47,0.3125,48434.521875,Product Marketing (brand / content) -- 0% acquisition (PHASE1_SPEC 8.5),0.0,0.0
2025-10-31,CC-1200,Customer Success,Enterprise,109306.68,0.25,27326.67,Customer Success -- 0% acquisition (PHASE1_SPEC 8.5),0.0,0.0
2025-10-31,CC-1200,Customer Success,Mid-Market,109306.68,0.4375,47821.6725,Customer Success -- 0% acquisition (PHASE1_SPEC 8.5),0.0,0.0
2025-10-31,CC-1200,Customer Success,SMB,109306.68,0.3125,34158.337499999994,Customer Success -- 0% acquisition (PHASE1_SPEC 8.5),0.0,0.0
2025-11-30,CC-1000,Sales - SMB,Enterprise,108103.08,0.0,0.0,"New Logo AE, SMB -- 100% to own segment; acquisition % = FY2025 SMB AE bookings mix",0.8680089553271375,0.0
2025-11-30,CC-1000,Sales - SMB,Mid-Market,108103.08,0.0,0.0,"New Logo AE, SMB -- 100% to own segment; acquisition % = FY2025 SMB AE bookings mix",0.8680089553271375,0.0
2025-11-30,CC-1000,Sales - SMB,SMB,108103.08,1.0,108103.08,"New Logo AE, SMB -- 100% to own segment; acquisition % = FY2025 SMB AE bookings mix",0.8680089553271375,93834.44153844597
2025-11-30,CC-1010,Sales - Mid-Market,Enterprise,155962.04,0.0,0.0,"New Logo AE, Mid-Market -- 100% to own segment; acquisition % = FY2025 Mid-Market AE bookings mix",0.4147782801896837,0.0
2025-11-30,CC-1010,Sales - Mid-Market,Mid-Market,155962.04,1.0,155962.04,"New Logo AE, Mid-Market -- 100% to own segment; acquisition % = FY2025 Mid-Market AE bookings mix",0.4147782801896837,64689.66672607466
2025-11-30,CC-1010,Sales - Mid-Market,SMB,155962.04,0.0,0.0,"New Logo AE, Mid-Market -- 100% to own segment; acquisition % = FY2025 Mid-Market AE bookings mix",0.4147782801896837,0.0
2025-11-30,CC-1020,Sales - Enterprise,Enterprise,111519.96,1.0,111519.96,"New Logo AE, Enterprise -- 100% to own segment; acquisition % = FY2025 Enterprise AE bookings mix",0.5737636670113491,63986.10119455897
2025-11-30,CC-1020,Sales - Enterprise,Mid-Market,111519.96,0.0,0.0,"New Logo AE, Enterprise -- 100% to own segment; acquisition % = FY2025 Enterprise AE bookings mix",0.5737636670113491,0.0
2025-11-30,CC-1020,Sales - Enterprise,SMB,111519.96,0.0,0.0,"New Logo AE, Enterprise -- 100% to own segment; acquisition % = FY2025 Enterprise AE bookings mix",0.5737636670113491,0.0
2025-11-30,CC-1030,Sales Development,Enterprise,71014.47,0.25,17753.6175,SDR -- 100% acquisition (PHASE1_SPEC 8.5); split across segments by FY2025 active AE headcount,1.0,17753.6175
2025-11-30,CC-1030,Sales Development,Mid-Market,71014.47,0.4375,31068.830625000002,SDR -- 100% acquisition (PHASE1_SPEC 8.5); split across segments by FY2025 active AE headcount,1.0,31068.830625000002
2025-11-30,CC-1030,Sales Development,SMB,71014.47,0.3125,22192.021875,SDR -- 100% acquisition (PHASE1_SPEC 8.5); split across segments by FY2025 active AE headcount,1.0,22192.021875
2025-11-30,CC-1040,Sales Operations,Enterprise,45675.39,0.25,11418.8475,Sales Ops / Solutions Engineering / Leadership -- split across segments by FY2025 active AE headcount; acquisition % = blended FY2025 AE bookings mix,0.5408151920295111,6175.486203468203
2025-11-30,CC-1040,Sales Operations,Mid-Market,45675.39,0.4375,19982.983125,Sales Ops / Solutions Engineering / Leadership -- split across segments by FY2025 active AE headcount; acquisition % = blended FY2025 AE bookings mix,0.5408151920295111,10807.100856069355
2025-11-30,CC-1040,Sales Operations,SMB,45675.39,0.3125,14273.559375,Sales Ops / Solutions Engineering / Leadership -- split across segments by FY2025 active AE headcount; acquisition % = blended FY2025 AE bookings mix,0.5408151920295111,7719.357754335254
2025-11-30,CC-1050,Solutions Engineering,Enterprise,37672.93,0.25,9418.2325,Sales Ops / Solutions Engineering / Leadership -- split across segments by FY2025 active AE headcount; acquisition % = blended FY2025 AE bookings mix,0.5408151920295111,5093.523218066082
2025-11-30,CC-1050,Solutions Engineering,Mid-Market,37672.93,0.4375,16481.906875,Sales Ops / Solutions Engineering / Leadership -- split across segments by FY2025 active AE headcount; acquisition % = blended FY2025 AE bookings mix,0.5408151920295111,8913.665631615644
2025-11-30,CC-1050,Solutions Engineering,SMB,37672.93,0.3125,11772.790625,Sales Ops / Solutions Engineering / Leadership -- split across segments by FY2025 active AE headcount; acquisition % = blended FY2025 AE bookings mix,0.5408151920295111,6366.904022582603
2025-11-30,CC-1060,Sales Leadership,Enterprise,36370.12,0.25,9092.53,Sales Ops / Solutions Engineering / Leadership -- split across segments by FY2025 active AE headcount; acquisition % = blended FY2025 AE bookings mix,0.5408151920295111,4917.378357984091
2025-11-30,CC-1060,Sales Leadership,Mid-Market,36370.12,0.4375,15911.927500000002,Sales Ops / Solutions Engineering / Leadership -- split across segments by FY2025 active AE headcount; acquisition % = blended FY2025 AE bookings mix,0.5408151920295111,8605.41212647216
2025-11-30,CC-1060,Sales Leadership,SMB,36370.12,0.3125,11365.6625,Sales Ops / Solutions Engineering / Leadership -- split across segments by FY2025 active AE headcount; acquisition % = blended FY2025 AE bookings mix,0.5408151920295111,6146.722947480113
2025-11-30,CC-1100,Demand Generation,Enterprise,408159.18,0.25,102039.795,Demand generation -- 100% acquisition (PHASE1_SPEC 8.5); split across segments by FY2025 active AE headcount,1.0,102039.795
2025-11-30,CC-1100,Demand Generation,Mid-Market,408159.18,0.4375,178569.64125,Demand generation -- 100% acquisition (PHASE1_SPEC 8.5); split across segments by FY2025 active AE headcount,1.0,178569.64125
2025-11-30,CC-1100,Demand Generation,SMB,408159.18,0.3125,127549.74375,Demand generation -- 100% acquisition (PHASE1_SPEC 8.5); split across segments by FY2025 active AE headcount,1.0,127549.74375
2025-11-30,CC-1110,Product Marketing,Enterprise,147675.59,0.25,36918.8975,Product Marketing (brand / content) -- 0% acquisition (PHASE1_SPEC 8.5),0.0,0.0
2025-11-30,CC-1110,Product Marketing,Mid-Market,147675.59,0.4375,64608.070625,Product Marketing (brand / content) -- 0% acquisition (PHASE1_SPEC 8.5),0.0,0.0
2025-11-30,CC-1110,Product Marketing,SMB,147675.59,0.3125,46148.621875,Product Marketing (brand / content) -- 0% acquisition (PHASE1_SPEC 8.5),0.0,0.0
2025-11-30,CC-1200,Customer Success,Enterprise,113995.14,0.25,28498.785,Customer Success -- 0% acquisition (PHASE1_SPEC 8.5),0.0,0.0
2025-11-30,CC-1200,Customer Success,Mid-Market,113995.14,0.4375,49872.87375,Customer Success -- 0% acquisition (PHASE1_SPEC 8.5),0.0,0.0
2025-11-30,CC-1200,Customer Success,SMB,113995.14,0.3125,35623.48125,Customer Success -- 0% acquisition (PHASE1_SPEC 8.5),0.0,0.0
2025-12-31,CC-1000,Sales - SMB,Enterprise,107053.82,0.0,0.0,"New Logo AE, SMB -- 100% to own segment; acquisition % = FY2025 SMB AE bookings mix",0.8680089553271375,0.0
2025-12-31,CC-1000,Sales - SMB,Mid-Market,107053.82,0.0,0.0,"New Logo AE, SMB -- 100% to own segment; acquisition % = FY2025 SMB AE bookings mix",0.8680089553271375,0.0
2025-12-31,CC-1000,Sales - SMB,SMB,107053.82,1.0,107053.82,"New Logo AE, SMB -- 100% to own segment; acquisition % = FY2025 SMB AE bookings mix",0.8680089553271375,92923.67446197942
2025-12-31,CC-1010,Sales - Mid-Market,Enterprise,152002.82,0.0,0.0,"New Logo AE, Mid-Market -- 100% to own segment; acquisition % = FY2025 Mid-Market AE bookings mix",0.4147782801896837,0.0
2025-12-31,CC-1010,Sales - Mid-Market,Mid-Market,152002.82,1.0,152002.82,"New Logo AE, Mid-Market -- 100% to own segment; acquisition % = FY2025 Mid-Market AE bookings mix",0.4147782801896837,63047.468263582065
2025-12-31,CC-1010,Sales - Mid-Market,SMB,152002.82,0.0,0.0,"New Logo AE, Mid-Market -- 100% to own segment; acquisition % = FY2025 Mid-Market AE bookings mix",0.4147782801896837,0.0
2025-12-31,CC-1020,Sales - Enterprise,Enterprise,108787.36,1.0,108787.36,"New Logo AE, Enterprise -- 100% to own segment; acquisition % = FY2025 Enterprise AE bookings mix",0.5737636670113491,62418.234598083756
2025-12-31,CC-1020,Sales - Enterprise,Mid-Market,108787.36,0.0,0.0,"New Logo AE, Enterprise -- 100% to own segment; acquisition % = FY2025 Enterprise AE bookings mix",0.5737636670113491,0.0
2025-12-31,CC-1020,Sales - Enterprise,SMB,108787.36,0.0,0.0,"New Logo AE, Enterprise -- 100% to own segment; acquisition % = FY2025 Enterprise AE bookings mix",0.5737636670113491,0.0
2025-12-31,CC-1030,Sales Development,Enterprise,71840.31,0.25,17960.0775,SDR -- 100% acquisition (PHASE1_SPEC 8.5); split across segments by FY2025 active AE headcount,1.0,17960.0775
2025-12-31,CC-1030,Sales Development,Mid-Market,71840.31,0.4375,31430.135625,SDR -- 100% acquisition (PHASE1_SPEC 8.5); split across segments by FY2025 active AE headcount,1.0,31430.135625
2025-12-31,CC-1030,Sales Development,SMB,71840.31,0.3125,22450.096875,SDR -- 100% acquisition (PHASE1_SPEC 8.5); split across segments by FY2025 active AE headcount,1.0,22450.096875
2025-12-31,CC-1040,Sales Operations,Enterprise,46580.47,0.25,11645.1175,Sales Ops / Solutions Engineering / Leadership -- split across segments by FY2025 active AE headcount; acquisition % = blended FY2025 AE bookings mix,0.5408151920295111,6297.8564569687205
2025-12-31,CC-1040,Sales Operations,Mid-Market,46580.47,0.4375,20378.955625000002,Sales Ops / Solutions Engineering / Leadership -- split across segments by FY2025 active AE headcount; acquisition % = blended FY2025 AE bookings mix,0.5408151920295111,11021.248799695262
2025-12-31,CC-1040,Sales Operations,SMB,46580.47,0.3125,14556.396875,Sales Ops / Solutions Engineering / Leadership -- split across segments by FY2025 active AE headcount; acquisition % = blended FY2025 AE bookings mix,0.5408151920295111,7872.320571210901
2025-12-31,CC-1050,Solutions Engineering,Enterprise,38456.70,0.25,9614.175,Sales Ops / Solutions Engineering / Leadership -- split across segments by FY2025 active AE headcount; acquisition % = blended FY2025 AE bookings mix,0.5408151920295111,5199.491898830324
2025-12-31,CC-1050,Solutions Engineering,Mid-Market,38456.70,0.4375,16824.806249999998,Sales Ops / Solutions Engineering / Leadership -- split across segments by FY2025 active AE headcount; acquisition % = blended FY2025 AE bookings mix,0.5408151920295111,9099.110822953067
2025-12-31,CC-1050,Solutions Engineering,SMB,38456.70,0.3125,12017.71875,Sales Ops / Solutions Engineering / Leadership -- split across segments by FY2025 active AE headcount; acquisition % = blended FY2025 AE bookings mix,0.5408151920295111,6499.3648735379065
2025-12-31,CC-1060,Sales Leadership,Enterprise,36918.11,0.25,9229.5275,Sales Ops / Solutions Engineering / Leadership -- split across segments by FY2025 active AE headcount; acquisition % = blended FY2025 AE bookings mix,0.5408151920295111,4991.468687254153
2025-12-31,CC-1060,Sales Leadership,Mid-Market,36918.11,0.4375,16151.673125000001,Sales Ops / Solutions Engineering / Leadership -- split across segments by FY2025 active AE headcount; acquisition % = blended FY2025 AE bookings mix,0.5408151920295111,8735.07020269477
2025-12-31,CC-1060,Sales Leadership,SMB,36918.11,0.3125,11536.909375,Sales Ops / Solutions Engineering / Leadership -- split across segments by FY2025 active AE headcount; acquisition % = blended FY2025 AE bookings mix,0.5408151920295111,6239.335859067692
2025-12-31,CC-1100,Demand Generation,Enterprise,395374.21,0.25,98843.5525,Demand generation -- 100% acquisition (PHASE1_SPEC 8.5); split across segments by FY2025 active AE headcount,1.0,98843.5525
2025-12-31,CC-1100,Demand Generation,Mid-Market,395374.21,0.4375,172976.216875,Demand generation -- 100% acquisition (PHASE1_SPEC 8.5); split across segments by FY2025 active AE headcount,1.0,172976.216875
2025-12-31,CC-1100,Demand Generation,SMB,395374.21,0.3125,123554.440625,Demand generation -- 100% acquisition (PHASE1_SPEC 8.5); split across segments by FY2025 active AE headcount,1.0,123554.440625
2025-12-31,CC-1110,Product Marketing,Enterprise,145255.91,0.25,36313.9775,Product Marketing (brand / content) -- 0% acquisition (PHASE1_SPEC 8.5),0.0,0.0
2025-12-31,CC-1110,Product Marketing,Mid-Market,145255.91,0.4375,63549.460625,Product Marketing (brand / content) -- 0% acquisition (PHASE1_SPEC 8.5),0.0,0.0
2025-12-31,CC-1110,Product Marketing,SMB,145255.91,0.3125,45392.471875,Product Marketing (brand / content) -- 0% acquisition (PHASE1_SPEC 8.5),0.0,0.0
2025-12-31,CC-1200,Customer Success,Enterprise,108583.52,0.25,27145.88,Customer Success -- 0% acquisition (PHASE1_SPEC 8.5),0.0,0.0
2025-12-31,CC-1200,Customer Success,Mid-Market,108583.52,0.4375,47505.29,Customer Success -- 0% acquisition (PHASE1_SPEC 8.5),0.0,0.0
2025-12-31,CC-1200,Customer Success,SMB,108583.52,0.3125,33932.35,Customer Success -- 0% acquisition (PHASE1_SPEC 8.5),0.0,0.0
2026-01-31,CC-1000,Sales - SMB,Enterprise,103581.42,0.0,0.0,"New Logo AE, SMB -- 100% to own segment; acquisition % = FY2025 SMB AE bookings mix",0.8680089553271375,0.0
2026-01-31,CC-1000,Sales - SMB,Mid-Market,103581.42,0.0,0.0,"New Logo AE, SMB -- 100% to own segment; acquisition % = FY2025 SMB AE bookings mix",0.8680089553271375,0.0
2026-01-31,CC-1000,Sales - SMB,SMB,103581.42,1.0,103581.42,"New Logo AE, SMB -- 100% to own segment; acquisition % = FY2025 SMB AE bookings mix",0.8680089553271375,89909.60016550147
2026-01-31,CC-1010,Sales - Mid-Market,Enterprise,156162.60,0.0,0.0,"New Logo AE, Mid-Market -- 100% to own segment; acquisition % = FY2025 Mid-Market AE bookings mix",0.4147782801896837,0.0
2026-01-31,CC-1010,Sales - Mid-Market,Mid-Market,156162.60,1.0,156162.6,"New Logo AE, Mid-Market -- 100% to own segment; acquisition % = FY2025 Mid-Market AE bookings mix",0.4147782801896837,64772.8546579495
2026-01-31,CC-1010,Sales - Mid-Market,SMB,156162.60,0.0,0.0,"New Logo AE, Mid-Market -- 100% to own segment; acquisition % = FY2025 Mid-Market AE bookings mix",0.4147782801896837,0.0
2026-01-31,CC-1020,Sales - Enterprise,Enterprise,103054.61,1.0,103054.61,"New Logo AE, Enterprise -- 100% to own segment; acquisition % = FY2025 Enterprise AE bookings mix",0.5737636670113491,59128.99093602444
2026-01-31,CC-1020,Sales - Enterprise,Mid-Market,103054.61,0.0,0.0,"New Logo AE, Enterprise -- 100% to own segment; acquisition % = FY2025 Enterprise AE bookings mix",0.5737636670113491,0.0
2026-01-31,CC-1020,Sales - Enterprise,SMB,103054.61,0.0,0.0,"New Logo AE, Enterprise -- 100% to own segment; acquisition % = FY2025 Enterprise AE bookings mix",0.5737636670113491,0.0
2026-01-31,CC-1030,Sales Development,Enterprise,82517.96,0.25,20629.49,SDR -- 100% acquisition (PHASE1_SPEC 8.5); split across segments by FY2025 active AE headcount,1.0,20629.49
2026-01-31,CC-1030,Sales Development,Mid-Market,82517.96,0.4375,36101.607500000006,SDR -- 100% acquisition (PHASE1_SPEC 8.5); split across segments by FY2025 active AE headcount,1.0,36101.607500000006
2026-01-31,CC-1030,Sales Development,SMB,82517.96,0.3125,25786.862500000003,SDR -- 100% acquisition (PHASE1_SPEC 8.5); split across segments by FY2025 active AE headcount,1.0,25786.862500000003
2026-01-31,CC-1040,Sales Operations,Enterprise,45702.13,0.25,11425.5325,Sales Ops / Solutions Engineering / Leadership -- split across segments by FY2025 active AE headcount; acquisition % = blended FY2025 AE bookings mix,0.5408151920295111,6179.10155302692
2026-01-31,CC-1040,Sales Operations,Mid-Market,45702.13,0.4375,19994.681875,Sales Ops / Solutions Engineering / Leadership -- split across segments by FY2025 active AE headcount; acquisition % = blended FY2025 AE bookings mix,0.5408151920295111,10813.427717797109
2026-01-31,CC-1040,Sales Operations,SMB,45702.13,0.3125,14281.915625,Sales Ops / Solutions Engineering / Leadership -- split across segments by FY2025 active AE headcount; acquisition % = blended FY2025 AE bookings mix,0.5408151920295111,7723.87694128365
2026-01-31,CC-1050,Solutions Engineering,Enterprise,37860.50,0.25,9465.125,Sales Ops / Solutions Engineering / Leadership -- split across segments by FY2025 active AE headcount; acquisition % = blended FY2025 AE bookings mix,0.5408151920295111,5118.883394458327
2026-01-31,CC-1050,Solutions Engineering,Mid-Market,37860.50,0.4375,16563.96875,Sales Ops / Solutions Engineering / Leadership -- split across segments by FY2025 active AE headcount; acquisition % = blended FY2025 AE bookings mix,0.5408151920295111,8958.04594030207
2026-01-31,CC-1050,Solutions Engineering,SMB,37860.50,0.3125,11831.40625,Sales Ops / Solutions Engineering / Leadership -- split across segments by FY2025 active AE headcount; acquisition % = blended FY2025 AE bookings mix,0.5408151920295111,6398.604243072908
2026-01-31,CC-1060,Sales Leadership,Enterprise,47860.67,0.25,11965.1675,Sales Ops / Solutions Engineering / Leadership -- split across segments by FY2025 active AE headcount; acquisition % = blended FY2025 AE bookings mix,0.5408151920295111,6470.944359177765
2026-01-31,CC-1060,Sales Leadership,Mid-Market,47860.67,0.4375,20939.043125,Sales Ops / Solutions Engineering / Leadership -- split across segments by FY2025 active AE headcount; acquisition % = blended FY2025 AE bookings mix,0.5408151920295111,11324.152628561089
2026-01-31,CC-1060,Sales Leadership,SMB,47860.67,0.3125,14956.459374999999,Sales Ops / Solutions Engineering / Leadership -- split across segments by FY2025 active AE headcount; acquisition % = blended FY2025 AE bookings mix,0.5408151920295111,8088.680448972206
2026-01-31,CC-1100,Demand Generation,Enterprise,280279.80,0.25,70069.95,Demand generation -- 100% acquisition (PHASE1_SPEC 8.5); split across segments by FY2025 active AE headcount,1.0,70069.95
2026-01-31,CC-1100,Demand Generation,Mid-Market,280279.80,0.4375,122622.41249999999,Demand generation -- 100% acquisition (PHASE1_SPEC 8.5); split across segments by FY2025 active AE headcount,1.0,122622.41249999999
2026-01-31,CC-1100,Demand Generation,SMB,280279.80,0.3125,87587.4375,Demand generation -- 100% acquisition (PHASE1_SPEC 8.5); split across segments by FY2025 active AE headcount,1.0,87587.4375
2026-01-31,CC-1110,Product Marketing,Enterprise,121423.22,0.25,30355.805,Product Marketing (brand / content) -- 0% acquisition (PHASE1_SPEC 8.5),0.0,0.0
2026-01-31,CC-1110,Product Marketing,Mid-Market,121423.22,0.4375,53122.65875,Product Marketing (brand / content) -- 0% acquisition (PHASE1_SPEC 8.5),0.0,0.0
2026-01-31,CC-1110,Product Marketing,SMB,121423.22,0.3125,37944.75625,Product Marketing (brand / content) -- 0% acquisition (PHASE1_SPEC 8.5),0.0,0.0
2026-01-31,CC-1200,Customer Success,Enterprise,114295.24,0.25,28573.81,Customer Success -- 0% acquisition (PHASE1_SPEC 8.5),0.0,0.0
2026-01-31,CC-1200,Customer Success,Mid-Market,114295.24,0.4375,50004.1675,Customer Success -- 0% acquisition (PHASE1_SPEC 8.5),0.0,0.0
2026-01-31,CC-1200,Customer Success,SMB,114295.24,0.3125,35717.262500000004,Customer Success -- 0% acquisition (PHASE1_SPEC 8.5),0.0,0.0
2026-02-28,CC-1000,Sales - SMB,Enterprise,114611.05,0.0,0.0,"New Logo AE, SMB -- 100% to own segment; acquisition % = FY2025 SMB AE bookings mix",0.8680089553271375,0.0
2026-02-28,CC-1000,Sales - SMB,Mid-Market,114611.05,0.0,0.0,"New Logo AE, SMB -- 100% to own segment; acquisition % = FY2025 SMB AE bookings mix",0.8680089553271375,0.0
2026-02-28,CC-1000,Sales - SMB,SMB,114611.05,1.0,114611.05,"New Logo AE, SMB -- 100% to own segment; acquisition % = FY2025 SMB AE bookings mix",0.8680089553271375,99483.41777944633
2026-02-28,CC-1010,Sales - Mid-Market,Enterprise,155899.24,0.0,0.0,"New Logo AE, Mid-Market -- 100% to own segment; acquisition % = FY2025 Mid-Market AE bookings mix",0.4147782801896837,0.0
2026-02-28,CC-1010,Sales - Mid-Market,Mid-Market,155899.24,1.0,155899.24,"New Logo AE, Mid-Market -- 100% to own segment; acquisition % = FY2025 Mid-Market AE bookings mix",0.4147782801896837,64663.618650078744
2026-02-28,CC-1010,Sales - Mid-Market,SMB,155899.24,0.0,0.0,"New Logo AE, Mid-Market -- 100% to own segment; acquisition % = FY2025 Mid-Market AE bookings mix",0.4147782801896837,0.0
2026-02-28,CC-1020,Sales - Enterprise,Enterprise,102275.57,1.0,102275.57,"New Logo AE, Enterprise -- 100% to own segment; acquisition % = FY2025 Enterprise AE bookings mix",0.5737636670113491,58682.006088875925
2026-02-28,CC-1020,Sales - Enterprise,Mid-Market,102275.57,0.0,0.0,"New Logo AE, Enterprise -- 100% to own segment; acquisition % = FY2025 Enterprise AE bookings mix",0.5737636670113491,0.0
2026-02-28,CC-1020,Sales - Enterprise,SMB,102275.57,0.0,0.0,"New Logo AE, Enterprise -- 100% to own segment; acquisition % = FY2025 Enterprise AE bookings mix",0.5737636670113491,0.0
2026-02-28,CC-1030,Sales Development,Enterprise,93834.39,0.25,23458.5975,SDR -- 100% acquisition (PHASE1_SPEC 8.5); split across segments by FY2025 active AE headcount,1.0,23458.5975
2026-02-28,CC-1030,Sales Development,Mid-Market,93834.39,0.4375,41052.545625,SDR -- 100% acquisition (PHASE1_SPEC 8.5); split across segments by FY2025 active AE headcount,1.0,41052.545625
2026-02-28,CC-1030,Sales Development,SMB,93834.39,0.3125,29323.246875,SDR -- 100% acquisition (PHASE1_SPEC 8.5); split across segments by FY2025 active AE headcount,1.0,29323.246875
2026-02-28,CC-1040,Sales Operations,Enterprise,31839.20,0.25,7959.8,Sales Ops / Solutions Engineering / Leadership -- split across segments by FY2025 active AE headcount; acquisition % = blended FY2025 AE bookings mix,0.5408151920295111,4304.7807655165025
2026-02-28,CC-1040,Sales Operations,Mid-Market,31839.20,0.4375,13929.65,Sales Ops / Solutions Engineering / Leadership -- split across segments by FY2025 active AE headcount; acquisition % = blended FY2025 AE bookings mix,0.5408151920295111,7533.36633965388
2026-02-28,CC-1040,Sales Operations,SMB,31839.20,0.3125,9949.75,Sales Ops / Solutions Engineering / Leadership -- split across segments by FY2025 active AE headcount; acquisition % = blended FY2025 AE bookings mix,0.5408151920295111,5380.975956895628
2026-02-28,CC-1050,Solutions Engineering,Enterprise,37583.30,0.25,9395.825,Sales Ops / Solutions Engineering / Leadership -- split across segments by FY2025 active AE headcount; acquisition % = blended FY2025 AE bookings mix,0.5408151920295111,5081.4049016506815
2026-02-28,CC-1050,Solutions Engineering,Mid-Market,37583.30,0.4375,16442.693750000002,Sales Ops / Solutions Engineering / Leadership -- split across segments by FY2025 active AE headcount; acquisition % = blended FY2025 AE bookings mix,0.5408151920295111,8892.458577888694
2026-02-28,CC-1050,Solutions Engineering,SMB,37583.30,0.3125,11744.78125,Sales Ops / Solutions Engineering / Leadership -- split across segments by FY2025 active AE headcount; acquisition % = blended FY2025 AE bookings mix,0.5408151920295111,6351.756127063351
2026-02-28,CC-1060,Sales Leadership,Enterprise,36845.61,0.25,9211.4025,Sales Ops / Solutions Engineering / Leadership -- split across segments by FY2025 active AE headcount; acquisition % = blended FY2025 AE bookings mix,0.5408151920295111,4981.666411898619
2026-02-28,CC-1060,Sales Leadership,Mid-Market,36845.61,0.4375,16119.954375000001,Sales Ops / Solutions Engineering / Leadership -- split across segments by FY2025 active AE headcount; acquisition % = blended FY2025 AE bookings mix,0.5408151920295111,8717.916220822584
2026-02-28,CC-1060,Sales Leadership,SMB,36845.61,0.3125,11514.253125,Sales Ops / Solutions Engineering / Leadership -- split across segments by FY2025 active AE headcount; acquisition % = blended FY2025 AE bookings mix,0.5408151920295111,6227.083014873273
2026-02-28,CC-1100,Demand Generation,Enterprise,298505.93,0.25,74626.4825,Demand generation -- 100% acquisition (PHASE1_SPEC 8.5); split across segments by FY2025 active AE headcount,1.0,74626.4825
2026-02-28,CC-1100,Demand Generation,Mid-Market,298505.93,0.4375,130596.344375,Demand generation -- 100% acquisition (PHASE1_SPEC 8.5); split across segments by FY2025 active AE headcount,1.0,130596.344375
2026-02-28,CC-1100,Demand Generation,SMB,298505.93,0.3125,93283.103125,Demand generation -- 100% acquisition (PHASE1_SPEC 8.5); split across segments by FY2025 active AE headcount,1.0,93283.103125
2026-02-28,CC-1110,Product Marketing,Enterprise,128721.91,0.25,32180.4775,Product Marketing (brand / content) -- 0% acquisition (PHASE1_SPEC 8.5),0.0,0.0
2026-02-28,CC-1110,Product Marketing,Mid-Market,128721.91,0.4375,56315.835625,Product Marketing (brand / content) -- 0% acquisition (PHASE1_SPEC 8.5),0.0,0.0
2026-02-28,CC-1110,Product Marketing,SMB,128721.91,0.3125,40225.596875,Product Marketing (brand / content) -- 0% acquisition (PHASE1_SPEC 8.5),0.0,0.0
2026-02-28,CC-1200,Customer Success,Enterprise,110908.58,0.25,27727.145,Customer Success -- 0% acquisition (PHASE1_SPEC 8.5),0.0,0.0
2026-02-28,CC-1200,Customer Success,Mid-Market,110908.58,0.4375,48522.50375,Customer Success -- 0% acquisition (PHASE1_SPEC 8.5),0.0,0.0
2026-02-28,CC-1200,Customer Success,SMB,110908.58,0.3125,34658.93125,Customer Success -- 0% acquisition (PHASE1_SPEC 8.5),0.0,0.0
2026-03-31,CC-1000,Sales - SMB,Enterprise,155618.88,0.0,0.0,"New Logo AE, SMB -- 100% to own segment; acquisition % = FY2025 SMB AE bookings mix",0.8680089553271375,0.0
2026-03-31,CC-1000,Sales - SMB,Mid-Market,155618.88,0.0,0.0,"New Logo AE, SMB -- 100% to own segment; acquisition % = FY2025 SMB AE bookings mix",0.8680089553271375,0.0
2026-03-31,CC-1000,Sales - SMB,SMB,155618.88,1.0,155618.88,"New Logo AE, SMB -- 100% to own segment; acquisition % = FY2025 SMB AE bookings mix",0.8680089553271375,135078.5814579792
2026-03-31,CC-1010,Sales - Mid-Market,Enterprise,163690.73,0.0,0.0,"New Logo AE, Mid-Market -- 100% to own segment; acquisition % = FY2025 Mid-Market AE bookings mix",0.4147782801896837,0.0
2026-03-31,CC-1010,Sales - Mid-Market,Mid-Market,163690.73,1.0,163690.73,"New Logo AE, Mid-Market -- 100% to own segment; acquisition % = FY2025 Mid-Market AE bookings mix",0.4147782801896837,67895.35947239387
2026-03-31,CC-1010,Sales - Mid-Market,SMB,163690.73,0.0,0.0,"New Logo AE, Mid-Market -- 100% to own segment; acquisition % = FY2025 Mid-Market AE bookings mix",0.4147782801896837,0.0
2026-03-31,CC-1020,Sales - Enterprise,Enterprise,104213.01,1.0,104213.01,"New Logo AE, Enterprise -- 100% to own segment; acquisition % = FY2025 Enterprise AE bookings mix",0.5737636670113491,59793.638767890385
2026-03-31,CC-1020,Sales - Enterprise,Mid-Market,104213.01,0.0,0.0,"New Logo AE, Enterprise -- 100% to own segment; acquisition % = FY2025 Enterprise AE bookings mix",0.5737636670113491,0.0
2026-03-31,CC-1020,Sales - Enterprise,SMB,104213.01,0.0,0.0,"New Logo AE, Enterprise -- 100% to own segment; acquisition % = FY2025 Enterprise AE bookings mix",0.5737636670113491,0.0
2026-03-31,CC-1030,Sales Development,Enterprise,86152.53,0.25,21538.1325,SDR -- 100% acquisition (PHASE1_SPEC 8.5); split across segments by FY2025 active AE headcount,1.0,21538.1325
2026-03-31,CC-1030,Sales Development,Mid-Market,86152.53,0.4375,37691.731875,SDR -- 100% acquisition (PHASE1_SPEC 8.5); split across segments by FY2025 active AE headcount,1.0,37691.731875
2026-03-31,CC-1030,Sales Development,SMB,86152.53,0.3125,26922.665625,SDR -- 100% acquisition (PHASE1_SPEC 8.5); split across segments by FY2025 active AE headcount,1.0,26922.665625
2026-03-31,CC-1040,Sales Operations,Enterprise,31900.81,0.25,7975.2025,Sales Ops / Solutions Engineering / Leadership -- split across segments by FY2025 active AE headcount; acquisition % = blended FY2025 AE bookings mix,0.5408151920295111,4313.110671511738
2026-03-31,CC-1040,Sales Operations,Mid-Market,31900.81,0.4375,13956.604375,Sales Ops / Solutions Engineering / Leadership -- split across segments by FY2025 active AE headcount; acquisition % = blended FY2025 AE bookings mix,0.5408151920295111,7547.9436751455405
2026-03-31,CC-1040,Sales Operations,SMB,31900.81,0.3125,9969.003125000001,Sales Ops / Solutions Engineering / Leadership -- split across segments by FY2025 active AE headcount; acquisition % = blended FY2025 AE bookings mix,0.5408151920295111,5391.388339389672
2026-03-31,CC-1050,Solutions Engineering,Enterprise,51792.69,0.25,12948.1725,Sales Ops / Solutions Engineering / Leadership -- split across segments by FY2025 active AE headcount; acquisition % = blended FY2025 AE bookings mix,0.5408151920295111,7002.568397018736
2026-03-31,CC-1050,Solutions Engineering,Mid-Market,51792.69,0.4375,22659.301875,Sales Ops / Solutions Engineering / Leadership -- split across segments by FY2025 active AE headcount; acquisition % = blended FY2025 AE bookings mix,0.5408151920295111,12254.494694782787
2026-03-31,CC-1050,Solutions Engineering,SMB,51792.69,0.3125,16185.215625,Sales Ops / Solutions Engineering / Leadership -- split across segments by FY2025 active AE headcount; acquisition % = blended FY2025 AE bookings mix,0.5408151920295111,8753.21049627342
2026-03-31,CC-1060,Sales Leadership,Enterprise,37089.95,0.25,9272.4875,Sales Ops / Solutions Engineering / Leadership -- split across segments by FY2025 active AE headcount; acquisition % = blended FY2025 AE bookings mix,0.5408151920295111,5014.702107903741
2026-03-31,CC-1060,Sales Leadership,Mid-Market,37089.95,0.4375,16226.853124999998,Sales Ops / Solutions Engineering / Leadership -- split across segments by FY2025 active AE headcount; acquisition % = blended FY2025 AE bookings mix,0.5408151920295111,8775.728688831547
2026-03-31,CC-1060,Sales Leadership,SMB,37089.95,0.3125,11590.609375,Sales Ops / Solutions Engineering / Leadership -- split across segments by FY2025 active AE headcount; acquisition % = blended FY2025 AE bookings mix,0.5408151920295111,6268.377634879676
2026-03-31,CC-1100,Demand Generation,Enterprise,329521.48,0.25,82380.37,Demand generation -- 100% acquisition (PHASE1_SPEC 8.5); split across segments by FY2025 active AE headcount,1.0,82380.37
2026-03-31,CC-1100,Demand Generation,Mid-Market,329521.48,0.4375,144165.6475,Demand generation -- 100% acquisition (PHASE1_SPEC 8.5); split across segments by FY2025 active AE headcount,1.0,144165.6475
2026-03-31,CC-1100,Demand Generation,SMB,329521.48,0.3125,102975.4625,Demand generation -- 100% acquisition (PHASE1_SPEC 8.5); split across segments by FY2025 active AE headcount,1.0,102975.4625
2026-03-31,CC-1110,Product Marketing,Enterprise,127969.16,0.25,31992.29,Product Marketing (brand / content) -- 0% acquisition (PHASE1_SPEC 8.5),0.0,0.0
2026-03-31,CC-1110,Product Marketing,Mid-Market,127969.16,0.4375,55986.5075,Product Marketing (brand / content) -- 0% acquisition (PHASE1_SPEC 8.5),0.0,0.0
2026-03-31,CC-1110,Product Marketing,SMB,127969.16,0.3125,39990.3625,Product Marketing (brand / content) -- 0% acquisition (PHASE1_SPEC 8.5),0.0,0.0
2026-03-31,CC-1200,Customer Success,Enterprise,115080.01,0.25,28770.0025,Customer Success -- 0% acquisition (PHASE1_SPEC 8.5),0.0,0.0
2026-03-31,CC-1200,Customer Success,Mid-Market,115080.01,0.4375,50347.504375,Customer Success -- 0% acquisition (PHASE1_SPEC 8.5),0.0,0.0
2026-03-31,CC-1200,Customer Success,SMB,115080.01,0.3125,35962.503124999996,Customer Success -- 0% acquisition (PHASE1_SPEC 8.5),0.0,0.0
2026-04-30,CC-1000,Sales - SMB,Enterprise,145452.56,0.0,0.0,"New Logo AE, SMB -- 100% to own segment; acquisition % = FY2025 SMB AE bookings mix",0.8680089553271375,0.0
2026-04-30,CC-1000,Sales - SMB,Mid-Market,145452.56,0.0,0.0,"New Logo AE, SMB -- 100% to own segment; acquisition % = FY2025 SMB AE bookings mix",0.8680089553271375,0.0
2026-04-30,CC-1000,Sales - SMB,SMB,145452.56,1.0,145452.56,"New Logo AE, SMB -- 100% to own segment; acquisition % = FY2025 SMB AE bookings mix",0.8680089553271375,126254.12465525778
2026-04-30,CC-1010,Sales - Mid-Market,Enterprise,158740.99,0.0,0.0,"New Logo AE, Mid-Market -- 100% to own segment; acquisition % = FY2025 Mid-Market AE bookings mix",0.4147782801896837,0.0
2026-04-30,CC-1010,Sales - Mid-Market,Mid-Market,158740.99,1.0,158740.99,"New Logo AE, Mid-Market -- 100% to own segment; acquisition % = FY2025 Mid-Market AE bookings mix",0.4147782801896837,65842.31482780777
2026-04-30,CC-1010,Sales - Mid-Market,SMB,158740.99,0.0,0.0,"New Logo AE, Mid-Market -- 100% to own segment; acquisition % = FY2025 Mid-Market AE bookings mix",0.4147782801896837,0.0
2026-04-30,CC-1020,Sales - Enterprise,Enterprise,124675.03,1.0,124675.03,"New Logo AE, Enterprise -- 100% to own segment; acquisition % = FY2025 Enterprise AE bookings mix",0.5737636670113491,71534.00239754995
2026-04-30,CC-1020,Sales - Enterprise,Mid-Market,124675.03,0.0,0.0,"New Logo AE, Enterprise -- 100% to own segment; acquisition % = FY2025 Enterprise AE bookings mix",0.5737636670113491,0.0
2026-04-30,CC-1020,Sales - Enterprise,SMB,124675.03,0.0,0.0,"New Logo AE, Enterprise -- 100% to own segment; acquisition % = FY2025 Enterprise AE bookings mix",0.5737636670113491,0.0
2026-04-30,CC-1030,Sales Development,Enterprise,86522.79,0.25,21630.6975,SDR -- 100% acquisition (PHASE1_SPEC 8.5); split across segments by FY2025 active AE headcount,1.0,21630.6975
2026-04-30,CC-1030,Sales Development,Mid-Market,86522.79,0.4375,37853.720624999994,SDR -- 100% acquisition (PHASE1_SPEC 8.5); split across segments by FY2025 active AE headcount,1.0,37853.720624999994
2026-04-30,CC-1030,Sales Development,SMB,86522.79,0.3125,27038.371874999997,SDR -- 100% acquisition (PHASE1_SPEC 8.5); split across segments by FY2025 active AE headcount,1.0,27038.371874999997
2026-04-30,CC-1040,Sales Operations,Enterprise,31747.64,0.25,7936.91,Sales Ops / Solutions Engineering / Leadership -- split across segments by FY2025 active AE headcount; acquisition % = blended FY2025 AE bookings mix,0.5408151920295111,4292.401505770947
2026-04-30,CC-1040,Sales Operations,Mid-Market,31747.64,0.4375,13889.592499999999,Sales Ops / Solutions Engineering / Leadership -- split across segments by FY2025 active AE headcount; acquisition % = blended FY2025 AE bookings mix,0.5408151920295111,7511.702635099156
2026-04-30,CC-1040,Sales Operations,SMB,31747.64,0.3125,9921.1375,Sales Ops / Solutions Engineering / Leadership -- split across segments by FY2025 active AE headcount; acquisition % = blended FY2025 AE bookings mix,0.5408151920295111,5365.501882213684
2026-04-30,CC-1050,Solutions Engineering,Enterprise,61536.04,0.25,15384.01,Sales Ops / Solutions Engineering / Leadership -- split across segments by FY2025 active AE headcount; acquisition % = blended FY2025 AE bookings mix,0.5408151920295111,8319.90632233392
2026-04-30,CC-1050,Solutions Engineering,Mid-Market,61536.04,0.4375,26922.0175,Sales Ops / Solutions Engineering / Leadership -- split across segments by FY2025 active AE headcount; acquisition % = blended FY2025 AE bookings mix,0.5408151920295111,14559.83606408436
2026-04-30,CC-1050,Solutions Engineering,SMB,61536.04,0.3125,19230.0125,Sales Ops / Solutions Engineering / Leadership -- split across segments by FY2025 active AE headcount; acquisition % = blended FY2025 AE bookings mix,0.5408151920295111,10399.8829029174
2026-04-30,CC-1060,Sales Leadership,Enterprise,22931.22,0.25,5732.805,Sales Ops / Solutions Engineering / Leadership -- split across segments by FY2025 active AE headcount; acquisition % = blended FY2025 AE bookings mix,0.5408151920295111,3100.3880369427416
2026-04-30,CC-1060,Sales Leadership,Mid-Market,22931.22,0.4375,10032.40875,Sales Ops / Solutions Engineering / Leadership -- split across segments by FY2025 active AE headcount; acquisition % = blended FY2025 AE bookings mix,0.5408151920295111,5425.6790646497975
2026-04-30,CC-1060,Sales Leadership,SMB,22931.22,0.3125,7166.00625,Sales Ops / Solutions Engineering / Leadership -- split across segments by FY2025 active AE headcount; acquisition % = blended FY2025 AE bookings mix,0.5408151920295111,3875.485046178427
2026-04-30,CC-1100,Demand Generation,Enterprise,431305.08,0.25,107826.27,Demand generation -- 100% acquisition (PHASE1_SPEC 8.5); split across segments by FY2025 active AE headcount,1.0,107826.27
2026-04-30,CC-1100,Demand Generation,Mid-Market,431305.08,0.4375,188695.9725,Demand generation -- 100% acquisition (PHASE1_SPEC 8.5); split across segments by FY2025 active AE headcount,1.0,188695.9725
2026-04-30,CC-1100,Demand Generation,SMB,431305.08,0.3125,134782.8375,Demand generation -- 100% acquisition (PHASE1_SPEC 8.5); split across segments by FY2025 active AE headcount,1.0,134782.8375
2026-04-30,CC-1110,Product Marketing,Enterprise,142854.74,0.25,35713.685,Product Marketing (brand / content) -- 0% acquisition (PHASE1_SPEC 8.5),0.0,0.0
2026-04-30,CC-1110,Product Marketing,Mid-Market,142854.74,0.4375,62498.948749999996,Product Marketing (brand / content) -- 0% acquisition (PHASE1_SPEC 8.5),0.0,0.0
2026-04-30,CC-1110,Product Marketing,SMB,142854.74,0.3125,44642.10625,Product Marketing (brand / content) -- 0% acquisition (PHASE1_SPEC 8.5),0.0,0.0
2026-04-30,CC-1200,Customer Success,Enterprise,119087.43,0.25,29771.8575,Customer Success -- 0% acquisition (PHASE1_SPEC 8.5),0.0,0.0
2026-04-30,CC-1200,Customer Success,Mid-Market,119087.43,0.4375,52100.750625,Customer Success -- 0% acquisition (PHASE1_SPEC 8.5),0.0,0.0
2026-04-30,CC-1200,Customer Success,SMB,119087.43,0.3125,37214.821874999994,Customer Success -- 0% acquisition (PHASE1_SPEC 8.5),0.0,0.0
2026-05-31,CC-1000,Sales - SMB,Enterprise,143437.14,0.0,0.0,"New Logo AE, SMB -- 100% to own segment; acquisition % = FY2025 SMB AE bookings mix",0.8680089553271375,0.0
2026-05-31,CC-1000,Sales - SMB,Mid-Market,143437.14,0.0,0.0,"New Logo AE, SMB -- 100% to own segment; acquisition % = FY2025 SMB AE bookings mix",0.8680089553271375,0.0
2026-05-31,CC-1000,Sales - SMB,SMB,143437.14,1.0,143437.14,"New Logo AE, SMB -- 100% to own segment; acquisition % = FY2025 SMB AE bookings mix",0.8680089553271375,124504.72204651238
2026-05-31,CC-1010,Sales - Mid-Market,Enterprise,140986.20,0.0,0.0,"New Logo AE, Mid-Market -- 100% to own segment; acquisition % = FY2025 Mid-Market AE bookings mix",0.4147782801896837,0.0
2026-05-31,CC-1010,Sales - Mid-Market,Mid-Market,140986.20,1.0,140986.2,"New Logo AE, Mid-Market -- 100% to own segment; acquisition % = FY2025 Mid-Market AE bookings mix",0.4147782801896837,58478.01356647879
2026-05-31,CC-1010,Sales - Mid-Market,SMB,140986.20,0.0,0.0,"New Logo AE, Mid-Market -- 100% to own segment; acquisition % = FY2025 Mid-Market AE bookings mix",0.4147782801896837,0.0
2026-05-31,CC-1020,Sales - Enterprise,Enterprise,109374.43,1.0,109374.43,"New Logo AE, Enterprise -- 100% to own segment; acquisition % = FY2025 Enterprise AE bookings mix",0.5737636670113491,62755.074034076104
2026-05-31,CC-1020,Sales - Enterprise,Mid-Market,109374.43,0.0,0.0,"New Logo AE, Enterprise -- 100% to own segment; acquisition % = FY2025 Enterprise AE bookings mix",0.5737636670113491,0.0
2026-05-31,CC-1020,Sales - Enterprise,SMB,109374.43,0.0,0.0,"New Logo AE, Enterprise -- 100% to own segment; acquisition % = FY2025 Enterprise AE bookings mix",0.5737636670113491,0.0
2026-05-31,CC-1030,Sales Development,Enterprise,86008.32,0.25,21502.08,SDR -- 100% acquisition (PHASE1_SPEC 8.5); split across segments by FY2025 active AE headcount,1.0,21502.08
2026-05-31,CC-1030,Sales Development,Mid-Market,86008.32,0.4375,37628.64,SDR -- 100% acquisition (PHASE1_SPEC 8.5); split across segments by FY2025 active AE headcount,1.0,37628.64
2026-05-31,CC-1030,Sales Development,SMB,86008.32,0.3125,26877.600000000002,SDR -- 100% acquisition (PHASE1_SPEC 8.5); split across segments by FY2025 active AE headcount,1.0,26877.600000000002
2026-05-31,CC-1040,Sales Operations,Enterprise,31826.36,0.25,7956.59,Sales Ops / Solutions Engineering / Leadership -- split across segments by FY2025 active AE headcount; acquisition % = blended FY2025 AE bookings mix,0.5408151920295111,4303.044748750088
2026-05-31,CC-1040,Sales Operations,Mid-Market,31826.36,0.4375,13924.032500000001,Sales Ops / Solutions Engineering / Leadership -- split across segments by FY2025 active AE headcount; acquisition % = blended FY2025 AE bookings mix,0.5408151920295111,7530.328310312654
2026-05-31,CC-1040,Sales Operations,SMB,31826.36,0.3125,9945.7375,Sales Ops / Solutions Engineering / Leadership -- split across segments by FY2025 active AE headcount; acquisition % = blended FY2025 AE bookings mix,0.5408151920295111,5378.805935937609
2026-05-31,CC-1050,Solutions Engineering,Enterprise,51337.89,0.25,12834.4725,Sales Ops / Solutions Engineering / Leadership -- split across segments by FY2025 active AE headcount; acquisition % = blended FY2025 AE bookings mix,0.5408151920295111,6941.07770968498
2026-05-31,CC-1050,Solutions Engineering,Mid-Market,51337.89,0.4375,22460.326875,Sales Ops / Solutions Engineering / Leadership -- split across segments by FY2025 active AE headcount; acquisition % = blended FY2025 AE bookings mix,0.5408151920295111,12146.885991948713
2026-05-31,CC-1050,Solutions Engineering,SMB,51337.89,0.3125,16043.090625,Sales Ops / Solutions Engineering / Leadership -- split across segments by FY2025 active AE headcount; acquisition % = blended FY2025 AE bookings mix,0.5408151920295111,8676.347137106224
2026-05-31,CC-1060,Sales Leadership,Enterprise,23110.77,0.25,5777.6925,Sales Ops / Solutions Engineering / Leadership -- split across segments by FY2025 active AE headcount; acquisition % = blended FY2025 AE bookings mix,0.5408151920295111,3124.663878874966
2026-05-31,CC-1060,Sales Leadership,Mid-Market,23110.77,0.4375,10110.961875,Sales Ops / Solutions Engineering / Leadership -- split across segments by FY2025 active AE headcount; acquisition % = blended FY2025 AE bookings mix,0.5408151920295111,5468.1617880311915
2026-05-31,CC-1060,Sales Leadership,SMB,23110.77,0.3125,7222.115625,Sales Ops / Solutions Engineering / Leadership -- split across segments by FY2025 active AE headcount; acquisition % = blended FY2025 AE bookings mix,0.5408151920295111,3905.829848593708
2026-05-31,CC-1100,Demand Generation,Enterprise,415414.36,0.25,103853.59,Demand generation -- 100% acquisition (PHASE1_SPEC 8.5); split across segments by FY2025 active AE headcount,1.0,103853.59
2026-05-31,CC-1100,Demand Generation,Mid-Market,415414.36,0.4375,181743.7825,Demand generation -- 100% acquisition (PHASE1_SPEC 8.5); split across segments by FY2025 active AE headcount,1.0,181743.7825
2026-05-31,CC-1100,Demand Generation,SMB,415414.36,0.3125,129816.98749999999,Demand generation -- 100% acquisition (PHASE1_SPEC 8.5); split across segments by FY2025 active AE headcount,1.0,129816.98749999999
2026-05-31,CC-1110,Product Marketing,Enterprise,149642.35,0.25,37410.5875,Product Marketing (brand / content) -- 0% acquisition (PHASE1_SPEC 8.5),0.0,0.0
2026-05-31,CC-1110,Product Marketing,Mid-Market,149642.35,0.4375,65468.528125000004,Product Marketing (brand / content) -- 0% acquisition (PHASE1_SPEC 8.5),0.0,0.0
2026-05-31,CC-1110,Product Marketing,SMB,149642.35,0.3125,46763.234375,Product Marketing (brand / content) -- 0% acquisition (PHASE1_SPEC 8.5),0.0,0.0
2026-05-31,CC-1200,Customer Success,Enterprise,120540.66,0.25,30135.165,Customer Success -- 0% acquisition (PHASE1_SPEC 8.5),0.0,0.0
2026-05-31,CC-1200,Customer Success,Mid-Market,120540.66,0.4375,52736.53875,Customer Success -- 0% acquisition (PHASE1_SPEC 8.5),0.0,0.0
2026-05-31,CC-1200,Customer Success,SMB,120540.66,0.3125,37668.95625,Customer Success -- 0% acquisition (PHASE1_SPEC 8.5),0.0,0.0
2026-06-30,CC-1000,Sales - SMB,Enterprise,144421.85,0.0,0.0,"New Logo AE, SMB -- 100% to own segment; acquisition % = FY2025 SMB AE bookings mix",0.8680089553271375,0.0
2026-06-30,CC-1000,Sales - SMB,Mid-Market,144421.85,0.0,0.0,"New Logo AE, SMB -- 100% to own segment; acquisition % = FY2025 SMB AE bookings mix",0.8680089553271375,0.0
2026-06-30,CC-1000,Sales - SMB,SMB,144421.85,1.0,144421.85,"New Logo AE, SMB -- 100% to own segment; acquisition % = FY2025 SMB AE bookings mix",0.8680089553271375,125359.45914491256
2026-06-30,CC-1010,Sales - Mid-Market,Enterprise,143356.87,0.0,0.0,"New Logo AE, Mid-Market -- 100% to own segment; acquisition % = FY2025 Mid-Market AE bookings mix",0.4147782801896837,0.0
2026-06-30,CC-1010,Sales - Mid-Market,Mid-Market,143356.87,1.0,143356.87,"New Logo AE, Mid-Market -- 100% to own segment; acquisition % = FY2025 Mid-Market AE bookings mix",0.4147782801896837,59461.31599197606
2026-06-30,CC-1010,Sales - Mid-Market,SMB,143356.87,0.0,0.0,"New Logo AE, Mid-Market -- 100% to own segment; acquisition % = FY2025 Mid-Market AE bookings mix",0.4147782801896837,0.0
2026-06-30,CC-1020,Sales - Enterprise,Enterprise,110992.54,1.0,110992.54,"New Logo AE, Enterprise -- 100% to own segment; acquisition % = FY2025 Enterprise AE bookings mix",0.5737636670113491,63683.48676130384
2026-06-30,CC-1020,Sales - Enterprise,Mid-Market,110992.54,0.0,0.0,"New Logo AE, Enterprise -- 100% to own segment; acquisition % = FY2025 Enterprise AE bookings mix",0.5737636670113491,0.0
2026-06-30,CC-1020,Sales - Enterprise,SMB,110992.54,0.0,0.0,"New Logo AE, Enterprise -- 100% to own segment; acquisition % = FY2025 Enterprise AE bookings mix",0.5737636670113491,0.0
2026-06-30,CC-1030,Sales Development,Enterprise,86165.96,0.25,21541.49,SDR -- 100% acquisition (PHASE1_SPEC 8.5); split across segments by FY2025 active AE headcount,1.0,21541.49
2026-06-30,CC-1030,Sales Development,Mid-Market,86165.96,0.4375,37697.607500000006,SDR -- 100% acquisition (PHASE1_SPEC 8.5); split across segments by FY2025 active AE headcount,1.0,37697.607500000006
2026-06-30,CC-1030,Sales Development,SMB,86165.96,0.3125,26926.862500000003,SDR -- 100% acquisition (PHASE1_SPEC 8.5); split across segments by FY2025 active AE headcount,1.0,26926.862500000003
2026-06-30,CC-1040,Sales Operations,Enterprise,43204.99,0.25,10801.2475,Sales Ops / Solutions Engineering / Leadership -- split across segments by FY2025 active AE headcount; acquisition % = blended FY2025 AE bookings mix,0.5408151920295111,5841.478740870776
2026-06-30,CC-1040,Sales Operations,Mid-Market,43204.99,0.4375,18902.183125,Sales Ops / Solutions Engineering / Leadership -- split across segments by FY2025 active AE headcount; acquisition % = blended FY2025 AE bookings mix,0.5408151920295111,10222.58779652386
2026-06-30,CC-1040,Sales Operations,SMB,43204.99,0.3125,13501.559374999999,Sales Ops / Solutions Engineering / Leadership -- split across segments by FY2025 active AE headcount; acquisition % = blended FY2025 AE bookings mix,0.5408151920295111,7301.848426088471
2026-06-30,CC-1050,Solutions Engineering,Enterprise,51446.31,0.25,12861.5775,Sales Ops / Solutions Engineering / Leadership -- split across segments by FY2025 active AE headcount; acquisition % = blended FY2025 AE bookings mix,0.5408151920295111,6955.736505464939
2026-06-30,CC-1050,Solutions Engineering,Mid-Market,51446.31,0.4375,22507.760625,Sales Ops / Solutions Engineering / Leadership -- split across segments by FY2025 active AE headcount; acquisition % = blended FY2025 AE bookings mix,0.5408151920295111,12172.538884563644
2026-06-30,CC-1050,Solutions Engineering,SMB,51446.31,0.3125,16076.971875,Sales Ops / Solutions Engineering / Leadership -- split across segments by FY2025 active AE headcount; acquisition % = blended FY2025 AE bookings mix,0.5408151920295111,8694.670631831174
2026-06-30,CC-1060,Sales Leadership,Enterprise,23077.74,0.25,5769.435,Sales Ops / Solutions Engineering / Leadership -- split across segments by FY2025 active AE headcount; acquisition % = blended FY2025 AE bookings mix,0.5408151920295111,3120.1980974267826
2026-06-30,CC-1060,Sales Leadership,Mid-Market,23077.74,0.4375,10096.511250000001,Sales Ops / Solutions Engineering / Leadership -- split across segments by FY2025 active AE headcount; acquisition % = blended FY2025 AE bookings mix,0.5408151920295111,5460.3466704968705
2026-06-30,CC-1060,Sales Leadership,SMB,23077.74,0.3125,7211.793750000001,Sales Ops / Solutions Engineering / Leadership -- split across segments by FY2025 active AE headcount; acquisition % = blended FY2025 AE bookings mix,0.5408151920295111,3900.2476217834783
2026-06-30,CC-1100,Demand Generation,Enterprise,424733.15,0.25,106183.2875,Demand generation -- 100% acquisition (PHASE1_SPEC 8.5); split across segments by FY2025 active AE headcount,1.0,106183.2875
2026-06-30,CC-1100,Demand Generation,Mid-Market,424733.15,0.4375,185820.75312500002,Demand generation -- 100% acquisition (PHASE1_SPEC 8.5); split across segments by FY2025 active AE headcount,1.0,185820.75312500002
2026-06-30,CC-1100,Demand Generation,SMB,424733.15,0.3125,132729.109375,Demand generation -- 100% acquisition (PHASE1_SPEC 8.5); split across segments by FY2025 active AE headcount,1.0,132729.109375
2026-06-30,CC-1110,Product Marketing,Enterprise,144024.25,0.25,36006.0625,Product Marketing (brand / content) -- 0% acquisition (PHASE1_SPEC 8.5),0.0,0.0
2026-06-30,CC-1110,Product Marketing,Mid-Market,144024.25,0.4375,63010.609375,Product Marketing (brand / content) -- 0% acquisition (PHASE1_SPEC 8.5),0.0,0.0
2026-06-30,CC-1110,Product Marketing,SMB,144024.25,0.3125,45007.578125,Product Marketing (brand / content) -- 0% acquisition (PHASE1_SPEC 8.5),0.0,0.0
2026-06-30,CC-1200,Customer Success,Enterprise,116702.59,0.25,29175.6475,Customer Success -- 0% acquisition (PHASE1_SPEC 8.5),0.0,0.0
2026-06-30,CC-1200,Customer Success,Mid-Market,116702.59,0.4375,51057.383125,Customer Success -- 0% acquisition (PHASE1_SPEC 8.5),0.0,0.0
2026-06-30,CC-1200,Customer Success,SMB,116702.59,0.3125,36469.559375,Customer Success -- 0% acquisition (PHASE1_SPEC 8.5),0.0,0.0
