customer_id,customer_name,segment,employee_count,region,acquisition_date,acquisition_channel,initial_contract_type,journey_archetype,account_owner_rep_id,csm_id,customer_status,churn_date,first_arr
CUST-00006,Piedmont Electric Inc.,SMB,21,Southeast,2019-02-24,Inbound - Organic,monthly,churn_and_return,REP-003,EMP-0258,Churned,2023-12-31,2578.51
CUST-00008,Granite Peak Electrical Contractors & Sons,SMB,17,Midwest,2019-03-06,Inbound - Organic,annual,churn_and_return,REP-005,EMP-0171,Churned,2024-07-31,2759.03
CUST-00016,Mulcahy Refrigeration,SMB,18,Mountain,2019-05-10,Inbound - Organic,monthly,steady,REP-002,EMP-0042,Churned,2024-02-29,4464.01
CUST-00020,Rio Grande Landscape Services Inc.,SMB,33,Mountain,2019-06-27,Inbound - Paid,annual,land_and_expand,REP-005,EMP-0103,Active,,5424.84
CUST-00021,Whitcomb Glass & Glazing Group,SMB,12,Midwest,2019-06-10,Outbound - SDR,annual,land_and_expand,REP-003,EMP-0141,Active,,976.54
CUST-00025,Fraser Valley Mechanical Systems Inc.,SMB,10,Northeast,2019-08-03,Inbound - Paid,monthly,land_and_expand,REP-003,EMP-0103,Churned,2026-01-31,1955.81
CUST-00026,Gallardo Plumbing,SMB,6,Midwest,2019-09-19,Partner / Referral,annual,steady,REP-005,EMP-0240,Active,,971.34
CUST-00028,Anchor Bay Electric & Sons,SMB,17,Mountain,2019-09-29,Inbound - Organic,monthly,land_and_expand,REP-003,EMP-0178,Active,,2414.61
CUST-00029,Anchor Bay Heating & Air Inc.,SMB,12,Mountain,2019-10-29,Inbound - Organic,annual,steady,REP-001,EMP-0291,Active,,3864.54
CUST-00030,Ackerley Property Services & Sons,SMB,30,Great Lakes,2019-10-02,Inbound - Organic,annual,churn_and_return,REP-001,EMP-0182,Churned,2024-01-31,4773.56
CUST-00035,Jessup Mechanical Systems Corp.,SMB,16,Southwest,2019-12-14,Partner / Referral,monthly,land_and_expand,REP-001,EMP-0131,Active,,3472.64
CUST-00038,Vandermeer Electric Holdings,SMB,13,Mid-Atlantic,2019-12-29,Partner / Referral,annual,steady,REP-001,EMP-0258,Churned,2023-12-28,3727.29
CUST-00043,Keystone Energy Services,Mid-Market,81,Northeast,2019-01-30,Inbound - Organic,annual,slow_decay,REP-009,EMP-0154,Churned,2024-01-29,6908.29
CUST-00044,Delgado Energy Services Partners,Mid-Market,151,Southeast,2019-01-18,Inbound - Paid,annual,land_and_expand,REP-008,EMP-0301,Active,,10416.23
CUST-00046,Blue Ridge Mechanical Systems,Mid-Market,283,Great Lakes,2019-03-16,Partner / Referral,annual,land_and_expand,REP-011,EMP-0301,Active,,22529.66
CUST-00048,Lomeli Utility Services Holdings,Mid-Market,215,Mid-Atlantic,2019-04-27,Outbound - SDR,annual,steady,REP-011,EMP-0317,Active,,34903.16
CUST-00049,Front Range Fire Protection & Sons,Mid-Market,78,Southeast,2019-05-13,Partner / Referral,multi_year,steady,REP-008,EMP-0263,Active,,5939.49
CUST-00050,Red River Fire & Life Safety Group,Mid-Market,161,South Central,2019-06-29,Trade Show / Event,annual,steady,REP-015,EMP-0096,Active,,28860.99
CUST-00051,Susquehanna Roofing Corp.,Mid-Market,87,Northeast,2019-06-09,Outbound - SDR,annual,churn_and_return,REP-015,EMP-0154,Churned,2025-09-30,6185.58
CUST-00052,Ozark Roofing Co.,Mid-Market,115,South Central,2019-07-29,Trade Show / Event,annual,steady,REP-015,EMP-0042,Active,,13584.33
CUST-00053,Castellano Controls,Mid-Market,149,Southwest,2019-08-31,Inbound - Organic,annual,land_and_expand,REP-015,EMP-0240,Active,,9717.46
CUST-00054,Pemberton Landscape Services,Mid-Market,112,Mid-Atlantic,2019-09-30,Inbound - Paid,annual,land_and_expand,REP-015,EMP-0042,Active,,8938.41
CUST-00055,Oyelaran Property Services,Mid-Market,402,Mid-Atlantic,2019-10-31,Trade Show / Event,annual,land_and_expand,REP-017,EMP-0258,Active,,28581.35
CUST-00056,Oyelaran Roofing Holdings,Mid-Market,97,Southwest,2019-11-25,Partner / Referral,annual,land_and_expand,REP-007,EMP-0148,Churned,2024-11-24,6641.98
CUST-00058,Okonkwo Fire Protection Corp.,Mid-Market,133,West,2019-12-17,Partner / Referral,multi_year,land_and_expand,REP-017,EMP-0022,Active,,18720.45
CUST-00059,Fraser Valley Roofing & Sons,Mid-Market,120,Canada,2019-12-17,Trade Show / Event,annual,steady,REP-018,EMP-0289,Active,,10691.03
CUST-00060,Jankowski Utility Services Services,SMB,15,Midwest,2020-01-25,Inbound - Organic,annual,land_and_expand,REP-003,EMP-0104,Active,,7931.65
CUST-00061,Villanueva Boiler Works,SMB,18,Great Lakes,2020-01-27,Outbound - SDR,monthly,steady,REP-016,EMP-0240,Active,,1934.12
CUST-00065,Okonkwo Refrigeration Services,SMB,9,Mountain,2020-01-18,Inbound - Paid,annual,churn_and_return,REP-004,EMP-0106,Churned,2024-02-29,2053.94
CUST-00067,Draeger Security Systems LLC,SMB,12,Northeast,2020-02-15,Inbound - Paid,annual,steady,REP-004,EMP-0245,Active,,1471.87
CUST-00070,Harborview Mechanical Contractors & Sons,SMB,17,West,2020-02-29,Inbound - Paid,annual,steady,REP-005,EMP-0106,Active,,2808.53
CUST-00071,Adirondack Heating & Air,SMB,12,South Central,2020-02-26,Outbound - SDR,annual,steady,REP-016,EMP-0103,Churned,2024-02-25,875.39
CUST-00075,Boyington Roofing LLC,SMB,18,Mountain,2020-03-28,Outbound - SDR,annual,steady,REP-003,EMP-0153,Churned,2026-03-27,4147.45
CUST-00076,Stonebridge Plumbing & Heating,SMB,12,Midwest,2020-03-26,Partner / Referral,monthly,steady,REP-016,EMP-0258,Active,,2007.80
CUST-00077,Draeger Industrial Services Partners,SMB,11,Great Lakes,2020-03-30,Inbound - Paid,monthly,land_and_expand,REP-004,EMP-0141,Active,,1516.06
CUST-00080,Willamette Building Services Inc.,SMB,21,Northeast,2020-03-29,Inbound - Organic,monthly,steady,REP-004,EMP-0263,Active,,4204.58
CUST-00084,Annapolis Valley Facilities Group & Sons,SMB,38,Canada,2020-03-18,Inbound - Paid,annual,steady,REP-001,EMP-0153,Active,,5018.65
CUST-00086,Boyington Controls,SMB,8,South Central,2020-04-23,Trade Show / Event,monthly,steady,REP-016,EMP-0153,Churned,2024-10-31,904.48
CUST-00089,Brazos Property Services,SMB,12,Mountain,2020-04-01,Partner / Referral,monthly,steady,REP-004,EMP-0240,Churned,2025-12-31,2747.61
CUST-00094,Laurentian Security Systems Holdings,SMB,15,Midwest,2020-05-15,Partner / Referral,monthly,steady,REP-004,EMP-0317,Active,,1451.23
CUST-00095,Adirondack Property Services LLC,SMB,27,Northeast,2020-05-23,Inbound - Paid,annual,steady,REP-003,EMP-0182,Active,,4964.61
CUST-00098,Stavros Plumbing Inc.,SMB,21,Mid-Atlantic,2020-05-31,Inbound - Organic,monthly,steady,REP-004,EMP-0033,Churned,2025-08-31,5886.79
CUST-00099,Uphoff Electrical Contractors Co.,SMB,18,Midwest,2020-06-28,Inbound - Paid,annual,land_and_expand,REP-004,EMP-0141,Active,,3045.52
CUST-00100,Front Range Mechanical Systems,SMB,23,South Central,2020-06-02,Inbound - Organic,multi_year,land_and_expand,REP-004,EMP-0141,Active,,1804.17
CUST-00104,Tri-State Fire Protection LLC,SMB,12,Mid-Atlantic,2020-06-05,Partner / Referral,annual,land_and_expand,REP-003,EMP-0312,Active,,2163.81
CUST-00110,Fieldstone Property Services,SMB,42,Canada,2020-07-29,Inbound - Organic,monthly,land_and_expand,REP-005,EMP-0178,Active,,7676.76
CUST-00113,Okonkwo Property Services LLC,SMB,20,Southwest,2020-08-28,Outbound - SDR,monthly,steady,REP-016,EMP-0213,Active,,5168.37
CUST-00114,Puget Sound HVAC Inc.,SMB,9,Midwest,2020-08-27,Outbound - SDR,monthly,land_and_expand,REP-003,EMP-0148,Active,,2076.97
CUST-00117,Shenandoah Utility Services LLC,SMB,37,Midwest,2020-09-25,Inbound - Paid,monthly,steady,REP-001,EMP-0106,Churned,2024-12-31,7165.93
CUST-00119,Bitterroot Landscape Services,SMB,45,West,2020-09-01,Partner / Referral,monthly,slow_decay,REP-003,EMP-0171,Churned,2025-05-31,8426.70
CUST-00120,Boyington Facilities Group Corp.,SMB,19,Canada,2020-09-01,Inbound - Paid,monthly,steady,REP-016,EMP-0022,Active,,3163.78
CUST-00121,Bellamy Property Services & Sons,SMB,42,Northeast,2020-09-21,Partner / Referral,monthly,steady,REP-005,EMP-0154,Active,,14810.62
CUST-00122,Jankowski Property Services LLC,SMB,16,West,2020-09-19,Outbound - SDR,monthly,churn_and_return,REP-003,EMP-0272,Churned,2024-02-29,2689.85
CUST-00126,Chinook Security Systems Corp.,SMB,26,Great Lakes,2020-10-16,Inbound - Paid,monthly,land_and_expand,REP-005,EMP-0238,Active,,4656.41
CUST-00130,Mohawk Valley Electric Partners,SMB,8,Great Lakes,2020-10-13,Inbound - Organic,monthly,steady,REP-005,EMP-0258,Churned,2026-06-30,2014.34
CUST-00132,Boyington Facility Services LLC,SMB,17,Mid-Atlantic,2020-11-25,Partner / Referral,annual,steady,REP-016,EMP-0219,Active,,2207.65
CUST-00133,Nakashima Fire & Life Safety Inc.,SMB,15,Canada,2020-11-30,Inbound - Organic,monthly,land_and_expand,REP-003,EMP-0213,Active,,2537.96
CUST-00135,Harrow HVAC Partners,SMB,5,South Central,2020-11-28,Inbound - Organic,monthly,steady,REP-016,EMP-0022,Active,,1030.61
CUST-00137,Cornerstone Facility Services,SMB,18,Mountain,2020-11-29,Inbound - Paid,annual,steady,REP-003,EMP-0153,Churned,2025-11-28,1457.08
CUST-00139,Lindqvist Pipefitting Holdings,SMB,41,Midwest,2020-12-29,Inbound - Paid,monthly,land_and_expand,REP-019,EMP-0219,Active,,4671.85
CUST-00140,Quintero Utility Services & Sons,SMB,15,Midwest,2020-12-27,Inbound - Paid,annual,steady,REP-019,EMP-0225,Active,,2553.00
CUST-00142,Holloway Fire & Life Safety Group,SMB,13,Great Lakes,2020-12-14,Inbound - Paid,annual,expand_then_contract,REP-016,EMP-0258,Active,,3598.14
CUST-00144,Riverworks Heating & Air Services,SMB,36,Canada,2020-12-01,Outbound - SDR,monthly,land_and_expand,REP-003,EMP-0119,Active,,4701.62
CUST-00146,Sierra Nevada Pipefitting Holdings,SMB,32,Great Lakes,2020-12-17,Inbound - Paid,annual,steady,REP-003,EMP-0182,Active,,2594.62
CUST-00148,Brazos Mechanical Partners,SMB,16,West,2020-12-25,Trade Show / Event,monthly,steady,REP-016,EMP-0070,Active,,3727.86
CUST-00149,Annapolis Valley Electric Corp.,SMB,46,Canada,2020-12-26,Outbound - SDR,monthly,land_and_expand,REP-005,EMP-0258,Churned,2025-04-30,6969.57
CUST-00150,Rasmussen Refrigeration Group,SMB,18,Mountain,2020-12-05,Inbound - Organic,annual,steady,REP-001,EMP-0103,Active,,3619.52
CUST-00154,Petrosian Property Services LLC,SMB,22,West,2020-12-01,Outbound - SDR,monthly,steady,REP-005,EMP-0219,Active,,3819.31
CUST-00156,Fontaine Electric Inc.,Mid-Market,139,South Central,2020-01-26,Trade Show / Event,annual,steady,REP-011,EMP-0199,Active,,15144.71
CUST-00158,Panhandle Utility Services Corp.,Mid-Market,92,Southwest,2020-02-24,Inbound - Organic,monthly,steady,REP-010,EMP-0240,Active,,6845.20
CUST-00161,Pemberton Heating & Air Corp.,Mid-Market,91,Mid-Atlantic,2020-03-26,Inbound - Paid,annual,slow_decay,REP-018,EMP-0141,Churned,2025-03-25,12147.17
CUST-00162,Vandermeer Roofing,Mid-Market,61,West,2020-03-17,Outbound - SDR,multi_year,land_and_expand,REP-017,EMP-0219,Active,,7124.10
CUST-00163,Brannigan Roofing LLC,Mid-Market,162,Southeast,2020-03-03,Outbound - SDR,annual,expand_then_contract,REP-011,EMP-0139,Active,,21744.14
CUST-00164,Kearney Facility Services Corp.,Mid-Market,245,Southeast,2020-03-20,Inbound - Organic,annual,slow_decay,REP-015,EMP-0139,Active,,17983.66
CUST-00165,Villanueva HVAC,Mid-Market,119,Southwest,2020-04-20,Inbound - Paid,annual,land_and_expand,REP-011,EMP-0131,Active,,12218.36
CUST-00166,Uphoff Refrigeration Partners,Mid-Market,142,Canada,2020-04-24,Partner / Referral,multi_year,steady,REP-017,EMP-0042,Active,,18922.59
CUST-00169,Clearwater Fire & Life Safety Services,Mid-Market,250,Mountain,2020-06-29,Outbound - SDR,annual,land_and_expand,REP-011,EMP-0182,Active,,18585.59
CUST-00170,Nakashima Mechanical LLC,Mid-Market,76,Northeast,2020-06-26,Inbound - Organic,annual,steady,REP-011,EMP-0284,Active,,16579.71
CUST-00172,Ironbridge Plumbing & Heating Group,Mid-Market,184,Midwest,2020-07-29,Inbound - Organic,annual,land_and_expand,REP-018,EMP-0148,Active,,21738.93
CUST-00174,Hutchins Glass & Glazing & Sons,Mid-Market,94,Mid-Atlantic,2020-08-27,Outbound - SDR,annual,land_and_expand,REP-017,EMP-0032,Active,,23048.63
CUST-00175,Annapolis Valley Fire & Life Safety Co.,Mid-Market,63,Southwest,2020-08-14,Inbound - Paid,annual,expand_then_contract,REP-020,EMP-0022,Active,,8787.91
CUST-00176,Castellano Glass & Glazing Group,Mid-Market,83,Northeast,2020-09-28,Inbound - Organic,annual,steady,REP-010,EMP-0272,Active,,6648.79
CUST-00178,Meridian Plumbing & Heating Co.,Mid-Market,110,Southeast,2020-10-12,Outbound - SDR,annual,steady,REP-015,EMP-0081,Active,,6894.99
CUST-00179,Pinnacle Point Electrical Contractors Partners,Mid-Market,96,Canada,2020-10-30,Inbound - Paid,annual,land_and_expand,REP-017,EMP-0225,Active,,7405.02
CUST-00180,Danforth Plumbing & Heating Corp.,Mid-Market,456,Southwest,2020-10-06,Trade Show / Event,annual,land_and_expand,REP-021,EMP-0096,Active,,29501.16
CUST-00181,Coastal Bend Roofing Co.,Mid-Market,137,West,2020-11-25,Outbound - SDR,annual,steady,REP-010,EMP-0178,Active,,16635.89
CUST-00182,Summit Line Pipefitting Co.,Mid-Market,85,Southwest,2020-11-30,Inbound - Paid,annual,steady,REP-021,EMP-0106,Active,,10678.14
CUST-00183,Halvorsen Building Services Co.,Mid-Market,76,Midwest,2020-11-25,Trade Show / Event,annual,steady,REP-018,EMP-0240,Active,,7955.23
CUST-00184,Uphoff HVAC Group,Mid-Market,103,Mountain,2020-12-22,Outbound - SDR,annual,land_and_expand,REP-017,EMP-0104,Active,,6453.32
CUST-00185,Delgado Facilities Group,Mid-Market,214,Southeast,2020-12-27,Inbound - Paid,annual,land_and_expand,REP-010,EMP-0312,Active,,17454.42
CUST-00186,Wasatch Sheet Metal Inc.,Mid-Market,76,Mountain,2020-12-30,Outbound - SDR,multi_year,steady,REP-018,EMP-0258,Active,,15612.96
CUST-00187,Ironbridge Property Services Partners,Mid-Market,114,Southeast,2020-12-30,Outbound - SDR,annual,land_and_expand,REP-007,EMP-0303,Active,,10750.97
CUST-00188,Wasatch Electrical Contractors,Mid-Market,109,Great Lakes,2020-12-31,Trade Show / Event,annual,land_and_expand,REP-017,EMP-0081,Active,,9707.75
CUST-00189,Silverpoint HVAC,Mid-Market,116,Great Lakes,2020-12-14,Partner / Referral,annual,slow_decay,REP-018,EMP-0182,Active,,10322.74
CUST-00190,Adirondack Security Systems,Enterprise,2638,Canada,2020-03-04,Outbound - SDR,multi_year,expand_then_contract,REP-014,EMP-0148,Active,,294860.68
CUST-00191,Rasmussen Glass & Glazing,Enterprise,583,South Central,2020-12-12,Trade Show / Event,annual,steady,REP-014,EMP-0096,Active,,48227.87
CUST-00192,Willamette Energy Services Co.,SMB,15,Midwest,2021-01-15,Outbound - SDR,monthly,steady,REP-019,EMP-0263,Active,,3042.20
CUST-00193,Stavros Facilities Group Partners,SMB,15,Canada,2021-01-04,Partner / Referral,monthly,steady,REP-019,EMP-0153,Active,,5243.39
CUST-00195,Kilbride Glass & Glazing & Sons,SMB,19,Mountain,2021-01-31,Partner / Referral,monthly,steady,REP-003,EMP-0245,Active,,5550.41
CUST-00201,Sonoran Plumbing,SMB,22,Canada,2021-01-26,Inbound - Organic,annual,land_and_expand,REP-003,EMP-0096,Churned,2024-01-25,5823.20
CUST-00202,Lantern Mechanical Systems & Sons,SMB,13,Midwest,2021-01-25,Trade Show / Event,monthly,steady,REP-001,EMP-0131,Churned,2026-03-31,2784.73
CUST-00204,Mulcahy Energy Services Corp.,SMB,12,South Central,2021-02-23,Inbound - Organic,monthly,steady,REP-016,EMP-0245,Active,,2632.28
CUST-00207,Silverpoint Fire & Life Safety Group,SMB,34,Southeast,2021-02-24,Inbound - Paid,multi_year,expand_then_contract,REP-019,EMP-0303,Active,,9997.31
CUST-00208,Brightline Refrigeration Inc.,SMB,14,Northeast,2021-02-02,Inbound - Organic,annual,steady,REP-003,EMP-0119,Active,,2922.35
CUST-00209,Vandermeer Energy Services Corp.,SMB,34,Northeast,2021-02-25,Inbound - Paid,monthly,steady,REP-003,EMP-0103,Active,,4901.38
CUST-00210,Great Lakes Boiler Works LLC,SMB,16,Southeast,2021-02-27,Inbound - Paid,monthly,steady,REP-001,EMP-0291,Churned,2024-01-31,3709.90
CUST-00211,Villanueva Electric Co.,SMB,6,Midwest,2021-02-27,Partner / Referral,monthly,land_and_expand,REP-003,EMP-0032,Active,,1008.11
CUST-00212,Wasatch Facilities Group,SMB,13,Great Lakes,2021-02-28,Inbound - Organic,monthly,steady,REP-003,EMP-0238,Churned,2024-05-31,3264.13
CUST-00214,Quintero Mechanical Systems,SMB,21,Canada,2021-02-27,Inbound - Organic,monthly,expand_then_contract,REP-005,EMP-0148,Active,,6409.12
CUST-00215,Willamette Fire Protection,SMB,9,Mountain,2021-02-28,Partner / Referral,monthly,land_and_expand,REP-003,EMP-0289,Active,,1106.82
CUST-00221,Mahoney Security Systems Co.,SMB,35,Southwest,2021-03-28,Inbound - Organic,monthly,land_and_expand,REP-019,EMP-0104,Active,,6463.83
CUST-00222,Jankowski Energy Services Co.,SMB,17,Mountain,2021-03-30,Inbound - Paid,monthly,expand_then_contract,REP-019,EMP-0272,Churned,2025-04-30,3821.21
CUST-00223,Cascade Glass & Glazing Co.,SMB,17,Southeast,2021-03-16,Outbound - SDR,monthly,slow_decay,REP-003,EMP-0139,Churned,2024-03-31,3941.96
CUST-00224,Cascade Restoration Partners,SMB,6,Canada,2021-03-10,Inbound - Paid,annual,steady,REP-019,EMP-0096,Active,,1430.43
CUST-00226,Mahoney Boiler Works Services,SMB,14,Great Lakes,2021-03-27,Inbound - Paid,annual,steady,REP-005,EMP-0171,Active,,3605.66
CUST-00227,Sonoran Fire & Life Safety Group,SMB,19,West,2021-03-22,Inbound - Paid,annual,land_and_expand,REP-001,EMP-0303,Active,,3472.94
CUST-00228,Harborview Elevator Services,SMB,9,Southeast,2021-03-16,Partner / Referral,monthly,land_and_expand,REP-003,EMP-0096,Active,,934.22
CUST-00229,Zamora Facilities Group Inc.,SMB,18,Southeast,2021-03-02,Inbound - Organic,monthly,land_and_expand,REP-003,EMP-0148,Active,,3569.60
CUST-00233,Shenandoah Roofing,SMB,24,South Central,2021-03-26,Inbound - Paid,annual,slow_decay,REP-019,EMP-0245,Active,,5988.21
CUST-00234,Redstone Plumbing & Heating LLC,SMB,24,Mid-Atlantic,2021-03-08,Inbound - Organic,monthly,land_and_expand,REP-019,EMP-0312,Active,,7031.42
CUST-00236,Hutchins Landscape Services Inc.,SMB,8,West,2021-04-21,Inbound - Paid,annual,steady,REP-001,EMP-0022,Active,,971.26
CUST-00237,Jessup Air Systems Corp.,SMB,23,Midwest,2021-04-30,Inbound - Organic,monthly,steady,REP-001,EMP-0022,Active,,4990.55
CUST-00238,Susquehanna Refrigeration Group,SMB,10,Great Lakes,2021-04-26,Inbound - Paid,monthly,land_and_expand,REP-003,EMP-0303,Churned,2024-03-31,2583.47
CUST-00239,Gallardo Mechanical Contractors,SMB,9,Southwest,2021-04-16,Partner / Referral,monthly,land_and_expand,REP-016,EMP-0154,Active,,2167.30
CUST-00240,Sierra Nevada Landscape Services LLC,SMB,12,Great Lakes,2021-04-20,Inbound - Paid,monthly,steady,REP-001,EMP-0238,Churned,2025-11-30,5103.64
CUST-00241,Rasmussen Industrial Services,SMB,30,Mountain,2021-04-24,Outbound - SDR,monthly,land_and_expand,REP-005,EMP-0238,Active,,6125.16
CUST-00242,Kearney Roofing,SMB,11,Southeast,2021-04-20,Inbound - Organic,monthly,steady,REP-003,EMP-0139,Churned,2024-10-31,2197.49
CUST-00246,Clearwater Facilities Group & Sons,SMB,21,Canada,2021-05-02,Inbound - Organic,monthly,land_and_expand,REP-016,EMP-0119,Active,,4092.58
CUST-00248,Keystone Heating & Air & Sons,SMB,9,Southeast,2021-05-28,Inbound - Paid,annual,land_and_expand,REP-003,EMP-0312,Active,,1539.80
CUST-00249,Susquehanna Industrial Services,SMB,22,Northeast,2021-05-24,Partner / Referral,monthly,steady,REP-016,EMP-0258,Churned,2024-12-31,4915.13
CUST-00250,Yarborough Plumbing & Heating Holdings,SMB,12,Mountain,2021-05-03,Inbound - Organic,monthly,steady,REP-016,EMP-0104,Active,,2646.44
CUST-00251,Okonkwo Electric Services,SMB,24,Canada,2021-05-27,Inbound - Organic,monthly,land_and_expand,REP-005,EMP-0080,Churned,2024-04-30,5753.84
CUST-00253,Brazos Electrical Contractors LLC,SMB,11,Southwest,2021-05-28,Inbound - Organic,annual,land_and_expand,REP-016,EMP-0153,Active,,3175.73
CUST-00255,Chaudhry Restoration Partners,SMB,8,West,2021-05-01,Inbound - Organic,annual,steady,REP-016,EMP-0103,Active,,2110.37
CUST-00258,Ruzicka Plumbing & Heating,SMB,8,Northeast,2021-06-30,Inbound - Organic,annual,steady,REP-019,EMP-0153,Churned,2026-06-29,1572.75
CUST-00267,Allegheny Energy Services LLC,SMB,8,Mid-Atlantic,2021-06-28,Inbound - Paid,annual,churn_and_return,REP-019,EMP-0171,Churned,2025-10-31,1079.06
CUST-00269,Lomeli Industrial Services Partners,SMB,18,Great Lakes,2021-06-25,Trade Show / Event,annual,steady,REP-016,EMP-0272,Churned,2025-06-24,9670.67
CUST-00270,Boyington Property Services Group,SMB,17,Midwest,2021-06-04,Inbound - Paid,annual,steady,REP-003,EMP-0178,Active,,2084.07
CUST-00271,Hudson Valley Energy Services LLC,SMB,28,Midwest,2021-07-08,Partner / Referral,monthly,churn_and_return,REP-001,EMP-0171,Churned,2024-06-30,11576.76
CUST-00272,Tri-State Refrigeration Inc.,SMB,12,Great Lakes,2021-07-26,Inbound - Paid,monthly,land_and_expand,REP-016,EMP-0022,Active,,2684.33
CUST-00274,Laurentian Fire & Life Safety Holdings,SMB,19,Mid-Atlantic,2021-07-27,Partner / Referral,annual,expand_then_contract,REP-016,EMP-0284,Active,,3788.65
CUST-00275,Redstone Mechanical Systems LLC,SMB,10,Northeast,2021-07-11,Inbound - Organic,annual,steady,REP-016,EMP-0119,Active,,2231.08
CUST-00276,Kilbride Plumbing Holdings,SMB,13,West,2021-07-31,Partner / Referral,annual,steady,REP-005,EMP-0096,Active,,2174.62
CUST-00278,Chaudhry Controls Inc.,SMB,33,South Central,2021-07-28,Inbound - Paid,annual,expand_then_contract,REP-003,EMP-0317,Active,,6591.20
CUST-00279,Piedmont Utility Services Holdings,SMB,19,Mountain,2021-07-14,Inbound - Paid,annual,expand_then_contract,REP-019,EMP-0096,Active,,4844.01
CUST-00281,Chaudhry Mechanical Contractors Group,SMB,21,Southeast,2021-08-26,Inbound - Organic,monthly,churn_and_return,REP-019,EMP-0199,Churned,2024-02-29,5808.72
CUST-00282,Great Lakes Mechanical Inc.,SMB,27,Mid-Atlantic,2021-08-27,Inbound - Paid,monthly,land_and_expand,REP-005,EMP-0317,Active,,6753.63
CUST-00283,Lomeli Sheet Metal,SMB,6,West,2021-08-26,Inbound - Organic,annual,land_and_expand,REP-003,EMP-0096,Active,,1612.98
CUST-00284,Ackerley Fire & Life Safety Holdings,SMB,9,Mountain,2021-08-31,Inbound - Paid,monthly,steady,REP-005,EMP-0153,Active,,1733.53
CUST-00286,Chinook Mechanical Contractors Holdings,SMB,22,Mid-Atlantic,2021-08-09,Inbound - Paid,monthly,steady,REP-003,EMP-0171,Active,,6152.79
CUST-00288,Red River Boiler Works,SMB,22,Canada,2021-08-21,Inbound - Paid,annual,steady,REP-003,EMP-0301,Churned,2024-08-20,3516.21
CUST-00290,Ruzicka Industrial Services LLC,SMB,18,Canada,2021-09-01,Inbound - Paid,annual,expand_then_contract,REP-001,EMP-0070,Active,,4871.28
CUST-00291,Ferreira Controls Partners,SMB,23,Northeast,2021-09-28,Outbound - SDR,monthly,steady,REP-016,EMP-0315,Active,,6861.91
CUST-00292,Wabash Pipefitting Services,SMB,29,Canada,2021-09-25,Inbound - Paid,monthly,land_and_expand,REP-016,EMP-0317,Churned,2024-01-31,8069.94
CUST-00293,Quintero Electric Services,SMB,13,Great Lakes,2021-09-28,Outbound - SDR,monthly,steady,REP-003,EMP-0182,Active,,1692.14
CUST-00297,Jessup Electric,SMB,18,Canada,2021-09-14,Partner / Referral,annual,steady,REP-003,EMP-0272,Active,,3327.74
CUST-00298,Villanueva Fire & Life Safety,SMB,15,South Central,2021-09-01,Inbound - Paid,monthly,land_and_expand,REP-019,EMP-0199,Active,,2156.93
CUST-00300,Holloway Fire Protection,SMB,26,Midwest,2021-09-10,Partner / Referral,monthly,land_and_expand,REP-016,EMP-0096,Churned,2025-11-30,5048.51
CUST-00301,Cornerstone Plumbing Group,SMB,28,Southwest,2021-10-27,Inbound - Paid,monthly,steady,REP-005,EMP-0172,Active,,6409.07
CUST-00302,Petrosian Facilities Group,SMB,12,Great Lakes,2021-10-31,Partner / Referral,monthly,steady,REP-003,EMP-0103,Churned,2026-03-31,3242.66
CUST-00303,Draeger Plumbing Group,SMB,24,South Central,2021-10-27,Inbound - Paid,annual,land_and_expand,REP-019,EMP-0139,Active,,3722.26
CUST-00304,Prentice Mechanical Systems,SMB,13,Northeast,2021-10-03,Inbound - Organic,monthly,steady,REP-003,EMP-0317,Churned,2024-11-30,3879.63
CUST-00307,Boyington Glass & Glazing Co.,SMB,7,Great Lakes,2021-10-26,Inbound - Paid,monthly,steady,REP-001,EMP-0153,Churned,2025-03-31,1178.25
CUST-00311,Danforth Heating & Air Co.,SMB,13,Southeast,2021-10-07,Inbound - Organic,monthly,steady,REP-019,EMP-0289,Active,,2324.12
CUST-00316,Cascade Utility Services Co.,SMB,13,Southeast,2021-11-03,Partner / Referral,monthly,steady,REP-016,EMP-0178,Churned,2025-01-31,2904.68
CUST-00319,Nakashima Mechanical Partners,SMB,10,Mountain,2021-11-06,Outbound - SDR,monthly,steady,REP-019,EMP-0172,Churned,2025-08-31,1502.23
CUST-00320,Stonebridge Elevator Services,SMB,29,Northeast,2021-11-27,Partner / Referral,monthly,expand_then_contract,REP-019,EMP-0096,Active,,3861.59
CUST-00322,Ashworth Air Systems & Sons,SMB,38,Mid-Atlantic,2021-11-23,Inbound - Paid,monthly,steady,REP-003,EMP-0219,Active,,6872.19
CUST-00323,Wabash Facility Services Services,SMB,9,Mid-Atlantic,2021-11-25,Partner / Referral,monthly,steady,REP-001,EMP-0032,Churned,2024-01-31,1514.78
CUST-00324,Cornerstone Plumbing,SMB,24,Southwest,2021-11-02,Inbound - Paid,monthly,land_and_expand,REP-003,EMP-0022,Active,,5134.56
CUST-00325,Villanueva Mechanical Services,SMB,38,Canada,2021-12-30,Partner / Referral,annual,steady,REP-019,EMP-0081,Active,,14984.54
CUST-00326,Okonkwo Boiler Works Inc.,SMB,19,Canada,2021-12-26,Inbound - Paid,monthly,steady,REP-016,EMP-0225,Active,,3966.19
CUST-00327,Lomeli Glass & Glazing Corp.,SMB,7,Canada,2021-12-13,Inbound - Paid,annual,steady,REP-016,EMP-0258,Active,,2194.31
CUST-00328,Wasatch Boiler Works Co.,SMB,9,Northeast,2021-12-26,Inbound - Paid,annual,expand_then_contract,REP-005,EMP-0096,Active,,1131.02
CUST-00331,Harrow Building Services Corp.,SMB,18,Mid-Atlantic,2021-12-01,Partner / Referral,annual,land_and_expand,REP-019,EMP-0081,Active,,5634.49
CUST-00333,Puget Sound Mechanical Systems Group,SMB,24,Mountain,2021-12-01,Inbound - Organic,monthly,land_and_expand,REP-003,EMP-0153,Churned,2024-05-31,3632.18
CUST-00335,Uphoff Sheet Metal Holdings,SMB,23,Midwest,2021-12-24,Outbound - SDR,monthly,steady,REP-016,EMP-0022,Active,,4585.59
CUST-00336,Coastal Bend Mechanical Contractors Services,SMB,16,Canada,2021-12-17,Outbound - SDR,annual,land_and_expand,REP-019,EMP-0106,Churned,2024-12-16,5134.40
CUST-00338,Prentice Energy Services Corp.,SMB,12,Canada,2021-12-31,Partner / Referral,monthly,steady,REP-003,EMP-0199,Active,,2604.40
CUST-00345,Bellamy Glass & Glazing Partners,SMB,21,Southeast,2021-12-27,Inbound - Paid,annual,steady,REP-019,EMP-0139,Churned,2025-12-26,7328.36
CUST-00350,Kettle Moraine Roofing Partners,SMB,19,Mid-Atlantic,2021-12-27,Inbound - Organic,annual,churn_and_return,REP-005,EMP-0317,Churned,2025-04-30,2784.85
CUST-00352,Nakashima Pipefitting,SMB,10,South Central,2021-12-26,Inbound - Organic,monthly,land_and_expand,REP-003,EMP-0096,Active,,2964.09
CUST-00354,Copperfield Heating & Air & Sons,Mid-Market,101,Midwest,2021-01-29,Inbound - Organic,annual,churn_and_return,REP-015,EMP-0042,Active,,19718.03
CUST-00356,Kilbride HVAC Services,Mid-Market,112,Midwest,2021-01-13,Outbound - SDR,annual,steady,REP-010,EMP-0317,Active,,11200.59
CUST-00357,Okanagan Energy Services Services,Mid-Market,359,Midwest,2021-02-27,Trade Show / Event,annual,expand_then_contract,REP-022,EMP-0119,Active,,28681.36
CUST-00358,Danforth Property Services LLC,Mid-Market,95,Midwest,2021-02-13,Inbound - Paid,annual,land_and_expand,REP-015,EMP-0258,Churned,2025-02-12,9267.92
CUST-00359,Uphoff Glass & Glazing Partners,Mid-Market,72,Southeast,2021-02-25,Outbound - SDR,annual,land_and_expand,REP-007,EMP-0106,Active,,9134.88
CUST-00360,Castellano Plumbing & Heating Corp.,Mid-Market,142,Southwest,2021-02-28,Inbound - Paid,annual,steady,REP-017,EMP-0312,Churned,2024-02-27,16323.90
CUST-00361,Bellamy Elevator Services,Mid-Market,130,Northeast,2021-03-29,Outbound - SDR,annual,steady,REP-007,EMP-0289,Active,,23534.73
CUST-00362,Klamath Electrical Contractors,Mid-Market,220,West,2021-03-11,Outbound - SDR,annual,steady,REP-015,EMP-0172,Active,,17384.87
CUST-00363,Mulcahy Building Services,Mid-Market,158,West,2021-03-09,Inbound - Paid,annual,land_and_expand,REP-010,EMP-0148,Active,,18524.39
CUST-00364,Clearwater Sheet Metal & Sons,Mid-Market,177,West,2021-03-26,Inbound - Paid,annual,land_and_expand,REP-015,EMP-0219,Active,,13062.97
CUST-00366,Sonoran Elevator Services Co.,Mid-Market,100,Midwest,2021-03-11,Outbound - SDR,annual,churn_and_return,REP-017,EMP-0219,Active,,23809.06
CUST-00367,Palouse Fire Protection,Mid-Market,136,Great Lakes,2021-04-26,Inbound - Paid,multi_year,land_and_expand,REP-015,EMP-0322,Active,,12976.37
CUST-00369,Summit Line Plumbing Inc.,Mid-Market,160,Canada,2021-04-27,Inbound - Paid,annual,steady,REP-022,EMP-0081,Active,,20396.17
CUST-00370,Copperfield Landscape Services Corp.,Mid-Market,219,Midwest,2021-04-03,Inbound - Organic,multi_year,land_and_expand,REP-007,EMP-0291,Active,,25045.98
CUST-00371,Lindqvist Air Systems Inc.,Mid-Market,164,Mid-Atlantic,2021-05-28,Partner / Referral,annual,land_and_expand,REP-022,EMP-0119,Active,,14993.11
CUST-00372,Kowalczyk Fire & Life Safety LLC,Mid-Market,137,Southeast,2021-05-26,Inbound - Organic,annual,churn_and_return,REP-022,EMP-0172,Active,,18398.48
CUST-00373,Rio Grande Mechanical Contractors Holdings,Mid-Market,65,Mountain,2021-05-26,Trade Show / Event,annual,land_and_expand,REP-022,EMP-0301,Active,,6487.52
CUST-00374,Blue Ridge Utility Services,Mid-Market,56,Great Lakes,2021-05-27,Inbound - Paid,annual,land_and_expand,REP-022,EMP-0182,Active,,10070.51
CUST-00375,Northgate Heating & Air Co.,Mid-Market,154,South Central,2021-06-09,Outbound - SDR,annual,land_and_expand,REP-007,EMP-0178,Active,,19328.72
CUST-00377,Ironbridge Security Systems Holdings,Mid-Market,105,Great Lakes,2021-06-10,Inbound - Paid,annual,steady,REP-010,EMP-0070,Active,,7407.72
CUST-00378,Castellano Boiler Works LLC,Mid-Market,132,South Central,2021-06-28,Outbound - SDR,annual,land_and_expand,REP-017,EMP-0284,Active,,14472.02
CUST-00381,Brazos Controls,Mid-Market,154,West,2021-07-17,Outbound - SDR,annual,churn_and_return,REP-018,EMP-0106,Active,,15617.17
CUST-00382,Vandermeer Fire & Life Safety Corp.,Mid-Market,162,Great Lakes,2021-07-28,Outbound - SDR,annual,land_and_expand,REP-022,EMP-0245,Churned,2025-07-27,22162.58
CUST-00384,Harrow Property Services Corp.,Mid-Market,148,Midwest,2021-08-31,Partner / Referral,annual,land_and_expand,REP-007,EMP-0154,Active,,11248.68
CUST-00385,Danforth Fire Protection Services,Mid-Market,77,Southeast,2021-08-29,Inbound - Organic,annual,steady,REP-018,EMP-0081,Active,,12324.47
CUST-00386,Uphoff Plumbing Group,Mid-Market,141,Mountain,2021-09-28,Inbound - Paid,annual,steady,REP-018,EMP-0303,Active,,15026.21
CUST-00387,Ostrowski Electrical Contractors,Mid-Market,79,West,2021-09-27,Outbound - SDR,annual,land_and_expand,REP-023,EMP-0225,Active,,16799.12
CUST-00389,Meridian Building Services Partners,Mid-Market,128,Mid-Atlantic,2021-09-27,Trade Show / Event,annual,land_and_expand,REP-022,EMP-0284,Active,,6704.81
CUST-00390,Laurentian Mechanical Systems & Sons,Mid-Market,130,Mid-Atlantic,2021-10-07,Trade Show / Event,monthly,expand_then_contract,REP-018,EMP-0219,Active,,22631.26
CUST-00391,Anchor Bay Industrial Services Corp.,Mid-Market,369,Northeast,2021-10-11,Outbound - SDR,annual,slow_decay,REP-022,EMP-0258,Active,,43196.38
CUST-00393,Chinook Landscape Services Partners,Mid-Market,58,South Central,2021-10-22,Outbound - SDR,annual,steady,REP-018,EMP-0178,Active,,16366.30
CUST-00394,Mahoney Controls,Mid-Market,93,Mid-Atlantic,2021-11-18,Outbound - SDR,monthly,steady,REP-022,EMP-0245,Active,,11011.52
CUST-00395,Kowalczyk Sheet Metal Inc.,Mid-Market,56,Midwest,2021-11-26,Partner / Referral,annual,steady,REP-022,EMP-0258,Active,,7605.09
CUST-00396,Lowcountry Restoration Services,Mid-Market,209,Mid-Atlantic,2021-11-26,Partner / Referral,annual,churn_and_return,REP-022,EMP-0284,Churned,2025-01-31,32831.02
CUST-00397,Prentice Pipefitting,Mid-Market,109,West,2021-11-20,Trade Show / Event,multi_year,land_and_expand,REP-023,EMP-0081,Active,,11425.93
CUST-00398,Grimaldi Boiler Works,Mid-Market,186,Southeast,2021-12-10,Trade Show / Event,annual,expand_then_contract,REP-026,EMP-0225,Churned,2024-12-09,19074.62
CUST-00399,Cascade Restoration Co.,Mid-Market,115,Mountain,2021-12-09,Trade Show / Event,annual,steady,REP-007,EMP-0258,Active,,7162.03
CUST-00400,Klamath Property Services,Mid-Market,153,Mid-Atlantic,2021-12-11,Outbound - SDR,annual,land_and_expand,REP-023,EMP-0148,Active,,27960.50
CUST-00401,Cascade Utility Services Inc.,Mid-Market,94,Southeast,2021-12-26,Outbound - SDR,multi_year,fast_churn,REP-026,EMP-0148,Churned,2025-12-25,10310.78
CUST-00403,Red River Landscape Services LLC,Mid-Market,386,Great Lakes,2021-12-23,Trade Show / Event,annual,land_and_expand,REP-010,EMP-0245,Active,,48741.62
CUST-00404,Great Lakes Roofing Group,Mid-Market,155,Midwest,2021-12-29,Outbound - SDR,annual,steady,REP-023,EMP-0081,Active,,20407.03
CUST-00405,Stonebridge Controls Inc.,Mid-Market,249,Mid-Atlantic,2021-12-31,Inbound - Organic,annual,steady,REP-010,EMP-0153,Active,,42405.35
CUST-00406,Pinnacle Point Refrigeration Holdings,Mid-Market,175,Mid-Atlantic,2021-12-25,Inbound - Organic,annual,slow_decay,REP-018,EMP-0312,Churned,2023-12-24,10325.01
CUST-00407,Keystone Plumbing & Heating Co.,Mid-Market,156,Mountain,2021-12-19,Outbound - SDR,annual,steady,REP-007,EMP-0103,Churned,2025-12-18,21205.89
CUST-00409,Grimaldi Pipefitting Holdings,Enterprise,821,South Central,2021-02-28,Partner / Referral,multi_year,land_and_expand,REP-012,EMP-0178,Churned,2024-02-27,63431.52
CUST-00412,Clearwater Boiler Works,Enterprise,1264,Great Lakes,2021-06-25,Partner / Referral,multi_year,steady,REP-012,EMP-0154,Active,,142652.68
CUST-00413,Okanagan Energy Services Co.,Enterprise,1220,Canada,2021-09-13,Inbound - Paid,annual,steady,REP-014,EMP-0032,Active,,132782.44
CUST-00414,Bellamy Heating & Air Services,Enterprise,2021,Southeast,2021-10-06,Outbound - SDR,multi_year,land_and_expand,REP-014,EMP-0172,Active,,252699.54
CUST-00415,Fraser Valley Plumbing & Heating LLC,Enterprise,690,Great Lakes,2021-11-17,Partner / Referral,multi_year,steady,REP-014,EMP-0225,Active,,56668.89
CUST-00416,Okonkwo Plumbing & Heating Corp.,Enterprise,846,Great Lakes,2021-12-28,Trade Show / Event,multi_year,churn_and_return,REP-012,EMP-0171,Active,,113274.90
CUST-00417,Mohawk Valley Energy Services Holdings,SMB,24,West,2022-01-03,Inbound - Paid,monthly,steady,REP-016,EMP-0322,Active,,9413.96
CUST-00418,Pemberton Electric & Sons,SMB,26,Mountain,2022-01-27,Inbound - Paid,monthly,steady,REP-016,EMP-0042,Active,,2708.17
CUST-00421,Saskatoon Plumbing,SMB,10,Mountain,2022-01-03,Inbound - Organic,monthly,steady,REP-016,EMP-0104,Churned,2025-06-30,3958.72
CUST-00422,Lowcountry Security Systems Partners,SMB,17,Mountain,2022-01-05,Trade Show / Event,annual,steady,REP-005,EMP-0182,Active,,6473.22
CUST-00424,Iverson Restoration LLC,SMB,19,Southwest,2022-01-08,Inbound - Paid,annual,fast_churn,REP-019,EMP-0272,Churned,2024-01-07,4557.52
CUST-00427,Granite Peak Controls Co.,SMB,6,Great Lakes,2022-01-14,Inbound - Paid,monthly,steady,REP-003,EMP-0182,Active,,1209.60
CUST-00428,Shenandoah Facilities Group Holdings,SMB,8,Great Lakes,2022-01-30,Inbound - Paid,monthly,land_and_expand,REP-016,EMP-0272,Churned,2024-04-30,1677.48
CUST-00429,Adirondack Electrical Contractors,SMB,8,Mountain,2022-01-25,Outbound - SDR,monthly,steady,REP-003,EMP-0148,Active,,2349.60
CUST-00431,Ostrowski Controls,SMB,31,Canada,2022-01-27,Inbound - Paid,monthly,steady,REP-019,EMP-0240,Active,,6966.02
CUST-00433,Riverworks Mechanical Systems Corp.,SMB,12,Mid-Atlantic,2022-01-19,Trade Show / Event,monthly,steady,REP-019,EMP-0238,Active,,4458.22
CUST-00436,Panhandle Fire Protection & Sons,SMB,13,West,2022-02-13,Inbound - Paid,monthly,land_and_expand,REP-019,EMP-0219,Active,,3892.27
CUST-00437,Piedmont Fire Protection Holdings,SMB,9,West,2022-02-20,Inbound - Organic,monthly,land_and_expand,REP-019,EMP-0315,Active,,1116.48
CUST-00438,Ozark Utility Services Corp.,SMB,12,Midwest,2022-02-13,Partner / Referral,monthly,land_and_expand,REP-016,EMP-0070,Churned,2026-04-30,2282.62
CUST-00439,Annapolis Valley Plumbing Corp.,SMB,11,Southeast,2022-02-28,Inbound - Paid,annual,steady,REP-019,EMP-0272,Churned,2024-02-27,2304.15
CUST-00440,Shenandoah Pipefitting Co.,SMB,12,West,2022-02-24,Inbound - Organic,annual,steady,REP-005,EMP-0303,Active,,4893.09
CUST-00441,Coastal Bend Electric Holdings,SMB,36,Northeast,2022-02-28,Outbound - SDR,monthly,steady,REP-003,EMP-0301,Churned,2024-01-31,9876.88
CUST-00442,Tri-State Industrial Services Inc.,SMB,20,Canada,2022-02-11,Outbound - SDR,annual,land_and_expand,REP-019,EMP-0171,Active,,4042.97
CUST-00444,Tri-State Facility Services LLC,SMB,20,Southwest,2022-02-23,Inbound - Organic,monthly,land_and_expand,REP-003,EMP-0225,Active,,11142.90
CUST-00445,Meridian Energy Services Inc.,SMB,35,Midwest,2022-02-26,Trade Show / Event,monthly,steady,REP-019,EMP-0096,Active,,14005.99
CUST-00446,Holloway Air Systems Corp.,SMB,28,Midwest,2022-02-15,Inbound - Organic,monthly,steady,REP-001,EMP-0148,Active,,11139.31
CUST-00447,Nakashima Energy Services Services,SMB,28,Mountain,2022-02-15,Inbound - Organic,monthly,expand_then_contract,REP-001,EMP-0303,Active,,3703.03
CUST-00448,Granite Peak Fire Protection,SMB,10,Great Lakes,2022-02-11,Inbound - Paid,monthly,steady,REP-016,EMP-0178,Active,,2782.03
CUST-00450,Laurentian Mechanical Systems,SMB,10,Canada,2022-02-15,Inbound - Organic,monthly,land_and_expand,REP-019,EMP-0240,Active,,4167.99
CUST-00455,Gallardo Pipefitting Holdings,SMB,47,Southwest,2022-03-01,Outbound - SDR,annual,steady,REP-001,EMP-0245,Churned,2026-02-28,16860.06
CUST-00458,Rio Grande Restoration,SMB,26,Midwest,2022-03-29,Inbound - Organic,monthly,steady,REP-001,EMP-0103,Churned,2025-04-30,6309.44
CUST-00460,Ozark Security Systems Holdings,SMB,12,South Central,2022-03-20,Outbound - SDR,monthly,churn_and_return,REP-019,EMP-0219,Churned,2026-01-31,3839.97
CUST-00461,Ozark Fire & Life Safety & Sons,SMB,7,Southwest,2022-03-28,Inbound - Paid,annual,land_and_expand,REP-001,EMP-0263,Active,,1195.00
CUST-00462,Iverson Mechanical LLC,SMB,29,Midwest,2022-03-28,Partner / Referral,annual,land_and_expand,REP-003,EMP-0103,Active,,8654.49
CUST-00465,Ruzicka Building Services,SMB,11,South Central,2022-03-11,Inbound - Organic,annual,land_and_expand,REP-001,EMP-0219,Churned,2025-03-10,6189.39
CUST-00467,Ashworth Electric,SMB,36,Canada,2022-03-31,Partner / Referral,monthly,steady,REP-019,EMP-0182,Active,,22711.05
CUST-00469,Granite Peak Security Systems Inc.,SMB,6,Great Lakes,2022-03-29,Inbound - Paid,annual,steady,REP-016,EMP-0240,Churned,2026-03-28,1783.46
CUST-00472,Prentice Industrial Services,SMB,7,Mountain,2022-03-15,Inbound - Organic,monthly,steady,REP-003,EMP-0042,Active,,2083.87
CUST-00475,Vandermeer Security Systems Corp.,SMB,13,Canada,2022-03-31,Outbound - SDR,annual,steady,REP-019,EMP-0245,Active,,3878.70
CUST-00476,Wabash Elevator Services Inc.,SMB,20,Mid-Atlantic,2022-03-10,Partner / Referral,monthly,steady,REP-005,EMP-0301,Active,,6229.65
CUST-00477,Ironbridge Security Systems & Sons,SMB,15,Mid-Atlantic,2022-03-17,Inbound - Organic,monthly,steady,REP-005,EMP-0225,Active,,5510.88
CUST-00478,Petrosian Roofing,SMB,14,Mid-Atlantic,2022-03-01,Inbound - Paid,monthly,steady,REP-005,EMP-0178,Churned,2024-10-31,3907.10
CUST-00481,Northrup Heating & Air,SMB,45,Southwest,2022-04-27,Inbound - Paid,monthly,steady,REP-003,EMP-0199,Active,,17499.98
CUST-00482,Ironbridge Mechanical Group,SMB,32,Northeast,2022-04-23,Inbound - Organic,monthly,land_and_expand,REP-003,EMP-0070,Active,,13732.92
CUST-00483,Sandhills Facility Services Services,SMB,16,South Central,2022-04-26,Inbound - Paid,annual,steady,REP-003,EMP-0172,Active,,3262.35
CUST-00485,Annapolis Valley Mechanical Systems & Sons,SMB,29,Mid-Atlantic,2022-04-25,Partner / Referral,annual,steady,REP-005,EMP-0258,Active,,9443.87
CUST-00486,Anchor Bay Building Services Corp.,SMB,7,Midwest,2022-04-08,Trade Show / Event,annual,land_and_expand,REP-016,EMP-0272,Churned,2025-04-07,5418.67
CUST-00487,Cornerstone Glass & Glazing Co.,SMB,17,Southwest,2022-04-30,Outbound - SDR,monthly,expand_then_contract,REP-001,EMP-0238,Active,,6820.49
CUST-00488,Kilbride Property Services Corp.,SMB,10,Mountain,2022-04-29,Inbound - Paid,annual,steady,REP-001,EMP-0291,Active,,3297.07
CUST-00489,Ostrowski Roofing Group,SMB,20,West,2022-04-28,Partner / Referral,monthly,steady,REP-005,EMP-0153,Active,,3459.67
CUST-00492,Jessup Mechanical Systems,SMB,12,Northeast,2022-04-27,Partner / Referral,annual,steady,REP-005,EMP-0032,Churned,2025-04-26,2831.06
CUST-00493,Kilbride Heating & Air,SMB,5,Southwest,2022-04-26,Partner / Referral,monthly,steady,REP-001,EMP-0317,Churned,2025-01-31,1685.67
CUST-00494,Hudson Valley Electrical Contractors,SMB,19,West,2022-04-01,Inbound - Paid,annual,land_and_expand,REP-019,EMP-0171,Active,,8040.28
CUST-00497,Palouse Pipefitting & Sons,SMB,19,Canada,2022-05-04,Outbound - SDR,monthly,steady,REP-001,EMP-0199,Churned,2025-01-31,6890.75
CUST-00500,Marchetti Restoration Services,SMB,18,Southeast,2022-05-14,Inbound - Organic,annual,steady,REP-016,EMP-0213,Active,,4028.60
CUST-00502,Klamath Air Systems Co.,SMB,20,South Central,2022-05-28,Inbound - Paid,annual,steady,REP-019,EMP-0081,Active,,3042.12
CUST-00504,Cumberland Facility Services Partners,SMB,9,Northeast,2022-05-01,Trade Show / Event,monthly,steady,REP-019,EMP-0199,Active,,2525.22
CUST-00506,Kearney Mechanical Systems LLC,SMB,21,Midwest,2022-05-16,Inbound - Paid,multi_year,land_and_expand,REP-001,EMP-0153,Active,,1662.84
CUST-00507,Ostrowski Plumbing & Heating,SMB,19,South Central,2022-05-29,Inbound - Paid,monthly,land_and_expand,REP-016,EMP-0103,Active,,4782.95
CUST-00514,Prentice Electric & Sons,SMB,7,South Central,2022-06-21,Partner / Referral,monthly,steady,REP-019,EMP-0042,Active,,1720.81
CUST-00517,Mohawk Valley Electrical Contractors Inc.,SMB,13,Southwest,2022-06-28,Inbound - Organic,monthly,steady,REP-016,EMP-0096,Active,,3467.45
CUST-00519,Ironbridge Industrial Services,SMB,45,South Central,2022-06-01,Partner / Referral,monthly,steady,REP-019,EMP-0240,Active,,17564.65
CUST-00520,Ostrowski HVAC,SMB,18,Mountain,2022-06-27,Outbound - SDR,monthly,steady,REP-019,EMP-0289,Active,,3440.12
CUST-00521,Anchor Bay Elevator Services LLC,SMB,31,Great Lakes,2022-06-11,Partner / Referral,monthly,slow_decay,REP-016,EMP-0225,Churned,2025-01-31,5586.26
CUST-00523,Wasatch Restoration Inc.,SMB,12,Mountain,2022-06-22,Outbound - SDR,monthly,steady,REP-001,EMP-0172,Churned,2025-09-30,3737.41
CUST-00525,Yarborough Air Systems LLC,SMB,18,South Central,2022-06-28,Inbound - Paid,monthly,expand_then_contract,REP-003,EMP-0178,Churned,2024-06-30,6275.31
CUST-00526,Bellamy Plumbing & Heating,SMB,8,Mid-Atlantic,2022-06-30,Inbound - Organic,monthly,steady,REP-001,EMP-0303,Active,,2315.62
CUST-00527,Ackerley Building Services,SMB,13,Canada,2022-06-02,Partner / Referral,monthly,land_and_expand,REP-005,EMP-0103,Churned,2025-01-31,4130.54
CUST-00528,Chesapeake Plumbing & Heating,SMB,15,Mountain,2022-06-10,Inbound - Paid,annual,churn_and_return,REP-005,EMP-0081,Churned,2025-08-31,5766.24
CUST-00529,Keystone Facilities Group LLC,SMB,11,Southeast,2022-06-24,Inbound - Paid,annual,land_and_expand,REP-001,EMP-0219,Churned,2025-10-31,1625.89
CUST-00531,Front Range Mechanical Contractors,SMB,5,Midwest,2022-07-28,Inbound - Paid,monthly,land_and_expand,REP-001,EMP-0272,Active,,1645.73
CUST-00532,Palouse Mechanical Systems Partners,SMB,8,Midwest,2022-07-06,Inbound - Organic,annual,land_and_expand,REP-003,EMP-0199,Active,,1683.74
CUST-00534,Granite Peak Mechanical Contractors Inc.,SMB,12,Mid-Atlantic,2022-07-31,Inbound - Paid,monthly,steady,REP-005,EMP-0317,Active,,3199.16
CUST-00537,Piedmont Landscape Services Inc.,SMB,24,South Central,2022-07-22,Outbound - SDR,multi_year,land_and_expand,REP-005,EMP-0081,Active,,5541.59
CUST-00540,Pemberton HVAC Inc.,SMB,5,Canada,2022-07-29,Partner / Referral,monthly,expand_then_contract,REP-005,EMP-0315,Churned,2025-05-31,2339.58
CUST-00541,Cumberland Glass & Glazing Partners,SMB,12,Mountain,2022-07-26,Inbound - Organic,monthly,steady,REP-003,EMP-0258,Active,,2776.44
CUST-00542,Brannigan Air Systems,SMB,12,Southeast,2022-07-29,Outbound - SDR,monthly,land_and_expand,REP-003,EMP-0317,Churned,2024-02-29,3490.52
CUST-00544,Holloway Fire Protection LLC,SMB,9,West,2022-08-27,Outbound - SDR,monthly,slow_decay,REP-005,EMP-0148,Churned,2026-01-31,4124.06
CUST-00545,Silverpoint Heating & Air,SMB,9,Canada,2022-08-29,Inbound - Organic,monthly,land_and_expand,REP-001,EMP-0258,Churned,2024-03-31,2647.31
CUST-00546,Brazos Mechanical Corp.,SMB,25,Great Lakes,2022-08-28,Outbound - SDR,monthly,steady,REP-028,EMP-0033,Churned,2024-09-30,16497.43
CUST-00549,Granite Peak Plumbing & Heating Partners,SMB,8,Northeast,2022-08-08,Inbound - Organic,annual,steady,REP-003,EMP-0317,Active,,1676.12
CUST-00550,Whitcomb Roofing Services,SMB,23,Mid-Atlantic,2022-08-28,Partner / Referral,annual,land_and_expand,REP-005,EMP-0139,Churned,2025-08-27,5327.89
CUST-00553,Yarborough Refrigeration Inc.,SMB,15,Southwest,2022-08-31,Inbound - Paid,monthly,expand_then_contract,REP-005,EMP-0033,Active,,4718.26
CUST-00554,Teton Controls Services,SMB,19,Mid-Atlantic,2022-08-27,Inbound - Paid,monthly,land_and_expand,REP-019,EMP-0141,Churned,2024-12-31,4049.50
CUST-00558,Puget Sound Property Services Holdings,SMB,10,Mid-Atlantic,2022-09-14,Outbound - SDR,monthly,land_and_expand,REP-016,EMP-0070,Active,,4485.79
CUST-00559,Red River Sheet Metal,SMB,28,Great Lakes,2022-09-27,Partner / Referral,monthly,steady,REP-001,EMP-0301,Churned,2024-12-31,12717.73
CUST-00560,Kilbride Electrical Contractors,SMB,12,Midwest,2022-09-26,Outbound - SDR,monthly,steady,REP-003,EMP-0312,Churned,2024-04-30,3517.33
CUST-00564,Jessup HVAC,SMB,20,South Central,2022-09-01,Inbound - Paid,monthly,expand_then_contract,REP-003,EMP-0172,Active,,4671.02
CUST-00566,Halvorsen Controls Partners,SMB,32,Canada,2022-09-30,Partner / Referral,monthly,steady,REP-016,EMP-0182,Churned,2024-11-30,7304.65
CUST-00567,Cascade Facility Services,SMB,7,Canada,2022-09-30,Outbound - SDR,monthly,churn_and_return,REP-005,EMP-0022,Churned,2024-02-29,1786.03
CUST-00569,Kilbride Elevator Services Partners,SMB,7,Mountain,2022-09-28,Inbound - Paid,monthly,steady,REP-005,EMP-0245,Churned,2025-04-30,2493.26
CUST-00572,Kowalczyk Utility Services Holdings,SMB,27,Northeast,2022-09-25,Inbound - Paid,monthly,steady,REP-030,EMP-0106,Active,,5623.39
CUST-00574,Grimaldi Elevator Services,SMB,6,West,2022-09-13,Inbound - Organic,monthly,slow_decay,REP-003,EMP-0178,Churned,2024-05-31,2508.42
CUST-00577,Harborview Air Systems Inc.,SMB,16,Canada,2022-10-29,Inbound - Organic,monthly,expand_then_contract,REP-005,EMP-0103,Churned,2026-02-28,4318.04
CUST-00578,Vandermeer Industrial Services,SMB,28,Northeast,2022-10-10,Inbound - Organic,monthly,land_and_expand,REP-003,EMP-0022,Churned,2025-02-28,12388.61
CUST-00579,Eskildsen Plumbing & Heating,SMB,12,Mid-Atlantic,2022-10-31,Outbound - SDR,annual,fast_churn,REP-003,EMP-0022,Churned,2024-10-30,2964.93
CUST-00582,Halvorsen Industrial Services Group,SMB,12,South Central,2022-10-05,Partner / Referral,monthly,steady,REP-028,EMP-0182,Churned,2026-03-31,3734.22
CUST-00583,Kettle Moraine Boiler Works Holdings,SMB,37,Midwest,2022-10-16,Inbound - Organic,annual,slow_decay,REP-003,EMP-0106,Active,,10978.87
CUST-00584,Gulf Coast Boiler Works Corp.,SMB,21,Canada,2022-10-31,Outbound - SDR,monthly,steady,REP-016,EMP-0178,Active,,4043.57
CUST-00585,Ferreira Fire & Life Safety & Sons,SMB,14,Mountain,2022-10-28,Outbound - SDR,annual,steady,REP-003,EMP-0103,Active,,4162.95
CUST-00587,Mulcahy Fire & Life Safety,SMB,8,West,2022-10-10,Partner / Referral,annual,steady,REP-005,EMP-0238,Active,,1825.38
CUST-00588,Clearwater Mechanical Systems & Sons,SMB,18,Southeast,2022-10-28,Trade Show / Event,monthly,expand_then_contract,REP-003,EMP-0022,Churned,2026-03-31,5777.07
CUST-00589,Hudson Valley Roofing,SMB,13,South Central,2022-10-30,Trade Show / Event,annual,steady,REP-003,EMP-0139,Active,,2823.91
CUST-00590,Ironbridge Utility Services,SMB,22,Mountain,2022-10-27,Partner / Referral,annual,steady,REP-003,EMP-0213,Churned,2024-10-26,7795.79
CUST-00591,Brannigan Pipefitting Corp.,SMB,25,Midwest,2022-10-19,Inbound - Paid,monthly,land_and_expand,REP-005,EMP-0238,Churned,2024-07-31,7786.63
CUST-00592,Clearwater HVAC,SMB,18,Midwest,2022-11-23,Inbound - Organic,annual,steady,REP-030,EMP-0154,Active,,7916.18
CUST-00595,Sonoran Heating & Air Group,SMB,11,Canada,2022-11-16,Inbound - Organic,monthly,land_and_expand,REP-016,EMP-0103,Active,,1738.76
CUST-00596,Ingersoll Refrigeration Partners,SMB,24,Canada,2022-11-30,Inbound - Paid,monthly,steady,REP-016,EMP-0272,Active,,7909.98
CUST-00599,Adirondack Security Systems Holdings,SMB,7,Southwest,2022-11-25,Partner / Referral,annual,steady,REP-005,EMP-0312,Active,,1642.19
CUST-00601,Kilbride Industrial Services Partners,SMB,26,Mountain,2022-11-28,Inbound - Paid,monthly,land_and_expand,REP-031,EMP-0148,Active,,7458.40
CUST-00602,Yarborough Facilities Group,SMB,8,Southwest,2022-11-02,Inbound - Paid,monthly,land_and_expand,REP-030,EMP-0317,Churned,2026-04-30,1224.82
CUST-00603,Hudson Valley Heating & Air Partners,SMB,29,Canada,2022-11-02,Partner / Referral,annual,land_and_expand,REP-016,EMP-0263,Active,,5387.32
CUST-00605,Harborview Mechanical Systems & Sons,SMB,36,Southeast,2022-11-26,Inbound - Organic,monthly,steady,REP-028,EMP-0131,Churned,2025-11-30,6133.72
CUST-00607,Klamath Landscape Services Partners,SMB,27,Southeast,2022-11-25,Inbound - Organic,annual,expand_then_contract,REP-030,EMP-0213,Churned,2025-11-24,18284.85
CUST-00609,Nakashima HVAC,SMB,25,West,2022-12-22,Trade Show / Event,monthly,land_and_expand,REP-030,EMP-0317,Active,,7454.62
CUST-00610,Iverson Electric Partners,SMB,13,West,2022-12-21,Inbound - Organic,monthly,land_and_expand,REP-031,EMP-0033,Churned,2025-12-31,3886.63
CUST-00611,Laurentian Roofing Inc.,SMB,9,West,2022-12-31,Partner / Referral,annual,slow_decay,REP-005,EMP-0119,Churned,2023-12-30,3810.98
CUST-00613,Halvorsen Elevator Services,SMB,15,Midwest,2022-12-28,Inbound - Paid,monthly,steady,REP-030,EMP-0154,Active,,6038.10
CUST-00614,Halvorsen HVAC Partners,SMB,25,Northeast,2022-12-01,Partner / Referral,annual,steady,REP-005,EMP-0245,Active,,5124.05
CUST-00615,Ruzicka Facility Services Co.,SMB,15,Southwest,2022-12-26,Outbound - SDR,monthly,land_and_expand,REP-028,EMP-0104,Churned,2026-01-31,6939.84
CUST-00616,Fraser Valley Energy Services Inc.,SMB,6,Northeast,2022-12-29,Inbound - Organic,monthly,land_and_expand,REP-030,EMP-0033,Active,,1677.46
CUST-00617,Vandermeer Boiler Works,SMB,10,Southwest,2022-12-28,Inbound - Organic,monthly,land_and_expand,REP-028,EMP-0272,Churned,2024-04-30,4909.74
CUST-00619,Wabash Facility Services & Sons,SMB,9,Midwest,2022-12-25,Inbound - Paid,annual,steady,REP-016,EMP-0322,Active,,1188.15
CUST-00620,Mulcahy Restoration Corp.,SMB,9,Midwest,2022-12-29,Inbound - Paid,monthly,steady,REP-030,EMP-0033,Active,,1702.74
CUST-00621,Tri-State Mechanical Systems & Sons,SMB,32,Mountain,2022-12-18,Inbound - Paid,monthly,steady,REP-016,EMP-0033,Churned,2025-05-31,9620.44
CUST-00622,Front Range Controls Inc.,SMB,18,Mountain,2022-12-29,Inbound - Paid,monthly,slow_decay,REP-016,EMP-0106,Active,,9752.86
CUST-00623,Ingersoll Building Services Services,SMB,21,Northeast,2022-12-30,Inbound - Paid,annual,fast_churn,REP-016,EMP-0148,Churned,2023-12-29,7524.01
CUST-00625,Susquehanna Building Services Services,SMB,19,Great Lakes,2022-12-16,Inbound - Organic,monthly,expand_then_contract,REP-016,EMP-0289,Churned,2024-05-31,5232.08
CUST-00626,Lowcountry Electrical Contractors,SMB,28,Mountain,2022-12-31,Outbound - SDR,monthly,steady,REP-005,EMP-0139,Active,,4837.49
CUST-00629,Wasatch Plumbing,SMB,15,South Central,2022-12-04,Inbound - Paid,monthly,expand_then_contract,REP-028,EMP-0245,Churned,2025-07-31,3215.39
CUST-00630,Lantern Sheet Metal,SMB,38,West,2022-12-11,Partner / Referral,monthly,steady,REP-030,EMP-0148,Active,,6722.99
CUST-00631,Zamora Refrigeration,SMB,19,Southwest,2022-12-27,Partner / Referral,annual,fast_churn,REP-030,EMP-0303,Churned,2023-12-26,2349.55
CUST-00632,Stavros Plumbing Holdings,SMB,25,Great Lakes,2022-12-28,Inbound - Paid,monthly,churn_and_return,REP-016,EMP-0317,Churned,2024-06-30,4192.73
CUST-00633,Harrow Energy Services Holdings,SMB,11,Midwest,2022-12-13,Partner / Referral,monthly,steady,REP-028,EMP-0081,Active,,3500.79
CUST-00634,Danforth Industrial Services Services,SMB,12,Midwest,2022-12-20,Inbound - Paid,monthly,slow_decay,REP-030,EMP-0081,Churned,2024-01-31,3215.39
CUST-00635,Vandermeer Mechanical & Sons,SMB,7,West,2022-12-11,Partner / Referral,monthly,expand_then_contract,REP-005,EMP-0322,Churned,2024-03-31,1691.16
CUST-00637,Yarborough Security Systems Co.,SMB,6,Mid-Atlantic,2022-12-21,Inbound - Organic,monthly,steady,REP-028,EMP-0291,Active,,1789.36
CUST-00638,Sandhills Energy Services Group,SMB,5,Mountain,2022-12-28,Inbound - Paid,annual,slow_decay,REP-005,EMP-0289,Churned,2023-12-27,1146.74
CUST-00641,Shenandoah Energy Services Group,SMB,18,South Central,2022-12-11,Inbound - Paid,monthly,steady,REP-030,EMP-0139,Active,,6096.08
CUST-00642,Rasmussen Mechanical Contractors Corp.,SMB,34,Great Lakes,2022-12-16,Outbound - SDR,annual,expand_then_contract,REP-005,EMP-0154,Active,,8460.20
CUST-00644,Northgate Glass & Glazing,SMB,28,Midwest,2022-12-13,Partner / Referral,monthly,steady,REP-030,EMP-0219,Active,,18426.26
CUST-00645,Ackerley Energy Services & Sons,SMB,8,Midwest,2022-12-26,Inbound - Paid,monthly,churn_and_return,REP-016,EMP-0238,Churned,2024-06-30,1132.72
CUST-00648,Gallardo Mechanical Systems Services,SMB,9,Northeast,2022-12-25,Inbound - Paid,annual,fast_churn,REP-028,EMP-0312,Churned,2023-12-24,4832.50
CUST-00649,Kettle Moraine Facilities Group,SMB,9,Northeast,2022-12-28,Inbound - Paid,annual,fast_churn,REP-030,EMP-0141,Churned,2023-12-27,1703.12
CUST-00651,Copperfield Electrical Contractors Partners,Mid-Market,140,Canada,2022-01-05,Trade Show / Event,multi_year,churn_and_return,REP-023,EMP-0139,Active,,22947.01
CUST-00652,Sonoran Plumbing LLC,Mid-Market,313,Canada,2022-01-31,Outbound - SDR,monthly,land_and_expand,REP-007,EMP-0119,Active,,54940.81
CUST-00653,Hudson Valley Utility Services Co.,Mid-Market,149,Southwest,2022-01-28,Inbound - Organic,annual,steady,REP-024,EMP-0171,Active,,25738.16
CUST-00654,Meridian Utility Services Services,Mid-Market,72,Great Lakes,2022-01-30,Inbound - Paid,multi_year,steady,REP-023,EMP-0272,Active,,12379.91
CUST-00655,Sonoran Refrigeration Partners,Mid-Market,149,Mountain,2022-01-12,Partner / Referral,monthly,steady,REP-023,EMP-0219,Churned,2024-02-29,23118.95
CUST-00656,Brazos Roofing Corp.,Mid-Market,330,Southeast,2022-02-28,Outbound - SDR,annual,expand_then_contract,REP-010,EMP-0317,Active,,37693.90
CUST-00657,Chesapeake Electric,Mid-Market,162,Southeast,2022-02-11,Partner / Referral,annual,land_and_expand,REP-007,EMP-0219,Churned,2026-05-31,20095.86
CUST-00658,Villanueva Industrial Services Inc.,Mid-Market,70,Mountain,2022-02-10,Inbound - Paid,annual,slow_decay,REP-024,EMP-0103,Churned,2026-02-09,13628.43
CUST-00659,Riverworks Plumbing Partners,Mid-Market,242,Mountain,2022-02-24,Partner / Referral,monthly,steady,REP-018,EMP-0240,Active,,37921.64
CUST-00660,Stonebridge Property Services,Mid-Market,88,Midwest,2022-02-26,Inbound - Paid,annual,steady,REP-024,EMP-0171,Churned,2024-02-25,24323.91
CUST-00661,Wabash Security Systems Group,Mid-Market,208,Mid-Atlantic,2022-02-19,Partner / Referral,annual,steady,REP-007,EMP-0258,Active,,22256.70
CUST-00662,Northgate Mechanical Systems Co.,Mid-Market,259,Mountain,2022-03-27,Trade Show / Event,annual,steady,REP-007,EMP-0289,Active,,31372.32
CUST-00663,Vandermeer Restoration,Mid-Market,131,Southwest,2022-03-08,Inbound - Paid,multi_year,steady,REP-010,EMP-0153,Active,,29568.92
CUST-00664,Thibodeaux Energy Services LLC,Mid-Market,73,Great Lakes,2022-03-12,Inbound - Paid,annual,steady,REP-023,EMP-0238,Churned,2026-03-11,10000.16
CUST-00665,Yarborough Energy Services & Sons,Mid-Market,132,Midwest,2022-03-28,Inbound - Organic,annual,steady,REP-007,EMP-0284,Active,,22525.67
CUST-00667,Ruzicka Elevator Services,Mid-Market,168,Canada,2022-03-15,Outbound - SDR,annual,steady,REP-024,EMP-0322,Active,,21357.73
CUST-00668,Keystone Industrial Services & Sons,Mid-Market,96,Midwest,2022-03-13,Inbound - Organic,annual,land_and_expand,REP-007,EMP-0104,Active,,10411.16
CUST-00669,Ferreira Electric,Mid-Market,146,Mountain,2022-03-17,Partner / Referral,annual,steady,REP-026,EMP-0219,Active,,12742.55
CUST-00670,Ironbridge Glass & Glazing Services,Mid-Market,53,Midwest,2022-03-29,Outbound - SDR,annual,slow_decay,REP-010,EMP-0042,Churned,2026-03-28,7561.26
CUST-00671,Prentice Fire Protection Inc.,Mid-Market,233,Northeast,2022-04-25,Inbound - Paid,multi_year,land_and_expand,REP-018,EMP-0245,Active,,19670.27
CUST-00672,Hutchins Air Systems Holdings,Mid-Market,78,South Central,2022-04-24,Outbound - SDR,annual,land_and_expand,REP-024,EMP-0213,Active,,10867.52
CUST-00673,Ironbridge Sheet Metal Corp.,Mid-Market,429,Mountain,2022-04-28,Outbound - SDR,annual,steady,REP-023,EMP-0081,Churned,2025-04-27,44982.96
CUST-00674,Ackerley Pipefitting Services,Mid-Market,416,Mountain,2022-04-28,Outbound - SDR,annual,steady,REP-023,EMP-0182,Active,,60819.03
CUST-00675,Oyelaran Boiler Works,Mid-Market,101,Mountain,2022-04-08,Outbound - SDR,monthly,steady,REP-026,EMP-0153,Active,,6657.31
CUST-00677,Copperfield Boiler Works,Mid-Market,138,West,2022-05-28,Inbound - Organic,annual,expand_then_contract,REP-024,EMP-0104,Active,,18463.71
CUST-00678,Fieldstone Sheet Metal & Sons,Mid-Market,132,Mid-Atlantic,2022-05-28,Inbound - Organic,annual,expand_then_contract,REP-026,EMP-0033,Active,,20936.48
CUST-00679,Hutchins Energy Services Services,Mid-Market,172,Southeast,2022-05-31,Inbound - Paid,annual,land_and_expand,REP-010,EMP-0199,Active,,39172.19
CUST-00682,Cumberland HVAC,Mid-Market,239,Midwest,2022-06-29,Inbound - Paid,annual,land_and_expand,REP-024,EMP-0119,Active,,53949.06
CUST-00684,Prentice Mechanical Co.,Mid-Market,165,Southwest,2022-06-03,Inbound - Organic,annual,expand_then_contract,REP-026,EMP-0172,Active,,25009.26
CUST-00685,Lantern Security Systems Co.,Mid-Market,128,Mid-Atlantic,2022-06-30,Trade Show / Event,annual,slow_decay,REP-026,EMP-0139,Active,,9739.05
CUST-00687,Whitcomb Industrial Services Co.,Mid-Market,90,Southwest,2022-07-31,Inbound - Paid,multi_year,steady,REP-007,EMP-0238,Active,,7720.60
CUST-00688,Jankowski Sheet Metal Corp.,Mid-Market,106,Southwest,2022-07-27,Partner / Referral,annual,steady,REP-007,EMP-0033,Active,,31388.07
CUST-00689,Summit Line Industrial Services,Mid-Market,129,Mountain,2022-07-28,Outbound - SDR,annual,land_and_expand,REP-023,EMP-0245,Active,,26515.91
CUST-00690,Tri-State Property Services,Mid-Market,167,Mountain,2022-07-18,Inbound - Organic,annual,steady,REP-026,EMP-0103,Active,,26317.50
CUST-00691,Chaudhry Energy Services Co.,Mid-Market,67,Canada,2022-08-14,Partner / Referral,annual,steady,REP-018,EMP-0322,Active,,7471.10
CUST-00693,Rio Grande Glass & Glazing Group,Mid-Market,91,Mid-Atlantic,2022-08-16,Inbound - Organic,annual,churn_and_return,REP-018,EMP-0245,Active,,7565.42
CUST-00694,Yarborough Electrical Contractors Holdings,Mid-Market,52,West,2022-08-12,Partner / Referral,annual,steady,REP-007,EMP-0032,Active,,16510.08
CUST-00696,Danforth Fire & Life Safety Partners,Mid-Market,101,Mid-Atlantic,2022-09-27,Outbound - SDR,annual,steady,REP-007,EMP-0032,Churned,2025-09-26,14184.00
CUST-00697,Oyelaran Heating & Air,Mid-Market,238,Northeast,2022-09-11,Inbound - Paid,multi_year,expand_then_contract,REP-023,EMP-0103,Active,,59514.42
CUST-00699,Copperfield Facility Services,Mid-Market,230,Northeast,2022-09-30,Outbound - SDR,annual,land_and_expand,REP-010,EMP-0139,Active,,32164.90
CUST-00701,Northgate Mechanical Group,Mid-Market,130,West,2022-10-31,Inbound - Paid,annual,steady,REP-023,EMP-0131,Churned,2024-10-30,14156.19
CUST-00702,Grimaldi Facility Services,Mid-Market,110,Southwest,2022-10-10,Outbound - SDR,annual,land_and_expand,REP-010,EMP-0081,Active,,15089.16
CUST-00703,Hutchins Property Services LLC,Mid-Market,149,Midwest,2022-10-14,Outbound - SDR,annual,steady,REP-027,EMP-0182,Active,,10773.80
CUST-00704,Saskatoon Security Systems Group,Mid-Market,77,Canada,2022-10-04,Inbound - Organic,annual,land_and_expand,REP-018,EMP-0182,Active,,7115.85
CUST-00706,Vandermeer Fire Protection Corp.,Mid-Market,292,Mountain,2022-10-26,Outbound - SDR,annual,land_and_expand,REP-026,EMP-0182,Active,,34790.75
CUST-00707,Delgado Pipefitting,Mid-Market,91,Northeast,2022-11-29,Inbound - Organic,annual,steady,REP-007,EMP-0032,Active,,12767.86
CUST-00709,Nakashima HVAC Corp.,Mid-Market,131,Great Lakes,2022-11-14,Partner / Referral,annual,land_and_expand,REP-018,EMP-0042,Active,,15849.93
CUST-00712,Sonoran Landscape Services Co.,Mid-Market,137,Southwest,2022-12-26,Outbound - SDR,annual,steady,REP-018,EMP-0258,Active,,8425.07
CUST-00713,Chaudhry Roofing Inc.,Mid-Market,105,Midwest,2022-12-30,Outbound - SDR,multi_year,fast_churn,REP-026,EMP-0284,Churned,2024-12-29,10092.03
CUST-00714,Annapolis Valley Restoration Corp.,Mid-Market,122,Canada,2022-12-23,Partner / Referral,annual,steady,REP-007,EMP-0317,Churned,2023-12-22,29484.07
CUST-00715,Kearney Restoration Corp.,Mid-Market,126,Northeast,2022-12-18,Outbound - SDR,annual,land_and_expand,REP-027,EMP-0070,Active,,16186.60
CUST-00716,Bellamy Property Services,Mid-Market,230,Southeast,2022-12-31,Inbound - Organic,annual,land_and_expand,REP-018,EMP-0199,Active,,24879.96
CUST-00717,Riverworks Industrial Services,Mid-Market,76,Midwest,2022-12-26,Inbound - Organic,annual,land_and_expand,REP-010,EMP-0213,Active,,15650.41
CUST-00718,Saskatoon Industrial Services LLC,Mid-Market,108,Southwest,2022-12-29,Outbound - SDR,annual,fast_churn,REP-026,EMP-0245,Churned,2023-12-28,28107.73
CUST-00719,Lindqvist Mechanical Systems & Sons,Mid-Market,258,South Central,2022-12-27,Outbound - SDR,annual,steady,REP-026,EMP-0317,Active,,65027.73
CUST-00720,Fieldstone Fire Protection,Mid-Market,284,West,2022-12-24,Outbound - SDR,annual,land_and_expand,REP-007,EMP-0245,Active,,67109.18
CUST-00721,Redstone Boiler Works Group,Mid-Market,142,Midwest,2022-12-11,Outbound - SDR,annual,fast_churn,REP-010,EMP-0301,Churned,2023-12-10,8504.85
CUST-00722,Bitterroot Elevator Services Group,Mid-Market,151,Southwest,2022-12-27,Inbound - Paid,annual,land_and_expand,REP-018,EMP-0219,Active,,21065.67
CUST-00723,Lindqvist Pipefitting,Mid-Market,54,Southwest,2022-12-27,Outbound - SDR,annual,steady,REP-027,EMP-0240,Active,,12266.49
CUST-00724,Jessup Energy Services,Mid-Market,60,Midwest,2022-12-29,Inbound - Organic,annual,fast_churn,REP-007,EMP-0022,Churned,2023-12-28,14217.80
CUST-00725,Ironbridge Heating & Air,Enterprise,532,Mid-Atlantic,2022-01-22,Trade Show / Event,annual,land_and_expand,REP-025,EMP-0096,Active,,62119.33
CUST-00726,Stonebridge Facility Services Inc.,Enterprise,633,Southwest,2022-02-01,Partner / Referral,multi_year,land_and_expand,REP-025,EMP-0070,Active,,68014.92
CUST-00727,Chesapeake Building Services Inc.,Enterprise,2451,Northeast,2022-03-28,Partner / Referral,annual,expand_then_contract,REP-012,EMP-0245,Active,,191657.75
CUST-00728,Wasatch Utility Services Services,Enterprise,525,Southwest,2022-03-30,Outbound - SDR,multi_year,steady,REP-025,EMP-0312,Active,,58729.25
CUST-00730,Grimaldi Elevator Services Holdings,Enterprise,1374,Southwest,2022-05-07,Partner / Referral,multi_year,steady,REP-025,EMP-0284,Active,,160055.47
CUST-00731,Uphoff Elevator Services Inc.,Enterprise,1627,Mid-Atlantic,2022-06-26,Partner / Referral,multi_year,slow_decay,REP-012,EMP-0322,Active,,108146.41
CUST-00732,Kearney Property Services,Enterprise,1381,Midwest,2022-07-31,Trade Show / Event,annual,steady,REP-025,EMP-0225,Active,,174413.48
CUST-00733,Mahoney Facility Services,Enterprise,2009,Northeast,2022-08-30,Outbound - SDR,multi_year,steady,REP-025,EMP-0119,Active,,305185.38
CUST-00734,Yarborough Building Services Holdings,Enterprise,547,Southwest,2022-09-24,Inbound - Paid,multi_year,steady,REP-014,EMP-0070,Active,,86567.11
CUST-00735,Fieldstone Facility Services,Enterprise,1274,Southeast,2022-10-27,Partner / Referral,multi_year,steady,REP-014,EMP-0103,Active,,102044.55
CUST-00736,Ackerley HVAC,Enterprise,1911,Northeast,2022-11-27,Outbound - SDR,annual,land_and_expand,REP-014,EMP-0148,Active,,163005.88
CUST-00737,Harrow HVAC Inc.,Enterprise,3976,Midwest,2022-12-31,Outbound - SDR,annual,land_and_expand,REP-014,EMP-0042,Active,,320329.07
CUST-00738,Sandhills Air Systems Inc.,Enterprise,905,Great Lakes,2022-12-29,Partner / Referral,multi_year,expand_then_contract,REP-029,EMP-0303,Active,,101037.17
CUST-00739,Draeger Pipefitting,SMB,20,West,2023-01-29,Outbound - SDR,annual,steady,REP-028,EMP-0154,Active,,6351.92
CUST-00741,Petrosian Elevator Services,SMB,12,Mountain,2023-01-17,Outbound - SDR,annual,steady,REP-028,EMP-0148,Active,,3728.17
CUST-00742,Eskildsen Property Services Partners,SMB,16,Southeast,2023-01-29,Inbound - Paid,monthly,land_and_expand,REP-028,EMP-0106,Active,,6132.18
CUST-00745,Saskatoon Boiler Works Services,SMB,5,Great Lakes,2023-01-01,Inbound - Organic,monthly,steady,REP-016,EMP-0315,Active,,1602.14
CUST-00746,Clearwater Air Systems & Sons,SMB,39,Mid-Atlantic,2023-01-20,Outbound - SDR,annual,fast_churn,REP-030,EMP-0141,Churned,2024-01-19,17335.06
CUST-00747,Brannigan Facility Services Partners,SMB,16,South Central,2023-01-23,Outbound - SDR,monthly,steady,REP-016,EMP-0182,Churned,2026-03-31,3799.84
CUST-00749,Gallardo Landscape Services,SMB,10,West,2023-01-24,Inbound - Organic,annual,steady,REP-016,EMP-0104,Active,,5034.85
CUST-00751,Nakashima Utility Services,SMB,28,Great Lakes,2023-01-27,Inbound - Paid,monthly,steady,REP-005,EMP-0022,Active,,9200.21
CUST-00753,Hutchins Plumbing Inc.,SMB,6,Midwest,2023-01-10,Inbound - Paid,monthly,steady,REP-030,EMP-0153,Churned,2026-05-31,1168.27
CUST-00754,Marchetti Fire Protection,SMB,8,Mountain,2023-01-07,Inbound - Organic,annual,expand_then_contract,REP-031,EMP-0148,Churned,2026-01-06,2525.84
CUST-00755,Granite Peak Glass & Glazing,SMB,21,Southwest,2023-01-30,Inbound - Paid,monthly,steady,REP-030,EMP-0141,Active,,5550.37
CUST-00757,Mahoney Mechanical Systems Inc.,SMB,17,Canada,2023-01-17,Trade Show / Event,annual,steady,REP-016,EMP-0032,Active,,6908.95
CUST-00758,Zamora Property Services LLC,SMB,11,Southeast,2023-01-26,Inbound - Paid,annual,steady,REP-031,EMP-0148,Active,,2459.60
CUST-00759,Meridian Electric Services,SMB,44,Northeast,2023-01-11,Trade Show / Event,monthly,land_and_expand,REP-016,EMP-0301,Churned,2026-04-30,11097.13
CUST-00760,Sonoran Facilities Group LLC,SMB,27,Northeast,2023-02-12,Partner / Referral,monthly,steady,REP-016,EMP-0245,Active,,8676.39
CUST-00761,Ostrowski Glass & Glazing LLC,SMB,27,Canada,2023-02-23,Trade Show / Event,monthly,expand_then_contract,REP-016,EMP-0322,Churned,2024-04-30,3247.79
CUST-00762,Bitterroot Facility Services & Sons,SMB,11,Southeast,2023-02-23,Outbound - SDR,monthly,steady,REP-030,EMP-0291,Active,,1784.20
CUST-00763,Lindqvist Building Services Inc.,SMB,31,Mountain,2023-02-27,Outbound - SDR,monthly,land_and_expand,REP-028,EMP-0258,Active,,11590.23
CUST-00764,Kowalczyk Fire & Life Safety Corp.,SMB,22,South Central,2023-02-20,Inbound - Paid,monthly,land_and_expand,REP-016,EMP-0070,Active,,6188.98
CUST-00765,Meridian Security Systems Inc.,SMB,19,Midwest,2023-02-28,Inbound - Paid,annual,land_and_expand,REP-016,EMP-0312,Churned,2024-02-27,7627.73
CUST-00767,Jankowski Fire Protection,SMB,14,Canada,2023-02-27,Outbound - SDR,annual,land_and_expand,REP-016,EMP-0284,Active,,5754.81
CUST-00768,Ruzicka Glass & Glazing Corp.,SMB,18,West,2023-02-07,Inbound - Paid,monthly,churn_and_return,REP-016,EMP-0106,Churned,2025-04-30,4395.49
CUST-00769,Chaudhry Fire & Life Safety LLC,SMB,15,Mid-Atlantic,2023-02-28,Inbound - Organic,annual,steady,REP-028,EMP-0081,Active,,3559.05
CUST-00770,Blue Ridge Electric,SMB,17,Southwest,2023-02-10,Inbound - Paid,monthly,steady,REP-030,EMP-0131,Active,,4878.96
CUST-00771,Holloway Heating & Air Partners,SMB,18,Mid-Atlantic,2023-02-08,Inbound - Paid,monthly,steady,REP-028,EMP-0312,Active,,8156.23
CUST-00772,Sandhills Electric,SMB,11,Mid-Atlantic,2023-02-25,Inbound - Paid,monthly,land_and_expand,REP-030,EMP-0225,Active,,1889.04
CUST-00777,Oyelaran Security Systems Partners,SMB,7,West,2023-02-01,Outbound - SDR,annual,land_and_expand,REP-005,EMP-0240,Churned,2024-01-31,1709.96
CUST-00778,Castellano Facilities Group Services,SMB,35,South Central,2023-02-28,Inbound - Paid,annual,land_and_expand,REP-016,EMP-0104,Active,,18855.54
CUST-00779,Bitterroot Mechanical Contractors,SMB,13,Mountain,2023-02-20,Inbound - Paid,monthly,slow_decay,REP-028,EMP-0291,Churned,2025-09-30,5398.99
CUST-00782,Redstone Landscape Services Corp.,SMB,49,Mid-Atlantic,2023-03-19,Outbound - SDR,monthly,land_and_expand,REP-028,EMP-0022,Active,,16021.87
CUST-00783,Yarborough Fire Protection Partners,SMB,14,Midwest,2023-03-06,Inbound - Organic,annual,expand_then_contract,REP-031,EMP-0080,Churned,2026-03-05,7286.27
CUST-00784,Keystone Security Systems,SMB,26,Mountain,2023-03-14,Partner / Referral,monthly,steady,REP-016,EMP-0225,Active,,8737.25
CUST-00785,Whitcomb Restoration Co.,SMB,31,Northeast,2023-03-31,Partner / Referral,monthly,fast_churn,REP-016,EMP-0284,Churned,2024-02-29,11653.96
CUST-00786,Mohawk Valley Restoration Corp.,SMB,31,Mountain,2023-03-22,Trade Show / Event,annual,land_and_expand,REP-028,EMP-0139,Active,,8719.08
CUST-00787,Villanueva Glass & Glazing Group,SMB,19,Mountain,2023-03-28,Inbound - Paid,monthly,fast_churn,REP-031,EMP-0225,Churned,2024-02-29,7439.38
CUST-00788,Gallardo Building Services,SMB,10,Mid-Atlantic,2023-03-30,Inbound - Paid,annual,steady,REP-005,EMP-0172,Churned,2025-03-29,3718.73
CUST-00789,Brannigan Mechanical Inc.,SMB,27,Southwest,2023-03-16,Inbound - Organic,monthly,steady,REP-028,EMP-0225,Active,,10696.70
CUST-00790,Thibodeaux Electrical Contractors,SMB,13,Southeast,2023-03-08,Inbound - Organic,annual,steady,REP-028,EMP-0119,Active,,9096.84
CUST-00791,Bitterroot Landscape Services Co.,SMB,16,Mountain,2023-03-29,Partner / Referral,monthly,churn_and_return,REP-005,EMP-0103,Churned,2025-01-31,5245.55
CUST-00792,Fieldstone Electrical Contractors Corp.,SMB,15,Southeast,2023-03-31,Partner / Referral,monthly,steady,REP-028,EMP-0081,Active,,3251.84
CUST-00793,Wasatch HVAC Co.,SMB,5,Midwest,2023-03-21,Partner / Referral,monthly,steady,REP-016,EMP-0103,Churned,2025-07-31,3448.15
CUST-00797,Prentice Property Services Co.,SMB,19,Mountain,2023-03-24,Outbound - SDR,monthly,expand_then_contract,REP-031,EMP-0312,Churned,2024-02-29,3592.22
CUST-00798,Northgate Utility Services LLC,SMB,18,Canada,2023-03-17,Outbound - SDR,annual,fast_churn,REP-031,EMP-0154,Churned,2024-03-16,7653.68
CUST-00799,Ferreira Energy Services Group,SMB,24,Midwest,2023-03-06,Trade Show / Event,annual,churn_and_return,REP-016,EMP-0139,Churned,2026-04-30,8606.80
CUST-00800,Granite Peak Plumbing & Heating Corp.,SMB,30,Mid-Atlantic,2023-03-10,Partner / Referral,annual,expand_then_contract,REP-028,EMP-0032,Churned,2025-03-09,15969.65
CUST-00801,Pemberton Building Services,SMB,41,Great Lakes,2023-03-10,Trade Show / Event,annual,fast_churn,REP-016,EMP-0154,Churned,2024-03-09,12421.75
CUST-00802,Mahoney Facility Services Inc.,SMB,13,Southeast,2023-03-20,Partner / Referral,annual,land_and_expand,REP-030,EMP-0291,Active,,5134.31
CUST-00803,Ingersoll Landscape Services LLC,SMB,19,Mountain,2023-03-18,Trade Show / Event,multi_year,fast_churn,REP-030,EMP-0245,Churned,2026-03-17,3013.10
CUST-00804,Ruzicka Landscape Services Services,SMB,18,Northeast,2023-03-10,Partner / Referral,monthly,land_and_expand,REP-028,EMP-0106,Churned,2024-03-31,3810.39
CUST-00806,Clearwater Facility Services Co.,SMB,27,Midwest,2023-03-04,Outbound - SDR,monthly,land_and_expand,REP-016,EMP-0284,Active,,12466.46
CUST-00807,Redstone Facility Services Corp.,SMB,15,Mid-Atlantic,2023-03-26,Trade Show / Event,monthly,steady,REP-030,EMP-0096,Active,,3352.73
CUST-00808,Cumberland Mechanical Contractors Co.,SMB,10,Mid-Atlantic,2023-03-26,Inbound - Paid,annual,fast_churn,REP-028,EMP-0172,Churned,2024-03-25,3512.13
CUST-00809,Nakashima HVAC Co.,SMB,14,West,2023-03-18,Inbound - Organic,annual,slow_decay,REP-016,EMP-0033,Churned,2024-03-17,4522.22
CUST-00810,Annapolis Valley Landscape Services Co.,SMB,8,Southeast,2023-03-30,Outbound - SDR,monthly,churn_and_return,REP-016,EMP-0148,Churned,2024-03-31,3049.66
CUST-00811,Fraser Valley Air Systems & Sons,SMB,20,Great Lakes,2023-03-27,Inbound - Organic,annual,slow_decay,REP-016,EMP-0182,Churned,2024-03-26,9001.10
CUST-00812,Draeger Building Services,SMB,21,Great Lakes,2023-03-27,Outbound - SDR,annual,slow_decay,REP-016,EMP-0315,Churned,2024-03-26,8718.56
CUST-00813,Klamath Security Systems LLC,SMB,23,Southwest,2023-04-26,Outbound - SDR,monthly,steady,REP-005,EMP-0322,Active,,10472.97
CUST-00814,Mulcahy Fire Protection Co.,SMB,12,Midwest,2023-04-29,Partner / Referral,monthly,slow_decay,REP-028,EMP-0240,Churned,2024-03-31,5015.77
CUST-00815,Fontaine Refrigeration Co.,SMB,11,Mountain,2023-04-08,Outbound - SDR,monthly,steady,REP-028,EMP-0289,Churned,2025-11-30,4572.05
CUST-00817,Blackhawk Facility Services LLC,SMB,35,Midwest,2023-04-27,Inbound - Paid,annual,fast_churn,REP-030,EMP-0178,Churned,2025-04-26,5824.02
CUST-00818,Ruzicka Mechanical Co.,SMB,29,Mountain,2023-04-08,Inbound - Organic,monthly,steady,REP-005,EMP-0080,Active,,6615.09
CUST-00819,Marchetti Heating & Air,SMB,9,Northeast,2023-04-29,Inbound - Organic,monthly,steady,REP-030,EMP-0139,Churned,2023-12-31,5493.51
CUST-00820,Cumberland Roofing Corp.,SMB,10,Southwest,2023-04-16,Outbound - SDR,annual,fast_churn,REP-028,EMP-0213,Churned,2024-04-15,2864.54
CUST-00822,Eskildsen Utility Services Holdings,SMB,14,Southwest,2023-04-01,Inbound - Paid,annual,land_and_expand,REP-016,EMP-0096,Active,,4286.39
CUST-00823,Gulf Coast Glass & Glazing Corp.,SMB,32,Mid-Atlantic,2023-04-26,Inbound - Organic,annual,slow_decay,REP-016,EMP-0272,Churned,2025-04-25,7791.54
CUST-00824,Lantern Utility Services Group,SMB,18,West,2023-04-05,Inbound - Organic,annual,land_and_expand,REP-028,EMP-0225,Active,,6956.58
CUST-00825,Sierra Nevada Electrical Contractors Corp.,SMB,7,Great Lakes,2023-04-26,Inbound - Paid,monthly,land_and_expand,REP-016,EMP-0240,Active,,1772.46
CUST-00827,Ruzicka Restoration,SMB,26,Great Lakes,2023-04-22,Inbound - Paid,annual,steady,REP-005,EMP-0317,Active,,6372.72
CUST-00828,Brazos Building Services Co.,SMB,18,Mountain,2023-04-27,Inbound - Paid,annual,fast_churn,REP-028,EMP-0284,Churned,2024-04-26,5614.40
CUST-00829,Kilbride Mechanical Contractors Services,SMB,45,Southwest,2023-04-11,Partner / Referral,annual,expand_then_contract,REP-030,EMP-0272,Active,,16337.08
CUST-00830,Jankowski Plumbing & Heating Services,SMB,19,Southwest,2023-04-20,Inbound - Paid,annual,steady,REP-016,EMP-0119,Active,,5743.72
CUST-00831,Red River Building Services,SMB,9,Southwest,2023-04-29,Inbound - Paid,monthly,steady,REP-028,EMP-0080,Active,,3280.51
CUST-00833,Lindqvist Security Systems,SMB,25,Mountain,2023-05-28,Inbound - Organic,annual,steady,REP-028,EMP-0301,Active,,8685.08
CUST-00834,Willamette Fire Protection Inc.,SMB,22,South Central,2023-05-30,Inbound - Paid,monthly,land_and_expand,REP-016,EMP-0022,Active,,7883.87
CUST-00835,Stonebridge Roofing,SMB,22,Midwest,2023-05-01,Inbound - Paid,annual,land_and_expand,REP-030,EMP-0081,Active,,7820.41
CUST-00836,Petrosian Boiler Works Holdings,SMB,8,Great Lakes,2023-05-29,Inbound - Paid,annual,fast_churn,REP-030,EMP-0284,Churned,2024-02-29,4317.62
CUST-00837,Holloway Plumbing & Heating Partners,SMB,9,West,2023-05-31,Outbound - SDR,annual,steady,REP-028,EMP-0103,Active,,4192.07
CUST-00838,Lowcountry Electrical Contractors Corp.,SMB,16,West,2023-05-03,Inbound - Organic,annual,steady,REP-031,EMP-0104,Active,,6228.55
CUST-00839,Northrup Mechanical Partners,SMB,25,Mid-Atlantic,2023-05-13,Inbound - Paid,multi_year,expand_then_contract,REP-028,EMP-0225,Active,,8501.31
CUST-00840,Harrow Electrical Contractors,SMB,18,Mountain,2023-05-27,Inbound - Organic,monthly,steady,REP-005,EMP-0171,Churned,2024-06-30,6668.04
CUST-00841,Brightline Pipefitting Group,SMB,31,Mid-Atlantic,2023-05-19,Inbound - Paid,monthly,steady,REP-031,EMP-0070,Active,,13885.90
CUST-00842,Palouse Property Services Partners,SMB,15,Southeast,2023-05-28,Inbound - Paid,annual,land_and_expand,REP-005,EMP-0131,Active,,4096.52
CUST-00843,Eskildsen Sheet Metal LLC,SMB,35,Canada,2023-05-01,Inbound - Paid,annual,fast_churn,REP-016,EMP-0182,Churned,2024-04-30,7978.14
CUST-00844,Ingersoll Utility Services Partners,SMB,22,Southeast,2023-05-15,Outbound - SDR,annual,steady,REP-030,EMP-0106,Active,,9526.01
CUST-00845,Northgate Electric Corp.,SMB,9,Southeast,2023-05-04,Partner / Referral,monthly,land_and_expand,REP-028,EMP-0291,Active,,2207.14
CUST-00846,Delgado Security Systems,SMB,19,South Central,2023-05-29,Inbound - Paid,monthly,land_and_expand,REP-031,EMP-0240,Active,,5243.21
CUST-00847,Stavros Air Systems Inc.,SMB,10,Southwest,2023-05-01,Partner / Referral,annual,steady,REP-028,EMP-0042,Active,,3500.99
CUST-00849,Chesapeake Property Services Inc.,SMB,26,West,2023-05-13,Inbound - Paid,monthly,steady,REP-005,EMP-0272,Active,,13847.39
CUST-00850,Chesapeake Roofing,SMB,44,Southeast,2023-05-23,Inbound - Organic,monthly,expand_then_contract,REP-016,EMP-0032,Churned,2024-02-29,11260.30
CUST-00851,Stavros Building Services Services,SMB,21,Mountain,2023-06-28,Inbound - Paid,annual,steady,REP-030,EMP-0272,Active,,13810.09
CUST-00852,Blackhawk Fire & Life Safety,SMB,15,Southeast,2023-06-30,Outbound - SDR,monthly,slow_decay,REP-031,EMP-0291,Churned,2024-03-31,3554.79
CUST-00853,Wasatch Roofing Holdings,SMB,8,South Central,2023-06-13,Inbound - Paid,monthly,steady,REP-028,EMP-0070,Active,,4253.95
CUST-00854,Susquehanna Plumbing & Heating,SMB,8,Mid-Atlantic,2023-06-18,Outbound - SDR,annual,fast_churn,REP-031,EMP-0317,Churned,2024-06-17,2802.95
CUST-00855,Brightline Facilities Group Holdings,SMB,12,Mid-Atlantic,2023-06-30,Inbound - Paid,monthly,steady,REP-030,EMP-0240,Active,,3063.40
CUST-00856,Pemberton Fire & Life Safety Holdings,SMB,30,West,2023-06-27,Inbound - Paid,monthly,land_and_expand,REP-031,EMP-0042,Active,,10236.21
CUST-00857,Pinnacle Point Energy Services LLC,SMB,10,Great Lakes,2023-06-04,Inbound - Paid,annual,expand_then_contract,REP-028,EMP-0172,Active,,3022.64
CUST-00858,Boyington Elevator Services & Sons,SMB,17,South Central,2023-06-21,Partner / Referral,annual,steady,REP-030,EMP-0106,Active,,3647.44
CUST-00859,Fraser Valley Industrial Services LLC,SMB,16,West,2023-06-26,Inbound - Paid,monthly,slow_decay,REP-030,EMP-0238,Churned,2024-10-31,6627.13
CUST-00860,Susquehanna Refrigeration,SMB,33,South Central,2023-06-08,Partner / Referral,monthly,slow_decay,REP-016,EMP-0171,Churned,2024-05-31,9328.88
CUST-00861,Kowalczyk Pipefitting Services,SMB,29,Southwest,2023-06-30,Outbound - SDR,monthly,steady,REP-030,EMP-0141,Active,,8792.55
CUST-00862,Pinnacle Point Facilities Group Inc.,SMB,19,Midwest,2023-06-28,Partner / Referral,annual,fast_churn,REP-031,EMP-0291,Churned,2024-06-27,6674.58
CUST-00863,Allegheny Air Systems & Sons,SMB,20,Canada,2023-06-27,Inbound - Paid,annual,land_and_expand,REP-028,EMP-0317,Active,,3191.96
CUST-00864,Uphoff HVAC Co.,SMB,13,Southwest,2023-06-29,Trade Show / Event,monthly,churn_and_return,REP-031,EMP-0225,Churned,2025-12-31,2413.07
CUST-00865,Northrup Sheet Metal,SMB,36,Great Lakes,2023-06-29,Outbound - SDR,monthly,land_and_expand,REP-028,EMP-0315,Active,,11540.16
CUST-00866,Blue Ridge Electrical Contractors,SMB,16,West,2023-06-13,Inbound - Paid,annual,land_and_expand,REP-016,EMP-0171,Active,,4960.01
CUST-00867,Eskildsen Landscape Services LLC,SMB,12,Southeast,2023-06-25,Partner / Referral,monthly,land_and_expand,REP-028,EMP-0033,Churned,2024-06-30,4887.65
CUST-00868,Keystone Sheet Metal,SMB,26,Midwest,2023-06-27,Inbound - Paid,monthly,steady,REP-005,EMP-0172,Churned,2025-02-28,7524.58
CUST-00869,Vandermeer Mechanical Systems,SMB,12,Mountain,2023-06-10,Inbound - Organic,monthly,steady,REP-016,EMP-0070,Active,,5205.22
CUST-00870,Chaudhry Property Services Holdings,SMB,9,Canada,2023-06-26,Inbound - Organic,monthly,steady,REP-028,EMP-0317,Active,,3866.93
CUST-00872,Vandermeer Sheet Metal Co.,SMB,12,Midwest,2023-06-28,Outbound - SDR,monthly,steady,REP-016,EMP-0153,Churned,2025-11-30,7405.32
CUST-00873,Okonkwo Pipefitting Corp.,SMB,8,Northeast,2023-06-30,Inbound - Paid,monthly,slow_decay,REP-030,EMP-0317,Churned,2024-04-30,5409.98
CUST-00874,Sandhills Roofing Co.,SMB,36,Canada,2023-06-04,Inbound - Organic,monthly,steady,REP-028,EMP-0284,Active,,12383.88
CUST-00876,Northgate Sheet Metal Partners,SMB,21,Southeast,2023-07-18,Inbound - Paid,monthly,steady,REP-005,EMP-0240,Active,,6886.16
CUST-00877,Brannigan Building Services,SMB,14,Mid-Atlantic,2023-07-02,Outbound - SDR,annual,fast_churn,REP-031,EMP-0022,Churned,2024-07-01,3848.00
CUST-00878,Petrosian Industrial Services Services,SMB,31,Canada,2023-07-29,Inbound - Organic,annual,fast_churn,REP-030,EMP-0245,Churned,2024-07-28,8479.80
CUST-00879,Puget Sound Boiler Works & Sons,SMB,22,Southeast,2023-07-13,Inbound - Paid,monthly,land_and_expand,REP-030,EMP-0301,Active,,10193.13
CUST-00880,Mulcahy Heating & Air Corp.,SMB,13,Midwest,2023-07-26,Inbound - Organic,monthly,steady,REP-028,EMP-0322,Active,,4578.12
CUST-00881,Lindqvist Roofing Services,SMB,29,West,2023-07-26,Inbound - Paid,annual,fast_churn,REP-030,EMP-0032,Churned,2024-07-25,7090.16
CUST-00882,Keystone Facilities Group Group,SMB,42,Northeast,2023-07-07,Inbound - Organic,monthly,steady,REP-016,EMP-0315,Churned,2025-04-30,14817.80
CUST-00883,Jankowski Boiler Works & Sons,SMB,21,Mountain,2023-07-30,Inbound - Paid,monthly,land_and_expand,REP-028,EMP-0219,Churned,2026-06-30,5146.18
CUST-00884,Thibodeaux Building Services Services,SMB,5,Southwest,2023-07-12,Partner / Referral,monthly,steady,REP-028,EMP-0131,Active,,2577.51
CUST-00885,Jankowski Boiler Works,SMB,14,Midwest,2023-07-07,Inbound - Organic,monthly,slow_decay,REP-005,EMP-0139,Churned,2024-06-30,5994.39
CUST-00886,Meridian Plumbing Inc.,SMB,13,Mountain,2023-07-26,Partner / Referral,annual,churn_and_return,REP-030,EMP-0131,Active,,3686.15
CUST-00887,Mulcahy Mechanical Inc.,SMB,18,South Central,2023-07-07,Inbound - Organic,monthly,expand_then_contract,REP-031,EMP-0154,Active,,8877.03
CUST-00888,Eskildsen Plumbing LLC,SMB,48,South Central,2023-07-09,Inbound - Paid,annual,land_and_expand,REP-028,EMP-0154,Active,,11780.38
CUST-00889,Adirondack Energy Services LLC,SMB,16,South Central,2023-07-02,Inbound - Paid,annual,steady,REP-028,EMP-0172,Churned,2024-07-01,7923.38
CUST-00890,Kearney Glass & Glazing Co.,SMB,6,Mid-Atlantic,2023-08-18,Inbound - Paid,monthly,expand_then_contract,REP-030,EMP-0154,Churned,2025-05-31,2474.63
CUST-00892,Ozark Mechanical Systems,SMB,27,West,2023-08-24,Partner / Referral,annual,slow_decay,REP-031,EMP-0070,Churned,2024-08-23,8536.47
CUST-00893,Uphoff Industrial Services,SMB,28,Midwest,2023-08-16,Partner / Referral,monthly,land_and_expand,REP-030,EMP-0096,Churned,2026-05-31,6290.27
CUST-00894,Chinook Air Systems,SMB,14,Midwest,2023-08-15,Outbound - SDR,monthly,steady,REP-030,EMP-0219,Active,,5355.13
CUST-00895,Hutchins Boiler Works & Sons,SMB,11,South Central,2023-08-10,Inbound - Organic,annual,fast_churn,REP-016,EMP-0301,Churned,2024-08-09,6257.61
CUST-00896,Brannigan Boiler Works Services,SMB,21,West,2023-08-28,Inbound - Paid,monthly,fast_churn,REP-030,EMP-0103,Churned,2024-03-31,5902.06
CUST-00897,Mahoney Heating & Air Holdings,SMB,6,Northeast,2023-08-27,Partner / Referral,monthly,fast_churn,REP-016,EMP-0245,Churned,2023-12-31,1154.30
CUST-00898,Mohawk Valley Facility Services,SMB,8,South Central,2023-08-08,Outbound - SDR,annual,steady,REP-030,EMP-0263,Active,,1818.40
CUST-00900,Rio Grande Building Services Group,SMB,11,Mid-Atlantic,2023-08-16,Inbound - Organic,annual,steady,REP-005,EMP-0315,Active,,6624.74
CUST-00901,Ruzicka Glass & Glazing Holdings,SMB,16,Canada,2023-08-19,Inbound - Paid,monthly,land_and_expand,REP-005,EMP-0219,Active,,8713.59
CUST-00902,Ackerley Sheet Metal,SMB,5,Mid-Atlantic,2023-08-29,Inbound - Organic,monthly,churn_and_return,REP-030,EMP-0245,Churned,2024-07-31,2599.18
CUST-00903,Wasatch Pipefitting,SMB,25,Great Lakes,2023-08-05,Trade Show / Event,annual,land_and_expand,REP-016,EMP-0141,Churned,2024-08-04,8632.06
CUST-00904,Front Range Property Services,SMB,23,Southwest,2023-08-09,Inbound - Paid,monthly,slow_decay,REP-030,EMP-0178,Churned,2025-07-31,10086.91
CUST-00905,Lantern Facilities Group Services,SMB,5,Southwest,2023-09-01,Partner / Referral,monthly,steady,REP-016,EMP-0042,Active,,1220.65
CUST-00906,Riverworks Mechanical Contractors Co.,SMB,43,Northeast,2023-09-30,Inbound - Paid,monthly,steady,REP-028,EMP-0225,Active,,18465.67
CUST-00907,Kearney Boiler Works,SMB,18,Canada,2023-09-28,Inbound - Paid,monthly,fast_churn,REP-005,EMP-0317,Churned,2024-03-31,5434.78
CUST-00909,Hutchins Elevator Services LLC,SMB,36,Midwest,2023-09-27,Outbound - SDR,annual,steady,REP-031,EMP-0171,Active,,8312.89
CUST-00910,Yarborough Roofing Partners,SMB,15,Northeast,2023-09-29,Inbound - Organic,monthly,steady,REP-030,EMP-0289,Active,,3829.12
CUST-00911,Villanueva Landscape Services Holdings,SMB,19,West,2023-09-06,Inbound - Paid,monthly,land_and_expand,REP-030,EMP-0263,Active,,7428.83
CUST-00912,Ostrowski Boiler Works Inc.,SMB,7,Southeast,2023-09-28,Inbound - Organic,monthly,steady,REP-028,EMP-0199,Active,,1865.68
CUST-00913,Laurentian Sheet Metal,SMB,23,Mid-Atlantic,2023-09-27,Outbound - SDR,monthly,land_and_expand,REP-016,EMP-0238,Active,,6938.52
CUST-00914,Nakashima Plumbing & Heating Co.,SMB,34,Mountain,2023-09-06,Inbound - Organic,monthly,fast_churn,REP-028,EMP-0106,Churned,2024-03-31,11251.02
CUST-00915,Ostrowski Landscape Services Group,SMB,28,Southwest,2023-09-19,Outbound - SDR,annual,steady,REP-030,EMP-0317,Active,,8139.73
CUST-00916,Klamath Restoration & Sons,SMB,16,South Central,2023-09-30,Outbound - SDR,annual,steady,REP-028,EMP-0080,Active,,4399.41
CUST-00917,Granite Peak Pipefitting Group,SMB,16,Midwest,2023-09-08,Partner / Referral,monthly,land_and_expand,REP-016,EMP-0178,Churned,2025-06-30,8595.39
CUST-00918,Thibodeaux Controls Services,SMB,14,Mountain,2023-09-03,Inbound - Paid,monthly,land_and_expand,REP-016,EMP-0245,Active,,3067.42
CUST-00919,Ashworth Fire Protection LLC,SMB,16,Northeast,2023-09-28,Inbound - Organic,monthly,land_and_expand,REP-028,EMP-0272,Active,,7566.88
CUST-00920,Ozark Facility Services Corp.,SMB,18,Northeast,2023-09-30,Inbound - Paid,monthly,land_and_expand,REP-030,EMP-0022,Active,,8138.59
CUST-00921,Clearwater Energy Services,SMB,23,Mountain,2023-09-12,Inbound - Organic,monthly,churn_and_return,REP-016,EMP-0103,Churned,2025-02-28,10256.55
CUST-00922,Mulcahy Property Services,SMB,6,South Central,2023-09-02,Inbound - Paid,monthly,slow_decay,REP-005,EMP-0317,Churned,2025-03-31,2693.62
CUST-00924,Cascade HVAC Holdings,SMB,16,Mid-Atlantic,2023-09-25,Trade Show / Event,annual,expand_then_contract,REP-030,EMP-0301,Churned,2024-09-24,4873.44
CUST-00925,Sierra Nevada Security Systems Partners,SMB,35,Mountain,2023-09-25,Inbound - Paid,monthly,steady,REP-028,EMP-0263,Active,,11961.71
CUST-00926,Mahoney Landscape Services,SMB,26,Mountain,2023-10-26,Inbound - Organic,monthly,steady,REP-030,EMP-0104,Churned,2026-02-28,6954.79
CUST-00927,Kearney Electric,SMB,23,West,2023-10-09,Inbound - Organic,monthly,expand_then_contract,REP-028,EMP-0317,Active,,8294.49
CUST-00928,Jessup Landscape Services Partners,SMB,14,Mountain,2023-10-07,Trade Show / Event,monthly,expand_then_contract,REP-030,EMP-0199,Churned,2024-10-31,5434.18
CUST-00929,Harrow Facility Services,SMB,24,Midwest,2023-10-29,Inbound - Paid,annual,land_and_expand,REP-028,EMP-0070,Active,,8952.19
CUST-00931,Boyington Facility Services Holdings,SMB,18,Southeast,2023-10-20,Partner / Referral,monthly,steady,REP-030,EMP-0141,Churned,2025-05-31,7507.54
CUST-00932,Hutchins Electric Partners,SMB,33,Great Lakes,2023-10-01,Partner / Referral,monthly,steady,REP-031,EMP-0317,Active,,8563.86
CUST-00933,Hutchins Heating & Air Inc.,SMB,12,West,2023-10-16,Outbound - SDR,monthly,expand_then_contract,REP-031,EMP-0301,Churned,2025-04-30,7350.08
CUST-00934,Ostrowski Building Services,SMB,30,West,2023-10-20,Inbound - Paid,monthly,steady,REP-016,EMP-0096,Active,,8759.87
CUST-00935,Fieldstone Landscape Services,SMB,28,Midwest,2023-10-15,Trade Show / Event,annual,steady,REP-028,EMP-0199,Active,,7256.02
CUST-00936,Lowcountry Air Systems,SMB,12,Mid-Atlantic,2023-10-30,Inbound - Organic,monthly,fast_churn,REP-028,EMP-0080,Churned,2024-05-31,3976.08
CUST-00937,Danforth Plumbing Co.,SMB,28,Midwest,2023-10-28,Inbound - Organic,monthly,steady,REP-031,EMP-0272,Active,,11395.18
CUST-00938,Prentice Roofing LLC,SMB,11,Great Lakes,2023-10-08,Inbound - Organic,monthly,fast_churn,REP-028,EMP-0322,Churned,2024-11-30,3013.20
CUST-00940,Lomeli Industrial Services,SMB,28,Mountain,2023-10-03,Inbound - Paid,monthly,slow_decay,REP-031,EMP-0104,Churned,2024-09-30,11479.11
CUST-00941,Laurentian Refrigeration,SMB,18,Mountain,2023-10-30,Inbound - Organic,monthly,steady,REP-031,EMP-0042,Churned,2024-08-31,4502.46
CUST-00942,Chaudhry Fire & Life Safety,SMB,15,Great Lakes,2023-10-26,Inbound - Organic,monthly,land_and_expand,REP-005,EMP-0042,Active,,4051.88
CUST-00943,Brannigan Mechanical Contractors & Sons,SMB,32,Midwest,2023-10-26,Inbound - Organic,annual,steady,REP-031,EMP-0080,Active,,13636.95
CUST-00944,Red River Plumbing & Heating Co.,SMB,8,Southeast,2023-10-16,Inbound - Paid,monthly,fast_churn,REP-028,EMP-0141,Churned,2023-12-31,4433.35
CUST-00945,Brightline Mechanical Systems,SMB,17,Great Lakes,2023-10-14,Inbound - Organic,annual,slow_decay,REP-005,EMP-0148,Churned,2024-10-13,5706.72
CUST-00946,Susquehanna Utility Services Group,SMB,35,Canada,2023-10-02,Partner / Referral,monthly,land_and_expand,REP-028,EMP-0289,Active,,5805.98
CUST-00947,Rasmussen Industrial Services Corp.,SMB,16,Mid-Atlantic,2023-11-10,Partner / Referral,annual,churn_and_return,REP-030,EMP-0240,Active,,5989.68
CUST-00948,Holloway Heating & Air Co.,SMB,6,Southwest,2023-11-22,Inbound - Paid,annual,churn_and_return,REP-030,EMP-0272,Active,,2625.72
CUST-00949,Gulf Coast Mechanical Systems Holdings,SMB,8,Midwest,2023-11-01,Partner / Referral,annual,slow_decay,REP-028,EMP-0301,Churned,2024-10-31,2277.52
CUST-00950,Lomeli HVAC Partners,SMB,13,South Central,2023-11-30,Partner / Referral,monthly,steady,REP-005,EMP-0171,Active,,4358.59
CUST-00951,Ashworth Electric & Sons,SMB,12,South Central,2023-11-28,Inbound - Organic,annual,fast_churn,REP-016,EMP-0289,Churned,2024-11-27,4212.56
CUST-00952,Iverson Roofing Partners,SMB,6,Midwest,2023-11-02,Inbound - Paid,monthly,fast_churn,REP-030,EMP-0022,Churned,2024-03-31,1249.26
CUST-00953,Northrup Restoration Co.,SMB,8,South Central,2023-11-02,Outbound - SDR,monthly,slow_decay,REP-028,EMP-0106,Churned,2024-01-31,2501.77
CUST-00954,Stonebridge Controls & Sons,SMB,23,Mountain,2023-11-01,Partner / Referral,annual,land_and_expand,REP-016,EMP-0213,Active,,8682.10
CUST-00955,Wabash Boiler Works Inc.,SMB,21,West,2023-11-29,Trade Show / Event,monthly,fast_churn,REP-005,EMP-0080,Churned,2024-01-31,4674.65
CUST-00956,Sonoran Fire Protection Services,SMB,19,Northeast,2023-11-17,Inbound - Paid,annual,expand_then_contract,REP-016,EMP-0178,Active,,5583.93
CUST-00957,Red River Mechanical Systems Services,SMB,8,Midwest,2023-11-28,Outbound - SDR,annual,expand_then_contract,REP-030,EMP-0240,Churned,2024-11-27,2854.04
CUST-00958,Jankowski Sheet Metal Holdings,SMB,20,Midwest,2023-11-03,Inbound - Organic,monthly,steady,REP-030,EMP-0103,Churned,2024-04-30,6321.13
CUST-00959,Allegheny HVAC,SMB,22,Southwest,2023-11-23,Inbound - Organic,annual,fast_churn,REP-016,EMP-0148,Churned,2024-11-22,5354.18
CUST-00960,Whitcomb Pipefitting Services,SMB,44,Midwest,2023-11-28,Inbound - Paid,annual,fast_churn,REP-028,EMP-0315,Churned,2024-11-27,11510.48
CUST-00961,Harborview Electrical Contractors Services,SMB,30,Mountain,2023-11-16,Inbound - Organic,monthly,fast_churn,REP-030,EMP-0322,Churned,2024-10-31,7118.32
CUST-00962,Fraser Valley Air Systems,SMB,11,Great Lakes,2023-11-20,Inbound - Organic,monthly,expand_then_contract,REP-030,EMP-0022,Churned,2025-01-31,3883.94
CUST-00963,Ironbridge Roofing Corp.,SMB,17,Mid-Atlantic,2023-11-03,Inbound - Paid,monthly,land_and_expand,REP-016,EMP-0153,Active,,4468.47
CUST-00964,Ackerley Glass & Glazing Partners,SMB,12,Southeast,2023-11-01,Inbound - Paid,monthly,steady,REP-005,EMP-0106,Active,,2640.12
CUST-00965,Gallardo Roofing,SMB,10,Great Lakes,2023-11-26,Partner / Referral,monthly,slow_decay,REP-016,EMP-0199,Churned,2024-03-31,4186.40
CUST-00966,Panhandle Boiler Works,SMB,13,Great Lakes,2023-11-29,Inbound - Organic,monthly,land_and_expand,REP-028,EMP-0032,Churned,2025-05-31,3674.78
CUST-00967,Okanagan Mechanical Contractors Inc.,SMB,19,Southwest,2023-11-16,Inbound - Paid,monthly,fast_churn,REP-016,EMP-0106,Churned,2025-07-31,5216.17
CUST-00968,Northrup Facilities Group,SMB,15,Midwest,2023-12-28,Inbound - Paid,monthly,slow_decay,REP-005,EMP-0148,Churned,2025-02-28,6648.50
CUST-00969,Bitterroot HVAC Partners,SMB,9,Mid-Atlantic,2023-12-26,Partner / Referral,monthly,steady,REP-016,EMP-0178,Churned,2024-01-31,2640.28
CUST-00970,Ruzicka Plumbing & Heating Co.,SMB,36,Mountain,2023-12-23,Inbound - Organic,monthly,expand_then_contract,REP-005,EMP-0240,Churned,2025-12-31,11988.41
CUST-00971,Okonkwo Electric,SMB,16,South Central,2023-12-10,Outbound - SDR,annual,land_and_expand,REP-030,EMP-0154,Active,,6963.55
CUST-00972,Hutchins Air Systems,SMB,5,Great Lakes,2023-12-29,Inbound - Paid,annual,land_and_expand,REP-031,EMP-0303,Active,,1682.71
CUST-00973,Pinnacle Point Building Services Partners,SMB,18,Midwest,2023-12-27,Inbound - Organic,monthly,fast_churn,REP-028,EMP-0240,Churned,2024-03-31,5196.42
CUST-00974,Harrow Property Services Holdings,SMB,15,Northeast,2023-12-21,Inbound - Paid,monthly,steady,REP-016,EMP-0199,Active,,9485.64
CUST-00975,Piedmont Plumbing & Heating Holdings,SMB,12,Northeast,2023-12-10,Inbound - Organic,annual,steady,REP-030,EMP-0317,Churned,2025-12-09,3795.69
CUST-00976,Susquehanna Plumbing,SMB,19,South Central,2023-12-12,Partner / Referral,annual,steady,REP-005,EMP-0301,Active,,9027.08
CUST-00977,Zamora Pipefitting & Sons,SMB,12,Southwest,2023-12-31,Inbound - Organic,monthly,land_and_expand,REP-031,EMP-0289,Churned,2026-02-28,4845.11
CUST-00978,Susquehanna Plumbing Services,SMB,11,Midwest,2023-12-01,Inbound - Organic,monthly,steady,REP-028,EMP-0022,Churned,2025-10-31,6192.26
CUST-00979,Gulf Coast Electric Partners,SMB,20,Mid-Atlantic,2023-12-01,Inbound - Paid,annual,fast_churn,REP-028,EMP-0172,Churned,2025-11-30,8663.74
CUST-00980,Summit Line Boiler Works Partners,SMB,8,South Central,2023-12-11,Inbound - Paid,monthly,land_and_expand,REP-031,EMP-0080,Active,,4591.33
CUST-00981,Prentice Air Systems Services,SMB,10,West,2023-12-09,Inbound - Paid,annual,slow_decay,REP-030,EMP-0131,Churned,2024-12-08,3163.76
CUST-00982,Danforth Air Systems Holdings,SMB,17,Canada,2023-12-29,Inbound - Paid,annual,fast_churn,REP-028,EMP-0284,Churned,2024-12-28,6583.62
CUST-00983,Anchor Bay Air Systems Inc.,SMB,15,Southwest,2023-12-10,Partner / Referral,annual,churn_and_return,REP-028,EMP-0199,Active,,4505.75
CUST-00984,Prentice Utility Services,SMB,27,Canada,2023-12-13,Partner / Referral,monthly,slow_decay,REP-016,EMP-0238,Churned,2024-02-29,6995.58
CUST-00985,Ingersoll Mechanical,SMB,24,Northeast,2023-12-29,Partner / Referral,monthly,steady,REP-028,EMP-0154,Active,,5798.02
CUST-00986,Whitcomb Property Services Services,SMB,17,Great Lakes,2023-12-01,Inbound - Paid,annual,slow_decay,REP-028,EMP-0153,Churned,2024-11-30,4877.35
CUST-00987,Pinnacle Point Industrial Services,SMB,6,Northeast,2023-12-07,Inbound - Paid,annual,fast_churn,REP-030,EMP-0139,Churned,2025-12-06,1947.01
CUST-00988,Lomeli Plumbing Inc.,SMB,14,Southwest,2023-12-26,Partner / Referral,monthly,expand_then_contract,REP-031,EMP-0153,Churned,2024-01-31,4645.35
CUST-00989,Jessup Plumbing & Heating,SMB,17,South Central,2023-12-21,Inbound - Paid,monthly,steady,REP-016,EMP-0131,Active,,9048.80
CUST-00990,Laurentian Plumbing & Sons,SMB,39,Mid-Atlantic,2023-12-13,Partner / Referral,annual,slow_decay,REP-031,EMP-0022,Churned,2024-12-12,12673.68
CUST-00991,Stonebridge Electrical Contractors Services,SMB,16,Southwest,2023-12-26,Partner / Referral,monthly,steady,REP-016,EMP-0103,Active,,5335.20
CUST-00992,Great Lakes Pipefitting Group,SMB,5,Southeast,2023-12-25,Partner / Referral,annual,land_and_expand,REP-028,EMP-0032,Active,,3864.71
CUST-00993,Blackhawk Roofing,SMB,26,Midwest,2023-12-26,Outbound - SDR,annual,fast_churn,REP-030,EMP-0104,Churned,2024-12-25,11391.78
CUST-00994,Great Lakes Heating & Air,SMB,11,West,2023-12-30,Inbound - Organic,annual,steady,REP-028,EMP-0315,Active,,3529.75
CUST-00995,Lindqvist Roofing & Sons,SMB,22,Southeast,2023-12-26,Partner / Referral,monthly,steady,REP-005,EMP-0106,Active,,7884.04
CUST-00996,Mahoney Industrial Services,SMB,9,Southeast,2023-12-31,Outbound - SDR,monthly,expand_then_contract,REP-028,EMP-0096,Active,,2823.92
CUST-00997,Castellano HVAC Services,SMB,6,South Central,2023-12-29,Inbound - Paid,monthly,steady,REP-016,EMP-0258,Active,,3383.54
CUST-00998,Jankowski Plumbing Co.,SMB,13,Canada,2023-12-26,Outbound - SDR,monthly,fast_churn,REP-031,EMP-0080,Churned,2024-04-30,3635.47
CUST-00999,Panhandle Landscape Services Services,SMB,25,Great Lakes,2023-12-02,Inbound - Organic,monthly,fast_churn,REP-016,EMP-0171,Churned,2025-02-28,7266.84
CUST-01000,Castellano Mechanical Services,SMB,20,West,2023-12-09,Inbound - Organic,monthly,steady,REP-016,EMP-0315,Active,,5477.79
CUST-01001,Brazos Controls Partners,SMB,27,South Central,2023-12-26,Inbound - Paid,monthly,fast_churn,REP-016,EMP-0284,Churned,2024-02-29,8649.13
CUST-01002,Palouse Pipefitting Inc.,SMB,12,Mid-Atlantic,2023-12-31,Inbound - Paid,annual,steady,REP-030,EMP-0171,Active,,3739.14
CUST-01003,Sandhills Mechanical Contractors Group,SMB,11,Midwest,2023-12-14,Trade Show / Event,monthly,steady,REP-031,EMP-0219,Active,,6750.26
CUST-01004,Oyelaran Sheet Metal & Sons,SMB,15,Midwest,2023-12-23,Inbound - Organic,annual,steady,REP-016,EMP-0291,Churned,2025-12-22,4536.42
CUST-01005,Brightline Heating & Air Group,SMB,17,South Central,2023-12-06,Partner / Referral,monthly,land_and_expand,REP-031,EMP-0080,Active,,6824.29
CUST-01006,Lomeli Plumbing Group,SMB,49,Canada,2023-12-14,Partner / Referral,monthly,expand_then_contract,REP-031,EMP-0245,Churned,2026-03-31,18076.55
CUST-01007,Summit Line Fire Protection & Sons,SMB,25,Mountain,2023-12-31,Inbound - Organic,annual,slow_decay,REP-016,EMP-0042,Churned,2024-12-30,14199.64
CUST-01008,Teton Refrigeration,SMB,8,Northeast,2023-12-26,Inbound - Organic,monthly,steady,REP-028,EMP-0182,Active,,4309.27
CUST-01009,Bitterroot Security Systems,SMB,16,Southwest,2023-12-31,Inbound - Paid,annual,steady,REP-016,EMP-0033,Active,,7320.11
CUST-01010,Teton Plumbing & Heating Holdings,SMB,26,Mid-Atlantic,2023-12-27,Partner / Referral,annual,slow_decay,REP-028,EMP-0080,Churned,2024-12-26,7085.72
CUST-01011,Silverpoint Industrial Services Group,SMB,24,Mid-Atlantic,2023-12-26,Inbound - Organic,monthly,fast_churn,REP-028,EMP-0238,Churned,2024-03-31,7497.13
CUST-01012,Ozark Elevator Services,SMB,28,Southeast,2023-12-29,Inbound - Paid,annual,land_and_expand,REP-031,EMP-0263,Active,,8195.38
CUST-01013,Cumberland Pipefitting Inc.,SMB,17,Mountain,2023-12-31,Partner / Referral,monthly,steady,REP-031,EMP-0141,Active,,5291.49
CUST-01014,Great Lakes Building Services Inc.,SMB,10,South Central,2023-12-28,Outbound - SDR,monthly,slow_decay,REP-028,EMP-0032,Churned,2026-03-31,3864.12
CUST-01015,Front Range Mechanical Inc.,SMB,6,Mid-Atlantic,2023-12-12,Inbound - Organic,monthly,churn_and_return,REP-030,EMP-0119,Churned,2024-12-31,1188.33
CUST-01016,Holloway Industrial Services,Mid-Market,213,Southeast,2023-01-17,Partner / Referral,annual,steady,REP-023,EMP-0284,Active,,33536.05
CUST-01017,Grimaldi Electrical Contractors LLC,Mid-Market,154,West,2023-01-31,Outbound - SDR,annual,land_and_expand,REP-010,EMP-0139,Active,,20568.68
CUST-01018,Pinnacle Point HVAC Holdings,Mid-Market,329,Great Lakes,2023-01-02,Inbound - Paid,annual,steady,REP-023,EMP-0042,Active,,95437.11
CUST-01019,Jessup Plumbing LLC,Mid-Market,184,Mid-Atlantic,2023-01-27,Partner / Referral,multi_year,slow_decay,REP-010,EMP-0315,Active,,28882.53
CUST-01020,Lowcountry Utility Services,Mid-Market,53,Northeast,2023-01-01,Trade Show / Event,multi_year,steady,REP-010,EMP-0182,Active,,8512.01
CUST-01021,Annapolis Valley Air Systems Partners,Mid-Market,356,Southeast,2023-01-10,Trade Show / Event,annual,land_and_expand,REP-023,EMP-0284,Active,,25681.22
CUST-01022,Grimaldi Pipefitting Partners,Mid-Market,136,South Central,2023-01-26,Outbound - SDR,multi_year,land_and_expand,REP-023,EMP-0080,Active,,16460.14
CUST-01023,Oyelaran Security Systems,Mid-Market,169,Canada,2023-02-23,Partner / Referral,annual,steady,REP-027,EMP-0238,Active,,23857.28
CUST-01024,Vandermeer Refrigeration Co.,Mid-Market,77,West,2023-02-17,Outbound - SDR,annual,land_and_expand,REP-018,EMP-0312,Churned,2026-02-16,8894.77
CUST-01025,Halvorsen Mechanical Contractors Holdings,Mid-Market,196,Southwest,2023-02-25,Inbound - Organic,annual,fast_churn,REP-026,EMP-0315,Churned,2024-02-24,26455.28
CUST-01026,Draeger Air Systems LLC,Mid-Market,175,Great Lakes,2023-02-07,Partner / Referral,annual,expand_then_contract,REP-018,EMP-0141,Active,,33573.57
CUST-01027,Front Range Pipefitting,Mid-Market,448,Canada,2023-02-26,Outbound - SDR,annual,land_and_expand,REP-007,EMP-0141,Active,,101180.74
CUST-01028,Stavros Facility Services Inc.,Mid-Market,110,South Central,2023-02-28,Inbound - Paid,annual,land_and_expand,REP-026,EMP-0291,Active,,20348.45
CUST-01029,Wasatch Utility Services LLC,Mid-Market,95,Northeast,2023-03-11,Trade Show / Event,annual,steady,REP-023,EMP-0153,Active,,13368.76
CUST-01030,Cumberland Restoration Inc.,Mid-Market,109,Great Lakes,2023-03-08,Outbound - SDR,annual,land_and_expand,REP-026,EMP-0033,Churned,2026-03-07,22310.31
CUST-01031,Gallardo Fire Protection Co.,Mid-Market,58,Southwest,2023-03-31,Trade Show / Event,annual,expand_then_contract,REP-018,EMP-0182,Churned,2024-03-30,8152.63
CUST-01032,Mahoney Glass & Glazing Corp.,Mid-Market,132,Northeast,2023-03-28,Partner / Referral,annual,churn_and_return,REP-018,EMP-0032,Active,,16815.16
CUST-01033,Ingersoll Boiler Works LLC,Mid-Market,104,Mountain,2023-03-25,Outbound - SDR,monthly,land_and_expand,REP-018,EMP-0303,Active,,11044.44
CUST-01034,Silverpoint Heating & Air LLC,Mid-Market,62,Great Lakes,2023-03-31,Inbound - Organic,annual,fast_churn,REP-026,EMP-0199,Churned,2024-03-30,8433.50
CUST-01035,Palouse Electrical Contractors,Mid-Market,96,West,2023-03-06,Inbound - Organic,annual,slow_decay,REP-023,EMP-0182,Active,,10621.88
CUST-01036,Kilbride Refrigeration Partners,Mid-Market,108,West,2023-03-19,Outbound - SDR,annual,land_and_expand,REP-026,EMP-0182,Active,,34292.36
CUST-01037,Blackhawk Plumbing & Heating,Mid-Market,153,Canada,2023-03-29,Partner / Referral,multi_year,steady,REP-026,EMP-0178,Active,,40452.91
CUST-01038,Saskatoon Facility Services LLC,Mid-Market,83,Mid-Atlantic,2023-03-31,Outbound - SDR,annual,fast_churn,REP-007,EMP-0022,Churned,2024-03-30,14799.35
CUST-01039,Kettle Moraine Restoration Holdings,Mid-Market,71,Canada,2023-04-25,Outbound - SDR,annual,land_and_expand,REP-010,EMP-0104,Churned,2024-04-24,12226.56
CUST-01040,Mohawk Valley Mechanical Systems,Mid-Market,159,Canada,2023-04-28,Trade Show / Event,annual,churn_and_return,REP-027,EMP-0081,Churned,2026-06-30,39032.17
CUST-01041,Fontaine Industrial Services Co.,Mid-Market,164,Southeast,2023-04-28,Inbound - Organic,multi_year,land_and_expand,REP-007,EMP-0238,Active,,21887.01
CUST-01043,Boyington Mechanical Systems Partners,Mid-Market,51,Great Lakes,2023-04-26,Inbound - Paid,annual,expand_then_contract,REP-010,EMP-0289,Churned,2024-04-25,11939.18
CUST-01044,Pinnacle Point Boiler Works Partners,Mid-Market,136,Great Lakes,2023-04-08,Partner / Referral,annual,steady,REP-023,EMP-0104,Active,,7782.35
CUST-01045,Kowalczyk Landscape Services,Mid-Market,153,Northeast,2023-05-26,Partner / Referral,annual,land_and_expand,REP-026,EMP-0289,Churned,2024-05-25,20792.77
CUST-01046,Chesapeake Utility Services Services,Mid-Market,96,Southwest,2023-05-11,Outbound - SDR,annual,slow_decay,REP-010,EMP-0141,Churned,2024-05-10,16664.12
CUST-01047,Lowcountry Plumbing & Heating LLC,Mid-Market,379,Great Lakes,2023-05-18,Outbound - SDR,multi_year,fast_churn,REP-027,EMP-0096,Churned,2025-05-17,40080.10
CUST-01048,Tri-State Property Services Group,Mid-Market,58,Great Lakes,2023-05-27,Partner / Referral,annual,steady,REP-018,EMP-0080,Active,,18325.25
CUST-01049,Yarborough Fire & Life Safety Services,Mid-Market,218,Southwest,2023-05-27,Outbound - SDR,multi_year,steady,REP-010,EMP-0312,Active,,28329.91
CUST-01050,Sandhills Sheet Metal Inc.,Mid-Market,83,Southeast,2023-05-25,Inbound - Organic,multi_year,fast_churn,REP-007,EMP-0272,Churned,2026-05-24,9466.26
CUST-01051,Cascade Landscape Services Co.,Mid-Market,64,South Central,2023-06-26,Partner / Referral,annual,steady,REP-018,EMP-0219,Active,,8228.69
CUST-01052,Ozark Heating & Air Holdings,Mid-Market,166,Canada,2023-06-28,Outbound - SDR,multi_year,land_and_expand,REP-010,EMP-0153,Active,,40672.08
CUST-01053,Vandermeer Landscape Services Services,Mid-Market,76,Mid-Atlantic,2023-06-04,Outbound - SDR,annual,land_and_expand,REP-026,EMP-0103,Active,,12840.45
CUST-01054,Marchetti Fire & Life Safety,Mid-Market,416,West,2023-06-14,Outbound - SDR,annual,land_and_expand,REP-007,EMP-0131,Active,,44411.28
CUST-01055,Chesapeake Refrigeration,Mid-Market,140,Great Lakes,2023-06-09,Partner / Referral,annual,land_and_expand,REP-026,EMP-0172,Active,,40582.77
CUST-01056,Saskatoon Plumbing Co.,Mid-Market,50,South Central,2023-06-13,Partner / Referral,annual,expand_then_contract,REP-007,EMP-0182,Churned,2024-06-12,12081.74
CUST-01057,Harborview Fire & Life Safety Co.,Mid-Market,102,Great Lakes,2023-06-27,Outbound - SDR,annual,fast_churn,REP-023,EMP-0148,Churned,2024-06-26,24012.58
CUST-01059,Oyelaran Security Systems LLC,Mid-Market,105,Mid-Atlantic,2023-07-27,Partner / Referral,annual,steady,REP-026,EMP-0291,Active,,22240.31
CUST-01060,Castellano Sheet Metal Corp.,Mid-Market,103,Midwest,2023-07-28,Trade Show / Event,annual,steady,REP-018,EMP-0172,Active,,23503.35
CUST-01061,Meridian Roofing Services,Mid-Market,137,Great Lakes,2023-07-17,Trade Show / Event,annual,steady,REP-023,EMP-0172,Churned,2025-07-16,19656.85
CUST-01062,Sonoran Restoration,Mid-Market,223,West,2023-07-20,Outbound - SDR,annual,expand_then_contract,REP-026,EMP-0104,Churned,2024-07-19,47062.85
CUST-01063,Blackhawk Heating & Air Partners,Mid-Market,100,Midwest,2023-08-28,Partner / Referral,multi_year,land_and_expand,REP-026,EMP-0171,Active,,7077.18
CUST-01064,Harborview Boiler Works Holdings,Mid-Market,249,Canada,2023-08-27,Outbound - SDR,annual,steady,REP-026,EMP-0225,Active,,23734.87
CUST-01065,Ashworth Glass & Glazing,Mid-Market,103,Mid-Atlantic,2023-08-09,Trade Show / Event,annual,steady,REP-023,EMP-0289,Active,,22161.60
CUST-01066,Bitterroot Heating & Air Services,Mid-Market,120,West,2023-08-28,Trade Show / Event,annual,expand_then_contract,REP-018,EMP-0272,Churned,2025-08-27,22036.11
CUST-01067,Sierra Nevada Utility Services Holdings,Mid-Market,193,Mountain,2023-08-27,Trade Show / Event,annual,expand_then_contract,REP-023,EMP-0096,Churned,2025-08-26,15182.88
CUST-01068,Ashworth Fire Protection,Mid-Market,204,West,2023-09-06,Outbound - SDR,annual,steady,REP-007,EMP-0141,Churned,2025-09-05,35763.93
CUST-01069,Wasatch Facility Services,Mid-Market,116,Great Lakes,2023-09-29,Outbound - SDR,annual,steady,REP-018,EMP-0033,Active,,25936.94
CUST-01070,Sandhills Sheet Metal,Mid-Market,67,Mid-Atlantic,2023-09-29,Outbound - SDR,monthly,steady,REP-026,EMP-0284,Active,,17090.82
CUST-01071,Susquehanna Air Systems,Mid-Market,243,West,2023-09-30,Partner / Referral,annual,fast_churn,REP-023,EMP-0070,Churned,2024-09-29,40139.18
CUST-01072,Granite Peak Controls LLC,Mid-Market,250,Mid-Atlantic,2023-09-14,Outbound - SDR,annual,steady,REP-018,EMP-0225,Active,,56991.32
CUST-01073,Panhandle Sheet Metal Corp.,Mid-Market,110,Mid-Atlantic,2023-09-30,Outbound - SDR,annual,steady,REP-007,EMP-0289,Active,,11539.57
CUST-01074,Hutchins Utility Services Services,Mid-Market,68,Mountain,2023-10-01,Outbound - SDR,annual,expand_then_contract,REP-023,EMP-0272,Churned,2024-09-30,7238.22
CUST-01075,Uphoff Facilities Group Inc.,Mid-Market,137,Mid-Atlantic,2023-10-27,Partner / Referral,annual,land_and_expand,REP-018,EMP-0317,Churned,2024-10-26,14317.98
CUST-01076,Whitcomb Plumbing & Heating,Mid-Market,83,Northeast,2023-10-13,Inbound - Paid,annual,fast_churn,REP-026,EMP-0154,Churned,2024-10-12,10292.83
CUST-01077,Northgate Facilities Group,Mid-Market,88,South Central,2023-10-30,Outbound - SDR,annual,fast_churn,REP-023,EMP-0139,Churned,2024-10-29,17152.18
CUST-01078,Draeger Electric LLC,Mid-Market,128,Midwest,2023-10-02,Inbound - Paid,annual,steady,REP-023,EMP-0171,Active,,27958.16
CUST-01079,Cumberland Utility Services Inc.,Mid-Market,90,Mountain,2023-10-19,Inbound - Paid,annual,land_and_expand,REP-007,EMP-0104,Active,,17103.30
CUST-01080,Iverson Heating & Air,Mid-Market,217,South Central,2023-11-26,Inbound - Paid,annual,churn_and_return,REP-023,EMP-0291,Active,,39172.70
CUST-01081,Quintero Mechanical Systems Partners,Mid-Market,279,Northeast,2023-11-21,Outbound - SDR,annual,steady,REP-023,EMP-0178,Active,,48047.38
CUST-01082,Kearney Utility Services Corp.,Mid-Market,190,West,2023-11-03,Outbound - SDR,annual,land_and_expand,REP-032,EMP-0033,Churned,2024-11-02,35122.37
CUST-01083,Draeger Air Systems Services,Mid-Market,140,Canada,2023-11-26,Inbound - Paid,annual,land_and_expand,REP-023,EMP-0199,Active,,19808.46
CUST-01084,Danforth Electric Co.,Mid-Market,175,Southeast,2023-11-27,Partner / Referral,annual,fast_churn,REP-032,EMP-0238,Churned,2024-11-26,26134.99
CUST-01085,Draeger Mechanical & Sons,Mid-Market,91,West,2023-11-15,Inbound - Paid,annual,land_and_expand,REP-026,EMP-0172,Active,,16768.91
CUST-01086,Mahoney Boiler Works Inc.,Mid-Market,125,Great Lakes,2023-12-28,Outbound - SDR,annual,land_and_expand,REP-032,EMP-0139,Active,,22383.33
CUST-01087,Hutchins Landscape Services,Mid-Market,235,West,2023-12-01,Outbound - SDR,annual,land_and_expand,REP-032,EMP-0258,Active,,110928.72
CUST-01088,Northgate Plumbing & Heating,Mid-Market,116,Southwest,2023-12-31,Inbound - Organic,annual,slow_decay,REP-023,EMP-0245,Churned,2024-12-30,16051.93
CUST-01089,Yarborough Elevator Services Co.,Mid-Market,413,Mountain,2023-12-20,Trade Show / Event,annual,steady,REP-023,EMP-0154,Churned,2024-12-19,64244.31
CUST-01090,Castellano Mechanical Holdings,Mid-Market,313,Midwest,2023-12-22,Inbound - Paid,annual,fast_churn,REP-032,EMP-0042,Churned,2024-12-21,43187.27
CUST-01091,Wabash Roofing Group,Mid-Market,72,Mountain,2023-12-27,Partner / Referral,annual,slow_decay,REP-010,EMP-0272,Churned,2024-12-26,8036.19
CUST-01092,Chaudhry Utility Services Inc.,Mid-Market,106,Northeast,2023-12-29,Partner / Referral,multi_year,steady,REP-007,EMP-0182,Active,,12313.16
CUST-01093,Draeger Utility Services Services,Mid-Market,262,Mid-Atlantic,2023-12-30,Outbound - SDR,annual,expand_then_contract,REP-007,EMP-0238,Active,,66526.28
CUST-01094,Copperfield Mechanical Co.,Mid-Market,319,Southwest,2023-12-29,Partner / Referral,annual,steady,REP-032,EMP-0154,Active,,57479.83
CUST-01095,Ozark Glass & Glazing Partners,Mid-Market,216,Southeast,2023-12-11,Inbound - Organic,annual,expand_then_contract,REP-026,EMP-0106,Churned,2024-12-10,30269.48
CUST-01096,Clearwater Plumbing & Heating Co.,Mid-Market,247,Mountain,2023-12-21,Outbound - SDR,annual,expand_then_contract,REP-023,EMP-0303,Active,,60924.84
CUST-01097,Brightline Security Systems Co.,Mid-Market,175,Southwest,2023-12-22,Partner / Referral,annual,land_and_expand,REP-026,EMP-0022,Active,,36145.37
CUST-01098,Pemberton Elevator Services Services,Mid-Market,170,Northeast,2023-12-22,Inbound - Organic,annual,slow_decay,REP-032,EMP-0312,Churned,2024-12-21,46432.96
CUST-01099,Adirondack Heating & Air Partners,Mid-Market,105,Canada,2023-12-28,Outbound - SDR,annual,expand_then_contract,REP-026,EMP-0103,Active,,14536.10
CUST-01100,Harborview Plumbing LLC,Mid-Market,87,Northeast,2023-12-28,Inbound - Organic,annual,land_and_expand,REP-026,EMP-0148,Active,,11463.94
CUST-01101,Okanagan Mechanical LLC,Enterprise,1250,Midwest,2023-01-30,Partner / Referral,annual,land_and_expand,REP-014,EMP-0042,Active,,110516.30
CUST-01102,Ferreira Pipefitting LLC,Enterprise,1434,South Central,2023-01-02,Outbound - SDR,annual,land_and_expand,REP-029,EMP-0104,Active,,199200.68
CUST-01103,Teton Air Systems Inc.,Enterprise,857,South Central,2023-02-07,Partner / Referral,multi_year,slow_decay,REP-029,EMP-0245,Active,,176649.51
CUST-01104,Ingersoll Building Services Group,Enterprise,653,Midwest,2023-02-23,Outbound - SDR,multi_year,expand_then_contract,REP-014,EMP-0219,Active,,59485.84
CUST-01105,Danforth Energy Services Holdings,Enterprise,508,Mid-Atlantic,2023-03-27,Inbound - Paid,annual,land_and_expand,REP-012,EMP-0171,Active,,87058.72
CUST-01106,Granite Peak Fire & Life Safety,Enterprise,737,Mountain,2023-03-01,Outbound - SDR,annual,steady,REP-029,EMP-0080,Active,,109182.94
CUST-01107,Northgate Utility Services,Enterprise,1154,Mountain,2023-04-26,Outbound - SDR,multi_year,steady,REP-012,EMP-0245,Active,,143565.13
CUST-01108,Granite Peak Refrigeration LLC,Enterprise,3194,South Central,2023-05-26,Trade Show / Event,multi_year,fast_churn,REP-029,EMP-0322,Churned,2026-05-25,331570.00
CUST-01109,Kowalczyk Energy Services Inc.,Enterprise,1034,Canada,2023-06-27,Trade Show / Event,multi_year,land_and_expand,REP-029,EMP-0119,Active,,126181.83
CUST-01110,Chesapeake Facility Services Inc.,Enterprise,1353,Mid-Atlantic,2023-06-04,Trade Show / Event,annual,steady,REP-029,EMP-0032,Active,,174243.66
CUST-01111,Gulf Coast Energy Services,Enterprise,1231,Midwest,2023-07-12,Partner / Referral,annual,land_and_expand,REP-012,EMP-0148,Churned,2024-07-11,250679.11
CUST-01112,Lindqvist Restoration,Enterprise,518,Mid-Atlantic,2023-08-28,Trade Show / Event,multi_year,land_and_expand,REP-014,EMP-0182,Active,,78358.09
CUST-01113,Danforth Glass & Glazing,Enterprise,518,Canada,2023-09-28,Inbound - Paid,annual,steady,REP-029,EMP-0317,Churned,2024-09-27,71146.05
CUST-01114,Lomeli Elevator Services Partners,Enterprise,933,Northeast,2023-09-29,Partner / Referral,annual,steady,REP-014,EMP-0153,Active,,113314.48
CUST-01115,Sonoran Refrigeration,Enterprise,2214,Southwest,2023-10-22,Trade Show / Event,multi_year,land_and_expand,REP-029,EMP-0141,Active,,271393.68
CUST-01116,Redstone Utility Services,Enterprise,609,South Central,2023-11-14,Trade Show / Event,multi_year,slow_decay,REP-029,EMP-0096,Active,,111797.54
CUST-01117,Kearney Plumbing,Enterprise,1561,Mountain,2023-12-26,Partner / Referral,multi_year,land_and_expand,REP-033,EMP-0032,Active,,189842.78
CUST-01118,Mahoney Electric,Enterprise,659,Mountain,2023-12-18,Trade Show / Event,multi_year,land_and_expand,REP-014,EMP-0213,Active,,97584.79
CUST-01119,Rasmussen Facility Services Inc.,Enterprise,927,Mid-Atlantic,2023-12-28,Partner / Referral,annual,steady,REP-033,EMP-0154,Active,,142396.87
CUST-01120,Cumberland Mechanical Systems,Enterprise,621,Canada,2023-12-01,Trade Show / Event,annual,land_and_expand,REP-029,EMP-0104,Active,,102530.92
CUST-01121,Blackhawk Roofing Group,SMB,29,South Central,2024-01-09,Outbound - SDR,monthly,steady,REP-028,EMP-0301,Active,,9602.74
CUST-01122,Mohawk Valley Landscape Services,SMB,21,Southeast,2024-01-31,Inbound - Organic,monthly,fast_churn,REP-030,EMP-0240,Churned,2024-05-31,14756.17
CUST-01123,Mahoney Security Systems,SMB,10,Great Lakes,2024-01-19,Outbound - SDR,monthly,fast_churn,REP-031,EMP-0104,Churned,2024-05-31,2989.18
CUST-01124,Kearney Mechanical Systems,SMB,16,Great Lakes,2024-01-26,Trade Show / Event,monthly,steady,REP-028,EMP-0104,Active,,4632.24
CUST-01125,Saskatoon Energy Services,SMB,14,Midwest,2024-01-31,Trade Show / Event,annual,steady,REP-030,EMP-0315,Churned,2025-01-30,8211.65
CUST-01126,Lomeli Security Systems Holdings,SMB,20,Great Lakes,2024-01-10,Inbound - Organic,annual,steady,REP-030,EMP-0139,Active,,7088.86
CUST-01127,Danforth Security Systems Partners,SMB,39,Southwest,2024-01-27,Partner / Referral,monthly,expand_then_contract,REP-030,EMP-0199,Active,,12254.84
CUST-01128,Bellamy Energy Services,SMB,36,Great Lakes,2024-01-31,Outbound - SDR,monthly,fast_churn,REP-028,EMP-0081,Churned,2024-02-29,14471.64
CUST-01129,Ferreira Electrical Contractors,SMB,29,West,2024-01-04,Partner / Referral,annual,expand_then_contract,REP-028,EMP-0263,Active,,11866.26
CUST-01130,Brightline Fire Protection Services,SMB,11,Southwest,2024-01-21,Inbound - Paid,annual,land_and_expand,REP-028,EMP-0104,Active,,5386.09
CUST-01131,Zamora Building Services & Sons,SMB,11,Southeast,2024-01-30,Outbound - SDR,monthly,fast_churn,REP-031,EMP-0245,Churned,2024-02-29,4205.52
CUST-01132,Cornerstone Plumbing & Heating Group,SMB,16,West,2024-01-30,Inbound - Paid,monthly,steady,REP-031,EMP-0104,Active,,5075.37
CUST-01133,Ironbridge Industrial Services Group,SMB,22,Midwest,2024-02-24,Inbound - Paid,monthly,land_and_expand,REP-028,EMP-0172,Active,,11248.51
CUST-01134,Granite Peak Mechanical,SMB,34,Midwest,2024-02-24,Inbound - Organic,monthly,steady,REP-028,EMP-0042,Active,,13352.13
CUST-01135,Rasmussen Pipefitting Partners,SMB,12,Mid-Atlantic,2024-02-06,Inbound - Paid,monthly,steady,REP-031,EMP-0131,Churned,2025-02-28,3207.36
CUST-01136,Gallardo Property Services Services,SMB,25,Canada,2024-02-03,Inbound - Organic,annual,fast_churn,REP-005,EMP-0312,Churned,2025-02-02,8882.60
CUST-01137,Prentice Elevator Services Group,SMB,7,Mid-Atlantic,2024-02-25,Inbound - Organic,annual,steady,REP-028,EMP-0153,Churned,2026-02-24,2784.29
CUST-01138,Chaudhry Refrigeration Corp.,SMB,11,South Central,2024-02-22,Inbound - Paid,annual,fast_churn,REP-028,EMP-0284,Churned,2025-02-21,5882.43
CUST-01139,Cascade Mechanical Co.,SMB,7,Southeast,2024-02-15,Inbound - Organic,monthly,expand_then_contract,REP-030,EMP-0272,Churned,2025-10-31,3300.84
CUST-01140,Clearwater Mechanical,SMB,29,Mountain,2024-02-25,Inbound - Paid,monthly,expand_then_contract,REP-030,EMP-0141,Churned,2026-05-31,7668.82
CUST-01141,Granite Peak Fire & Life Safety Holdings,SMB,18,Canada,2024-02-20,Inbound - Paid,monthly,steady,REP-028,EMP-0104,Active,,7168.51
CUST-01142,Wabash Restoration LLC,SMB,11,Mountain,2024-02-27,Trade Show / Event,monthly,fast_churn,REP-028,EMP-0104,Churned,2024-10-31,3161.84
CUST-01143,Piedmont HVAC Co.,SMB,18,Canada,2024-02-24,Inbound - Paid,monthly,steady,REP-028,EMP-0219,Churned,2024-06-30,8141.72
CUST-01144,Fontaine Heating & Air Services,SMB,5,Mountain,2024-03-28,Inbound - Organic,monthly,expand_then_contract,REP-005,EMP-0225,Churned,2025-10-31,1267.76
CUST-01145,Shenandoah Facility Services LLC,SMB,11,Midwest,2024-03-29,Partner / Referral,monthly,fast_churn,REP-030,EMP-0103,Churned,2024-04-30,4624.49
CUST-01146,Rasmussen Landscape Services,SMB,24,West,2024-03-25,Inbound - Organic,annual,fast_churn,REP-030,EMP-0080,Churned,2025-03-24,9757.80
CUST-01147,Great Lakes Facility Services Corp.,SMB,11,Canada,2024-03-27,Partner / Referral,monthly,fast_churn,REP-005,EMP-0104,Churned,2025-01-31,5157.46
CUST-01148,Meridian Glass & Glazing & Sons,SMB,35,Mountain,2024-03-27,Inbound - Organic,monthly,fast_churn,REP-030,EMP-0225,Churned,2024-05-31,9906.93
CUST-01149,Allegheny Landscape Services Co.,SMB,21,Southeast,2024-03-17,Inbound - Organic,monthly,fast_churn,REP-030,EMP-0119,Churned,2024-10-31,7507.29
CUST-01150,Bitterroot Facility Services,SMB,36,West,2024-03-29,Inbound - Organic,monthly,land_and_expand,REP-031,EMP-0096,Active,,10450.20
CUST-01151,Sonoran Elevator Services,SMB,5,Northeast,2024-03-28,Inbound - Organic,annual,fast_churn,REP-034,EMP-0178,Churned,2026-03-27,2812.26
CUST-01152,Harrow Electric LLC,SMB,47,South Central,2024-03-30,Inbound - Paid,monthly,slow_decay,REP-005,EMP-0033,Churned,2024-04-30,18195.57
CUST-01153,Yarborough Controls LLC,SMB,43,Northeast,2024-03-26,Inbound - Paid,monthly,land_and_expand,REP-031,EMP-0199,Active,,18490.21
CUST-01154,Blue Ridge Energy Services,SMB,14,Mountain,2024-03-04,Partner / Referral,monthly,fast_churn,REP-031,EMP-0081,Churned,2024-09-30,7381.46
CUST-01155,Mahoney Heating & Air,SMB,8,South Central,2024-03-31,Partner / Referral,monthly,slow_decay,REP-005,EMP-0238,Active,,3830.31
CUST-01156,Stavros Electric & Sons,SMB,15,Midwest,2024-03-27,Trade Show / Event,annual,steady,REP-031,EMP-0022,Active,,5390.45
CUST-01157,Lomeli Air Systems,SMB,16,South Central,2024-03-03,Inbound - Organic,monthly,steady,REP-034,EMP-0322,Churned,2026-02-28,8738.86
CUST-01158,Halvorsen Industrial Services,SMB,10,Mountain,2024-03-27,Inbound - Organic,monthly,slow_decay,REP-030,EMP-0245,Churned,2024-07-31,2531.92
CUST-01159,Piedmont Electric & Sons,SMB,13,South Central,2024-03-26,Inbound - Organic,monthly,steady,REP-034,EMP-0104,Active,,2650.06
CUST-01160,Thibodeaux Fire & Life Safety Group,SMB,19,West,2024-03-18,Inbound - Organic,monthly,slow_decay,REP-005,EMP-0272,Churned,2025-11-30,10863.51
CUST-01161,Castellano Air Systems,SMB,23,Northeast,2024-03-19,Outbound - SDR,monthly,land_and_expand,REP-028,EMP-0284,Active,,5761.71
CUST-01162,Villanueva Facilities Group,SMB,6,South Central,2024-04-17,Inbound - Paid,annual,fast_churn,REP-031,EMP-0080,Churned,2025-04-16,3648.73
CUST-01163,Great Lakes Controls Partners,SMB,14,Mountain,2024-04-02,Outbound - SDR,monthly,land_and_expand,REP-031,EMP-0312,Active,,5946.18
CUST-01164,Copperfield Landscape Services Group,SMB,13,Mid-Atlantic,2024-04-30,Outbound - SDR,monthly,steady,REP-030,EMP-0070,Active,,3695.72
CUST-01165,Thibodeaux Controls Group,SMB,10,Southeast,2024-04-26,Partner / Referral,monthly,fast_churn,REP-036,EMP-0154,Churned,2024-06-30,3788.11
CUST-01166,Hudson Valley Sheet Metal Holdings,SMB,12,Great Lakes,2024-04-30,Inbound - Paid,monthly,steady,REP-031,EMP-0139,Active,,4682.36
CUST-01167,Pemberton HVAC Group,SMB,9,Mountain,2024-04-07,Inbound - Paid,monthly,slow_decay,REP-034,EMP-0096,Churned,2024-12-31,3034.13
CUST-01168,Coastal Bend Plumbing & Heating Holdings,SMB,15,Great Lakes,2024-04-19,Inbound - Organic,annual,steady,REP-031,EMP-0272,Churned,2025-04-18,3872.15
CUST-01169,Red River Electrical Contractors & Sons,SMB,17,Canada,2024-04-01,Inbound - Organic,annual,slow_decay,REP-034,EMP-0042,Churned,2025-03-31,7443.29
CUST-01170,Teton Energy Services Partners,SMB,12,Canada,2024-04-28,Partner / Referral,monthly,steady,REP-005,EMP-0032,Active,,3743.80
CUST-01171,Ozark Restoration Inc.,SMB,17,Great Lakes,2024-04-30,Inbound - Organic,monthly,expand_then_contract,REP-037,EMP-0106,Churned,2025-12-31,8250.72
CUST-01172,Wasatch Refrigeration,SMB,9,South Central,2024-04-26,Partner / Referral,monthly,fast_churn,REP-031,EMP-0238,Churned,2024-05-31,2007.56
CUST-01173,Mohawk Valley Plumbing & Sons,SMB,22,South Central,2024-05-01,Partner / Referral,monthly,steady,REP-031,EMP-0315,Churned,2024-08-31,9235.32
CUST-01174,Brazos Roofing,SMB,15,Mid-Atlantic,2024-05-18,Inbound - Paid,annual,steady,REP-034,EMP-0033,Active,,3186.98
CUST-01175,Keystone Sheet Metal Co.,SMB,21,Southwest,2024-05-28,Inbound - Paid,monthly,land_and_expand,REP-005,EMP-0154,Active,,6913.53
CUST-01176,Ironbridge Landscape Services,SMB,8,Mid-Atlantic,2024-05-10,Partner / Referral,monthly,steady,REP-030,EMP-0172,Churned,2024-10-31,2100.85
CUST-01177,Uphoff Mechanical Systems Inc.,SMB,23,Southwest,2024-05-30,Inbound - Organic,annual,fast_churn,REP-031,EMP-0303,Churned,2025-05-29,6332.95
CUST-01178,Sierra Nevada Controls LLC,SMB,23,Southeast,2024-05-03,Outbound - SDR,monthly,churn_and_return,REP-035,EMP-0317,Churned,2025-01-31,7533.64
CUST-01179,Ozark Boiler Works LLC,SMB,18,South Central,2024-05-26,Inbound - Organic,monthly,slow_decay,REP-030,EMP-0240,Churned,2025-02-28,13249.25
CUST-01180,Blue Ridge HVAC Co.,SMB,15,Canada,2024-05-29,Inbound - Organic,annual,expand_then_contract,REP-031,EMP-0172,Active,,8091.20
CUST-01181,Jessup Boiler Works Group,SMB,42,South Central,2024-05-17,Outbound - SDR,annual,fast_churn,REP-030,EMP-0199,Churned,2025-05-16,21812.88
CUST-01182,Ferreira Mechanical Contractors LLC,SMB,31,Canada,2024-05-08,Partner / Referral,monthly,fast_churn,REP-031,EMP-0032,Churned,2024-09-30,13042.68
CUST-01183,Zamora Fire & Life Safety Inc.,SMB,19,South Central,2024-05-31,Inbound - Paid,monthly,fast_churn,REP-030,EMP-0312,Churned,2024-06-30,11252.68
CUST-01184,Willamette Industrial Services,SMB,24,Mid-Atlantic,2024-06-13,Inbound - Organic,annual,expand_then_contract,REP-030,EMP-0291,Churned,2025-06-12,9831.64
CUST-01185,Mulcahy Electric Services,SMB,10,South Central,2024-06-25,Inbound - Paid,monthly,expand_then_contract,REP-030,EMP-0139,Churned,2024-11-30,3135.44
CUST-01186,Iverson Mechanical Contractors Group,SMB,49,Great Lakes,2024-06-26,Inbound - Organic,annual,steady,REP-031,EMP-0171,Active,,24243.94
CUST-01187,Lindqvist Fire & Life Safety Corp.,SMB,7,Great Lakes,2024-06-11,Inbound - Paid,monthly,fast_churn,REP-036,EMP-0033,Churned,2024-07-31,5451.23
CUST-01188,Gallardo Controls Corp.,SMB,21,Mid-Atlantic,2024-06-28,Inbound - Paid,monthly,expand_then_contract,REP-030,EMP-0284,Active,,9338.72
CUST-01189,Mulcahy Mechanical Contractors LLC,SMB,7,Southwest,2024-06-20,Inbound - Paid,annual,slow_decay,REP-031,EMP-0154,Churned,2025-06-19,1240.52
CUST-01190,Fontaine Controls Holdings,SMB,32,Northeast,2024-06-26,Partner / Referral,monthly,expand_then_contract,REP-030,EMP-0312,Active,,14205.03
CUST-01191,Silverpoint Security Systems Services,SMB,40,Great Lakes,2024-06-26,Inbound - Paid,annual,steady,REP-031,EMP-0240,Active,,9409.47
CUST-01192,Rasmussen Facility Services Holdings,SMB,22,Southwest,2024-06-29,Outbound - SDR,monthly,steady,REP-030,EMP-0303,Active,,6659.50
CUST-01193,Gulf Coast Plumbing & Heating Inc.,SMB,15,West,2024-06-07,Inbound - Organic,monthly,steady,REP-031,EMP-0238,Active,,7930.56
CUST-01194,Brightline Fire & Life Safety Partners,SMB,13,Mid-Atlantic,2024-06-08,Partner / Referral,annual,expand_then_contract,REP-030,EMP-0033,Active,,3224.82
CUST-01195,Fieldstone Sheet Metal LLC,SMB,24,West,2024-06-30,Outbound - SDR,monthly,steady,REP-030,EMP-0096,Active,,10920.11
CUST-01196,Kearney HVAC & Sons,SMB,30,Mid-Atlantic,2024-06-25,Inbound - Paid,annual,land_and_expand,REP-037,EMP-0154,Active,,11988.81
CUST-01197,Villanueva Energy Services LLC,SMB,29,Canada,2024-07-15,Trade Show / Event,monthly,land_and_expand,REP-030,EMP-0153,Active,,10213.25
CUST-01198,Ashworth Utility Services Inc.,SMB,9,Northeast,2024-07-27,Trade Show / Event,annual,expand_then_contract,REP-031,EMP-0033,Active,,2584.05
CUST-01199,Redstone Electric,SMB,12,Midwest,2024-07-30,Partner / Referral,monthly,fast_churn,REP-031,EMP-0141,Churned,2024-08-31,5857.39
CUST-01200,Northrup Plumbing Partners,SMB,13,Southeast,2024-07-26,Inbound - Organic,monthly,fast_churn,REP-030,EMP-0315,Churned,2024-10-31,5574.96
CUST-01201,Adirondack Mechanical Contractors LLC,SMB,26,Great Lakes,2024-07-25,Outbound - SDR,monthly,steady,REP-037,EMP-0225,Active,,7270.30
CUST-01202,Brannigan Fire Protection & Sons,SMB,16,South Central,2024-07-16,Inbound - Paid,monthly,fast_churn,REP-030,EMP-0225,Churned,2024-09-30,8414.36
CUST-01203,Laurentian Plumbing Partners,SMB,24,Southeast,2024-07-13,Inbound - Paid,monthly,churn_and_return,REP-038,EMP-0032,Churned,2025-07-31,6736.55
CUST-01204,Piedmont Building Services,SMB,22,Northeast,2024-07-27,Outbound - SDR,monthly,fast_churn,REP-030,EMP-0080,Churned,2025-04-30,6755.22
CUST-01205,Lomeli Mechanical Contractors Holdings,SMB,25,West,2024-08-29,Inbound - Organic,monthly,steady,REP-031,EMP-0171,Active,,6458.46
CUST-01206,Gallardo Security Systems & Sons,SMB,16,Southeast,2024-08-22,Outbound - SDR,annual,land_and_expand,REP-038,EMP-0080,Active,,5842.05
CUST-01207,Lindqvist Roofing Co.,SMB,18,Southeast,2024-08-23,Inbound - Organic,annual,steady,REP-030,EMP-0317,Churned,2025-08-22,11112.96
CUST-01208,Eskildsen Fire Protection & Sons,SMB,6,Mountain,2024-08-14,Inbound - Paid,monthly,expand_then_contract,REP-038,EMP-0141,Churned,2025-01-31,1285.16
CUST-01209,Gulf Coast Refrigeration Co.,SMB,26,Canada,2024-08-31,Inbound - Paid,monthly,fast_churn,REP-030,EMP-0081,Churned,2025-05-31,11239.22
CUST-01210,Lomeli Boiler Works,SMB,16,Great Lakes,2024-08-20,Outbound - SDR,monthly,land_and_expand,REP-031,EMP-0154,Active,,5656.51
CUST-01211,Annapolis Valley Building Services Holdings,SMB,6,South Central,2024-08-15,Inbound - Paid,monthly,steady,REP-031,EMP-0213,Active,,2789.83
CUST-01212,Great Lakes Facilities Group,SMB,20,Northeast,2024-08-18,Partner / Referral,annual,slow_decay,REP-035,EMP-0289,Churned,2025-08-17,9885.03
CUST-01213,Mulcahy Security Systems Services,SMB,15,Mountain,2024-09-01,Partner / Referral,monthly,slow_decay,REP-037,EMP-0106,Churned,2025-04-30,7817.16
CUST-01214,Ozark Electrical Contractors Holdings,SMB,8,Northeast,2024-09-30,Inbound - Organic,annual,fast_churn,REP-038,EMP-0033,Churned,2025-09-29,4815.71
CUST-01215,Marchetti Plumbing Inc.,SMB,6,Great Lakes,2024-09-03,Partner / Referral,annual,land_and_expand,REP-030,EMP-0131,Churned,2025-09-02,2690.68
CUST-01216,Brightline Air Systems LLC,SMB,26,South Central,2024-09-23,Inbound - Organic,monthly,land_and_expand,REP-030,EMP-0103,Active,,8381.54
CUST-01217,Northgate Pipefitting,SMB,11,South Central,2024-09-29,Outbound - SDR,monthly,steady,REP-030,EMP-0080,Churned,2025-03-31,3839.68
CUST-01218,Front Range Elevator Services & Sons,SMB,13,West,2024-09-15,Inbound - Paid,monthly,steady,REP-031,EMP-0213,Active,,3217.24
CUST-01219,Willamette Electrical Contractors,SMB,17,Great Lakes,2024-09-28,Inbound - Paid,monthly,fast_churn,REP-038,EMP-0042,Churned,2024-11-30,7257.68
CUST-01220,Teton HVAC Inc.,SMB,18,Midwest,2024-09-25,Inbound - Organic,monthly,land_and_expand,REP-030,EMP-0284,Active,,7621.06
CUST-01221,Petrosian Boiler Works,SMB,6,Mountain,2024-09-26,Outbound - SDR,monthly,expand_then_contract,REP-038,EMP-0070,Churned,2026-06-30,1370.77
CUST-01222,Silverpoint Pipefitting,SMB,24,Northeast,2024-09-21,Inbound - Paid,monthly,steady,REP-038,EMP-0022,Churned,2024-11-30,9739.71
CUST-01223,Keystone Mechanical Contractors,SMB,9,Great Lakes,2024-09-30,Partner / Referral,monthly,expand_then_contract,REP-037,EMP-0315,Churned,2025-03-31,4736.19
CUST-01224,Allegheny Fire Protection Co.,SMB,22,Southeast,2024-09-20,Inbound - Paid,monthly,steady,REP-038,EMP-0080,Active,,6243.71
CUST-01225,Gallardo Facility Services Partners,SMB,24,West,2024-10-27,Inbound - Paid,monthly,churn_and_return,REP-038,EMP-0178,Active,,7997.13
CUST-01226,Riverworks Energy Services Co.,SMB,19,West,2024-10-11,Partner / Referral,monthly,fast_churn,REP-037,EMP-0322,Churned,2025-03-31,7898.62
CUST-01227,Great Lakes Elevator Services Holdings,SMB,36,Mid-Atlantic,2024-10-24,Outbound - SDR,monthly,land_and_expand,REP-038,EMP-0070,Active,,15389.66
CUST-01228,Klamath Plumbing,SMB,17,West,2024-10-30,Partner / Referral,monthly,fast_churn,REP-030,EMP-0225,Churned,2024-12-31,5426.21
CUST-01229,Castellano Fire & Life Safety,SMB,17,Midwest,2024-10-29,Trade Show / Event,annual,fast_churn,REP-038,EMP-0103,Churned,2025-10-28,11806.39
CUST-01230,Kilbride Roofing,SMB,31,Northeast,2024-10-03,Outbound - SDR,annual,land_and_expand,REP-038,EMP-0284,Active,,14714.25
CUST-01231,Oyelaran Utility Services,SMB,25,Mountain,2024-10-28,Inbound - Organic,monthly,land_and_expand,REP-038,EMP-0289,Active,,10193.52
CUST-01232,Brannigan Restoration Group,SMB,19,Midwest,2024-10-26,Inbound - Paid,monthly,steady,REP-038,EMP-0272,Active,,9137.98
CUST-01233,Susquehanna Fire & Life Safety Corp.,SMB,9,Canada,2024-10-29,Partner / Referral,annual,fast_churn,REP-035,EMP-0315,Churned,2025-10-28,2691.63
CUST-01234,Castellano Plumbing LLC,SMB,13,Canada,2024-10-01,Inbound - Paid,monthly,steady,REP-038,EMP-0070,Churned,2025-05-31,4475.50
CUST-01235,Rasmussen Plumbing Group,SMB,13,Great Lakes,2024-10-17,Inbound - Paid,annual,steady,REP-030,EMP-0258,Active,,6420.14
CUST-01236,Blackhawk Air Systems Inc.,SMB,20,Southwest,2024-10-26,Inbound - Organic,monthly,land_and_expand,REP-030,EMP-0291,Active,,8011.78
CUST-01237,Keystone Restoration Partners,SMB,25,Midwest,2024-11-06,Partner / Referral,monthly,fast_churn,REP-030,EMP-0081,Churned,2025-02-28,10103.30
CUST-01238,Thibodeaux Mechanical Corp.,SMB,16,Great Lakes,2024-11-27,Inbound - Organic,monthly,land_and_expand,REP-038,EMP-0070,Active,,5367.88
CUST-01239,Sandhills Controls LLC,SMB,18,Southwest,2024-11-24,Partner / Referral,monthly,land_and_expand,REP-037,EMP-0317,Churned,2025-07-31,8414.39
CUST-01240,Stonebridge Heating & Air Co.,SMB,21,South Central,2024-11-26,Partner / Referral,annual,expand_then_contract,REP-038,EMP-0080,Active,,10867.92
CUST-01241,Panhandle Refrigeration,SMB,41,Great Lakes,2024-11-03,Partner / Referral,annual,fast_churn,REP-038,EMP-0291,Churned,2025-11-02,23237.60
CUST-01242,Clearwater Air Systems Corp.,SMB,18,Midwest,2024-11-28,Inbound - Paid,annual,fast_churn,REP-038,EMP-0096,Active,,11381.97
CUST-01243,Whitcomb Electric Corp.,SMB,20,South Central,2024-11-16,Partner / Referral,annual,steady,REP-030,EMP-0104,Active,,10959.25
CUST-01244,Zamora Sheet Metal Co.,SMB,15,Great Lakes,2024-11-07,Inbound - Paid,monthly,expand_then_contract,REP-043,EMP-0033,Churned,2025-06-30,3947.22
CUST-01245,Yarborough Controls Services,SMB,25,Great Lakes,2024-11-27,Inbound - Organic,monthly,expand_then_contract,REP-043,EMP-0272,Active,,11116.31
CUST-01246,Bellamy Landscape Services & Sons,SMB,17,Great Lakes,2024-11-26,Partner / Referral,monthly,fast_churn,REP-035,EMP-0258,Churned,2025-01-31,7074.47
CUST-01247,Ackerley Utility Services Partners,SMB,20,Southeast,2024-11-18,Inbound - Organic,monthly,land_and_expand,REP-037,EMP-0303,Active,,4540.42
CUST-01248,Sandhills Glass & Glazing Services,SMB,16,Great Lakes,2024-12-30,Inbound - Organic,annual,steady,REP-030,EMP-0317,Churned,2025-12-29,4316.50
CUST-01249,Ostrowski Security Systems,SMB,27,Great Lakes,2024-12-19,Inbound - Paid,monthly,fast_churn,REP-030,EMP-0070,Churned,2025-01-31,5563.49
CUST-01250,Riverworks Landscape Services Partners,SMB,13,Midwest,2024-12-31,Inbound - Paid,monthly,expand_then_contract,REP-038,EMP-0317,Churned,2026-01-31,6234.30
CUST-01251,Wabash Heating & Air,SMB,26,South Central,2024-12-28,Inbound - Organic,monthly,slow_decay,REP-038,EMP-0289,Active,,10838.75
CUST-01252,Northgate Mechanical Contractors,SMB,7,Canada,2024-12-24,Outbound - SDR,annual,steady,REP-038,EMP-0033,Active,,1278.54
CUST-01253,Grimaldi Fire Protection Corp.,SMB,18,Mountain,2024-12-25,Inbound - Organic,monthly,fast_churn,REP-037,EMP-0289,Churned,2025-04-30,11522.54
CUST-01254,Petrosian Air Systems,SMB,25,Midwest,2024-12-30,Inbound - Organic,monthly,steady,REP-043,EMP-0199,Active,,9785.49
CUST-01255,Gallardo Fire & Life Safety,SMB,11,West,2024-12-15,Trade Show / Event,annual,expand_then_contract,REP-038,EMP-0032,Churned,2025-12-14,4548.75
CUST-01256,Chesapeake Electrical Contractors,SMB,16,Mountain,2024-12-29,Inbound - Paid,monthly,land_and_expand,REP-038,EMP-0263,Churned,2025-10-31,5639.28
CUST-01257,Lantern Heating & Air Group,SMB,22,Mid-Atlantic,2024-12-17,Inbound - Organic,monthly,steady,REP-030,EMP-0141,Active,,11055.59
CUST-01258,Mulcahy Energy Services Partners,SMB,22,Midwest,2024-12-27,Inbound - Organic,annual,expand_then_contract,REP-038,EMP-0103,Churned,2025-12-26,12604.83
CUST-01259,Pinnacle Point Facility Services,SMB,18,Mid-Atlantic,2024-12-09,Outbound - SDR,monthly,fast_churn,REP-030,EMP-0312,Churned,2025-03-31,7625.13
CUST-01260,Eskildsen HVAC LLC,SMB,22,Southwest,2024-12-23,Partner / Referral,annual,steady,REP-030,EMP-0289,Active,,7245.00
CUST-01261,Ashworth Plumbing & Heating Holdings,SMB,21,West,2024-12-14,Inbound - Organic,monthly,land_and_expand,REP-030,EMP-0033,Active,,7252.91
CUST-01262,Brannigan Glass & Glazing Partners,SMB,26,Northeast,2024-12-12,Partner / Referral,annual,land_and_expand,REP-038,EMP-0148,Churned,2025-12-11,10316.54
CUST-01263,Ozark Boiler Works Partners,SMB,15,Mid-Atlantic,2024-12-11,Partner / Referral,monthly,expand_then_contract,REP-037,EMP-0106,Churned,2025-09-30,6111.16
CUST-01264,Ingersoll Pipefitting Inc.,SMB,21,West,2024-12-14,Inbound - Paid,monthly,land_and_expand,REP-030,EMP-0154,Active,,9621.71
CUST-01265,Delgado Roofing LLC,SMB,9,Mid-Atlantic,2024-12-22,Trade Show / Event,monthly,steady,REP-038,EMP-0081,Active,,6591.11
CUST-01266,Wasatch Fire & Life Safety Group,SMB,32,Southwest,2024-12-01,Outbound - SDR,annual,slow_decay,REP-038,EMP-0106,Churned,2025-11-30,15956.40
CUST-01267,Rasmussen Refrigeration Corp.,SMB,13,Southwest,2024-12-08,Inbound - Organic,annual,fast_churn,REP-035,EMP-0141,Churned,2025-12-07,5478.63
CUST-01268,Boyington Electrical Contractors Partners,SMB,13,Great Lakes,2024-12-31,Partner / Referral,monthly,steady,REP-038,EMP-0238,Active,,2799.62
CUST-01269,Thibodeaux Mechanical Systems,SMB,13,West,2024-12-26,Outbound - SDR,monthly,fast_churn,REP-038,EMP-0315,Churned,2026-04-30,5305.07
CUST-01270,Nakashima Elevator Services,SMB,21,Southwest,2024-12-22,Outbound - SDR,annual,steady,REP-038,EMP-0103,Active,,8133.41
CUST-01271,Rasmussen Electrical Contractors Partners,SMB,9,Mid-Atlantic,2024-12-31,Inbound - Paid,monthly,steady,REP-038,EMP-0240,Active,,3513.68
CUST-01272,Silverpoint Energy Services Co.,SMB,9,Canada,2024-12-28,Partner / Referral,annual,slow_decay,REP-038,EMP-0154,Active,,6183.12
CUST-01273,Harborview Fire Protection LLC,SMB,8,Southwest,2024-12-19,Partner / Referral,monthly,expand_then_contract,REP-030,EMP-0080,Churned,2026-01-31,2717.81
CUST-01274,Palouse Glass & Glazing Holdings,SMB,10,Mountain,2024-12-14,Inbound - Paid,monthly,slow_decay,REP-037,EMP-0106,Churned,2025-04-30,3921.80
CUST-01275,Front Range Heating & Air Holdings,Mid-Market,242,Southeast,2024-01-30,Outbound - SDR,annual,land_and_expand,REP-032,EMP-0172,Active,,40212.97
CUST-01276,Meridian HVAC Group,Mid-Market,84,Mid-Atlantic,2024-01-27,Partner / Referral,annual,fast_churn,REP-007,EMP-0291,Churned,2025-01-26,31149.41
CUST-01277,Chesapeake Industrial Services,Mid-Market,102,Mid-Atlantic,2024-01-18,Trade Show / Event,annual,land_and_expand,REP-023,EMP-0238,Active,,49592.63
CUST-01278,Blackhawk Heating & Air,Mid-Market,107,Southwest,2024-01-20,Partner / Referral,annual,steady,REP-032,EMP-0245,Churned,2025-01-19,33806.98
CUST-01279,Stavros Security Systems,Mid-Market,234,Southeast,2024-02-20,Outbound - SDR,annual,land_and_expand,REP-026,EMP-0070,Active,,32049.88
CUST-01280,Marchetti Glass & Glazing Holdings,Mid-Market,63,Canada,2024-02-07,Partner / Referral,annual,steady,REP-007,EMP-0291,Active,,14124.93
CUST-01281,Rasmussen Facility Services Partners,Mid-Market,167,Mountain,2024-02-10,Trade Show / Event,annual,expand_then_contract,REP-032,EMP-0022,Active,,43601.86
CUST-01282,Summit Line Pipefitting,Mid-Market,242,South Central,2024-02-05,Outbound - SDR,annual,expand_then_contract,REP-032,EMP-0182,Active,,42528.67
CUST-01283,Lomeli Energy Services & Sons,Mid-Market,78,West,2024-03-28,Outbound - SDR,annual,expand_then_contract,REP-026,EMP-0240,Active,,15651.82
CUST-01284,Sierra Nevada Restoration & Sons,Mid-Market,82,Mid-Atlantic,2024-03-31,Inbound - Paid,annual,steady,REP-032,EMP-0148,Active,,15817.97
CUST-01285,Fieldstone Controls,Mid-Market,90,Northeast,2024-03-09,Outbound - SDR,annual,land_and_expand,REP-018,EMP-0171,Active,,32476.68
CUST-01286,Kettle Moraine Plumbing & Heating Co.,Mid-Market,125,West,2024-03-29,Outbound - SDR,annual,steady,REP-007,EMP-0315,Active,,21631.59
CUST-01287,Fraser Valley Fire & Life Safety,Mid-Market,133,South Central,2024-03-30,Inbound - Paid,annual,steady,REP-032,EMP-0238,Churned,2026-03-29,16695.10
CUST-01288,Bitterroot Pipefitting Corp.,Mid-Market,61,Mid-Atlantic,2024-04-28,Inbound - Organic,annual,slow_decay,REP-032,EMP-0096,Churned,2025-04-27,11204.09
CUST-01289,Holloway Industrial Services Inc.,Mid-Market,68,Midwest,2024-04-25,Inbound - Organic,annual,expand_then_contract,REP-010,EMP-0022,Churned,2025-04-24,10816.12
CUST-01290,Ackerley Plumbing & Heating & Sons,Mid-Market,152,Northeast,2024-04-25,Outbound - SDR,multi_year,fast_churn,REP-007,EMP-0225,Active,,44183.91
CUST-01291,Anchor Bay Mechanical,Mid-Market,87,Mid-Atlantic,2024-05-27,Inbound - Paid,annual,steady,REP-007,EMP-0032,Active,,13596.75
CUST-01292,Ruzicka Property Services Holdings,Mid-Market,113,South Central,2024-05-20,Inbound - Paid,annual,steady,REP-007,EMP-0080,Active,,46364.23
CUST-01293,Copperfield HVAC Co.,Mid-Market,219,Southwest,2024-05-05,Trade Show / Event,multi_year,steady,REP-026,EMP-0178,Active,,40314.72
CUST-01294,Stonebridge Mechanical Systems,Mid-Market,171,Southeast,2024-06-25,Inbound - Organic,annual,land_and_expand,REP-032,EMP-0178,Active,,22809.82
CUST-01295,Adirondack Energy Services,Mid-Market,146,Southwest,2024-06-04,Outbound - SDR,annual,steady,REP-026,EMP-0154,Active,,24683.73
CUST-01296,Silverpoint Elevator Services,Mid-Market,152,West,2024-06-25,Outbound - SDR,monthly,land_and_expand,REP-018,EMP-0182,Active,,14988.29
CUST-01297,Gallardo Heating & Air,Mid-Market,199,Mountain,2024-06-29,Partner / Referral,annual,churn_and_return,REP-010,EMP-0240,Active,,28926.85
CUST-01298,Fieldstone Utility Services Co.,Mid-Market,248,West,2024-07-26,Partner / Referral,annual,land_and_expand,REP-010,EMP-0315,Active,,78363.46
CUST-01299,Summit Line Boiler Works Group,Mid-Market,141,South Central,2024-07-26,Trade Show / Event,annual,steady,REP-010,EMP-0240,Active,,26069.23
CUST-01300,Silverpoint Controls & Sons,Mid-Market,82,Southwest,2024-07-31,Partner / Referral,annual,steady,REP-032,EMP-0103,Active,,15096.82
CUST-01301,Chesapeake Refrigeration Co.,Mid-Market,272,Mid-Atlantic,2024-08-29,Partner / Referral,annual,land_and_expand,REP-026,EMP-0022,Active,,59903.73
CUST-01302,Blackhawk Industrial Services,Mid-Market,88,Mid-Atlantic,2024-08-26,Inbound - Organic,annual,fast_churn,REP-032,EMP-0106,Churned,2025-08-25,25138.98
CUST-01303,Northrup Glass & Glazing Inc.,Mid-Market,53,Northeast,2024-08-28,Outbound - SDR,annual,expand_then_contract,REP-018,EMP-0289,Active,,9460.31
CUST-01304,Bitterroot Plumbing & Heating,Mid-Market,106,Mid-Atlantic,2024-09-27,Inbound - Paid,annual,expand_then_contract,REP-018,EMP-0096,Active,,19598.96
CUST-01305,Sierra Nevada Elevator Services Corp.,Mid-Market,85,Canada,2024-09-25,Inbound - Organic,multi_year,land_and_expand,REP-010,EMP-0119,Active,,21992.07
CUST-01306,Harborview Roofing,Mid-Market,100,Southeast,2024-09-28,Inbound - Paid,annual,land_and_expand,REP-026,EMP-0139,Active,,17884.26
CUST-01307,Okonkwo Mechanical Holdings,Mid-Market,97,Mid-Atlantic,2024-10-29,Outbound - SDR,annual,steady,REP-010,EMP-0171,Active,,34422.65
CUST-01308,Jessup Mechanical Systems LLC,Mid-Market,60,West,2024-10-02,Inbound - Paid,annual,land_and_expand,REP-010,EMP-0148,Churned,2025-10-01,12951.60
CUST-01309,Fontaine HVAC,Mid-Market,188,Great Lakes,2024-10-20,Trade Show / Event,annual,land_and_expand,REP-026,EMP-0103,Active,,28390.52
CUST-01310,Brazos Boiler Works Holdings,Mid-Market,127,Great Lakes,2024-11-09,Inbound - Paid,annual,steady,REP-041,EMP-0154,Active,,32304.46
CUST-01311,Whitcomb Mechanical Contractors Services,Mid-Market,70,South Central,2024-11-23,Outbound - SDR,annual,fast_churn,REP-018,EMP-0119,Churned,2025-11-22,16800.38
CUST-01312,Delgado Fire Protection,Mid-Market,55,Great Lakes,2024-11-30,Trade Show / Event,annual,land_and_expand,REP-039,EMP-0263,Active,,14501.07
CUST-01313,Mahoney Boiler Works Group,Mid-Market,112,Northeast,2024-11-04,Outbound - SDR,annual,fast_churn,REP-026,EMP-0182,Churned,2025-11-03,20330.04
CUST-01314,Copperfield Building Services LLC,Mid-Market,142,Southeast,2024-12-31,Partner / Referral,annual,steady,REP-039,EMP-0070,Active,,44860.78
CUST-01315,Uphoff Landscape Services Holdings,Mid-Market,362,Midwest,2024-12-25,Inbound - Paid,annual,steady,REP-010,EMP-0042,Active,,49215.05
CUST-01316,Rio Grande Plumbing Services,Mid-Market,84,Mountain,2024-12-30,Inbound - Organic,annual,land_and_expand,REP-032,EMP-0289,Active,,12920.30
CUST-01317,Adirondack Building Services Partners,Mid-Market,396,Southwest,2024-12-28,Trade Show / Event,monthly,land_and_expand,REP-041,EMP-0238,Active,,101652.91
CUST-01318,Draeger Property Services,Mid-Market,88,South Central,2024-12-29,Inbound - Paid,annual,expand_then_contract,REP-026,EMP-0131,Active,,20229.98
CUST-01319,Harborview Property Services,Mid-Market,181,Canada,2024-12-30,Inbound - Paid,annual,steady,REP-032,EMP-0096,Active,,51963.01
CUST-01320,Wasatch Restoration,Mid-Market,78,South Central,2024-12-29,Outbound - SDR,annual,steady,REP-039,EMP-0131,Active,,12895.75
CUST-01321,Whitcomb Electric Holdings,Mid-Market,154,Southwest,2024-12-09,Inbound - Paid,annual,land_and_expand,REP-040,EMP-0153,Active,,27517.70
CUST-01322,Rasmussen Security Systems Holdings,Enterprise,1568,South Central,2024-01-24,Trade Show / Event,multi_year,expand_then_contract,REP-014,EMP-0172,Active,,252805.69
CUST-01323,Lantern Plumbing Corp.,Enterprise,709,Southwest,2024-02-28,Trade Show / Event,multi_year,land_and_expand,REP-014,EMP-0103,Active,,149726.01
CUST-01324,Sierra Nevada Energy Services Group,Enterprise,2311,Great Lakes,2024-03-21,Partner / Referral,multi_year,land_and_expand,REP-033,EMP-0258,Active,,432632.39
CUST-01325,Gulf Coast Mechanical Systems,Enterprise,728,Midwest,2024-04-15,Inbound - Organic,multi_year,expand_then_contract,REP-029,EMP-0289,Active,,99911.96
CUST-01326,Kowalczyk Plumbing,Enterprise,955,Canada,2024-05-14,Trade Show / Event,multi_year,land_and_expand,REP-029,EMP-0042,Active,,180761.79
CUST-01327,Allegheny Glass & Glazing Holdings,Enterprise,964,South Central,2024-06-06,Outbound - SDR,annual,steady,REP-029,EMP-0303,Active,,225501.43
CUST-01328,Marchetti Electrical Contractors,Enterprise,738,West,2024-09-25,Outbound - SDR,annual,expand_then_contract,REP-044,EMP-0317,Active,,174091.51
CUST-01329,Ostrowski Mechanical,Enterprise,1262,Canada,2024-10-26,Outbound - SDR,annual,slow_decay,REP-029,EMP-0322,Churned,2025-10-25,252620.63
CUST-01330,Okanagan Elevator Services Partners,Enterprise,1380,Mountain,2024-11-25,Partner / Referral,multi_year,slow_decay,REP-029,EMP-0096,Active,,227905.81
CUST-01331,Ferreira Mechanical Contractors Co.,Enterprise,1790,Canada,2024-12-27,Outbound - SDR,multi_year,land_and_expand,REP-029,EMP-0022,Active,,593709.32
CUST-01332,Ostrowski Mechanical Contractors Group,Enterprise,698,West,2024-12-27,Trade Show / Event,multi_year,land_and_expand,REP-029,EMP-0301,Active,,111094.29
CUST-01333,Pemberton HVAC,SMB,22,Northeast,2025-01-28,Partner / Referral,annual,expand_then_contract,REP-038,EMP-0022,Active,,6979.13
CUST-01334,Coastal Bend Mechanical,SMB,42,Southwest,2025-01-14,Inbound - Paid,monthly,slow_decay,REP-038,EMP-0022,Churned,2025-06-30,18352.86
CUST-01335,Kowalczyk Elevator Services Group,SMB,21,Southeast,2025-01-07,Trade Show / Event,annual,fast_churn,REP-037,EMP-0080,Churned,2026-01-06,9104.12
CUST-01336,Blackhawk Mechanical Holdings,SMB,14,Canada,2025-01-29,Inbound - Organic,annual,land_and_expand,REP-030,EMP-0301,Active,,6046.08
CUST-01337,Puget Sound Refrigeration Group,SMB,7,West,2025-01-27,Outbound - SDR,monthly,steady,REP-043,EMP-0080,Churned,2025-03-31,3744.26
CUST-01338,Jankowski Building Services,SMB,21,Great Lakes,2025-01-10,Inbound - Organic,annual,expand_then_contract,REP-038,EMP-0022,Churned,2026-01-09,15019.88
CUST-01339,Rio Grande Facilities Group Inc.,SMB,12,West,2025-01-29,Inbound - Paid,monthly,churn_and_return,REP-037,EMP-0171,Active,,8429.25
CUST-01340,Vandermeer Energy Services Partners,SMB,10,Great Lakes,2025-01-17,Partner / Referral,monthly,steady,REP-038,EMP-0238,Active,,7710.16
CUST-01341,Cascade Controls Co.,SMB,24,Canada,2025-01-28,Outbound - SDR,monthly,steady,REP-038,EMP-0153,Churned,2025-03-31,10721.78
CUST-01342,Delgado Fire Protection Group,SMB,15,Midwest,2025-01-28,Partner / Referral,monthly,fast_churn,REP-038,EMP-0153,Churned,2025-03-31,9153.22
CUST-01343,Brazos Boiler Works Services,SMB,8,West,2025-01-28,Inbound - Organic,monthly,land_and_expand,REP-038,EMP-0080,Active,,4344.82
CUST-01344,Jankowski Facility Services,SMB,26,West,2025-01-27,Inbound - Paid,monthly,land_and_expand,REP-030,EMP-0238,Active,,9252.53
CUST-01345,Eskildsen Facilities Group,SMB,44,Midwest,2025-01-31,Inbound - Organic,monthly,churn_and_return,REP-038,EMP-0301,Active,,10103.05
CUST-01346,Gallardo Refrigeration Services,SMB,21,Midwest,2025-02-14,Inbound - Organic,monthly,steady,REP-043,EMP-0225,Churned,2026-06-30,5322.45
CUST-01347,Silverpoint Security Systems Group,SMB,5,Great Lakes,2025-02-27,Inbound - Organic,monthly,fast_churn,REP-030,EMP-0225,Churned,2025-03-31,2022.20
CUST-01348,Red River Boiler Works Co.,SMB,29,South Central,2025-02-25,Inbound - Paid,monthly,fast_churn,REP-030,EMP-0178,Churned,2025-03-31,8768.19
CUST-01349,Keystone Mechanical Systems,SMB,17,Mountain,2025-02-25,Partner / Referral,monthly,steady,REP-030,EMP-0240,Active,,9592.80
CUST-01350,Nakashima Property Services Group,SMB,34,Midwest,2025-02-02,Inbound - Paid,annual,slow_decay,REP-030,EMP-0172,Churned,2026-02-01,17188.53
CUST-01351,Teton Boiler Works Co.,SMB,15,Northeast,2025-02-07,Inbound - Paid,monthly,steady,REP-037,EMP-0042,Active,,8832.36
CUST-01352,Grimaldi HVAC LLC,SMB,13,West,2025-02-26,Inbound - Organic,monthly,steady,REP-037,EMP-0042,Active,,2594.58
CUST-01353,Chaudhry Glass & Glazing,SMB,19,Mid-Atlantic,2025-02-25,Trade Show / Event,annual,steady,REP-030,EMP-0182,Active,,7768.48
CUST-01354,Marchetti HVAC Group,SMB,8,Southwest,2025-02-28,Inbound - Paid,monthly,fast_churn,REP-038,EMP-0070,Churned,2025-03-31,2930.40
CUST-01355,Okanagan Utility Services Partners,SMB,14,South Central,2025-02-03,Inbound - Paid,annual,steady,REP-038,EMP-0154,Active,,6212.29
CUST-01356,Kettle Moraine Property Services,SMB,46,Northeast,2025-02-20,Inbound - Paid,monthly,fast_churn,REP-037,EMP-0119,Churned,2025-08-31,22288.30
CUST-01357,Lowcountry Mechanical Co.,SMB,9,Southeast,2025-02-25,Partner / Referral,monthly,land_and_expand,REP-043,EMP-0219,Active,,3458.60
CUST-01358,Sandhills Electrical Contractors Co.,SMB,48,Midwest,2025-02-09,Outbound - SDR,annual,expand_then_contract,REP-038,EMP-0213,Active,,29384.56
CUST-01359,Allegheny Mechanical Inc.,SMB,26,Canada,2025-03-29,Partner / Referral,annual,fast_churn,REP-030,EMP-0301,Churned,2026-03-28,13347.23
CUST-01360,Ironbridge Roofing LLC,SMB,17,South Central,2025-03-17,Inbound - Organic,monthly,steady,REP-037,EMP-0199,Active,,6327.60
CUST-01361,Ironbridge Refrigeration Inc.,SMB,15,Southwest,2025-03-16,Inbound - Paid,monthly,slow_decay,REP-037,EMP-0182,Churned,2026-06-30,9016.49
CUST-01362,Palouse Air Systems Services,SMB,24,Canada,2025-03-30,Partner / Referral,monthly,steady,REP-038,EMP-0154,Active,,8558.01
CUST-01363,Ferreira Electric Group,SMB,5,Northeast,2025-03-30,Outbound - SDR,monthly,fast_churn,REP-043,EMP-0103,Churned,2025-06-30,2193.82
CUST-01364,Cornerstone Mechanical Contractors,SMB,13,Southwest,2025-03-16,Inbound - Organic,monthly,fast_churn,REP-043,EMP-0199,Churned,2025-04-30,6313.76
CUST-01365,Uphoff Plumbing & Heating Corp.,SMB,11,Southeast,2025-03-28,Trade Show / Event,monthly,expand_then_contract,REP-037,EMP-0033,Churned,2026-06-30,4838.03
CUST-01366,Holloway Plumbing & Heating,SMB,21,Southwest,2025-03-04,Inbound - Paid,monthly,fast_churn,REP-038,EMP-0219,Churned,2026-01-31,8871.01
CUST-01367,Redstone Refrigeration Services,SMB,33,Canada,2025-03-12,Inbound - Paid,monthly,steady,REP-038,EMP-0225,Active,,13278.57
CUST-01368,Granite Peak Electrical Contractors LLC,SMB,11,Southwest,2025-03-30,Outbound - SDR,monthly,steady,REP-037,EMP-0263,Active,,7691.06
CUST-01369,Copperfield Fire Protection Corp.,SMB,10,Northeast,2025-03-21,Inbound - Organic,monthly,land_and_expand,REP-038,EMP-0153,Active,,6726.84
CUST-01370,Oyelaran Building Services Inc.,SMB,23,South Central,2025-03-23,Partner / Referral,annual,steady,REP-038,EMP-0213,Active,,7566.17
CUST-01371,Coastal Bend Energy Services Corp.,SMB,5,South Central,2025-03-26,Inbound - Paid,annual,land_and_expand,REP-030,EMP-0096,Active,,2733.66
CUST-01372,Jessup Air Systems Group,SMB,22,Mountain,2025-03-01,Outbound - SDR,monthly,expand_then_contract,REP-035,EMP-0199,Active,,10077.84
CUST-01373,Hudson Valley Facilities Group,SMB,14,Southeast,2025-03-28,Inbound - Organic,monthly,steady,REP-037,EMP-0258,Active,,4963.27
CUST-01374,Jessup Utility Services Group,SMB,6,Mid-Atlantic,2025-03-26,Outbound - SDR,monthly,steady,REP-030,EMP-0153,Churned,2025-04-30,2617.03
CUST-01375,Keystone Pipefitting,SMB,15,West,2025-03-30,Trade Show / Event,monthly,steady,REP-035,EMP-0131,Churned,2025-11-30,11591.65
CUST-01376,Marchetti Mechanical,SMB,21,Mountain,2025-03-14,Partner / Referral,monthly,expand_then_contract,REP-037,EMP-0258,Churned,2026-04-30,10573.19
CUST-01377,Sonoran Electric Corp.,SMB,26,Midwest,2025-03-24,Outbound - SDR,monthly,fast_churn,REP-038,EMP-0141,Churned,2025-07-31,9324.55
CUST-01378,Ostrowski Fire & Life Safety Partners,SMB,20,Southeast,2025-03-20,Inbound - Organic,monthly,land_and_expand,REP-030,EMP-0301,Churned,2025-04-30,10874.57
CUST-01379,Riverworks Roofing,SMB,24,Mountain,2025-03-28,Inbound - Organic,annual,fast_churn,REP-043,EMP-0317,Active,,12518.57
CUST-01380,Lindqvist Fire & Life Safety Holdings,SMB,19,West,2025-04-27,Partner / Referral,monthly,steady,REP-043,EMP-0317,Active,,9595.18
CUST-01381,Thibodeaux Roofing & Sons,SMB,19,Southeast,2025-04-21,Inbound - Paid,monthly,land_and_expand,REP-038,EMP-0148,Active,,9399.46
CUST-01382,Copperfield Fire & Life Safety & Sons,SMB,18,Mountain,2025-04-27,Inbound - Paid,monthly,steady,REP-035,EMP-0178,Active,,11621.13
CUST-01383,Mulcahy Sheet Metal Group,SMB,5,Mid-Atlantic,2025-04-29,Outbound - SDR,monthly,fast_churn,REP-030,EMP-0154,Churned,2025-10-31,1902.27
CUST-01384,Klamath Boiler Works Group,SMB,27,Midwest,2025-04-29,Trade Show / Event,annual,steady,REP-038,EMP-0322,Active,,11591.61
CUST-01385,Bellamy Electric,SMB,27,Midwest,2025-04-17,Inbound - Organic,monthly,steady,REP-038,EMP-0033,Active,,8331.89
CUST-01386,Delgado Fire & Life Safety LLC,SMB,8,Northeast,2025-04-26,Inbound - Paid,monthly,steady,REP-038,EMP-0219,Active,,4380.46
CUST-01387,Prentice Air Systems,SMB,18,Southeast,2025-04-25,Inbound - Paid,monthly,slow_decay,REP-038,EMP-0131,Churned,2025-12-31,11395.71
CUST-01388,Zamora Fire Protection Inc.,SMB,8,South Central,2025-04-30,Partner / Referral,monthly,churn_and_return,REP-030,EMP-0171,Churned,2025-11-30,3701.04
CUST-01389,Clearwater Facilities Group Corp.,SMB,6,South Central,2025-04-29,Inbound - Paid,annual,steady,REP-038,EMP-0322,Churned,2026-04-28,2763.56
CUST-01390,Rio Grande HVAC Holdings,SMB,33,Southwest,2025-04-28,Partner / Referral,monthly,fast_churn,REP-035,EMP-0154,Active,,20190.91
CUST-01391,Chaudhry Roofing,SMB,10,Mid-Atlantic,2025-04-23,Partner / Referral,monthly,expand_then_contract,REP-037,EMP-0213,Active,,5070.57
CUST-01392,Granite Peak Sheet Metal LLC,SMB,16,Midwest,2025-04-25,Inbound - Paid,monthly,expand_then_contract,REP-038,EMP-0119,Active,,6041.13
CUST-01393,Delgado Utility Services,SMB,17,Canada,2025-05-27,Inbound - Organic,annual,fast_churn,REP-038,EMP-0301,Churned,2026-05-26,13142.18
CUST-01394,Castellano Fire Protection Holdings,SMB,13,Southwest,2025-05-31,Inbound - Organic,monthly,steady,REP-038,EMP-0315,Active,,4564.53
CUST-01395,Okonkwo Restoration Holdings,SMB,11,Northeast,2025-05-12,Inbound - Paid,annual,steady,REP-038,EMP-0119,Active,,8000.43
CUST-01396,Hutchins Pipefitting Holdings,SMB,35,Northeast,2025-05-28,Inbound - Paid,monthly,expand_then_contract,REP-038,EMP-0154,Active,,20719.06
CUST-01397,Mohawk Valley Sheet Metal LLC,SMB,8,Midwest,2025-05-26,Partner / Referral,monthly,churn_and_return,REP-037,EMP-0291,Active,,3008.91
CUST-01398,Summit Line Electric Co.,SMB,8,Mid-Atlantic,2025-05-28,Inbound - Paid,monthly,steady,REP-038,EMP-0154,Active,,3732.63
CUST-01399,Riverworks Facility Services Services,SMB,13,Southwest,2025-05-29,Partner / Referral,monthly,expand_then_contract,REP-048,EMP-0238,Churned,2026-06-30,4274.56
CUST-01400,Coastal Bend Pipefitting Corp.,SMB,16,Southwest,2025-05-11,Inbound - Organic,monthly,fast_churn,REP-030,EMP-0284,Churned,2025-08-31,7277.55
CUST-01401,Fontaine Electrical Contractors,SMB,23,Midwest,2025-05-01,Inbound - Paid,monthly,steady,REP-030,EMP-0301,Churned,2025-09-30,9298.77
CUST-01402,Ashworth Utility Services Partners,SMB,9,Midwest,2025-05-19,Inbound - Organic,annual,steady,REP-038,EMP-0154,Active,,3597.65
CUST-01403,Palouse Utility Services & Sons,SMB,24,Southeast,2025-05-07,Inbound - Organic,monthly,expand_then_contract,REP-038,EMP-0148,Churned,2026-01-31,10826.11
CUST-01404,Prentice Electric Partners,SMB,31,Southeast,2025-05-28,Outbound - SDR,monthly,slow_decay,REP-030,EMP-0148,Churned,2025-09-30,16708.85
CUST-01405,Brannigan Mechanical Contractors,SMB,15,Midwest,2025-05-30,Inbound - Paid,annual,land_and_expand,REP-037,EMP-0303,Active,,5850.24
CUST-01406,Yarborough Mechanical,SMB,45,Great Lakes,2025-06-24,Outbound - SDR,monthly,recent_new_logo,REP-038,EMP-0245,Active,,14615.83
CUST-01407,Adirondack Fire & Life Safety Inc.,SMB,16,Great Lakes,2025-06-29,Partner / Referral,monthly,fast_churn,REP-030,EMP-0033,Churned,2026-04-30,8464.52
CUST-01408,Marchetti Air Systems Partners,SMB,37,West,2025-06-17,Trade Show / Event,monthly,fast_churn,REP-038,EMP-0291,Churned,2025-07-31,15534.51
CUST-01409,Puget Sound Fire Protection,SMB,32,Great Lakes,2025-06-30,Outbound - SDR,monthly,fast_churn,REP-038,EMP-0032,Churned,2025-07-31,17863.75
CUST-01410,Cornerstone Pipefitting & Sons,SMB,30,Mid-Atlantic,2025-06-01,Inbound - Paid,monthly,fast_churn,REP-035,EMP-0272,Churned,2025-07-31,15797.38
CUST-01411,Meridian Mechanical Group,SMB,14,South Central,2025-06-27,Inbound - Organic,annual,slow_decay,REP-038,EMP-0032,Churned,2026-06-26,8109.09
CUST-01412,Ferreira Controls,SMB,23,West,2025-06-01,Inbound - Organic,annual,land_and_expand,REP-038,EMP-0080,Active,,10011.92
CUST-01413,Annapolis Valley Heating & Air Partners,SMB,26,Mid-Atlantic,2025-06-14,Inbound - Organic,annual,steady,REP-037,EMP-0312,Active,,11211.56
CUST-01414,Chaudhry Boiler Works Co.,SMB,46,Southeast,2025-06-29,Inbound - Organic,monthly,recent_new_logo,REP-030,EMP-0153,Active,,21220.79
CUST-01415,Sandhills Energy Services,SMB,13,Northeast,2025-06-15,Outbound - SDR,annual,steady,REP-030,EMP-0103,Churned,2026-06-14,7174.20
CUST-01416,Fraser Valley Mechanical Systems & Sons,SMB,20,Midwest,2025-06-30,Trade Show / Event,monthly,recent_new_logo,REP-038,EMP-0080,Active,,11503.10
CUST-01417,Holloway Mechanical Contractors Partners,SMB,29,Northeast,2025-06-27,Outbound - SDR,annual,land_and_expand,REP-030,EMP-0199,Active,,10608.60
CUST-01418,Klamath Property Services & Sons,SMB,28,Southeast,2025-06-27,Inbound - Organic,monthly,fast_churn,REP-030,EMP-0272,Churned,2025-11-30,17653.07
CUST-01419,Mahoney Building Services,SMB,20,South Central,2025-06-28,Trade Show / Event,monthly,recent_new_logo,REP-038,EMP-0240,Active,,13603.35
CUST-01420,Teton Controls Holdings,SMB,30,Mid-Atlantic,2025-06-01,Inbound - Paid,monthly,land_and_expand,REP-030,EMP-0103,Churned,2026-05-31,10621.83
CUST-01421,Coastal Bend Plumbing & Heating Services,SMB,29,South Central,2025-07-29,Inbound - Paid,monthly,fast_churn,REP-038,EMP-0289,Churned,2025-12-31,11489.05
CUST-01422,Blackhawk Facility Services & Sons,SMB,17,West,2025-07-27,Partner / Referral,multi_year,recent_new_logo,REP-038,EMP-0104,Active,,8605.96
CUST-01423,Allegheny Heating & Air & Sons,SMB,13,South Central,2025-07-23,Inbound - Paid,monthly,recent_new_logo,REP-030,EMP-0022,Active,,5660.77
CUST-01424,Oyelaran Fire & Life Safety,SMB,19,Mountain,2025-07-04,Partner / Referral,monthly,recent_new_logo,REP-038,EMP-0032,Active,,6623.50
CUST-01425,Puget Sound Energy Services Partners,SMB,22,Northeast,2025-07-08,Partner / Referral,monthly,churn_and_return,REP-038,EMP-0272,Churned,2026-04-30,7114.55
CUST-01426,Brightline Plumbing & Heating Partners,SMB,12,Canada,2025-07-27,Inbound - Organic,monthly,recent_new_logo,REP-030,EMP-0032,Active,,7169.72
CUST-01427,Redstone Building Services,SMB,11,Canada,2025-07-12,Inbound - Paid,annual,recent_new_logo,REP-038,EMP-0096,Active,,4410.18
CUST-01428,Mohawk Valley Facility Services Corp.,SMB,12,Great Lakes,2025-07-22,Outbound - SDR,monthly,recent_new_logo,REP-038,EMP-0032,Active,,4009.12
CUST-01429,Wabash Building Services,SMB,5,Mid-Atlantic,2025-07-01,Partner / Referral,annual,expand_then_contract,REP-038,EMP-0199,Churned,2026-06-30,2805.75
CUST-01430,Silverpoint Restoration Co.,SMB,15,Southwest,2025-07-31,Inbound - Paid,annual,recent_new_logo,REP-038,EMP-0154,Active,,5801.02
CUST-01431,Mulcahy Energy Services Holdings,SMB,17,Mountain,2025-08-01,Outbound - SDR,annual,recent_new_logo,REP-037,EMP-0322,Active,,7808.03
CUST-01432,Yarborough Building Services Services,SMB,34,South Central,2025-08-27,Inbound - Paid,monthly,recent_new_logo,REP-038,EMP-0213,Active,,21507.71
CUST-01433,Keystone Electric Inc.,SMB,18,Canada,2025-08-01,Inbound - Organic,monthly,fast_churn,REP-038,EMP-0291,Churned,2026-01-31,8991.15
CUST-01434,Kowalczyk Pipefitting Holdings,SMB,32,Great Lakes,2025-08-27,Inbound - Paid,monthly,recent_new_logo,REP-030,EMP-0081,Active,,14076.34
CUST-01435,Panhandle Utility Services Co.,SMB,5,Southwest,2025-08-28,Inbound - Paid,annual,recent_new_logo,REP-030,EMP-0263,Active,,2150.07
CUST-01436,Chaudhry Sheet Metal Group,SMB,23,Northeast,2025-08-06,Outbound - SDR,monthly,steady,REP-030,EMP-0178,Churned,2026-05-31,8743.44
CUST-01437,Thibodeaux Fire Protection Holdings,SMB,46,Southeast,2025-08-16,Outbound - SDR,annual,recent_new_logo,REP-038,EMP-0312,Active,,16051.23
CUST-01438,Chesapeake Fire Protection Corp.,SMB,23,South Central,2025-08-28,Inbound - Organic,annual,recent_new_logo,REP-038,EMP-0042,Active,,9879.51
CUST-01439,Rio Grande Elevator Services Corp.,SMB,19,Midwest,2025-08-05,Outbound - SDR,annual,recent_new_logo,REP-038,EMP-0178,Active,,8175.40
CUST-01440,Brannigan Boiler Works,SMB,7,Midwest,2025-08-30,Inbound - Organic,annual,recent_new_logo,REP-030,EMP-0022,Active,,4041.37
CUST-01441,Kearney Refrigeration Services,SMB,18,West,2025-09-26,Outbound - SDR,monthly,expand_then_contract,REP-038,EMP-0172,Churned,2025-11-30,7629.44
CUST-01442,Jankowski Roofing Group,SMB,8,Mountain,2025-09-26,Inbound - Organic,monthly,recent_new_logo,REP-038,EMP-0240,Active,,5029.84
CUST-01443,Petrosian Utility Services Corp.,SMB,10,Southwest,2025-09-27,Outbound - SDR,annual,recent_new_logo,REP-037,EMP-0258,Active,,2149.27
CUST-01444,Hutchins HVAC Holdings,SMB,35,Southwest,2025-09-26,Inbound - Organic,monthly,recent_new_logo,REP-037,EMP-0315,Active,,17236.20
CUST-01445,Kettle Moraine HVAC Group,SMB,20,Northeast,2025-09-03,Partner / Referral,annual,recent_new_logo,REP-038,EMP-0289,Active,,10529.20
CUST-01446,Eskildsen Mechanical,SMB,11,Southwest,2025-09-07,Outbound - SDR,monthly,churn_and_return,REP-030,EMP-0317,Churned,2026-05-31,3517.62
CUST-01447,Fraser Valley Mechanical Contractors LLC,SMB,8,West,2025-09-26,Outbound - SDR,monthly,steady,REP-037,EMP-0153,Churned,2025-11-30,1962.39
CUST-01448,Rio Grande Controls Group,SMB,16,Mid-Atlantic,2025-09-27,Inbound - Organic,annual,recent_new_logo,REP-038,EMP-0042,Active,,8255.64
CUST-01449,Halvorsen Security Systems,SMB,9,South Central,2025-09-16,Partner / Referral,monthly,recent_new_logo,REP-035,EMP-0301,Active,,2044.34
CUST-01450,Shenandoah Restoration Co.,SMB,13,Great Lakes,2025-09-12,Inbound - Paid,monthly,recent_new_logo,REP-037,EMP-0171,Active,,9557.47
CUST-01451,Northgate Electrical Contractors Holdings,SMB,10,South Central,2025-09-28,Partner / Referral,annual,recent_new_logo,REP-030,EMP-0258,Active,,3721.34
CUST-01452,Northrup Roofing Partners,SMB,14,Southeast,2025-09-24,Inbound - Organic,annual,recent_new_logo,REP-037,EMP-0103,Active,,6765.88
CUST-01453,Stonebridge Restoration Co.,SMB,10,Canada,2025-09-30,Inbound - Paid,monthly,slow_decay,REP-038,EMP-0258,Churned,2025-11-30,5889.21
CUST-01454,Ironbridge Mechanical Systems,SMB,15,West,2025-10-28,Inbound - Organic,annual,recent_new_logo,REP-030,EMP-0182,Active,,8662.98
CUST-01455,Stavros Facilities Group Services,SMB,43,Great Lakes,2025-10-03,Inbound - Paid,multi_year,recent_new_logo,REP-038,EMP-0042,Active,,20829.90
CUST-01456,Mulcahy Fire Protection Group,SMB,13,Southwest,2025-10-02,Partner / Referral,annual,recent_new_logo,REP-038,EMP-0301,Active,,3309.20
CUST-01457,Jankowski Mechanical,SMB,19,Mountain,2025-10-30,Trade Show / Event,monthly,fast_churn,REP-038,EMP-0219,Churned,2025-11-30,7150.67
CUST-01458,Allegheny Plumbing Corp.,SMB,12,Southwest,2025-10-28,Outbound - SDR,annual,recent_new_logo,REP-030,EMP-0080,Active,,5521.01
CUST-01459,Halvorsen Mechanical Systems,SMB,19,Great Lakes,2025-10-02,Outbound - SDR,annual,recent_new_logo,REP-038,EMP-0104,Active,,11721.03
CUST-01460,Marchetti Elevator Services Inc.,SMB,31,South Central,2025-10-27,Trade Show / Event,monthly,recent_new_logo,REP-037,EMP-0154,Active,,19769.28
CUST-01461,Silverpoint Sheet Metal Partners,SMB,20,Midwest,2025-10-13,Partner / Referral,monthly,recent_new_logo,REP-038,EMP-0284,Active,,9806.41
CUST-01462,Bitterroot Fire & Life Safety Holdings,SMB,6,West,2025-10-29,Partner / Referral,monthly,slow_decay,REP-037,EMP-0213,Churned,2026-04-30,2183.64
CUST-01463,Ozark Landscape Services & Sons,SMB,27,Great Lakes,2025-10-31,Inbound - Organic,monthly,recent_new_logo,REP-035,EMP-0291,Active,,15221.46
CUST-01464,Sandhills Elevator Services,SMB,17,West,2025-10-07,Inbound - Organic,monthly,recent_new_logo,REP-038,EMP-0153,Active,,7001.74
CUST-01465,Kilbride Roofing Services,SMB,7,South Central,2025-10-26,Inbound - Paid,annual,recent_new_logo,REP-038,EMP-0172,Active,,3574.96
CUST-01466,Wasatch Boiler Works Services,SMB,36,South Central,2025-10-31,Inbound - Paid,monthly,fast_churn,REP-038,EMP-0131,Churned,2026-02-28,12482.75
CUST-01467,Castellano Fire & Life Safety Corp.,SMB,13,Northeast,2025-11-05,Partner / Referral,monthly,slow_decay,REP-030,EMP-0070,Churned,2026-06-30,5659.77
CUST-01468,Lindqvist Heating & Air,SMB,34,Southwest,2025-11-19,Partner / Referral,annual,recent_new_logo,REP-030,EMP-0022,Active,,16734.91
CUST-01469,Summit Line Air Systems Group,SMB,13,Southeast,2025-11-25,Inbound - Paid,annual,recent_new_logo,REP-038,EMP-0225,Active,,6010.63
CUST-01470,Annapolis Valley Boiler Works Co.,SMB,17,Northeast,2025-11-27,Outbound - SDR,monthly,recent_new_logo,REP-038,EMP-0263,Active,,6897.67
CUST-01471,Prentice Landscape Services LLC,SMB,30,Mid-Atlantic,2025-11-04,Inbound - Organic,annual,recent_new_logo,REP-030,EMP-0317,Active,,21707.49
CUST-01472,Nakashima Property Services Inc.,SMB,7,Northeast,2025-11-03,Outbound - SDR,annual,recent_new_logo,REP-038,EMP-0106,Active,,2591.99
CUST-01473,Ferreira Electrical Contractors Holdings,SMB,6,Mountain,2025-11-24,Inbound - Organic,annual,recent_new_logo,REP-038,EMP-0219,Active,,2787.58
CUST-01474,Clearwater Controls & Sons,SMB,34,Mid-Atlantic,2025-11-30,Inbound - Paid,monthly,recent_new_logo,REP-030,EMP-0219,Active,,22591.40
CUST-01475,Ironbridge Plumbing Partners,SMB,7,Great Lakes,2025-11-28,Inbound - Paid,monthly,recent_new_logo,REP-038,EMP-0219,Active,,2642.88
CUST-01476,Cumberland Industrial Services Co.,SMB,8,Canada,2025-11-27,Partner / Referral,monthly,recent_new_logo,REP-030,EMP-0213,Active,,3955.59
CUST-01477,Rio Grande Controls Holdings,SMB,42,South Central,2025-11-27,Inbound - Paid,monthly,recent_new_logo,REP-037,EMP-0081,Active,,20644.72
CUST-01478,Saskatoon Air Systems Holdings,SMB,12,South Central,2025-11-28,Inbound - Paid,monthly,recent_new_logo,REP-038,EMP-0171,Active,,4292.19
CUST-01479,Ashworth Mechanical,SMB,14,Southeast,2025-11-25,Outbound - SDR,annual,recent_new_logo,REP-038,EMP-0131,Active,,7335.04
CUST-01480,Lomeli Mechanical,SMB,10,South Central,2025-12-10,Inbound - Paid,annual,recent_new_logo,REP-037,EMP-0119,Active,,4855.32
CUST-01481,Brannigan Roofing Partners,SMB,13,Southeast,2025-12-11,Outbound - SDR,monthly,recent_new_logo,REP-038,EMP-0172,Active,,5072.08
CUST-01482,Harborview Landscape Services,SMB,40,Great Lakes,2025-12-31,Inbound - Paid,annual,recent_new_logo,REP-048,EMP-0245,Active,,26253.72
CUST-01483,Ironbridge Security Systems Partners,SMB,8,Canada,2025-12-30,Outbound - SDR,monthly,fast_churn,REP-035,EMP-0258,Churned,2026-01-31,2175.37
CUST-01484,Fontaine Refrigeration Corp.,SMB,17,Mid-Atlantic,2025-12-24,Trade Show / Event,multi_year,recent_new_logo,REP-030,EMP-0032,Active,,4167.71
CUST-01485,Mahoney Mechanical,SMB,23,West,2025-12-29,Inbound - Organic,monthly,recent_new_logo,REP-038,EMP-0106,Active,,9243.11
CUST-01486,Riverworks Mechanical Contractors,SMB,16,Canada,2025-12-06,Inbound - Paid,monthly,recent_new_logo,REP-030,EMP-0301,Active,,7702.59
CUST-01487,Annapolis Valley HVAC Holdings,SMB,22,Midwest,2025-12-31,Trade Show / Event,monthly,recent_new_logo,REP-038,EMP-0312,Active,,10153.87
CUST-01488,Iverson Refrigeration & Sons,SMB,17,South Central,2025-12-17,Inbound - Paid,monthly,recent_new_logo,REP-038,EMP-0178,Active,,5634.60
CUST-01489,Boyington Electrical Contractors Co.,SMB,20,Northeast,2025-12-29,Inbound - Paid,monthly,recent_new_logo,REP-048,EMP-0213,Active,,13785.14
CUST-01490,Ostrowski Refrigeration,SMB,38,Canada,2025-12-28,Inbound - Organic,monthly,steady,REP-038,EMP-0032,Churned,2026-04-30,25721.65
CUST-01491,Wabash Plumbing & Heating,SMB,15,Northeast,2025-12-29,Inbound - Organic,annual,recent_new_logo,REP-048,EMP-0284,Active,,14018.72
CUST-01492,Fieldstone Restoration & Sons,SMB,21,Southeast,2025-12-31,Inbound - Organic,monthly,expand_then_contract,REP-038,EMP-0317,Churned,2026-05-31,7681.49
CUST-01493,Cascade Fire Protection Group,SMB,26,Southeast,2025-12-27,Partner / Referral,monthly,recent_new_logo,REP-038,EMP-0303,Active,,14949.34
CUST-01494,Keystone Plumbing & Heating Partners,SMB,16,Mid-Atlantic,2025-12-29,Partner / Referral,annual,recent_new_logo,REP-030,EMP-0291,Active,,8137.33
CUST-01495,Meridian Plumbing & Sons,SMB,25,South Central,2025-12-18,Trade Show / Event,annual,recent_new_logo,REP-038,EMP-0213,Active,,11361.63
CUST-01496,Kowalczyk Pipefitting Partners,SMB,13,Southeast,2025-12-29,Partner / Referral,annual,recent_new_logo,REP-030,EMP-0033,Active,,4746.41
CUST-01497,Jessup Facilities Group,SMB,39,Mountain,2025-12-18,Inbound - Organic,annual,recent_new_logo,REP-038,EMP-0171,Active,,18000.96
CUST-01498,Holloway Fire & Life Safety & Sons,SMB,28,West,2025-12-19,Partner / Referral,monthly,recent_new_logo,REP-038,EMP-0096,Active,,8847.97
CUST-01499,Lowcountry Heating & Air LLC,SMB,17,Great Lakes,2025-12-30,Inbound - Organic,monthly,recent_new_logo,REP-035,EMP-0258,Active,,14018.72
CUST-01500,Cornerstone Heating & Air Co.,SMB,23,Northeast,2025-12-03,Inbound - Paid,monthly,fast_churn,REP-038,EMP-0032,Churned,2026-01-31,6728.98
CUST-01501,Susquehanna Electrical Contractors LLC,SMB,7,Great Lakes,2025-12-07,Outbound - SDR,annual,recent_new_logo,REP-038,EMP-0154,Active,,2686.05
CUST-01502,Fieldstone Building Services Group,SMB,12,Great Lakes,2025-12-20,Inbound - Paid,monthly,fast_churn,REP-038,EMP-0315,Churned,2026-02-28,6321.59
CUST-01503,Klamath Fire Protection,SMB,18,Great Lakes,2025-12-28,Inbound - Paid,monthly,recent_new_logo,REP-038,EMP-0272,Active,,6358.33
CUST-01504,Fieldstone Sheet Metal Partners,SMB,24,West,2025-12-14,Inbound - Paid,annual,recent_new_logo,REP-035,EMP-0178,Active,,11314.80
CUST-01505,Rasmussen Industrial Services Group,SMB,11,Southeast,2025-12-22,Inbound - Paid,monthly,recent_new_logo,REP-030,EMP-0289,Active,,5042.42
CUST-01506,Coastal Bend Utility Services,SMB,20,Canada,2025-12-30,Inbound - Organic,monthly,fast_churn,REP-038,EMP-0148,Churned,2026-06-30,8110.21
CUST-01507,Annapolis Valley Landscape Services LLC,SMB,7,Southeast,2025-12-29,Inbound - Paid,monthly,recent_new_logo,REP-030,EMP-0301,Active,,3636.40
CUST-01508,Brazos Utility Services LLC,SMB,20,Northeast,2025-12-27,Inbound - Organic,annual,recent_new_logo,REP-030,EMP-0245,Active,,8240.41
CUST-01509,Kowalczyk Industrial Services Partners,SMB,6,Mountain,2025-12-15,Inbound - Paid,monthly,recent_new_logo,REP-035,EMP-0171,Active,,5476.78
CUST-01510,Fieldstone Utility Services Group,SMB,15,Northeast,2025-12-02,Inbound - Paid,monthly,recent_new_logo,REP-037,EMP-0070,Active,,6681.23
CUST-01511,Brazos Controls Services,Mid-Market,171,Mid-Atlantic,2025-01-27,Partner / Referral,annual,expand_then_contract,REP-041,EMP-0096,Active,,50924.84
CUST-01512,Delgado Glass & Glazing & Sons,Mid-Market,127,Mid-Atlantic,2025-01-30,Trade Show / Event,annual,steady,REP-039,EMP-0081,Active,,48958.64
CUST-01513,Lantern Elevator Services Inc.,Mid-Market,75,Southwest,2025-01-26,Outbound - SDR,annual,expand_then_contract,REP-039,EMP-0033,Active,,26440.61
CUST-01514,Mulcahy Mechanical Contractors & Sons,Mid-Market,119,Southeast,2025-01-26,Inbound - Paid,annual,land_and_expand,REP-026,EMP-0182,Active,,35636.40
CUST-01515,Castellano Heating & Air,Mid-Market,100,Mountain,2025-02-26,Partner / Referral,multi_year,steady,REP-018,EMP-0032,Active,,32017.62
CUST-01516,Stavros Plumbing,Mid-Market,348,West,2025-02-23,Partner / Referral,annual,fast_churn,REP-039,EMP-0171,Churned,2026-02-22,67262.14
CUST-01517,Cornerstone Industrial Services Partners,Mid-Market,88,Midwest,2025-02-26,Outbound - SDR,multi_year,steady,REP-039,EMP-0213,Active,,10316.58
CUST-01518,Zamora Boiler Works Corp.,Mid-Market,86,Mid-Atlantic,2025-02-05,Outbound - SDR,annual,slow_decay,REP-041,EMP-0258,Active,,35792.58
CUST-01519,Whitcomb Building Services,Mid-Market,129,South Central,2025-03-28,Trade Show / Event,multi_year,land_and_expand,REP-047,EMP-0141,Active,,28331.28
CUST-01520,Mahoney Facilities Group,Mid-Market,312,Southeast,2025-03-01,Partner / Referral,annual,land_and_expand,REP-039,EMP-0148,Active,,59010.19
CUST-01521,Lowcountry Property Services,Mid-Market,245,Mountain,2025-03-05,Inbound - Paid,multi_year,steady,REP-026,EMP-0182,Active,,53708.60
CUST-01522,Wasatch Mechanical Contractors Holdings,Mid-Market,163,South Central,2025-03-20,Outbound - SDR,annual,steady,REP-032,EMP-0178,Active,,78127.04
CUST-01523,Zamora Mechanical Contractors Holdings,Mid-Market,120,Northeast,2025-03-26,Inbound - Paid,annual,expand_then_contract,REP-026,EMP-0139,Churned,2026-03-25,35785.90
CUST-01524,Mulcahy Sheet Metal Holdings,Mid-Market,210,South Central,2025-04-28,Inbound - Organic,annual,expand_then_contract,REP-049,EMP-0240,Active,,71237.34
CUST-01525,Pemberton Mechanical Contractors,Mid-Market,150,Southeast,2025-04-22,Outbound - SDR,annual,steady,REP-010,EMP-0317,Active,,18402.04
CUST-01526,Brightline Fire Protection & Sons,Mid-Market,313,Southwest,2025-04-30,Inbound - Organic,annual,land_and_expand,REP-032,EMP-0070,Active,,94866.06
CUST-01527,Vandermeer Energy Services Co.,Mid-Market,197,West,2025-05-26,Outbound - SDR,annual,steady,REP-032,EMP-0148,Active,,50170.68
CUST-01528,Petrosian Mechanical Inc.,Mid-Market,94,Midwest,2025-05-11,Outbound - SDR,multi_year,steady,REP-010,EMP-0032,Active,,30604.84
CUST-01529,Halvorsen Pipefitting LLC,Mid-Market,212,Great Lakes,2025-05-18,Partner / Referral,annual,steady,REP-039,EMP-0104,Active,,74289.27
CUST-01530,Blue Ridge Mechanical,Mid-Market,184,Southeast,2025-06-30,Outbound - SDR,annual,steady,REP-039,EMP-0199,Active,,38529.00
CUST-01531,Vandermeer Refrigeration,Mid-Market,141,Great Lakes,2025-06-19,Partner / Referral,annual,land_and_expand,REP-010,EMP-0171,Active,,24236.03
CUST-01532,Willamette Pipefitting Corp.,Mid-Market,81,Southeast,2025-06-25,Outbound - SDR,annual,land_and_expand,REP-032,EMP-0080,Active,,40863.41
CUST-01533,Gallardo Facility Services Group,Mid-Market,75,Midwest,2025-06-01,Inbound - Organic,annual,land_and_expand,REP-010,EMP-0172,Active,,33426.88
CUST-01534,Sierra Nevada Controls Corp.,Mid-Market,117,Northeast,2025-07-28,Partner / Referral,annual,recent_new_logo,REP-047,EMP-0317,Active,,27778.32
CUST-01535,Ashworth Building Services,Mid-Market,76,Northeast,2025-07-14,Inbound - Organic,annual,recent_new_logo,REP-039,EMP-0104,Active,,33485.74
CUST-01536,Quintero Security Systems Services,Mid-Market,142,Mountain,2025-07-19,Inbound - Paid,annual,recent_new_logo,REP-010,EMP-0096,Active,,23550.92
CUST-01537,Ashworth Sheet Metal Holdings,Mid-Market,287,Mountain,2025-08-06,Inbound - Organic,multi_year,recent_new_logo,REP-047,EMP-0245,Active,,60230.76
CUST-01538,Iverson Electrical Contractors Group,Mid-Market,219,Mid-Atlantic,2025-08-01,Outbound - SDR,annual,recent_new_logo,REP-049,EMP-0033,Active,,56113.53
CUST-01539,Draeger Utility Services,Mid-Market,151,West,2025-08-29,Outbound - SDR,annual,recent_new_logo,REP-032,EMP-0033,Active,,36799.48
CUST-01540,Meridian Pipefitting Holdings,Mid-Market,93,Southwest,2025-09-22,Inbound - Organic,annual,recent_new_logo,REP-032,EMP-0238,Active,,14193.40
CUST-01541,Lantern Landscape Services & Sons,Mid-Market,357,Southwest,2025-09-02,Outbound - SDR,annual,recent_new_logo,REP-026,EMP-0096,Active,,109722.29
CUST-01542,Klamath Landscape Services,Mid-Market,143,South Central,2025-09-25,Outbound - SDR,annual,recent_new_logo,REP-049,EMP-0042,Active,,39234.64
CUST-01543,Nakashima Building Services Holdings,Mid-Market,355,West,2025-10-31,Outbound - SDR,annual,recent_new_logo,REP-049,EMP-0171,Active,,140897.03
CUST-01544,Yarborough Property Services,Mid-Market,135,Mountain,2025-10-08,Partner / Referral,multi_year,recent_new_logo,REP-039,EMP-0139,Active,,45865.58
CUST-01545,Wasatch Plumbing & Heating Corp.,Mid-Market,121,West,2025-10-29,Outbound - SDR,annual,recent_new_logo,REP-049,EMP-0154,Active,,47369.04
CUST-01546,Brightline Mechanical Systems Inc.,Mid-Market,71,Mountain,2025-11-11,Outbound - SDR,annual,recent_new_logo,REP-047,EMP-0182,Active,,34512.23
CUST-01547,Allegheny Pipefitting Services,Mid-Market,309,Northeast,2025-11-29,Inbound - Paid,annual,recent_new_logo,REP-049,EMP-0213,Active,,83374.15
CUST-01548,Copperfield HVAC & Sons,Mid-Market,195,Northeast,2025-11-30,Trade Show / Event,annual,recent_new_logo,REP-010,EMP-0172,Active,,60508.82
CUST-01549,Red River Pipefitting & Sons,Mid-Market,177,Midwest,2025-11-25,Partner / Referral,annual,recent_new_logo,REP-049,EMP-0022,Active,,31389.66
CUST-01550,Klamath Restoration,Mid-Market,122,Canada,2025-12-29,Partner / Referral,annual,recent_new_logo,REP-039,EMP-0258,Active,,18076.03
CUST-01551,Panhandle Landscape Services,Mid-Market,98,Great Lakes,2025-12-31,Trade Show / Event,annual,recent_new_logo,REP-039,EMP-0096,Active,,43430.50
CUST-01552,Cascade HVAC LLC,Mid-Market,181,Mid-Atlantic,2025-12-26,Partner / Referral,annual,recent_new_logo,REP-049,EMP-0119,Active,,53299.29
CUST-01553,Bellamy Electrical Contractors Corp.,Mid-Market,52,Northeast,2025-12-16,Partner / Referral,annual,recent_new_logo,REP-039,EMP-0219,Active,,19085.11
CUST-01554,Hutchins Sheet Metal & Sons,Mid-Market,114,Northeast,2025-12-22,Partner / Referral,multi_year,recent_new_logo,REP-039,EMP-0284,Active,,30259.48
CUST-01555,Stonebridge Boiler Works Services,Mid-Market,61,Mountain,2025-12-28,Outbound - SDR,multi_year,recent_new_logo,REP-010,EMP-0148,Active,,32528.73
CUST-01556,Halvorsen Restoration Co.,Mid-Market,89,West,2025-12-26,Partner / Referral,annual,recent_new_logo,REP-039,EMP-0042,Active,,37370.68
CUST-01557,Keystone Plumbing,Mid-Market,71,Southwest,2025-12-04,Outbound - SDR,multi_year,recent_new_logo,REP-049,EMP-0225,Active,,11880.61
CUST-01558,Whitcomb Sheet Metal LLC,Enterprise,2330,Midwest,2025-01-31,Partner / Referral,annual,steady,REP-044,EMP-0317,Active,,339495.88
CUST-01559,Stavros Mechanical Contractors,Enterprise,679,Northeast,2025-02-02,Inbound - Paid,annual,land_and_expand,REP-045,EMP-0240,Active,,126450.17
CUST-01560,Granite Peak Glass & Glazing & Sons,Enterprise,537,Canada,2025-03-15,Outbound - SDR,annual,land_and_expand,REP-045,EMP-0182,Active,,60097.26
CUST-01561,Cascade Refrigeration Inc.,Enterprise,763,Canada,2025-06-02,Outbound - SDR,annual,land_and_expand,REP-014,EMP-0081,Active,,77274.94
CUST-01562,Allegheny Electrical Contractors Co.,Enterprise,519,West,2025-10-02,Trade Show / Event,multi_year,recent_new_logo,REP-044,EMP-0148,Active,,65671.54
CUST-01563,Shenandoah Mechanical Contractors Partners,Enterprise,2018,Southwest,2025-11-28,Outbound - SDR,annual,recent_new_logo,REP-044,EMP-0022,Active,,437562.54
CUST-01564,Clearwater Utility Services,Enterprise,592,Canada,2025-12-14,Trade Show / Event,annual,recent_new_logo,REP-045,EMP-0263,Active,,200082.40
CUST-01565,Draeger Landscape Services Holdings,SMB,24,Northeast,2026-01-03,Inbound - Organic,annual,recent_new_logo,REP-038,EMP-0178,Active,,13160.21
CUST-01566,Harrow Plumbing Holdings,SMB,13,Northeast,2026-01-14,Partner / Referral,monthly,fast_churn,REP-030,EMP-0148,Churned,2026-02-28,6409.10
CUST-01567,Ferreira Plumbing & Sons,SMB,26,West,2026-01-31,Inbound - Organic,monthly,recent_new_logo,REP-048,EMP-0182,Active,,13978.93
CUST-01568,Hudson Valley Industrial Services Co.,SMB,24,West,2026-01-30,Outbound - SDR,annual,recent_new_logo,REP-035,EMP-0258,Active,,10820.02
CUST-01569,Okonkwo Facility Services,SMB,22,West,2026-01-31,Outbound - SDR,monthly,recent_new_logo,REP-038,EMP-0303,Active,,6879.69
CUST-01570,Wabash Roofing LLC,SMB,8,Mid-Atlantic,2026-01-26,Inbound - Paid,monthly,recent_new_logo,REP-030,EMP-0289,Active,,4350.77
CUST-01571,Ostrowski Industrial Services Partners,SMB,13,Midwest,2026-01-30,Partner / Referral,monthly,fast_churn,REP-038,EMP-0119,Churned,2026-02-28,7353.25
CUST-01572,Harborview Pipefitting LLC,SMB,6,West,2026-01-19,Outbound - SDR,monthly,steady,REP-038,EMP-0081,Churned,2026-06-30,3506.42
CUST-01573,Lowcountry HVAC & Sons,SMB,12,South Central,2026-01-15,Inbound - Organic,monthly,recent_new_logo,REP-038,EMP-0303,Active,,5158.80
CUST-01574,Summit Line Roofing & Sons,SMB,9,West,2026-02-25,Outbound - SDR,annual,recent_new_logo,REP-038,EMP-0315,Active,,3926.45
CUST-01575,Cornerstone Heating & Air,SMB,7,Southwest,2026-02-16,Inbound - Paid,monthly,recent_new_logo,REP-038,EMP-0303,Active,,3688.98
CUST-01576,Panhandle Glass & Glazing Co.,SMB,12,Southwest,2026-02-02,Inbound - Organic,monthly,recent_new_logo,REP-038,EMP-0119,Active,,8455.14
CUST-01577,Nakashima Facility Services,SMB,10,Southwest,2026-02-28,Trade Show / Event,annual,recent_new_logo,REP-030,EMP-0291,Active,,5446.14
CUST-01578,Coastal Bend Building Services Partners,SMB,7,Mid-Atlantic,2026-02-26,Inbound - Paid,annual,recent_new_logo,REP-048,EMP-0104,Active,,3684.31
CUST-01579,Zamora Facility Services,SMB,19,South Central,2026-02-04,Partner / Referral,annual,recent_new_logo,REP-048,EMP-0245,Active,,11568.15
CUST-01580,Marchetti Energy Services Corp.,SMB,7,Mid-Atlantic,2026-02-04,Inbound - Paid,monthly,fast_churn,REP-030,EMP-0291,Churned,2026-03-31,3666.78
CUST-01581,Holloway Glass & Glazing Partners,SMB,29,West,2026-02-26,Partner / Referral,annual,recent_new_logo,REP-037,EMP-0240,Active,,9581.24
CUST-01582,Kilbride Fire & Life Safety & Sons,SMB,10,Canada,2026-03-27,Trade Show / Event,monthly,recent_new_logo,REP-037,EMP-0171,Active,,3837.71
CUST-01583,Susquehanna Glass & Glazing Corp.,SMB,16,Mid-Atlantic,2026-03-14,Inbound - Organic,monthly,recent_new_logo,REP-048,EMP-0080,Active,,7345.02
CUST-01584,Laurentian Sheet Metal Group,SMB,20,Mid-Atlantic,2026-03-06,Inbound - Organic,annual,recent_new_logo,REP-038,EMP-0301,Active,,9644.32
CUST-01585,Ackerley Landscape Services LLC,SMB,22,Great Lakes,2026-03-28,Partner / Referral,monthly,recent_new_logo,REP-038,EMP-0219,Active,,11426.40
CUST-01586,Front Range Roofing,SMB,34,Mid-Atlantic,2026-03-07,Partner / Referral,monthly,fast_churn,REP-038,EMP-0238,Churned,2026-06-30,16154.83
CUST-01587,Blackhawk Boiler Works,SMB,5,West,2026-03-26,Outbound - SDR,monthly,fast_churn,REP-035,EMP-0119,Churned,2026-06-30,3022.04
CUST-01588,Cumberland Plumbing Holdings,SMB,11,Midwest,2026-03-10,Inbound - Paid,annual,recent_new_logo,REP-030,EMP-0219,Active,,3354.87
CUST-01589,Kowalczyk Mechanical Contractors Group,SMB,21,South Central,2026-03-25,Inbound - Paid,annual,recent_new_logo,REP-038,EMP-0301,Active,,8228.09
CUST-01590,Villanueva Mechanical Group,SMB,47,Great Lakes,2026-03-28,Inbound - Organic,monthly,recent_new_logo,REP-038,EMP-0070,Active,,21116.81
CUST-01591,Cascade Mechanical Contractors,SMB,6,West,2026-03-06,Inbound - Organic,annual,recent_new_logo,REP-038,EMP-0096,Active,,4168.63
CUST-01592,Adirondack Refrigeration Inc.,SMB,30,Mid-Atlantic,2026-03-29,Inbound - Organic,monthly,recent_new_logo,REP-038,EMP-0070,Active,,19548.26
CUST-01593,Ruzicka Pipefitting Corp.,SMB,20,Northeast,2026-03-22,Inbound - Paid,annual,recent_new_logo,REP-030,EMP-0238,Active,,7815.08
CUST-01594,Northgate Refrigeration,SMB,17,Midwest,2026-03-01,Inbound - Paid,monthly,recent_new_logo,REP-038,EMP-0154,Active,,7121.04
CUST-01595,Northrup Elevator Services,SMB,20,Mid-Atlantic,2026-04-13,Inbound - Paid,monthly,recent_new_logo,REP-038,EMP-0289,Active,,7516.75
CUST-01596,Summit Line Refrigeration Partners,SMB,9,Mountain,2026-04-27,Partner / Referral,monthly,recent_new_logo,REP-038,EMP-0070,Active,,10274.37
CUST-01597,Fieldstone Pipefitting Group,SMB,13,South Central,2026-04-28,Trade Show / Event,monthly,slow_decay,REP-030,EMP-0070,Churned,2026-05-31,5509.19
CUST-01598,Brannigan Energy Services,SMB,18,South Central,2026-04-28,Partner / Referral,monthly,recent_new_logo,REP-048,EMP-0070,Active,,6692.23
CUST-01599,Gulf Coast Facility Services Group,SMB,13,West,2026-04-27,Partner / Referral,monthly,recent_new_logo,REP-038,EMP-0119,Active,,5136.30
CUST-01600,Vandermeer Utility Services LLC,SMB,36,Mid-Atlantic,2026-04-15,Partner / Referral,annual,recent_new_logo,REP-030,EMP-0303,Active,,14316.79
CUST-01601,Mohawk Valley Facilities Group & Sons,SMB,8,Southeast,2026-04-01,Trade Show / Event,monthly,fast_churn,REP-030,EMP-0322,Churned,2026-05-31,4386.04
CUST-01602,Granite Peak Restoration Services,SMB,45,Southeast,2026-04-10,Partner / Referral,annual,recent_new_logo,REP-038,EMP-0103,Active,,18404.20
CUST-01603,Tri-State Landscape Services,SMB,34,Midwest,2026-05-25,Inbound - Paid,annual,recent_new_logo,REP-038,EMP-0033,Active,,17936.57
CUST-01604,Clearwater Utility Services LLC,SMB,16,West,2026-05-27,Partner / Referral,monthly,recent_new_logo,REP-038,EMP-0032,Active,,9854.29
CUST-01605,Northrup Plumbing & Heating Partners,SMB,7,Northeast,2026-05-17,Inbound - Paid,monthly,recent_new_logo,REP-030,EMP-0022,Active,,3726.72
CUST-01606,Mohawk Valley Facilities Group Partners,SMB,32,South Central,2026-05-01,Inbound - Paid,annual,recent_new_logo,REP-035,EMP-0238,Active,,15370.24
CUST-01607,Nakashima Air Systems,SMB,32,Midwest,2026-05-29,Inbound - Paid,annual,recent_new_logo,REP-037,EMP-0141,Active,,12654.16
CUST-01608,Annapolis Valley Mechanical Systems Services,SMB,7,Mountain,2026-05-17,Inbound - Organic,annual,recent_new_logo,REP-037,EMP-0119,Active,,4482.95
CUST-01609,Marchetti Boiler Works Co.,SMB,9,Great Lakes,2026-05-28,Inbound - Paid,monthly,recent_new_logo,REP-038,EMP-0213,Active,,4942.07
CUST-01610,Castellano Air Systems Partners,SMB,34,Canada,2026-05-24,Inbound - Organic,monthly,recent_new_logo,REP-038,EMP-0219,Active,,15977.52
CUST-01611,Oyelaran Mechanical Systems,SMB,14,Mid-Atlantic,2026-06-13,Inbound - Organic,monthly,recent_new_logo,REP-035,EMP-0225,Active,,9186.47
CUST-01612,Jessup Facility Services Co.,SMB,21,Southeast,2026-06-30,Partner / Referral,monthly,recent_new_logo,REP-038,EMP-0284,Active,,16041.13
CUST-01613,Cumberland Property Services & Sons,SMB,6,Southwest,2026-06-29,Inbound - Organic,monthly,recent_new_logo,REP-038,EMP-0322,Active,,1971.21
CUST-01614,Rasmussen Fire Protection LLC,SMB,6,Mid-Atlantic,2026-06-26,Inbound - Organic,annual,recent_new_logo,REP-048,EMP-0131,Active,,2985.87
CUST-01615,Nakashima Boiler Works,SMB,26,Great Lakes,2026-06-14,Partner / Referral,monthly,recent_new_logo,REP-038,EMP-0119,Active,,16233.72
CUST-01616,Danforth Facilities Group LLC,SMB,11,Southeast,2026-06-26,Outbound - SDR,monthly,recent_new_logo,REP-030,EMP-0245,Active,,4959.13
CUST-01617,Northgate Plumbing & Heating Services,SMB,12,Mid-Atlantic,2026-06-08,Inbound - Organic,monthly,recent_new_logo,REP-030,EMP-0080,Active,,4445.16
CUST-01618,Bellamy Facilities Group,SMB,38,Canada,2026-06-20,Partner / Referral,monthly,recent_new_logo,REP-030,EMP-0104,Active,,17486.93
CUST-01619,Fraser Valley Mechanical Contractors Holdings,SMB,5,Mid-Atlantic,2026-06-28,Inbound - Organic,annual,recent_new_logo,REP-035,EMP-0315,Active,,1939.36
CUST-01620,Blue Ridge Building Services,SMB,9,Mid-Atlantic,2026-06-04,Inbound - Organic,monthly,recent_new_logo,REP-030,EMP-0131,Active,,3751.39
CUST-01621,Ozark Pipefitting Inc.,Mid-Market,372,Northeast,2026-01-26,Inbound - Organic,multi_year,recent_new_logo,REP-046,EMP-0080,Active,,143225.66
CUST-01622,Annapolis Valley HVAC Partners,Mid-Market,183,Southeast,2026-01-22,Inbound - Organic,multi_year,recent_new_logo,REP-026,EMP-0301,Active,,52581.64
CUST-01623,Gulf Coast Energy Services LLC,Mid-Market,194,Mountain,2026-02-25,Inbound - Paid,annual,recent_new_logo,REP-049,EMP-0070,Active,,98504.83
CUST-01624,Whitcomb Plumbing & Heating Group,Mid-Market,165,Great Lakes,2026-02-13,Partner / Referral,annual,recent_new_logo,REP-050,EMP-0154,Active,,32800.60
CUST-01625,Uphoff Property Services Co.,Mid-Market,111,Midwest,2026-03-04,Partner / Referral,multi_year,recent_new_logo,REP-039,EMP-0042,Active,,35321.08
CUST-01626,Teton Building Services LLC,Mid-Market,150,Midwest,2026-03-30,Trade Show / Event,annual,recent_new_logo,REP-039,EMP-0289,Active,,56244.42
CUST-01627,Ashworth Refrigeration Group,Mid-Market,111,Southwest,2026-03-29,Inbound - Paid,annual,recent_new_logo,REP-010,EMP-0139,Active,,34872.90
CUST-01628,Kettle Moraine Facility Services,Mid-Market,108,Mid-Atlantic,2026-03-08,Outbound - SDR,annual,recent_new_logo,REP-049,EMP-0317,Active,,28817.66
CUST-01629,Brazos Electric,Mid-Market,89,Great Lakes,2026-04-23,Inbound - Paid,annual,recent_new_logo,REP-032,EMP-0178,Active,,23461.21
CUST-01630,Rasmussen Electrical Contractors,Mid-Market,136,Northeast,2026-04-09,Outbound - SDR,annual,recent_new_logo,REP-050,EMP-0096,Active,,38751.38
CUST-01631,Draeger Electric Co.,Mid-Market,136,Canada,2026-05-15,Outbound - SDR,annual,recent_new_logo,REP-026,EMP-0317,Active,,45583.56
CUST-01632,Brazos Facilities Group Holdings,Mid-Market,99,Mountain,2026-05-24,Partner / Referral,annual,recent_new_logo,REP-050,EMP-0096,Active,,40335.04
CUST-01633,Hudson Valley Restoration,Mid-Market,139,Mid-Atlantic,2026-06-27,Inbound - Organic,annual,recent_new_logo,REP-050,EMP-0081,Active,,55237.13
CUST-01634,Ingersoll Boiler Works,Mid-Market,90,Mid-Atlantic,2026-06-27,Outbound - SDR,annual,recent_new_logo,REP-026,EMP-0303,Active,,38480.60
CUST-01635,Blackhawk Refrigeration Inc.,Mid-Market,169,Southwest,2026-06-10,Inbound - Organic,annual,recent_new_logo,REP-026,EMP-0272,Active,,40922.56
CUST-01636,Oyelaran Glass & Glazing Group,Enterprise,682,Mid-Atlantic,2026-02-16,Partner / Referral,multi_year,recent_new_logo,REP-045,EMP-0081,Active,,164833.52
CUST-01637,Northrup Pipefitting,Enterprise,869,Canada,2026-03-31,Trade Show / Event,annual,recent_new_logo,REP-014,EMP-0245,Active,,122294.13
CUST-01638,Laurentian Energy Services Co.,Enterprise,1900,Southwest,2026-06-01,Partner / Referral,multi_year,recent_new_logo,REP-029,EMP-0172,Active,,431755.66
