contract_id,customer_id,contract_type,term_months,start_date,end_date,renewal_date,billing_frequency,list_acv,discount_pct,net_acv,tcv,renewal_status,predecessor_contract_id,uplift_pct_at_renewal
CTR-00006-02R,CUST-00006,monthly,1,2020-06-01,2024-03-31,,Monthly in arrears,1590.66,0.10,1434.30,5498.15,Churned,,
CTR-00008-05,CUST-00008,annual,12,2023-12-01,2024-11-30,2024-12-02,Quarterly in advance,4207.33,0.16,3550.99,3550.99,Churned,,0.04
CTR-00016-01,CUST-00016,monthly,1,2019-05-10,2024-02-29,,Monthly in arrears,5045.07,0.09,4583.45,22153.34,Churned,,
CTR-00020-05,CUST-00020,annual,12,2023-06-27,2024-06-26,2024-06-26,Quarterly in advance,8165.33,0.15,6923.38,6923.38,Renewed,,0.00
CTR-00020-06,CUST-00020,annual,12,2024-06-27,2025-06-26,2025-06-26,Annual in advance,8671.59,0.17,7206.96,7206.96,Renewed,CTR-00020-05,0.04
CTR-00020-07,CUST-00020,annual,12,2025-06-27,2026-06-26,2026-07-01,Annual in advance,9209.22,0.19,7483.41,7483.41,Renewed,CTR-00020-06,0.04
CTR-00020-08,CUST-00020,annual,12,2026-06-27,2027-06-26,2027-06-29,Annual in advance,9780.20,0.21,7731.25,7731.25,Active,CTR-00020-07,0.03
CTR-00024-01,CUST-00024,monthly,1,2019-08-03,2026-01-31,,Monthly in arrears,2269.33,0.12,2008.13,13052.85,Churned,,
CTR-00025-05,CUST-00025,annual,12,2023-09-19,2024-09-18,2024-09-23,Annual in advance,2072.26,0.21,1633.77,1633.77,Renewed,,0.04
CTR-00025-06,CUST-00025,annual,12,2024-09-19,2025-09-18,2025-09-21,Annual in advance,2200.74,0.22,1710.86,1710.86,Renewed,CTR-00025-05,0.05
CTR-00025-07,CUST-00025,annual,12,2025-09-19,2026-09-18,2026-09-23,Annual in advance,2337.19,0.27,1710.82,1710.82,Active,CTR-00025-06,0.00
CTR-00027-01,CUST-00027,monthly,1,2019-09-29,2026-06-30,,Monthly in arrears,2715.16,0.09,2479.21,16941.27,Active,,
CTR-00028-05,CUST-00028,annual,12,2023-10-29,2024-10-28,2024-10-30,Quarterly in advance,6381.37,0.21,5015.12,5015.12,Renewed,,0.03
CTR-00028-06,CUST-00028,annual,12,2024-10-29,2025-10-28,2025-11-01,Annual in advance,6777.02,0.24,5179.00,5179.00,Renewed,CTR-00028-05,0.03
CTR-00028-07,CUST-00028,annual,12,2025-10-29,2026-10-28,2026-10-28,Annual in advance,7197.19,0.26,5358.31,5358.31,Active,CTR-00028-06,0.03
CTR-00029-05R,CUST-00029,annual,12,2024-07-01,2025-06-30,2025-07-03,Annual in advance,5810.11,0.19,4706.19,4706.19,Renewed,,
CTR-00029-06,CUST-00029,annual,12,2025-07-01,2026-06-30,2026-07-03,Quarterly in advance,6170.34,0.21,4851.74,4851.74,Renewed,CTR-00029-05R,0.03
CTR-00029-07,CUST-00029,annual,12,2026-07-01,2027-06-30,2027-07-05,Annual in advance,6552.90,0.24,5001.83,5001.83,Active,CTR-00029-06,0.03
CTR-00034-01,CUST-00034,monthly,1,2019-12-14,2026-06-30,,Monthly in arrears,3858.82,0.08,3565.55,23473.20,Active,,
CTR-00037-04,CUST-00037,annual,12,2022-12-29,2023-12-28,2023-12-30,Quarterly in advance,3923.60,0.10,3550.47,3550.47,Churned,,0.00
CTR-00039-04,CUST-00039,annual,12,2022-12-26,2023-12-25,2023-12-29,Annual in advance,1320.57,0.24,999.94,999.94,Renewed,,0.03
CTR-00039-05,CUST-00039,annual,12,2023-12-26,2024-12-25,2024-12-30,Annual in advance,1402.44,0.26,1041.59,1041.59,Renewed,CTR-00039-04,0.04
CTR-00039-06,CUST-00039,annual,12,2024-12-26,2025-12-25,2025-12-28,Annual in advance,1489.39,0.28,1074.45,1074.45,Renewed,CTR-00039-05,0.03
CTR-00039-07,CUST-00039,annual,12,2025-12-26,2026-12-25,2026-12-26,Annual in advance,1581.74,0.32,1074.48,1074.48,Active,CTR-00039-06,0.00
CTR-00041-05,CUST-00041,annual,12,2023-01-30,2024-01-29,2024-02-03,Annual in advance,5878.96,0.22,4602.64,4602.64,Churned,,0.00
CTR-00042-05,CUST-00042,annual,12,2023-01-18,2024-01-17,2024-01-21,Annual in advance,14814.99,0.18,12136.44,12136.44,Renewed,,0.05
CTR-00042-06,CUST-00042,annual,12,2024-01-18,2025-01-17,2025-01-18,Quarterly in advance,34963.37,0.19,28222.43,28222.43,Renewed,CTR-00042-05,0.05
CTR-00042-07,CUST-00042,annual,12,2025-01-18,2026-01-17,2026-01-19,Annual in advance,46413.88,0.22,36337.43,36337.43,Renewed,CTR-00042-06,0.03
CTR-00042-08,CUST-00042,annual,12,2026-01-18,2027-01-17,2027-01-21,Annual in advance,35208.24,0.26,25955.51,25955.51,Active,CTR-00042-07,0.00
CTR-00044-05,CUST-00044,annual,12,2023-03-16,2024-03-15,2024-03-20,Annual in advance,36091.49,0.27,26169.94,26169.94,Renewed,,0.03
CTR-00044-06,CUST-00044,annual,12,2024-03-16,2025-03-15,2025-03-19,Quarterly in advance,38329.17,0.29,27068.06,27068.06,Renewed,CTR-00044-05,0.03
CTR-00044-07,CUST-00044,annual,12,2025-03-16,2026-03-15,2026-03-20,Annual in advance,92945.01,0.31,63816.04,63816.04,Renewed,CTR-00044-06,0.03
CTR-00044-08,CUST-00044,annual,12,2026-03-16,2027-03-15,2027-03-16,Annual in advance,88196.25,0.35,57018.88,57018.88,Active,CTR-00044-07,0.00
CTR-00046-05,CUST-00046,annual,12,2023-04-27,2024-04-26,2024-04-27,Annual in advance,56932.02,0.18,46718.42,46718.42,Renewed,,0.00
CTR-00046-06,CUST-00046,annual,12,2024-04-27,2025-04-26,2025-04-30,Annual in advance,69335.09,0.20,55752.35,55752.35,Renewed,CTR-00046-05,0.04
CTR-00046-07,CUST-00046,annual,12,2025-04-27,2026-04-26,2026-04-27,Annual in advance,107558.22,0.21,85304.42,85304.42,Renewed,CTR-00046-06,0.05
CTR-00046-08,CUST-00046,annual,12,2026-04-27,2027-04-26,2027-04-28,Annual in advance,142248.34,0.22,110911.03,110911.03,Active,CTR-00046-07,0.04
CTR-00047-02,CUST-00047,multi_year,36,2021-05-13,2024-05-12,2024-05-14,Annual in advance,14890.80,0.25,11095.14,33285.42,Renewed,,0.04
CTR-00047-03,CUST-00047,multi_year,24,2024-05-13,2026-05-12,2026-05-16,Annual in advance,17835.76,0.35,11650.32,23300.64,Renewed,CTR-00047-02,0.05
CTR-00047-04,CUST-00047,multi_year,24,2026-05-13,2028-05-12,2028-05-17,Annual in advance,20115.95,0.42,11651.16,23302.32,Active,CTR-00047-03,0.00
CTR-00048-05,CUST-00048,annual,12,2023-06-29,2024-06-28,2024-06-29,Annual in advance,73669.94,0.24,56350.14,56350.14,Renewed,,0.04
CTR-00048-06,CUST-00048,annual,12,2024-06-29,2025-06-28,2025-07-01,Annual in advance,78237.47,0.24,59069.29,59069.29,Renewed,CTR-00048-05,0.05
CTR-00048-07,CUST-00048,annual,12,2025-06-29,2026-06-28,2026-07-01,Annual in advance,92606.58,0.26,68232.53,68232.53,Renewed,CTR-00048-06,0.04
CTR-00048-08,CUST-00048,annual,12,2026-06-29,2027-06-28,2027-06-30,Annual in advance,120586.93,0.28,87184.35,87184.35,Active,CTR-00048-07,0.04
CTR-00049-04,CUST-00049,annual,12,2023-02-01,2024-01-31,2024-02-01,Annual in advance,8271.91,0.22,6453.74,6453.74,Renewed,,0.00
CTR-00049-05,CUST-00049,annual,12,2024-02-01,2025-01-31,2025-02-04,Annual in advance,8784.77,0.24,6684.33,6684.33,Renewed,CTR-00049-04,0.04
CTR-00049-06,CUST-00049,annual,12,2025-02-01,2026-01-31,2026-02-03,Annual in advance,10662.20,0.26,7893.23,7893.23,Churned,CTR-00049-05,0.03
CTR-00050-05,CUST-00050,annual,12,2023-07-29,2024-07-28,2024-07-29,Annual in advance,61069.39,0.22,47835.65,47835.65,Renewed,,0.04
CTR-00050-06,CUST-00050,annual,12,2024-07-29,2025-07-28,2025-08-02,Annual in advance,64855.69,0.24,49342.21,49342.21,Renewed,CTR-00050-05,0.03
CTR-00050-07,CUST-00050,annual,12,2025-07-29,2026-07-28,2026-07-28,Annual in advance,68876.75,0.28,49343.30,49343.30,Active,CTR-00050-06,0.00
CTR-00051-05,CUST-00051,annual,12,2023-08-31,2024-08-30,2024-09-04,Annual in advance,37507.73,0.14,32166.63,32166.63,Renewed,,0.04
CTR-00051-06,CUST-00051,annual,12,2024-08-31,2025-08-30,2025-09-04,Annual in advance,39833.21,0.16,33372.26,33372.26,Renewed,CTR-00051-05,0.04
CTR-00051-07,CUST-00051,annual,12,2025-08-31,2026-08-30,2026-09-04,Quarterly in advance,42302.87,0.19,34413.38,34413.38,Active,CTR-00051-06,0.03
CTR-00052-05,CUST-00052,annual,12,2023-09-30,2024-09-29,2024-09-29,Annual in advance,20806.36,0.27,15280.19,15280.19,Renewed,,0.04
CTR-00052-06,CUST-00052,annual,12,2024-09-30,2025-09-29,2025-10-01,Annual in advance,22096.35,0.31,15279.63,15279.63,Renewed,CTR-00052-05,0.00
CTR-00052-07,CUST-00052,annual,12,2025-09-30,2026-09-29,2026-09-30,Annual in advance,23466.33,0.32,15964.14,15964.14,Active,CTR-00052-06,0.04
CTR-00053-05,CUST-00053,annual,12,2023-10-31,2024-10-30,2024-11-02,Annual in advance,101207.36,0.23,77707.01,77707.01,Renewed,,0.03
CTR-00053-06,CUST-00053,annual,12,2024-10-31,2025-10-30,2025-11-04,Annual in advance,107482.21,0.25,80826.62,80826.62,Renewed,CTR-00053-05,0.04
CTR-00053-07,CUST-00053,annual,12,2025-10-31,2026-10-30,2026-11-02,Annual in advance,114146.11,0.27,83577.78,83577.78,Active,CTR-00053-06,0.03
CTR-00054-05,CUST-00054,annual,12,2023-11-25,2024-11-24,2024-11-24,Annual in advance,19779.77,0.25,14755.71,14755.71,Churned,,0.03
CTR-00056-02,CUST-00056,multi_year,24,2021-12-17,2023-12-16,2023-12-20,Quarterly in advance,57063.58,0.26,42004.50,84009.00,Renewed,,0.00
CTR-00056-03,CUST-00056,multi_year,24,2023-12-17,2025-12-16,2025-12-16,Annual in advance,64358.81,0.33,43313.48,86626.96,Renewed,CTR-00056-02,0.03
CTR-00056-04,CUST-00056,multi_year,24,2025-12-17,2027-12-16,2027-12-19,Annual in advance,72586.70,0.38,45170.70,90341.40,Active,CTR-00056-03,0.04
CTR-00057-04,CUST-00057,annual,12,2022-12-17,2023-12-16,2023-12-19,Annual in advance,17548.70,0.22,13714.31,13714.31,Renewed,,0.03
CTR-00057-05,CUST-00057,annual,12,2023-12-17,2024-12-16,2024-12-16,Annual in advance,18636.72,0.24,14227.27,14227.27,Renewed,CTR-00057-04,0.04
CTR-00057-06,CUST-00057,annual,12,2024-12-17,2025-12-16,2025-12-20,Annual in advance,19792.20,0.25,14840.19,14840.19,Renewed,CTR-00057-05,0.04
CTR-00057-07,CUST-00057,annual,12,2025-12-17,2026-12-16,2026-12-19,Annual in advance,22420.60,0.27,16479.14,16479.14,Active,CTR-00057-06,0.04
CTR-00058-04,CUST-00058,annual,12,2023-01-25,2024-01-24,2024-01-27,Annual in advance,12077.55,0.10,10855.30,10855.30,Renewed,,0.04
CTR-00058-05,CUST-00058,annual,12,2024-01-25,2025-01-24,2025-01-24,Annual in advance,12826.36,0.11,11357.74,11357.74,Renewed,CTR-00058-04,0.05
CTR-00058-06,CUST-00058,annual,12,2025-01-25,2026-01-24,2026-01-24,Annual in advance,13621.59,0.13,11865.77,11865.77,Renewed,CTR-00058-05,0.04
CTR-00058-07,CUST-00058,annual,12,2026-01-25,2027-01-24,2027-01-28,Annual in advance,14466.13,0.15,12328.04,12328.04,Active,CTR-00058-06,0.04
CTR-00059-01,CUST-00059,monthly,1,2020-01-27,2026-06-30,,Monthly in arrears,2770.15,0.10,2482.33,16135.14,Active,,
CTR-00063-04,CUST-00063,annual,12,2023-06-01,2024-05-31,2024-06-02,Quarterly in advance,2857.87,0.13,2476.92,2476.92,Churned,,0.03
CTR-00065-04,CUST-00065,annual,12,2023-02-15,2024-02-14,2024-02-14,Annual in advance,2667.75,0.21,2100.85,2100.85,Renewed,,0.04
CTR-00065-05,CUST-00065,annual,12,2024-02-15,2025-02-14,2025-02-15,Annual in advance,2833.15,0.26,2100.78,2100.78,Renewed,CTR-00065-04,0.00
CTR-00065-06,CUST-00065,annual,12,2025-02-15,2026-02-14,2026-02-16,Annual in advance,3008.80,0.27,2182.28,2182.28,Renewed,CTR-00065-05,0.04
CTR-00065-07,CUST-00065,annual,12,2026-02-15,2027-02-14,2027-02-16,Annual in advance,3195.35,0.30,2250.49,2250.49,Active,CTR-00065-06,0.03
CTR-00068-04,CUST-00068,annual,12,2023-02-28,2024-02-27,2024-02-27,Annual in advance,5602.27,0.17,4661.09,4661.09,Renewed,,0.04
CTR-00068-05,CUST-00068,annual,12,2024-02-28,2025-02-27,2025-02-27,Quarterly in advance,5949.61,0.18,4887.01,4887.01,Renewed,CTR-00068-04,0.05
CTR-00068-06,CUST-00068,annual,12,2025-02-28,2026-02-27,2026-03-03,Annual in advance,6318.48,0.20,5060.47,5060.47,Renewed,CTR-00068-05,0.04
CTR-00068-07,CUST-00068,annual,12,2026-02-28,2027-02-27,2027-03-01,Annual in advance,6710.23,0.22,5252.77,5252.77,Active,CTR-00068-06,0.04
CTR-00069-04,CUST-00069,annual,12,2023-02-26,2024-02-25,2024-02-28,Annual in advance,2000.81,0.24,1514.41,1514.41,Churned,,0.05
CTR-00073-04,CUST-00073,annual,12,2023-03-28,2024-03-27,2024-03-30,Annual in advance,5630.42,0.16,4754.89,4754.89,Renewed,,0.05
CTR-00073-05,CUST-00073,annual,12,2024-03-28,2025-03-27,2025-03-29,Quarterly in advance,7972.68,0.17,6580.65,6580.65,Renewed,CTR-00073-04,0.04
CTR-00073-06,CUST-00073,annual,12,2025-03-28,2026-03-27,2026-03-31,Quarterly in advance,9525.36,0.20,7666.96,7666.96,Churned,CTR-00073-05,0.04
CTR-00074-01,CUST-00074,monthly,1,2020-03-26,2026-06-30,,Monthly in arrears,2350.38,0.12,2061.52,13056.29,Active,,
CTR-00075-01,CUST-00075,monthly,1,2020-03-30,2026-06-30,,Monthly in arrears,1678.84,0.07,1556.62,9858.59,Active,,
CTR-00078-01,CUST-00078,monthly,1,2020-03-29,2026-06-30,,Monthly in arrears,4476.91,0.04,4317.08,27341.51,Active,,
CTR-00083-01,CUST-00083,monthly,1,2020-04-23,2024-10-31,,Monthly in arrears,1124.85,0.17,928.68,4256.45,Churned,,
CTR-00086-01,CUST-00086,monthly,1,2020-04-01,2025-12-31,,Monthly in arrears,2812.13,0.16,2350.94,13517.91,Churned,,
CTR-00090-01,CUST-00090,monthly,1,2020-05-15,2026-06-30,,Monthly in arrears,1130.50,0.12,993.37,6125.78,Active,,
CTR-00091-04,CUST-00091,annual,12,2023-05-23,2024-05-22,2024-05-22,Quarterly in advance,8801.55,0.14,7540.29,7540.29,Renewed,,0.04
CTR-00091-05,CUST-00091,annual,12,2024-05-23,2025-05-22,2025-05-27,Quarterly in advance,10066.26,0.15,8513.04,8513.04,Renewed,CTR-00091-04,0.05
CTR-00091-06,CUST-00091,annual,12,2025-05-23,2026-05-22,2026-05-22,Annual in advance,10690.37,0.17,8885.84,8885.84,Renewed,CTR-00091-05,0.04
CTR-00091-07,CUST-00091,annual,12,2026-05-23,2027-05-22,2027-05-26,Annual in advance,11353.17,0.19,9196.07,9196.07,Active,CTR-00091-06,0.04
CTR-00094-04,CUST-00094,annual,12,2023-06-28,2024-06-27,2024-07-02,Quarterly in advance,4763.11,0.17,3931.47,3931.47,Renewed,,0.04
CTR-00094-05,CUST-00094,annual,12,2024-06-28,2025-06-27,2025-06-28,Quarterly in advance,5058.42,0.19,4084.17,4084.17,Renewed,CTR-00094-04,0.04
CTR-00094-06,CUST-00094,annual,12,2025-06-28,2026-06-27,2026-06-29,Annual in advance,5372.05,0.21,4248.75,4248.75,Renewed,CTR-00094-05,0.04
CTR-00094-07,CUST-00094,annual,12,2026-06-28,2027-06-27,2027-06-28,Annual in advance,5705.11,0.22,4455.12,4455.12,Active,CTR-00094-06,0.05
CTR-00095-02,CUST-00095,multi_year,24,2022-06-02,2024-06-01,2024-06-05,Annual in advance,3844.32,0.25,2890.93,5781.86,Renewed,,0.04
CTR-00095-03,CUST-00095,multi_year,24,2024-06-02,2026-06-01,2026-06-06,Annual in advance,5781.06,0.30,4022.46,8044.92,Renewed,CTR-00095-02,0.04
CTR-00095-04,CUST-00095,multi_year,24,2026-06-02,2028-06-01,2028-06-04,Annual in advance,6520.13,0.36,4185.92,8371.84,Active,CTR-00095-03,0.04
CTR-00096-01,CUST-00096,monthly,1,2020-06-01,2026-06-30,,Monthly in arrears,3181.32,0.06,2979.62,18126.02,Active,,
CTR-00099-04,CUST-00099,annual,12,2023-06-05,2024-06-04,2024-06-09,Annual in advance,4082.67,0.09,3706.25,3706.25,Renewed,,0.04
CTR-00099-05,CUST-00099,annual,12,2024-06-05,2025-06-04,2025-06-06,Quarterly in advance,4335.79,0.15,3706.23,3706.23,Renewed,CTR-00099-04,0.00
CTR-00099-06,CUST-00099,annual,12,2025-06-05,2026-06-04,2026-06-05,Annual in advance,4604.61,0.16,3851.30,3851.30,Renewed,CTR-00099-05,0.04
CTR-00099-07,CUST-00099,annual,12,2026-06-05,2027-06-04,2027-06-09,Annual in advance,4890.10,0.21,3851.44,3851.44,Active,CTR-00099-06,0.00
CTR-00104-01,CUST-00104,monthly,1,2020-07-29,2026-06-30,,Monthly in arrears,7993.27,0.01,7882.16,47292.96,Active,,
CTR-00107-01,CUST-00107,monthly,1,2020-08-28,2026-06-30,,Monthly in arrears,5164.35,0.08,4775.99,28257.94,Active,,
CTR-00108-01,CUST-00108,monthly,1,2020-08-27,2026-06-30,,Monthly in arrears,2295.27,0.07,2132.54,12617.53,Active,,
CTR-00111-01,CUST-00111,monthly,1,2020-09-25,2024-12-31,,Monthly in arrears,8073.81,0.09,7357.66,31883.19,Churned,,
CTR-00113-01,CUST-00113,monthly,1,2020-09-01,2025-05-31,,Monthly in arrears,9830.89,0.12,8652.17,41097.81,Churned,,
CTR-00114-01,CUST-00114,monthly,1,2020-09-01,2026-06-30,,Monthly in arrears,3460.20,0.06,3248.44,18949.23,Active,,
CTR-00115-01,CUST-00115,monthly,1,2020-09-21,2026-06-30,,Monthly in arrears,16386.73,0.07,15206.89,88706.86,Active,,
CTR-00116-02R,CUST-00116,monthly,1,2024-04-01,2024-06-30,,Monthly in arrears,2861.69,0.04,2740.93,685.23,Churned,,
CTR-00120-01,CUST-00120,monthly,1,2020-10-16,2026-06-30,,Monthly in arrears,5680.07,0.02,5577.83,32072.52,Active,,
CTR-00124-01,CUST-00124,monthly,1,2020-10-13,2026-06-30,,Monthly in arrears,2318.39,0.11,2068.24,11892.38,Churned,,
CTR-00126-04,CUST-00126,annual,12,2023-11-25,2024-11-24,2024-11-28,Quarterly in advance,3907.20,0.15,3328.54,3328.54,Renewed,,0.03
CTR-00126-05,CUST-00126,annual,12,2024-11-25,2025-11-24,2025-11-29,Annual in advance,4149.45,0.17,3452.76,3452.76,Renewed,CTR-00126-04,0.04
CTR-00126-06,CUST-00126,annual,12,2025-11-25,2026-11-24,2026-11-27,Quarterly in advance,4406.72,0.18,3610.43,3610.43,Active,CTR-00126-05,0.05
CTR-00127-01,CUST-00127,monthly,1,2020-11-30,2026-06-30,,Monthly in arrears,2912.56,0.11,2605.87,14766.60,Active,,
CTR-00129-01,CUST-00129,monthly,1,2020-11-28,2026-06-30,,Monthly in arrears,1165.02,0.09,1058.19,5996.41,Active,,
CTR-00131-04,CUST-00131,annual,12,2023-11-29,2024-11-28,2024-12-01,Annual in advance,2790.86,0.22,2176.03,2176.03,Renewed,,0.05
CTR-00131-05,CUST-00131,annual,12,2024-11-29,2025-11-28,2025-12-03,Annual in advance,2963.89,0.27,2176.09,2176.09,Churned,CTR-00131-04,0.00
CTR-00133-01,CUST-00133,monthly,1,2020-12-29,2026-06-30,,Monthly in arrears,5268.95,0.09,4796.85,26782.41,Active,,
CTR-00134-03,CUST-00134,annual,12,2022-12-27,2023-12-26,2023-12-26,Annual in advance,4621.98,0.17,3833.47,3833.47,Renewed,,0.04
CTR-00134-04,CUST-00134,annual,12,2023-12-27,2024-12-26,2024-12-29,Annual in advance,4908.55,0.19,3963.16,3963.16,Renewed,CTR-00134-03,0.03
CTR-00134-05,CUST-00134,annual,12,2024-12-27,2025-12-26,2025-12-31,Quarterly in advance,5212.88,0.22,4086.90,4086.90,Renewed,CTR-00134-04,0.03
CTR-00134-06,CUST-00134,annual,12,2025-12-27,2026-12-26,2026-12-26,Quarterly in advance,5536.08,0.23,4281.60,4281.60,Active,CTR-00134-05,0.05
CTR-00138-01,CUST-00138,monthly,1,2020-12-01,2026-06-30,,Monthly in arrears,4683.51,0.08,4291.03,23958.25,Active,,
CTR-00140-03,CUST-00140,annual,12,2022-12-17,2023-12-16,2023-12-17,Quarterly in advance,3961.70,0.13,3451.04,3451.04,Renewed,,0.03
CTR-00140-04,CUST-00140,annual,12,2023-12-17,2024-12-16,2024-12-16,Annual in advance,4908.55,0.14,4207.12,4207.12,Renewed,CTR-00140-03,0.04
CTR-00140-05,CUST-00140,annual,12,2024-12-17,2025-12-16,2025-12-17,Annual in advance,5957.57,0.16,4998.40,4998.40,Renewed,CTR-00140-04,0.04
CTR-00140-06,CUST-00140,annual,12,2025-12-17,2026-12-16,2026-12-17,Quarterly in advance,6326.94,0.18,5183.66,5183.66,Active,CTR-00140-05,0.04
CTR-00142-01,CUST-00142,monthly,1,2020-12-25,2026-06-30,,Monthly in arrears,4098.07,0.07,3827.60,21370.77,Active,,
CTR-00143-01,CUST-00143,monthly,1,2020-12-26,2025-04-30,,Monthly in arrears,8196.14,0.13,7156.05,31605.89,Churned,,
CTR-00144-03,CUST-00144,annual,12,2022-12-05,2023-12-04,2023-12-05,Quarterly in advance,6602.84,0.23,5074.94,5074.94,Renewed,,0.05
CTR-00144-04,CUST-00144,annual,12,2023-12-05,2024-12-04,2024-12-04,Annual in advance,7012.21,0.25,5282.30,5282.30,Renewed,CTR-00144-03,0.04
CTR-00144-05,CUST-00144,annual,12,2024-12-05,2025-12-04,2025-12-07,Annual in advance,6702.27,0.29,4753.92,4753.92,Renewed,CTR-00144-04,0.00
CTR-00144-06,CUST-00144,annual,12,2025-12-05,2026-12-04,2026-12-06,Annual in advance,7908.68,0.31,5466.48,5466.48,Active,CTR-00144-05,0.03
CTR-00148-04,CUST-00148,annual,12,2023-01-26,2024-01-25,2024-01-26,Annual in advance,40602.28,0.24,30691.26,30691.26,Renewed,,0.04
CTR-00148-05,CUST-00148,annual,12,2024-01-26,2025-01-25,2025-01-30,Quarterly in advance,48114.39,0.29,34247.82,34247.82,Renewed,CTR-00148-04,0.00
CTR-00148-06,CUST-00148,annual,12,2025-01-26,2026-01-25,2026-01-30,Annual in advance,51097.48,0.30,35783.57,35783.57,Renewed,CTR-00148-05,0.04
CTR-00148-07,CUST-00148,annual,12,2026-01-26,2027-01-25,2027-01-29,Annual in advance,54265.52,0.32,36927.69,36927.69,Active,CTR-00148-06,0.03
CTR-00150-01,CUST-00150,monthly,1,2020-02-24,2026-06-30,,Monthly in arrears,7892.68,0.11,7056.85,45281.45,Active,,
CTR-00153-04,CUST-00153,annual,12,2023-03-26,2024-03-25,2024-03-29,Annual in advance,13301.57,0.28,9526.58,9526.58,Renewed,,0.05
CTR-00153-05,CUST-00153,annual,12,2024-03-26,2025-03-25,2025-03-28,Quarterly in advance,14126.27,0.30,9903.93,9903.93,Churned,CTR-00153-04,0.04
CTR-00154-02,CUST-00154,multi_year,36,2022-03-17,2025-03-16,2025-03-21,Annual in advance,26839.33,0.24,20282.48,60847.44,Renewed,,0.04
CTR-00154-03,CUST-00154,multi_year,36,2025-03-17,2028-03-16,2028-03-16,Quarterly in advance,32147.35,0.35,20972.93,62918.79,Active,CTR-00154-02,0.03
CTR-00155-04,CUST-00155,annual,12,2023-03-03,2024-03-02,2024-03-02,Annual in advance,60240.45,0.33,40168.33,40168.33,Renewed,,0.00
CTR-00155-05,CUST-00155,annual,12,2024-03-03,2025-03-02,2025-03-04,Annual in advance,79867.41,0.37,50148.75,50148.75,Renewed,CTR-00155-04,0.00
CTR-00155-06,CUST-00155,annual,12,2025-03-03,2026-03-02,2026-03-07,Annual in advance,84819.19,0.38,52587.90,52587.90,Renewed,CTR-00155-05,0.05
CTR-00155-07,CUST-00155,annual,12,2026-03-03,2027-03-02,2027-03-07,Annual in advance,90077.98,0.40,54244.96,54244.96,Active,CTR-00155-06,0.03
CTR-00156-04,CUST-00156,annual,12,2023-03-20,2024-03-19,2024-03-23,Annual in advance,19002.24,0.26,14074.96,14074.96,Renewed,,0.00
CTR-00156-05,CUST-00156,annual,12,2024-03-20,2025-03-19,2025-03-22,Annual in advance,17657.83,0.30,12316.34,12316.34,Renewed,CTR-00156-04,0.00
CTR-00156-06,CUST-00156,annual,12,2025-03-20,2026-03-19,2026-03-21,Quarterly in advance,14734.20,0.34,9677.42,9677.42,Renewed,CTR-00156-05,0.00
CTR-00156-07,CUST-00156,annual,12,2026-03-20,2027-03-19,2027-03-19,Annual in advance,15647.72,0.38,9678.11,9678.11,Active,CTR-00156-06,0.00
CTR-00157-04,CUST-00157,annual,12,2023-04-20,2024-04-19,2024-04-21,Annual in advance,33528.88,0.17,27979.85,27979.85,Renewed,,0.04
CTR-00157-05,CUST-00157,annual,12,2024-04-20,2025-04-19,2025-04-23,Annual in advance,35607.67,0.18,29365.65,29365.65,Renewed,CTR-00157-04,0.05
CTR-00157-06,CUST-00157,annual,12,2025-04-20,2026-04-19,2026-04-24,Annual in advance,37815.35,0.19,30724.97,30724.97,Renewed,CTR-00157-05,0.05
CTR-00157-07,CUST-00157,annual,12,2026-04-20,2027-04-19,2027-04-22,Annual in advance,40159.90,0.23,30726.34,30726.34,Active,CTR-00157-06,0.00
CTR-00158-02,CUST-00158,multi_year,36,2022-04-24,2025-04-23,2025-04-26,Annual in advance,33420.98,0.21,26402.57,79207.71,Renewed,,0.03
CTR-00158-03,CUST-00158,multi_year,24,2025-04-24,2027-04-23,2027-04-27,Annual in advance,55108.14,0.31,37886.85,75773.70,Active,CTR-00158-02,0.04
CTR-00161-04,CUST-00161,annual,12,2023-06-29,2024-06-28,2024-06-30,Annual in advance,60652.53,0.32,41043.57,41043.57,Renewed,,0.03
CTR-00161-05,CUST-00161,annual,12,2024-06-29,2025-06-28,2025-06-28,Annual in advance,64412.98,0.33,43079.40,43079.40,Renewed,CTR-00161-04,0.05
CTR-00161-06,CUST-00161,annual,12,2025-06-29,2026-06-28,2026-06-28,Annual in advance,68406.59,0.37,43082.47,43082.47,Renewed,CTR-00161-05,0.00
CTR-00161-07,CUST-00161,annual,12,2026-06-29,2027-06-28,2027-07-01,Annual in advance,72647.80,0.38,44801.90,44801.90,Active,CTR-00161-06,0.04
CTR-00162-04,CUST-00162,annual,12,2023-06-26,2024-06-25,2024-06-28,Annual in advance,25643.20,0.17,21283.86,21283.86,Renewed,,0.04
CTR-00162-05,CUST-00162,annual,12,2024-06-26,2025-06-25,2025-06-27,Annual in advance,30818.16,0.18,25209.25,25209.25,Renewed,CTR-00162-04,0.05
CTR-00162-06,CUST-00162,annual,12,2025-06-26,2026-06-25,2026-06-25,Annual in advance,32728.88,0.20,26084.92,26084.92,Renewed,CTR-00162-05,0.03
CTR-00162-07,CUST-00162,annual,12,2026-06-26,2027-06-25,2027-06-30,Annual in advance,34758.07,0.25,26085.93,26085.93,Active,CTR-00162-06,0.00
CTR-00164-04,CUST-00164,annual,12,2023-07-29,2024-07-28,2024-08-01,Quarterly in advance,60584.71,0.23,46783.51,46783.51,Renewed,,0.04
CTR-00164-05,CUST-00164,annual,12,2024-07-29,2025-07-28,2025-07-29,Annual in advance,64340.96,0.24,49066.42,49066.42,Renewed,CTR-00164-04,0.05
CTR-00164-06,CUST-00164,annual,12,2025-07-29,2026-07-28,2026-07-28,Annual in advance,68330.10,0.26,50817.10,50817.10,Active,CTR-00164-05,0.04
CTR-00166-04,CUST-00166,annual,12,2023-08-27,2024-08-26,2024-08-31,Annual in advance,59849.30,0.21,47310.87,47310.87,Renewed,,0.05
CTR-00166-05,CUST-00166,annual,12,2024-08-27,2025-08-26,2025-08-31,Annual in advance,65370.55,0.22,50805.99,50805.99,Renewed,CTR-00166-04,0.04
CTR-00166-06,CUST-00166,annual,12,2025-08-27,2026-08-26,2026-08-31,Annual in advance,69423.53,0.24,52498.07,52498.07,Active,CTR-00166-05,0.03
CTR-00167-04,CUST-00167,annual,12,2023-08-14,2024-08-13,2024-08-14,Annual in advance,13639.18,0.28,9756.11,9756.11,Renewed,,0.04
CTR-00167-05,CUST-00167,annual,12,2024-08-14,2025-08-13,2025-08-15,Quarterly in advance,14484.80,0.30,10078.52,10078.52,Renewed,CTR-00167-04,0.03
CTR-00167-06,CUST-00167,annual,12,2025-08-14,2026-08-13,2026-08-13,Annual in advance,15382.86,0.34,10078.85,10078.85,Active,CTR-00167-05,0.00
CTR-00168-04,CUST-00168,annual,12,2023-09-28,2024-09-27,2024-09-29,Quarterly in advance,15910.74,0.22,12332.41,12332.41,Renewed,,0.04
CTR-00168-05,CUST-00168,annual,12,2024-09-28,2025-09-27,2025-09-27,Annual in advance,22096.35,0.24,16696.00,16696.00,Renewed,CTR-00168-04,0.04
CTR-00168-06,CUST-00168,annual,12,2025-09-28,2026-09-27,2026-09-30,Annual in advance,23466.33,0.26,17306.42,17306.42,Active,CTR-00168-05,0.04
CTR-00170-04,CUST-00170,annual,12,2023-10-12,2024-10-11,2024-10-15,Quarterly in advance,9840.43,0.24,7447.24,7447.24,Renewed,,0.05
CTR-00170-05,CUST-00170,annual,12,2024-10-12,2025-10-11,2025-10-14,Annual in advance,13063.17,0.26,9635.39,9635.39,Renewed,CTR-00170-04,0.04
CTR-00170-06,CUST-00170,annual,12,2025-10-12,2026-10-11,2026-10-13,Annual in advance,13873.09,0.31,9634.86,9634.86,Active,CTR-00170-05,0.00
CTR-00171-04,CUST-00171,annual,12,2023-10-30,2024-10-29,2024-10-31,Quarterly in advance,28291.24,0.15,24039.07,24039.07,Renewed,,0.00
CTR-00171-05,CUST-00171,annual,12,2024-10-30,2025-10-29,2025-10-29,Annual in advance,30045.30,0.20,24039.24,24039.24,Renewed,CTR-00171-04,0.00
CTR-00171-06,CUST-00171,annual,12,2025-10-30,2026-10-29,2026-10-31,Quarterly in advance,31908.11,0.22,24993.62,24993.62,Active,CTR-00171-05,0.04
CTR-00172-04,CUST-00172,annual,12,2023-10-06,2024-10-05,2024-10-08,Annual in advance,85681.63,0.30,59848.62,59848.62,Renewed,,0.04
CTR-00172-05,CUST-00172,annual,12,2024-10-06,2025-10-05,2025-10-09,Annual in advance,115813.92,0.34,76170.82,76170.82,Renewed,CTR-00172-04,0.00
CTR-00172-06,CUST-00172,annual,12,2025-10-06,2026-10-05,2026-10-08,Annual in advance,122994.38,0.35,79442.07,79442.07,Active,CTR-00172-05,0.04
CTR-00173-04,CUST-00173,annual,12,2023-11-25,2024-11-24,2024-11-28,Annual in advance,14834.83,0.21,11695.78,11695.78,Renewed,,0.00
CTR-00173-05,CUST-00173,annual,12,2024-11-25,2025-11-24,2025-11-29,Quarterly in advance,18380.35,0.26,13645.57,13645.57,Renewed,CTR-00173-04,0.00
CTR-00173-06,CUST-00173,annual,12,2025-11-25,2026-11-24,2026-11-28,Annual in advance,19519.93,0.27,14276.88,14276.88,Active,CTR-00173-05,0.05
CTR-00174-04,CUST-00174,annual,12,2023-11-30,2024-11-29,2024-12-04,Annual in advance,31153.14,0.14,26763.66,26763.66,Renewed,,0.03
CTR-00174-05,CUST-00174,annual,12,2024-11-30,2025-11-29,2025-12-04,Annual in advance,33084.63,0.17,27566.11,27566.11,Renewed,CTR-00174-04,0.03
CTR-00174-06,CUST-00174,annual,12,2025-11-30,2026-11-29,2026-12-01,Annual in advance,35135.88,0.18,28881.69,28881.69,Active,CTR-00174-05,0.05
CTR-00175-04,CUST-00175,annual,12,2023-11-25,2024-11-24,2024-11-26,Annual in advance,17307.30,0.29,12352.22,12352.22,Renewed,,0.00
CTR-00175-05,CUST-00175,annual,12,2024-11-25,2025-11-24,2025-11-29,Annual in advance,26257.64,0.31,18183.42,18183.42,Renewed,CTR-00175-04,0.03
CTR-00175-06,CUST-00175,annual,12,2025-11-25,2026-11-24,2026-11-27,Annual in advance,27885.62,0.32,18953.86,18953.86,Active,CTR-00175-05,0.04
CTR-00176-03,CUST-00176,annual,12,2022-12-22,2023-12-21,2023-12-25,Annual in advance,22228.36,0.24,16946.90,16946.90,Renewed,,0.04
CTR-00176-04,CUST-00176,annual,12,2023-12-22,2024-12-21,2024-12-21,Annual in advance,23606.51,0.25,17605.74,17605.74,Renewed,CTR-00176-03,0.04
CTR-00176-05,CUST-00176,annual,12,2024-12-22,2025-12-21,2025-12-21,Annual in advance,25070.12,0.27,18286.15,18286.15,Renewed,CTR-00176-04,0.04
CTR-00176-06,CUST-00176,annual,12,2025-12-22,2026-12-21,2026-12-23,Annual in advance,26624.47,0.28,19103.06,19103.06,Active,CTR-00176-05,0.04
CTR-00177-03,CUST-00177,annual,12,2022-12-27,2023-12-26,2023-12-28,Annual in advance,51476.19,0.30,35992.15,35992.15,Renewed,,0.00
CTR-00177-04,CUST-00177,annual,12,2023-12-27,2024-12-26,2024-12-26,Annual in advance,54667.72,0.31,37693.39,37693.39,Renewed,CTR-00177-03,0.05
CTR-00177-05,CUST-00177,annual,12,2024-12-27,2025-12-26,2025-12-30,Annual in advance,58057.12,0.33,38851.82,38851.82,Renewed,CTR-00177-04,0.03
CTR-00177-06,CUST-00177,annual,12,2025-12-27,2026-12-26,2026-12-27,Annual in advance,89682.41,0.34,58903.41,58903.41,Active,CTR-00177-05,0.04
CTR-00178-02,CUST-00178,multi_year,24,2022-12-30,2024-12-29,2024-12-29,Annual in advance,29461.25,0.24,22293.33,44586.66,Renewed,,0.00
CTR-00178-03,CUST-00178,multi_year,24,2024-12-30,2026-12-29,2027-01-03,Annual in advance,33227.69,0.30,23295.93,46591.86,Active,CTR-00178-02,0.04
CTR-00179-03,CUST-00179,annual,12,2022-12-30,2023-12-29,2024-01-02,Annual in advance,26908.01,0.21,21243.87,21243.87,Renewed,,0.00
CTR-00179-04,CUST-00179,annual,12,2023-12-30,2024-12-29,2024-12-31,Quarterly in advance,32303.65,0.23,24931.96,24931.96,Renewed,CTR-00179-03,0.04
CTR-00179-05,CUST-00179,annual,12,2024-12-30,2025-12-29,2025-12-29,Annual in advance,34306.48,0.25,25678.40,25678.40,Renewed,CTR-00179-04,0.03
CTR-00179-06,CUST-00179,annual,12,2025-12-30,2026-12-29,2026-12-31,Quarterly in advance,33630.90,0.30,23703.06,23703.06,Active,CTR-00179-05,0.00
CTR-00180-03,CUST-00180,annual,12,2022-12-31,2023-12-30,2024-01-02,Annual in advance,21058.44,0.26,15562.19,15562.19,Renewed,,0.00
CTR-00180-04,CUST-00180,annual,12,2023-12-31,2024-12-30,2024-12-31,Quarterly in advance,22364.07,0.28,16057.40,16057.40,Renewed,CTR-00180-03,0.03
CTR-00180-05,CUST-00180,annual,12,2024-12-31,2025-12-30,2026-01-04,Annual in advance,23750.64,0.30,16592.20,16592.20,Renewed,CTR-00180-04,0.03
CTR-00180-06,CUST-00180,annual,12,2025-12-31,2026-12-30,2027-01-04,Annual in advance,36433.48,0.32,24818.49,24818.49,Active,CTR-00180-05,0.04
CTR-00181-03,CUST-00181,annual,12,2022-12-14,2023-12-13,2023-12-18,Annual in advance,7019.48,0.30,4908.72,4908.72,Renewed,,0.00
CTR-00181-04,CUST-00181,annual,12,2023-12-14,2024-12-13,2024-12-16,Quarterly in advance,6212.24,0.34,4090.76,4090.76,Renewed,CTR-00181-03,0.00
CTR-00181-05,CUST-00181,annual,12,2024-12-14,2025-12-13,2025-12-15,Annual in advance,6597.40,0.36,4231.57,4231.57,Renewed,CTR-00181-04,0.03
CTR-00181-06,CUST-00181,annual,12,2025-12-14,2026-12-13,2026-12-15,Annual in advance,7006.44,0.37,4412.66,4412.66,Active,CTR-00181-05,0.04
CTR-00182-02,CUST-00182,multi_year,36,2022-03-04,2025-03-03,2025-03-08,Annual in advance,429385.32,0.26,318861.54,956584.62,Renewed,,0.03
CTR-00182-03,CUST-00182,multi_year,36,2025-03-04,2028-03-03,2028-03-05,Annual in advance,354258.48,0.38,219640.26,658920.78,Active,CTR-00182-02,0.00
CTR-00183-03,CUST-00183,annual,12,2022-12-12,2023-12-11,2023-12-14,Annual in advance,84127.31,0.26,62111.19,62111.19,Renewed,,0.04
CTR-00183-04,CUST-00183,annual,12,2023-12-12,2024-12-11,2024-12-13,Annual in advance,68121.54,0.30,47358.09,47358.09,Renewed,CTR-00183-03,0.00
CTR-00183-05,CUST-00183,annual,12,2024-12-12,2025-12-11,2025-12-15,Annual in advance,72345.07,0.32,49411.68,49411.68,Renewed,CTR-00183-04,0.04
CTR-00183-06,CUST-00183,annual,12,2025-12-12,2026-12-11,2026-12-12,Annual in advance,76830.47,0.33,51753.00,51753.00,Active,CTR-00183-05,0.05
CTR-00184-01,CUST-00184,monthly,1,2021-01-15,2026-06-30,,Monthly in arrears,3294.93,0.05,3123.59,17179.74,Active,,
CTR-00185-01,CUST-00185,monthly,1,2021-01-04,2026-06-30,,Monthly in arrears,5883.81,0.09,5383.69,29610.29,Active,,
CTR-00187-01,CUST-00187,monthly,1,2021-01-31,2026-06-30,,Monthly in arrears,6589.86,0.14,5698.91,31344.01,Active,,
CTR-00193-03,CUST-00193,annual,12,2023-01-26,2024-01-25,2024-01-26,Annual in advance,9290.42,0.12,8193.22,8193.22,Churned,,0.03
CTR-00194-01,CUST-00194,monthly,1,2021-01-25,2026-03-31,,Monthly in arrears,2941.90,0.03,2859.23,15010.96,Churned,,
CTR-00195-01,CUST-00195,monthly,1,2021-02-23,2026-06-30,,Monthly in arrears,2956.69,0.09,2702.71,14639.68,Active,,
CTR-00198-02,CUST-00198,multi_year,24,2023-02-24,2025-02-23,2025-02-23,Quarterly in advance,10270.82,0.27,7527.48,15054.96,Renewed,,0.00
CTR-00198-03,CUST-00198,multi_year,24,2025-02-24,2027-02-23,2027-02-24,Annual in advance,14743.13,0.32,10016.48,20032.96,Active,CTR-00198-02,0.05
CTR-00199-03,CUST-00199,annual,12,2023-02-02,2024-02-01,2024-02-03,Annual in advance,5602.27,0.14,4800.02,4800.02,Renewed,,0.03
CTR-00199-04,CUST-00199,annual,12,2024-02-02,2025-02-01,2025-02-06,Annual in advance,5949.61,0.19,4800.15,4800.15,Renewed,CTR-00199-03,0.00
CTR-00199-05,CUST-00199,annual,12,2025-02-02,2026-02-01,2026-02-05,Annual in advance,6318.48,0.22,4953.69,4953.69,Renewed,CTR-00199-04,0.03
CTR-00199-06,CUST-00199,annual,12,2026-02-02,2027-02-01,2027-02-01,Quarterly in advance,6710.23,0.26,4953.49,4953.49,Active,CTR-00199-05,0.00
CTR-00200-01,CUST-00200,monthly,1,2021-02-25,2026-06-30,,Monthly in arrears,5322.04,0.05,5032.52,27259.48,Active,,
CTR-00201-01,CUST-00201,monthly,1,2021-02-27,2024-01-31,,Monthly in arrears,4730.70,0.19,3809.16,11427.48,Churned,,
CTR-00202-01,CUST-00202,monthly,1,2021-02-27,2026-06-30,,Monthly in arrears,1182.68,0.12,1035.08,5606.68,Active,,
CTR-00203-01,CUST-00203,monthly,1,2021-02-28,2024-05-31,,Monthly in arrears,3548.03,0.06,3351.47,11171.57,Churned,,
CTR-00205-01,CUST-00205,monthly,1,2021-02-27,2026-06-30,,Monthly in arrears,7450.85,0.12,6580.59,35644.86,Active,,
CTR-00211-01,CUST-00211,monthly,1,2021-03-28,2026-06-30,,Monthly in arrears,6537.40,0.07,6083.70,32446.40,Active,,
CTR-00212-01,CUST-00212,monthly,1,2021-03-30,2025-04-30,,Monthly in arrears,4160.17,0.06,3923.46,16347.75,Churned,,
CTR-00213-01,CUST-00213,monthly,1,2021-03-16,2024-03-31,,Monthly in arrears,4160.17,0.03,4047.43,12479.58,Churned,,
CTR-00214-03,CUST-00214,annual,12,2023-03-10,2024-03-09,2024-03-10,Annual in advance,2815.21,0.19,2279.19,2279.19,Renewed,,0.00
CTR-00214-04,CUST-00214,annual,12,2024-03-10,2025-03-09,2025-03-11,Annual in advance,2989.75,0.20,2379.84,2379.84,Renewed,CTR-00214-03,0.04
CTR-00214-05,CUST-00214,annual,12,2025-03-10,2026-03-09,2026-03-12,Annual in advance,3175.12,0.22,2490.56,2490.56,Renewed,CTR-00214-04,0.05
CTR-00214-06,CUST-00214,annual,12,2026-03-10,2027-03-09,2027-03-11,Annual in advance,3371.98,0.23,2581.59,2581.59,Active,CTR-00214-05,0.04
CTR-00216-03,CUST-00216,annual,12,2023-03-27,2024-03-26,2024-03-27,Annual in advance,5362.31,0.14,4586.38,4586.38,Renewed,,0.04
CTR-00216-04,CUST-00216,annual,12,2024-03-27,2025-03-26,2025-03-28,Annual in advance,5694.77,0.17,4729.51,4729.51,Renewed,CTR-00216-03,0.03
CTR-00216-05,CUST-00216,annual,12,2025-03-27,2026-03-26,2026-03-29,Annual in advance,6047.84,0.18,4941.09,4941.09,Renewed,CTR-00216-04,0.04
CTR-00216-06,CUST-00216,annual,12,2026-03-27,2027-03-26,2027-03-27,Quarterly in advance,6422.81,0.21,5103.56,5103.56,Active,CTR-00216-05,0.03
CTR-00217-03,CUST-00217,annual,12,2023-03-22,2024-03-21,2024-03-25,Annual in advance,4692.02,0.08,4308.21,4308.21,Renewed,,0.00
CTR-00217-04,CUST-00217,annual,12,2024-03-22,2025-03-21,2025-03-21,Annual in advance,4982.92,0.10,4465.69,4465.69,Renewed,CTR-00217-03,0.04
CTR-00217-05,CUST-00217,annual,12,2025-03-22,2026-03-21,2026-03-24,Quarterly in advance,5291.86,0.13,4619.26,4619.26,Renewed,CTR-00217-04,0.03
CTR-00217-06,CUST-00217,annual,12,2026-03-22,2027-03-21,2027-03-23,Annual in advance,4817.11,0.18,3959.18,3959.18,Active,CTR-00217-05,0.00
CTR-00218-01,CUST-00218,monthly,1,2021-03-16,2026-06-30,,Monthly in arrears,1188.62,0.19,959.22,5115.84,Active,,
CTR-00219-01,CUST-00219,monthly,1,2021-03-02,2026-06-30,,Monthly in arrears,4160.17,0.12,3665.11,19547.25,Active,,
CTR-00223-03,CUST-00223,annual,12,2023-03-26,2024-03-25,2024-03-29,Annual in advance,7373.17,0.14,6335.03,6335.03,Renewed,,0.00
CTR-00223-04,CUST-00223,annual,12,2024-03-26,2025-03-25,2025-03-27,Quarterly in advance,7118.46,0.19,5758.83,5758.83,Renewed,CTR-00223-03,0.00
CTR-00223-05,CUST-00223,annual,12,2025-03-26,2026-03-25,2026-03-29,Quarterly in advance,7559.81,0.21,5979.05,5979.05,Renewed,CTR-00223-04,0.04
CTR-00223-06,CUST-00223,annual,12,2026-03-26,2027-03-25,2027-03-28,Quarterly in advance,8028.51,0.26,5978.83,5978.83,Active,CTR-00223-05,0.00
CTR-00225-03,CUST-00225,annual,12,2023-04-21,2024-04-20,2024-04-25,Annual in advance,2694.63,0.22,2090.49,2090.49,Renewed,,0.00
CTR-00225-04,CUST-00225,annual,12,2024-04-21,2025-04-20,2025-04-20,Annual in advance,2861.69,0.24,2172.60,2172.60,Renewed,CTR-00225-03,0.04
CTR-00225-05,CUST-00225,annual,12,2025-04-21,2026-04-20,2026-04-24,Quarterly in advance,3039.12,0.29,2172.67,2172.67,Renewed,CTR-00225-04,0.00
CTR-00225-06,CUST-00225,annual,12,2026-04-21,2027-04-20,2027-04-21,Annual in advance,3227.54,0.30,2248.30,2248.30,Active,CTR-00225-05,0.03
CTR-00226-01,CUST-00226,monthly,1,2021-04-30,2026-06-30,,Monthly in arrears,5375.66,0.05,5124.08,26901.42,Active,,
CTR-00227-01,CUST-00227,monthly,1,2021-04-26,2024-03-31,,Monthly in arrears,2389.18,0.11,2122.07,6366.21,Churned,,
CTR-00228-01,CUST-00228,monthly,1,2021-04-16,2026-06-30,,Monthly in arrears,2389.18,0.07,2225.28,11682.72,Active,,
CTR-00229-01,CUST-00229,monthly,1,2021-04-20,2026-06-30,,Monthly in arrears,4778.37,0.03,4657.96,24454.29,Active,,
CTR-00230-01,CUST-00230,monthly,1,2021-04-24,2026-06-30,,Monthly in arrears,6570.26,0.04,6289.05,33017.51,Active,,
CTR-00231-01,CUST-00231,monthly,1,2021-04-20,2024-10-31,,Monthly in arrears,2986.48,0.24,2256.29,8085.04,Churned,,
CTR-00235-01,CUST-00235,monthly,1,2021-05-02,2026-06-30,,Monthly in arrears,3601.79,0.00,3601.79,18609.25,Active,,
CTR-00237-03,CUST-00237,annual,12,2023-05-28,2024-05-27,2024-05-30,Annual in advance,2708.17,0.16,2280.55,2280.55,Renewed,,0.04
CTR-00237-04,CUST-00237,annual,12,2024-05-28,2025-05-27,2025-05-31,Annual in advance,2876.07,0.18,2366.72,2366.72,Renewed,CTR-00237-03,0.04
CTR-00237-05,CUST-00237,annual,12,2025-05-28,2026-05-27,2026-06-01,Annual in advance,3054.39,0.19,2480.16,2480.16,Renewed,CTR-00237-04,0.05
CTR-00237-06,CUST-00237,annual,12,2026-05-28,2027-05-27,2027-05-30,Annual in advance,3243.76,0.24,2480.18,2480.18,Active,CTR-00237-05,0.00
CTR-00238-01,CUST-00238,monthly,1,2021-05-24,2024-12-31,,Monthly in arrears,5402.68,0.07,5046.64,18504.35,Churned,,
CTR-00239-01,CUST-00239,monthly,1,2021-05-03,2026-06-30,,Monthly in arrears,2401.19,0.09,2173.80,11231.30,Active,,
CTR-00240-01,CUST-00240,monthly,1,2021-05-27,2024-04-30,,Monthly in arrears,6723.33,0.12,5907.79,17723.37,Churned,,
CTR-00242-03,CUST-00242,annual,12,2023-05-28,2024-05-27,2024-05-31,Quarterly in advance,5416.34,0.13,4712.76,4712.76,Renewed,,0.03
CTR-00242-04,CUST-00242,annual,12,2024-05-28,2025-05-27,2025-05-31,Annual in advance,6471.17,0.15,5501.79,5501.79,Renewed,CTR-00242-03,0.04
CTR-00242-05,CUST-00242,annual,12,2025-05-28,2026-05-27,2026-05-30,Annual in advance,6872.38,0.16,5751.49,5751.49,Renewed,CTR-00242-04,0.05
CTR-00242-06,CUST-00242,annual,12,2026-05-28,2027-05-27,2027-05-29,Annual in advance,7298.47,0.18,5970.15,5970.15,Active,CTR-00242-05,0.04
CTR-00244-03,CUST-00244,annual,12,2023-05-01,2024-04-30,2024-05-04,Annual in advance,2031.13,0.17,1680.96,1680.96,Renewed,,0.00
CTR-00244-04,CUST-00244,annual,12,2024-05-01,2025-04-30,2025-04-30,Quarterly in advance,2157.06,0.19,1747.22,1747.22,Renewed,CTR-00244-03,0.04
CTR-00244-05,CUST-00244,annual,12,2025-05-01,2026-04-30,2026-05-01,Annual in advance,2290.79,0.24,1747.19,1747.19,Renewed,CTR-00244-04,0.00
CTR-00244-06,CUST-00244,annual,12,2026-05-01,2027-04-30,2027-05-04,Annual in advance,3243.76,0.25,2429.58,2429.58,Active,CTR-00244-05,0.04
CTR-00247-03,CUST-00247,annual,12,2023-06-30,2024-06-29,2024-06-30,Quarterly in advance,2721.78,0.15,2326.31,2326.31,Renewed,,0.03
CTR-00247-04,CUST-00247,annual,12,2024-06-30,2025-06-29,2025-06-30,Annual in advance,2890.53,0.17,2402.03,2402.03,Renewed,CTR-00247-03,0.03
CTR-00247-05,CUST-00247,annual,12,2025-06-30,2026-06-29,2026-07-01,Annual in advance,3069.74,0.18,2519.95,2519.95,Churned,CTR-00247-04,0.05
CTR-00256-03R,CUST-00256,annual,12,2024-03-01,2025-02-28,2025-03-01,Annual in advance,1423.69,0.11,1271.50,1271.50,Renewed,,
CTR-00256-04,CUST-00256,annual,12,2025-03-01,2026-02-28,2026-02-28,Annual in advance,1511.96,0.12,1334.15,1334.15,Churned,CTR-00256-03R,0.05
CTR-00258-03,CUST-00258,annual,12,2023-06-25,2024-06-24,2024-06-29,Annual in advance,10206.67,0.23,7833.62,7833.62,Renewed,,0.00
CTR-00258-04,CUST-00258,annual,12,2024-06-25,2025-06-24,2025-06-24,Quarterly in advance,9394.22,0.28,6789.20,6789.20,Churned,CTR-00258-03,0.00
CTR-00259-02R,CUST-00259,monthly,1,2023-12-01,2024-09-30,,Monthly in arrears,8414.65,0.07,7855.08,6545.90,Churned,,
CTR-00260-01,CUST-00260,monthly,1,2021-07-26,2026-06-30,,Monthly in arrears,2425.39,0.09,2204.92,11024.60,Active,,
CTR-00262-03,CUST-00262,annual,12,2023-07-27,2024-07-26,2024-07-26,Annual in advance,7522.50,0.11,6674.71,6674.71,Renewed,,0.05
CTR-00262-04,CUST-00262,annual,12,2024-07-27,2025-07-26,2025-07-28,Annual in advance,5083.85,0.16,4247.56,4247.56,Renewed,CTR-00262-03,0.00
CTR-00262-05,CUST-00262,annual,12,2025-07-27,2026-07-26,2026-07-26,Annual in advance,5399.04,0.18,4422.89,4422.89,Active,CTR-00262-04,0.04
CTR-00263-03,CUST-00263,annual,12,2023-07-11,2024-07-10,2024-07-12,Annual in advance,2735.46,0.10,2470.94,2470.94,Renewed,,0.03
CTR-00263-04,CUST-00263,annual,12,2024-07-11,2025-07-10,2025-07-13,Quarterly in advance,2905.05,0.11,2572.42,2572.42,Renewed,CTR-00263-03,0.04
CTR-00263-05,CUST-00263,annual,12,2025-07-11,2026-07-10,2026-07-10,Annual in advance,3085.17,0.14,2662.50,2662.50,Active,CTR-00263-04,0.04
CTR-00264-03,CUST-00264,annual,12,2023-07-31,2024-07-30,2024-08-03,Quarterly in advance,3419.32,0.11,3027.81,3027.81,Renewed,,0.05
CTR-00264-04,CUST-00264,annual,12,2024-07-31,2025-07-30,2025-08-02,Quarterly in advance,3631.32,0.13,3167.24,3167.24,Renewed,CTR-00264-03,0.05
CTR-00264-05,CUST-00264,annual,12,2025-07-31,2026-07-30,2026-08-02,Annual in advance,3856.46,0.18,3167.31,3167.31,Active,CTR-00264-04,0.00
CTR-00266-03,CUST-00266,annual,12,2023-07-28,2024-07-27,2024-07-30,Annual in advance,12309.55,0.12,10876.72,10876.72,Renewed,,0.03
CTR-00266-04,CUST-00266,annual,12,2024-07-28,2025-07-27,2025-07-28,Quarterly in advance,9441.43,0.17,7855.27,7855.27,Renewed,CTR-00266-03,0.00
CTR-00266-05,CUST-00266,annual,12,2025-07-28,2026-07-27,2026-07-29,Annual in advance,6941.63,0.22,5438.07,5438.07,Active,CTR-00266-04,0.00
CTR-00268-02R,CUST-00268,monthly,1,2022-09-01,2024-06-30,,Monthly in arrears,3902.57,0.02,3819.45,7002.32,Churned,,
CTR-00269-01,CUST-00269,monthly,1,2021-08-27,2026-06-30,,Monthly in arrears,7678.36,0.10,6934.33,34093.79,Active,,
CTR-00270-03,CUST-00270,annual,12,2023-08-26,2024-08-25,2024-08-29,Quarterly in advance,2886.66,0.07,2680.84,2680.84,Renewed,,0.05
CTR-00270-04,CUST-00270,annual,12,2024-08-26,2025-08-25,2025-08-28,Annual in advance,3065.64,0.09,2782.68,2782.68,Renewed,CTR-00270-03,0.04
CTR-00270-05,CUST-00270,annual,12,2025-08-26,2026-08-25,2026-08-25,Annual in advance,3255.71,0.10,2914.84,2914.84,Active,CTR-00270-04,0.05
CTR-00271-01,CUST-00271,monthly,1,2021-08-31,2026-06-30,,Monthly in arrears,1828.18,0.03,1779.92,8751.27,Active,,
CTR-00273-01,CUST-00273,monthly,1,2021-08-09,2026-06-30,,Monthly in arrears,7678.36,0.07,7107.09,34943.19,Active,,
CTR-00276-03,CUST-00276,annual,12,2023-09-01,2024-08-31,2024-09-01,Annual in advance,7736.45,0.11,6868.42,6868.42,Renewed,,0.03
CTR-00276-04,CUST-00276,annual,12,2024-09-01,2025-08-31,2025-09-05,Quarterly in advance,6162.08,0.16,5151.50,5151.50,Renewed,CTR-00276-03,0.00
CTR-00276-05,CUST-00276,annual,12,2025-09-01,2026-08-31,2026-09-02,Annual in advance,6544.13,0.19,5321.69,5321.69,Active,CTR-00276-04,0.03
CTR-00277-01,CUST-00277,monthly,1,2021-09-28,2026-06-30,,Monthly in arrears,7961.93,0.12,7045.51,34053.30,Active,,
CTR-00278-01,CUST-00278,monthly,1,2021-09-25,2024-01-31,,Monthly in arrears,8574.38,0.12,7532.59,18203.76,Churned,,
CTR-00279-01,CUST-00279,monthly,1,2021-09-28,2026-06-30,,Monthly in arrears,2449.82,0.05,2316.55,11196.66,Active,,
CTR-00283-03,CUST-00283,annual,12,2023-09-14,2024-09-13,2024-09-14,Annual in advance,6907.55,0.11,6178.11,6178.11,Renewed,,0.04
CTR-00283-04,CUST-00283,annual,12,2024-09-14,2025-09-13,2025-09-13,Annual in advance,7335.82,0.12,6440.12,6440.12,Renewed,CTR-00283-03,0.04
CTR-00283-05,CUST-00283,annual,12,2025-09-14,2026-09-13,2026-09-16,Annual in advance,7790.64,0.15,6643.08,6643.08,Active,CTR-00283-04,0.03
CTR-00284-01,CUST-00284,monthly,1,2021-09-01,2026-06-30,,Monthly in arrears,2449.82,0.10,2214.64,10704.09,Active,,
CTR-00286-01,CUST-00286,monthly,1,2021-10-27,2026-06-30,,Monthly in arrears,7386.41,0.11,6580.55,31257.61,Active,,
CTR-00287-01,CUST-00287,monthly,1,2021-10-31,2026-03-31,,Monthly in arrears,3693.20,0.10,3329.42,14982.39,Churned,,
CTR-00288-03,CUST-00288,annual,12,2023-10-27,2024-10-26,2024-10-31,Quarterly in advance,4859.58,0.18,3990.20,3990.20,Renewed,,0.00
CTR-00288-04,CUST-00288,annual,12,2024-10-27,2025-10-26,2025-10-29,Annual in advance,5160.88,0.23,3990.39,3990.39,Renewed,CTR-00288-03,0.00
CTR-00288-05,CUST-00288,annual,12,2025-10-27,2026-10-26,2026-10-28,Annual in advance,4697.87,0.27,3420.52,3420.52,Active,CTR-00288-04,0.00
CTR-00289-01,CUST-00289,monthly,1,2021-10-03,2024-11-30,,Monthly in arrears,3446.99,0.08,3186.74,10091.34,Churned,,
CTR-00292-01,CUST-00292,monthly,1,2021-10-26,2025-03-31,,Monthly in arrears,1231.07,0.02,1209.77,4234.19,Churned,,
CTR-00296-01,CUST-00296,monthly,1,2021-10-07,2026-06-30,,Monthly in arrears,2462.14,0.03,2386.31,11334.97,Active,,
CTR-00300-01,CUST-00300,monthly,1,2021-11-03,2025-01-31,,Monthly in arrears,3093.14,0.04,2982.41,9692.83,Churned,,
CTR-00303-01,CUST-00303,monthly,1,2021-11-06,2025-08-31,,Monthly in arrears,1855.88,0.17,1542.42,5912.61,Churned,,
CTR-00304-01,CUST-00304,monthly,1,2021-11-27,2026-06-30,,Monthly in arrears,4330.39,0.08,3964.91,18502.91,Active,,
CTR-00306-01,CUST-00306,monthly,1,2021-11-23,2026-06-30,,Monthly in arrears,8042.15,0.05,7644.06,35672.28,Active,,
CTR-00307-01,CUST-00307,monthly,1,2021-11-25,2024-01-31,,Monthly in arrears,1732.16,0.10,1555.31,3499.45,Churned,,
CTR-00308-02,CUST-00308,annual,12,2022-12-30,2023-12-29,2024-01-02,Annual in advance,12545.39,0.12,10989.76,10989.76,Renewed,,0.00
CTR-00308-03,CUST-00308,annual,12,2023-12-30,2024-12-29,2024-12-31,Quarterly in advance,12621.98,0.18,10411.87,10411.87,Renewed,CTR-00308-02,0.00
CTR-00308-04,CUST-00308,annual,12,2024-12-30,2025-12-29,2026-01-02,Annual in advance,14893.94,0.19,11992.60,11992.60,Renewed,CTR-00308-03,0.04
CTR-00308-05,CUST-00308,annual,12,2025-12-30,2026-12-29,2027-01-03,Annual in advance,15817.36,0.24,11992.72,11992.72,Active,CTR-00308-04,0.00
CTR-00309-01,CUST-00309,monthly,1,2021-12-26,2026-06-30,,Monthly in arrears,3730.42,0.06,3490.55,15998.35,Active,,
CTR-00310-02,CUST-00310,annual,12,2022-12-13,2023-12-12,2023-12-12,Annual in advance,2773.19,0.15,2346.95,2346.95,Renewed,,0.04
CTR-00310-03,CUST-00310,annual,12,2023-12-13,2024-12-12,2024-12-15,Annual in advance,2945.13,0.20,2346.97,2346.97,Renewed,CTR-00310-02,0.00
CTR-00310-04,CUST-00310,annual,12,2024-12-13,2025-12-12,2025-12-15,Annual in advance,3127.73,0.21,2458.40,2458.40,Renewed,CTR-00310-03,0.05
CTR-00310-05,CUST-00310,annual,12,2025-12-13,2026-12-12,2026-12-16,Annual in advance,3321.65,0.24,2540.73,2540.73,Active,CTR-00310-04,0.03
CTR-00311-02,CUST-00311,annual,12,2022-12-26,2023-12-25,2023-12-27,Annual in advance,1320.57,0.08,1213.87,1213.87,Renewed,,0.05
CTR-00311-03,CUST-00311,annual,12,2023-12-26,2024-12-25,2024-12-26,Annual in advance,1402.44,0.10,1266.40,1266.40,Renewed,CTR-00311-02,0.04
CTR-00311-04,CUST-00311,annual,12,2024-12-26,2025-12-25,2025-12-30,Quarterly in advance,2234.09,0.11,1986.78,1986.78,Renewed,CTR-00311-03,0.05
CTR-00311-05,CUST-00311,annual,12,2025-12-26,2026-12-25,2026-12-28,Annual in advance,1581.74,0.16,1324.55,1324.55,Active,CTR-00311-04,0.00
CTR-00314-03,CUST-00314,annual,12,2023-12-01,2024-11-30,2024-12-03,Annual in advance,7012.21,0.14,6003.85,6003.85,Renewed,,0.00
CTR-00314-04,CUST-00314,annual,12,2024-12-01,2025-11-30,2025-12-02,Annual in advance,8936.36,0.16,7539.61,7539.61,Renewed,CTR-00314-03,0.05
CTR-00314-05,CUST-00314,annual,12,2025-12-01,2026-11-30,2026-12-01,Annual in advance,9490.42,0.17,7843.83,7843.83,Active,CTR-00314-04,0.04
CTR-00316-01,CUST-00316,monthly,1,2021-12-01,2024-05-31,,Monthly in arrears,3730.42,0.14,3196.60,7991.50,Churned,,
CTR-00318-01,CUST-00318,monthly,1,2021-12-24,2026-06-30,,Monthly in arrears,4973.89,0.05,4708.28,21579.62,Active,,
CTR-00319-02,CUST-00319,annual,12,2022-12-17,2023-12-16,2023-12-20,Quarterly in advance,7826.81,0.16,6546.34,6546.34,Renewed,,0.03
CTR-00319-03,CUST-00319,annual,12,2023-12-17,2024-12-16,2024-12-19,Quarterly in advance,8312.07,0.21,6546.59,6546.59,Churned,CTR-00319-02,0.00
CTR-00321-01,CUST-00321,monthly,1,2021-12-31,2026-06-30,,Monthly in arrears,2486.94,0.14,2139.27,9804.99,Active,,
CTR-00322-02R,CUST-00322,monthly,1,2022-11-01,2023-12-31,,Monthly in arrears,5706.77,0.13,4943.77,5767.73,Churned,,
CTR-00325-02R,CUST-00325,monthly,1,2023-10-01,2024-01-31,,Monthly in arrears,1388.45,0.05,1323.47,441.16,Churned,,
CTR-00328-02,CUST-00328,annual,12,2022-12-27,2023-12-26,2023-12-28,Annual in advance,11092.76,0.06,10428.30,10428.30,Renewed,,0.04
CTR-00328-03,CUST-00328,annual,12,2023-12-27,2024-12-26,2024-12-30,Annual in advance,11780.52,0.08,10828.65,10828.65,Renewed,CTR-00328-02,0.04
CTR-00328-04,CUST-00328,annual,12,2024-12-27,2025-12-26,2025-12-31,Annual in advance,12510.91,0.10,11262.32,11262.32,Renewed,CTR-00328-03,0.04
CTR-00328-05,CUST-00328,annual,12,2025-12-27,2026-12-26,2026-12-28,Quarterly in advance,13286.58,0.12,11680.23,11680.23,Active,CTR-00328-04,0.04
CTR-00333-02R,CUST-00333,annual,12,2023-09-01,2024-08-31,2024-09-01,Quarterly in advance,2763.02,0.08,2541.43,2541.43,Renewed,,
CTR-00333-03,CUST-00333,annual,12,2024-09-01,2025-08-31,2025-09-05,Annual in advance,4401.49,0.09,3995.67,3995.67,Renewed,CTR-00333-02R,0.05
CTR-00333-04,CUST-00333,annual,12,2025-09-01,2026-08-31,2026-09-03,Annual in advance,4674.38,0.11,4145.24,4145.24,Active,CTR-00333-03,0.04
CTR-00336-03,CUST-00336,annual,12,2023-01-29,2024-01-28,2024-01-29,Annual in advance,31877.10,0.22,24880.08,24880.08,Renewed,,0.04
CTR-00336-04,CUST-00336,annual,12,2024-01-29,2025-01-28,2025-01-29,Quarterly in advance,33853.48,0.24,25850.52,25850.52,Renewed,CTR-00336-03,0.04
CTR-00336-05,CUST-00336,annual,12,2025-01-29,2026-01-28,2026-01-30,Annual in advance,35952.40,0.25,26928.35,26928.35,Renewed,CTR-00336-04,0.04
CTR-00336-06,CUST-00336,annual,12,2026-01-29,2027-01-28,2027-01-29,Annual in advance,38181.45,0.26,28242.82,28242.82,Active,CTR-00336-05,0.05
CTR-00338-03,CUST-00338,annual,12,2023-01-13,2024-01-12,2024-01-12,Annual in advance,15285.31,0.21,12064.70,12064.70,Renewed,,0.00
CTR-00338-04,CUST-00338,annual,12,2024-01-13,2025-01-12,2025-01-13,Quarterly in advance,19979.07,0.23,15325.94,15325.94,Renewed,CTR-00338-03,0.03
CTR-00338-05,CUST-00338,annual,12,2025-01-13,2026-01-12,2026-01-16,Annual in advance,23869.99,0.25,17990.81,17990.81,Renewed,CTR-00338-04,0.04
CTR-00338-06,CUST-00338,annual,12,2026-01-13,2027-01-12,2027-01-16,Annual in advance,32391.58,0.26,23875.83,23875.83,Active,CTR-00338-05,0.04
CTR-00339-03,CUST-00339,annual,12,2023-02-27,2024-02-26,2024-02-29,Annual in advance,26470.12,0.29,18923.49,18923.49,Renewed,,0.00
CTR-00339-04,CUST-00339,annual,12,2024-02-27,2025-02-26,2025-02-28,Annual in advance,87847.70,0.30,61510.96,61510.96,Renewed,CTR-00339-03,0.04
CTR-00339-05,CUST-00339,annual,12,2025-02-27,2026-02-26,2026-03-01,Quarterly in advance,71969.85,0.34,47449.72,47449.72,Renewed,CTR-00339-04,0.00
CTR-00339-06,CUST-00339,annual,12,2026-02-27,2027-02-26,2027-03-02,Quarterly in advance,70770.36,0.38,43934.24,43934.24,Active,CTR-00339-05,0.00
CTR-00340-03,CUST-00340,annual,12,2023-02-13,2024-02-12,2024-02-17,Annual in advance,27179.14,0.24,20680.61,20680.61,Renewed,,0.04
CTR-00340-04,CUST-00340,annual,12,2024-02-13,2025-02-12,2025-02-13,Annual in advance,28864.24,0.26,21466.34,21466.34,Churned,CTR-00340-03,0.04
CTR-00341-03,CUST-00341,annual,12,2023-02-25,2024-02-24,2024-02-29,Annual in advance,10635.31,0.25,8004.13,8004.13,Renewed,,0.04
CTR-00341-04,CUST-00341,annual,12,2024-02-25,2025-02-24,2025-03-01,Annual in advance,41413.91,0.27,30302.56,30302.56,Renewed,CTR-00341-03,0.03
CTR-00341-05,CUST-00341,annual,12,2025-02-25,2026-02-24,2026-02-25,Annual in advance,39983.25,0.31,27548.46,27548.46,Renewed,CTR-00341-04,0.00
CTR-00341-06,CUST-00341,annual,12,2026-02-25,2027-02-24,2027-03-01,Annual in advance,46708.44,0.35,30304.44,30304.44,Active,CTR-00341-05,0.00
CTR-00342-03,CUST-00342,annual,12,2023-02-28,2024-02-27,2024-03-02,Quarterly in advance,25997.44,0.13,22622.97,22622.97,Churned,,0.00
CTR-00343-03,CUST-00343,annual,12,2023-03-29,2024-03-28,2024-04-01,Annual in advance,48218.19,0.25,36298.65,36298.65,Renewed,,0.04
CTR-00343-04,CUST-00343,annual,12,2024-03-29,2025-03-28,2025-04-02,Annual in advance,56505.07,0.27,41395.61,41395.61,Renewed,CTR-00343-03,0.03
CTR-00343-05,CUST-00343,annual,12,2025-03-29,2026-03-28,2026-04-02,Annual in advance,60008.38,0.29,42869.99,42869.99,Renewed,CTR-00343-04,0.04
CTR-00343-06,CUST-00343,annual,12,2026-03-29,2027-03-28,2027-03-29,Annual in advance,63728.90,0.30,44642.09,44642.09,Active,CTR-00343-05,0.04
CTR-00344-03,CUST-00344,annual,12,2023-03-11,2024-03-10,2024-03-11,Annual in advance,35629.20,0.18,29226.63,29226.63,Renewed,,0.04
CTR-00344-04,CUST-00344,annual,12,2024-03-11,2025-03-10,2025-03-11,Annual in advance,68108.79,0.20,54364.44,54364.44,Renewed,CTR-00344-03,0.03
CTR-00344-05,CUST-00344,annual,12,2025-03-11,2026-03-10,2026-03-13,Quarterly in advance,72331.53,0.25,54364.38,54364.38,Renewed,CTR-00344-04,0.00
CTR-00344-06,CUST-00344,annual,12,2026-03-11,2027-03-10,2027-03-13,Annual in advance,76816.09,0.26,56820.86,56820.86,Active,CTR-00344-05,0.05
CTR-00345-03,CUST-00345,annual,12,2023-03-09,2024-03-08,2024-03-12,Annual in advance,40379.77,0.23,30918.79,30918.79,Renewed,,0.00
CTR-00345-04,CUST-00345,annual,12,2024-03-09,2025-03-08,2025-03-09,Annual in advance,42883.31,0.25,32329.73,32329.73,Renewed,CTR-00345-03,0.05
CTR-00345-05,CUST-00345,annual,12,2025-03-09,2026-03-08,2026-03-10,Annual in advance,45542.08,0.26,33637.38,33637.38,Renewed,CTR-00345-04,0.04
CTR-00345-06,CUST-00345,annual,12,2026-03-09,2027-03-08,2027-03-10,Annual in advance,48365.68,0.27,35263.42,35263.42,Active,CTR-00345-05,0.05
CTR-00346-03,CUST-00346,annual,12,2023-03-26,2024-03-25,2024-03-25,Annual in advance,60569.65,0.23,46535.66,46535.66,Renewed,,0.05
CTR-00346-04,CUST-00346,annual,12,2024-03-26,2025-03-25,2025-03-25,Quarterly in advance,64324.97,0.24,48597.51,48597.51,Renewed,CTR-00346-03,0.04
CTR-00346-05,CUST-00346,annual,12,2025-03-26,2026-03-25,2026-03-27,Annual in advance,68313.11,0.27,50182.81,50182.81,Renewed,CTR-00346-04,0.03
CTR-00346-06,CUST-00346,annual,12,2026-03-26,2027-03-25,2027-03-28,Annual in advance,72548.53,0.31,50181.82,50181.82,Active,CTR-00346-05,0.00
CTR-00348-03,CUST-00348,annual,12,2023-12-01,2024-11-30,2024-12-05,Annual in advance,31147.19,0.12,27269.36,27269.36,Renewed,,0.00
CTR-00348-04,CUST-00348,annual,12,2024-12-01,2025-11-30,2025-12-04,Annual in advance,34925.59,0.14,30116.34,30116.34,Renewed,CTR-00348-03,0.05
CTR-00348-05,CUST-00348,annual,12,2025-12-01,2026-11-30,2026-12-02,Annual in advance,39052.78,0.16,32995.69,32995.69,Active,CTR-00348-04,0.04
CTR-00349-02,CUST-00349,multi_year,24,2023-04-26,2025-04-25,2025-04-27,Annual in advance,53712.38,0.23,41465.96,82931.92,Renewed,,0.03
CTR-00349-03,CUST-00349,multi_year,24,2025-04-26,2027-04-25,2027-04-29,Annual in advance,60579.19,0.29,43199.02,86398.04,Active,CTR-00349-02,0.04
CTR-00351-03,CUST-00351,annual,12,2023-04-27,2024-04-26,2024-04-30,Annual in advance,30078.94,0.20,23957.88,23957.88,Renewed,,0.04
CTR-00351-04,CUST-00351,annual,12,2024-04-27,2025-04-26,2025-04-28,Annual in advance,42591.77,0.25,31943.83,31943.83,Renewed,CTR-00351-03,0.00
CTR-00351-05,CUST-00351,annual,12,2025-04-27,2026-04-26,2026-04-26,Annual in advance,54655.89,0.26,40357.91,40357.91,Renewed,CTR-00351-04,0.05
CTR-00351-06,CUST-00351,annual,12,2026-04-27,2027-04-26,2027-04-30,Annual in advance,58044.56,0.28,41734.04,41734.04,Active,CTR-00351-05,0.03
CTR-00352-02,CUST-00352,multi_year,36,2023-04-03,2026-04-02,2026-04-03,Quarterly in advance,87133.42,0.25,64992.82,194978.46,Renewed,,0.00
CTR-00352-03,CUST-00352,multi_year,24,2026-04-03,2028-04-02,2028-04-05,Annual in advance,104365.83,0.35,67775.17,135550.34,Active,CTR-00352-02,0.04
CTR-00353-03,CUST-00353,annual,12,2023-05-28,2024-05-27,2024-05-27,Annual in advance,75575.24,0.20,60157.89,60157.89,Renewed,,0.00
CTR-00353-04,CUST-00353,annual,12,2024-05-28,2025-05-27,2025-05-29,Annual in advance,80260.90,0.25,60155.54,60155.54,Renewed,CTR-00353-03,0.00
CTR-00353-05,CUST-00353,annual,12,2025-05-28,2026-05-27,2026-05-29,Annual in advance,85237.08,0.29,60151.81,60151.81,Renewed,CTR-00353-04,0.00
CTR-00353-06,CUST-00353,annual,12,2026-05-28,2027-05-27,2027-06-01,Annual in advance,90521.77,0.31,62568.65,62568.65,Active,CTR-00353-05,0.04
CTR-00354-02R,CUST-00354,annual,12,2023-03-01,2024-02-29,2024-02-29,Annual in advance,10688.76,0.20,8509.32,8509.32,Renewed,,
CTR-00354-03,CUST-00354,annual,12,2024-03-01,2025-02-28,2025-03-01,Annual in advance,11351.46,0.22,8858.68,8858.68,Renewed,CTR-00354-02R,0.04
CTR-00354-04,CUST-00354,annual,12,2025-03-01,2026-02-28,2026-03-02,Annual in advance,12055.26,0.23,9286.17,9286.17,Renewed,CTR-00354-03,0.05
CTR-00354-05,CUST-00354,annual,12,2026-03-01,2027-02-28,2027-03-01,Annual in advance,18492.76,0.24,13986.07,13986.07,Active,CTR-00354-04,0.04
CTR-00355-03,CUST-00355,annual,12,2023-05-26,2024-05-25,2024-05-27,Annual in advance,27590.96,0.27,20058.63,20058.63,Renewed,,0.04
CTR-00355-04,CUST-00355,annual,12,2024-05-26,2025-05-25,2025-05-26,Annual in advance,29301.60,0.29,20757.25,20757.25,Renewed,CTR-00355-03,0.03
CTR-00355-05,CUST-00355,annual,12,2025-05-26,2026-05-25,2026-05-25,Annual in advance,31118.30,0.30,21642.78,21642.78,Renewed,CTR-00355-04,0.04
CTR-00355-06,CUST-00355,annual,12,2026-05-26,2027-05-25,2027-05-28,Quarterly in advance,33047.63,0.31,22640.93,22640.93,Active,CTR-00355-05,0.05
CTR-00356-03,CUST-00356,annual,12,2023-05-27,2024-05-26,2024-05-30,Annual in advance,13435.60,0.17,11183.79,11183.79,Renewed,,0.04
CTR-00356-04,CUST-00356,annual,12,2024-05-27,2025-05-26,2025-05-31,Annual in advance,14268.60,0.18,11656.02,11656.02,Renewed,CTR-00356-03,0.04
CTR-00356-05,CUST-00356,annual,12,2025-05-27,2026-05-26,2026-05-26,Annual in advance,30306.52,0.20,24175.51,24175.51,Renewed,CTR-00356-04,0.04
CTR-00356-06,CUST-00356,annual,12,2026-05-27,2027-05-26,2027-05-27,Annual in advance,22989.66,0.25,17267.53,17267.53,Active,CTR-00356-05,0.00
CTR-00357-03,CUST-00357,annual,12,2023-06-09,2024-06-08,2024-06-12,Annual in advance,25318.34,0.18,20743.32,20743.32,Renewed,,0.05
CTR-00357-04,CUST-00357,annual,12,2024-06-09,2025-06-08,2025-06-10,Annual in advance,72981.94,0.20,58370.96,58370.96,Renewed,CTR-00357-03,0.04
CTR-00357-05,CUST-00357,annual,12,2025-06-09,2026-06-08,2026-06-13,Annual in advance,77506.82,0.22,60346.81,60346.81,Renewed,CTR-00357-04,0.03
CTR-00357-06,CUST-00357,annual,12,2026-06-09,2027-06-08,2027-06-13,Annual in advance,82312.24,0.24,62400.91,62400.91,Active,CTR-00357-05,0.03
CTR-00359-03,CUST-00359,annual,12,2023-06-10,2024-06-09,2024-06-11,Annual in advance,10850.72,0.13,9421.68,9421.68,Renewed,,0.05
CTR-00359-04,CUST-00359,annual,12,2024-06-10,2025-06-09,2025-06-09,Annual in advance,11523.46,0.16,9725.80,9725.80,Renewed,CTR-00359-03,0.03
CTR-00359-05,CUST-00359,annual,12,2025-06-10,2026-06-09,2026-06-09,Annual in advance,13597.69,0.17,11261.61,11261.61,Renewed,CTR-00359-04,0.04
CTR-00359-06,CUST-00359,annual,12,2026-06-10,2027-06-09,2027-06-14,Annual in advance,17328.89,0.22,13513.07,13513.07,Active,CTR-00359-05,0.00
CTR-00360-03,CUST-00360,annual,12,2023-06-28,2024-06-27,2024-06-28,Annual in advance,49431.05,0.18,40755.90,40755.90,Renewed,,0.03
CTR-00360-04,CUST-00360,annual,12,2024-06-28,2025-06-27,2025-07-01,Annual in advance,52495.78,0.18,42794.56,42794.56,Renewed,CTR-00360-03,0.05
CTR-00360-05,CUST-00360,annual,12,2025-06-28,2026-06-27,2026-06-27,Annual in advance,55750.52,0.23,42794.10,42794.10,Renewed,CTR-00360-04,0.00
CTR-00360-06,CUST-00360,annual,12,2026-06-28,2027-06-27,2027-06-28,Quarterly in advance,53430.75,0.28,38619.75,38619.75,Active,CTR-00360-05,0.00
CTR-00363-03,CUST-00363,annual,12,2023-07-17,2024-07-16,2024-07-16,Quarterly in advance,27141.95,0.21,21314.57,21314.57,Renewed,,0.04
CTR-00363-04,CUST-00363,annual,12,2024-07-17,2025-07-16,2025-07-18,Annual in advance,34229.39,0.22,26544.89,26544.89,Renewed,CTR-00363-03,0.05
CTR-00363-05,CUST-00363,annual,12,2025-07-17,2026-07-16,2026-07-19,Annual in advance,36351.62,0.24,27674.49,27674.49,Active,CTR-00363-04,0.04
CTR-00364-03,CUST-00364,annual,12,2023-07-28,2024-07-27,2024-08-01,Annual in advance,91604.09,0.24,69536.66,69536.66,Renewed,,0.03
CTR-00364-04,CUST-00364,annual,12,2024-07-28,2025-07-27,2025-07-31,Annual in advance,97283.54,0.25,72534.61,72534.61,Churned,CTR-00364-03,0.04
CTR-00366-03,CUST-00366,annual,12,2023-08-31,2024-08-30,2024-09-02,Annual in advance,51146.91,0.18,41863.75,41863.75,Renewed,,0.00
CTR-00366-04,CUST-00366,annual,12,2024-08-31,2025-08-30,2025-09-04,Annual in advance,54318.02,0.19,43742.30,43742.30,Renewed,CTR-00366-03,0.04
CTR-00366-05,CUST-00366,annual,12,2025-08-31,2026-08-30,2026-08-30,Annual in advance,57685.73,0.24,43743.09,43743.09,Active,CTR-00366-04,0.00
CTR-00367-03,CUST-00367,annual,12,2023-08-29,2024-08-28,2024-09-01,Annual in advance,23868.56,0.10,21507.96,21507.96,Renewed,,0.04
CTR-00367-04,CUST-00367,annual,12,2024-08-29,2025-08-28,2025-09-01,Annual in advance,34401.41,0.11,30644.78,30644.78,Renewed,CTR-00367-03,0.05
CTR-00367-05,CUST-00367,annual,12,2025-08-29,2026-08-28,2026-08-30,Annual in advance,36534.30,0.16,30644.97,30644.97,Active,CTR-00367-04,0.00
CTR-00368-03,CUST-00368,annual,12,2023-09-28,2024-09-27,2024-09-28,Quarterly in advance,29128.90,0.19,23678.88,23678.88,Renewed,,0.03
CTR-00368-04,CUST-00368,annual,12,2024-09-28,2025-09-27,2025-09-29,Quarterly in advance,30934.89,0.21,24488.06,24488.06,Renewed,CTR-00368-03,0.03
CTR-00368-05,CUST-00368,annual,12,2025-09-28,2026-09-27,2026-10-02,Quarterly in advance,23466.33,0.25,17491.80,17491.80,Active,CTR-00368-04,0.00
CTR-00369-03,CUST-00369,annual,12,2023-09-27,2024-09-26,2024-09-29,Annual in advance,42438.26,0.18,34599.91,34599.91,Renewed,,0.03
CTR-00369-04,CUST-00369,annual,12,2024-09-27,2025-09-26,2025-09-29,Annual in advance,45069.43,0.21,35699.50,35699.50,Renewed,CTR-00369-03,0.03
CTR-00369-05,CUST-00369,annual,12,2025-09-27,2026-09-26,2026-09-28,Annual in advance,47863.73,0.23,36898.15,36898.15,Active,CTR-00369-04,0.03
CTR-00371-03,CUST-00371,annual,12,2023-09-27,2024-09-26,2024-09-26,Annual in advance,25701.97,0.24,19600.32,19600.32,Renewed,,0.04
CTR-00371-04,CUST-00371,annual,12,2024-09-27,2025-09-26,2025-10-01,Annual in advance,27295.49,0.26,20310.57,20310.57,Renewed,CTR-00371-03,0.04
CTR-00371-05,CUST-00371,annual,12,2025-09-27,2026-09-26,2026-09-26,Annual in advance,28987.81,0.30,20311.76,20311.76,Active,CTR-00371-04,0.00
CTR-00372-01,CUST-00372,monthly,1,2021-10-07,2026-06-30,,Monthly in arrears,27907.84,0.16,23330.95,110822.01,Active,,
CTR-00373-03,CUST-00373,annual,12,2023-10-11,2024-10-10,2024-10-15,Annual in advance,43051.89,0.18,35229.36,35229.36,Renewed,,0.04
CTR-00373-04,CUST-00373,annual,12,2024-10-11,2025-10-10,2025-10-13,Quarterly in advance,40234.57,0.23,31000.74,31000.74,Renewed,CTR-00373-03,0.00
CTR-00373-05,CUST-00373,annual,12,2025-10-11,2026-10-10,2026-10-10,Annual in advance,42729.12,0.25,31940.02,31940.02,Active,CTR-00373-04,0.03
CTR-00375-03,CUST-00375,annual,12,2023-10-22,2024-10-21,2024-10-23,Quarterly in advance,28814.57,0.15,24408.82,24408.82,Renewed,,0.03
CTR-00375-04,CUST-00375,annual,12,2024-10-22,2025-10-21,2025-10-25,Annual in advance,30601.08,0.18,25166.33,25166.33,Renewed,CTR-00375-03,0.03
CTR-00375-05,CUST-00375,annual,12,2025-10-22,2026-10-21,2026-10-21,Quarterly in advance,29723.73,0.23,23018.06,23018.06,Active,CTR-00375-04,0.00
CTR-00376-01,CUST-00376,monthly,1,2021-11-18,2026-06-30,,Monthly in arrears,12276.38,0.08,11351.97,52975.86,Active,,
CTR-00377-03,CUST-00377,annual,12,2023-11-26,2024-11-25,2024-11-27,Annual in advance,13598.59,0.14,11692.07,11692.07,Renewed,,0.05
CTR-00377-04,CUST-00377,annual,12,2024-11-26,2025-11-25,2025-11-29,Annual in advance,24944.76,0.16,20846.34,20846.34,Renewed,CTR-00377-03,0.03
CTR-00377-05,CUST-00377,annual,12,2025-11-26,2026-11-25,2026-11-26,Annual in advance,26491.34,0.19,21582.49,21582.49,Active,CTR-00377-04,0.04
CTR-00378-02R,CUST-00378,annual,12,2023-05-01,2024-04-30,2024-05-04,Quarterly in advance,15594.89,0.05,14797.99,14797.99,Renewed,,
CTR-00378-03,CUST-00378,annual,12,2024-05-01,2025-04-30,2025-05-02,Annual in advance,12739.83,0.11,11383.04,11383.04,Churned,CTR-00378-02R,0.00
CTR-00379-01,CUST-00379,multi_year,36,2021-11-20,2024-11-19,2024-11-24,Annual in advance,15345.47,0.23,11779.18,35337.54,Renewed,,
CTR-00379-02,CUST-00379,multi_year,24,2024-11-20,2026-11-19,2026-11-21,Quarterly in advance,66169.26,0.34,43923.15,87846.30,Active,CTR-00379-01,0.04
CTR-00380-02,CUST-00380,annual,12,2022-12-10,2023-12-09,2023-12-14,Annual in advance,39777.06,0.09,36376.12,36376.12,Renewed,,0.03
CTR-00380-03,CUST-00380,annual,12,2023-12-10,2024-12-09,2024-12-10,Annual in advance,37273.44,0.14,32096.16,32096.16,Churned,CTR-00380-02,0.00
CTR-00381-02,CUST-00381,annual,12,2022-12-09,2023-12-08,2023-12-13,Annual in advance,12869.05,0.17,10643.99,10643.99,Renewed,,0.05
CTR-00381-03,CUST-00381,annual,12,2023-12-09,2024-12-08,2024-12-09,Quarterly in advance,13666.93,0.19,11049.71,11049.71,Renewed,CTR-00381-02,0.04
CTR-00381-04,CUST-00381,annual,12,2024-12-09,2025-12-08,2025-12-13,Annual in advance,14514.28,0.21,11395.16,11395.16,Renewed,CTR-00381-03,0.03
CTR-00381-05,CUST-00381,annual,12,2025-12-09,2026-12-08,2026-12-10,Quarterly in advance,22420.60,0.26,16575.55,16575.55,Active,CTR-00381-04,0.00
CTR-00382-02,CUST-00382,annual,12,2022-12-11,2023-12-10,2023-12-10,Quarterly in advance,37938.21,0.24,28738.19,28738.19,Renewed,,0.04
CTR-00382-03,CUST-00382,annual,12,2023-12-11,2024-12-10,2024-12-14,Quarterly in advance,78557.78,0.26,58148.47,58148.47,Renewed,CTR-00382-02,0.04
CTR-00382-04,CUST-00382,annual,12,2024-12-11,2025-12-10,2025-12-14,Quarterly in advance,83428.37,0.30,58149.57,58149.57,Renewed,CTR-00382-03,0.00
CTR-00382-05,CUST-00382,annual,12,2025-12-11,2026-12-10,2026-12-13,Annual in advance,88600.93,0.31,60922.00,60922.00,Active,CTR-00382-04,0.05
CTR-00383-01,CUST-00383,multi_year,24,2021-12-26,2023-12-25,2023-12-28,Annual in advance,13880.33,0.23,10629.56,21259.12,Renewed,,
CTR-00383-02,CUST-00383,multi_year,24,2023-12-26,2025-12-25,2025-12-27,Annual in advance,17394.27,0.30,12205.56,24411.12,Churned,CTR-00383-01,0.03
CTR-00385-02,CUST-00385,annual,12,2022-12-23,2023-12-22,2023-12-25,Annual in advance,51070.41,0.10,45840.80,45840.80,Renewed,,0.00
CTR-00385-03,CUST-00385,annual,12,2023-12-23,2024-12-22,2024-12-23,Annual in advance,125553.30,0.12,110348.80,110348.80,Renewed,CTR-00385-02,0.04
CTR-00385-04,CUST-00385,annual,12,2024-12-23,2025-12-22,2025-12-26,Quarterly in advance,222006.65,0.17,183732.70,183732.70,Renewed,CTR-00385-03,0.00
CTR-00385-05,CUST-00385,annual,12,2025-12-23,2026-12-22,2026-12-23,Annual in advance,255389.09,0.22,199024.72,199024.72,Active,CTR-00385-04,0.00
CTR-00386-02,CUST-00386,annual,12,2022-12-29,2023-12-28,2024-01-02,Annual in advance,23398.27,0.10,21011.65,21011.65,Renewed,,0.05
CTR-00386-03,CUST-00386,annual,12,2023-12-29,2024-12-28,2025-01-01,Annual in advance,24848.96,0.13,21713.02,21713.02,Renewed,CTR-00386-02,0.03
CTR-00386-04,CUST-00386,annual,12,2024-12-29,2025-12-28,2025-12-28,Annual in advance,31667.52,0.14,27097.90,27097.90,Renewed,CTR-00386-03,0.04
CTR-00386-05,CUST-00386,annual,12,2025-12-29,2026-12-28,2027-01-02,Annual in advance,43439.92,0.15,36741.48,36741.48,Active,CTR-00386-04,0.05
CTR-00387-02,CUST-00387,annual,12,2022-12-31,2023-12-30,2023-12-30,Annual in advance,58963.64,0.28,42536.37,42536.37,Renewed,,0.00
CTR-00387-03,CUST-00387,annual,12,2023-12-31,2024-12-30,2024-12-30,Annual in advance,62619.38,0.30,44121.62,44121.62,Renewed,CTR-00387-02,0.04
CTR-00387-04,CUST-00387,annual,12,2024-12-31,2025-12-30,2026-01-01,Annual in advance,66501.79,0.31,45666.78,45666.78,Renewed,CTR-00387-03,0.04
CTR-00387-05,CUST-00387,annual,12,2025-12-31,2026-12-30,2027-01-01,Annual in advance,70624.90,0.33,47078.56,47078.56,Active,CTR-00387-04,0.03
CTR-00388-02,CUST-00388,annual,12,2022-12-25,2023-12-24,2023-12-29,Annual in advance,9359.31,0.17,7741.09,7741.09,Churned,,0.00
CTR-00389-02,CUST-00389,annual,12,2022-12-19,2023-12-18,2023-12-22,Quarterly in advance,32757.58,0.22,25613.15,25613.15,Renewed,,0.05
CTR-00389-03,CUST-00389,annual,12,2023-12-19,2024-12-18,2024-12-19,Annual in advance,43485.68,0.24,33144.79,33144.79,Renewed,CTR-00389-02,0.04
CTR-00389-04,CUST-00389,annual,12,2024-12-19,2025-12-18,2025-12-19,Annual in advance,46181.80,0.28,33144.68,33144.68,Churned,CTR-00389-03,0.00
CTR-00391-01,CUST-00391,multi_year,36,2021-02-28,2024-02-27,2024-02-28,Quarterly in advance,101608.11,0.37,63809.89,191429.67,Churned,,
CTR-00394-02,CUST-00394,multi_year,36,2023-06-25,2026-06-24,2026-06-27,Annual in advance,209534.53,0.26,154301.23,462903.69,Renewed,,0.00
CTR-00394-03,CUST-00394,multi_year,36,2026-06-25,2029-06-24,2029-06-29,Annual in advance,281300.30,0.37,178344.39,535033.17,Active,CTR-00394-02,0.03
CTR-00395-03,CUST-00395,annual,12,2023-09-13,2024-09-12,2024-09-16,Quarterly in advance,225738.61,0.27,163728.21,163728.21,Renewed,,0.04
CTR-00395-04,CUST-00395,annual,12,2024-09-13,2025-09-12,2025-09-15,Quarterly in advance,239734.40,0.30,168725.07,168725.07,Renewed,CTR-00395-03,0.03
CTR-00395-05,CUST-00395,annual,12,2025-09-13,2026-09-12,2026-09-13,Annual in advance,254597.94,0.32,174144.99,174144.99,Active,CTR-00395-04,0.03
CTR-00396-02,CUST-00396,multi_year,36,2023-10-06,2026-10-05,2026-10-09,Annual in advance,464504.19,0.29,328218.66,984655.98,Active,,0.05
CTR-00397-02,CUST-00397,multi_year,24,2023-11-17,2025-11-16,2025-11-21,Annual in advance,113434.24,0.36,72790.75,145581.50,Renewed,,0.00
CTR-00397-03,CUST-00397,multi_year,24,2025-11-17,2027-11-16,2027-11-16,Annual in advance,140052.14,0.43,79689.67,159379.34,Active,CTR-00397-02,0.00
CTR-00398-01,CUST-00398,multi_year,36,2021-12-28,2024-12-27,2024-12-31,Annual in advance,142689.08,0.20,113980.04,341940.12,Renewed,,
CTR-00398-02,CUST-00398,multi_year,24,2024-12-28,2026-12-27,2026-12-29,Annual in advance,178552.75,0.33,119076.83,238153.66,Active,CTR-00398-01,0.00
CTR-00399-01,CUST-00399,monthly,1,2022-01-03,2026-06-30,,Monthly in arrears,9372.91,0.03,9061.73,40777.78,Active,,
CTR-00400-01,CUST-00400,monthly,1,2022-01-27,2026-06-30,,Monthly in arrears,3124.30,0.11,2780.63,12512.84,Active,,
CTR-00403-01,CUST-00403,monthly,1,2022-01-03,2025-06-30,,Monthly in arrears,4406.12,0.08,4064.65,14226.28,Churned,,
CTR-00404-02,CUST-00404,annual,12,2023-01-05,2024-01-04,2024-01-09,Annual in advance,13006.59,0.07,12087.02,12087.02,Renewed,,0.04
CTR-00404-03,CUST-00404,annual,12,2024-01-05,2025-01-04,2025-01-08,Annual in advance,13813.00,0.08,12674.81,12674.81,Renewed,CTR-00404-02,0.05
CTR-00404-04,CUST-00404,annual,12,2025-01-05,2026-01-04,2026-01-09,Quarterly in advance,14669.41,0.10,13179.00,13179.00,Renewed,CTR-00404-03,0.04
CTR-00404-05,CUST-00404,annual,12,2026-01-05,2027-01-04,2027-01-07,Quarterly in advance,15578.91,0.15,13179.76,13179.76,Active,CTR-00404-04,0.00
CTR-00406-02,CUST-00406,annual,12,2023-01-08,2024-01-07,2024-01-07,Quarterly in advance,5972.42,0.08,5496.42,5496.42,Churned,,0.04
CTR-00409-01,CUST-00409,monthly,1,2022-01-14,2026-06-30,,Monthly in arrears,1249.72,0.006200,1241.97,5588.87,Active,,
CTR-00410-01,CUST-00410,monthly,1,2022-01-30,2024-04-30,,Monthly in arrears,1249.72,0.08,1148.24,2679.23,Churned,,
CTR-00411-01,CUST-00411,monthly,1,2022-01-25,2026-06-30,,Monthly in arrears,2499.44,0.03,2412.46,10856.07,Active,,
CTR-00413-01,CUST-00413,monthly,1,2022-01-27,2026-06-30,,Monthly in arrears,8748.05,0.18,7152.41,32185.85,Active,,
CTR-00415-01,CUST-00415,monthly,1,2022-01-19,2026-06-30,,Monthly in arrears,5248.83,0.13,4577.50,20598.75,Active,,
CTR-00417-01,CUST-00417,monthly,1,2022-02-13,2026-06-30,,Monthly in arrears,4396.00,0.09,3996.40,17650.77,Active,,
CTR-00418-01,CUST-00418,monthly,1,2022-02-20,2026-06-30,,Monthly in arrears,1256.00,0.09,1146.35,5063.05,Active,,
CTR-00419-01,CUST-00419,monthly,1,2022-02-13,2026-04-30,,Monthly in arrears,2512.00,0.07,2343.70,9960.73,Churned,,
CTR-00420-02,CUST-00420,annual,12,2023-02-28,2024-02-27,2024-02-28,Annual in advance,3334.68,0.08,3055.57,3055.57,Churned,,0.03
CTR-00421-02,CUST-00421,annual,12,2023-02-24,2024-02-23,2024-02-26,Annual in advance,4668.56,0.03,4549.98,4549.98,Renewed,,0.04
CTR-00421-03,CUST-00421,annual,12,2024-02-24,2025-02-23,2025-02-26,Annual in advance,5666.29,0.05,5405.07,5405.07,Renewed,CTR-00421-02,0.04
CTR-00421-04,CUST-00421,annual,12,2025-02-24,2026-02-23,2026-02-24,Annual in advance,6017.60,0.07,5583.73,5583.73,Renewed,CTR-00421-03,0.03
CTR-00421-05,CUST-00421,annual,12,2026-02-24,2027-02-23,2027-02-23,Annual in advance,6390.70,0.08,5848.13,5848.13,Active,CTR-00421-04,0.05
CTR-00422-01,CUST-00422,monthly,1,2022-02-28,2024-01-31,,Monthly in arrears,10048.01,0.05,9544.60,19089.20,Churned,,
CTR-00423-02,CUST-00423,annual,12,2023-02-11,2024-02-10,2024-02-10,Annual in advance,6002.43,0.08,5515.03,5515.03,Renewed,,0.03
CTR-00423-03,CUST-00423,annual,12,2024-02-11,2025-02-10,2025-02-11,Annual in advance,6374.58,0.09,5776.01,5776.01,Renewed,CTR-00423-02,0.05
CTR-00423-04,CUST-00423,annual,12,2025-02-11,2026-02-10,2026-02-14,Annual in advance,6769.80,0.10,6061.00,6061.00,Renewed,CTR-00423-03,0.05
CTR-00423-05,CUST-00423,annual,12,2026-02-11,2027-02-10,2027-02-10,Annual in advance,7189.53,0.16,6060.77,6060.77,Active,CTR-00423-04,0.00
CTR-00425-01,CUST-00425,monthly,1,2022-02-23,2026-06-30,,Monthly in arrears,11429.61,0.07,10623.82,46921.87,Active,,
CTR-00426-01,CUST-00426,monthly,1,2022-02-26,2026-06-30,,Monthly in arrears,15825.61,0.09,14380.73,63514.89,Active,,
CTR-00427-01,CUST-00427,monthly,1,2022-02-15,2026-06-30,,Monthly in arrears,11429.61,0.07,10620.39,46906.72,Active,,
CTR-00428-01,CUST-00428,monthly,1,2022-02-15,2026-06-30,,Monthly in arrears,4396.00,0.14,3802.10,16792.61,Active,,
CTR-00429-01,CUST-00429,monthly,1,2022-02-11,2026-06-30,,Monthly in arrears,3140.00,0.09,2856.46,12616.03,Active,,
CTR-00431-01,CUST-00431,monthly,1,2022-02-15,2026-06-30,,Monthly in arrears,3768.00,0.03,3668.15,16201.00,Active,,
CTR-00436-02,CUST-00436,annual,12,2023-03-01,2024-02-29,2024-03-04,Quarterly in advance,21583.28,0.20,17318.42,17318.42,Renewed,,0.04
CTR-00436-03,CUST-00436,annual,12,2024-03-01,2025-02-28,2025-03-04,Annual in advance,26907.78,0.22,20963.85,20963.85,Renewed,CTR-00436-02,0.03
CTR-00436-04,CUST-00436,annual,12,2025-03-01,2026-02-28,2026-03-02,Quarterly in advance,28576.07,0.24,21794.97,21794.97,Churned,CTR-00436-03,0.04
CTR-00439-01,CUST-00439,monthly,1,2022-03-29,2025-04-30,,Monthly in arrears,6942.72,0.07,6478.25,20514.46,Churned,,
CTR-00441-02R,CUST-00441,monthly,1,2022-10-01,2026-01-31,,Monthly in arrears,3922.18,0.11,3500.15,11667.17,Churned,,
CTR-00442-02,CUST-00442,annual,12,2023-03-28,2024-03-27,2024-04-01,Quarterly in advance,2010.86,0.04,1921.58,1921.58,Renewed,,0.04
CTR-00442-03,CUST-00442,annual,12,2024-03-28,2025-03-27,2025-03-28,Annual in advance,2135.54,0.07,1980.29,1980.29,Renewed,CTR-00442-02,0.03
CTR-00442-04,CUST-00442,annual,12,2025-03-28,2026-03-27,2026-03-28,Annual in advance,2267.94,0.10,2045.91,2045.91,Renewed,CTR-00442-03,0.03
CTR-00442-05,CUST-00442,annual,12,2026-03-28,2027-03-27,2027-03-27,Annual in advance,2408.55,0.11,2138.79,2138.79,Active,CTR-00442-04,0.05
CTR-00443-02,CUST-00443,annual,12,2023-03-28,2024-03-27,2024-03-28,Annual in advance,12735.48,0.08,11711.55,11711.55,Renewed,,0.04
CTR-00443-03,CUST-00443,annual,12,2024-03-28,2025-03-27,2025-03-29,Annual in advance,13525.08,0.10,12130.64,12130.64,Renewed,CTR-00443-02,0.04
CTR-00443-04,CUST-00443,annual,12,2025-03-28,2026-03-27,2026-03-30,Annual in advance,14363.63,0.12,12660.10,12660.10,Renewed,CTR-00443-03,0.04
CTR-00443-05,CUST-00443,annual,12,2026-03-28,2027-03-27,2027-03-27,Annual in advance,15254.18,0.14,13165.88,13165.88,Active,CTR-00443-04,0.04
CTR-00445-01,CUST-00445,monthly,1,2022-03-25,2026-06-30,,Monthly in arrears,2650.86,0.10,2381.80,10321.13,Active,,
CTR-00446-02,CUST-00446,annual,12,2023-03-11,2024-03-10,2024-03-12,Annual in advance,7507.23,0.12,6581.59,6581.59,Renewed,,0.04
CTR-00446-03,CUST-00446,annual,12,2024-03-11,2025-03-10,2025-03-11,Annual in advance,7972.68,0.14,6842.15,6842.15,Churned,CTR-00446-02,0.04
CTR-00448-01,CUST-00448,monthly,1,2022-03-31,2026-06-30,,Monthly in arrears,24741.34,0.06,23318.71,101047.74,Active,,
CTR-00450-02,CUST-00450,annual,12,2023-03-29,2024-03-28,2024-03-29,Annual in advance,2010.86,0.05,1914.94,1914.94,Renewed,,0.05
CTR-00450-03,CUST-00450,annual,12,2024-03-29,2025-03-28,2025-03-28,Annual in advance,2135.54,0.07,1980.50,1980.50,Renewed,CTR-00450-02,0.03
CTR-00450-04,CUST-00450,annual,12,2025-03-29,2026-03-28,2026-04-02,Annual in advance,2267.94,0.09,2059.97,2059.97,Churned,CTR-00450-03,0.04
CTR-00453-01,CUST-00453,monthly,1,2022-03-15,2026-06-30,,Monthly in arrears,2524.63,0.15,2139.62,9271.69,Active,,
CTR-00456-02,CUST-00456,annual,12,2023-03-31,2024-03-30,2024-04-04,Annual in advance,4692.02,0.13,4103.17,4103.17,Renewed,,0.03
CTR-00456-03,CUST-00456,annual,12,2024-03-31,2025-03-30,2025-04-02,Annual in advance,6406.62,0.14,5502.65,5502.65,Renewed,CTR-00456-02,0.04
CTR-00456-04,CUST-00456,annual,12,2025-03-31,2026-03-30,2026-04-02,Quarterly in advance,6803.83,0.16,5686.64,5686.64,Renewed,CTR-00456-03,0.03
CTR-00456-05,CUST-00456,annual,12,2026-03-31,2027-03-30,2027-04-02,Quarterly in advance,6422.81,0.21,5054.75,5054.75,Active,CTR-00456-04,0.00
CTR-00457-01,CUST-00457,monthly,1,2022-03-10,2026-06-30,,Monthly in arrears,6311.57,0.08,5814.85,25197.68,Active,,
CTR-00460-01,CUST-00460,monthly,1,2022-04-27,2026-06-30,,Monthly in arrears,19537.31,0.12,17186.97,73044.62,Active,,
CTR-00461-01,CUST-00461,monthly,1,2022-04-23,2026-06-30,,Monthly in arrears,14589.55,0.07,13512.84,57429.57,Active,,
CTR-00462-02,CUST-00462,annual,12,2023-04-26,2024-04-25,2024-04-30,Annual in advance,4041.94,0.14,3456.67,3456.67,Renewed,,0.03
CTR-00462-03,CUST-00462,annual,12,2024-04-26,2025-04-25,2025-04-25,Annual in advance,5007.96,0.16,4218.71,4218.71,Renewed,CTR-00462-02,0.05
CTR-00462-04,CUST-00462,annual,12,2025-04-26,2026-04-25,2026-04-25,Annual in advance,5318.46,0.17,4413.79,4413.79,Renewed,CTR-00462-03,0.05
CTR-00462-05,CUST-00462,annual,12,2026-04-26,2027-04-25,2027-04-25,Annual in advance,5648.20,0.22,4414.07,4414.07,Active,CTR-00462-04,0.00
CTR-00464-02,CUST-00464,annual,12,2023-04-25,2024-04-24,2024-04-27,Annual in advance,12260.55,0.11,10909.44,10909.44,Renewed,,0.04
CTR-00464-03,CUST-00464,annual,12,2024-04-25,2025-04-24,2025-04-29,Quarterly in advance,13020.71,0.13,11307.18,11307.18,Renewed,CTR-00464-02,0.04
CTR-00464-04,CUST-00464,annual,12,2025-04-25,2026-04-24,2026-04-27,Annual in advance,13827.99,0.14,11868.56,11868.56,Renewed,CTR-00464-03,0.05
CTR-00464-05,CUST-00464,annual,12,2026-04-25,2027-04-24,2027-04-24,Annual in advance,14685.33,0.19,11868.68,11868.68,Active,CTR-00464-04,0.00
CTR-00465-02,CUST-00465,annual,12,2023-04-08,2024-04-07,2024-04-07,Annual in advance,7184.51,0.11,6425.11,6425.11,Renewed,,0.05
CTR-00465-03,CUST-00465,annual,12,2024-04-08,2025-04-07,2025-04-08,Annual in advance,7629.95,0.16,6425.18,6425.18,Churned,CTR-00465-02,0.00
CTR-00466-01,CUST-00466,monthly,1,2022-04-30,2026-06-30,,Monthly in arrears,7611.94,0.08,7002.98,29762.66,Active,,
CTR-00467-02,CUST-00467,annual,12,2023-04-29,2024-04-28,2024-05-01,Annual in advance,4715.60,0.07,4395.88,4395.88,Renewed,,0.04
CTR-00467-03,CUST-00467,annual,12,2024-04-29,2025-04-28,2025-04-29,Quarterly in advance,5007.96,0.08,4596.81,4596.81,Renewed,CTR-00467-02,0.05
CTR-00467-04,CUST-00467,annual,12,2025-04-29,2026-04-28,2026-04-29,Annual in advance,6382.15,0.10,5736.28,5736.28,Renewed,CTR-00467-03,0.04
CTR-00467-05,CUST-00467,annual,12,2026-04-29,2027-04-28,2027-05-01,Annual in advance,6777.84,0.12,5984.15,5984.15,Active,CTR-00467-04,0.04
CTR-00468-01,CUST-00468,monthly,1,2022-04-28,2026-06-30,,Monthly in arrears,3552.24,0.00,3552.24,15097.02,Active,,
CTR-00471-02,CUST-00471,annual,12,2023-04-27,2024-04-26,2024-04-26,Annual in advance,4041.94,0.10,3637.34,3637.34,Renewed,,0.04
CTR-00471-03,CUST-00471,annual,12,2024-04-27,2025-04-26,2025-04-28,Annual in advance,4292.54,0.11,3806.20,3806.20,Churned,CTR-00471-02,0.05
CTR-00472-01,CUST-00472,monthly,1,2022-04-26,2025-01-31,,Monthly in arrears,1902.99,0.09,1730.77,4903.85,Churned,,
CTR-00475-01,CUST-00475,monthly,1,2022-05-04,2025-01-31,,Monthly in arrears,7278.25,0.11,6505.30,17889.58,Churned,,
CTR-00478-02,CUST-00478,annual,12,2023-05-14,2024-05-13,2024-05-14,Annual in advance,4739.29,0.13,4136.45,4136.45,Renewed,,0.00
CTR-00478-03,CUST-00478,annual,12,2024-05-14,2025-05-13,2025-05-13,Annual in advance,5033.13,0.15,4288.23,4288.23,Renewed,CTR-00478-02,0.04
CTR-00478-04,CUST-00478,annual,12,2025-05-14,2026-05-13,2026-05-14,Quarterly in advance,5345.19,0.17,4433.30,4433.30,Renewed,CTR-00478-03,0.03
CTR-00478-05,CUST-00478,annual,12,2026-05-14,2027-05-13,2027-05-18,Annual in advance,5676.59,0.18,4639.48,4639.48,Active,CTR-00478-04,0.05
CTR-00480-02,CUST-00480,annual,12,2023-05-28,2024-05-27,2024-06-01,Annual in advance,3385.21,0.04,3263.34,3263.34,Renewed,,0.04
CTR-00480-03,CUST-00480,annual,12,2024-05-28,2025-05-27,2025-05-30,Annual in advance,2876.07,0.09,2610.61,2610.61,Renewed,CTR-00480-02,0.00
CTR-00480-04,CUST-00480,annual,12,2025-05-28,2026-05-27,2026-05-27,Annual in advance,3054.39,0.11,2720.24,2720.24,Renewed,CTR-00480-03,0.04
CTR-00480-05,CUST-00480,annual,12,2026-05-28,2027-05-27,2027-05-29,Annual in advance,4054.70,0.12,3557.19,3557.19,Active,CTR-00480-04,0.05
CTR-00482-01,CUST-00482,monthly,1,2022-05-01,2026-06-30,,Monthly in arrears,2550.06,0.19,2074.22,8642.58,Active,,
CTR-00484-01,CUST-00484,multi_year,24,2022-05-16,2024-05-15,2024-05-15,Annual in advance,1912.55,0.11,1707.33,3414.66,Renewed,,
CTR-00484-02,CUST-00484,multi_year,36,2024-05-16,2027-05-15,2027-05-19,Annual in advance,4314.11,0.21,3414.62,10243.86,Active,CTR-00484-01,0.00
CTR-00485-01,CUST-00485,monthly,1,2022-05-29,2026-06-30,,Monthly in arrears,5100.13,0.04,4910.92,20462.17,Active,,
CTR-00487-01,CUST-00487,monthly,1,2022-05-28,2026-06-30,,Monthly in arrears,4462.61,0.07,4155.58,17314.92,Active,,
CTR-00491-01,CUST-00491,monthly,1,2022-06-21,2026-06-30,,Monthly in arrears,1922.16,0.08,1766.85,7214.64,Active,,
CTR-00494-01,CUST-00494,monthly,1,2022-06-28,2026-06-30,,Monthly in arrears,3844.32,0.07,3560.22,14537.57,Active,,
CTR-00496-01,CUST-00496,monthly,1,2022-06-01,2026-06-30,,Monthly in arrears,17940.16,0.03,17412.72,71101.94,Active,,
CTR-00497-01,CUST-00497,monthly,1,2022-06-27,2026-06-30,,Monthly in arrears,3844.32,0.08,3532.16,14422.99,Active,,
CTR-00498-01,CUST-00498,monthly,1,2022-06-11,2025-01-31,,Monthly in arrears,7047.92,0.10,6309.30,16824.80,Churned,,
CTR-00500-01,CUST-00500,monthly,1,2022-06-22,2025-09-30,,Monthly in arrears,4485.04,0.14,3837.40,12791.33,Churned,,
CTR-00502-01,CUST-00502,monthly,1,2022-06-28,2024-06-30,,Monthly in arrears,7047.92,0.09,6443.21,13423.35,Churned,,
CTR-00503-01,CUST-00503,monthly,1,2022-06-30,2026-06-30,,Monthly in arrears,2562.88,0.07,2377.58,9708.45,Active,,
CTR-00504-01,CUST-00504,monthly,1,2022-06-02,2025-01-31,,Monthly in arrears,4485.04,0.05,4241.05,11309.47,Churned,,
CTR-00505-02R,CUST-00505,annual,12,2023-12-01,2024-11-30,2024-12-01,Quarterly in advance,4908.55,0.06,4628.27,4628.27,Renewed,,
CTR-00505-03,CUST-00505,annual,12,2024-12-01,2025-11-30,2025-12-04,Annual in advance,4170.30,0.11,3702.81,3702.81,Churned,CTR-00505-02R,0.00
CTR-00506-02,CUST-00506,annual,12,2023-06-24,2024-06-23,2024-06-25,Annual in advance,2041.33,0.15,1740.44,1740.44,Renewed,,0.04
CTR-00506-03,CUST-00506,annual,12,2024-06-24,2025-06-23,2025-06-25,Annual in advance,3613.16,0.16,3035.05,3035.05,Renewed,CTR-00506-02,0.05
CTR-00506-04,CUST-00506,annual,12,2025-06-24,2025-10-31,2025-11-01,Annual in advance,3837.18,0.18,3148.02,3148.02,Early Termination,CTR-00506-03,0.04
CTR-00507-01,CUST-00507,monthly,1,2022-07-28,2026-06-30,,Monthly in arrears,1287.88,0.13,1126.51,4506.04,Active,,
CTR-00508-02,CUST-00508,annual,12,2023-07-06,2024-07-05,2024-07-07,Annual in advance,2735.46,0.16,2305.17,2305.17,Renewed,,0.00
CTR-00508-03,CUST-00508,annual,12,2024-07-06,2025-07-05,2025-07-10,Quarterly in advance,2905.05,0.18,2393.76,2393.76,Renewed,CTR-00508-02,0.04
CTR-00508-04,CUST-00508,annual,12,2025-07-06,2026-07-05,2026-07-07,Annual in advance,3085.17,0.22,2393.78,2393.78,Active,CTR-00508-03,0.00
CTR-00510-01,CUST-00510,monthly,1,2022-07-31,2026-06-30,,Monthly in arrears,3606.06,0.09,3284.76,13139.04,Active,,
CTR-00513-01,CUST-00513,multi_year,36,2022-07-22,2025-07-21,2025-07-21,Annual in advance,6439.40,0.12,5689.85,17069.55,Renewed,,
CTR-00513-02,CUST-00513,multi_year,24,2025-07-22,2027-07-21,2027-07-21,Annual in advance,9255.50,0.24,7058.24,14116.48,Active,CTR-00513-01,0.03
CTR-00516-01,CUST-00516,monthly,1,2022-07-29,2025-05-31,,Monthly in arrears,2704.55,0.11,2402.18,7006.36,Churned,,
CTR-00517-01,CUST-00517,monthly,1,2022-07-26,2026-06-30,,Monthly in arrears,3219.70,0.11,2850.72,11402.88,Active,,
CTR-00518-01,CUST-00518,monthly,1,2022-07-29,2024-10-31,,Monthly in arrears,3863.64,0.07,3583.91,8362.46,Churned,,
CTR-00519-01,CUST-00519,monthly,1,2022-08-27,2026-01-31,,Monthly in arrears,4530.23,0.07,4234.41,14820.43,Churned,,
CTR-00520-01,CUST-00520,monthly,1,2022-08-29,2024-03-31,,Monthly in arrears,2718.14,0.00,2718.14,4530.23,Churned,,
CTR-00521-01,CUST-00521,monthly,1,2022-08-28,2024-09-30,,Monthly in arrears,16964.27,0.001500,16938.82,36700.78,Churned,,
CTR-00524-02,CUST-00524,annual,12,2023-08-08,2024-08-07,2024-08-10,Annual in advance,2749.20,0.17,2294.76,2294.76,Renewed,,0.00
CTR-00524-03,CUST-00524,annual,12,2024-08-08,2025-08-07,2025-08-11,Annual in advance,2189.74,0.21,1721.14,1721.14,Renewed,CTR-00524-02,0.00
CTR-00524-04,CUST-00524,annual,12,2025-08-08,2026-08-07,2026-08-11,Quarterly in advance,2325.50,0.23,1790.40,1790.40,Active,CTR-00524-03,0.04
CTR-00525-02,CUST-00525,annual,12,2023-08-28,2024-08-27,2024-08-29,Annual in advance,7560.31,0.07,7003.12,7003.12,Renewed,,0.05
CTR-00525-03,CUST-00525,annual,12,2024-08-28,2025-08-27,2025-08-31,Annual in advance,7299.13,0.13,6366.30,6366.30,Churned,CTR-00525-02,0.00
CTR-00527-01,CUST-00527,monthly,1,2022-08-30,2026-06-30,,Monthly in arrears,1941.53,0.18,1593.80,6242.38,Active,,
CTR-00528-01,CUST-00528,monthly,1,2022-08-31,2026-06-30,,Monthly in arrears,4530.23,0.06,4238.94,16602.51,Active,,
CTR-00529-01,CUST-00529,monthly,1,2022-08-27,2024-12-31,,Monthly in arrears,3883.06,0.08,3563.87,8612.69,Churned,,
CTR-00532-01,CUST-00532,monthly,1,2022-09-14,2026-06-30,,Monthly in arrears,5463.60,0.16,4605.81,17655.60,Active,,
CTR-00533-01,CUST-00533,monthly,1,2022-09-27,2024-12-31,,Monthly in arrears,13658.99,0.04,13057.99,30468.64,Churned,,
CTR-00534-01,CUST-00534,monthly,1,2022-09-26,2024-04-30,,Monthly in arrears,3642.40,0.008500,3611.44,6019.07,Churned,,
CTR-00538-01,CUST-00538,monthly,1,2022-09-01,2026-06-30,,Monthly in arrears,5203.43,0.08,4796.00,18384.67,Active,,
CTR-00540-01,CUST-00540,monthly,1,2022-09-30,2024-11-30,,Monthly in arrears,8455.57,0.11,7500.09,16875.20,Churned,,
CTR-00541-01,CUST-00541,monthly,1,2022-09-30,2024-03-31,,Monthly in arrears,1951.28,0.06,1833.81,2903.53,Churned,,
CTR-00541-02R,CUST-00541,monthly,1,2024-10-01,2025-01-31,,Monthly in arrears,2211.80,0.06,2078.65,692.88,Churned,,
CTR-00543-01,CUST-00543,monthly,1,2022-09-28,2026-06-30,,Monthly in arrears,1821.20,0.06,1706.65,6542.16,Active,,
CTR-00546-01,CUST-00546,monthly,1,2022-09-25,2026-06-30,,Monthly in arrears,6504.28,0.11,5773.85,22133.09,Active,,
CTR-00549-01,CUST-00549,monthly,1,2022-10-29,2026-02-28,,Monthly in arrears,4575.88,0.03,4433.57,15148.03,Churned,,
CTR-00550-01,CUST-00550,monthly,1,2022-10-10,2025-02-28,,Monthly in arrears,12972.89,0.08,11881.87,28714.52,Churned,,
CTR-00551-02,CUST-00551,annual,12,2023-10-31,2024-10-30,2024-11-01,Quarterly in advance,4165.36,0.09,3797.98,3797.98,Churned,,0.04
CTR-00554-01,CUST-00554,monthly,1,2022-10-05,2026-03-31,,Monthly in arrears,3922.18,0.16,3286.39,11502.36,Churned,,
CTR-00555-02,CUST-00555,annual,12,2023-10-16,2024-10-15,2024-10-16,Annual in advance,10413.39,0.15,8899.28,8899.28,Renewed,,0.00
CTR-00555-03,CUST-00555,annual,12,2024-10-16,2025-10-15,2025-10-19,Annual in advance,9584.49,0.20,7712.64,7712.64,Renewed,CTR-00555-02,0.00
CTR-00555-04,CUST-00555,annual,12,2025-10-16,2026-10-15,2026-10-16,Annual in advance,7829.79,0.24,5932.63,5932.63,Active,CTR-00555-03,0.00
CTR-00556-01,CUST-00556,monthly,1,2022-10-31,2026-06-30,,Monthly in arrears,5229.57,0.21,4151.76,15569.10,Active,,
CTR-00557-02,CUST-00557,annual,12,2023-10-28,2024-10-27,2024-11-01,Annual in advance,5553.81,0.09,5073.96,5073.96,Renewed,,0.04
CTR-00557-03,CUST-00557,annual,12,2024-10-28,2025-10-27,2025-10-27,Quarterly in advance,5898.14,0.10,5295.35,5295.35,Renewed,CTR-00557-02,0.04
CTR-00557-04,CUST-00557,annual,12,2025-10-28,2026-10-27,2026-10-30,Annual in advance,6263.83,0.12,5524.70,5524.70,Active,CTR-00557-03,0.04
CTR-00559-02,CUST-00559,annual,12,2023-10-10,2024-10-09,2024-10-11,Annual in advance,1388.45,0.07,1297.65,1297.65,Renewed,,0.04
CTR-00559-03,CUST-00559,annual,12,2024-10-10,2025-10-09,2025-10-12,Annual in advance,1474.54,0.09,1338.88,1338.88,Renewed,CTR-00559-02,0.03
CTR-00559-04,CUST-00559,annual,12,2025-10-10,2026-10-09,2026-10-14,Annual in advance,1565.96,0.11,1389.95,1389.95,Active,CTR-00559-03,0.04
CTR-00560-01,CUST-00560,monthly,1,2022-10-28,2026-03-31,,Monthly in arrears,6536.97,0.09,5931.65,20760.77,Churned,,
CTR-00561-02,CUST-00561,annual,12,2023-10-30,2024-10-29,2024-10-30,Quarterly in advance,3471.13,0.12,3040.71,3040.71,Renewed,,0.05
CTR-00561-03,CUST-00561,annual,12,2024-10-30,2025-10-29,2025-10-31,Annual in advance,3686.34,0.18,3040.86,3040.86,Renewed,CTR-00561-02,0.00
CTR-00561-04,CUST-00561,annual,12,2025-10-30,2026-10-29,2026-11-01,Annual in advance,3914.89,0.22,3040.70,3040.70,Active,CTR-00561-03,0.00
CTR-00562-02,CUST-00562,annual,12,2023-10-27,2024-10-26,2024-10-31,Annual in advance,9472.56,0.01,9343.73,9343.73,Churned,,0.05
CTR-00563-02,CUST-00563,annual,12,2023-11-23,2024-11-22,2024-11-24,Quarterly in advance,8780.61,0.11,7809.47,7809.47,Renewed,,0.04
CTR-00563-03,CUST-00563,annual,12,2024-11-23,2025-11-22,2025-11-24,Quarterly in advance,10806.96,0.13,9397.73,9397.73,Renewed,CTR-00563-02,0.04
CTR-00563-04,CUST-00563,annual,12,2025-11-23,2026-11-22,2026-11-25,Annual in advance,11476.99,0.16,9692.32,9692.32,Active,CTR-00563-03,0.03
CTR-00566-01,CUST-00566,monthly,1,2022-11-16,2026-06-30,,Monthly in arrears,1970.95,0.09,1785.29,6546.06,Active,,
CTR-00567-01,CUST-00567,monthly,1,2022-11-30,2026-06-30,,Monthly in arrears,9197.75,0.12,8121.61,29779.24,Active,,
CTR-00570-02,CUST-00570,annual,12,2023-11-25,2024-11-24,2024-11-29,Annual in advance,2930.40,0.11,2614.21,2614.21,Renewed,,0.03
CTR-00570-03,CUST-00570,annual,12,2024-11-25,2025-11-24,2025-11-29,Annual in advance,3112.09,0.13,2700.36,2700.36,Renewed,CTR-00570-02,0.03
CTR-00570-04,CUST-00570,annual,12,2025-11-25,2026-11-24,2026-11-29,Annual in advance,3305.04,0.16,2785.82,2785.82,Active,CTR-00570-03,0.03
CTR-00572-01,CUST-00572,monthly,1,2022-11-28,2026-06-30,,Monthly in arrears,8277.97,0.07,7657.95,28079.15,Active,,
CTR-00573-01,CUST-00573,monthly,1,2022-11-02,2026-04-30,,Monthly in arrears,1313.96,0.04,1257.59,4401.56,Churned,,
CTR-00574-02,CUST-00574,annual,12,2023-11-02,2024-11-01,2024-11-05,Annual in advance,9768.01,0.08,9028.57,9028.57,Renewed,,0.05
CTR-00574-03,CUST-00574,annual,12,2024-11-02,2025-11-01,2025-11-05,Quarterly in advance,10373.62,0.09,9453.48,9453.48,Renewed,CTR-00574-02,0.05
CTR-00574-04,CUST-00574,annual,12,2025-11-02,2026-11-01,2026-11-05,Annual in advance,11016.79,0.11,9821.47,9821.47,Active,CTR-00574-03,0.04
CTR-00576-01,CUST-00576,monthly,1,2022-11-26,2025-11-30,,Monthly in arrears,6569.82,0.04,6297.83,19418.31,Churned,,
CTR-00578-02,CUST-00578,annual,12,2023-11-25,2024-11-24,2024-11-26,Annual in advance,16605.61,0.13,14506.66,14506.66,Renewed,,0.00
CTR-00578-03,CUST-00578,annual,12,2024-11-25,2025-11-24,2025-11-29,Annual in advance,19709.89,0.14,16903.20,16903.20,Churned,CTR-00578-02,0.04
CTR-00579-01,CUST-00579,monthly,1,2022-12-22,2026-06-30,,Monthly in arrears,7923.40,0.11,7065.30,25317.33,Active,,
CTR-00580-01,CUST-00580,monthly,1,2022-12-21,2025-12-31,,Monthly in arrears,4621.98,0.14,3990.62,12304.41,Churned,,
CTR-00581-01,CUST-00581,annual,12,2022-12-31,2023-12-30,2024-01-03,Annual in advance,4801.75,0.19,3912.95,3912.95,Churned,,
CTR-00583-01,CUST-00583,monthly,1,2022-12-28,2026-06-30,,Monthly in arrears,6470.78,0.04,6199.65,22215.41,Active,,
CTR-00584-02,CUST-00584,annual,12,2023-12-01,2024-11-30,2024-12-01,Annual in advance,6310.99,0.21,4961.07,4961.07,Renewed,,0.05
CTR-00584-03,CUST-00584,annual,12,2024-12-01,2025-11-30,2025-12-01,Annual in advance,6702.27,0.23,5152.03,5152.03,Renewed,CTR-00584-02,0.04
CTR-00584-04,CUST-00584,annual,12,2025-12-01,2026-11-30,2026-12-01,Annual in advance,9490.42,0.25,7120.66,7120.66,Active,CTR-00584-03,0.04
CTR-00585-01,CUST-00585,monthly,1,2022-12-26,2026-01-31,,Monthly in arrears,7263.12,0.10,6531.72,20683.78,Churned,,
CTR-00586-01,CUST-00586,monthly,1,2022-12-29,2026-06-30,,Monthly in arrears,1848.79,0.07,1722.33,6171.68,Active,,
CTR-00587-01,CUST-00587,monthly,1,2022-12-28,2024-04-30,,Monthly in arrears,5546.38,0.09,5041.10,7141.56,Churned,,
CTR-00589-01,CUST-00589,annual,12,2022-12-25,2023-12-24,2023-12-27,Annual in advance,1320.57,0.08,1219.94,1219.94,Renewed,,
CTR-00589-02,CUST-00589,annual,12,2023-12-25,2024-12-24,2024-12-28,Annual in advance,1402.44,0.13,1219.98,1219.98,Renewed,CTR-00589-01,0.00
CTR-00589-03,CUST-00589,annual,12,2024-12-25,2025-12-24,2025-12-29,Annual in advance,1489.39,0.15,1262.85,1262.85,Renewed,CTR-00589-02,0.04
CTR-00589-04,CUST-00589,annual,12,2025-12-25,2026-12-24,2026-12-24,Annual in advance,1581.74,0.17,1310.31,1310.31,Active,CTR-00589-03,0.04
CTR-00590-01,CUST-00590,monthly,1,2022-12-29,2026-06-30,,Monthly in arrears,1980.85,0.12,1748.30,6264.74,Active,,
CTR-00591-01,CUST-00591,monthly,1,2022-12-18,2025-05-31,,Monthly in arrears,10564.54,0.07,9877.84,24694.60,Churned,,
CTR-00592-01,CUST-00592,monthly,1,2022-12-29,2026-06-30,,Monthly in arrears,10168.37,0.02,10013.81,35882.82,Active,,
CTR-00593-01,CUST-00593,annual,12,2022-12-30,2023-12-29,2023-12-30,Annual in advance,8583.69,0.03,8369.10,8369.10,Churned,,
CTR-00595-01,CUST-00595,monthly,1,2022-12-16,2024-05-31,,Monthly in arrears,5942.55,0.10,5372.07,8058.10,Churned,,
CTR-00596-01,CUST-00596,monthly,1,2022-12-31,2026-06-30,,Monthly in arrears,5282.27,0.06,4966.92,17798.13,Active,,
CTR-00599-01,CUST-00599,monthly,1,2022-12-04,2025-07-31,,Monthly in arrears,3301.42,0.00,3301.42,8803.79,Churned,,
CTR-00600-01,CUST-00600,monthly,1,2022-12-11,2026-06-30,,Monthly in arrears,7923.40,0.13,6902.87,24735.28,Active,,
CTR-00601-01,CUST-00601,annual,12,2022-12-27,2023-12-26,2023-12-26,Annual in advance,2641.13,0.09,2412.41,2412.41,Churned,,
CTR-00602-02R,CUST-00602,monthly,1,2024-02-01,2024-11-30,,Monthly in arrears,3541.43,0.07,3298.49,2748.74,Churned,,
CTR-00603-01,CUST-00603,monthly,1,2022-12-13,2026-06-30,,Monthly in arrears,3961.70,0.09,3594.45,12880.11,Active,,
CTR-00604-01,CUST-00604,monthly,1,2022-12-20,2024-01-31,,Monthly in arrears,3301.42,0.00,3301.42,3851.66,Churned,,
CTR-00605-01,CUST-00605,monthly,1,2022-12-11,2024-03-31,,Monthly in arrears,1980.85,0.12,1736.41,2315.21,Churned,,
CTR-00607-01,CUST-00607,monthly,1,2022-12-21,2026-06-30,,Monthly in arrears,1980.85,0.07,1837.24,6583.44,Active,,
CTR-00608-01,CUST-00608,annual,12,2022-12-28,2023-12-27,2023-12-30,Annual in advance,1320.57,0.11,1177.42,1177.42,Churned,,
CTR-00611-01,CUST-00611,monthly,1,2022-12-11,2026-06-30,,Monthly in arrears,6470.78,0.03,6259.19,22428.76,Active,,
CTR-00612-01,CUST-00612,annual,12,2022-12-16,2023-12-15,2023-12-15,Annual in advance,9243.97,0.06,8686.56,8686.56,Renewed,,
CTR-00612-02,CUST-00612,annual,12,2023-12-16,2024-12-15,2024-12-17,Annual in advance,7012.21,0.12,6204.40,6204.40,Renewed,CTR-00612-01,0.00
CTR-00612-03,CUST-00612,annual,12,2024-12-16,2025-12-15,2025-12-20,Annual in advance,8936.36,0.14,7702.25,7702.25,Renewed,CTR-00612-02,0.03
CTR-00612-04,CUST-00612,annual,12,2025-12-16,2026-12-15,2026-12-16,Annual in advance,7117.81,0.19,5776.81,5776.81,Active,CTR-00612-03,0.00
CTR-00614-01,CUST-00614,monthly,1,2022-12-13,2026-06-30,,Monthly in arrears,20336.73,0.07,18919.26,67794.01,Active,,
CTR-00615-02R,CUST-00615,monthly,1,2024-07-01,2024-10-31,,Monthly in arrears,1452.53,0.12,1279.24,426.41,Churned,,
CTR-00618-01,CUST-00618,multi_year,24,2022-01-05,2024-01-04,2024-01-09,Annual in advance,25464.44,0.07,23656.46,47312.92,Churned,,
CTR-00618-02R,CUST-00618,multi_year,24,2024-10-01,2026-09-30,2026-10-05,Annual in advance,18288.44,0.07,16989.96,33979.92,Active,,
CTR-00619-01,CUST-00619,monthly,1,2022-01-31,2026-06-30,,Monthly in arrears,61779.05,0.13,53933.11,242698.99,Active,,
CTR-00620-02,CUST-00620,annual,12,2023-01-28,2024-01-27,2024-01-30,Quarterly in advance,33066.20,0.16,27712.78,27712.78,Renewed,,0.04
CTR-00620-03,CUST-00620,annual,12,2024-01-28,2025-01-27,2025-01-31,Annual in advance,35116.30,0.19,28553.06,28553.06,Renewed,CTR-00620-02,0.03
CTR-00620-04,CUST-00620,annual,12,2025-01-28,2026-01-27,2026-01-28,Annual in advance,46576.29,0.20,37191.17,37191.17,Renewed,CTR-00620-03,0.04
CTR-00620-05,CUST-00620,annual,12,2026-01-28,2027-01-27,2027-01-27,Annual in advance,49464.02,0.22,38710.54,38710.54,Active,CTR-00620-04,0.04
CTR-00621-01,CUST-00621,multi_year,24,2022-01-30,2024-01-29,2024-01-29,Annual in advance,15500.09,0.23,11911.82,23823.64,Renewed,,
CTR-00621-02,CUST-00621,multi_year,24,2024-01-30,2026-01-29,2026-01-31,Annual in advance,24973.84,0.29,17746.41,35492.82,Renewed,CTR-00621-01,0.04
CTR-00621-03,CUST-00621,multi_year,24,2026-01-30,2028-01-29,2028-02-02,Annual in advance,35208.24,0.34,23233.92,46467.84,Active,CTR-00621-02,0.05
CTR-00622-01,CUST-00622,monthly,1,2022-01-12,2024-02-29,,Monthly in arrears,26350.16,0.10,23833.72,51639.73,Churned,,
CTR-00623-02,CUST-00623,annual,12,2023-02-28,2024-02-27,2024-03-03,Annual in advance,41359.56,0.22,32384.54,32384.54,Renewed,,0.00
CTR-00623-03,CUST-00623,annual,12,2024-02-28,2025-02-27,2025-03-03,Annual in advance,28111.26,0.26,20726.43,20726.43,Renewed,CTR-00623-02,0.00
CTR-00623-04,CUST-00623,annual,12,2025-02-28,2026-02-27,2026-02-28,Annual in advance,42915.36,0.28,30877.60,30877.60,Renewed,CTR-00623-03,0.04
CTR-00623-05,CUST-00623,annual,12,2026-02-28,2027-02-27,2027-02-28,Annual in advance,35668.26,0.32,24165.25,24165.25,Active,CTR-00623-04,0.00
CTR-00624-02,CUST-00624,annual,12,2023-02-11,2024-02-10,2024-02-11,Quarterly in advance,59085.08,0.17,48863.36,48863.36,Renewed,,0.04
CTR-00624-03,CUST-00624,annual,12,2024-02-11,2025-02-10,2025-02-14,Annual in advance,62748.36,0.19,50763.42,50763.42,Renewed,CTR-00624-02,0.04
CTR-00624-04,CUST-00624,annual,12,2025-02-11,2026-02-10,2026-02-14,Annual in advance,66638.75,0.20,53084.43,53084.43,Renewed,CTR-00624-03,0.05
CTR-00624-05,CUST-00624,annual,12,2026-02-11,2026-05-31,2026-06-02,Annual in advance,70770.36,0.22,55236.27,55236.27,Early Termination,CTR-00624-04,0.04
CTR-00625-02,CUST-00625,annual,12,2023-02-10,2024-02-09,2024-02-09,Annual in advance,14889.44,0.15,12644.11,12644.11,Renewed,,0.00
CTR-00625-03,CUST-00625,annual,12,2024-02-10,2025-02-09,2025-02-09,Annual in advance,15812.59,0.17,13195.61,13195.61,Renewed,CTR-00625-02,0.04
CTR-00625-04,CUST-00625,annual,12,2025-02-10,2026-02-09,2026-02-09,Annual in advance,16792.97,0.19,13620.78,13620.78,Churned,CTR-00625-03,0.03
CTR-00626-01,CUST-00626,monthly,1,2022-02-24,2026-06-30,,Monthly in arrears,44297.98,0.14,38136.13,168434.57,Active,,
CTR-00627-02,CUST-00627,annual,12,2023-02-26,2024-02-25,2024-02-26,Quarterly in advance,28060.69,0.16,23680.42,23680.42,Churned,,0.00
CTR-00628-02,CUST-00628,annual,12,2023-02-19,2024-02-18,2024-02-20,Annual in advance,29542.54,0.22,23087.50,23087.50,Renewed,,0.05
CTR-00628-03,CUST-00628,annual,12,2024-02-19,2025-02-18,2025-02-20,Annual in advance,31374.18,0.23,24045.17,24045.17,Renewed,CTR-00628-02,0.04
CTR-00628-04,CUST-00628,annual,12,2025-02-19,2026-02-18,2026-02-21,Annual in advance,43981.58,0.28,31741.51,31741.51,Renewed,CTR-00628-03,0.00
CTR-00628-05,CUST-00628,annual,12,2026-02-19,2027-02-18,2027-02-19,Quarterly in advance,46708.44,0.29,33214.37,33214.37,Active,CTR-00628-04,0.05
CTR-00629-02,CUST-00629,annual,12,2023-03-27,2024-03-26,2024-03-30,Annual in advance,54868.98,0.04,52756.52,52756.52,Renewed,,0.04
CTR-00629-03,CUST-00629,annual,12,2024-03-27,2025-03-26,2025-03-28,Quarterly in advance,60036.64,0.07,55984.17,55984.17,Renewed,CTR-00629-02,0.03
CTR-00629-04,CUST-00629,annual,12,2025-03-27,2026-03-26,2026-03-31,Annual in advance,54382.60,0.12,47753.36,47753.36,Renewed,CTR-00629-03,0.00
CTR-00629-05,CUST-00629,annual,12,2026-03-27,2027-03-26,2027-03-29,Quarterly in advance,85635.71,0.15,73192.84,73192.84,Active,CTR-00629-04,0.03
CTR-00630-01,CUST-00630,multi_year,24,2022-03-08,2024-03-07,2024-03-09,Annual in advance,33549.16,0.12,29499.78,58999.56,Renewed,,
CTR-00630-02,CUST-00630,multi_year,24,2024-03-08,2026-03-07,2026-03-12,Annual in advance,45405.86,0.18,37082.97,74165.94,Renewed,CTR-00630-01,0.05
CTR-00630-03,CUST-00630,multi_year,24,2026-03-08,2028-03-07,2028-03-12,Quarterly in advance,76816.09,0.24,58357.18,116714.36,Active,CTR-00630-02,0.05
CTR-00631-02,CUST-00631,annual,12,2023-03-12,2024-03-11,2024-03-14,Annual in advance,18289.66,0.19,14829.26,14829.26,Renewed,,0.05
CTR-00631-03,CUST-00631,annual,12,2024-03-12,2025-03-11,2025-03-15,Annual in advance,26486.75,0.24,20222.63,20222.63,Renewed,CTR-00631-02,0.00
CTR-00631-04,CUST-00631,annual,12,2025-03-12,2026-03-11,2026-03-16,Quarterly in advance,28128.93,0.25,20981.37,20981.37,Churned,CTR-00631-03,0.04
CTR-00632-02,CUST-00632,annual,12,2023-03-28,2024-03-27,2024-03-28,Quarterly in advance,54032.43,0.14,46462.49,46462.49,Renewed,,0.03
CTR-00632-03,CUST-00632,annual,12,2024-03-28,2025-03-27,2025-03-29,Quarterly in advance,57382.44,0.15,48511.11,48511.11,Renewed,CTR-00632-02,0.04
CTR-00632-04,CUST-00632,annual,12,2025-03-28,2026-03-27,2026-03-30,Annual in advance,64958.57,0.17,54233.91,54233.91,Renewed,CTR-00632-03,0.05
CTR-00632-05,CUST-00632,annual,12,2026-03-28,2027-03-27,2027-03-31,Annual in advance,68986.01,0.18,56789.28,56789.28,Active,CTR-00632-04,0.05
CTR-00634-02,CUST-00634,annual,12,2023-03-15,2024-03-14,2024-03-14,Annual in advance,28265.84,0.23,21640.33,21640.33,Renewed,,0.04
CTR-00634-03,CUST-00634,annual,12,2024-03-15,2025-03-14,2025-03-16,Annual in advance,30018.32,0.25,22468.71,22468.71,Renewed,CTR-00634-02,0.04
CTR-00634-04,CUST-00634,annual,12,2025-03-15,2026-03-14,2026-03-15,Annual in advance,31879.45,0.27,23313.44,23313.44,Renewed,CTR-00634-03,0.04
CTR-00634-05,CUST-00634,annual,12,2026-03-15,2027-03-14,2027-03-15,Quarterly in advance,33855.98,0.28,24240.88,24240.88,Active,CTR-00634-04,0.04
CTR-00635-02,CUST-00635,annual,12,2023-03-13,2024-03-12,2024-03-16,Annual in advance,39192.13,0.21,30859.88,30859.88,Renewed,,0.05
CTR-00635-03,CUST-00635,annual,12,2024-03-13,2025-03-12,2025-03-15,Annual in advance,41622.04,0.23,32240.43,32240.43,Renewed,CTR-00635-02,0.04
CTR-00635-04,CUST-00635,annual,12,2025-03-13,2026-03-12,2026-03-13,Annual in advance,44202.60,0.24,33779.63,33779.63,Renewed,CTR-00635-03,0.05
CTR-00635-05,CUST-00635,annual,12,2026-03-13,2027-03-12,2027-03-14,Annual in advance,46943.16,0.25,35315.34,35315.34,Active,CTR-00635-04,0.05
CTR-00636-02,CUST-00636,annual,12,2023-03-17,2024-03-16,2024-03-20,Annual in advance,16626.96,0.12,14684.93,14684.93,Renewed,,0.04
CTR-00636-03,CUST-00636,annual,12,2024-03-17,2025-03-16,2025-03-20,Annual in advance,21441.66,0.17,17830.88,17830.88,Renewed,CTR-00636-02,0.00
CTR-00636-04,CUST-00636,annual,12,2025-03-17,2026-03-16,2026-03-19,Annual in advance,22771.04,0.22,17832.00,17832.00,Renewed,CTR-00636-03,0.00
CTR-00636-05,CUST-00636,annual,12,2026-03-17,2027-03-16,2027-03-19,Annual in advance,31295.44,0.26,23077.26,23077.26,Active,CTR-00636-04,0.00
CTR-00637-02,CUST-00637,annual,12,2023-03-29,2024-03-28,2024-03-29,Annual in advance,7125.84,0.18,5846.04,5846.04,Renewed,,0.00
CTR-00637-03,CUST-00637,annual,12,2024-03-29,2025-03-28,2025-04-02,Annual in advance,6306.37,0.23,4871.67,4871.67,Renewed,CTR-00637-02,0.00
CTR-00637-04,CUST-00637,annual,12,2025-03-29,2026-03-28,2026-03-30,Annual in advance,6697.36,0.25,5029.05,5029.05,Churned,CTR-00637-03,0.03
CTR-00638-01,CUST-00638,multi_year,36,2022-04-25,2025-04-24,2025-04-25,Quarterly in advance,26974.20,0.28,19467.28,58401.84,Renewed,,
CTR-00638-02,CUST-00638,multi_year,24,2025-04-25,2027-04-24,2027-04-25,Annual in advance,90195.68,0.37,56498.57,112997.14,Active,CTR-00638-01,0.04
CTR-00639-02,CUST-00639,annual,12,2023-04-24,2024-04-23,2024-04-27,Annual in advance,28646.60,0.11,25561.36,25561.36,Renewed,,0.05
CTR-00639-03,CUST-00639,annual,12,2024-04-24,2025-04-23,2025-04-24,Annual in advance,30422.69,0.13,26428.19,26428.19,Renewed,CTR-00639-02,0.03
CTR-00639-04,CUST-00639,annual,12,2025-04-24,2026-04-23,2026-04-24,Annual in advance,32308.90,0.18,26428.68,26428.68,Renewed,CTR-00639-03,0.00
CTR-00639-05,CUST-00639,annual,12,2026-04-24,2027-04-23,2027-04-27,Annual in advance,34312.05,0.20,27288.37,27288.37,Active,CTR-00639-04,0.03
CTR-00640-02,CUST-00640,annual,12,2023-04-28,2024-04-27,2024-05-01,Annual in advance,60640.72,0.10,54606.97,54606.97,Renewed,,0.04
CTR-00640-03,CUST-00640,annual,12,2024-04-28,2025-04-27,2025-05-01,Quarterly in advance,64400.45,0.11,57277.76,57277.76,Churned,CTR-00640-02,0.05
CTR-00641-02,CUST-00641,annual,12,2023-04-28,2024-04-27,2024-04-28,Quarterly in advance,80931.14,0.20,64494.03,64494.03,Renewed,,0.04
CTR-00641-03,CUST-00641,annual,12,2024-04-28,2025-04-27,2025-04-27,Annual in advance,85948.88,0.22,67186.24,67186.24,Renewed,CTR-00641-02,0.04
CTR-00641-04,CUST-00641,annual,12,2025-04-28,2026-04-27,2026-04-28,Annual in advance,91277.71,0.24,69745.30,69745.30,Renewed,CTR-00641-03,0.04
CTR-00641-05,CUST-00641,annual,12,2026-04-28,2027-04-27,2027-05-02,Annual in advance,102655.60,0.25,76509.22,76509.22,Active,CTR-00641-04,0.04
CTR-00642-01,CUST-00642,monthly,1,2022-04-08,2026-06-30,,Monthly in arrears,8991.40,0.24,6863.14,29168.35,Active,,
CTR-00644-02,CUST-00644,annual,12,2023-05-28,2024-05-27,2024-05-31,Quarterly in advance,59980.35,0.12,52548.78,52548.78,Renewed,,0.05
CTR-00644-03,CUST-00644,annual,12,2024-05-28,2025-05-27,2025-05-29,Quarterly in advance,42041.42,0.17,34684.17,34684.17,Renewed,CTR-00644-02,0.00
CTR-00644-04,CUST-00644,annual,12,2025-05-28,2026-05-27,2026-05-28,Annual in advance,44647.99,0.22,34682.56,34682.56,Renewed,CTR-00644-03,0.00
CTR-00644-05,CUST-00644,annual,12,2026-05-28,2027-05-27,2027-06-01,Annual in advance,30173.92,0.27,22072.22,22072.22,Active,CTR-00644-04,0.00
CTR-00645-02,CUST-00645,annual,12,2023-05-28,2024-05-27,2024-05-29,Annual in advance,43665.69,0.12,38596.10,38596.10,Renewed,,0.03
CTR-00645-03,CUST-00645,annual,12,2024-05-28,2025-05-27,2025-05-31,Annual in advance,90962.35,0.14,78163.95,78163.95,Renewed,CTR-00645-02,0.03
CTR-00645-04,CUST-00645,annual,12,2025-05-28,2026-05-27,2026-05-31,Annual in advance,68189.66,0.19,55172.25,55172.25,Renewed,CTR-00645-03,0.00
CTR-00645-05,CUST-00645,annual,12,2026-05-28,2027-05-27,2027-05-31,Annual in advance,72417.42,0.21,57434.26,57434.26,Active,CTR-00645-04,0.04
CTR-00646-02,CUST-00646,annual,12,2023-05-31,2024-05-30,2024-06-03,Annual in advance,60064.06,0.32,41023.75,41023.75,Renewed,,0.04
CTR-00646-03,CUST-00646,annual,12,2024-05-31,2025-05-30,2025-06-01,Annual in advance,63788.04,0.33,43037.79,43037.79,Renewed,CTR-00646-02,0.05
CTR-00646-04,CUST-00646,annual,12,2025-05-31,2026-05-30,2026-06-02,Annual in advance,151085.81,0.34,99384.25,99384.25,Renewed,CTR-00646-03,0.04
CTR-00646-05,CUST-00646,annual,12,2026-05-31,2027-05-30,2027-06-01,Annual in advance,160453.13,0.35,103684.81,103684.81,Active,CTR-00646-04,0.04
CTR-00649-02,CUST-00649,annual,12,2023-06-29,2024-06-28,2024-06-28,Annual in advance,126674.23,0.10,113930.80,113930.80,Renewed,,0.04
CTR-00649-03,CUST-00649,annual,12,2024-06-29,2025-06-28,2025-06-28,Quarterly in advance,134528.03,0.12,117994.54,117994.54,Renewed,CTR-00649-02,0.04
CTR-00649-04,CUST-00649,annual,12,2025-06-29,2026-06-28,2026-07-01,Annual in advance,142868.77,0.15,122024.22,122024.22,Renewed,CTR-00649-03,0.03
CTR-00649-05,CUST-00649,annual,12,2026-06-29,2027-06-28,2027-06-30,Annual in advance,151726.63,0.16,128011.76,128011.76,Active,CTR-00649-04,0.05
CTR-00651-02,CUST-00651,annual,12,2023-06-03,2024-06-02,2024-06-07,Annual in advance,29845.61,0.13,25920.91,25920.91,Renewed,,0.05
CTR-00651-03,CUST-00651,annual,12,2024-06-03,2025-06-02,2025-06-03,Quarterly in advance,31696.04,0.18,25921.02,25921.02,Renewed,CTR-00651-02,0.00
CTR-00651-04,CUST-00651,annual,12,2025-06-03,2026-06-02,2026-06-04,Annual in advance,39100.27,0.19,31593.02,31593.02,Renewed,CTR-00651-03,0.05
CTR-00651-05,CUST-00651,annual,12,2026-06-03,2027-06-02,2027-06-05,Annual in advance,41524.48,0.20,33144.84,33144.84,Active,CTR-00651-04,0.05
CTR-00652-02,CUST-00652,annual,12,2023-06-30,2024-06-29,2024-06-29,Quarterly in advance,8439.45,0.17,7028.37,7028.37,Renewed,,0.00
CTR-00652-03,CUST-00652,annual,12,2024-06-30,2025-06-29,2025-07-04,Annual in advance,6401.92,0.22,5020.39,5020.39,Renewed,CTR-00652-02,0.00
CTR-00652-04,CUST-00652,annual,12,2025-06-30,2026-06-29,2026-07-03,Quarterly in advance,5439.07,0.26,4016.21,4016.21,Renewed,CTR-00652-03,0.00
CTR-00652-05,CUST-00652,annual,12,2026-06-30,2027-06-29,2027-07-02,Annual in advance,4332.22,0.30,3012.19,3012.19,Active,CTR-00652-04,0.00
CTR-00654-01,CUST-00654,multi_year,24,2022-07-31,2024-07-30,2024-08-01,Annual in advance,9127.64,0.13,7959.30,15918.60,Renewed,,
CTR-00654-02,CUST-00654,multi_year,24,2024-07-31,2026-07-30,2026-08-01,Annual in advance,11581.37,0.19,9361.22,18722.44,Active,CTR-00654-01,0.05
CTR-00655-02,CUST-00655,annual,12,2023-07-27,2024-07-26,2024-07-30,Annual in advance,48511.64,0.10,43539.20,43539.20,Renewed,,0.04
CTR-00655-03,CUST-00655,annual,12,2024-07-27,2025-07-26,2025-07-28,Annual in advance,61813.92,0.15,52238.94,52238.94,Renewed,CTR-00655-02,0.00
CTR-00655-04,CUST-00655,annual,12,2025-07-27,2026-07-26,2026-07-31,Quarterly in advance,72479.39,0.18,59657.79,59657.79,Active,CTR-00655-03,0.03
CTR-00656-02,CUST-00656,annual,12,2023-07-28,2024-07-27,2024-07-30,Annual in advance,66158.51,0.12,58398.12,58398.12,Renewed,,0.04
CTR-00656-03,CUST-00656,annual,12,2024-07-28,2025-07-27,2025-07-27,Annual in advance,70260.33,0.17,58400.39,58400.39,Renewed,CTR-00656-02,0.00
CTR-00656-04,CUST-00656,annual,12,2025-07-28,2026-07-27,2026-07-29,Annual in advance,74616.47,0.18,61148.20,61148.20,Active,CTR-00656-03,0.05
CTR-00657-02,CUST-00657,annual,12,2023-07-18,2024-07-17,2024-07-17,Annual in advance,38207.08,0.16,32021.35,32021.35,Renewed,,0.03
CTR-00657-03,CUST-00657,annual,12,2024-07-18,2025-07-17,2025-07-18,Quarterly in advance,40575.92,0.18,33243.85,33243.85,Renewed,CTR-00657-02,0.04
CTR-00657-04,CUST-00657,annual,12,2025-07-18,2026-07-17,2026-07-17,Annual in advance,59490.85,0.19,47907.98,47907.98,Active,CTR-00657-03,0.04
CTR-00658-02,CUST-00658,annual,12,2023-08-14,2024-08-13,2024-08-17,Annual in advance,13395.62,0.18,10930.83,10930.83,Renewed,,0.03
CTR-00658-03,CUST-00658,annual,12,2024-08-14,2025-08-13,2025-08-14,Annual in advance,16812.72,0.20,13498.93,13498.93,Renewed,CTR-00658-02,0.04
CTR-00658-04,CUST-00658,annual,12,2025-08-14,2026-08-13,2026-08-16,Quarterly in advance,17855.11,0.22,13916.27,13916.27,Active,CTR-00658-03,0.03
CTR-00660-02R,CUST-00660,annual,12,2024-06-01,2025-05-31,2025-05-31,Annual in advance,8962.69,0.15,7620.08,7620.08,Renewed,,
CTR-00660-03,CUST-00660,annual,12,2025-06-01,2026-05-31,2026-05-31,Annual in advance,10878.15,0.17,9070.20,9070.20,Renewed,CTR-00660-02R,0.04
CTR-00660-04,CUST-00660,annual,12,2026-06-01,2027-05-31,2027-06-04,Annual in advance,11552.59,0.18,9445.40,9445.40,Active,CTR-00660-03,0.04
CTR-00661-02,CUST-00661,annual,12,2023-08-12,2024-08-11,2024-08-12,Annual in advance,26791.24,0.10,24168.38,24168.38,Renewed,,0.03
CTR-00661-03,CUST-00661,annual,12,2024-08-12,2025-08-11,2025-08-14,Annual in advance,28452.29,0.12,25174.59,25174.59,Renewed,CTR-00661-02,0.04
CTR-00661-04,CUST-00661,annual,12,2025-08-12,2026-08-11,2026-08-15,Annual in advance,30216.34,0.13,26230.80,26230.80,Active,CTR-00661-03,0.04
CTR-00663-02,CUST-00663,annual,12,2023-09-27,2024-09-26,2024-09-27,Annual in advance,22030.26,0.11,19675.23,19675.23,Renewed,,0.05
CTR-00663-03,CUST-00663,annual,12,2024-09-27,2025-09-26,2025-09-26,Quarterly in advance,23396.14,0.16,19676.15,19676.15,Churned,CTR-00663-02,0.00
CTR-00664-01,CUST-00664,multi_year,24,2022-09-11,2024-09-10,2024-09-11,Annual in advance,74909.34,0.21,59522.96,119045.92,Renewed,,
CTR-00664-02,CUST-00664,multi_year,24,2024-09-11,2026-09-10,2026-09-10,Annual in advance,66289.05,0.30,46700.64,93401.28,Active,CTR-00664-01,0.00
CTR-00666-02,CUST-00666,annual,12,2023-09-30,2024-09-29,2024-09-29,Annual in advance,62111.43,0.06,58521.39,58521.39,Renewed,,0.03
CTR-00666-03,CUST-00666,annual,12,2024-09-30,2025-09-29,2025-10-02,Quarterly in advance,86758.90,0.07,80607.69,80607.69,Renewed,CTR-00666-02,0.05
CTR-00666-04,CUST-00666,annual,12,2025-09-30,2026-09-29,2026-10-02,Annual in advance,92137.95,0.09,83458.56,83458.56,Active,CTR-00666-03,0.04
CTR-00668-02,CUST-00668,annual,12,2023-10-31,2024-10-30,2024-11-03,Annual in advance,24601.08,0.22,19144.56,19144.56,Churned,,0.05
CTR-00669-02,CUST-00669,annual,12,2023-10-10,2024-10-09,2024-10-10,Annual in advance,36901.62,0.17,30565.61,30565.61,Renewed,,0.05
CTR-00669-03,CUST-00669,annual,12,2024-10-10,2025-10-09,2025-10-13,Annual in advance,39189.52,0.19,31676.89,31676.89,Renewed,CTR-00669-02,0.04
CTR-00669-04,CUST-00669,annual,12,2025-10-10,2026-10-09,2026-10-14,Annual in advance,41619.27,0.22,32650.32,32650.32,Active,CTR-00669-03,0.03
CTR-00670-02,CUST-00670,annual,12,2023-10-14,2024-10-13,2024-10-15,Quarterly in advance,13776.60,0.16,11547.55,11547.55,Renewed,,0.04
CTR-00670-03,CUST-00670,annual,12,2024-10-14,2025-10-13,2025-10-13,Annual in advance,14630.75,0.18,12008.92,12008.92,Renewed,CTR-00670-02,0.04
CTR-00670-04,CUST-00670,annual,12,2025-10-14,2026-10-13,2026-10-13,Annual in advance,15537.86,0.19,12514.19,12514.19,Active,CTR-00670-03,0.04
CTR-00671-02,CUST-00671,annual,12,2023-10-04,2024-10-03,2024-10-08,Annual in advance,9840.43,0.22,7629.29,7629.29,Renewed,,0.04
CTR-00671-03,CUST-00671,annual,12,2024-10-04,2025-10-03,2025-10-06,Annual in advance,10450.54,0.25,7875.53,7875.53,Renewed,CTR-00671-02,0.03
CTR-00671-04,CUST-00671,annual,12,2025-10-04,2026-10-03,2026-10-06,Annual in advance,11098.47,0.26,8232.85,8232.85,Active,CTR-00671-03,0.05
CTR-00673-02,CUST-00673,annual,12,2023-10-26,2024-10-25,2024-10-28,Annual in advance,45512.00,0.20,36259.41,36259.41,Renewed,,0.04
CTR-00673-03,CUST-00673,annual,12,2024-10-26,2025-10-25,2025-10-26,Annual in advance,48333.74,0.22,37937.15,37937.15,Renewed,CTR-00673-02,0.05
CTR-00673-04,CUST-00673,annual,12,2025-10-26,2026-10-25,2026-10-28,Annual in advance,137343.59,0.23,105205.19,105205.19,Active,CTR-00673-03,0.04
CTR-00674-02,CUST-00674,annual,12,2023-11-29,2024-11-28,2024-12-03,Annual in advance,16515.46,0.17,13671.50,13671.50,Renewed,,0.04
CTR-00674-03,CUST-00674,annual,12,2024-11-29,2025-11-28,2025-11-29,Quarterly in advance,17539.42,0.19,14191.14,14191.14,Renewed,CTR-00674-02,0.04
CTR-00674-04,CUST-00674,annual,12,2025-11-29,2026-11-28,2026-12-02,Annual in advance,24203.99,0.21,19053.38,19053.38,Active,CTR-00674-03,0.03
CTR-00676-02,CUST-00676,annual,12,2023-11-14,2024-11-13,2024-11-17,Annual in advance,54394.36,0.09,49373.76,49373.76,Renewed,,0.03
CTR-00676-03,CUST-00676,annual,12,2024-11-14,2025-11-13,2025-11-13,Annual in advance,57766.81,0.10,51718.62,51718.62,Renewed,CTR-00676-02,0.05
CTR-00676-04,CUST-00676,annual,12,2025-11-14,2026-11-13,2026-11-16,Annual in advance,61348.36,0.16,51716.67,51716.67,Active,CTR-00676-03,0.00
CTR-00679-01,CUST-00679,annual,12,2022-12-26,2023-12-25,2023-12-26,Annual in advance,10529.22,0.18,8685.55,8685.55,Renewed,,
CTR-00679-02,CUST-00679,annual,12,2023-12-26,2024-12-25,2024-12-30,Annual in advance,11182.03,0.22,8685.08,8685.08,Renewed,CTR-00679-01,0.00
CTR-00679-03,CUST-00679,annual,12,2024-12-26,2025-12-25,2025-12-26,Quarterly in advance,11875.32,0.24,8984.87,8984.87,Renewed,CTR-00679-02,0.03
CTR-00679-04,CUST-00679,annual,12,2025-12-26,2026-12-25,2026-12-25,Annual in advance,12611.59,0.27,9261.95,9261.95,Active,CTR-00679-03,0.03
CTR-00680-01,CUST-00680,multi_year,24,2022-12-30,2024-12-29,2025-01-01,Annual in advance,11699.13,0.11,10404.04,20808.08,Churned,,
CTR-00681-01,CUST-00681,annual,12,2022-12-23,2023-12-22,2023-12-22,Annual in advance,35097.40,0.16,29415.13,29415.13,Churned,,
CTR-00682-01,CUST-00682,annual,12,2022-12-18,2023-12-17,2023-12-22,Annual in advance,18016.67,0.07,16687.04,16687.04,Renewed,,
CTR-00682-02,CUST-00682,annual,12,2023-12-18,2024-12-17,2024-12-18,Annual in advance,43485.68,0.09,39580.67,39580.67,Renewed,CTR-00682-01,0.04
CTR-00682-03,CUST-00682,annual,12,2024-12-18,2025-12-17,2025-12-18,Annual in advance,46181.80,0.12,40787.77,40787.77,Renewed,CTR-00682-02,0.03
CTR-00682-04,CUST-00682,annual,12,2025-12-18,2026-12-17,2026-12-20,Annual in advance,47083.27,0.17,39154.45,39154.45,Active,CTR-00682-03,0.00
CTR-00683-01,CUST-00683,annual,12,2022-12-31,2023-12-30,2024-01-02,Quarterly in advance,31587.66,0.19,25649.18,25649.18,Renewed,,
CTR-00683-02,CUST-00683,annual,12,2023-12-31,2024-12-30,2025-01-02,Annual in advance,33546.10,0.21,26504.77,26504.77,Renewed,CTR-00683-01,0.03
CTR-00683-03,CUST-00683,annual,12,2024-12-31,2025-12-30,2026-01-03,Quarterly in advance,84446.71,0.23,65319.53,65319.53,Renewed,CTR-00683-02,0.04
CTR-00683-04,CUST-00683,annual,12,2025-12-31,2026-12-30,2026-12-31,Annual in advance,89682.41,0.24,68095.85,68095.85,Active,CTR-00683-03,0.04
CTR-00684-01,CUST-00684,annual,12,2022-12-26,2023-12-25,2023-12-30,Annual in advance,17548.70,0.08,16134.27,16134.27,Renewed,,
CTR-00684-02,CUST-00684,annual,12,2023-12-26,2024-12-25,2024-12-27,Quarterly in advance,36031.00,0.10,32402.68,32402.68,Renewed,CTR-00684-01,0.04
CTR-00684-03,CUST-00684,annual,12,2024-12-26,2025-12-25,2025-12-30,Annual in advance,46181.80,0.15,39106.75,39106.75,Renewed,CTR-00684-02,0.00
CTR-00684-04,CUST-00684,annual,12,2025-12-26,2026-12-25,2026-12-28,Annual in advance,49045.07,0.17,40776.07,40776.07,Active,CTR-00684-03,0.04
CTR-00685-01,CUST-00685,annual,12,2022-12-29,2023-12-28,2023-12-30,Quarterly in advance,35795.86,0.19,28976.75,28976.75,Churned,,
CTR-00686-01,CUST-00686,annual,12,2022-12-27,2023-12-26,2023-12-29,Annual in advance,72931.86,0.10,65565.74,65565.74,Renewed,,
CTR-00686-02,CUST-00686,annual,12,2023-12-27,2024-12-26,2024-12-27,Annual in advance,150509.59,0.15,127406.37,127406.37,Renewed,CTR-00686-01,0.00
CTR-00686-03,CUST-00686,annual,12,2024-12-27,2025-12-26,2025-12-30,Quarterly in advance,159841.18,0.20,127409.40,127409.40,Renewed,CTR-00686-02,0.00
CTR-00686-04,CUST-00686,annual,12,2025-12-27,2026-12-26,2026-12-31,Annual in advance,210949.19,0.25,158338.46,158338.46,Active,CTR-00686-03,0.00
CTR-00687-01,CUST-00687,annual,12,2022-12-24,2023-12-23,2023-12-23,Annual in advance,80256.06,0.16,67800.32,67800.32,Renewed,,
CTR-00687-02,CUST-00687,annual,12,2023-12-24,2024-12-23,2024-12-25,Annual in advance,85231.94,0.17,70316.35,70316.35,Renewed,CTR-00687-01,0.04
CTR-00687-03,CUST-00687,annual,12,2024-12-24,2025-12-23,2025-12-25,Annual in advance,90516.32,0.19,72919.95,72919.95,Renewed,CTR-00687-02,0.04
CTR-00687-04,CUST-00687,annual,12,2025-12-24,2026-12-23,2026-12-27,Annual in advance,190294.86,0.24,144357.68,144357.68,Active,CTR-00687-03,0.00
CTR-00688-01,CUST-00688,annual,12,2022-12-11,2023-12-10,2023-12-13,Quarterly in advance,9359.31,0.06,8767.80,8767.80,Churned,,
CTR-00689-01,CUST-00689,annual,12,2022-12-27,2023-12-26,2023-12-29,Annual in advance,26206.06,0.17,21716.96,21716.96,Renewed,,
CTR-00689-02,CUST-00689,annual,12,2023-12-27,2024-12-26,2024-12-29,Annual in advance,52182.82,0.19,42341.14,42341.14,Renewed,CTR-00689-01,0.04
CTR-00689-03,CUST-00689,annual,12,2024-12-27,2025-12-26,2025-12-27,Quarterly in advance,55418.16,0.24,42339.47,42339.47,Renewed,CTR-00689-02,0.00
CTR-00689-04,CUST-00689,annual,12,2025-12-27,2026-12-26,2026-12-29,Annual in advance,90242.92,0.25,68115.36,68115.36,Active,CTR-00689-03,0.05
CTR-00690-01,CUST-00690,annual,12,2022-12-27,2023-12-26,2023-12-31,Annual in advance,13103.03,0.03,12645.73,12645.73,Renewed,,
CTR-00690-02,CUST-00690,annual,12,2023-12-27,2024-12-26,2024-12-31,Annual in advance,17394.27,0.05,16484.55,16484.55,Renewed,CTR-00690-01,0.04
CTR-00690-03,CUST-00690,annual,12,2024-12-27,2025-12-26,2025-12-30,Annual in advance,13194.80,0.11,11775.04,11775.04,Renewed,CTR-00690-02,0.00
CTR-00690-04,CUST-00690,annual,12,2025-12-27,2026-12-26,2026-12-26,Quarterly in advance,14012.88,0.13,12167.38,12167.38,Active,CTR-00690-03,0.03
CTR-00691-01,CUST-00691,annual,12,2022-12-29,2023-12-28,2023-12-28,Annual in advance,14740.91,0.11,13191.64,13191.64,Churned,,
CTR-00692-02,CUST-00692,annual,12,2023-01-22,2024-01-21,2024-01-25,Annual in advance,106431.25,0.24,80983.54,80983.54,Renewed,,0.03
CTR-00692-03,CUST-00692,annual,12,2024-01-22,2025-01-21,2025-01-22,Annual in advance,113029.99,0.25,84602.95,84602.95,Renewed,CTR-00692-02,0.04
CTR-00692-04,CUST-00692,annual,12,2025-01-22,2026-01-21,2026-01-25,Annual in advance,120037.84,0.27,87579.61,87579.61,Renewed,CTR-00692-03,0.04
CTR-00692-05,CUST-00692,annual,12,2026-01-22,2027-01-21,2027-01-22,Annual in advance,127480.19,0.28,91696.50,91696.50,Active,CTR-00692-04,0.05
CTR-00693-01,CUST-00693,multi_year,36,2022-02-01,2025-01-31,2025-02-02,Annual in advance,92033.25,0.25,68656.80,205970.40,Renewed,,
CTR-00693-02,CUST-00693,multi_year,36,2025-02-01,2028-01-31,2028-02-01,Annual in advance,110234.69,0.35,71806.88,215420.64,Active,CTR-00693-01,0.05
CTR-00694-02,CUST-00694,annual,12,2023-03-28,2024-03-27,2024-03-30,Annual in advance,235472.70,0.31,161652.01,161652.01,Renewed,,0.00
CTR-00694-03,CUST-00694,annual,12,2024-03-28,2025-03-27,2025-03-28,Annual in advance,311266.53,0.33,210011.53,210011.53,Renewed,CTR-00694-02,0.04
CTR-00694-04,CUST-00694,annual,12,2025-03-28,2026-03-27,2026-03-27,Annual in advance,202527.85,0.36,128665.94,128665.94,Renewed,CTR-00694-03,0.00
CTR-00694-05,CUST-00694,annual,12,2026-03-28,2027-03-27,2027-03-29,Annual in advance,215084.58,0.40,128663.60,128663.60,Active,CTR-00694-04,0.00
CTR-00695-01,CUST-00695,multi_year,24,2022-03-30,2024-03-29,2024-04-02,Annual in advance,72074.02,0.18,59432.24,118864.48,Renewed,,
CTR-00695-02,CUST-00695,multi_year,24,2024-03-30,2026-03-29,2026-03-30,Annual in advance,97728.57,0.27,71449.36,142898.72,Renewed,CTR-00695-01,0.00
CTR-00695-03,CUST-00695,multi_year,24,2026-03-30,2028-03-29,2028-03-31,Annual in advance,118463.52,0.35,76788.05,153576.10,Active,CTR-00695-02,0.00
CTR-00697-01,CUST-00697,multi_year,36,2022-05-07,2025-05-06,2025-05-09,Annual in advance,223667.62,0.28,161331.45,483994.35,Renewed,,
CTR-00697-02,CUST-00697,multi_year,36,2025-05-07,2028-05-06,2028-05-07,Annual in advance,312971.05,0.38,194542.80,583628.40,Active,CTR-00697-01,0.03
CTR-00698-01,CUST-00698,multi_year,24,2022-06-26,2024-06-25,2024-06-25,Annual in advance,154553.09,0.30,108789.92,217579.84,Renewed,,
CTR-00698-02,CUST-00698,multi_year,24,2024-06-26,2026-06-25,2026-06-28,Annual in advance,174311.77,0.38,108787.98,217575.96,Renewed,CTR-00698-01,0.00
CTR-00698-03,CUST-00698,multi_year,36,2026-06-26,2029-06-25,2029-06-25,Annual in advance,211236.65,0.42,122707.37,368122.11,Active,CTR-00698-02,0.05
CTR-00699-02,CUST-00699,annual,12,2023-07-31,2024-07-30,2024-08-01,Annual in advance,223583.94,0.18,183786.00,183786.00,Renewed,,0.04
CTR-00699-03,CUST-00699,annual,12,2024-07-31,2025-07-30,2025-08-04,Annual in advance,282174.93,0.20,226276.08,226276.08,Renewed,CTR-00699-02,0.04
CTR-00699-04,CUST-00699,annual,12,2025-07-31,2026-07-30,2026-08-02,Annual in advance,299669.78,0.22,233292.92,233292.92,Active,CTR-00699-03,0.03
CTR-00700-01,CUST-00700,multi_year,24,2022-08-30,2024-08-29,2024-08-29,Annual in advance,355885.81,0.14,307520.93,615041.86,Renewed,,
CTR-00700-02,CUST-00700,multi_year,36,2024-08-30,2027-08-29,2027-09-02,Annual in advance,413558.60,0.23,316868.60,950605.80,Active,CTR-00700-01,0.00
CTR-00701-01,CUST-00701,multi_year,24,2022-09-24,2024-09-23,2024-09-26,Quarterly in advance,118363.74,0.26,87234.08,174468.16,Renewed,,
CTR-00701-02,CUST-00701,multi_year,36,2024-09-24,2027-09-23,2027-09-24,Annual in advance,146833.31,0.35,95955.57,287866.71,Active,CTR-00701-01,0.00
CTR-00702-01,CUST-00702,multi_year,24,2022-10-27,2024-10-26,2024-10-29,Annual in advance,137194.11,0.25,103005.34,206010.68,Renewed,,
CTR-00702-02,CUST-00702,multi_year,24,2024-10-27,2026-10-26,2026-10-28,Annual in advance,195950.79,0.30,136440.54,272881.08,Active,CTR-00702-01,0.05
CTR-00703-02,CUST-00703,annual,12,2023-11-27,2024-11-26,2024-11-27,Quarterly in advance,257695.35,0.32,176340.93,176340.93,Renewed,,0.03
CTR-00703-03,CUST-00703,annual,12,2024-11-27,2025-11-26,2025-11-28,Annual in advance,273672.46,0.33,184592.07,184592.07,Renewed,CTR-00703-02,0.05
CTR-00703-04,CUST-00703,annual,12,2025-11-27,2026-11-26,2026-11-30,Quarterly in advance,290640.16,0.35,190194.92,190194.92,Active,CTR-00703-03,0.03
CTR-00704-01,CUST-00704,annual,12,2022-12-31,2023-12-30,2023-12-30,Annual in advance,373913.36,0.14,323135.93,323135.93,Renewed,,
CTR-00704-02,CUST-00704,annual,12,2023-12-31,2024-12-30,2024-12-30,Annual in advance,550048.12,0.16,463250.53,463250.53,Renewed,CTR-00704-01,0.04
CTR-00704-03,CUST-00704,annual,12,2024-12-31,2025-12-30,2026-01-03,Annual in advance,584151.10,0.18,480814.77,480814.77,Renewed,CTR-00704-02,0.04
CTR-00704-04,CUST-00704,annual,12,2025-12-31,2026-12-30,2027-01-01,Annual in advance,620368.47,0.20,496729.03,496729.03,Active,CTR-00704-03,0.03
CTR-00705-01,CUST-00705,multi_year,36,2022-12-29,2025-12-28,2025-12-28,Annual in advance,126816.04,0.20,101097.75,303293.25,Renewed,,
CTR-00705-02,CUST-00705,multi_year,24,2025-12-29,2027-12-28,2027-12-29,Annual in advance,173206.07,0.33,115285.96,230571.92,Active,CTR-00705-01,0.00
CTR-00706-01,CUST-00706,annual,12,2023-01-29,2024-01-28,2024-01-29,Annual in advance,6636.02,0.02,6521.88,6521.88,Renewed,,
CTR-00706-02,CUST-00706,annual,12,2024-01-29,2025-01-28,2025-02-01,Quarterly in advance,7047.45,0.05,6719.04,6719.04,Renewed,CTR-00706-01,0.03
CTR-00706-03,CUST-00706,annual,12,2025-01-29,2026-01-28,2026-01-30,Annual in advance,7484.39,0.10,6718.74,6718.74,Renewed,CTR-00706-02,0.00
CTR-00706-04,CUST-00706,annual,12,2026-01-29,2027-01-28,2027-01-30,Annual in advance,13512.32,0.12,11935.43,11935.43,Active,CTR-00706-03,0.04
CTR-00708-01,CUST-00708,annual,12,2023-01-17,2024-01-16,2024-01-16,Annual in advance,3981.61,0.04,3827.92,3827.92,Renewed,,
CTR-00708-02,CUST-00708,annual,12,2024-01-17,2025-01-16,2025-01-20,Quarterly in advance,4228.47,0.06,3987.45,3987.45,Renewed,CTR-00708-01,0.04
CTR-00708-03,CUST-00708,annual,12,2025-01-17,2026-01-16,2026-01-21,Annual in advance,5239.07,0.11,4651.77,4651.77,Renewed,CTR-00708-02,0.00
CTR-00708-04,CUST-00708,annual,12,2026-01-17,2027-01-16,2027-01-17,Annual in advance,5563.90,0.12,4874.53,4874.53,Active,CTR-00708-03,0.05
CTR-00709-01,CUST-00709,monthly,1,2023-01-29,2026-06-30,,Monthly in arrears,6636.02,0.05,6296.26,22036.91,Active,,
CTR-00712-01,CUST-00712,monthly,1,2023-01-01,2026-06-30,,Monthly in arrears,1990.81,0.17,1645.01,5757.53,Active,,
CTR-00713-01,CUST-00713,annual,12,2023-01-20,2024-01-19,2024-01-20,Annual in advance,20438.93,0.09,18646.44,18646.44,Churned,,
CTR-00714-01,CUST-00714,monthly,1,2023-01-23,2026-03-31,,Monthly in arrears,3981.61,0.16,3344.15,10868.49,Churned,,
CTR-00716-01,CUST-00716,annual,12,2023-01-24,2024-01-23,2024-01-25,Annual in advance,5574.25,0.07,5169.56,5169.56,Renewed,,
CTR-00716-02,CUST-00716,annual,12,2024-01-24,2025-01-23,2025-01-24,Annual in advance,7893.14,0.09,7208.02,7208.02,Renewed,CTR-00716-01,0.05
CTR-00716-03,CUST-00716,annual,12,2025-01-24,2026-01-23,2026-01-27,Quarterly in advance,5987.51,0.14,5148.66,5148.66,Renewed,CTR-00716-02,0.00
CTR-00716-04,CUST-00716,annual,12,2026-01-24,2027-01-23,2027-01-28,Quarterly in advance,6358.74,0.19,5148.67,5148.67,Active,CTR-00716-03,0.00
CTR-00718-01,CUST-00718,monthly,1,2023-01-27,2026-06-30,,Monthly in arrears,9290.42,0.05,8816.61,30858.13,Active,,
CTR-00720-01,CUST-00720,monthly,1,2023-01-10,2026-05-31,,Monthly in arrears,1327.20,0.10,1199.52,4098.36,Churned,,
CTR-00721-01,CUST-00721,annual,12,2023-01-07,2024-01-06,2024-01-07,Annual in advance,2787.13,0.07,2593.42,2593.42,Renewed,,
CTR-00721-02,CUST-00721,annual,12,2024-01-07,2025-01-06,2025-01-06,Annual in advance,2959.93,0.08,2712.48,2712.48,Renewed,CTR-00721-01,0.05
CTR-00721-03,CUST-00721,annual,12,2025-01-07,2026-01-06,2026-01-10,Annual in advance,2095.63,0.14,1808.32,1808.32,Churned,CTR-00721-02,0.00
CTR-00722-01,CUST-00722,monthly,1,2023-01-30,2026-06-30,,Monthly in arrears,5972.42,0.05,5698.88,19946.08,Active,,
CTR-00724-01,CUST-00724,annual,12,2023-01-17,2024-01-16,2024-01-18,Annual in advance,8361.38,0.15,7093.79,7093.79,Renewed,,
CTR-00724-02,CUST-00724,annual,12,2024-01-17,2025-01-16,2025-01-21,Annual in advance,13813.00,0.17,11398.49,11398.49,Renewed,CTR-00724-01,0.03
CTR-00724-03,CUST-00724,annual,12,2025-01-17,2026-01-16,2026-01-16,Annual in advance,14669.41,0.19,11920.36,11920.36,Renewed,CTR-00724-02,0.05
CTR-00724-04,CUST-00724,annual,12,2026-01-17,2027-01-16,2027-01-20,Quarterly in advance,15578.91,0.21,12358.75,12358.75,Active,CTR-00724-03,0.04
CTR-00725-01,CUST-00725,annual,12,2023-01-26,2024-01-25,2024-01-30,Annual in advance,2654.41,0.05,2525.41,2525.41,Renewed,,
CTR-00725-02,CUST-00725,annual,12,2024-01-26,2025-01-25,2025-01-25,Quarterly in advance,3523.73,0.06,3302.79,3302.79,Renewed,CTR-00725-01,0.05
CTR-00725-03,CUST-00725,annual,12,2025-01-26,2026-01-25,2026-01-30,Annual in advance,3742.20,0.12,3302.87,3302.87,Renewed,CTR-00725-02,0.00
CTR-00725-04,CUST-00725,annual,12,2026-01-26,2027-01-25,2027-01-29,Annual in advance,3974.21,0.17,3302.97,3302.97,Active,CTR-00725-03,0.00
CTR-00726-01,CUST-00726,monthly,1,2023-02-12,2026-06-30,,Monthly in arrears,9337.11,0.05,8908.54,30437.51,Active,,
CTR-00727-01,CUST-00727,monthly,1,2023-02-23,2026-06-30,,Monthly in arrears,3334.68,0.00,3334.68,11393.49,Active,,
CTR-00728-01,CUST-00728,monthly,1,2023-02-23,2026-06-30,,Monthly in arrears,2000.81,0.08,1831.94,6259.13,Active,,
CTR-00729-01,CUST-00729,monthly,1,2023-02-27,2026-06-30,,Monthly in arrears,11204.54,0.02,10984.93,37531.84,Active,,
CTR-00730-01,CUST-00730,monthly,1,2023-02-20,2026-06-30,,Monthly in arrears,6669.37,0.05,6354.58,21711.48,Active,,
CTR-00731-01,CUST-00731,annual,12,2023-02-28,2024-02-27,2024-02-29,Quarterly in advance,8949.63,0.12,7831.82,7831.82,Churned,,
CTR-00733-01,CUST-00733,annual,12,2023-02-27,2024-02-26,2024-03-02,Annual in advance,6002.43,0.02,5908.79,5908.79,Renewed,,
CTR-00733-02,CUST-00733,annual,12,2024-02-27,2025-02-26,2025-03-03,Annual in advance,7082.87,0.07,6565.11,6565.11,Renewed,CTR-00733-01,0.00
CTR-00733-03,CUST-00733,annual,12,2025-02-27,2026-02-26,2026-03-03,Annual in advance,7522.00,0.13,6565.20,6565.20,Renewed,CTR-00733-02,0.00
CTR-00733-04,CUST-00733,annual,12,2026-02-27,2027-02-26,2027-03-02,Annual in advance,7988.37,0.14,6877.99,6877.99,Active,CTR-00733-03,0.05
CTR-00734-01,CUST-00734,monthly,1,2023-02-07,2024-05-31,,Monthly in arrears,4668.56,0.03,4513.10,6017.47,Churned,,
CTR-00734-02R,CUST-00734,monthly,1,2024-10-01,2025-07-31,,Monthly in arrears,4423.61,0.03,4276.30,3563.58,Churned,,
CTR-00735-01,CUST-00735,annual,12,2023-02-28,2024-02-27,2024-02-28,Annual in advance,4001.62,0.09,3654.28,3654.28,Renewed,,
CTR-00735-02,CUST-00735,annual,12,2024-02-28,2025-02-27,2025-02-28,Annual in advance,4249.72,0.11,3764.40,3764.40,Renewed,CTR-00735-01,0.03
CTR-00735-03,CUST-00735,annual,12,2025-02-28,2026-02-27,2026-02-28,Annual in advance,6017.60,0.17,5019.28,5019.28,Renewed,CTR-00735-02,0.00
CTR-00735-04,CUST-00735,annual,12,2026-02-28,2027-02-27,2027-03-01,Annual in advance,6390.70,0.18,5253.79,5253.79,Active,CTR-00735-03,0.05
CTR-00736-01,CUST-00736,monthly,1,2023-02-10,2026-06-30,,Monthly in arrears,5335.49,0.06,5009.49,17115.76,Active,,
CTR-00737-01,CUST-00737,monthly,1,2023-02-08,2026-06-30,,Monthly in arrears,9337.11,0.10,8374.45,28612.70,Active,,
CTR-00738-01,CUST-00738,monthly,1,2023-02-25,2026-06-30,,Monthly in arrears,2000.81,0.03,1939.59,6626.93,Active,,
CTR-00743-01,CUST-00743,annual,12,2023-02-01,2024-01-31,2024-02-05,Annual in advance,2000.81,0.12,1755.71,1755.71,Churned,,
CTR-00744-01,CUST-00744,annual,12,2023-02-28,2024-02-27,2024-03-03,Annual in advance,21475.36,0.10,19360.04,19360.04,Renewed,,
CTR-00744-02,CUST-00744,annual,12,2024-02-28,2025-02-27,2025-03-02,Annual in advance,23798.43,0.11,21097.31,21097.31,Renewed,CTR-00744-01,0.04
CTR-00744-03,CUST-00744,annual,12,2025-02-28,2026-02-27,2026-03-04,Annual in advance,25273.94,0.13,21978.22,21978.22,Renewed,CTR-00744-02,0.04
CTR-00744-04,CUST-00744,annual,12,2026-02-28,2027-02-27,2027-03-03,Annual in advance,26840.92,0.15,22809.41,22809.41,Active,CTR-00744-03,0.04
CTR-00745-01,CUST-00745,monthly,1,2023-02-20,2025-09-30,,Monthly in arrears,5602.27,0.01,5543.45,14782.53,Churned,,
CTR-00747-01,CUST-00747,monthly,1,2023-03-19,2026-06-30,,Monthly in arrears,16757.21,0.02,16450.55,54835.17,Active,,
CTR-00748-01,CUST-00748,annual,12,2023-03-06,2024-03-05,2024-03-09,Annual in advance,8043.46,0.07,7481.22,7481.22,Renewed,,
CTR-00748-02,CUST-00748,annual,12,2024-03-06,2025-03-05,2025-03-09,Annual in advance,6406.62,0.12,5610.92,5610.92,Renewed,CTR-00748-01,0.00
CTR-00748-03,CUST-00748,annual,12,2025-03-06,2026-03-05,2026-03-08,Quarterly in advance,4535.88,0.18,3740.74,3740.74,Churned,CTR-00748-02,0.00
CTR-00749-01,CUST-00749,monthly,1,2023-03-14,2026-06-30,,Monthly in arrears,9894.14,0.09,8971.02,29903.40,Active,,
CTR-00750-01,CUST-00750,monthly,1,2023-03-31,2024-02-29,,Monthly in arrears,13137.65,0.09,11965.77,11965.77,Churned,,
CTR-00751-01,CUST-00751,annual,12,2023-03-22,2024-03-21,2024-03-22,Annual in advance,9384.04,0.05,8952.37,8952.37,Renewed,,
CTR-00751-02,CUST-00751,annual,12,2024-03-22,2025-03-21,2025-03-24,Annual in advance,11389.54,0.10,10231.22,10231.22,Renewed,CTR-00751-01,0.00
CTR-00751-03,CUST-00751,annual,12,2025-03-22,2026-03-21,2026-03-21,Quarterly in advance,12095.69,0.11,10715.57,10715.57,Renewed,CTR-00751-02,0.05
CTR-00751-04,CUST-00751,annual,12,2026-03-22,2027-03-21,2027-03-25,Annual in advance,12845.62,0.12,11242.49,11242.49,Active,CTR-00751-03,0.05
CTR-00752-01,CUST-00752,monthly,1,2023-03-28,2024-02-29,,Monthly in arrears,8163.32,0.06,7638.42,7638.42,Churned,,
CTR-00753-01,CUST-00753,annual,12,2023-03-30,2024-03-29,2024-04-01,Annual in advance,4021.73,0.05,3818.23,3818.23,Renewed,,
CTR-00753-02,CUST-00753,annual,12,2024-03-30,2025-03-29,2025-03-31,Annual in advance,4271.08,0.06,3995.60,3995.60,Renewed,CTR-00753-01,0.05
CTR-00753-03,CUST-00753,annual,12,2025-03-30,2026-03-29,2026-04-03,Annual in advance,4535.88,0.08,4166.66,4166.66,Renewed,CTR-00753-02,0.04
CTR-00753-04,CUST-00753,annual,12,2026-03-30,2027-03-29,2027-04-02,Annual in advance,5619.96,0.14,4861.27,4861.27,Active,CTR-00753-03,0.00
CTR-00754-01,CUST-00754,monthly,1,2023-03-16,2026-06-30,,Monthly in arrears,10482.13,0.02,10322.80,34409.33,Active,,
CTR-00755-01,CUST-00755,annual,12,2023-03-08,2024-03-07,2024-03-12,Annual in advance,9677.99,0.03,9340.23,9340.23,Renewed,,
CTR-00755-02,CUST-00755,annual,12,2024-03-08,2025-03-07,2025-03-11,Annual in advance,11274.61,0.06,10612.79,10612.79,Renewed,CTR-00755-01,0.04
CTR-00755-03,CUST-00755,annual,12,2025-03-08,2026-03-07,2026-03-08,Annual in advance,11973.64,0.08,11067.24,11067.24,Renewed,CTR-00755-02,0.04
CTR-00755-04,CUST-00755,annual,12,2026-03-08,2027-03-07,2027-03-12,Annual in advance,12716.00,0.10,11432.96,11432.96,Active,CTR-00755-03,0.03
CTR-00756-01,CUST-00756,monthly,1,2023-03-29,2024-05-31,,Monthly in arrears,6032.59,0.11,5385.90,6732.38,Churned,,
CTR-00756-02R,CUST-00756,monthly,1,2025-02-01,2025-05-31,,Monthly in arrears,6017.60,0.11,5372.51,1790.84,Churned,,
CTR-00757-01,CUST-00757,monthly,1,2023-03-31,2026-06-30,,Monthly in arrears,4021.73,0.17,3338.84,11129.47,Active,,
CTR-00758-01,CUST-00758,monthly,1,2023-03-21,2025-07-31,,Monthly in arrears,3753.61,0.06,3540.40,8555.97,Churned,,
CTR-00762-01,CUST-00762,monthly,1,2023-03-24,2024-02-29,,Monthly in arrears,3351.44,0.08,3073.61,3073.61,Churned,,
CTR-00763-01,CUST-00763,annual,12,2023-03-17,2024-03-16,2024-03-17,Annual in advance,8043.46,0.02,7858.46,7858.46,Churned,,
CTR-00764-01,CUST-00764,annual,12,2023-03-06,2024-03-05,2024-03-10,Annual in advance,10724.61,0.18,8837.08,8837.08,Churned,,
CTR-00764-02R,CUST-00764,annual,12,2024-08-01,2025-07-31,2025-08-02,Annual in advance,8029.05,0.18,6615.94,6615.94,Renewed,,
CTR-00764-03,CUST-00764,annual,12,2025-08-01,2026-07-31,2026-08-05,Annual in advance,8526.85,0.19,6889.69,6889.69,Active,CTR-00764-02R,0.04
CTR-00765-01,CUST-00765,annual,12,2023-03-10,2024-03-09,2024-03-09,Annual in advance,16757.21,0.02,16396.93,16396.93,Renewed,,
CTR-00765-02,CUST-00765,annual,12,2024-03-10,2025-03-09,2025-03-09,Annual in advance,17796.15,0.04,17159.05,17159.05,Churned,CTR-00765-01,0.05
CTR-00766-01,CUST-00766,annual,12,2023-03-10,2024-03-09,2024-03-10,Annual in advance,14076.05,0.14,12174.38,12174.38,Churned,,
CTR-00767-01,CUST-00767,annual,12,2023-03-20,2024-03-19,2024-03-24,Annual in advance,5362.31,0.02,5271.69,5271.69,Renewed,,
CTR-00767-02,CUST-00767,annual,12,2024-03-20,2025-03-19,2025-03-21,Quarterly in advance,7830.31,0.04,7492.82,7492.82,Renewed,CTR-00767-01,0.03
CTR-00767-03,CUST-00767,annual,12,2025-03-20,2026-03-19,2026-03-20,Annual in advance,8315.79,0.07,7758.63,7758.63,Renewed,CTR-00767-02,0.04
CTR-00767-04,CUST-00767,annual,12,2026-03-20,2027-03-19,2027-03-21,Quarterly in advance,8831.37,0.08,8134.57,8134.57,Active,CTR-00767-03,0.05
CTR-00768-01,CUST-00768,multi_year,36,2023-03-18,2026-03-17,2026-03-18,Annual in advance,3351.44,0.08,3093.71,9281.13,Churned,,
CTR-00769-01,CUST-00769,monthly,1,2023-03-10,2024-03-31,,Monthly in arrears,4021.73,0.03,3912.34,4238.37,Churned,,
CTR-00771-01,CUST-00771,monthly,1,2023-03-04,2026-06-30,,Monthly in arrears,12199.25,0.03,11885.73,39619.10,Active,,
CTR-00772-01,CUST-00772,monthly,1,2023-03-26,2026-06-30,,Monthly in arrears,3753.61,0.08,3442.44,11474.80,Active,,
CTR-00773-01,CUST-00773,annual,12,2023-03-26,2024-03-25,2024-03-25,Annual in advance,2815.21,0.04,2704.57,2704.57,Churned,,
CTR-00774-01,CUST-00774,annual,12,2023-03-18,2024-03-17,2024-03-17,Quarterly in advance,4692.02,0.01,4643.22,4643.22,Churned,,
CTR-00775-02R,CUST-00775,monthly,1,2024-04-01,2024-08-31,,Monthly in arrears,2861.69,0.07,2673.68,1114.03,Churned,,
CTR-00776-01,CUST-00776,monthly,1,2023-04-26,2026-06-30,,Monthly in arrears,11452.16,0.11,10155.78,33006.29,Active,,
CTR-00777-01,CUST-00777,monthly,1,2023-04-29,2026-06-30,,Monthly in arrears,5389.25,0.04,5149.97,16737.40,Active,,
CTR-00778-01,CUST-00778,monthly,1,2023-04-08,2025-11-30,,Monthly in arrears,4715.60,0.004500,4694.38,12518.35,Churned,,
CTR-00780-01,CUST-00780,annual,12,2023-04-27,2024-04-26,2024-04-29,Annual in advance,6062.91,0.01,5979.85,5979.85,Renewed,,
CTR-00780-02,CUST-00780,annual,12,2024-04-27,2025-04-26,2025-04-28,Annual in advance,5007.96,0.07,4650.89,4650.89,Churned,CTR-00780-01,0.00
CTR-00781-01,CUST-00781,monthly,1,2023-04-08,2026-06-30,,Monthly in arrears,8083.88,0.16,6792.08,22074.26,Active,,
CTR-00782-01,CUST-00782,monthly,1,2023-04-29,2023-12-31,,Monthly in arrears,5110.28,0.02,4983.55,3737.66,Churned,,
CTR-00783-01,CUST-00783,annual,12,2023-04-16,2024-04-15,2024-04-15,Annual in advance,2694.63,0.13,2352.95,2352.95,Churned,,
CTR-00785-01,CUST-00785,annual,12,2023-04-01,2024-03-31,2024-04-01,Annual in advance,4041.94,0.07,3772.34,3772.34,Renewed,,
CTR-00785-02,CUST-00785,annual,12,2024-04-01,2025-03-31,2025-04-05,Annual in advance,4292.54,0.09,3922.52,3922.52,Renewed,CTR-00785-01,0.04
CTR-00785-03,CUST-00785,annual,12,2025-04-01,2026-03-31,2026-04-02,Quarterly in advance,6078.24,0.10,5455.22,5455.22,Renewed,CTR-00785-02,0.04
CTR-00785-04,CUST-00785,annual,12,2026-04-01,2027-03-31,2027-04-02,Annual in advance,6455.09,0.12,5690.81,5690.81,Active,CTR-00785-03,0.04
CTR-00786-01,CUST-00786,annual,12,2023-04-26,2024-04-25,2024-04-27,Annual in advance,8083.88,0.09,7384.62,7384.62,Renewed,,
CTR-00786-02,CUST-00786,annual,12,2024-04-26,2025-04-25,2025-04-30,Annual in advance,7869.66,0.14,6769.48,6769.48,Churned,CTR-00786-01,0.00
CTR-00787-01,CUST-00787,annual,12,2023-04-05,2024-04-04,2024-04-04,Annual in advance,6736.57,0.04,6493.38,6493.38,Renewed,,
CTR-00787-02,CUST-00787,annual,12,2024-04-05,2025-04-04,2025-04-05,Annual in advance,10731.35,0.06,10060.64,10060.64,Renewed,CTR-00787-01,0.03
CTR-00787-03,CUST-00787,annual,12,2025-04-05,2026-04-04,2026-04-09,Annual in advance,11396.70,0.08,10464.45,10464.45,Renewed,CTR-00787-02,0.04
CTR-00787-04,CUST-00787,annual,12,2026-04-05,2027-04-04,2027-04-04,Annual in advance,12103.29,0.10,10880.86,10880.86,Active,CTR-00787-03,0.04
CTR-00788-01,CUST-00788,monthly,1,2023-04-26,2026-06-30,,Monthly in arrears,2020.97,0.10,1819.88,5914.61,Active,,
CTR-00790-01,CUST-00790,annual,12,2023-04-22,2024-04-21,2024-04-21,Annual in advance,6736.57,0.12,5948.39,5948.39,Renewed,,
CTR-00790-02,CUST-00790,annual,12,2024-04-22,2025-04-21,2025-04-25,Annual in advance,7869.66,0.14,6797.03,6797.03,Renewed,CTR-00790-01,0.04
CTR-00790-03,CUST-00790,annual,12,2025-04-22,2026-04-21,2026-04-25,Annual in advance,8357.58,0.16,7001.14,7001.14,Renewed,CTR-00790-02,0.03
CTR-00790-04,CUST-00790,annual,12,2026-04-22,2027-04-21,2027-04-22,Annual in advance,8875.75,0.18,7294.09,7294.09,Active,CTR-00790-03,0.04
CTR-00791-01,CUST-00791,annual,12,2023-04-27,2024-04-26,2024-05-01,Annual in advance,6062.91,0.05,5764.61,5764.61,Churned,,
CTR-00792-01,CUST-00792,annual,12,2023-04-11,2024-04-10,2024-04-14,Annual in advance,16841.42,0.04,16129.03,16129.03,Renewed,,
CTR-00792-02,CUST-00792,annual,12,2024-04-11,2025-04-10,2025-04-14,Quarterly in advance,27186.09,0.07,25253.16,25253.16,Renewed,CTR-00792-01,0.03
CTR-00792-03,CUST-00792,annual,12,2025-04-11,2026-04-10,2026-04-12,Quarterly in advance,22793.39,0.13,19937.38,19937.38,Renewed,CTR-00792-02,0.00
CTR-00792-04,CUST-00792,annual,12,2026-04-11,2027-04-10,2027-04-11,Annual in advance,30661.67,0.15,26185.07,26185.07,Active,CTR-00792-03,0.04
CTR-00793-01,CUST-00793,annual,12,2023-04-20,2024-04-19,2024-04-21,Annual in advance,6062.91,0.03,5897.39,5897.39,Renewed,,
CTR-00793-02,CUST-00793,annual,12,2024-04-20,2025-04-19,2025-04-24,Annual in advance,7154.23,0.08,6552.56,6552.56,Renewed,CTR-00793-01,0.00
CTR-00793-03,CUST-00793,annual,12,2025-04-20,2026-04-19,2026-04-23,Annual in advance,9117.36,0.10,8169.15,8169.15,Renewed,CTR-00793-02,0.04
CTR-00793-04,CUST-00793,annual,12,2026-04-20,2027-04-19,2027-04-22,Annual in advance,9682.63,0.11,8575.91,8575.91,Active,CTR-00793-03,0.05
CTR-00795-01,CUST-00795,annual,12,2023-05-28,2024-05-27,2024-05-27,Quarterly in advance,8801.55,0.06,8280.50,8280.50,Renewed,,
CTR-00795-02,CUST-00795,annual,12,2024-05-28,2025-05-27,2025-05-30,Quarterly in advance,10066.26,0.08,9295.18,9295.18,Renewed,CTR-00795-01,0.04
CTR-00795-03,CUST-00795,annual,12,2025-05-28,2026-05-27,2026-05-29,Annual in advance,12981.16,0.13,11287.12,11287.12,Renewed,CTR-00795-02,0.00
CTR-00795-04,CUST-00795,annual,12,2026-05-28,2027-05-27,2027-05-30,Quarterly in advance,13786.00,0.15,11698.80,11698.80,Active,CTR-00795-03,0.04
CTR-00796-01,CUST-00796,monthly,1,2023-05-30,2026-06-30,,Monthly in arrears,8530.73,0.05,8094.81,25633.57,Active,,
CTR-00797-01,CUST-00797,annual,12,2023-05-01,2024-04-30,2024-04-30,Quarterly in advance,8124.51,0.09,7411.99,7411.99,Renewed,,
CTR-00797-02,CUST-00797,annual,12,2024-05-01,2025-04-30,2025-05-05,Quarterly in advance,10066.26,0.11,8998.23,8998.23,Renewed,CTR-00797-01,0.04
CTR-00797-03,CUST-00797,annual,12,2025-05-01,2026-04-30,2026-05-02,Annual in advance,10690.37,0.13,9329.49,9329.49,Renewed,CTR-00797-02,0.04
CTR-00797-04,CUST-00797,annual,12,2026-05-01,2027-04-30,2027-05-05,Annual in advance,11353.17,0.15,9671.77,9671.77,Active,CTR-00797-03,0.04
CTR-00798-01,CUST-00798,annual,12,2023-05-29,2024-02-29,2024-03-04,Annual in advance,4739.29,0.06,4433.13,4433.13,Early Termination,,
CTR-00799-01,CUST-00799,annual,12,2023-05-31,2024-05-30,2024-06-03,Annual in advance,4739.29,0.09,4304.22,4304.22,Renewed,,
CTR-00799-02,CUST-00799,annual,12,2024-05-31,2025-05-30,2025-06-03,Annual in advance,5033.13,0.12,4453.82,4453.82,Renewed,CTR-00799-01,0.03
CTR-00799-03,CUST-00799,annual,12,2025-05-31,2026-05-30,2026-06-04,Quarterly in advance,5345.19,0.13,4660.47,4660.47,Renewed,CTR-00799-02,0.05
CTR-00799-04,CUST-00799,annual,12,2026-05-31,2027-05-30,2027-06-01,Annual in advance,5676.59,0.15,4844.97,4844.97,Active,CTR-00799-03,0.04
CTR-00800-01,CUST-00800,annual,12,2023-05-03,2024-05-02,2024-05-06,Annual in advance,6841.25,0.07,6395.20,6395.20,Renewed,,
CTR-00800-02,CUST-00800,annual,12,2024-05-03,2025-05-02,2025-05-03,Annual in advance,7265.41,0.08,6682.72,6682.72,Renewed,CTR-00800-01,0.04
CTR-00800-03,CUST-00800,annual,12,2025-05-03,2026-05-02,2026-05-07,Annual in advance,7715.86,0.09,7009.86,7009.86,Renewed,CTR-00800-02,0.05
CTR-00800-04,CUST-00800,annual,12,2026-05-03,2027-05-02,2027-05-04,Annual in advance,8194.25,0.12,7235.52,7235.52,Active,CTR-00800-03,0.03
CTR-00801-01,CUST-00801,multi_year,24,2023-05-13,2025-05-12,2025-05-12,Annual in advance,10155.63,0.14,8728.76,17457.52,Renewed,,
CTR-00801-02,CUST-00801,multi_year,36,2025-05-13,2028-05-12,2028-05-15,Annual in advance,10690.37,0.24,8147.13,24441.39,Active,CTR-00801-01,0.00
CTR-00802-01,CUST-00802,monthly,1,2023-05-27,2024-06-30,,Monthly in arrears,7447.46,0.08,6846.45,7987.53,Churned,,
CTR-00803-01,CUST-00803,monthly,1,2023-05-19,2026-06-30,,Monthly in arrears,14217.88,0.04,13609.35,43096.28,Active,,
CTR-00804-01,CUST-00804,annual,12,2023-05-28,2024-05-27,2024-05-29,Annual in advance,3791.44,0.11,3364.90,3364.90,Renewed,,
CTR-00804-02,CUST-00804,annual,12,2024-05-28,2025-05-27,2025-05-29,Annual in advance,4026.50,0.14,3482.12,3482.12,Renewed,CTR-00804-01,0.03
CTR-00804-03,CUST-00804,annual,12,2025-05-28,2026-05-27,2026-05-30,Annual in advance,9621.33,0.15,8197.37,8197.37,Renewed,CTR-00804-02,0.05
CTR-00804-04,CUST-00804,annual,12,2026-05-28,2027-05-27,2027-05-28,Quarterly in advance,10217.86,0.17,8509.43,8509.43,Active,CTR-00804-03,0.04
CTR-00805-01,CUST-00805,annual,12,2023-05-01,2024-04-30,2024-05-04,Annual in advance,9478.59,0.07,8821.72,8821.72,Churned,,
CTR-00806-01,CUST-00806,annual,12,2023-05-15,2024-05-14,2024-05-19,Annual in advance,9478.59,0.04,9128.83,9128.83,Renewed,,
CTR-00806-02,CUST-00806,annual,12,2024-05-15,2025-05-14,2025-05-16,Annual in advance,11504.30,0.05,10917.58,10917.58,Renewed,CTR-00806-01,0.05
CTR-00806-03,CUST-00806,annual,12,2025-05-15,2026-05-14,2026-05-18,Quarterly in advance,13744.76,0.11,12282.32,12282.32,Renewed,CTR-00806-02,0.00
CTR-00806-04,CUST-00806,annual,12,2026-05-15,2027-05-14,2027-05-17,Annual in advance,14596.94,0.12,12819.03,12819.03,Active,CTR-00806-03,0.04
CTR-00807-01,CUST-00807,monthly,1,2023-05-04,2026-06-30,,Monthly in arrears,2708.17,0.16,2266.20,7176.30,Active,,
CTR-00808-01,CUST-00808,monthly,1,2023-05-29,2026-06-30,,Monthly in arrears,6093.38,0.12,5383.50,17047.75,Active,,
CTR-00809-01,CUST-00809,annual,12,2023-05-01,2024-04-30,2024-05-04,Quarterly in advance,3791.44,0.05,3594.66,3594.66,Renewed,,
CTR-00809-02,CUST-00809,annual,12,2024-05-01,2025-04-30,2025-05-05,Annual in advance,4026.50,0.07,3764.78,3764.78,Renewed,CTR-00809-01,0.05
CTR-00809-03,CUST-00809,annual,12,2025-05-01,2026-04-30,2026-04-30,Annual in advance,4276.15,0.09,3893.01,3893.01,Renewed,CTR-00809-02,0.03
CTR-00809-04,CUST-00809,annual,12,2026-05-01,2027-04-30,2027-05-02,Annual in advance,4541.27,0.11,4030.83,4030.83,Active,CTR-00809-03,0.04
CTR-00811-01,CUST-00811,monthly,1,2023-05-13,2026-06-30,,Monthly in arrears,14217.88,0.00,14217.88,45023.29,Active,,
CTR-00812-01,CUST-00812,annual,12,2023-06-28,2024-06-27,2024-07-02,Annual in advance,14289.34,0.07,13293.37,13293.37,Renewed,,
CTR-00812-02,CUST-00812,annual,12,2024-06-28,2025-06-27,2025-07-02,Annual in advance,15175.27,0.10,13709.34,13709.34,Renewed,CTR-00812-01,0.03
CTR-00812-03,CUST-00812,annual,12,2025-06-28,2026-06-27,2026-06-30,Annual in advance,16116.14,0.12,14169.31,14169.31,Renewed,CTR-00812-02,0.03
CTR-00812-04,CUST-00812,annual,12,2026-06-28,2027-06-27,2027-06-27,Annual in advance,12225.24,0.17,10121.28,10121.28,Active,CTR-00812-03,0.00
CTR-00813-01,CUST-00813,monthly,1,2023-06-30,2024-03-31,,Monthly in arrears,4082.67,0.11,3649.91,3041.59,Churned,,
CTR-00814-01,CUST-00814,monthly,1,2023-06-13,2026-06-30,,Monthly in arrears,4763.11,0.08,4367.77,13467.29,Active,,
CTR-00815-01,CUST-00815,annual,12,2023-06-18,2024-06-17,2024-06-20,Annual in advance,2721.78,0.15,2302.35,2302.35,Churned,,
CTR-00816-01,CUST-00816,monthly,1,2023-06-30,2026-06-30,,Monthly in arrears,3402.22,0.08,3145.35,9698.16,Active,,
CTR-00817-01,CUST-00817,monthly,1,2023-06-27,2026-06-30,,Monthly in arrears,11431.47,0.08,10510.09,32406.11,Active,,
CTR-00818-01,CUST-00818,annual,12,2023-06-04,2024-06-03,2024-06-07,Quarterly in advance,2721.78,0.09,2482.81,2482.81,Renewed,,
CTR-00818-02,CUST-00818,annual,12,2024-06-04,2025-06-03,2025-06-08,Annual in advance,2890.53,0.11,2567.08,2567.08,Renewed,CTR-00818-01,0.03
CTR-00818-03,CUST-00818,annual,12,2025-06-04,2026-06-03,2026-06-06,Quarterly in advance,2302.31,0.16,1925.42,1925.42,Renewed,CTR-00818-02,0.00
CTR-00818-04,CUST-00818,annual,12,2026-06-04,2027-06-03,2027-06-05,Quarterly in advance,1630.03,0.21,1283.65,1283.65,Active,CTR-00818-03,0.00
CTR-00819-01,CUST-00819,annual,12,2023-06-21,2024-06-20,2024-06-20,Annual in advance,4082.67,0.08,3745.03,3745.03,Renewed,,
CTR-00819-02,CUST-00819,annual,12,2024-06-21,2025-06-20,2025-06-20,Quarterly in advance,4335.79,0.10,3905.68,3905.68,Renewed,CTR-00819-01,0.04
CTR-00819-03,CUST-00819,annual,12,2025-06-21,2026-06-20,2026-06-24,Annual in advance,5372.05,0.11,4760.71,4760.71,Renewed,CTR-00819-02,0.04
CTR-00819-04,CUST-00819,annual,12,2026-06-21,2027-06-20,2027-06-24,Annual in advance,6520.13,0.13,5684.90,5684.90,Active,CTR-00819-03,0.04
CTR-00820-01,CUST-00820,monthly,1,2023-06-26,2024-10-31,,Monthly in arrears,6804.45,0.00,6804.45,9639.64,Churned,,
CTR-00821-01,CUST-00821,monthly,1,2023-06-08,2024-05-31,,Monthly in arrears,10206.67,0.12,8979.83,8979.83,Churned,,
CTR-00822-01,CUST-00822,monthly,1,2023-06-30,2026-06-30,,Monthly in arrears,10206.67,0.12,9027.80,27835.72,Active,,
CTR-00823-01,CUST-00823,annual,12,2023-06-28,2024-06-27,2024-07-02,Annual in advance,7484.89,0.16,6282.07,6282.07,Churned,,
CTR-00824-01,CUST-00824,annual,12,2023-06-27,2024-06-26,2024-06-28,Annual in advance,3402.22,0.04,3277.36,3277.36,Renewed,,
CTR-00824-02,CUST-00824,annual,12,2024-06-27,2025-06-26,2025-06-29,Annual in advance,5781.06,0.06,5417.43,5417.43,Renewed,CTR-00824-01,0.03
CTR-00824-03,CUST-00824,annual,12,2025-06-27,2026-06-26,2026-06-26,Quarterly in advance,6139.48,0.12,5417.48,5417.48,Renewed,CTR-00824-02,0.00
CTR-00824-04,CUST-00824,annual,12,2026-06-27,2027-06-26,2027-06-29,Annual in advance,6520.13,0.17,5417.58,5417.58,Active,CTR-00824-03,0.00
CTR-00825-01,CUST-00825,monthly,1,2023-06-29,2025-03-31,,Monthly in arrears,2041.33,0.09,1858.22,3406.74,Churned,,
CTR-00825-02R,CUST-00825,monthly,1,2025-11-01,2026-04-30,,Monthly in arrears,2360.74,0.09,2148.98,1074.49,Churned,,
CTR-00826-01,CUST-00826,monthly,1,2023-06-29,2026-06-30,,Monthly in arrears,13608.89,0.08,12472.55,38457.03,Active,,
CTR-00827-01,CUST-00827,annual,12,2023-06-13,2024-06-12,2024-06-17,Annual in advance,5715.73,0.11,5092.72,5092.72,Renewed,,
CTR-00827-02,CUST-00827,annual,12,2024-06-13,2025-06-12,2025-06-17,Annual in advance,9105.16,0.13,7951.54,7951.54,Renewed,CTR-00827-01,0.04
CTR-00827-03,CUST-00827,annual,12,2025-06-13,2026-06-12,2026-06-13,Quarterly in advance,9669.68,0.15,8251.14,8251.14,Renewed,CTR-00827-02,0.04
CTR-00827-04,CUST-00827,annual,12,2026-06-13,2027-06-12,2027-06-16,Quarterly in advance,10269.21,0.17,8499.83,8499.83,Active,CTR-00827-03,0.03
CTR-00828-01,CUST-00828,monthly,1,2023-06-25,2024-06-30,,Monthly in arrears,4763.11,0.08,4391.11,4757.04,Churned,,
CTR-00829-01,CUST-00829,monthly,1,2023-06-27,2025-02-28,,Monthly in arrears,8845.78,0.13,7725.90,13520.32,Churned,,
CTR-00830-01,CUST-00830,monthly,1,2023-06-10,2026-06-30,,Monthly in arrears,5443.56,0.02,5344.49,16478.84,Active,,
CTR-00831-01,CUST-00831,monthly,1,2023-06-26,2026-06-30,,Monthly in arrears,4082.67,0.03,3970.40,12242.07,Active,,
CTR-00833-01,CUST-00833,monthly,1,2023-06-28,2025-11-30,,Monthly in arrears,7620.98,0.002300,7603.45,19008.62,Churned,,
CTR-00835-01,CUST-00835,monthly,1,2023-07-18,2026-06-30,,Monthly in arrears,8206.37,0.20,6526.53,19579.59,Active,,
CTR-00836-01,CUST-00836,annual,12,2023-07-02,2024-07-01,2024-07-04,Quarterly in advance,4103.18,0.04,3950.95,3950.95,Churned,,
CTR-00837-01,CUST-00837,annual,12,2023-07-29,2024-07-28,2024-08-02,Annual in advance,9574.10,0.09,8706.69,8706.69,Churned,,
CTR-00838-01,CUST-00838,monthly,1,2023-07-13,2026-06-30,,Monthly in arrears,10941.83,0.04,10465.86,31397.58,Active,,
CTR-00839-01,CUST-00839,monthly,1,2023-07-26,2026-06-30,,Monthly in arrears,5470.91,0.14,4700.61,14101.83,Active,,
CTR-00840-01,CUST-00840,annual,12,2023-07-26,2024-07-25,2024-07-29,Annual in advance,7522.50,0.11,6673.21,6673.21,Churned,,
CTR-00841-01,CUST-00841,monthly,1,2023-07-07,2025-04-30,,Monthly in arrears,17096.60,0.11,15214.26,27892.81,Churned,,
CTR-00842-01,CUST-00842,monthly,1,2023-07-30,2026-06-30,,Monthly in arrears,5470.91,0.14,4696.78,14090.34,Churned,,
CTR-00843-01,CUST-00843,monthly,1,2023-07-12,2026-06-30,,Monthly in arrears,2872.23,0.08,2646.47,7939.41,Active,,
CTR-00844-01,CUST-00844,monthly,1,2023-07-07,2024-06-30,,Monthly in arrears,6154.78,0.00,6154.78,6154.78,Churned,,
CTR-00845-01,CUST-00845,annual,12,2023-07-26,2024-07-25,2024-07-25,Annual in advance,4103.18,0.08,3784.77,3784.77,Churned,,
CTR-00845-02R,CUST-00845,annual,12,2025-06-01,2026-05-31,2026-06-02,Annual in advance,3069.74,0.08,2831.53,2831.53,Renewed,,
CTR-00845-03,CUST-00845,annual,12,2026-06-01,2027-05-31,2027-06-01,Annual in advance,4075.08,0.10,3660.64,3660.64,Active,CTR-00845-02R,0.03
CTR-00846-01,CUST-00846,monthly,1,2023-07-07,2026-06-30,,Monthly in arrears,8616.69,0.05,8203.09,24609.27,Active,,
CTR-00847-01,CUST-00847,annual,12,2023-07-09,2024-07-08,2024-07-11,Quarterly in advance,12309.55,0.07,11458.96,11458.96,Renewed,,
CTR-00847-02,CUST-00847,annual,12,2024-07-09,2025-07-08,2025-07-13,Quarterly in advance,17430.33,0.12,15279.43,15279.43,Renewed,CTR-00847-01,0.00
CTR-00847-03,CUST-00847,annual,12,2025-07-09,2026-07-08,2026-07-13,Annual in advance,18511.01,0.15,15747.32,15747.32,Active,CTR-00847-02,0.03
CTR-00848-01,CUST-00848,monthly,1,2023-08-18,2025-05-31,,Monthly in arrears,2886.66,0.12,2540.84,4658.21,Churned,,
CTR-00850-01,CUST-00850,annual,12,2023-08-24,2024-08-23,2024-08-25,Annual in advance,8934.91,0.09,8138.81,8138.81,Churned,,
CTR-00851-01,CUST-00851,monthly,1,2023-08-16,2026-05-31,,Monthly in arrears,7560.31,0.06,7104.42,20129.19,Churned,,
CTR-00852-01,CUST-00852,monthly,1,2023-08-15,2026-06-30,,Monthly in arrears,5498.41,0.00,5498.41,16037.03,Active,,
CTR-00853-01,CUST-00853,annual,12,2023-08-10,2024-08-09,2024-08-14,Annual in advance,6735.55,0.05,6425.04,6425.04,Churned,,
CTR-00854-01,CUST-00854,monthly,1,2023-08-28,2024-03-31,,Monthly in arrears,6735.55,0.10,6059.97,4039.98,Churned,,
CTR-00855-01,CUST-00855,monthly,1,2023-08-27,2024-03-31,,Monthly in arrears,1374.60,0.14,1185.18,790.12,Churned,,
CTR-00856-01,CUST-00856,annual,12,2023-08-08,2024-08-07,2024-08-12,Annual in advance,2061.90,0.09,1867.05,1867.05,Renewed,,
CTR-00856-02,CUST-00856,annual,12,2024-08-08,2025-08-07,2025-08-08,Quarterly in advance,2189.74,0.11,1944.93,1944.93,Renewed,CTR-00856-01,0.04
CTR-00856-03,CUST-00856,annual,12,2025-08-08,2026-08-07,2026-08-11,Annual in advance,2325.50,0.12,2035.51,2035.51,Active,CTR-00856-02,0.05
CTR-00858-01,CUST-00858,annual,12,2023-08-16,2024-08-15,2024-08-18,Annual in advance,7247.73,0.06,6801.99,6801.99,Renewed,,
CTR-00858-02,CUST-00858,annual,12,2024-08-16,2025-08-15,2025-08-19,Annual in advance,8427.00,0.09,7692.17,7692.17,Renewed,CTR-00858-01,0.03
CTR-00858-03,CUST-00858,annual,12,2025-08-16,2026-08-15,2026-08-20,Quarterly in advance,8949.48,0.11,7937.29,7937.29,Active,CTR-00858-02,0.03
CTR-00859-01,CUST-00859,monthly,1,2023-08-19,2026-06-30,,Monthly in arrears,9622.21,0.07,8946.73,26094.63,Active,,
CTR-00860-01,CUST-00860,monthly,1,2023-08-29,2024-06-30,,Monthly in arrears,2886.66,0.08,2668.72,2446.33,Churned,,
CTR-00860-02R,CUST-00860,monthly,1,2025-01-01,2025-07-31,,Monthly in arrears,2095.63,0.08,1937.41,1130.16,Churned,,
CTR-00861-01,CUST-00861,annual,12,2023-08-05,2024-08-04,2024-08-08,Annual in advance,9622.21,0.08,8863.02,8863.02,Churned,,
CTR-00862-01,CUST-00862,monthly,1,2023-09-01,2026-06-30,,Monthly in arrears,1381.51,0.09,1253.31,3551.05,Active,,
CTR-00863-01,CUST-00863,monthly,1,2023-09-30,2026-06-30,,Monthly in arrears,19341.13,0.07,18056.88,51161.16,Active,,
CTR-00864-01,CUST-00864,monthly,1,2023-09-28,2024-03-31,,Monthly in arrears,6216.79,0.10,5580.19,3255.11,Churned,,
CTR-00866-01,CUST-00866,annual,12,2023-09-27,2024-09-26,2024-09-28,Annual in advance,8979.81,0.05,8535.31,8535.31,Renewed,,
CTR-00866-02,CUST-00866,annual,12,2024-09-27,2025-09-26,2025-09-27,Annual in advance,14671.63,0.08,13552.18,13552.18,Renewed,CTR-00866-01,0.03
CTR-00866-03,CUST-00866,annual,12,2025-09-27,2026-09-26,2026-09-28,Annual in advance,15581.27,0.13,13552.59,13552.59,Active,CTR-00866-02,0.00
CTR-00867-01,CUST-00867,monthly,1,2023-09-29,2026-06-30,,Monthly in arrears,4835.28,0.19,3931.57,11139.45,Active,,
CTR-00868-01,CUST-00868,monthly,1,2023-09-06,2026-06-30,,Monthly in arrears,7598.30,0.08,6991.96,19810.55,Active,,
CTR-00869-01,CUST-00869,monthly,1,2023-09-28,2026-06-30,,Monthly in arrears,2072.26,0.08,1915.60,5427.53,Active,,
CTR-00870-01,CUST-00870,monthly,1,2023-09-27,2026-06-30,,Monthly in arrears,7598.30,0.06,7124.17,20185.15,Active,,
CTR-00871-01,CUST-00871,monthly,1,2023-09-06,2024-03-31,,Monthly in arrears,13124.34,0.12,11552.04,6738.69,Churned,,
CTR-00872-01,CUST-00872,annual,12,2023-09-19,2024-09-18,2024-09-19,Annual in advance,8289.06,0.07,7714.63,7714.63,Renewed,,
CTR-00872-02,CUST-00872,annual,12,2024-09-19,2025-09-18,2025-09-21,Annual in advance,8802.98,0.10,7952.61,7952.61,Renewed,CTR-00872-01,0.03
CTR-00872-03,CUST-00872,annual,12,2025-09-19,2026-09-18,2026-09-22,Quarterly in advance,9348.76,0.12,8215.69,8215.69,Active,CTR-00872-02,0.03
CTR-00873-01,CUST-00873,annual,12,2023-09-30,2024-09-29,2024-10-03,Annual in advance,4835.28,0.07,4517.12,4517.12,Renewed,,
CTR-00873-02,CUST-00873,annual,12,2024-09-30,2025-09-29,2025-10-02,Annual in advance,7335.82,0.09,6655.79,6655.79,Renewed,CTR-00873-01,0.03
CTR-00873-03,CUST-00873,annual,12,2025-09-30,2026-09-29,2026-09-29,Annual in advance,7790.64,0.11,6950.81,6950.81,Active,CTR-00873-02,0.04
CTR-00874-01,CUST-00874,monthly,1,2023-09-08,2025-06-30,,Monthly in arrears,8703.51,0.09,7942.82,14561.84,Churned,,
CTR-00875-01,CUST-00875,monthly,1,2023-09-03,2026-06-30,,Monthly in arrears,3453.77,0.09,3149.49,8923.55,Active,,
CTR-00876-01,CUST-00876,monthly,1,2023-09-28,2026-06-30,,Monthly in arrears,7598.30,0.06,7121.89,20178.69,Active,,
CTR-00877-01,CUST-00877,monthly,1,2023-09-30,2026-06-30,,Monthly in arrears,8703.51,0.14,7520.70,21308.65,Active,,
CTR-00878-01,CUST-00878,monthly,1,2023-09-12,2024-04-30,,Monthly in arrears,11052.08,0.10,9911.51,6607.67,Churned,,
CTR-00878-02R,CUST-00878,monthly,1,2024-09-01,2026-02-28,,Monthly in arrears,10270.14,0.10,9210.26,13815.39,Churned,,
CTR-00879-01,CUST-00879,monthly,1,2023-09-02,2025-03-31,,Monthly in arrears,2901.17,0.05,2765.69,4379.01,Churned,,
CTR-00881-01,CUST-00881,annual,12,2023-09-25,2024-09-24,2024-09-25,Quarterly in advance,5526.04,0.09,5003.83,5003.83,Churned,,
CTR-00882-01,CUST-00882,monthly,1,2023-10-26,2026-02-28,,Monthly in arrears,7775.33,0.08,7140.86,17257.08,Churned,,
CTR-00883-01,CUST-00883,monthly,1,2023-10-09,2026-06-30,,Monthly in arrears,8689.34,0.02,8516.42,23420.15,Active,,
CTR-00884-01,CUST-00884,monthly,1,2023-10-07,2024-10-31,,Monthly in arrears,5831.50,0.04,5579.58,6044.54,Churned,,
CTR-00885-01,CUST-00885,annual,12,2023-10-29,2024-10-28,2024-10-28,Quarterly in advance,9492.62,0.03,9191.70,9191.70,Renewed,,
CTR-00885-02,CUST-00885,annual,12,2024-10-29,2025-10-28,2025-10-29,Annual in advance,8109.95,0.09,7394.65,7394.65,Renewed,CTR-00885-01,0.00
CTR-00885-03,CUST-00885,annual,12,2025-10-29,2026-10-28,2026-11-02,Quarterly in advance,8612.77,0.10,7742.88,7742.88,Active,CTR-00885-02,0.05
CTR-00887-01,CUST-00887,monthly,1,2023-10-20,2025-05-31,,Monthly in arrears,7636.49,0.07,7066.04,11776.73,Churned,,
CTR-00888-01,CUST-00888,monthly,1,2023-10-01,2026-06-30,,Monthly in arrears,9024.94,0.03,8793.00,24180.75,Active,,
CTR-00889-01,CUST-00889,monthly,1,2023-10-16,2025-04-30,,Monthly in arrears,6803.42,0.03,6603.40,10455.38,Churned,,
CTR-00890-01,CUST-00890,monthly,1,2023-10-20,2026-06-30,,Monthly in arrears,9024.94,0.003400,8994.26,24734.22,Active,,
CTR-00891-01,CUST-00891,annual,12,2023-10-15,2024-10-14,2024-10-17,Annual in advance,8330.71,0.11,7450.15,7450.15,Renewed,,
CTR-00891-02,CUST-00891,annual,12,2024-10-15,2025-10-14,2025-10-14,Annual in advance,11796.29,0.13,10281.65,10281.65,Renewed,CTR-00891-01,0.04
CTR-00891-03,CUST-00891,annual,12,2025-10-15,2026-10-14,2026-10-17,Annual in advance,12527.66,0.14,10716.16,10716.16,Active,CTR-00891-02,0.04
CTR-00892-01,CUST-00892,monthly,1,2023-10-30,2024-05-31,,Monthly in arrears,4165.36,0.02,4082.47,2721.65,Churned,,
CTR-00893-01,CUST-00893,monthly,1,2023-10-28,2026-06-30,,Monthly in arrears,11801.84,0.06,11050.06,30387.66,Active,,
CTR-00894-01,CUST-00894,monthly,1,2023-10-08,2024-11-30,,Monthly in arrears,3471.13,0.11,3093.82,3609.46,Churned,,
CTR-00896-01,CUST-00896,monthly,1,2023-10-03,2024-09-30,,Monthly in arrears,13606.83,0.13,11786.24,11786.24,Churned,,
CTR-00897-01,CUST-00897,monthly,1,2023-10-30,2024-08-31,,Monthly in arrears,4859.58,0.05,4622.92,4237.68,Churned,,
CTR-00898-01,CUST-00898,monthly,1,2023-10-26,2026-06-30,,Monthly in arrears,4165.36,0.14,3565.96,9806.39,Active,,
CTR-00899-01,CUST-00899,annual,12,2023-10-26,2024-10-25,2024-10-29,Annual in advance,15550.66,0.10,14001.81,14001.81,Renewed,,
CTR-00899-02,CUST-00899,annual,12,2024-10-26,2025-10-25,2025-10-25,Annual in advance,16514.80,0.12,14483.48,14483.48,Renewed,CTR-00899-01,0.03
CTR-00899-03,CUST-00899,annual,12,2025-10-26,2026-10-25,2026-10-30,Annual in advance,17538.72,0.14,15083.30,15083.30,Active,CTR-00899-02,0.04
CTR-00900-01,CUST-00900,monthly,1,2023-10-16,2023-12-31,,Monthly in arrears,4859.58,0.06,4551.97,1137.99,Churned,,
CTR-00901-01,CUST-00901,annual,12,2023-11-10,2024-11-09,2024-11-13,Quarterly in advance,7814.41,0.21,6149.94,6149.94,Churned,,
CTR-00901-02R,CUST-00901,annual,12,2025-10-01,2026-09-30,2026-10-03,Annual in advance,5480.85,0.21,4313.43,4313.43,Active,,
CTR-00902-01,CUST-00902,annual,12,2023-11-22,2024-11-21,2024-11-25,Annual in advance,2930.40,0.08,2695.97,2695.97,Churned,,
CTR-00902-02R,CUST-00902,annual,12,2025-09-01,2026-08-31,2026-09-05,Annual in advance,2181.38,0.08,2006.87,2006.87,Active,,
CTR-00903-01,CUST-00903,annual,12,2023-11-01,2024-10-31,2024-11-02,Annual in advance,2790.86,0.16,2338.46,2338.46,Churned,,
CTR-00904-01,CUST-00904,monthly,1,2023-11-30,2026-06-30,,Monthly in arrears,4884.00,0.08,4475.21,11933.89,Active,,
CTR-00905-01,CUST-00905,annual,12,2023-11-28,2024-11-27,2024-11-27,Annual in advance,4186.29,0.11,3707.38,3707.38,Churned,,
CTR-00906-01,CUST-00906,monthly,1,2023-11-02,2024-03-31,,Monthly in arrears,1395.43,0.08,1282.68,534.45,Churned,,
CTR-00907-01,CUST-00907,monthly,1,2023-11-02,2024-11-30,,Monthly in arrears,2790.86,0.08,2568.71,2782.77,Churned,,
CTR-00908-01,CUST-00908,annual,12,2023-11-01,2024-10-31,2024-11-04,Quarterly in advance,11055.93,0.19,8914.40,8914.40,Renewed,,
CTR-00908-02,CUST-00908,annual,12,2024-11-01,2025-10-31,2025-11-03,Annual in advance,11741.39,0.24,8914.06,8914.06,Renewed,CTR-00908-01,0.00
CTR-00908-03,CUST-00908,annual,12,2025-11-01,2026-10-31,2026-11-05,Annual in advance,17190.84,0.25,12845.00,12845.00,Active,CTR-00908-02,0.05
CTR-00909-01,CUST-00909,monthly,1,2023-11-29,2024-02-29,,Monthly in arrears,5581.72,0.14,4799.72,1599.91,Churned,,
CTR-00910-01,CUST-00910,annual,12,2023-11-17,2024-11-16,2024-11-20,Quarterly in advance,5860.80,0.16,4914.28,4914.28,Renewed,,
CTR-00910-02,CUST-00910,annual,12,2024-11-17,2025-11-16,2025-11-16,Quarterly in advance,9336.26,0.19,7602.52,7602.52,Renewed,CTR-00910-01,0.03
CTR-00910-03,CUST-00910,annual,12,2025-11-17,2026-11-16,2026-11-17,Annual in advance,7711.75,0.23,5913.37,5913.37,Active,CTR-00910-02,0.00
CTR-00911-01,CUST-00911,annual,12,2023-11-28,2024-11-27,2024-12-02,Quarterly in advance,2930.40,0.00,2930.40,2930.40,Churned,,
CTR-00912-01,CUST-00912,monthly,1,2023-11-03,2024-04-30,,Monthly in arrears,6837.61,0.05,6490.26,3245.13,Churned,,
CTR-00913-01,CUST-00913,annual,12,2023-11-23,2024-11-22,2024-11-26,Quarterly in advance,5581.72,0.02,5497.44,5497.44,Churned,,
CTR-00914-01,CUST-00914,annual,12,2023-11-28,2024-11-27,2024-11-27,Quarterly in advance,11861.15,0.003600,11818.45,11818.45,Churned,,
CTR-00915-01,CUST-00915,monthly,1,2023-11-16,2024-10-31,,Monthly in arrears,7674.86,0.05,7308.77,7308.77,Churned,,
CTR-00916-01,CUST-00916,monthly,1,2023-11-20,2025-01-31,,Monthly in arrears,4186.29,0.05,3987.86,4984.82,Churned,,
CTR-00917-01,CUST-00917,monthly,1,2023-11-03,2026-06-30,,Monthly in arrears,4884.00,0.06,4588.03,12234.75,Active,,
CTR-00918-01,CUST-00918,monthly,1,2023-11-01,2026-06-30,,Monthly in arrears,2790.86,0.03,2710.76,7228.69,Active,,
CTR-00919-01,CUST-00919,monthly,1,2023-11-26,2024-03-31,,Monthly in arrears,4884.00,0.12,4298.41,1791.00,Churned,,
CTR-00920-01,CUST-00920,monthly,1,2023-12-28,2026-02-28,,Monthly in arrears,7012.21,0.12,6205.81,13963.07,Churned,,
CTR-00921-01,CUST-00921,monthly,1,2023-12-26,2024-01-31,,Monthly in arrears,2804.88,0.03,2710.92,451.82,Churned,,
CTR-00922-01,CUST-00922,monthly,1,2023-12-23,2025-12-31,,Monthly in arrears,12762.22,0.04,12309.16,25644.08,Churned,,
CTR-00923-01,CUST-00923,annual,12,2023-12-10,2024-12-09,2024-12-14,Annual in advance,8202.21,0.13,7149.87,7149.87,Renewed,,
CTR-00923-02,CUST-00923,annual,12,2024-12-10,2025-12-09,2025-12-10,Annual in advance,8710.74,0.14,7506.04,7506.04,Renewed,CTR-00923-01,0.05
CTR-00923-03,CUST-00923,annual,12,2025-12-10,2026-12-09,2026-12-09,Annual in advance,10832.54,0.16,9061.42,9061.42,Active,CTR-00923-02,0.03
CTR-00924-01,CUST-00924,annual,12,2023-12-29,2024-12-28,2025-01-02,Annual in advance,2103.66,0.18,1727.74,1727.74,Renewed,,
CTR-00924-02,CUST-00924,annual,12,2024-12-29,2025-12-28,2025-12-31,Annual in advance,2978.79,0.19,2404.78,2404.78,Renewed,CTR-00924-01,0.04
CTR-00924-03,CUST-00924,annual,12,2025-12-29,2026-12-28,2026-12-29,Annual in advance,3163.47,0.21,2504.52,2504.52,Active,CTR-00924-02,0.04
CTR-00925-01,CUST-00925,monthly,1,2023-12-27,2024-03-31,,Monthly in arrears,4908.55,0.05,4668.52,1556.17,Churned,,
CTR-00926-01,CUST-00926,monthly,1,2023-12-21,2026-06-30,,Monthly in arrears,9817.10,0.10,8854.04,22872.94,Active,,
CTR-00927-01,CUST-00927,annual,12,2023-12-10,2024-12-09,2024-12-14,Quarterly in advance,4207.33,0.07,3897.25,3897.25,Renewed,,
CTR-00927-02,CUST-00927,annual,12,2024-12-10,2025-12-09,2025-12-12,Annual in advance,5957.57,0.10,5391.60,5391.60,Churned,CTR-00927-01,0.04
CTR-00928-01,CUST-00928,annual,12,2023-12-12,2024-12-11,2024-12-16,Annual in advance,10798.81,0.14,9268.62,9268.62,Renewed,,
CTR-00928-02,CUST-00928,annual,12,2024-12-12,2025-12-11,2025-12-15,Annual in advance,11468.33,0.17,9573.76,9573.76,Renewed,CTR-00928-01,0.03
CTR-00928-03,CUST-00928,annual,12,2025-12-12,2026-12-11,2026-12-12,Quarterly in advance,17715.44,0.19,14432.77,14432.77,Active,CTR-00928-02,0.04
CTR-00929-01,CUST-00929,monthly,1,2023-12-31,2026-06-30,,Monthly in arrears,6310.99,0.11,5596.59,14457.86,Active,,
CTR-00930-01,CUST-00930,monthly,1,2023-12-01,2025-10-31,,Monthly in arrears,6871.97,0.07,6357.95,12186.07,Churned,,
CTR-00931-01,CUST-00931,annual,12,2023-12-01,2024-11-30,2024-11-30,Quarterly in advance,10526.03,0.15,8895.55,8895.55,Renewed,,
CTR-00931-02,CUST-00931,annual,12,2024-12-01,2025-11-30,2025-12-01,Quarterly in advance,11178.64,0.18,9200.02,9200.02,Churned,CTR-00931-01,0.03
CTR-00932-01,CUST-00932,monthly,1,2023-12-11,2026-06-30,,Monthly in arrears,4908.55,0.04,4714.17,12178.27,Active,,
CTR-00933-01,CUST-00933,annual,12,2023-12-09,2024-12-08,2024-12-09,Annual in advance,3506.11,0.07,3248.41,3248.41,Churned,,
CTR-00934-01,CUST-00934,annual,12,2023-12-29,2024-12-28,2024-12-30,Annual in advance,7012.21,0.04,6759.77,6759.77,Churned,,
CTR-00935-01,CUST-00935,annual,12,2023-12-10,2024-12-09,2024-12-12,Annual in advance,4908.55,0.06,4626.31,4626.31,Churned,,
CTR-00935-02R,CUST-00935,annual,12,2025-10-01,2026-09-30,2026-10-04,Annual in advance,4697.87,0.06,4427.74,4427.74,Active,,
CTR-00936-01,CUST-00936,monthly,1,2023-12-13,2024-02-29,,Monthly in arrears,8414.65,0.15,7182.75,1795.69,Churned,,
CTR-00937-01,CUST-00937,monthly,1,2023-12-29,2026-06-30,,Monthly in arrears,6310.99,0.06,5953.16,15379.00,Active,,
CTR-00938-01,CUST-00938,annual,12,2023-12-01,2024-11-30,2024-12-02,Annual in advance,5609.77,0.11,5007.84,5007.84,Churned,,
CTR-00939-01,CUST-00939,annual,12,2023-12-07,2024-12-06,2024-12-09,Annual in advance,2103.66,0.05,1999.11,1999.11,Renewed,,
CTR-00939-02,CUST-00939,annual,12,2024-12-07,2025-12-06,2025-12-07,Annual in advance,2234.09,0.06,2095.58,2095.58,Churned,CTR-00939-01,0.05
CTR-00940-01,CUST-00940,monthly,1,2023-12-26,2024-01-31,,Monthly in arrears,4908.55,0.03,4769.64,794.94,Churned,,
CTR-00941-01,CUST-00941,monthly,1,2023-12-21,2026-06-30,,Monthly in arrears,9817.10,0.05,9290.90,24001.49,Active,,
CTR-00942-01,CUST-00942,annual,12,2023-12-13,2024-12-12,2024-12-15,Annual in advance,13323.20,0.02,13012.77,13012.77,Churned,,
CTR-00943-01,CUST-00943,monthly,1,2023-12-26,2026-06-30,,Monthly in arrears,6871.97,0.07,6390.93,16509.90,Active,,
CTR-00944-01,CUST-00944,annual,12,2023-12-25,2024-12-24,2024-12-27,Annual in advance,4323.03,0.08,3968.11,3968.11,Renewed,,
CTR-00944-02,CUST-00944,annual,12,2024-12-25,2025-12-24,2025-12-27,Annual in advance,5335.75,0.09,4840.06,4840.06,Renewed,CTR-00944-01,0.05
CTR-00944-03,CUST-00944,annual,12,2025-12-25,2026-12-24,2026-12-29,Annual in advance,5666.57,0.15,4839.82,4839.82,Active,CTR-00944-02,0.00
CTR-00945-01,CUST-00945,annual,12,2023-12-26,2024-12-25,2024-12-30,Quarterly in advance,11780.52,0.08,10796.85,10796.85,Churned,,
CTR-00946-01,CUST-00946,annual,12,2023-12-30,2024-12-29,2024-12-31,Annual in advance,4207.33,0.14,3624.19,3624.19,Renewed,,
CTR-00946-02,CUST-00946,annual,12,2024-12-30,2025-12-29,2026-01-03,Annual in advance,4468.18,0.15,3803.76,3803.76,Renewed,CTR-00946-01,0.05
CTR-00946-03,CUST-00946,annual,12,2025-12-30,2026-12-29,2026-12-31,Annual in advance,5536.08,0.17,4597.16,4597.16,Active,CTR-00946-02,0.04
CTR-00947-01,CUST-00947,monthly,1,2023-12-26,2026-06-30,,Monthly in arrears,8835.39,0.08,8094.98,20912.03,Active,,
CTR-00948-01,CUST-00948,monthly,1,2023-12-31,2026-06-30,,Monthly in arrears,2945.13,0.02,2899.48,7490.32,Active,,
CTR-00949-01,CUST-00949,monthly,1,2023-12-29,2026-06-30,,Monthly in arrears,3926.84,0.12,3474.08,8974.71,Active,,
CTR-00950-01,CUST-00950,monthly,1,2023-12-26,2024-04-30,,Monthly in arrears,4207.33,0.11,3732.74,1555.31,Churned,,
CTR-00951-01,CUST-00951,monthly,1,2023-12-02,2025-02-28,,Monthly in arrears,8414.65,0.11,7461.27,9326.59,Churned,,
CTR-00952-01,CUST-00952,monthly,1,2023-12-09,2026-06-30,,Monthly in arrears,7012.21,0.11,6249.28,16143.97,Active,,
CTR-00953-01,CUST-00953,monthly,1,2023-12-26,2024-02-29,,Monthly in arrears,9817.10,0.10,8880.55,2220.14,Churned,,
CTR-00954-01,CUST-00954,annual,12,2023-12-31,2024-12-30,2024-12-31,Annual in advance,4207.33,0.09,3839.19,3839.19,Renewed,,
CTR-00954-02,CUST-00954,annual,12,2024-12-31,2025-12-30,2025-12-30,Annual in advance,5212.88,0.11,4618.09,4618.09,Renewed,CTR-00954-01,0.03
CTR-00954-03,CUST-00954,annual,12,2025-12-31,2026-12-30,2027-01-02,Annual in advance,5536.08,0.13,4810.85,4810.85,Active,CTR-00954-02,0.04
CTR-00955-01,CUST-00955,monthly,1,2023-12-14,2026-06-30,,Monthly in arrears,6871.97,0.12,6064.51,15666.65,Active,,
CTR-00956-01,CUST-00956,annual,12,2023-12-23,2024-12-22,2024-12-27,Annual in advance,5609.77,0.17,4657.79,4657.79,Renewed,,
CTR-00956-02,CUST-00956,annual,12,2024-12-23,2025-12-22,2025-12-25,Annual in advance,5957.57,0.22,4657.63,4657.63,Churned,CTR-00956-01,0.00
CTR-00957-01,CUST-00957,monthly,1,2023-12-06,2026-06-30,,Monthly in arrears,7713.43,0.09,7006.88,18101.11,Active,,
CTR-00958-01,CUST-00958,monthly,1,2023-12-14,2026-03-31,,Monthly in arrears,19634.19,0.05,18560.20,43307.13,Churned,,
CTR-00959-01,CUST-00959,annual,12,2023-12-31,2024-12-30,2025-01-04,Annual in advance,16689.06,0.13,14579.56,14579.56,Churned,,
CTR-00960-01,CUST-00960,monthly,1,2023-12-26,2026-06-30,,Monthly in arrears,3926.84,0.10,3539.65,9144.10,Active,,
CTR-00961-01,CUST-00961,annual,12,2023-12-31,2024-12-30,2025-01-01,Annual in advance,8414.65,0.11,7515.97,7515.97,Renewed,,
CTR-00961-02,CUST-00961,annual,12,2024-12-31,2025-12-30,2026-01-03,Annual in advance,8936.36,0.13,7798.76,7798.76,Renewed,CTR-00961-01,0.04
CTR-00961-03,CUST-00961,annual,12,2025-12-31,2026-12-30,2026-12-30,Annual in advance,9490.42,0.15,8107.67,8107.67,Active,CTR-00961-02,0.04
CTR-00962-01,CUST-00962,annual,12,2023-12-27,2024-12-26,2024-12-28,Annual in advance,7713.43,0.06,7275.31,7275.31,Churned,,
CTR-00963-01,CUST-00963,monthly,1,2023-12-26,2024-03-31,,Monthly in arrears,7713.43,0.09,7056.25,2352.08,Churned,,
CTR-00964-01,CUST-00964,annual,12,2023-12-29,2024-12-28,2024-12-28,Annual in advance,8414.65,0.00,8414.65,8414.65,Renewed,,
CTR-00964-02,CUST-00964,annual,12,2024-12-29,2025-12-28,2025-12-31,Annual in advance,8936.36,0.03,8704.91,8704.91,Renewed,CTR-00964-01,0.03
CTR-00964-03,CUST-00964,annual,12,2025-12-29,2026-12-28,2026-12-31,Annual in advance,9490.42,0.04,9127.89,9127.89,Active,CTR-00964-02,0.05
CTR-00965-01,CUST-00965,monthly,1,2023-12-31,2026-06-30,,Monthly in arrears,5609.77,0.03,5433.06,14035.41,Active,,
CTR-00966-01,CUST-00966,annual,12,2023-01-17,2024-01-16,2024-01-20,Annual in advance,43504.33,0.21,34572.89,34572.89,Renewed,,
CTR-00966-02,CUST-00966,annual,12,2024-01-17,2025-01-16,2025-01-16,Quarterly in advance,61185.90,0.25,45785.41,45785.41,Renewed,CTR-00966-01,0.00
CTR-00966-03,CUST-00966,annual,12,2025-01-17,2026-01-16,2026-01-16,Quarterly in advance,64979.43,0.26,47863.85,47863.85,Renewed,CTR-00966-02,0.05
CTR-00966-04,CUST-00966,annual,12,2026-01-17,2027-01-16,2027-01-17,Annual in advance,69008.16,0.31,47864.06,47864.06,Active,CTR-00966-03,0.00
CTR-00967-01,CUST-00967,annual,12,2023-01-31,2024-01-30,2024-01-30,Quarterly in advance,25867.44,0.22,20282.66,20282.66,Renewed,,
CTR-00967-02,CUST-00967,annual,12,2024-01-31,2025-01-30,2025-01-30,Annual in advance,27471.22,0.24,20946.81,20946.81,Renewed,CTR-00967-01,0.03
CTR-00967-03,CUST-00967,annual,12,2025-01-31,2026-01-30,2026-02-04,Quarterly in advance,50392.21,0.25,37864.71,37864.71,Renewed,CTR-00967-02,0.05
CTR-00967-04,CUST-00967,annual,12,2026-01-31,2027-01-30,2027-02-04,Annual in advance,92949.76,0.26,68820.00,68820.00,Active,CTR-00967-03,0.05
CTR-00968-01,CUST-00968,annual,12,2023-01-02,2024-01-01,2024-01-03,Quarterly in advance,102293.97,0.06,96176.79,96176.79,Renewed,,
CTR-00968-02,CUST-00968,annual,12,2024-01-02,2025-01-01,2025-01-06,Annual in advance,93651.89,0.11,82910.02,82910.02,Renewed,CTR-00968-01,0.00
CTR-00968-03,CUST-00968,annual,12,2025-01-02,2026-01-01,2026-01-06,Quarterly in advance,168416.08,0.17,140391.64,140391.64,Renewed,CTR-00968-02,0.00
CTR-00968-04,CUST-00968,annual,12,2026-01-02,2027-01-01,2027-01-04,Annual in advance,247866.03,0.19,201688.59,201688.59,Active,CTR-00968-03,0.04
CTR-00969-01,CUST-00969,multi_year,24,2023-01-27,2025-01-26,2025-01-27,Annual in advance,36214.42,0.18,29775.50,59551.00,Renewed,,
CTR-00969-02,CUST-00969,multi_year,24,2025-01-27,2027-01-26,2027-01-27,Annual in advance,40844.21,0.24,31184.55,62369.10,Active,CTR-00969-01,0.05
CTR-00970-01,CUST-00970,multi_year,36,2023-01-01,2025-12-31,2026-01-01,Quarterly in advance,9406.34,0.07,8775.17,26325.51,Renewed,,
CTR-00970-02,CUST-00970,multi_year,24,2026-01-01,2027-12-31,2028-01-03,Annual in advance,14083.30,0.22,10969.48,21938.96,Active,CTR-00970-01,0.00
CTR-00971-01,CUST-00971,annual,12,2023-01-10,2024-01-09,2024-01-11,Annual in advance,31276.09,0.15,26475.21,26475.21,Renewed,,
CTR-00971-02,CUST-00971,annual,12,2024-01-10,2025-01-09,2025-01-09,Annual in advance,99645.62,0.17,82666.01,82666.01,Renewed,CTR-00971-01,0.04
CTR-00971-03,CUST-00971,annual,12,2025-01-10,2026-01-09,2026-01-12,Quarterly in advance,150380.97,0.19,122169.50,122169.50,Renewed,CTR-00971-02,0.04
CTR-00971-04,CUST-00971,annual,12,2026-01-10,2027-01-09,2027-01-09,Annual in advance,159704.59,0.21,126070.80,126070.80,Active,CTR-00971-03,0.03
CTR-00972-01,CUST-00972,multi_year,36,2023-01-26,2026-01-25,2026-01-28,Annual in advance,22340.06,0.28,16120.59,48361.77,Renewed,,
CTR-00972-02,CUST-00972,multi_year,24,2026-01-26,2028-01-25,2028-01-27,Annual in advance,61966.51,0.37,39045.10,78090.20,Active,CTR-00972-01,0.05
CTR-00973-01,CUST-00973,annual,12,2023-02-23,2024-02-22,2024-02-27,Quarterly in advance,26470.12,0.13,23148.12,23148.12,Renewed,,
CTR-00973-02,CUST-00973,annual,12,2024-02-23,2025-02-22,2025-02-27,Annual in advance,33382.13,0.15,28491.65,28491.65,Renewed,CTR-00973-01,0.04
CTR-00973-03,CUST-00973,annual,12,2025-02-23,2026-02-22,2026-02-24,Quarterly in advance,35451.82,0.17,29407.28,29407.28,Renewed,CTR-00973-02,0.03
CTR-00973-04,CUST-00973,annual,12,2026-02-23,2027-02-22,2027-02-23,Quarterly in advance,37649.83,0.19,30613.08,30613.08,Active,CTR-00973-03,0.04
CTR-00974-01,CUST-00974,annual,12,2023-02-17,2024-02-16,2024-02-21,Annual in advance,10635.31,0.14,9169.76,9169.76,Renewed,,
CTR-00974-02,CUST-00974,annual,12,2024-02-17,2025-02-16,2025-02-21,Annual in advance,11294.70,0.16,9445.76,9445.76,Renewed,CTR-00974-01,0.03
CTR-00974-03,CUST-00974,annual,12,2025-02-17,2026-02-16,2026-02-19,Annual in advance,11994.98,0.18,9786.70,9786.70,Churned,CTR-00974-02,0.04
CTR-00975-01,CUST-00975,annual,12,2023-02-25,2024-02-24,2024-02-25,Annual in advance,30724.24,0.15,26263.08,26263.08,Churned,,
CTR-00976-01,CUST-00976,annual,12,2023-02-07,2024-02-06,2024-02-11,Annual in advance,40177.86,0.19,32688.71,32688.71,Renewed,,
CTR-00976-02,CUST-00976,annual,12,2024-02-07,2025-02-06,2025-02-06,Quarterly in advance,42668.88,0.20,34182.04,34182.04,Renewed,CTR-00976-01,0.05
CTR-00976-03,CUST-00976,annual,12,2025-02-07,2026-02-06,2026-02-06,Annual in advance,110620.33,0.21,86958.64,86958.64,Renewed,CTR-00976-02,0.04
CTR-00976-04,CUST-00976,annual,12,2026-02-07,2027-02-06,2027-02-09,Quarterly in advance,92001.46,0.26,68099.48,68099.48,Active,CTR-00976-03,0.00
CTR-00977-01,CUST-00977,annual,12,2023-02-26,2024-02-25,2024-03-01,Annual in advance,117461.14,0.14,101451.19,101451.19,Renewed,,
CTR-00977-02,CUST-00977,annual,12,2024-02-26,2025-02-25,2025-02-27,Annual in advance,344362.98,0.15,292984.02,292984.02,Renewed,CTR-00977-01,0.05
CTR-00977-03,CUST-00977,annual,12,2025-02-26,2026-02-25,2026-03-02,Annual in advance,365713.48,0.17,304968.47,304968.47,Renewed,CTR-00977-02,0.04
CTR-00977-04,CUST-00977,annual,12,2026-02-26,2027-02-25,2027-03-02,Annual in advance,388387.72,0.18,319487.74,319487.74,Active,CTR-00977-03,0.05
CTR-00978-01,CUST-00978,annual,12,2023-02-28,2024-02-27,2024-02-29,Annual in advance,22452.33,0.11,19928.69,19928.69,Renewed,,
CTR-00978-02,CUST-00978,annual,12,2024-02-28,2025-02-27,2025-03-03,Quarterly in advance,53963.59,0.13,46689.30,46689.30,Renewed,CTR-00978-01,0.04
CTR-00978-03,CUST-00978,annual,12,2025-02-28,2026-02-27,2026-02-27,Annual in advance,61307.65,0.15,51982.76,51982.76,Renewed,CTR-00978-02,0.04
CTR-00978-04,CUST-00978,annual,12,2026-02-28,2027-02-27,2027-02-28,Annual in advance,65108.73,0.17,54144.42,54144.42,Active,CTR-00978-03,0.04
CTR-00979-01,CUST-00979,annual,12,2023-03-11,2024-03-10,2024-03-12,Annual in advance,16626.96,0.17,13782.09,13782.09,Renewed,,
CTR-00979-02,CUST-00979,annual,12,2024-03-11,2025-03-10,2025-03-11,Annual in advance,37081.45,0.19,30065.64,30065.64,Renewed,CTR-00979-01,0.04
CTR-00979-03,CUST-00979,annual,12,2025-03-11,2026-03-10,2026-03-10,Annual in advance,48756.81,0.21,38556.89,38556.89,Renewed,CTR-00979-02,0.04
CTR-00979-04,CUST-00979,annual,12,2026-03-11,2027-03-10,2027-03-12,Quarterly in advance,53771.26,0.22,42000.73,42000.73,Active,CTR-00979-03,0.05
CTR-00980-01,CUST-00980,annual,12,2023-03-08,2024-03-07,2024-03-07,Annual in advance,23277.75,0.08,21466.74,21466.74,Renewed,,
CTR-00980-02,CUST-00980,annual,12,2024-03-08,2025-03-07,2025-03-08,Annual in advance,70631.34,0.13,61336.26,61336.26,Renewed,CTR-00980-01,0.00
CTR-00980-03,CUST-00980,annual,12,2025-03-08,2026-03-07,2026-03-12,Quarterly in advance,75010.48,0.15,63488.87,63488.87,Churned,CTR-00980-02,0.04
CTR-00981-01,CUST-00981,annual,12,2023-03-31,2024-03-30,2024-04-03,Annual in advance,9501.12,0.12,8404.69,8404.69,Churned,,
CTR-00982-01,CUST-00982,annual,12,2023-03-28,2024-03-27,2024-03-31,Quarterly in advance,19002.24,0.14,16315.32,16315.32,Churned,,
CTR-00982-02R,CUST-00982,annual,12,2025-02-01,2026-01-31,2026-02-04,Quarterly in advance,13327.75,0.14,11443.21,11443.21,Renewed,,
CTR-00982-03,CUST-00982,annual,12,2026-02-01,2027-01-31,2027-01-31,Annual in advance,14154.07,0.19,11443.57,11443.57,Active,CTR-00982-02R,0.00
CTR-00983-01,CUST-00983,monthly,1,2023-03-25,2026-06-30,,Monthly in arrears,11876.40,0.04,11385.90,37953.00,Active,,
CTR-00984-01,CUST-00984,annual,12,2023-03-31,2024-03-30,2024-03-31,Annual in advance,9501.12,0.19,7728.21,7728.21,Churned,,
CTR-00985-01,CUST-00985,annual,12,2023-03-06,2024-03-05,2024-03-09,Annual in advance,13064.04,0.16,10950.28,10950.28,Renewed,,
CTR-00985-02,CUST-00985,annual,12,2024-03-06,2025-03-05,2025-03-08,Quarterly in advance,11351.46,0.21,8959.71,8959.71,Renewed,CTR-00985-01,0.00
CTR-00985-03,CUST-00985,annual,12,2025-03-06,2026-03-05,2026-03-06,Quarterly in advance,9376.31,0.26,6968.47,6968.47,Renewed,CTR-00985-02,0.00
CTR-00985-04,CUST-00985,annual,12,2026-03-06,2027-03-05,2027-03-08,Quarterly in advance,7112.60,0.30,4977.40,4977.40,Active,CTR-00985-03,0.00
CTR-00986-01,CUST-00986,annual,12,2023-03-19,2024-03-18,2024-03-21,Annual in advance,37483.11,0.10,33851.00,33851.00,Renewed,,
CTR-00986-02,CUST-00986,annual,12,2024-03-19,2025-03-18,2025-03-21,Quarterly in advance,87483.21,0.11,77527.62,77527.62,Renewed,CTR-00986-01,0.04
CTR-00986-03,CUST-00986,annual,12,2025-03-19,2026-03-18,2026-03-21,Annual in advance,92907.17,0.14,80299.67,80299.67,Renewed,CTR-00986-02,0.04
CTR-00986-04,CUST-00986,annual,12,2026-03-19,2027-03-18,2027-03-19,Annual in advance,98667.42,0.15,83423.30,83423.30,Active,CTR-00986-03,0.04
CTR-00987-01,CUST-00987,multi_year,24,2023-03-29,2025-03-28,2025-04-01,Annual in advance,49842.96,0.16,41703.60,83407.20,Renewed,,
CTR-00987-02,CUST-00987,multi_year,24,2025-03-29,2027-03-28,2027-03-28,Annual in advance,80593.49,0.26,59792.31,119584.62,Active,CTR-00987-01,0.00
CTR-00988-01,CUST-00988,annual,12,2023-03-31,2024-03-30,2024-04-04,Annual in advance,16626.96,0.08,15256.90,15256.90,Churned,,
CTR-00989-01,CUST-00989,annual,12,2023-04-25,2024-04-24,2024-04-28,Annual in advance,13368.42,0.16,11204.07,11204.07,Churned,,
CTR-00990-01,CUST-00990,annual,12,2023-04-28,2024-04-27,2024-04-30,Quarterly in advance,46789.45,0.14,40238.93,40238.93,Churned,,
CTR-00990-02R,CUST-00990,annual,12,2024-10-01,2025-09-30,2025-10-01,Quarterly in advance,31351.62,0.14,26962.39,26962.39,Renewed,,
CTR-00990-03,CUST-00990,annual,12,2025-10-01,2026-09-30,2026-10-03,Quarterly in advance,33295.42,0.19,26962.63,26962.63,Active,CTR-00990-02R,0.00
CTR-00991-01,CUST-00991,multi_year,36,2023-04-28,2026-04-27,2026-05-01,Annual in advance,27570.50,0.18,22563.70,67691.10,Renewed,,
CTR-00991-02,CUST-00991,multi_year,24,2026-04-28,2028-04-27,2028-04-28,Annual in advance,33023.12,0.28,23670.97,47341.94,Active,CTR-00991-01,0.05
CTR-00993-01,CUST-00993,annual,12,2023-04-26,2024-04-25,2024-04-27,Annual in advance,13368.42,0.08,12308.30,12308.30,Churned,,
CTR-00994-01,CUST-00994,annual,12,2023-04-08,2024-04-07,2024-04-11,Annual in advance,9548.87,0.16,8022.96,8022.96,Renewed,,
CTR-00994-02,CUST-00994,annual,12,2024-04-08,2025-04-07,2025-04-07,Annual in advance,13943.73,0.17,11520.31,11520.31,Renewed,CTR-00994-01,0.04
CTR-00994-03,CUST-00994,annual,12,2025-04-08,2026-04-07,2026-04-08,Annual in advance,14808.25,0.19,11932.49,11932.49,Renewed,CTR-00994-02,0.04
CTR-00994-04,CUST-00994,annual,12,2026-04-08,2027-04-07,2027-04-10,Annual in advance,15726.36,0.21,12464.71,12464.71,Active,CTR-00994-03,0.04
CTR-00995-01,CUST-00995,annual,12,2023-05-26,2024-05-25,2024-05-28,Quarterly in advance,26777.80,0.20,21435.63,21435.63,Churned,,
CTR-00996-01,CUST-00996,annual,12,2023-05-11,2024-05-10,2024-05-15,Annual in advance,20393.32,0.16,17179.33,17179.33,Churned,,
CTR-00997-01,CUST-00997,multi_year,24,2023-05-18,2025-05-17,2025-05-22,Annual in advance,46784.67,0.14,40286.28,80572.56,Churned,,
CTR-00998-01,CUST-00998,annual,12,2023-05-27,2024-05-26,2024-05-30,Quarterly in advance,22818.96,0.17,18891.82,18891.82,Renewed,,
CTR-00998-02,CUST-00998,annual,12,2024-05-27,2025-05-26,2025-05-30,Annual in advance,12739.83,0.22,9931.97,9931.97,Renewed,CTR-00998-01,0.00
CTR-00998-03,CUST-00998,annual,12,2025-05-27,2026-05-26,2026-05-29,Annual in advance,13529.69,0.23,10370.51,10370.51,Renewed,CTR-00998-02,0.04
CTR-00998-04,CUST-00998,annual,12,2026-05-27,2027-05-26,2027-05-28,Quarterly in advance,14368.54,0.28,10371.21,10371.21,Active,CTR-00998-03,0.00
CTR-00999-01,CUST-00999,multi_year,24,2023-05-27,2025-05-26,2025-05-31,Annual in advance,33588.99,0.17,27815.04,55630.08,Renewed,,
CTR-00999-02,CUST-00999,multi_year,24,2025-05-27,2027-05-26,2027-05-28,Annual in advance,49248.09,0.23,37699.41,75398.82,Active,CTR-00999-01,0.04
CTR-01000-01,CUST-01000,multi_year,36,2023-05-25,2026-05-24,2026-05-27,Annual in advance,10796.46,0.10,9758.92,29276.76,Churned,,
CTR-01001-01,CUST-01001,annual,12,2023-06-26,2024-06-25,2024-06-27,Annual in advance,10850.72,0.22,8483.09,8483.09,Renewed,,
CTR-01001-02,CUST-01001,annual,12,2024-06-26,2025-06-25,2025-06-28,Quarterly in advance,11523.46,0.23,8815.45,8815.45,Renewed,CTR-01001-01,0.04
CTR-01001-03,CUST-01001,annual,12,2025-06-26,2026-06-25,2026-06-27,Annual in advance,12237.92,0.24,9240.85,9240.85,Renewed,CTR-01001-02,0.05
CTR-01001-04,CUST-01001,annual,12,2026-06-26,2027-06-25,2027-06-26,Quarterly in advance,12996.67,0.29,9240.63,9240.63,Active,CTR-01001-03,0.00
CTR-01002-01,CUST-01002,multi_year,24,2023-06-28,2025-06-27,2025-06-28,Annual in advance,47260.91,0.14,40483.70,80967.40,Renewed,,
CTR-01002-02,CUST-01002,multi_year,24,2025-06-28,2027-06-27,2027-06-30,Annual in advance,142775.71,0.21,112450.15,224900.30,Active,CTR-01002-01,0.04
CTR-01003-01,CUST-01003,annual,12,2023-06-04,2024-06-03,2024-06-05,Annual in advance,15191.01,0.13,13237.45,13237.45,Renewed,,
CTR-01003-02,CUST-01003,annual,12,2024-06-04,2025-06-03,2025-06-04,Annual in advance,46606.01,0.18,38240.23,38240.23,Renewed,CTR-01003-01,0.00
CTR-01003-03,CUST-01003,annual,12,2025-06-04,2026-06-03,2026-06-07,Quarterly in advance,49495.58,0.19,40071.62,40071.62,Renewed,CTR-01003-02,0.05
CTR-01003-04,CUST-01003,annual,12,2026-06-04,2027-06-03,2027-06-04,Annual in advance,52564.31,0.21,41657.22,41657.22,Active,CTR-01003-03,0.04
CTR-01004-01,CUST-01004,annual,12,2023-06-14,2024-06-13,2024-06-18,Quarterly in advance,57388.25,0.20,45784.35,45784.35,Renewed,,
CTR-01004-02,CUST-01004,annual,12,2024-06-14,2025-06-13,2025-06-14,Annual in advance,231237.50,0.22,181174.58,181174.58,Renewed,CTR-01004-01,0.04
CTR-01004-03,CUST-01004,annual,12,2025-06-14,2026-06-13,2026-06-15,Annual in advance,245574.23,0.23,189116.71,189116.71,Renewed,CTR-01004-02,0.04
CTR-01004-04,CUST-01004,annual,12,2026-06-14,2027-06-13,2027-06-16,Quarterly in advance,260799.83,0.24,197295.07,197295.07,Active,CTR-01004-03,0.04
CTR-01005-01,CUST-01005,annual,12,2023-06-09,2024-06-08,2024-06-08,Annual in advance,44608.51,0.09,40736.49,40736.49,Renewed,,
CTR-01005-02,CUST-01005,annual,12,2024-06-09,2025-06-08,2025-06-09,Annual in advance,84505.40,0.11,75294.31,75294.31,Renewed,CTR-01005-01,0.04
CTR-01005-03,CUST-01005,annual,12,2025-06-09,2026-06-08,2026-06-11,Quarterly in advance,89744.73,0.13,77943.30,77943.30,Renewed,CTR-01005-02,0.04
CTR-01005-04,CUST-01005,annual,12,2026-06-09,2027-06-08,2027-06-10,Annual in advance,95308.91,0.16,80278.69,80278.69,Active,CTR-01005-03,0.03
CTR-01006-01,CUST-01006,annual,12,2023-06-13,2024-06-12,2024-06-15,Annual in advance,13503.12,0.08,12455.28,12455.28,Churned,,
CTR-01007-01,CUST-01007,annual,12,2023-06-27,2024-06-26,2024-07-01,Annual in advance,28585.42,0.13,24754.97,24754.97,Churned,,
CTR-01009-01,CUST-01009,annual,12,2023-07-27,2024-07-26,2024-07-28,Annual in advance,26657.27,0.14,22927.92,22927.92,Renewed,,
CTR-01009-02,CUST-01009,annual,12,2024-07-27,2025-07-26,2025-07-26,Annual in advance,42465.04,0.15,36091.04,36091.04,Renewed,CTR-01009-01,0.05
CTR-01009-03,CUST-01009,annual,12,2025-07-27,2026-07-26,2026-07-26,Quarterly in advance,45097.87,0.17,37580.06,37580.06,Active,CTR-01009-02,0.04
CTR-01010-01,CUST-01010,annual,12,2023-07-28,2024-07-27,2024-07-29,Quarterly in advance,29080.66,0.17,24230.01,24230.01,Renewed,,
CTR-01010-02,CUST-01010,annual,12,2024-07-28,2025-07-27,2025-07-28,Annual in advance,30883.66,0.18,25367.84,25367.84,Renewed,CTR-01010-01,0.05
CTR-01010-03,CUST-01010,annual,12,2025-07-28,2026-07-27,2026-08-01,Annual in advance,40998.06,0.20,32757.45,32757.45,Active,CTR-01010-02,0.03
CTR-01011-01,CUST-01011,annual,12,2023-07-17,2024-07-16,2024-07-18,Annual in advance,22903.01,0.12,20264.58,20264.58,Renewed,,
CTR-01011-02,CUST-01011,annual,12,2024-07-17,2025-07-16,2025-07-20,Annual in advance,24322.99,0.14,20946.96,20946.96,Churned,CTR-01011-01,0.03
CTR-01012-01,CUST-01012,annual,12,2023-07-20,2024-07-19,2024-07-20,Annual in advance,57522.35,0.18,47128.06,47128.06,Churned,,
CTR-01013-01,CUST-01013,multi_year,36,2023-08-28,2026-08-27,2026-08-31,Annual in advance,9742.27,0.25,7295.99,21887.97,Active,,
CTR-01014-01,CUST-01014,annual,12,2023-08-27,2024-08-26,2024-08-29,Annual in advance,30444.59,0.23,23527.58,23527.58,Renewed,,
CTR-01014-02,CUST-01014,annual,12,2024-08-27,2025-08-26,2025-08-27,Annual in advance,32332.15,0.24,24698.53,24698.53,Renewed,CTR-01014-01,0.05
CTR-01014-03,CUST-01014,annual,12,2025-08-27,2026-08-26,2026-08-26,Annual in advance,30216.34,0.28,21734.61,21734.61,Active,CTR-01014-02,0.00
CTR-01015-01,CUST-01015,annual,12,2023-08-09,2024-08-08,2024-08-11,Annual in advance,25829.42,0.16,21818.11,21818.11,Renewed,,
CTR-01015-02,CUST-01015,annual,12,2024-08-09,2025-08-08,2025-08-10,Annual in advance,39070.42,0.20,31076.61,31076.61,Renewed,CTR-01015-01,0.00
CTR-01015-03,CUST-01015,annual,12,2025-08-09,2026-08-08,2026-08-10,Annual in advance,48360.14,0.23,37348.54,37348.54,Active,CTR-01015-02,0.03
CTR-01016-01,CUST-01016,annual,12,2023-08-28,2024-08-27,2024-08-28,Quarterly in advance,25573.45,0.17,21297.57,21297.57,Renewed,,
CTR-01016-02,CUST-01016,annual,12,2024-08-28,2025-08-27,2025-08-30,Annual in advance,39833.21,0.19,32237.02,32237.02,Churned,CTR-01016-01,0.03
CTR-01017-01,CUST-01017,annual,12,2023-08-27,2024-08-26,2024-08-26,Annual in advance,15831.19,0.01,15652.30,15652.30,Renewed,,
CTR-01017-02,CUST-01017,annual,12,2024-08-27,2025-08-26,2025-08-31,Annual in advance,12932.86,0.07,12040.49,12040.49,Churned,CTR-01017-01,0.00
CTR-01018-01,CUST-01018,annual,12,2023-09-06,2024-09-05,2024-09-06,Annual in advance,42836.62,0.17,35451.59,35451.59,Renewed,,
CTR-01018-02,CUST-01018,annual,12,2024-09-06,2025-09-05,2025-09-10,Annual in advance,52771.29,0.19,42940.00,42940.00,Churned,CTR-01018-01,0.04
CTR-01019-01,CUST-01019,annual,12,2023-09-29,2024-09-28,2024-10-01,Annual in advance,29027.89,0.13,25248.46,25248.46,Renewed,,
CTR-01019-02,CUST-01019,annual,12,2024-09-29,2025-09-28,2025-10-02,Annual in advance,34467.02,0.15,29207.35,29207.35,Renewed,CTR-01019-01,0.03
CTR-01019-03,CUST-01019,annual,12,2025-09-29,2026-09-28,2026-10-02,Quarterly in advance,42401.54,0.18,34875.27,34875.27,Active,CTR-01019-02,0.03
CTR-01020-01,CUST-01020,monthly,1,2023-09-29,2026-06-30,,Monthly in arrears,18848.11,0.14,16150.95,45761.03,Active,,
CTR-01021-01,CUST-01021,annual,12,2023-09-30,2024-09-29,2024-09-30,Annual in advance,50180.04,0.20,40394.93,40394.93,Churned,,
CTR-01022-01,CUST-01022,annual,12,2023-09-14,2024-09-13,2024-09-18,Annual in advance,73678.98,0.22,57418.03,57418.03,Renewed,,
CTR-01022-02,CUST-01022,annual,12,2024-09-14,2025-09-13,2025-09-18,Annual in advance,78247.08,0.24,59522.55,59522.55,Renewed,CTR-01022-01,0.04
CTR-01022-03,CUST-01022,annual,12,2025-09-14,2026-09-13,2026-09-15,Annual in advance,114018.73,0.26,84214.23,84214.23,Active,CTR-01022-02,0.03
CTR-01023-01,CUST-01023,annual,12,2023-09-30,2024-09-29,2024-10-02,Annual in advance,13462.94,0.19,10904.98,10904.98,Renewed,,
CTR-01023-02,CUST-01023,annual,12,2024-09-30,2025-09-29,2025-09-29,Annual in advance,16897.21,0.20,13433.28,13433.28,Renewed,CTR-01023-01,0.04
CTR-01023-03,CUST-01023,annual,12,2025-09-30,2026-09-29,2026-10-04,Annual in advance,20705.58,0.22,16115.15,16115.15,Active,CTR-01023-02,0.04
CTR-01024-01,CUST-01024,annual,12,2023-10-01,2024-09-30,2024-10-01,Annual in advance,9840.43,0.24,7462.00,7462.00,Churned,,
CTR-01025-01,CUST-01025,annual,12,2023-10-27,2024-10-26,2024-10-27,Annual in advance,13530.59,0.00,13530.59,13530.59,Churned,,
CTR-01026-01,CUST-01026,annual,12,2023-10-13,2024-10-12,2024-10-16,Quarterly in advance,11070.49,0.04,10611.06,10611.06,Churned,,
CTR-01027-01,CUST-01027,annual,12,2023-10-30,2024-10-29,2024-11-03,Annual in advance,20828.92,0.20,16696.46,16696.46,Churned,,
CTR-01028-01,CUST-01028,annual,12,2023-10-02,2024-10-01,2024-10-02,Annual in advance,30997.36,0.12,27305.57,27305.57,Renewed,,
CTR-01028-02,CUST-01028,annual,12,2024-10-02,2025-10-01,2025-10-04,Annual in advance,42063.42,0.17,34891.61,34891.61,Renewed,CTR-01028-01,0.00
CTR-01028-03,CUST-01028,annual,12,2025-10-02,2026-10-01,2026-10-04,Quarterly in advance,44671.35,0.18,36536.70,36536.70,Active,CTR-01028-02,0.05
CTR-01029-01,CUST-01029,annual,12,2023-10-19,2024-10-18,2024-10-22,Quarterly in advance,20910.92,0.16,17632.09,17632.09,Renewed,,
CTR-01029-02,CUST-01029,annual,12,2024-10-19,2025-10-18,2025-10-20,Annual in advance,36576.89,0.21,29042.05,29042.05,Renewed,CTR-01029-01,0.00
CTR-01029-03,CUST-01029,annual,12,2025-10-19,2026-10-18,2026-10-23,Annual in advance,38844.65,0.23,29925.92,29925.92,Active,CTR-01029-02,0.03
CTR-01030-01,CUST-01030,annual,12,2023-11-26,2024-11-25,2024-11-25,Annual in advance,44998.97,0.14,38888.11,38888.11,Churned,,
CTR-01030-02R,CUST-01030,annual,12,2025-09-01,2026-08-31,2026-09-01,Annual in advance,44447.98,0.14,38411.94,38411.94,Active,,
CTR-01031-01,CUST-01031,annual,12,2023-11-21,2024-11-20,2024-11-23,Annual in advance,56866.83,0.15,48478.97,48478.97,Renewed,,
CTR-01031-02,CUST-01031,annual,12,2024-11-21,2025-11-20,2025-11-21,Quarterly in advance,84024.46,0.17,69992.38,69992.38,Renewed,CTR-01031-01,0.04
CTR-01031-03,CUST-01031,annual,12,2025-11-21,2026-11-20,2026-11-25,Annual in advance,89233.97,0.18,73038.00,73038.00,Active,CTR-01031-02,0.04
CTR-01032-01,CUST-01032,annual,12,2023-11-03,2024-11-02,2024-11-05,Annual in advance,39806.78,0.13,34699.57,34699.57,Churned,,
CTR-01033-01,CUST-01033,annual,12,2023-11-26,2024-11-25,2024-11-30,Annual in advance,22252.24,0.13,19346.10,19346.10,Renewed,,
CTR-01033-02,CUST-01033,annual,12,2024-11-26,2025-11-25,2025-11-30,Annual in advance,23631.88,0.15,19971.30,19971.30,Renewed,CTR-01033-01,0.03
CTR-01033-03,CUST-01033,annual,12,2025-11-26,2026-11-25,2026-11-25,Quarterly in advance,69714.04,0.18,57242.20,57242.20,Active,CTR-01033-02,0.03
CTR-01034-01,CUST-01034,annual,12,2023-11-27,2024-11-26,2024-11-30,Annual in advance,28433.42,0.09,25820.39,25820.39,Churned,,
CTR-01035-01,CUST-01035,annual,12,2023-11-15,2024-11-14,2024-11-19,Annual in advance,21609.19,0.20,17287.35,17287.35,Renewed,,
CTR-01035-02,CUST-01035,annual,12,2024-11-15,2025-11-14,2025-11-15,Annual in advance,22948.96,0.21,18134.27,18134.27,Renewed,CTR-01035-01,0.05
CTR-01035-03,CUST-01035,annual,12,2025-11-15,2026-11-14,2026-11-14,Quarterly in advance,46680.29,0.22,36242.58,36242.58,Active,CTR-01035-02,0.04
CTR-01036-01,CUST-01036,annual,12,2023-12-28,2024-12-27,2025-01-01,Annual in advance,27333.86,0.19,22072.09,22072.09,Renewed,,
CTR-01036-02,CUST-01036,annual,12,2024-12-28,2025-12-27,2025-12-30,Annual in advance,72571.39,0.21,57636.20,57636.20,Renewed,CTR-01036-01,0.04
CTR-01036-03,CUST-01036,annual,12,2025-12-28,2026-12-27,2026-12-28,Annual in advance,92484.98,0.22,71823.84,71823.84,Active,CTR-01036-02,0.04
CTR-01037-01,CUST-01037,annual,12,2023-12-01,2024-11-30,2024-12-04,Annual in advance,111062.73,0.001600,110885.03,110885.03,Renewed,,
CTR-01037-02,CUST-01037,annual,12,2024-12-01,2025-11-30,2025-12-03,Quarterly in advance,234603.53,0.06,220550.78,220550.78,Renewed,CTR-01037-01,0.00
CTR-01037-03,CUST-01037,annual,12,2025-12-01,2026-11-30,2026-12-02,Annual in advance,262881.56,0.07,244059.24,244059.24,Active,CTR-01037-02,0.05
CTR-01038-01,CUST-01038,annual,12,2023-12-31,2024-12-30,2024-12-30,Annual in advance,20873.13,0.21,16548.22,16548.22,Churned,,
CTR-01039-01,CUST-01039,annual,12,2023-12-20,2024-12-19,2024-12-22,Annual in advance,72061.99,0.10,65108.01,65108.01,Churned,,
CTR-01040-01,CUST-01040,annual,12,2023-12-22,2024-12-21,2024-12-22,Annual in advance,52321.68,0.17,43489.78,43489.78,Churned,,
CTR-01041-01,CUST-01041,annual,12,2023-12-27,2024-12-26,2024-12-26,Quarterly in advance,9939.58,0.17,8284.64,8284.64,Churned,,
CTR-01042-01,CUST-01042,multi_year,24,2023-12-29,2025-12-28,2025-12-30,Annual in advance,14909.38,0.15,12693.85,25387.70,Renewed,,
CTR-01042-02,CUST-01042,multi_year,24,2025-12-29,2027-12-28,2028-01-02,Annual in advance,19618.03,0.21,15457.05,30914.10,Active,CTR-01042-01,0.04
CTR-01043-01,CUST-01043,annual,12,2023-12-30,2024-12-29,2025-01-02,Quarterly in advance,76689.12,0.11,68583.08,68583.08,Renewed,,
CTR-01043-02,CUST-01043,annual,12,2024-12-30,2025-12-29,2025-12-31,Annual in advance,131320.19,0.12,115233.47,115233.47,Renewed,CTR-01043-01,0.04
CTR-01043-03,CUST-01043,annual,12,2025-12-30,2026-12-29,2027-01-01,Annual in advance,137500.23,0.17,113616.44,113616.44,Active,CTR-01043-02,0.00
CTR-01044-01,CUST-01044,annual,12,2023-12-29,2024-12-28,2025-01-01,Annual in advance,67188.18,0.15,57143.55,57143.55,Renewed,,
CTR-01044-02,CUST-01044,annual,12,2024-12-29,2025-12-28,2026-01-02,Annual in advance,71353.85,0.16,59801.66,59801.66,Renewed,CTR-01044-01,0.05
CTR-01044-03,CUST-01044,annual,12,2025-12-29,2026-12-28,2027-01-01,Quarterly in advance,138835.73,0.18,114067.44,114067.44,Active,CTR-01044-02,0.04
CTR-01045-01,CUST-01045,annual,12,2023-12-11,2024-12-10,2024-12-10,Annual in advance,40006.83,0.25,29905.11,29905.11,Churned,,
CTR-01046-01,CUST-01046,annual,12,2023-12-21,2024-12-20,2024-12-22,Annual in advance,69577.09,0.12,61276.54,61276.54,Renewed,,
CTR-01046-02,CUST-01046,annual,12,2024-12-21,2025-12-20,2025-12-21,Annual in advance,51723.61,0.17,42894.39,42894.39,Renewed,CTR-01046-01,0.00
CTR-01046-03,CUST-01046,annual,12,2025-12-21,2026-12-20,2026-12-24,Quarterly in advance,33350.65,0.22,26043.52,26043.52,Active,CTR-01046-02,0.00
CTR-01047-01,CUST-01047,annual,12,2023-12-22,2024-12-21,2024-12-26,Annual in advance,42243.24,0.14,36198.23,36198.23,Renewed,,
CTR-01047-02,CUST-01047,annual,12,2024-12-22,2025-12-21,2025-12-21,Annual in advance,97641.51,0.17,81315.85,81315.85,Renewed,CTR-01047-01,0.03
CTR-01047-03,CUST-01047,annual,12,2025-12-22,2026-12-21,2026-12-22,Annual in advance,103695.29,0.19,84335.38,84335.38,Active,CTR-01047-02,0.04
CTR-01048-01,CUST-01048,annual,12,2023-12-22,2024-12-21,2024-12-22,Annual in advance,53555.18,0.13,46362.72,46362.72,Churned,,
CTR-01049-01,CUST-01049,annual,12,2023-12-28,2024-12-27,2024-12-30,Annual in advance,19133.70,0.22,14985.51,14985.51,Renewed,,
CTR-01049-02,CUST-01049,annual,12,2024-12-28,2025-12-27,2026-01-01,Annual in advance,29556.35,0.23,22705.19,22705.19,Renewed,CTR-01049-01,0.04
CTR-01049-03,CUST-01049,annual,12,2025-12-28,2026-12-27,2027-01-01,Annual in advance,31388.84,0.25,23632.66,23632.66,Active,CTR-01049-02,0.04
CTR-01050-01,CUST-01050,annual,12,2023-12-28,2024-12-27,2024-12-29,Annual in advance,13915.42,0.15,11818.37,11818.37,Renewed,,
CTR-01050-02,CUST-01050,annual,12,2024-12-28,2025-12-27,2026-01-01,Quarterly in advance,40639.98,0.18,33499.54,33499.54,Renewed,CTR-01050-01,0.03
CTR-01050-03,CUST-01050,annual,12,2025-12-28,2026-12-27,2026-12-31,Quarterly in advance,47083.27,0.20,37699.57,37699.57,Active,CTR-01050-02,0.03
CTR-01051-01,CUST-01051,annual,12,2023-01-30,2024-01-29,2024-01-29,Annual in advance,144652.16,0.23,111049.46,111049.46,Renewed,,
CTR-01051-02,CUST-01051,annual,12,2024-01-30,2025-01-29,2025-02-01,Annual in advance,192373.73,0.25,145069.03,145069.03,Renewed,CTR-01051-01,0.04
CTR-01051-03,CUST-01051,annual,12,2025-01-30,2026-01-29,2026-01-29,Annual in advance,204300.90,0.27,149568.69,149568.69,Renewed,CTR-01051-02,0.03
CTR-01051-04,CUST-01051,annual,12,2026-01-30,2027-01-29,2027-01-30,Annual in advance,216967.56,0.29,154784.66,154784.66,Active,CTR-01051-03,0.03
CTR-01052-01,CUST-01052,annual,12,2023-01-02,2024-01-01,2024-01-04,Quarterly in advance,240495.41,0.17,200741.52,200741.52,Renewed,,
CTR-01052-02,CUST-01052,annual,12,2024-01-02,2025-01-01,2025-01-06,Annual in advance,489604.26,0.21,384828.95,384828.95,Renewed,CTR-01052-01,0.00
CTR-01052-03,CUST-01052,annual,12,2025-01-02,2026-01-01,2026-01-05,Annual in advance,519959.72,0.26,384822.19,384822.19,Renewed,CTR-01052-02,0.00
CTR-01052-04,CUST-01052,annual,12,2026-01-02,2027-01-01,2027-01-03,Annual in advance,552197.23,0.28,397416.35,397416.35,Active,CTR-01052-03,0.03
CTR-01053-01,CUST-01053,multi_year,24,2023-02-07,2025-02-06,2025-02-10,Annual in advance,225056.69,0.21,178109.86,356219.72,Renewed,,
CTR-01053-02,CUST-01053,multi_year,24,2025-02-07,2027-02-06,2027-02-08,Annual in advance,203642.15,0.30,142895.70,285791.40,Active,CTR-01053-01,0.00
CTR-01054-01,CUST-01054,multi_year,24,2023-02-23,2025-02-22,2025-02-23,Annual in advance,72125.72,0.17,60030.24,120060.48,Renewed,,
CTR-01054-02,CUST-01054,multi_year,36,2025-02-23,2028-02-22,2028-02-26,Quarterly in advance,81346.56,0.23,62400.95,187202.85,Active,CTR-01054-01,0.04
CTR-01055-01,CUST-01055,annual,12,2023-03-27,2024-03-26,2024-03-28,Annual in advance,113101.91,0.22,87778.39,87778.39,Renewed,,
CTR-01055-02,CUST-01055,annual,12,2024-03-27,2025-03-26,2025-03-30,Annual in advance,175828.64,0.24,132838.54,132838.54,Renewed,CTR-01055-01,0.03
CTR-01055-03,CUST-01055,annual,12,2025-03-27,2026-03-26,2026-03-26,Annual in advance,186730.01,0.26,138721.72,138721.72,Renewed,CTR-01055-02,0.04
CTR-01055-04,CUST-01055,annual,12,2026-03-27,2027-03-26,2027-03-31,Annual in advance,198307.28,0.27,143891.76,143891.76,Active,CTR-01055-03,0.04
CTR-01056-01,CUST-01056,annual,12,2023-03-01,2024-02-29,2024-03-02,Quarterly in advance,140546.01,0.22,109921.03,109921.03,Renewed,,
CTR-01056-02,CUST-01056,annual,12,2024-03-01,2025-02-28,2025-03-01,Annual in advance,157480.02,0.23,121165.13,121165.13,Renewed,CTR-01056-01,0.04
CTR-01056-03,CUST-01056,annual,12,2025-03-01,2026-02-28,2026-03-01,Quarterly in advance,177913.55,0.28,128898.37,128898.37,Renewed,CTR-01056-02,0.00
CTR-01056-04,CUST-01056,annual,12,2026-03-01,2027-02-28,2027-03-05,Annual in advance,188944.19,0.29,134169.27,134169.27,Active,CTR-01056-03,0.04
CTR-01057-01,CUST-01057,multi_year,36,2023-04-26,2026-04-25,2026-04-27,Annual in advance,206579.95,0.30,144254.78,432764.34,Renewed,,
CTR-01057-02,CUST-01057,multi_year,24,2026-04-26,2028-04-25,2028-04-29,Annual in advance,332329.47,0.39,202322.18,404644.36,Active,CTR-01057-01,0.04
CTR-01058-01,CUST-01058,multi_year,36,2023-05-26,2026-05-25,2026-05-26,Quarterly in advance,485952.23,0.31,333557.61,1000672.83,Churned,,
CTR-01059-01,CUST-01059,multi_year,36,2023-06-27,2026-06-26,2026-06-26,Annual in advance,165627.02,0.24,126257.48,378772.44,Renewed,,
CTR-01059-02,CUST-01059,multi_year,24,2026-06-27,2028-06-26,2028-06-27,Annual in advance,284132.66,0.34,187896.93,375793.86,Active,CTR-01059-01,0.04
CTR-01060-01,CUST-01060,annual,12,2023-06-04,2024-06-03,2024-06-07,Annual in advance,212332.28,0.18,175067.96,175067.96,Renewed,,
CTR-01060-02,CUST-01060,annual,12,2024-06-04,2025-06-03,2025-06-07,Quarterly in advance,262584.49,0.20,211039.15,211039.15,Renewed,CTR-01060-01,0.04
CTR-01060-03,CUST-01060,annual,12,2025-06-04,2026-06-03,2026-06-05,Quarterly in advance,297573.57,0.21,233714.28,233714.28,Renewed,CTR-01060-02,0.04
CTR-01060-04,CUST-01060,annual,12,2026-06-04,2027-06-03,2027-06-04,Annual in advance,316023.14,0.26,233699.11,233699.11,Active,CTR-01060-03,0.00
CTR-01061-01,CUST-01061,annual,12,2023-07-12,2024-07-11,2024-07-16,Annual in advance,324655.77,0.22,252192.60,252192.60,Churned,,
CTR-01062-01,CUST-01062,multi_year,36,2023-08-28,2026-08-27,2026-08-31,Annual in advance,90978.27,0.14,78405.07,235215.21,Active,,
CTR-01063-01,CUST-01063,annual,12,2023-09-28,2024-09-27,2024-09-28,Annual in advance,85769.52,0.17,71188.70,71188.70,Churned,,
CTR-01064-01,CUST-01064,annual,12,2023-09-29,2024-09-28,2024-10-03,Quarterly in advance,156721.19,0.27,113842.27,113842.27,Renewed,,
CTR-01064-02,CUST-01064,annual,12,2024-09-29,2025-09-28,2025-10-02,Annual in advance,166437.90,0.29,118753.44,118753.44,Renewed,CTR-01064-01,0.04
CTR-01064-03,CUST-01064,annual,12,2025-09-29,2026-09-28,2026-09-28,Annual in advance,176757.05,0.33,118745.39,118745.39,Active,CTR-01064-02,0.00
CTR-01065-01,CUST-01065,multi_year,24,2023-10-22,2025-10-21,2025-10-24,Annual in advance,399899.63,0.32,272771.54,545543.08,Renewed,,
CTR-01065-02,CUST-01065,multi_year,36,2025-10-22,2028-10-21,2028-10-22,Annual in advance,576601.82,0.37,363374.47,1090123.41,Active,CTR-01065-01,0.04
CTR-01066-01,CUST-01066,multi_year,36,2023-11-14,2026-11-13,2026-11-16,Annual in advance,169569.18,0.34,112458.28,337374.84,Active,,
CTR-01067-01,CUST-01067,multi_year,24,2023-12-26,2025-12-25,2025-12-25,Quarterly in advance,279635.62,0.32,191186.87,382373.74,Renewed,,
CTR-01067-02,CUST-01067,multi_year,24,2025-12-26,2027-12-25,2027-12-28,Quarterly in advance,366122.45,0.39,221943.43,443886.86,Active,CTR-01067-01,0.00
CTR-01068-01,CUST-01068,multi_year,36,2023-12-18,2026-12-17,2026-12-21,Quarterly in advance,122361.71,0.20,98366.58,295099.74,Active,,
CTR-01069-01,CUST-01069,annual,12,2023-12-28,2024-12-27,2024-12-27,Annual in advance,191817.91,0.25,143153.71,143153.71,Renewed,,
CTR-01069-02,CUST-01069,annual,12,2024-12-28,2025-12-27,2025-12-30,Annual in advance,206577.12,0.26,152226.68,152226.68,Renewed,CTR-01069-01,0.05
CTR-01069-03,CUST-01069,annual,12,2025-12-28,2026-12-27,2026-12-28,Annual in advance,219384.90,0.28,157715.80,157715.80,Active,CTR-01069-02,0.04
CTR-01070-01,CUST-01070,annual,12,2023-12-01,2024-11-30,2024-12-03,Annual in advance,155243.62,0.34,103190.43,103190.43,Renewed,,
CTR-01070-02,CUST-01070,annual,12,2024-12-01,2025-11-30,2025-12-03,Annual in advance,207866.27,0.35,134156.89,134156.89,Renewed,CTR-01070-01,0.03
CTR-01070-03,CUST-01070,annual,12,2025-12-01,2026-11-30,2026-12-04,Annual in advance,220753.98,0.36,140620.29,140620.29,Active,CTR-01070-02,0.05
CTR-01071-01,CUST-01071,monthly,1,2024-01-09,2026-06-30,,Monthly in arrears,10571.18,0.13,9243.44,23108.60,Active,,
CTR-01072-01,CUST-01072,monthly,1,2024-01-31,2024-05-31,,Monthly in arrears,15786.29,0.10,14259.76,5941.57,Churned,,
CTR-01073-01,CUST-01073,monthly,1,2024-01-19,2024-05-31,,Monthly in arrears,3523.73,0.13,3069.17,1278.82,Churned,,
CTR-01074-01,CUST-01074,monthly,1,2024-01-26,2026-06-30,,Monthly in arrears,5637.96,0.16,4756.18,11890.45,Active,,
CTR-01075-01,CUST-01075,annual,12,2024-01-31,2025-01-30,2025-02-02,Annual in advance,8879.79,0.05,8431.36,8431.36,Churned,,
CTR-01076-01,CUST-01076,annual,12,2024-01-10,2025-01-09,2025-01-12,Annual in advance,7047.45,0.06,6616.85,6616.85,Renewed,,
CTR-01076-02,CUST-01076,annual,12,2025-01-10,2026-01-09,2026-01-13,Annual in advance,8232.83,0.08,7612.90,7612.90,Renewed,CTR-01076-01,0.05
CTR-01076-03,CUST-01076,annual,12,2026-01-10,2027-01-09,2027-01-11,Annual in advance,9538.11,0.10,8597.65,8597.65,Active,CTR-01076-02,0.04
CTR-01077-01,CUST-01077,monthly,1,2024-01-27,2026-06-30,,Monthly in arrears,12685.41,0.06,11920.48,29801.20,Active,,
CTR-01078-01,CUST-01078,monthly,1,2024-01-31,2024-02-29,,Monthly in arrears,16209.14,0.12,14239.73,2373.29,Churned,,
CTR-01079-01,CUST-01079,annual,12,2024-01-04,2025-01-03,2025-01-05,Quarterly in advance,12826.36,0.05,12183.76,12183.76,Renewed,,
CTR-01079-02,CUST-01079,annual,12,2025-01-04,2026-01-03,2026-01-06,Annual in advance,8382.52,0.11,7497.33,7497.33,Renewed,CTR-01079-01,0.00
CTR-01079-03,CUST-01079,annual,12,2026-01-04,2027-01-03,2027-01-07,Annual in advance,14466.13,0.13,12618.81,12618.81,Active,CTR-01079-02,0.04
CTR-01080-01,CUST-01080,annual,12,2024-01-21,2025-01-20,2025-01-25,Annual in advance,6342.71,0.13,5530.21,5530.21,Renewed,,
CTR-01080-02,CUST-01080,annual,12,2025-01-21,2026-01-20,2026-01-24,Annual in advance,6735.95,0.18,5530.21,5530.21,Renewed,CTR-01080-01,0.00
CTR-01080-03,CUST-01080,annual,12,2026-01-21,2027-01-20,2027-01-20,Quarterly in advance,7153.58,0.23,5530.43,5530.43,Active,CTR-01080-02,0.00
CTR-01081-01,CUST-01081,monthly,1,2024-01-30,2024-02-29,,Monthly in arrears,4933.22,0.12,4318.05,719.68,Churned,,
CTR-01082-01,CUST-01082,monthly,1,2024-01-30,2026-06-30,,Monthly in arrears,4933.22,0.08,4559.78,11399.45,Active,,
CTR-01083-01,CUST-01083,monthly,1,2024-02-24,2026-06-30,,Monthly in arrears,12040.87,0.09,10907.82,26360.56,Active,,
CTR-01084-01,CUST-01084,monthly,1,2024-02-24,2026-06-30,,Monthly in arrears,13882.42,0.08,12795.43,30922.29,Active,,
CTR-01085-01,CUST-01085,monthly,1,2024-02-06,2025-02-28,,Monthly in arrears,3541.43,0.07,3293.18,3567.61,Churned,,
CTR-01086-01,CUST-01086,annual,12,2024-02-03,2025-02-02,2025-02-05,Annual in advance,8499.44,0.009500,8418.70,8418.70,Churned,,
CTR-01087-01,CUST-01087,annual,12,2024-02-25,2025-02-24,2025-02-28,Annual in advance,2974.80,0.04,2858.78,2858.78,Renewed,,
CTR-01087-02,CUST-01087,annual,12,2025-02-25,2026-02-24,2026-02-24,Annual in advance,3159.24,0.05,2998.43,2998.43,Churned,CTR-01087-01,0.05
CTR-01088-01,CUST-01088,annual,12,2024-02-22,2025-02-21,2025-02-26,Annual in advance,6792.42,0.11,6039.82,6039.82,Churned,,
CTR-01089-01,CUST-01089,monthly,1,2024-02-15,2025-10-31,,Monthly in arrears,2833.15,0.04,2711.32,4744.81,Churned,,
CTR-01090-01,CUST-01090,monthly,1,2024-02-25,2026-06-30,,Monthly in arrears,7932.81,0.12,6999.12,16914.54,Churned,,
CTR-01091-01,CUST-01091,monthly,1,2024-02-20,2026-06-30,,Monthly in arrears,7791.15,0.06,7360.30,17787.39,Active,,
CTR-01092-01,CUST-01092,monthly,1,2024-02-27,2024-10-31,,Monthly in arrears,3541.43,0.08,3246.43,2434.82,Churned,,
CTR-01093-01,CUST-01093,monthly,1,2024-02-24,2024-06-30,,Monthly in arrears,9253.45,0.10,8359.57,3483.15,Churned,,
CTR-01094-01,CUST-01094,monthly,1,2024-03-28,2025-10-31,,Monthly in arrears,1423.69,0.09,1301.68,2169.47,Churned,,
CTR-01095-01,CUST-01095,monthly,1,2024-03-29,2024-04-30,,Monthly in arrears,4982.92,0.05,4748.22,791.37,Churned,,
CTR-01096-01,CUST-01096,annual,12,2024-03-25,2025-03-24,2025-03-28,Annual in advance,10677.69,0.06,10018.88,10018.88,Churned,,
CTR-01097-01,CUST-01097,monthly,1,2024-03-27,2025-01-31,,Monthly in arrears,4982.92,0.11,4412.87,4045.13,Churned,,
CTR-01098-01,CUST-01098,monthly,1,2024-03-27,2024-05-31,,Monthly in arrears,11389.54,0.11,10172.00,2543.00,Churned,,
CTR-01099-01,CUST-01099,monthly,1,2024-03-17,2024-10-31,,Monthly in arrears,7118.46,0.02,7007.41,4671.61,Churned,,
CTR-01100-01,CUST-01100,monthly,1,2024-03-29,2026-06-30,,Monthly in arrears,12813.23,0.16,10729.80,25036.20,Active,,
CTR-01101-01,CUST-01101,annual,12,2024-03-28,2025-03-27,2025-04-01,Annual in advance,2989.75,0.03,2887.50,2887.50,Renewed,,
CTR-01101-02,CUST-01101,annual,12,2025-03-28,2026-03-27,2026-03-28,Annual in advance,2116.75,0.09,1924.97,1924.97,Churned,CTR-01101-01,0.00
CTR-01102-01,CUST-01102,monthly,1,2024-03-30,2024-04-30,,Monthly in arrears,20643.54,0.10,18682.40,3113.73,Churned,,
CTR-01103-01,CUST-01103,monthly,1,2024-03-26,2026-06-30,,Monthly in arrears,21355.38,0.11,18984.93,44298.17,Active,,
CTR-01104-01,CUST-01104,monthly,1,2024-03-04,2024-09-30,,Monthly in arrears,7118.46,0.03,6889.96,4019.14,Churned,,
CTR-01105-01,CUST-01105,monthly,1,2024-03-31,2026-06-30,,Monthly in arrears,4171.40,0.06,3932.80,9176.53,Active,,
CTR-01106-01,CUST-01106,annual,12,2024-03-27,2025-03-26,2025-03-26,Annual in advance,6406.62,0.14,5534.68,5534.68,Renewed,,
CTR-01106-02,CUST-01106,annual,12,2025-03-27,2026-03-26,2026-03-27,Quarterly in advance,7559.81,0.19,6149.91,6149.91,Renewed,CTR-01106-01,0.00
CTR-01106-03,CUST-01106,annual,12,2026-03-27,2027-03-26,2027-03-31,Annual in advance,8028.51,0.21,6344.93,6344.93,Active,CTR-01106-02,0.03
CTR-01107-01,CUST-01107,monthly,1,2024-03-03,2026-02-28,,Monthly in arrears,8542.15,0.03,8282.47,16564.94,Churned,,
CTR-01108-01,CUST-01108,monthly,1,2024-03-27,2024-07-31,,Monthly in arrears,2847.38,0.09,2599.66,1083.19,Churned,,
CTR-01109-01,CUST-01109,monthly,1,2024-03-26,2026-06-30,,Monthly in arrears,2847.38,0.04,2720.96,6348.91,Active,,
CTR-01110-01,CUST-01110,monthly,1,2024-03-18,2025-11-30,,Monthly in arrears,10962.43,0.07,10224.66,17893.15,Churned,,
CTR-01111-01,CUST-01111,monthly,1,2024-03-19,2026-06-30,,Monthly in arrears,5694.77,0.08,5258.55,12269.95,Active,,
CTR-01112-01,CUST-01112,annual,12,2024-04-17,2025-04-16,2025-04-21,Annual in advance,4006.37,0.06,3746.36,3746.36,Churned,,
CTR-01113-01,CUST-01113,monthly,1,2024-04-02,2026-06-30,,Monthly in arrears,5723.39,0.05,5426.92,12210.57,Active,,
CTR-01114-01,CUST-01114,monthly,1,2024-04-30,2026-06-30,,Monthly in arrears,4292.54,0.12,3794.61,8537.87,Active,,
CTR-01115-01,CUST-01115,monthly,1,2024-04-26,2024-06-30,,Monthly in arrears,3577.12,0.09,3241.23,810.31,Churned,,
CTR-01116-01,CUST-01116,monthly,1,2024-04-30,2026-06-30,,Monthly in arrears,5007.96,0.04,4807.64,10817.19,Active,,
CTR-01117-01,CUST-01117,monthly,1,2024-04-07,2024-12-31,,Monthly in arrears,3577.12,0.13,3115.31,2336.48,Churned,,
CTR-01118-01,CUST-01118,annual,12,2024-04-19,2025-04-18,2025-04-23,Annual in advance,4292.54,0.07,3975.75,3975.75,Churned,,
CTR-01119-01,CUST-01119,annual,12,2024-04-01,2025-03-31,2025-04-02,Annual in advance,8585.08,0.11,7642.44,7642.44,Churned,,
CTR-01120-01,CUST-01120,monthly,1,2024-04-28,2026-06-30,,Monthly in arrears,4292.54,0.10,3843.97,8648.93,Active,,
CTR-01121-01,CUST-01121,monthly,1,2024-04-30,2025-12-31,,Monthly in arrears,10015.93,0.15,8471.47,14825.07,Churned,,
CTR-01122-01,CUST-01122,monthly,1,2024-04-26,2024-05-31,,Monthly in arrears,1430.85,0.04,1374.19,229.03,Churned,,
CTR-01123-01,CUST-01123,monthly,1,2024-05-01,2024-08-31,,Monthly in arrears,9347.24,0.06,8805.10,2935.03,Churned,,
CTR-01124-01,CUST-01124,annual,12,2024-05-18,2025-05-17,2025-05-21,Annual in advance,3595.09,0.09,3272.25,3272.25,Renewed,,
CTR-01124-02,CUST-01124,annual,12,2025-05-18,2026-05-17,2026-05-19,Annual in advance,4581.59,0.12,4048.75,4048.75,Renewed,CTR-01124-01,0.03
CTR-01124-03,CUST-01124,annual,12,2026-05-18,2027-05-17,2027-05-18,Quarterly in advance,4865.65,0.14,4196.14,4196.14,Active,CTR-01124-02,0.04
CTR-01125-01,CUST-01125,monthly,1,2024-05-28,2026-06-30,,Monthly in arrears,7909.21,0.10,7098.52,15380.13,Active,,
CTR-01126-01,CUST-01126,monthly,1,2024-05-10,2024-10-31,,Monthly in arrears,2157.06,0.00,2157.06,1078.53,Churned,,
CTR-01127-01,CUST-01127,annual,12,2024-05-30,2025-05-29,2025-05-29,Annual in advance,7046.38,0.08,6502.40,6502.40,Churned,,
CTR-01128-01,CUST-01128,monthly,1,2024-05-03,2024-06-30,,Monthly in arrears,8628.22,0.10,7735.20,1289.20,Churned,,
CTR-01128-02R,CUST-01128,monthly,1,2024-11-01,2025-04-30,,Monthly in arrears,5927.79,0.10,5314.26,2657.13,Churned,,
CTR-01129-01,CUST-01129,monthly,1,2024-05-26,2025-02-28,,Monthly in arrears,13086.14,0.03,12632.05,10526.71,Churned,,
CTR-01130-01,CUST-01130,annual,12,2024-05-29,2025-05-28,2025-05-28,Annual in advance,9059.64,0.08,8307.69,8307.69,Renewed,,
CTR-01130-02,CUST-01130,annual,12,2025-05-29,2026-05-28,2026-06-02,Annual in advance,12828.44,0.10,11590.50,11590.50,Renewed,CTR-01130-01,0.05
CTR-01130-03,CUST-01130,annual,12,2026-05-29,2027-05-28,2027-05-28,Annual in advance,9082.54,0.15,7727.43,7727.43,Active,CTR-01130-02,0.00
CTR-01131-01,CUST-01131,annual,12,2024-05-17,2025-05-16,2025-05-20,Annual in advance,23008.60,0.06,21717.82,21717.82,Churned,,
CTR-01132-01,CUST-01132,monthly,1,2024-05-08,2024-09-30,,Monthly in arrears,14380.37,0.11,12753.95,5314.15,Churned,,
CTR-01133-01,CUST-01133,monthly,1,2024-05-31,2024-06-30,,Monthly in arrears,13086.14,0.12,11553.75,1925.62,Churned,,
CTR-01134-01,CUST-01134,annual,12,2024-06-13,2025-06-12,2025-06-14,Annual in advance,10116.85,0.09,9176.99,9176.99,Churned,,
CTR-01135-01,CUST-01135,monthly,1,2024-06-25,2026-06-30,,Monthly in arrears,3613.16,0.11,3219.33,6706.94,Active,,
CTR-01136-01,CUST-01136,annual,12,2024-06-26,2025-06-25,2025-06-25,Annual in advance,27315.49,0.09,24892.61,24892.61,Renewed,,
CTR-01136-02,CUST-01136,annual,12,2025-06-26,2026-06-25,2026-06-30,Annual in advance,29009.05,0.14,24892.67,24892.67,Renewed,CTR-01136-01,0.00
CTR-01136-03,CUST-01136,annual,12,2026-06-26,2027-06-25,2027-06-30,Quarterly in advance,30807.62,0.17,25668.91,25668.91,Active,CTR-01136-02,0.03
CTR-01137-01,CUST-01137,monthly,1,2024-06-11,2024-11-30,,Monthly in arrears,5785.70,0.03,5597.09,2798.55,Churned,,
CTR-01138-01,CUST-01138,monthly,1,2024-06-28,2026-06-30,,Monthly in arrears,11100.48,0.14,9588.59,19976.23,Active,,
CTR-01139-01,CUST-01139,annual,12,2024-06-20,2025-06-19,2025-06-20,Annual in advance,1445.26,0.12,1273.71,1273.71,Churned,,
CTR-01140-01,CUST-01140,monthly,1,2024-06-26,2026-06-30,,Monthly in arrears,15477.63,0.10,13934.51,29030.23,Active,,
CTR-01141-01,CUST-01141,annual,12,2024-06-26,2025-06-25,2025-06-30,Annual in advance,10839.48,0.11,9661.23,9661.23,Renewed,,
CTR-01141-02,CUST-01141,annual,12,2025-06-26,2026-06-25,2026-06-30,Annual in advance,11511.53,0.13,10010.43,10010.43,Renewed,CTR-01141-01,0.04
CTR-01141-03,CUST-01141,annual,12,2026-06-26,2027-06-25,2027-06-26,Annual in advance,13855.28,0.15,11807.47,11807.47,Active,CTR-01141-02,0.04
CTR-01142-01,CUST-01142,monthly,1,2024-06-29,2026-06-30,,Monthly in arrears,7226.32,0.14,6216.08,12950.17,Active,,
CTR-01143-01,CUST-01143,monthly,1,2024-06-07,2026-06-30,,Monthly in arrears,9105.16,0.11,8142.74,16964.04,Active,,
CTR-01144-01,CUST-01144,annual,12,2024-06-08,2025-06-07,2025-06-08,Annual in advance,3613.16,0.08,3311.10,3311.10,Renewed,,
CTR-01144-02,CUST-01144,annual,12,2025-06-08,2026-06-07,2026-06-12,Annual in advance,4604.61,0.10,4124.35,4124.35,Renewed,CTR-01144-01,0.04
CTR-01144-03,CUST-01144,annual,12,2026-06-08,2027-06-07,2027-06-07,Annual in advance,4890.10,0.16,4124.31,4124.31,Active,CTR-01144-02,0.00
CTR-01145-01,CUST-01145,monthly,1,2024-06-30,2026-06-30,,Monthly in arrears,11562.11,0.09,10552.74,21984.88,Active,,
CTR-01146-01,CUST-01146,annual,12,2024-06-25,2025-06-24,2025-06-24,Annual in advance,13151.90,0.13,11430.32,11430.32,Renewed,,
CTR-01146-02,CUST-01146,annual,12,2025-06-25,2026-06-24,2026-06-26,Quarterly in advance,13967.32,0.18,11430.85,11430.85,Renewed,CTR-01146-01,0.00
CTR-01146-03,CUST-01146,annual,12,2026-06-25,2027-06-24,2027-06-29,Annual in advance,19397.39,0.23,14947.63,14947.63,Active,CTR-01146-02,0.00
CTR-01147-01,CUST-01147,monthly,1,2024-07-15,2026-06-30,,Monthly in arrears,10167.69,0.04,9787.42,19574.84,Active,,
CTR-01148-01,CUST-01148,annual,12,2024-07-27,2025-07-26,2025-07-29,Annual in advance,2905.05,0.09,2653.18,2653.18,Renewed,,
CTR-01148-02,CUST-01148,annual,12,2025-07-27,2026-07-26,2026-07-30,Annual in advance,3085.17,0.11,2746.73,2746.73,Active,CTR-01148-01,0.04
CTR-01149-01,CUST-01149,monthly,1,2024-07-30,2024-08-31,,Monthly in arrears,5810.11,0.08,5345.88,890.98,Churned,,
CTR-01150-01,CUST-01150,monthly,1,2024-07-26,2024-10-31,,Monthly in arrears,5810.11,0.01,5724.12,1908.04,Churned,,
CTR-01151-01,CUST-01151,monthly,1,2024-07-25,2026-06-30,,Monthly in arrears,7988.90,0.07,7464.83,14929.66,Active,,
CTR-01152-01,CUST-01152,monthly,1,2024-07-16,2024-09-30,,Monthly in arrears,10167.69,0.15,8639.49,2159.87,Churned,,
CTR-01153-01,CUST-01153,monthly,1,2024-07-13,2025-04-30,,Monthly in arrears,7988.90,0.13,6916.79,5763.99,Churned,,
CTR-01153-02R,CUST-01153,monthly,1,2026-02-01,2026-06-30,,Monthly in arrears,5591.86,0.13,4841.43,2017.26,Active,,
CTR-01154-01,CUST-01154,monthly,1,2024-07-27,2025-04-30,,Monthly in arrears,7988.90,0.13,6935.96,5779.97,Churned,,
CTR-01155-01,CUST-01155,monthly,1,2024-08-29,2026-06-30,,Monthly in arrears,7299.13,0.09,6631.26,12709.92,Active,,
CTR-01156-01,CUST-01156,annual,12,2024-08-22,2025-08-21,2025-08-21,Annual in advance,6569.22,0.09,5998.35,5998.35,Renewed,,
CTR-01156-02,CUST-01156,annual,12,2025-08-22,2026-08-21,2026-08-26,Annual in advance,10077.18,0.14,8664.36,8664.36,Active,CTR-01156-01,0.00
CTR-01157-01,CUST-01157,annual,12,2024-08-23,2025-08-22,2025-08-25,Annual in advance,12262.55,0.07,11410.30,11410.30,Churned,,
CTR-01158-01,CUST-01158,monthly,1,2024-08-14,2026-02-28,,Monthly in arrears,1459.83,0.10,1319.54,2089.27,Churned,,
CTR-01159-01,CUST-01159,monthly,1,2024-08-31,2025-05-31,,Monthly in arrears,11678.61,0.07,10861.11,9050.93,Churned,,
CTR-01160-01,CUST-01160,monthly,1,2024-08-20,2026-06-30,,Monthly in arrears,6569.22,0.12,5807.85,11131.71,Active,,
CTR-01161-01,CUST-01161,monthly,1,2024-08-15,2026-06-30,,Monthly in arrears,2189.74,0.02,2148.35,4117.67,Active,,
CTR-01162-01,CUST-01162,annual,12,2024-08-18,2025-08-17,2025-08-18,Annual in advance,10093.92,0.06,9465.07,9465.07,Churned,,
CTR-01163-01,CUST-01163,monthly,1,2024-09-01,2025-04-30,,Monthly in arrears,7189.10,0.02,7023.03,4682.02,Churned,,
CTR-01164-01,CUST-01164,annual,12,2024-09-30,2025-09-29,2025-09-30,Annual in advance,5135.07,0.04,4944.56,4944.56,Churned,,
CTR-01165-01,CUST-01165,annual,12,2024-09-03,2025-09-02,2025-09-05,Annual in advance,2934.33,0.06,2762.67,2762.67,Churned,,
CTR-01166-01,CUST-01166,monthly,1,2024-09-23,2026-06-30,,Monthly in arrears,8802.98,0.02,8605.79,15777.28,Active,,
CTR-01167-01,CUST-01167,monthly,1,2024-09-29,2025-03-31,,Monthly in arrears,4401.49,0.10,3942.41,2299.74,Churned,,
CTR-01168-01,CUST-01168,monthly,1,2024-09-15,2026-06-30,,Monthly in arrears,3667.91,0.10,3303.32,6056.09,Active,,
CTR-01169-01,CUST-01169,monthly,1,2024-09-28,2024-11-30,,Monthly in arrears,9536.56,0.22,7451.87,1862.97,Churned,,
CTR-01170-01,CUST-01170,monthly,1,2024-09-25,2026-06-30,,Monthly in arrears,8069.40,0.11,7172.89,13150.30,Active,,
CTR-01171-01,CUST-01171,monthly,1,2024-09-26,2026-06-30,,Monthly in arrears,1467.16,0.04,1407.45,2580.33,Churned,,
CTR-01172-01,CUST-01172,monthly,1,2024-09-21,2024-11-30,,Monthly in arrears,11246.40,0.11,10000.30,2500.07,Churned,,
CTR-01173-01,CUST-01173,monthly,1,2024-09-30,2025-03-31,,Monthly in arrears,5135.07,0.05,4862.91,2836.70,Churned,,
CTR-01174-01,CUST-01174,monthly,1,2024-09-20,2026-06-30,,Monthly in arrears,7335.82,0.13,6410.77,11753.08,Active,,
CTR-01175-01,CUST-01175,monthly,1,2024-10-27,2025-09-30,,Monthly in arrears,8109.95,0.07,7526.84,7526.84,Churned,,
CTR-01176-01,CUST-01176,monthly,1,2024-10-11,2025-03-31,,Monthly in arrears,8109.95,0.00,8109.95,4054.97,Churned,,
CTR-01177-01,CUST-01177,monthly,1,2024-10-24,2026-06-30,,Monthly in arrears,15482.63,0.03,15083.18,26395.57,Active,,
CTR-01178-01,CUST-01178,monthly,1,2024-10-30,2024-12-31,,Monthly in arrears,5898.14,0.06,5571.38,1392.85,Churned,,
CTR-01179-01,CUST-01179,annual,12,2024-10-29,2025-10-28,2025-10-31,Annual in advance,11353.93,0.02,11112.09,11112.09,Churned,,
CTR-01180-01,CUST-01180,annual,12,2024-10-03,2025-10-02,2025-10-02,Annual in advance,14745.36,0.02,14388.52,14388.52,Renewed,,
CTR-01180-02,CUST-01180,annual,12,2025-10-03,2026-10-02,2026-10-02,Annual in advance,15659.57,0.04,15075.47,15075.47,Active,CTR-01180-01,0.05
CTR-01181-01,CUST-01181,monthly,1,2024-10-28,2026-06-30,,Monthly in arrears,11059.02,0.05,10466.26,18315.95,Active,,
CTR-01182-01,CUST-01182,monthly,1,2024-10-26,2026-06-30,,Monthly in arrears,9289.58,0.09,8444.23,14777.40,Active,,
CTR-01183-01,CUST-01183,annual,12,2024-10-29,2025-10-28,2025-11-01,Annual in advance,3096.53,0.11,2763.65,2763.65,Churned,,
CTR-01184-01,CUST-01184,monthly,1,2024-10-01,2025-05-31,,Monthly in arrears,6193.05,0.11,5514.29,3676.19,Churned,,
CTR-01185-01,CUST-01185,annual,12,2024-10-17,2025-10-16,2025-10-18,Annual in advance,7372.68,0.11,6591.91,6591.91,Renewed,,
CTR-01185-02,CUST-01185,annual,12,2025-10-17,2026-10-16,2026-10-18,Annual in advance,8612.77,0.12,7589.57,7589.57,Active,CTR-01185-01,0.05
CTR-01186-01,CUST-01186,monthly,1,2024-10-26,2026-06-30,,Monthly in arrears,8847.22,0.07,8226.15,14395.76,Active,,
CTR-01187-01,CUST-01187,monthly,1,2024-11-06,2025-02-28,,Monthly in arrears,10373.62,0.00,10373.62,3457.87,Churned,,
CTR-01188-01,CUST-01188,monthly,1,2024-11-27,2026-06-30,,Monthly in arrears,6224.17,0.11,5511.50,9185.83,Active,,
CTR-01189-01,CUST-01189,monthly,1,2024-11-24,2025-07-31,,Monthly in arrears,9632.65,0.10,8639.52,6479.64,Churned,,
CTR-01190-01,CUST-01190,annual,12,2024-11-26,2025-11-25,2025-11-25,Annual in advance,11410.99,0.10,10228.81,10228.81,Renewed,,
CTR-01190-02,CUST-01190,annual,12,2025-11-26,2026-11-25,2026-11-29,Annual in advance,12118.47,0.12,10648.50,10648.50,Active,CTR-01190-01,0.04
CTR-01191-01,CUST-01191,annual,12,2024-11-03,2025-11-02,2025-11-05,Annual in advance,23859.34,0.00,23859.34,23859.34,Churned,,
CTR-01192-01,CUST-01192,annual,12,2024-11-28,2025-11-27,2025-11-28,Annual in advance,11410.99,0.06,10712.64,10712.64,Renewed,,
CTR-01192-02,CUST-01192,annual,12,2025-11-28,2026-11-27,2026-11-29,Annual in advance,12118.47,0.09,11043.56,11043.56,Active,CTR-01192-01,0.03
CTR-01193-01,CUST-01193,annual,12,2024-11-16,2025-11-15,2025-11-20,Annual in advance,12448.35,0.17,10386.90,10386.90,Renewed,,
CTR-01193-02,CUST-01193,annual,12,2025-11-16,2026-11-15,2026-11-16,Annual in advance,15423.50,0.18,12710.51,12710.51,Active,CTR-01193-01,0.05
CTR-01194-01,CUST-01194,monthly,1,2024-11-07,2025-06-30,,Monthly in arrears,4445.84,0.09,4052.83,2701.89,Churned,,
CTR-01195-01,CUST-01195,monthly,1,2024-11-27,2026-06-30,,Monthly in arrears,11855.57,0.09,10742.33,17903.88,Active,,
CTR-01196-01,CUST-01196,monthly,1,2024-11-26,2025-01-31,,Monthly in arrears,7409.73,0.02,7263.76,1815.94,Churned,,
CTR-01197-01,CUST-01197,monthly,1,2024-11-18,2026-06-30,,Monthly in arrears,5186.81,0.10,4661.90,7769.83,Active,,
CTR-01198-01,CUST-01198,annual,12,2024-12-30,2025-12-29,2025-12-30,Quarterly in advance,5212.88,0.15,4431.99,4431.99,Churned,,
CTR-01199-01,CUST-01199,monthly,1,2024-12-19,2025-01-31,,Monthly in arrears,6702.27,0.15,5712.34,952.06,Churned,,
CTR-01200-01,CUST-01200,monthly,1,2024-12-31,2026-01-31,,Monthly in arrears,7298.03,0.12,6401.10,7467.95,Churned,,
CTR-01201-01,CUST-01201,monthly,1,2024-12-28,2026-06-30,,Monthly in arrears,11170.45,0.07,10433.20,16519.23,Active,,
CTR-01202-01,CUST-01202,annual,12,2024-12-24,2025-12-23,2025-12-27,Annual in advance,1489.39,0.12,1312.75,1312.75,Renewed,,
CTR-01202-02,CUST-01202,annual,12,2025-12-24,2026-12-23,2026-12-26,Annual in advance,1581.74,0.17,1312.69,1312.69,Active,CTR-01202-01,0.00
CTR-01203-01,CUST-01203,monthly,1,2024-12-25,2025-04-30,,Monthly in arrears,13553.48,0.13,11830.83,4929.51,Churned,,
CTR-01204-01,CUST-01204,monthly,1,2024-12-30,2026-06-30,,Monthly in arrears,10425.76,0.04,10047.30,15908.22,Active,,
CTR-01205-01,CUST-01205,annual,12,2024-12-15,2025-12-14,2025-12-19,Annual in advance,5352.96,0.13,4670.46,4670.46,Churned,,
CTR-01206-01,CUST-01206,monthly,1,2024-12-29,2025-10-31,,Monthly in arrears,5957.57,0.03,5790.16,5307.65,Churned,,
CTR-01207-01,CUST-01207,monthly,1,2024-12-17,2026-06-30,,Monthly in arrears,11526.60,0.02,11351.40,17973.05,Active,,
CTR-01208-01,CUST-01208,annual,12,2024-12-27,2025-12-26,2025-12-28,Annual in advance,13404.54,0.03,12942.08,12942.08,Churned,,
CTR-01209-01,CUST-01209,monthly,1,2024-12-09,2025-03-31,,Monthly in arrears,8191.67,0.12,7176.72,2392.24,Churned,,
CTR-01210-01,CUST-01210,annual,12,2024-12-23,2025-12-22,2025-12-25,Annual in advance,8936.36,0.09,8115.11,8115.11,Renewed,,
CTR-01210-02,CUST-01210,annual,12,2025-12-23,2026-12-22,2026-12-25,Annual in advance,9490.42,0.10,8505.31,8505.31,Active,CTR-01210-01,0.05
CTR-01211-01,CUST-01211,monthly,1,2024-12-14,2026-06-30,,Monthly in arrears,7446.97,0.00,7446.97,11791.04,Active,,
CTR-01212-01,CUST-01212,annual,12,2024-12-12,2025-12-11,2025-12-15,Quarterly in advance,11915.15,0.11,10592.57,10592.57,Churned,,
CTR-01213-01,CUST-01213,monthly,1,2024-12-11,2025-09-30,,Monthly in arrears,6702.27,0.06,6274.67,5228.89,Churned,,
CTR-01214-01,CUST-01214,monthly,1,2024-12-14,2026-06-30,,Monthly in arrears,10425.76,0.12,9220.54,14599.19,Active,,
CTR-01215-01,CUST-01215,monthly,1,2024-12-22,2026-06-30,,Monthly in arrears,7298.03,0.07,6767.46,10715.15,Active,,
CTR-01216-01,CUST-01216,annual,12,2024-12-01,2025-11-30,2025-12-03,Annual in advance,15638.63,0.00,15638.63,15638.63,Churned,,
CTR-01217-01,CUST-01217,annual,12,2024-12-08,2025-12-07,2025-12-12,Annual in advance,6702.27,0.16,5625.22,5625.22,Churned,,
CTR-01218-01,CUST-01218,monthly,1,2024-12-31,2026-06-30,,Monthly in arrears,2978.79,0.04,2874.53,4551.34,Active,,
CTR-01219-01,CUST-01219,monthly,1,2024-12-26,2026-04-30,,Monthly in arrears,5957.57,0.09,5447.01,7716.60,Churned,,
CTR-01220-01,CUST-01220,annual,12,2024-12-22,2025-12-21,2025-12-26,Annual in advance,8191.67,0.07,7655.12,7655.12,Renewed,,
CTR-01220-02,CUST-01220,annual,12,2025-12-22,2026-12-21,2026-12-24,Annual in advance,8699.55,0.12,7654.73,7654.73,Active,CTR-01220-01,0.00
CTR-01221-01,CUST-01221,monthly,1,2024-12-31,2026-06-30,,Monthly in arrears,3723.48,0.03,3607.68,5712.16,Active,,
CTR-01222-01,CUST-01222,annual,12,2024-12-28,2025-12-27,2025-12-28,Annual in advance,7298.03,0.13,6348.56,6348.56,Renewed,,
CTR-01222-02,CUST-01222,annual,12,2025-12-28,2026-12-27,2026-12-31,Annual in advance,6643.29,0.18,5441.52,5441.52,Active,CTR-01222-01,0.00
CTR-01223-01,CUST-01223,monthly,1,2024-12-19,2026-01-31,,Monthly in arrears,2978.79,0.06,2790.53,3255.62,Churned,,
CTR-01224-01,CUST-01224,monthly,1,2024-12-14,2025-04-30,,Monthly in arrears,4468.18,0.10,4026.72,1677.80,Churned,,
CTR-01225-01,CUST-01225,annual,12,2024-01-30,2025-01-29,2025-02-02,Annual in advance,45452.39,0.12,39920.83,39920.83,Renewed,,
CTR-01225-02,CUST-01225,annual,12,2025-01-30,2026-01-29,2026-02-01,Annual in advance,48270.43,0.13,41845.64,41845.64,Renewed,CTR-01225-01,0.05
CTR-01225-03,CUST-01225,annual,12,2026-01-30,2027-01-29,2027-01-29,Quarterly in advance,51263.20,0.15,43696.75,43696.75,Active,CTR-01225-02,0.04
CTR-01226-01,CUST-01226,annual,12,2024-01-27,2025-01-26,2025-01-31,Annual in advance,33215.21,0.03,32112.47,32112.47,Churned,,
CTR-01227-01,CUST-01227,annual,12,2024-01-18,2025-01-17,2025-01-18,Annual in advance,52445.06,0.06,49476.67,49476.67,Renewed,,
CTR-01227-02,CUST-01227,annual,12,2025-01-18,2026-01-17,2026-01-21,Annual in advance,55696.65,0.07,51797.88,51797.88,Renewed,CTR-01227-01,0.05
CTR-01227-03,CUST-01227,annual,12,2026-01-18,2027-01-17,2027-01-20,Annual in advance,59149.85,0.09,54021.56,54021.56,Active,CTR-01227-02,0.04
CTR-01228-01,CUST-01228,annual,12,2024-01-20,2025-01-19,2025-01-24,Annual in advance,36711.54,0.09,33268.00,33268.00,Churned,,
CTR-01229-01,CUST-01229,annual,12,2024-02-20,2025-02-19,2025-02-23,Annual in advance,36394.05,0.12,31939.42,31939.42,Renewed,,
CTR-01229-02,CUST-01229,annual,12,2025-02-20,2026-02-19,2026-02-22,Annual in advance,110620.33,0.14,95199.86,95199.86,Renewed,CTR-01229-01,0.04
CTR-01229-03,CUST-01229,annual,12,2026-02-20,2027-02-19,2027-02-24,Annual in advance,117478.79,0.19,95204.81,95204.81,Active,CTR-01229-02,0.00
CTR-01230-01,CUST-01230,annual,12,2024-02-07,2025-02-06,2025-02-07,Annual in advance,17569.54,0.17,14561.63,14561.63,Renewed,,
CTR-01230-02,CUST-01230,annual,12,2025-02-07,2026-02-06,2026-02-06,Annual in advance,18658.85,0.22,14561.37,14561.37,Renewed,CTR-01230-01,0.00
CTR-01230-03,CUST-01230,annual,12,2026-02-07,2027-02-06,2027-02-08,Quarterly in advance,25760.41,0.24,19619.13,19619.13,Active,CTR-01230-02,0.04
CTR-01231-01,CUST-01231,annual,12,2024-02-10,2025-02-09,2025-02-13,Annual in advance,52708.62,0.15,44949.91,44949.91,Renewed,,
CTR-01231-02,CUST-01231,annual,12,2025-02-10,2026-02-09,2026-02-10,Quarterly in advance,46647.13,0.20,37457.65,37457.65,Renewed,CTR-01231-01,0.00
CTR-01231-03,CUST-01231,annual,12,2026-02-10,2027-02-09,2027-02-10,Annual in advance,87189.08,0.24,65923.66,65923.66,Active,CTR-01231-02,0.00
CTR-01232-01,CUST-01232,annual,12,2024-02-05,2025-02-04,2025-02-08,Quarterly in advance,48943.72,0.13,42747.45,42747.45,Renewed,,
CTR-01232-02,CUST-01232,annual,12,2025-02-05,2026-02-04,2026-02-09,Annual in advance,33319.38,0.18,27401.86,27401.86,Renewed,CTR-01232-01,0.00
CTR-01232-03,CUST-01232,annual,12,2026-02-05,2027-02-04,2027-02-07,Annual in advance,35385.18,0.23,27402.28,27402.28,Active,CTR-01232-02,0.00
CTR-01233-01,CUST-01233,annual,12,2024-03-28,2025-03-27,2025-03-30,Quarterly in advance,17657.83,0.09,16135.73,16135.73,Renewed,,
CTR-01233-02,CUST-01233,annual,12,2025-03-28,2026-03-27,2026-03-28,Annual in advance,29468.40,0.10,26562.82,26562.82,Renewed,CTR-01233-01,0.05
CTR-01233-03,CUST-01233,annual,12,2026-03-28,2027-03-27,2027-03-30,Annual in advance,22760.32,0.15,19318.96,19318.96,Active,CTR-01233-02,0.00
CTR-01234-01,CUST-01234,annual,12,2024-03-31,2025-03-30,2025-04-01,Annual in advance,17657.83,0.08,16307.01,16307.01,Renewed,,
CTR-01234-02,CUST-01234,annual,12,2025-03-31,2026-03-30,2026-04-01,Annual in advance,21431.57,0.13,18636.89,18636.89,Renewed,CTR-01234-01,0.00
CTR-01234-03,CUST-01234,annual,12,2026-03-31,2027-03-30,2027-04-03,Annual in advance,25605.36,0.15,21672.38,21672.38,Active,CTR-01234-02,0.03
CTR-01235-01,CUST-01235,annual,12,2024-03-09,2025-03-08,2025-03-13,Annual in advance,40360.76,0.20,32466.20,32466.20,Renewed,,
CTR-01235-02,CUST-01235,annual,12,2025-03-09,2026-03-08,2026-03-09,Annual in advance,96442.04,0.22,75321.23,75321.23,Renewed,CTR-01235-01,0.03
CTR-01235-03,CUST-01235,annual,12,2026-03-09,2027-03-08,2027-03-10,Quarterly in advance,106689.01,0.24,80816.93,80816.93,Active,CTR-01235-02,0.03
CTR-01236-01,CUST-01236,annual,12,2024-03-29,2025-03-28,2025-04-01,Quarterly in advance,28057.84,0.21,22300.37,22300.37,Renewed,,
CTR-01236-02,CUST-01236,annual,12,2025-03-29,2026-03-28,2026-03-30,Annual in advance,37834.26,0.22,29397.22,29397.22,Renewed,CTR-01236-01,0.04
CTR-01236-03,CUST-01236,annual,12,2026-03-29,2027-03-28,2027-03-31,Quarterly in advance,45870.07,0.24,34994.28,34994.28,Active,CTR-01236-02,0.04
CTR-01237-01,CUST-01237,annual,12,2024-03-30,2025-03-29,2025-04-02,Annual in advance,19423.62,0.11,17211.27,17211.27,Renewed,,
CTR-01237-02,CUST-01237,annual,12,2025-03-30,2026-03-29,2026-03-31,Annual in advance,20627.88,0.14,17810.11,17810.11,Renewed,CTR-01237-01,0.03
CTR-01237-03,CUST-01237,annual,12,2026-03-30,2027-03-29,2027-04-03,Quarterly in advance,21906.81,0.15,18552.88,18552.88,Active,CTR-01237-02,0.04
CTR-01238-01,CUST-01238,annual,12,2024-04-28,2025-04-27,2025-04-27,Annual in advance,11408.51,0.09,10395.43,10395.43,Churned,,
CTR-01239-01,CUST-01239,annual,12,2024-04-25,2025-04-24,2025-04-29,Annual in advance,14197.26,0.21,11150.53,11150.53,Churned,,
CTR-01240-01,CUST-01240,multi_year,36,2024-04-25,2027-04-24,2027-04-27,Annual in advance,63887.66,0.31,44318.87,132956.61,Active,,
CTR-01241-01,CUST-01241,annual,12,2024-05-27,2025-05-26,2025-05-26,Annual in advance,17835.76,0.21,14017.12,14017.12,Renewed,,
CTR-01241-02,CUST-01241,annual,12,2025-05-27,2026-05-26,2026-05-27,Annual in advance,28412.36,0.24,21729.77,21729.77,Renewed,CTR-01241-01,0.03
CTR-01241-03,CUST-01241,annual,12,2026-05-27,2027-05-26,2027-05-28,Annual in advance,38220.30,0.26,28409.15,28409.15,Active,CTR-01241-02,0.03
CTR-01242-01,CUST-01242,annual,12,2024-05-20,2025-05-19,2025-05-19,Quarterly in advance,48156.54,0.04,46090.62,46090.62,Renewed,,
CTR-01242-02,CUST-01242,annual,12,2025-05-20,2026-05-19,2026-05-20,Annual in advance,68189.66,0.07,63580.04,63580.04,Renewed,CTR-01242-01,0.03
CTR-01242-03,CUST-01242,annual,12,2026-05-20,2027-05-19,2027-05-24,Annual in advance,72417.42,0.12,63582.49,63582.49,Active,CTR-01242-02,0.00
CTR-01243-01,CUST-01243,multi_year,24,2024-05-05,2026-05-04,2026-05-05,Quarterly in advance,42041.42,0.04,40338.74,80677.48,Renewed,,
CTR-01243-02,CUST-01243,multi_year,24,2026-05-05,2028-05-04,2028-05-07,Annual in advance,70405.82,0.12,62175.38,124350.76,Active,CTR-01243-01,0.04
CTR-01244-01,CUST-01244,annual,12,2024-06-25,2025-06-24,2025-06-26,Annual in advance,28168.47,0.17,23515.04,23515.04,Renewed,,
CTR-01244-02,CUST-01244,annual,12,2025-06-25,2026-06-24,2026-06-24,Annual in advance,29914.91,0.18,24608.00,24608.00,Renewed,CTR-01244-01,0.05
CTR-01244-03,CUST-01244,annual,12,2026-06-25,2027-06-24,2027-06-25,Annual in advance,105417.43,0.20,84112.57,84112.57,Active,CTR-01244-02,0.03
CTR-01245-01,CUST-01245,annual,12,2024-06-04,2025-06-03,2025-06-07,Annual in advance,26888.08,0.05,25446.88,25446.88,Renewed,,
CTR-01245-02,CUST-01245,annual,12,2025-06-04,2026-06-03,2026-06-08,Annual in advance,28555.14,0.07,26613.39,26613.39,Renewed,CTR-01245-01,0.05
CTR-01245-03,CUST-01245,annual,12,2026-06-04,2027-06-03,2027-06-04,Annual in advance,30325.56,0.09,27747.89,27747.89,Active,CTR-01245-02,0.04
CTR-01246-01,CUST-01246,monthly,1,2024-06-25,2026-06-30,,Monthly in arrears,17925.39,0.14,15451.69,32191.02,Active,,
CTR-01247-01,CUST-01247,annual,12,2024-06-29,2025-06-28,2025-06-28,Quarterly in advance,32009.62,0.10,28674.22,28674.22,Churned,,
CTR-01247-02R,CUST-01247,annual,12,2026-05-01,2027-04-30,2027-05-04,Annual in advance,31610.78,0.10,28316.94,28316.94,Active,,
CTR-01248-01,CUST-01248,annual,12,2024-07-26,2025-07-25,2025-07-26,Annual in advance,82871.16,0.05,79067.37,79067.37,Renewed,,
CTR-01248-02,CUST-01248,annual,12,2025-07-26,2026-07-25,2026-07-29,Annual in advance,267854.01,0.07,249907.79,249907.79,Active,CTR-01248-01,0.04
CTR-01249-01,CUST-01249,annual,12,2024-07-26,2025-07-25,2025-07-30,Annual in advance,30883.66,0.16,25800.21,25800.21,Renewed,,
CTR-01249-02,CUST-01249,annual,12,2025-07-26,2026-07-25,2026-07-29,Quarterly in advance,47831.07,0.17,39470.20,39470.20,Active,CTR-01249-01,0.05
CTR-01250-01,CUST-01250,annual,12,2024-07-31,2025-07-30,2025-08-03,Quarterly in advance,18015.47,0.14,15563.56,15563.56,Renewed,,
CTR-01250-02,CUST-01250,annual,12,2025-07-31,2026-07-30,2026-07-31,Annual in advance,20499.03,0.19,16675.96,16675.96,Active,CTR-01250-01,0.00
CTR-01251-01,CUST-01251,annual,12,2024-08-29,2025-08-28,2025-08-30,Quarterly in advance,72424.02,0.17,60249.54,60249.54,Renewed,,
CTR-01251-02,CUST-01251,annual,12,2025-08-29,2026-08-28,2026-08-29,Quarterly in advance,76914.31,0.18,63169.72,63169.72,Active,CTR-01251-01,0.05
CTR-01252-01,CUST-01252,annual,12,2024-08-26,2025-08-25,2025-08-25,Annual in advance,28969.61,0.11,25916.21,25916.21,Churned,,
CTR-01253-01,CUST-01253,annual,12,2024-08-28,2025-08-27,2025-08-30,Annual in advance,11639.57,0.16,9752.80,9752.80,Renewed,,
CTR-01253-02,CUST-01253,annual,12,2025-08-28,2026-08-27,2026-08-28,Annual in advance,9614.29,0.21,7585.67,7585.67,Active,CTR-01253-01,0.00
CTR-01254-01,CUST-01254,annual,12,2024-09-27,2025-09-26,2025-09-30,Annual in advance,23396.14,0.14,20204.91,20204.91,Renewed,,
CTR-01254-02,CUST-01254,annual,12,2025-09-27,2026-09-26,2026-09-26,Annual in advance,23466.33,0.19,19082.82,19082.82,Active,CTR-01254-01,0.00
CTR-01255-01,CUST-01255,multi_year,36,2024-09-25,2027-09-24,2027-09-27,Quarterly in advance,23656.09,0.04,22672.00,68016.00,Active,,
CTR-01256-01,CUST-01256,annual,12,2024-09-28,2025-09-27,2025-09-29,Annual in advance,22096.35,0.17,18437.19,18437.19,Renewed,,
CTR-01256-02,CUST-01256,annual,12,2025-09-28,2026-09-27,2026-10-01,Annual in advance,23466.33,0.18,19296.36,19296.36,Active,CTR-01256-01,0.05
CTR-01257-01,CUST-01257,annual,12,2024-10-29,2025-10-28,2025-10-31,Annual in advance,43892.26,0.19,35486.89,35486.89,Renewed,,
CTR-01257-02,CUST-01257,annual,12,2025-10-29,2026-10-28,2026-10-31,Annual in advance,95169.40,0.20,75869.05,75869.05,Active,CTR-01257-01,0.05
CTR-01258-01,CUST-01258,annual,12,2024-10-02,2025-10-01,2025-10-06,Annual in advance,16459.60,0.19,13352.03,13352.03,Churned,,
CTR-01259-01,CUST-01259,annual,12,2024-10-20,2025-10-19,2025-10-23,Annual in advance,32919.20,0.16,27727.84,27727.84,Renewed,,
CTR-01259-02,CUST-01259,annual,12,2025-10-20,2026-10-19,2026-10-21,Annual in advance,66035.91,0.18,54473.02,54473.02,Active,CTR-01259-01,0.04
CTR-01260-01,CUST-01260,annual,12,2024-11-09,2025-11-08,2025-11-09,Annual in advance,34134.94,0.06,32069.78,32069.78,Renewed,,
CTR-01260-02,CUST-01260,annual,12,2025-11-09,2026-11-08,2026-11-11,Annual in advance,36251.30,0.12,32071.53,32071.53,Active,CTR-01260-01,0.00
CTR-01261-01,CUST-01261,annual,12,2024-11-23,2025-11-22,2025-11-23,Annual in advance,18380.35,0.06,17319.80,17319.80,Churned,,
CTR-01262-01,CUST-01262,annual,12,2024-11-30,2025-11-29,2025-12-01,Annual in advance,17067.47,0.12,14949.40,14949.40,Renewed,,
CTR-01262-02,CUST-01262,annual,12,2025-11-30,2026-11-29,2026-12-03,Quarterly in advance,57165.51,0.18,47150.11,47150.11,Active,CTR-01262-01,0.00
CTR-01263-01,CUST-01263,annual,12,2024-11-04,2025-11-03,2025-11-04,Annual in advance,23631.88,0.16,19855.51,19855.51,Churned,,
CTR-01264-01,CUST-01264,annual,12,2024-12-31,2025-12-30,2026-01-04,Annual in advance,51723.61,0.14,44652.99,44652.99,Renewed,,
CTR-01264-02,CUST-01264,annual,12,2025-12-31,2026-12-30,2027-01-04,Annual in advance,58854.08,0.16,49402.11,49402.11,Active,CTR-01264-01,0.03
CTR-01265-01,CUST-01265,annual,12,2024-12-25,2025-12-24,2025-12-25,Annual in advance,51459.72,0.04,49468.23,49468.23,Renewed,,
CTR-01265-02,CUST-01265,annual,12,2025-12-25,2026-12-24,2026-12-24,Annual in advance,84077.26,0.06,79015.81,79015.81,Active,CTR-01265-01,0.04
CTR-01266-01,CUST-01266,annual,12,2024-12-30,2025-12-29,2025-12-29,Annual in advance,14514.28,0.08,13319.75,13319.75,Renewed,,
CTR-01266-02,CUST-01266,annual,12,2025-12-30,2026-12-29,2027-01-03,Annual in advance,47643.78,0.14,41168.99,41168.99,Active,CTR-01266-01,0.00
CTR-01267-01,CUST-01267,monthly,1,2024-12-28,2026-06-30,,Monthly in arrears,118753.19,0.15,101415.22,160574.10,Active,,
CTR-01268-01,CUST-01268,annual,12,2024-12-29,2025-12-28,2025-12-29,Annual in advance,22431.16,0.12,19696.80,19696.80,Renewed,,
CTR-01268-02,CUST-01268,annual,12,2025-12-29,2026-12-28,2026-12-28,Annual in advance,29427.04,0.14,25419.08,25419.08,Active,CTR-01268-01,0.04
CTR-01269-01,CUST-01269,annual,12,2024-12-30,2025-12-29,2025-12-29,Quarterly in advance,58057.12,0.10,52379.13,52379.13,Renewed,,
CTR-01269-02,CUST-01269,annual,12,2025-12-30,2026-12-29,2027-01-02,Annual in advance,72866.96,0.15,61900.48,61900.48,Active,CTR-01269-01,0.00
CTR-01270-01,CUST-01270,annual,12,2024-12-29,2025-12-28,2025-12-30,Annual in advance,14778.17,0.10,13294.44,13294.44,Renewed,,
CTR-01270-02,CUST-01270,annual,12,2025-12-29,2026-12-28,2026-12-28,Quarterly in advance,15694.42,0.12,13823.65,13823.65,Active,CTR-01270-01,0.04
CTR-01271-01,CUST-01271,annual,12,2024-12-09,2025-12-08,2025-12-13,Annual in advance,35701.56,0.21,28368.46,28368.46,Renewed,,
CTR-01271-02,CUST-01271,annual,12,2025-12-09,2026-12-08,2026-12-09,Quarterly in advance,72947.25,0.22,56782.14,56782.14,Active,CTR-01271-01,0.04
CTR-01272-01,CUST-01272,multi_year,36,2024-01-24,2027-01-23,2027-01-27,Annual in advance,313983.25,0.19,253478.68,760436.04,Active,,
CTR-01273-01,CUST-01273,multi_year,36,2024-02-28,2027-02-27,2027-03-02,Annual in advance,212655.47,0.30,149815.78,449447.34,Active,,
CTR-01274-01,CUST-01274,multi_year,36,2024-03-21,2027-03-20,2027-03-22,Annual in advance,560396.72,0.23,434307.46,1302922.38,Active,,
CTR-01275-01,CUST-01275,multi_year,24,2024-04-15,2026-04-14,2026-04-15,Quarterly in advance,131265.57,0.24,99971.86,199943.72,Renewed,,
CTR-01275-02,CUST-01275,multi_year,24,2026-04-15,2028-04-14,2028-04-14,Annual in advance,119058.84,0.32,80400.43,160800.86,Active,CTR-01275-01,0.00
CTR-01276-01,CUST-01276,multi_year,24,2024-05-14,2026-05-13,2026-05-14,Annual in advance,273399.45,0.34,181482.55,362965.10,Renewed,,
CTR-01276-02,CUST-01276,multi_year,36,2026-05-14,2029-05-13,2029-05-15,Annual in advance,316675.90,0.39,192475.61,577426.83,Active,CTR-01276-01,0.03
CTR-01277-01,CUST-01277,annual,12,2024-06-06,2025-06-05,2025-06-08,Annual in advance,251023.21,0.10,226473.14,226473.14,Renewed,,
CTR-01277-02,CUST-01277,annual,12,2025-06-06,2026-06-05,2026-06-09,Annual in advance,321728.51,0.12,284182.79,284182.79,Renewed,CTR-01277-01,0.04
CTR-01277-03,CUST-01277,annual,12,2026-06-06,2027-06-05,2027-06-07,Annual in advance,341675.67,0.14,294763.60,294763.60,Active,CTR-01277-02,0.04
CTR-01278-01,CUST-01278,annual,12,2024-09-25,2025-09-24,2025-09-28,Annual in advance,211248.94,0.18,174195.88,174195.88,Renewed,,
CTR-01278-02,CUST-01278,annual,12,2025-09-25,2026-09-24,2026-09-28,Annual in advance,242339.11,0.20,194767.94,194767.94,Active,CTR-01278-01,0.04
CTR-01279-01,CUST-01279,annual,12,2024-10-26,2025-10-25,2025-10-27,Annual in advance,286628.70,0.12,253609.07,253609.07,Churned,,
CTR-01280-01,CUST-01280,multi_year,24,2024-11-25,2026-11-24,2026-11-28,Annual in advance,267823.09,0.15,228854.83,457709.66,Active,,
CTR-01281-01,CUST-01281,multi_year,24,2024-12-27,2026-12-26,2026-12-26,Annual in advance,872909.37,0.32,596022.52,1192045.04,Active,,
CTR-01282-01,CUST-01282,multi_year,24,2024-12-27,2026-12-26,2026-12-31,Annual in advance,162873.10,0.32,111160.89,222321.78,Active,,
CTR-01283-01,CUST-01283,annual,12,2025-01-28,2026-01-27,2026-02-01,Annual in advance,8232.83,0.13,7165.86,7165.86,Renewed,,
CTR-01283-02,CUST-01283,annual,12,2026-01-28,2027-01-27,2027-01-28,Quarterly in advance,10332.95,0.15,8771.64,8771.64,Active,CTR-01283-01,0.04
CTR-01284-01,CUST-01284,monthly,1,2025-01-14,2025-06-30,,Monthly in arrears,20207.86,0.10,18170.91,9085.45,Churned,,
CTR-01285-01,CUST-01285,annual,12,2025-01-07,2026-01-06,2026-01-11,Annual in advance,11975.03,0.22,9347.71,9347.71,Churned,,
CTR-01286-01,CUST-01286,annual,12,2025-01-29,2026-01-28,2026-01-30,Annual in advance,5987.51,0.08,5518.09,5518.09,Renewed,,
CTR-01286-02,CUST-01286,annual,12,2026-01-29,2027-01-28,2027-01-31,Annual in advance,6358.74,0.10,5736.22,5736.22,Active,CTR-01286-01,0.04
CTR-01287-01,CUST-01287,monthly,1,2025-01-27,2025-03-31,,Monthly in arrears,4490.64,0.14,3844.44,961.11,Churned,,
CTR-01288-01,CUST-01288,annual,12,2025-01-10,2026-01-09,2026-01-09,Quarterly in advance,14669.41,0.02,14393.63,14393.63,Churned,,
CTR-01289-01,CUST-01289,monthly,1,2025-01-29,2026-04-30,,Monthly in arrears,8784.80,0.01,8654.78,11539.71,Churned,,
CTR-01290-01,CUST-01290,monthly,1,2025-01-17,2026-06-30,,Monthly in arrears,8382.52,0.06,7916.45,11874.68,Active,,
CTR-01291-01,CUST-01291,monthly,1,2025-01-28,2025-03-31,,Monthly in arrears,11226.59,0.08,10320.60,2580.15,Churned,,
CTR-01292-01,CUST-01292,monthly,1,2025-01-28,2025-03-31,,Monthly in arrears,10590.63,0.11,9398.13,2349.53,Churned,,
CTR-01293-01,CUST-01293,monthly,1,2025-01-28,2026-06-30,,Monthly in arrears,4191.26,0.15,3568.86,5353.29,Active,,
CTR-01294-01,CUST-01294,monthly,1,2025-01-27,2026-06-30,,Monthly in arrears,8981.27,0.02,8769.31,13153.96,Active,,
CTR-01295-01,CUST-01295,monthly,1,2025-01-31,2026-06-30,,Monthly in arrears,10478.15,0.08,9681.81,14522.71,Active,,
CTR-01296-01,CUST-01296,monthly,1,2025-02-14,2026-06-30,,Monthly in arrears,6318.48,0.14,5464.85,7741.87,Churned,,
CTR-01297-01,CUST-01297,monthly,1,2025-02-27,2025-03-31,,Monthly in arrears,1504.40,0.08,1384.20,230.70,Churned,,
CTR-01298-01,CUST-01298,monthly,1,2025-02-25,2025-03-31,,Monthly in arrears,9778.61,0.15,8359.73,1393.29,Churned,,
CTR-01299-01,CUST-01299,monthly,1,2025-02-25,2026-06-30,,Monthly in arrears,10530.81,0.06,9849.47,13953.42,Active,,
CTR-01300-01,CUST-01300,annual,12,2025-02-02,2026-02-01,2026-02-02,Quarterly in advance,17300.61,0.02,16913.08,16913.08,Churned,,
CTR-01301-01,CUST-01301,monthly,1,2025-02-07,2026-06-30,,Monthly in arrears,9778.61,0.07,9068.68,12847.30,Active,,
CTR-01302-01,CUST-01302,monthly,1,2025-02-26,2026-06-30,,Monthly in arrears,3008.80,0.11,2663.99,3773.99,Active,,
CTR-01303-01,CUST-01303,annual,12,2025-02-25,2026-02-24,2026-03-01,Annual in advance,8274.21,0.04,7976.34,7976.34,Renewed,,
CTR-01303-02,CUST-01303,annual,12,2026-02-25,2027-02-24,2027-02-27,Quarterly in advance,9586.04,0.09,8701.25,8701.25,Active,CTR-01303-01,0.00
CTR-01304-01,CUST-01304,monthly,1,2025-02-28,2025-03-31,,Monthly in arrears,3008.80,0.00,3008.80,501.47,Churned,,
CTR-01305-01,CUST-01305,annual,12,2025-02-03,2026-02-02,2026-02-02,Annual in advance,6017.60,0.06,5669.78,5669.78,Renewed,,
CTR-01305-02,CUST-01305,annual,12,2026-02-03,2027-02-02,2027-02-04,Annual in advance,8787.21,0.07,8136.96,8136.96,Active,CTR-01305-01,0.04
CTR-01306-01,CUST-01306,monthly,1,2025-02-20,2025-08-31,,Monthly in arrears,25574.82,0.15,21613.28,12607.75,Churned,,
CTR-01307-01,CUST-01307,monthly,1,2025-02-25,2026-06-30,,Monthly in arrears,3761.00,0.06,3551.14,5030.78,Active,,
CTR-01308-01,CUST-01308,annual,12,2025-02-09,2026-02-08,2026-02-13,Annual in advance,30539.34,0.04,29165.07,29165.07,Renewed,,
CTR-01308-02,CUST-01308,annual,12,2026-02-09,2027-02-08,2027-02-08,Annual in advance,32432.78,0.07,30055.46,30055.46,Active,CTR-01308-01,0.03
CTR-01309-01,CUST-01309,annual,12,2025-03-29,2026-03-28,2026-03-28,Quarterly in advance,13607.65,0.05,12983.06,12983.06,Churned,,
CTR-01310-01,CUST-01310,monthly,1,2025-03-17,2026-06-30,,Monthly in arrears,7559.81,0.14,6496.90,8662.53,Active,,
CTR-01311-01,CUST-01311,monthly,1,2025-03-16,2026-06-30,,Monthly in arrears,9071.77,0.06,8545.61,11394.15,Churned,,
CTR-01312-01,CUST-01312,monthly,1,2025-03-30,2026-06-30,,Monthly in arrears,9827.75,0.11,8786.99,11715.99,Active,,
CTR-01313-01,CUST-01313,monthly,1,2025-03-30,2025-06-30,,Monthly in arrears,2267.94,0.006800,2252.52,750.84,Churned,,
CTR-01314-01,CUST-01314,monthly,1,2025-03-16,2025-04-30,,Monthly in arrears,6803.83,0.05,6482.69,1080.45,Churned,,
CTR-01315-01,CUST-01315,monthly,1,2025-03-28,2026-06-30,,Monthly in arrears,5291.86,0.06,4967.47,6623.29,Churned,,
CTR-01316-01,CUST-01316,monthly,1,2025-03-04,2026-01-31,,Monthly in arrears,9827.75,0.07,9108.36,8349.33,Churned,,
CTR-01317-01,CUST-01317,monthly,1,2025-03-12,2026-06-30,,Monthly in arrears,15289.50,0.15,12991.49,17321.99,Active,,
CTR-01318-01,CUST-01318,monthly,1,2025-03-30,2026-06-30,,Monthly in arrears,7853.74,0.08,7203.45,9604.60,Active,,
CTR-01319-01,CUST-01319,monthly,1,2025-03-21,2026-06-30,,Monthly in arrears,6718.13,0.08,6208.22,8277.63,Active,,
CTR-01320-01,CUST-01320,annual,12,2025-03-23,2026-03-22,2026-03-22,Annual in advance,7559.81,0.07,7062.37,7062.37,Renewed,,
CTR-01320-02,CUST-01320,annual,12,2026-03-23,2027-03-22,2027-03-23,Annual in advance,8028.51,0.12,7062.68,7062.68,Active,CTR-01320-01,0.00
CTR-01321-01,CUST-01321,annual,12,2025-03-26,2026-03-25,2026-03-26,Quarterly in advance,3175.12,0.12,2806.81,2806.81,Renewed,,
CTR-01321-02,CUST-01321,annual,12,2026-03-26,2027-03-25,2027-03-30,Quarterly in advance,4495.97,0.14,3873.73,3873.73,Active,CTR-01321-01,0.04
CTR-01322-01,CUST-01322,monthly,1,2025-03-01,2026-06-30,,Monthly in arrears,11339.71,0.09,10347.49,13796.65,Active,,
CTR-01323-01,CUST-01323,monthly,1,2025-03-28,2026-06-30,,Monthly in arrears,5291.86,0.04,5096.06,6794.75,Active,,
CTR-01324-01,CUST-01324,monthly,1,2025-03-26,2025-04-30,,Monthly in arrears,2267.94,0.11,2015.29,335.88,Churned,,
CTR-01325-01,CUST-01325,monthly,1,2025-03-30,2025-11-30,,Monthly in arrears,12150.89,0.02,11901.80,8926.35,Churned,,
CTR-01326-01,CUST-01326,monthly,1,2025-03-14,2026-04-30,,Monthly in arrears,11063.39,0.08,10161.72,11855.34,Churned,,
CTR-01327-01,CUST-01327,monthly,1,2025-03-24,2025-07-31,,Monthly in arrears,9827.75,0.10,8890.18,3704.24,Churned,,
CTR-01328-01,CUST-01328,monthly,1,2025-03-20,2025-04-30,,Monthly in arrears,11339.71,0.08,10467.69,1744.62,Churned,,
CTR-01329-01,CUST-01329,annual,12,2025-03-28,2026-03-27,2026-03-28,Annual in advance,14952.91,0.14,12853.52,12853.52,Renewed,,
CTR-01329-02,CUST-01329,annual,12,2026-03-28,2027-03-27,2027-04-01,Quarterly in advance,17003.98,0.15,14383.67,14383.67,Active,CTR-01329-01,0.05
CTR-01330-01,CUST-01330,monthly,1,2025-04-27,2026-06-30,,Monthly in arrears,10636.92,0.07,9851.92,12314.90,Active,,
CTR-01331-01,CUST-01331,monthly,1,2025-04-21,2026-06-30,,Monthly in arrears,9117.36,0.02,8908.57,11135.71,Active,,
CTR-01332-01,CUST-01332,monthly,1,2025-04-27,2026-06-30,,Monthly in arrears,12764.30,0.07,11932.07,14915.09,Active,,
CTR-01333-01,CUST-01333,monthly,1,2025-04-29,2025-10-31,,Monthly in arrears,2279.34,0.14,1953.17,1139.35,Churned,,
CTR-01334-01,CUST-01334,annual,12,2025-04-29,2026-04-28,2026-05-01,Annual in advance,13827.99,0.14,11901.75,11901.75,Renewed,,
CTR-01334-02,CUST-01334,annual,12,2026-04-29,2027-04-28,2027-04-29,Annual in advance,14685.33,0.19,11902.46,11902.46,Active,CTR-01334-01,0.00
CTR-01335-01,CUST-01335,monthly,1,2025-04-17,2026-06-30,,Monthly in arrears,9117.36,0.06,8554.82,10693.52,Active,,
CTR-01336-01,CUST-01336,monthly,1,2025-04-26,2026-06-30,,Monthly in arrears,4852.89,0.07,4497.66,5622.07,Active,,
CTR-01337-01,CUST-01337,monthly,1,2025-04-25,2025-12-31,,Monthly in arrears,10636.92,0.00,10636.92,7977.69,Churned,,
CTR-01338-01,CUST-01338,monthly,1,2025-04-30,2025-06-30,,Monthly in arrears,4083.89,0.07,3800.06,950.01,Churned,,
CTR-01338-02R,CUST-01338,monthly,1,2025-11-01,2026-02-28,,Monthly in arrears,2360.74,0.07,2196.67,732.22,Churned,,
CTR-01339-01,CUST-01339,annual,12,2025-04-29,2026-04-28,2026-04-30,Annual in advance,3191.07,0.11,2837.50,2837.50,Churned,,
CTR-01340-01,CUST-01340,monthly,1,2025-04-28,2026-06-30,,Monthly in arrears,22337.52,0.11,19788.81,24736.01,Active,,
CTR-01341-01,CUST-01341,monthly,1,2025-04-23,2026-06-30,,Monthly in arrears,5318.46,0.02,5206.24,6507.80,Active,,
CTR-01342-01,CUST-01342,monthly,1,2025-04-25,2026-06-30,,Monthly in arrears,6838.02,0.09,6202.77,7753.46,Active,,
CTR-01343-01,CUST-01343,annual,12,2025-05-27,2026-05-26,2026-05-26,Quarterly in advance,13897.48,0.10,12529.97,12529.97,Churned,,
CTR-01344-01,CUST-01344,monthly,1,2025-05-31,2026-06-30,,Monthly in arrears,5345.19,0.12,4686.66,5467.77,Active,,
CTR-01345-01,CUST-01345,annual,12,2025-05-12,2026-05-11,2026-05-15,Annual in advance,8552.30,0.04,8214.48,8214.48,Renewed,,
CTR-01345-02,CUST-01345,annual,12,2026-05-12,2027-05-11,2027-05-11,Quarterly in advance,10217.86,0.07,9536.33,9536.33,Active,CTR-01345-01,0.03
CTR-01346-01,CUST-01346,monthly,1,2025-05-28,2026-06-30,,Monthly in arrears,23518.82,0.13,20348.48,23739.89,Active,,
CTR-01347-01,CUST-01347,monthly,1,2025-05-26,2025-07-31,,Monthly in arrears,3207.11,0.04,3089.41,772.35,Churned,,
CTR-01347-02R,CUST-01347,monthly,1,2026-05-01,2026-06-30,,Monthly in arrears,3405.95,0.04,3280.95,546.82,Active,,
CTR-01348-01,CUST-01348,monthly,1,2025-05-28,2026-06-30,,Monthly in arrears,4581.59,0.16,3832.50,4471.25,Active,,
CTR-01349-01,CUST-01349,monthly,1,2025-05-29,2026-06-30,,Monthly in arrears,5345.19,0.18,4388.94,5120.43,Churned,,
CTR-01350-01,CUST-01350,monthly,1,2025-05-11,2025-08-31,,Monthly in arrears,8399.58,0.11,7472.27,2490.76,Churned,,
CTR-01351-01,CUST-01351,monthly,1,2025-05-01,2025-09-30,,Monthly in arrears,10690.37,0.11,9547.57,3978.15,Churned,,
CTR-01352-01,CUST-01352,annual,12,2025-05-19,2026-05-18,2026-05-23,Annual in advance,3817.99,0.03,3693.91,3693.91,Renewed,,
CTR-01352-02,CUST-01352,annual,12,2026-05-19,2027-05-18,2027-05-20,Annual in advance,4054.70,0.06,3812.63,3812.63,Active,CTR-01352-01,0.03
CTR-01353-01,CUST-01353,monthly,1,2025-05-07,2026-01-31,,Monthly in arrears,12981.16,0.14,11115.77,8336.83,Churned,,
CTR-01354-01,CUST-01354,monthly,1,2025-05-28,2025-09-30,,Monthly in arrears,17104.59,0.06,16146.73,6727.80,Churned,,
CTR-01355-01,CUST-01355,annual,12,2025-05-30,2026-05-29,2026-05-31,Quarterly in advance,5345.19,0.02,5255.93,5255.93,Renewed,,
CTR-01355-02,CUST-01355,annual,12,2026-05-30,2027-05-29,2027-06-01,Quarterly in advance,9731.29,0.07,9010.20,9010.20,Active,CTR-01355-01,0.00
CTR-01356-01,CUST-01356,monthly,1,2025-06-24,2026-06-30,,Monthly in arrears,16883.58,0.15,14354.42,15550.62,Active,,
CTR-01357-01,CUST-01357,monthly,1,2025-06-29,2026-04-30,,Monthly in arrears,9062.90,0.12,8012.51,7344.80,Churned,,
CTR-01358-01,CUST-01358,monthly,1,2025-06-17,2025-07-31,,Monthly in arrears,16116.14,0.01,15950.14,2658.36,Churned,,
CTR-01359-01,CUST-01359,monthly,1,2025-06-30,2025-07-31,,Monthly in arrears,19185.88,0.04,18341.70,3056.95,Churned,,
CTR-01360-01,CUST-01360,monthly,1,2025-06-01,2025-07-31,,Monthly in arrears,16116.14,0.04,15482.78,2580.46,Churned,,
CTR-01361-01,CUST-01361,annual,12,2025-06-27,2026-06-26,2026-06-29,Annual in advance,8441.79,0.10,7632.22,7632.22,Churned,,
CTR-01362-01,CUST-01362,annual,12,2025-06-01,2026-05-31,2026-06-03,Annual in advance,11511.53,0.11,10279.80,10279.80,Renewed,,
CTR-01362-02,CUST-01362,annual,12,2026-06-01,2027-05-31,2027-06-02,Annual in advance,16300.33,0.16,13706.95,13706.95,Active,CTR-01362-01,0.00
CTR-01363-01,CUST-01363,annual,12,2025-06-14,2026-06-13,2026-06-14,Annual in advance,10744.09,0.00,10744.09,10744.09,Renewed,,
CTR-01363-02,CUST-01363,annual,12,2026-06-14,2027-06-13,2027-06-17,Quarterly in advance,11410.23,0.06,10743.87,10743.87,Active,CTR-01363-01,0.00
CTR-01364-01,CUST-01364,monthly,1,2025-06-29,2026-06-30,,Monthly in arrears,25633.35,0.17,21155.20,22918.13,Active,,
CTR-01365-01,CUST-01365,annual,12,2025-06-15,2026-06-14,2026-06-19,Annual in advance,8595.28,0.14,7366.15,7366.15,Churned,,
CTR-01366-01,CUST-01366,monthly,1,2025-06-30,2026-06-30,,Monthly in arrears,12669.27,0.12,11136.29,12064.31,Active,,
CTR-01367-01,CUST-01367,annual,12,2025-06-27,2026-06-26,2026-07-01,Quarterly in advance,12278.96,0.17,10251.70,10251.70,Renewed,,
CTR-01367-02,CUST-01367,annual,12,2026-06-27,2027-06-26,2027-06-30,Annual in advance,20375.41,0.21,16019.15,16019.15,Active,CTR-01367-01,0.00
CTR-01368-01,CUST-01368,monthly,1,2025-06-27,2025-11-30,,Monthly in arrears,19339.37,0.11,17171.43,8585.72,Churned,,
CTR-01369-01,CUST-01369,monthly,1,2025-06-28,2026-06-30,,Monthly in arrears,13967.32,0.00,13967.32,15131.26,Active,,
CTR-01370-01,CUST-01370,monthly,1,2025-06-01,2026-05-31,,Monthly in arrears,11511.53,0.05,10906.02,10906.02,Churned,,
CTR-01371-01,CUST-01371,monthly,1,2025-07-29,2025-12-31,,Monthly in arrears,12340.67,0.04,11796.45,5898.23,Churned,,
CTR-01372-01,CUST-01372,multi_year,24,2025-07-27,2027-07-26,2027-07-29,Annual in advance,10068.61,0.12,8836.21,17672.42,Active,,
CTR-01373-01,CUST-01373,monthly,1,2025-07-23,2026-06-30,,Monthly in arrears,6941.63,0.16,5812.23,5812.23,Active,,
CTR-01374-01,CUST-01374,monthly,1,2025-07-04,2026-06-30,,Monthly in arrears,6941.63,0.02,6800.71,6800.71,Active,,
CTR-01375-01,CUST-01375,monthly,1,2025-07-08,2025-08-31,,Monthly in arrears,7712.92,0.05,7304.91,1217.48,Churned,,
CTR-01375-02R,CUST-01375,monthly,1,2026-04-01,2026-06-30,,Monthly in arrears,6455.09,0.05,6113.62,1528.40,Active,,
CTR-01376-01,CUST-01376,monthly,1,2025-07-27,2026-06-30,,Monthly in arrears,7799.08,0.06,7361.55,7361.55,Active,,
CTR-01377-01,CUST-01377,annual,12,2025-07-12,2026-07-11,2026-07-14,Annual in advance,5399.04,0.16,4528.17,4528.17,Active,,
CTR-01378-01,CUST-01378,monthly,1,2025-07-22,2026-06-30,,Monthly in arrears,3856.46,0.11,3430.32,3430.32,Active,,
CTR-01379-01,CUST-01379,annual,12,2025-07-01,2026-06-30,2026-07-01,Annual in advance,3239.43,0.11,2880.83,2880.83,Churned,,
CTR-01380-01,CUST-01380,annual,12,2025-07-31,2026-07-30,2026-08-04,Quarterly in advance,6170.34,0.03,5956.23,5956.23,Active,,
CTR-01381-01,CUST-01381,annual,12,2025-08-01,2026-07-31,2026-08-03,Quarterly in advance,8526.85,0.06,8016.94,8016.94,Active,,
CTR-01382-01,CUST-01382,monthly,1,2025-08-27,2026-06-30,,Monthly in arrears,22945.93,0.04,22083.16,20242.90,Active,,
CTR-01383-01,CUST-01383,monthly,1,2025-08-01,2026-01-31,,Monthly in arrears,9302.02,0.08,8521.58,4260.79,Churned,,
CTR-01384-01,CUST-01384,monthly,1,2025-08-27,2026-06-30,,Monthly in arrears,14349.32,0.04,13712.21,12569.53,Active,,
CTR-01385-01,CUST-01385,annual,12,2025-08-28,2026-08-27,2026-08-31,Quarterly in advance,2325.50,0.05,2207.60,2207.60,Active,,
CTR-01386-01,CUST-01386,monthly,1,2025-08-06,2026-05-31,,Monthly in arrears,9302.02,0.03,8977.38,7481.15,Churned,,
CTR-01387-01,CUST-01387,annual,12,2025-08-16,2026-08-15,2026-08-18,Annual in advance,16278.53,0.03,15731.57,15731.57,Active,,
CTR-01388-01,CUST-01388,annual,12,2025-08-28,2026-08-27,2026-08-31,Annual in advance,10852.35,0.13,9467.59,9467.59,Active,,
CTR-01389-01,CUST-01389,annual,12,2025-08-05,2026-08-04,2026-08-04,Annual in advance,9302.02,0.10,8394.14,8394.14,Active,,
CTR-01390-01,CUST-01390,annual,12,2025-08-30,2026-08-29,2026-08-30,Annual in advance,4340.94,0.04,4149.50,4149.50,Active,,
CTR-01391-01,CUST-01391,monthly,1,2025-09-26,2025-11-30,,Monthly in arrears,8569.70,0.09,7833.56,1958.39,Churned,,
CTR-01392-01,CUST-01392,monthly,1,2025-09-26,2026-06-30,,Monthly in arrears,4674.38,0.05,4426.64,3688.87,Active,,
CTR-01393-01,CUST-01393,annual,12,2025-09-27,2026-09-26,2026-09-28,Quarterly in advance,2337.19,0.06,2206.77,2206.77,Active,,
CTR-01394-01,CUST-01394,monthly,1,2025-09-26,2026-03-31,,Monthly in arrears,19476.59,0.13,17016.70,9926.41,Churned,,
CTR-01395-01,CUST-01395,annual,12,2025-09-03,2026-09-02,2026-09-07,Annual in advance,11997.58,0.17,9910.00,9910.00,Active,,
CTR-01396-01,CUST-01396,monthly,1,2025-09-07,2025-10-31,,Monthly in arrears,3895.32,0.07,3611.74,601.96,Churned,,
CTR-01397-01,CUST-01397,monthly,1,2025-09-26,2025-11-30,,Monthly in arrears,2337.19,0.14,2014.89,503.72,Churned,,
CTR-01398-01,CUST-01398,annual,12,2025-09-27,2026-09-26,2026-09-28,Quarterly in advance,9348.76,0.09,8476.52,8476.52,Active,,
CTR-01399-01,CUST-01399,monthly,1,2025-09-16,2026-06-30,,Monthly in arrears,2337.19,0.10,2099.03,1749.19,Active,,
CTR-01400-01,CUST-01400,monthly,1,2025-09-12,2026-06-30,,Monthly in arrears,10487.54,0.06,9813.19,8177.66,Active,,
CTR-01401-01,CUST-01401,annual,12,2025-09-28,2026-09-27,2026-10-02,Annual in advance,4362.76,0.12,3820.91,3820.91,Active,,
CTR-01402-01,CUST-01402,annual,12,2025-09-24,2026-09-23,2026-09-25,Quarterly in advance,7790.64,0.11,6946.91,6946.91,Active,,
CTR-01403-01,CUST-01403,monthly,1,2025-09-30,2025-11-30,,Monthly in arrears,6544.13,0.08,6046.78,1511.69,Churned,,
CTR-01404-01,CUST-01404,annual,12,2025-10-28,2026-10-27,2026-11-01,Quarterly in advance,8769.36,0.10,7906.45,7906.45,Active,,
CTR-01405-01,CUST-01405,multi_year,24,2025-10-03,2027-10-02,2027-10-04,Annual in advance,24272.34,0.15,20718.87,41437.74,Active,,
CTR-01406-01,CUST-01406,annual,12,2025-10-02,2026-10-01,2026-10-06,Quarterly in advance,3914.89,0.13,3397.73,3397.73,Active,,
CTR-01407-01,CUST-01407,monthly,1,2025-10-30,2025-11-30,,Monthly in arrears,7046.81,0.06,6607.79,1101.30,Churned,,
CTR-01408-01,CUST-01408,annual,12,2025-10-28,2026-10-27,2026-10-28,Annual in advance,6577.02,0.14,5668.73,5668.73,Active,,
CTR-01409-01,CUST-01409,annual,12,2025-10-02,2026-10-01,2026-10-02,Annual in advance,13154.04,0.09,12034.63,12034.63,Active,,
CTR-01410-01,CUST-01410,monthly,1,2025-10-27,2026-06-30,,Monthly in arrears,19731.06,0.03,19229.89,14422.42,Active,,
CTR-01411-01,CUST-01411,monthly,1,2025-10-13,2026-06-30,,Monthly in arrears,10178.72,0.01,10068.79,7551.59,Active,,
CTR-01412-01,CUST-01412,monthly,1,2025-10-29,2026-04-30,,Monthly in arrears,2348.94,0.05,2242.06,1307.87,Churned,,
CTR-01413-01,CUST-01413,monthly,1,2025-10-31,2026-06-30,,Monthly in arrears,17225.53,0.09,15628.72,11721.54,Active,,
CTR-01414-01,CUST-01414,monthly,1,2025-10-07,2026-06-30,,Monthly in arrears,8612.77,0.17,7189.08,5391.81,Active,,
CTR-01415-01,CUST-01415,annual,12,2025-10-26,2026-10-25,2026-10-28,Annual in advance,3914.89,0.06,3670.60,3670.60,Active,,
CTR-01416-01,CUST-01416,monthly,1,2025-10-31,2026-02-28,,Monthly in arrears,13310.64,0.09,12104.70,5043.62,Churned,,
CTR-01417-01,CUST-01417,monthly,1,2025-11-05,2026-06-30,,Monthly in arrears,6295.31,0.08,5811.20,3874.13,Churned,,
CTR-01418-01,CUST-01418,annual,12,2025-11-19,2026-11-18,2026-11-22,Annual in advance,16525.18,0.03,16108.75,16108.75,Active,,
CTR-01419-01,CUST-01419,annual,12,2025-11-25,2026-11-24,2026-11-24,Annual in advance,7082.22,0.13,6171.45,6171.45,Active,,
CTR-01420-01,CUST-01420,monthly,1,2025-11-27,2026-06-30,,Monthly in arrears,7082.22,0.00,7082.22,4721.48,Active,,
CTR-01421-01,CUST-01421,annual,12,2025-11-04,2026-11-03,2026-11-04,Annual in advance,23135.26,0.08,21275.19,21275.19,Active,,
CTR-01422-01,CUST-01422,annual,12,2025-11-03,2026-11-02,2026-11-03,Annual in advance,3147.65,0.15,2661.34,2661.34,Active,,
CTR-01423-01,CUST-01423,annual,12,2025-11-24,2026-11-23,2026-11-27,Annual in advance,2360.74,0.09,2146.62,2146.62,Active,,
CTR-01424-01,CUST-01424,monthly,1,2025-11-30,2026-06-30,,Monthly in arrears,26440.29,0.16,22268.01,14845.34,Active,,
CTR-01425-01,CUST-01425,monthly,1,2025-11-28,2026-06-30,,Monthly in arrears,3147.65,0.14,2713.59,1809.06,Active,,
CTR-01426-01,CUST-01426,monthly,1,2025-11-27,2026-06-30,,Monthly in arrears,3934.57,0.14,3384.52,2256.35,Active,,
CTR-01427-01,CUST-01427,monthly,1,2025-11-27,2026-06-30,,Monthly in arrears,22820.49,0.10,20490.52,13660.35,Active,,
CTR-01428-01,CUST-01428,monthly,1,2025-11-28,2026-06-30,,Monthly in arrears,4721.48,0.07,4407.03,2938.02,Active,,
CTR-01429-01,CUST-01429,annual,12,2025-11-25,2026-11-24,2026-11-29,Annual in advance,7711.75,0.02,7531.30,7531.30,Active,,
CTR-01430-01,CUST-01430,annual,12,2025-12-10,2026-12-09,2026-12-13,Annual in advance,4745.21,0.10,4273.06,4273.06,Active,,
CTR-01431-01,CUST-01431,monthly,1,2025-12-11,2026-06-30,,Monthly in arrears,5536.08,0.06,5207.79,3037.88,Active,,
CTR-01432-01,CUST-01432,annual,12,2025-12-31,2026-12-30,2027-01-02,Annual in advance,28787.60,0.10,25957.78,25957.78,Active,,
CTR-01433-01,CUST-01433,monthly,1,2025-12-30,2026-01-31,,Monthly in arrears,2372.60,0.06,2233.57,372.26,Churned,,
CTR-01434-01,CUST-01434,multi_year,36,2025-12-24,2028-12-23,2028-12-24,Annual in advance,4745.21,0.10,4279.23,12837.69,Active,,
CTR-01435-01,CUST-01435,monthly,1,2025-12-29,2026-06-30,,Monthly in arrears,11863.02,0.20,9490.42,5536.08,Active,,
CTR-01436-01,CUST-01436,monthly,1,2025-12-06,2026-06-30,,Monthly in arrears,7117.81,0.00,7117.81,4152.06,Active,,
CTR-01437-01,CUST-01437,monthly,1,2025-12-31,2026-06-30,,Monthly in arrears,10281.28,0.06,9680.85,5647.16,Active,,
CTR-01438-01,CUST-01438,monthly,1,2025-12-17,2026-06-30,,Monthly in arrears,5536.08,0.09,5062.19,2952.94,Active,,
CTR-01439-01,CUST-01439,monthly,1,2025-12-29,2026-06-30,,Monthly in arrears,14393.80,0.09,13142.98,7666.74,Active,,
CTR-01440-01,CUST-01440,monthly,1,2025-12-28,2026-04-30,,Monthly in arrears,27680.38,0.05,26409.85,11004.10,Churned,,
CTR-01441-01,CUST-01441,annual,12,2025-12-29,2026-12-28,2026-12-28,Quarterly in advance,13286.58,0.00,13286.58,13286.58,Active,,
CTR-01442-01,CUST-01442,monthly,1,2025-12-31,2026-05-31,,Monthly in arrears,8699.55,0.09,7887.01,3943.50,Churned,,
CTR-01443-01,CUST-01443,monthly,1,2025-12-27,2026-06-30,,Monthly in arrears,15817.36,0.08,14618.40,8527.40,Active,,
CTR-01444-01,CUST-01444,annual,12,2025-12-29,2026-12-28,2026-12-31,Annual in advance,8699.55,0.04,8355.05,8355.05,Active,,
CTR-01445-01,CUST-01445,annual,12,2025-12-18,2026-12-17,2026-12-19,Annual in advance,12653.89,0.08,11665.62,11665.62,Active,,
CTR-01446-01,CUST-01446,annual,12,2025-12-29,2026-12-28,2027-01-02,Annual in advance,5536.08,0.12,4873.41,4873.41,Active,,
CTR-01447-01,CUST-01447,annual,12,2025-12-18,2026-12-17,2026-12-21,Annual in advance,19771.70,0.07,18482.59,18482.59,Active,,
CTR-01448-01,CUST-01448,monthly,1,2025-12-19,2026-06-30,,Monthly in arrears,10281.28,0.18,8435.79,4920.88,Active,,
CTR-01449-01,CUST-01449,monthly,1,2025-12-30,2026-01-31,,Monthly in arrears,14393.80,0.00,14393.80,2398.97,Churned,,
CTR-01450-01,CUST-01450,monthly,1,2025-12-03,2026-01-31,,Monthly in arrears,7117.81,0.13,6218.12,1036.35,Churned,,
CTR-01451-01,CUST-01451,annual,12,2025-12-07,2026-12-06,2026-12-08,Annual in advance,2372.60,0.13,2068.43,2068.43,Active,,
CTR-01452-01,CUST-01452,monthly,1,2025-12-20,2026-02-28,,Monthly in arrears,6326.94,0.09,5769.54,1442.38,Churned,,
CTR-01453-01,CUST-01453,monthly,1,2025-12-28,2026-06-30,,Monthly in arrears,7117.81,0.08,6528.46,3808.27,Active,,
CTR-01454-01,CUST-01454,annual,12,2025-12-14,2026-12-13,2026-12-17,Annual in advance,11863.02,0.08,10891.44,10891.44,Active,,
CTR-01455-01,CUST-01455,monthly,1,2025-12-22,2026-06-30,,Monthly in arrears,4745.21,0.06,4437.72,2588.67,Active,,
CTR-01456-01,CUST-01456,monthly,1,2025-12-30,2026-06-30,,Monthly in arrears,8699.55,0.04,8327.21,4857.54,Churned,,
CTR-01457-01,CUST-01457,monthly,1,2025-12-29,2026-06-30,,Monthly in arrears,3954.34,0.06,3733.69,2177.99,Active,,
CTR-01458-01,CUST-01458,annual,12,2025-12-27,2026-12-26,2026-12-29,Annual in advance,8857.72,0.04,8460.89,8460.89,Active,,
CTR-01459-01,CUST-01459,monthly,1,2025-12-15,2026-06-30,,Monthly in arrears,5643.64,0.003600,5623.32,3280.27,Active,,
CTR-01460-01,CUST-01460,monthly,1,2025-12-02,2026-06-30,,Monthly in arrears,7117.81,0.13,6173.99,3601.49,Active,,
CTR-01461-01,CUST-01461,annual,12,2025-01-27,2026-01-26,2026-01-31,Annual in advance,61266.32,0.17,50955.20,50955.20,Renewed,,
CTR-01461-02,CUST-01461,annual,12,2026-01-27,2027-01-26,2027-01-29,Annual in advance,43376.55,0.22,33968.18,33968.18,Active,CTR-01461-01,0.00
CTR-01462-01,CUST-01462,annual,12,2025-01-30,2026-01-29,2026-01-29,Quarterly in advance,53840.10,0.09,48789.90,48789.90,Renewed,,
CTR-01462-02,CUST-01462,annual,12,2026-01-30,2027-01-29,2027-02-02,Annual in advance,57178.19,0.11,50671.31,50671.31,Active,CTR-01462-01,0.04
CTR-01463-01,CUST-01463,annual,12,2025-01-26,2026-01-25,2026-01-25,Annual in advance,30992.70,0.12,27258.08,27258.08,Renewed,,
CTR-01463-02,CUST-01463,annual,12,2026-01-26,2027-01-25,2027-01-30,Annual in advance,26999.26,0.17,22360.79,22360.79,Active,CTR-01463-01,0.00
CTR-01464-01,CUST-01464,annual,12,2025-01-26,2026-01-25,2026-01-26,Annual in advance,38457.21,0.04,36738.17,36738.17,Renewed,,
CTR-01464-02,CUST-01464,annual,12,2026-01-26,2027-01-25,2027-01-28,Annual in advance,88724.77,0.06,83490.01,83490.01,Active,CTR-01464-01,0.05
CTR-01465-01,CUST-01465,multi_year,24,2025-02-26,2027-02-25,2027-02-25,Quarterly in advance,35451.82,0.12,31357.13,62714.26,Active,,
CTR-01466-01,CUST-01466,annual,12,2025-02-23,2026-02-22,2026-02-23,Annual in advance,85830.72,0.21,67866.35,67866.35,Churned,,
CTR-01467-01,CUST-01467,multi_year,24,2025-02-26,2027-02-25,2027-03-01,Annual in advance,11994.98,0.20,9571.99,19143.98,Active,,
CTR-01468-01,CUST-01468,annual,12,2025-02-05,2026-02-04,2026-02-04,Annual in advance,39183.59,0.06,36899.19,36899.19,Renewed,,
CTR-01468-02,CUST-01468,annual,12,2026-02-05,2027-02-04,2027-02-07,Annual in advance,31705.12,0.11,28112.93,28112.93,Active,CTR-01468-01,0.00
CTR-01469-01,CUST-01469,multi_year,24,2025-03-28,2027-03-27,2027-03-31,Quarterly in advance,32147.35,0.13,28038.92,56077.84,Active,,
CTR-01470-01,CUST-01470,annual,12,2025-03-01,2026-02-28,2026-03-01,Annual in advance,67509.43,0.15,57632.80,57632.80,Renewed,,
CTR-01470-02,CUST-01470,annual,12,2026-03-01,2027-02-28,2027-03-03,Quarterly in advance,121483.22,0.17,100952.56,100952.56,Active,CTR-01470-01,0.03
CTR-01471-01,CUST-01471,multi_year,24,2025-03-05,2027-03-04,2027-03-07,Annual in advance,60276.28,0.12,53012.99,106025.98,Active,,
CTR-01472-01,CUST-01472,annual,12,2025-03-20,2026-03-19,2026-03-23,Quarterly in advance,90012.57,0.14,77320.80,77320.80,Renewed,,
CTR-01472-02,CUST-01472,annual,12,2026-03-20,2027-03-19,2027-03-19,Annual in advance,135423.92,0.16,113905.06,113905.06,Active,CTR-01472-01,0.04
CTR-01473-01,CUST-01473,annual,12,2025-03-26,2026-03-25,2026-03-28,Annual in advance,41523.66,0.14,35739.41,35739.41,Churned,,
CTR-01474-01,CUST-01474,annual,12,2025-04-28,2026-04-27,2026-04-27,Annual in advance,79156.81,0.09,71731.90,71731.90,Renewed,,
CTR-01474-02,CUST-01474,annual,12,2026-04-28,2027-04-27,2027-04-30,Annual in advance,118090.65,0.15,100766.75,100766.75,Active,CTR-01474-01,0.00
CTR-01475-01,CUST-01475,annual,12,2025-04-22,2026-04-21,2026-04-21,Annual in advance,22885.47,0.22,17917.03,17917.03,Renewed,,
CTR-01475-02,CUST-01475,annual,12,2026-04-22,2027-04-21,2027-04-22,Annual in advance,28593.38,0.23,21988.31,21988.31,Active,CTR-01475-01,0.04
CTR-01476-01,CUST-01476,annual,12,2025-04-30,2026-04-29,2026-05-01,Quarterly in advance,117119.77,0.19,94539.08,94539.08,Renewed,,
CTR-01476-02,CUST-01476,annual,12,2026-04-30,2027-04-29,2027-05-02,Annual in advance,124381.19,0.21,98273.58,98273.58,Active,CTR-01476-01,0.04
CTR-01477-01,CUST-01477,annual,12,2025-05-26,2026-05-25,2026-05-26,Annual in advance,58726.82,0.15,50105.72,50105.72,Renewed,,
CTR-01477-02,CUST-01477,annual,12,2026-05-26,2027-05-25,2027-05-30,Annual in advance,62367.88,0.17,51671.79,51671.79,Active,CTR-01477-01,0.03
CTR-01478-01,CUST-01478,multi_year,36,2025-05-11,2028-05-10,2028-05-14,Quarterly in advance,35232.21,0.14,30384.26,91152.78,Active,,
CTR-01479-01,CUST-01479,annual,12,2025-05-18,2026-05-17,2026-05-19,Annual in advance,94707.86,0.21,75084.39,75084.39,Renewed,,
CTR-01479-02,CUST-01479,annual,12,2026-05-18,2027-05-17,2027-05-20,Quarterly in advance,94544.96,0.25,70577.81,70577.81,Active,CTR-01479-01,0.00
CTR-01480-01,CUST-01480,annual,12,2025-06-30,2026-06-29,2026-07-02,Annual in advance,46232.14,0.17,38585.34,38585.34,Renewed,,
CTR-01480-02,CUST-01480,annual,12,2026-06-30,2027-06-29,2027-07-04,Annual in advance,49098.53,0.18,40457.19,40457.19,Active,CTR-01480-01,0.05
CTR-01481-01,CUST-01481,annual,12,2025-06-19,2026-06-18,2026-06-19,Annual in advance,29914.91,0.20,23899.02,23899.02,Renewed,,
CTR-01481-02,CUST-01481,annual,12,2026-06-19,2027-06-18,2027-06-22,Annual in advance,60651.12,0.23,47004.62,47004.62,Active,CTR-01481-01,0.03
CTR-01482-01,CUST-01482,annual,12,2025-06-25,2026-06-24,2026-06-28,Annual in advance,45008.11,0.10,40417.28,40417.28,Renewed,,
CTR-01482-02,CUST-01482,annual,12,2026-06-25,2027-06-24,2027-06-28,Annual in advance,120579.96,0.12,106146.54,106146.54,Active,CTR-01482-01,0.04
CTR-01483-01,CUST-01483,annual,12,2025-06-01,2026-05-31,2026-06-02,Quarterly in advance,36169.85,0.09,32737.33,32737.33,Renewed,,
CTR-01483-02,CUST-01483,annual,12,2026-06-01,2027-05-31,2027-06-02,Quarterly in advance,86933.28,0.15,74093.23,74093.23,Active,CTR-01483-01,0.00
CTR-01484-01,CUST-01484,annual,12,2025-07-28,2026-07-27,2026-07-30,Annual in advance,28698.64,0.05,27335.45,27335.45,Active,,
CTR-01485-01,CUST-01485,annual,12,2025-07-14,2026-07-13,2026-07-13,Annual in advance,38264.86,0.14,32877.17,32877.17,Active,,
CTR-01486-01,CUST-01486,annual,12,2025-07-19,2026-07-18,2026-07-18,Quarterly in advance,26785.40,0.15,22660.45,22660.45,Active,,
CTR-01487-01,CUST-01487,multi_year,24,2025-08-06,2027-08-05,2027-08-07,Annual in advance,74991.45,0.19,60540.60,121081.20,Active,,
CTR-01488-01,CUST-01488,annual,12,2025-08-01,2026-07-31,2026-08-03,Annual in advance,71145.74,0.21,56326.08,56326.08,Active,,
CTR-01489-01,CUST-01489,annual,12,2025-08-29,2026-08-28,2026-08-31,Quarterly in advance,40380.01,0.10,36212.79,36212.79,Active,,
CTR-01490-01,CUST-01490,annual,12,2025-09-22,2026-09-21,2026-09-25,Annual in advance,17944.84,0.18,14632.22,14632.22,Active,,
CTR-01491-01,CUST-01491,annual,12,2025-09-02,2026-09-01,2026-09-01,Quarterly in advance,120092.37,0.09,109344.10,109344.10,Active,,
CTR-01492-01,CUST-01492,annual,12,2025-09-25,2026-09-24,2026-09-28,Quarterly in advance,48313.02,0.20,38891.98,38891.98,Active,,
CTR-01493-01,CUST-01493,annual,12,2025-10-31,2026-10-30,2026-11-04,Annual in advance,167032.01,0.16,140357.00,140357.00,Active,,
CTR-01494-01,CUST-01494,multi_year,24,2025-10-08,2027-10-07,2027-10-11,Annual in advance,59100.88,0.22,46199.16,92398.32,Active,,
CTR-01495-01,CUST-01495,annual,12,2025-10-29,2026-10-28,2026-10-30,Annual in advance,54382.51,0.13,47149.64,47149.64,Active,,
CTR-01496-01,CUST-01496,annual,12,2025-11-11,2026-11-10,2026-11-13,Annual in advance,42065.39,0.19,34001.45,34001.45,Active,,
CTR-01497-01,CUST-01497,annual,12,2025-11-29,2026-11-28,2026-12-01,Quarterly in advance,87839.69,0.05,83307.16,83307.16,Active,,
CTR-01498-01,CUST-01498,annual,12,2025-11-30,2026-11-29,2026-12-02,Annual in advance,65093.98,0.07,60563.44,60563.44,Active,,
CTR-01499-01,CUST-01499,annual,12,2025-11-25,2026-11-24,2026-11-29,Annual in advance,35135.88,0.08,32360.15,32360.15,Active,,
CTR-01500-01,CUST-01500,annual,12,2025-12-29,2026-12-28,2026-12-30,Quarterly in advance,25223.18,0.26,18634.89,18634.89,Active,,
CTR-01501-01,CUST-01501,annual,12,2025-12-31,2026-12-30,2027-01-03,Quarterly in advance,47083.27,0.09,42982.32,42982.32,Active,,
CTR-01502-01,CUST-01502,annual,12,2025-12-26,2026-12-25,2026-12-25,Annual in advance,58854.08,0.10,53174.66,53174.66,Active,,
CTR-01503-01,CUST-01503,annual,12,2025-12-16,2026-12-15,2026-12-15,Annual in advance,23139.09,0.15,19675.17,19675.17,Active,,
CTR-01504-01,CUST-01504,multi_year,24,2025-12-22,2027-12-21,2027-12-24,Quarterly in advance,41197.86,0.24,31195.02,62390.04,Active,,
CTR-01505-01,CUST-01505,multi_year,24,2025-12-28,2027-12-27,2027-12-29,Annual in advance,39742.14,0.16,33534.42,67068.84,Active,,
CTR-01506-01,CUST-01506,annual,12,2025-12-26,2026-12-25,2026-12-25,Annual in advance,43555.78,0.15,36865.61,36865.61,Active,,
CTR-01507-01,CUST-01507,multi_year,24,2025-12-04,2027-12-03,2027-12-03,Annual in advance,15694.42,0.22,12247.93,24495.86,Active,,
CTR-01508-01,CUST-01508,annual,12,2025-01-31,2026-01-30,2026-02-04,Quarterly in advance,411009.58,0.17,339699.42,339699.42,Renewed,,
CTR-01508-02,CUST-01508,annual,12,2026-01-31,2027-01-30,2027-02-02,Annual in advance,621083.49,0.19,501090.16,501090.16,Active,CTR-01508-01,0.04
CTR-01509-01,CUST-01509,annual,12,2025-02-02,2026-02-01,2026-02-05,Annual in advance,164447.60,0.23,126525.98,126525.98,Renewed,,
CTR-01509-02,CUST-01509,annual,12,2026-02-02,2027-02-01,2027-02-05,Annual in advance,174643.36,0.24,131908.13,131908.13,Active,CTR-01509-01,0.04
CTR-01510-01,CUST-01510,annual,12,2025-03-15,2026-03-14,2026-03-14,Annual in advance,80856.92,0.26,60133.29,60133.29,Renewed,,
CTR-01510-02,CUST-01510,annual,12,2026-03-15,2027-03-14,2027-03-16,Annual in advance,128104.87,0.30,89711.84,89711.84,Active,CTR-01510-01,0.00
CTR-01511-01,CUST-01511,annual,12,2025-06-02,2026-06-01,2026-06-01,Annual in advance,104094.33,0.26,77321.27,77321.27,Renewed,,
CTR-01511-02,CUST-01511,annual,12,2026-06-02,2027-06-01,2027-06-05,Annual in advance,110548.18,0.27,80788.61,80788.61,Active,CTR-01511-01,0.04
CTR-01512-01,CUST-01512,multi_year,36,2025-10-02,2028-10-01,2028-10-05,Annual in advance,90899.04,0.28,65710.92,197132.76,Active,,
CTR-01513-01,CUST-01513,annual,12,2025-11-28,2026-11-27,2026-11-28,Annual in advance,479282.85,0.09,437824.88,437824.88,Active,,
CTR-01514-01,CUST-01514,annual,12,2025-12-14,2026-12-13,2026-12-18,Annual in advance,275154.41,0.27,200202.35,200202.35,Active,,
CTR-01515-01,CUST-01515,annual,12,2026-01-03,2027-01-02,2027-01-03,Annual in advance,13512.32,0.00,13512.32,13512.32,Active,,
CTR-01516-01,CUST-01516,monthly,1,2026-01-14,2026-02-28,,Monthly in arrears,6358.74,0.08,5849.40,974.90,Churned,,
CTR-01517-01,CUST-01517,monthly,1,2026-01-31,2026-06-30,,Monthly in arrears,14307.16,0.05,13597.52,6798.76,Active,,
CTR-01518-01,CUST-01518,annual,12,2026-01-30,2027-01-29,2027-02-01,Quarterly in advance,11922.64,0.07,11109.52,11109.52,Active,,
CTR-01519-01,CUST-01519,monthly,1,2026-01-31,2026-06-30,,Monthly in arrears,7948.42,0.11,7063.76,3531.88,Active,,
CTR-01520-01,CUST-01520,monthly,1,2026-01-26,2026-06-30,,Monthly in arrears,3974.21,0.06,3722.64,1861.32,Active,,
CTR-01521-01,CUST-01521,monthly,1,2026-01-30,2026-02-28,,Monthly in arrears,8902.24,0.15,7549.99,1258.33,Churned,,
CTR-01522-01,CUST-01522,monthly,1,2026-01-19,2026-06-30,,Monthly in arrears,3974.21,0.09,3600.24,1800.12,Active,,
CTR-01523-01,CUST-01523,annual,12,2026-02-25,2027-02-24,2027-02-28,Annual in advance,4473.49,0.10,4031.51,4031.51,Active,,
CTR-01524-01,CUST-01524,monthly,1,2026-02-16,2026-06-30,,Monthly in arrears,3994.18,0.05,3787.68,1578.20,Active,,
CTR-01525-01,CUST-01525,monthly,1,2026-02-02,2026-06-30,,Monthly in arrears,10065.34,0.14,8681.36,3617.23,Active,,
CTR-01526-01,CUST-01526,annual,12,2026-02-28,2027-02-27,2027-02-28,Annual in advance,4793.02,0.00,4793.02,4793.02,Active,,
CTR-01527-01,CUST-01527,annual,12,2026-02-26,2027-02-25,2027-02-28,Quarterly in advance,3994.18,0.05,3782.89,3782.89,Active,,
CTR-01528-01,CUST-01528,annual,12,2026-02-04,2027-02-03,2027-02-03,Annual in advance,11183.72,0.03,10797.88,10797.88,Active,,
CTR-01529-01,CUST-01529,monthly,1,2026-02-04,2026-03-31,,Monthly in arrears,4473.49,0.16,3764.89,627.48,Churned,,
CTR-01530-01,CUST-01530,annual,12,2026-02-26,2027-02-25,2027-02-25,Annual in advance,10384.88,0.05,9837.60,9837.60,Active,,
CTR-01531-01,CUST-01531,monthly,1,2026-03-27,2026-06-30,,Monthly in arrears,4014.26,0.02,3940.40,1313.47,Active,,
CTR-01532-01,CUST-01532,monthly,1,2026-03-14,2026-06-30,,Monthly in arrears,8991.94,0.16,7541.54,2513.85,Active,,
CTR-01533-01,CUST-01533,annual,12,2026-03-06,2027-03-05,2027-03-07,Quarterly in advance,11239.92,0.12,9902.37,9902.37,Active,,
CTR-01534-01,CUST-01534,monthly,1,2026-03-28,2026-06-30,,Monthly in arrears,12363.91,0.05,11732.11,3910.70,Active,,
CTR-01535-01,CUST-01535,monthly,1,2026-03-07,2026-06-30,,Monthly in arrears,16859.88,0.06,15833.11,5277.70,Churned,,
CTR-01536-01,CUST-01536,monthly,1,2026-03-26,2026-06-30,,Monthly in arrears,3371.98,0.08,3102.90,1034.30,Churned,,
CTR-01537-01,CUST-01537,annual,12,2026-03-10,2027-03-09,2027-03-10,Quarterly in advance,4014.26,0.14,3444.64,3444.64,Active,,
CTR-01538-01,CUST-01538,annual,12,2026-03-25,2027-03-24,2027-03-29,Annual in advance,8831.37,0.12,7744.23,7744.23,Active,,
CTR-01539-01,CUST-01539,monthly,1,2026-03-28,2026-06-30,,Monthly in arrears,26494.10,0.23,20442.85,6814.28,Active,,
CTR-01540-01,CUST-01540,annual,12,2026-03-06,2027-03-05,2027-03-06,Annual in advance,4495.97,0.05,4280.16,4280.16,Active,,
CTR-01541-01,CUST-01541,monthly,1,2026-03-29,2026-06-30,,Monthly in arrears,19268.43,0.00,19268.43,6422.81,Active,,
CTR-01542-01,CUST-01542,annual,12,2026-03-22,2027-03-21,2027-03-23,Annual in advance,8831.37,0.09,8024.18,8024.18,Active,,
CTR-01543-01,CUST-01543,monthly,1,2026-03-01,2026-06-30,,Monthly in arrears,7225.66,0.09,6580.41,2193.47,Active,,
CTR-01544-01,CUST-01544,monthly,1,2026-04-13,2026-06-30,,Monthly in arrears,8068.86,0.04,7717.86,1929.46,Active,,
CTR-01545-01,CUST-01545,monthly,1,2026-04-27,2026-06-30,,Monthly in arrears,11080.00,0.05,10549.27,2637.32,Active,,
CTR-01546-01,CUST-01546,monthly,1,2026-04-28,2026-05-31,,Monthly in arrears,6455.09,0.12,5656.60,942.77,Churned,,
CTR-01547-01,CUST-01547,monthly,1,2026-04-28,2026-06-30,,Monthly in arrears,7261.97,0.05,6871.28,1717.82,Active,,
CTR-01548-01,CUST-01548,monthly,1,2026-04-27,2026-06-30,,Monthly in arrears,5648.20,0.07,5273.72,1318.43,Active,,
CTR-01549-01,CUST-01549,annual,12,2026-04-15,2027-04-14,2027-04-15,Annual in advance,16137.72,0.09,14699.85,14699.85,Active,,
CTR-01550-01,CUST-01550,monthly,1,2026-04-01,2026-05-31,,Monthly in arrears,4841.32,0.07,4503.40,750.57,Churned,,
CTR-01551-01,CUST-01551,annual,12,2026-04-10,2027-04-09,2027-04-10,Annual in advance,18558.38,0.02,18109.27,18109.27,Active,,
CTR-01552-01,CUST-01552,annual,12,2026-05-25,2027-05-24,2027-05-27,Annual in advance,20273.52,0.09,18416.47,18416.47,Active,,
CTR-01553-01,CUST-01553,monthly,1,2026-05-27,2026-06-30,,Monthly in arrears,11353.17,0.11,10117.95,1686.33,Active,,
CTR-01554-01,CUST-01554,monthly,1,2026-05-17,2026-06-30,,Monthly in arrears,4054.70,0.06,3826.42,637.74,Active,,
CTR-01555-01,CUST-01555,annual,12,2026-05-01,2027-04-30,2027-05-03,Annual in advance,17029.76,0.07,15781.48,15781.48,Active,,
CTR-01556-01,CUST-01556,annual,12,2026-05-29,2027-05-28,2027-05-28,Annual in advance,13786.00,0.11,12270.92,12270.92,Active,,
CTR-01557-01,CUST-01557,annual,12,2026-05-17,2027-05-16,2027-05-17,Annual in advance,4865.65,0.05,4602.90,4602.90,Active,,
CTR-01558-01,CUST-01558,monthly,1,2026-05-28,2026-06-30,,Monthly in arrears,5676.59,0.11,5074.30,845.72,Active,,
CTR-01559-01,CUST-01559,monthly,1,2026-05-24,2026-06-30,,Monthly in arrears,19462.58,0.16,16405.01,2734.17,Active,,
CTR-01560-01,CUST-01560,monthly,1,2026-06-13,2026-06-30,,Monthly in arrears,9128.18,0.08,8384.23,698.69,Active,,
CTR-01561-01,CUST-01561,monthly,1,2026-06-30,2026-06-30,,Monthly in arrears,19397.39,0.15,16470.32,1372.53,Active,,
CTR-01562-01,CUST-01562,monthly,1,2026-06-29,2026-06-30,,Monthly in arrears,2282.05,0.11,2023.95,168.66,Active,,
CTR-01563-01,CUST-01563,annual,12,2026-06-26,2027-06-25,2027-06-30,Quarterly in advance,3260.07,0.06,3065.77,3065.77,Active,,
CTR-01564-01,CUST-01564,monthly,1,2026-06-14,2026-06-30,,Monthly in arrears,17115.34,0.09,15626.31,1302.19,Active,,
CTR-01565-01,CUST-01565,monthly,1,2026-06-26,2026-06-30,,Monthly in arrears,5705.11,0.11,5091.81,424.32,Active,,
CTR-01566-01,CUST-01566,monthly,1,2026-06-08,2026-06-30,,Monthly in arrears,4564.09,0.00,4564.09,380.34,Active,,
CTR-01567-01,CUST-01567,monthly,1,2026-06-20,2026-06-30,,Monthly in arrears,19560.39,0.12,17236.62,1436.38,Active,,
CTR-01568-01,CUST-01568,annual,12,2026-06-28,2027-06-27,2027-06-27,Annual in advance,2445.05,0.19,1991.25,1991.25,Active,,
CTR-01569-01,CUST-01569,monthly,1,2026-06-04,2026-06-30,,Monthly in arrears,3260.07,0.05,3081.42,256.79,Active,,
CTR-01570-01,CUST-01570,multi_year,24,2026-01-26,2028-01-25,2028-01-27,Annual in advance,153789.60,0.06,143962.44,287924.88,Active,,
CTR-01571-01,CUST-01571,multi_year,24,2026-01-22,2028-01-21,2028-01-22,Annual in advance,64094.54,0.18,52589.57,105179.14,Active,,
CTR-01572-01,CUST-01572,annual,12,2026-02-25,2027-02-24,2027-02-26,Annual in advance,112949.49,0.13,98107.93,98107.93,Active,,
CTR-01573-01,CUST-01573,annual,12,2026-02-13,2027-02-12,2027-02-14,Annual in advance,39631.40,0.19,32204.48,32204.48,Active,,
CTR-01574-01,CUST-01574,multi_year,36,2026-03-04,2029-03-03,2029-03-08,Annual in advance,39830.56,0.09,36413.10,109239.30,Active,,
CTR-01575-01,CUST-01575,annual,12,2026-03-30,2027-03-29,2027-03-31,Annual in advance,57754.32,0.03,56050.57,56050.57,Active,,
CTR-01576-01,CUST-01576,annual,12,2026-03-29,2027-03-28,2027-04-02,Annual in advance,37839.04,0.10,34153.52,34153.52,Active,,
CTR-01577-01,CUST-01577,annual,12,2026-03-08,2027-03-07,2027-03-10,Annual in advance,38408.04,0.23,29708.62,29708.62,Active,,
CTR-01578-01,CUST-01578,annual,12,2026-04-23,2027-04-22,2027-04-22,Quarterly in advance,27163.71,0.11,24186.57,24186.57,Active,,
CTR-01579-01,CUST-01579,annual,12,2026-04-09,2027-04-08,2027-04-08,Annual in advance,44033.80,0.13,38212.53,38212.53,Active,,
CTR-01580-01,CUST-01580,annual,12,2026-05-15,2027-05-14,2027-05-19,Annual in advance,57474.14,0.22,44755.11,44755.11,Active,,
CTR-01581-01,CUST-01581,annual,12,2026-05-24,2027-05-23,2027-05-24,Annual in advance,48278.28,0.14,41582.08,41582.08,Active,,
CTR-01582-01,CUST-01582,annual,12,2026-06-27,2027-06-26,2027-06-28,Annual in advance,62095.20,0.12,54414.02,54414.02,Active,,
CTR-01583-01,CUST-01583,annual,12,2026-06-27,2027-06-26,2027-06-28,Annual in advance,44518.51,0.14,38423.93,38423.93,Active,,
CTR-01584-01,CUST-01584,annual,12,2026-06-10,2027-06-09,2027-06-10,Annual in advance,43322.23,0.06,40826.87,40826.87,Active,,
CTR-01585-01,CUST-01585,annual,12,2026-03-31,2027-03-30,2027-04-04,Annual in advance,179240.45,0.32,122367.46,122367.46,Active,,
CTR-01586-01,CUST-01586,multi_year,36,2026-06-01,2029-05-31,2029-06-04,Quarterly in advance,622206.97,0.31,430567.22,1291701.66,Active,,
