version,month_end_date,cost_center,department,account_code,account_name,account_category,forecast_amount
FY2026-Q2-Reforecast,2026-07-31,CC-1000,Sales - SMB,6000,Salaries & Wages,Sales & Marketing,75669.15
FY2026-Q2-Reforecast,2026-07-31,CC-1000,Sales - SMB,6020,Payroll Taxes & Benefits,Sales & Marketing,15512.17
FY2026-Q2-Reforecast,2026-07-31,CC-1000,Sales - SMB,6030,Sales Commissions,Sales & Marketing,5173.61
FY2026-Q2-Reforecast,2026-07-31,CC-1000,Sales - SMB,6040,Commission Amortisation,Sales & Marketing,7105.89
FY2026-Q2-Reforecast,2026-07-31,CC-1000,Sales - SMB,6200,Software & Subscriptions,Sales & Marketing,3668.42
FY2026-Q2-Reforecast,2026-07-31,CC-1000,Sales - SMB,6300,Travel & Entertainment,Sales & Marketing,4520.39
FY2026-Q2-Reforecast,2026-07-31,CC-1000,Sales - SMB,6450,Training & Enablement,Sales & Marketing,429.14
FY2026-Q2-Reforecast,2026-07-31,CC-1010,Sales - Mid-Market,6000,Salaries & Wages,Sales & Marketing,95331.15
FY2026-Q2-Reforecast,2026-07-31,CC-1010,Sales - Mid-Market,6020,Payroll Taxes & Benefits,Sales & Marketing,19542.89
FY2026-Q2-Reforecast,2026-07-31,CC-1010,Sales - Mid-Market,6030,Sales Commissions,Sales & Marketing,9876.89
FY2026-Q2-Reforecast,2026-07-31,CC-1010,Sales - Mid-Market,6040,Commission Amortisation,Sales & Marketing,13565.79
FY2026-Q2-Reforecast,2026-07-31,CC-1010,Sales - Mid-Market,6200,Software & Subscriptions,Sales & Marketing,4075.89
FY2026-Q2-Reforecast,2026-07-31,CC-1010,Sales - Mid-Market,6300,Travel & Entertainment,Sales & Marketing,5316.72
FY2026-Q2-Reforecast,2026-07-31,CC-1010,Sales - Mid-Market,6450,Training & Enablement,Sales & Marketing,519.77
FY2026-Q2-Reforecast,2026-07-31,CC-1020,Sales - Enterprise,6000,Salaries & Wages,Sales & Marketing,72862.89
FY2026-Q2-Reforecast,2026-07-31,CC-1020,Sales - Enterprise,6020,Payroll Taxes & Benefits,Sales & Marketing,14936.90
FY2026-Q2-Reforecast,2026-07-31,CC-1020,Sales - Enterprise,6030,Sales Commissions,Sales & Marketing,8465.90
FY2026-Q2-Reforecast,2026-07-31,CC-1020,Sales - Enterprise,6040,Commission Amortisation,Sales & Marketing,11627.82
FY2026-Q2-Reforecast,2026-07-31,CC-1020,Sales - Enterprise,6200,Software & Subscriptions,Sales & Marketing,2679.21
FY2026-Q2-Reforecast,2026-07-31,CC-1020,Sales - Enterprise,6300,Travel & Entertainment,Sales & Marketing,3947.27
FY2026-Q2-Reforecast,2026-07-31,CC-1020,Sales - Enterprise,6450,Training & Enablement,Sales & Marketing,324.89
FY2026-Q2-Reforecast,2026-07-31,CC-1030,Sales Development,6000,Salaries & Wages,Sales & Marketing,45544.99
FY2026-Q2-Reforecast,2026-07-31,CC-1030,Sales Development,6020,Payroll Taxes & Benefits,Sales & Marketing,9336.72
FY2026-Q2-Reforecast,2026-07-31,CC-1030,Sales Development,6200,Software & Subscriptions,Sales & Marketing,1926.26
FY2026-Q2-Reforecast,2026-07-31,CC-1030,Sales Development,6300,Travel & Entertainment,Sales & Marketing,2657.92
FY2026-Q2-Reforecast,2026-07-31,CC-1030,Sales Development,6450,Training & Enablement,Sales & Marketing,244.03
FY2026-Q2-Reforecast,2026-07-31,CC-1040,Sales Operations,6000,Salaries & Wages,Sales & Marketing,56860.85
FY2026-Q2-Reforecast,2026-07-31,CC-1040,Sales Operations,6020,Payroll Taxes & Benefits,Sales & Marketing,11656.48
FY2026-Q2-Reforecast,2026-07-31,CC-1040,Sales Operations,6200,Software & Subscriptions,Sales & Marketing,2348.32
FY2026-Q2-Reforecast,2026-07-31,CC-1040,Sales Operations,6300,Travel & Entertainment,Sales & Marketing,3420.34
FY2026-Q2-Reforecast,2026-07-31,CC-1050,Solutions Engineering,6000,Salaries & Wages,Sales & Marketing,40377.47
FY2026-Q2-Reforecast,2026-07-31,CC-1050,Solutions Engineering,6020,Payroll Taxes & Benefits,Sales & Marketing,8277.38
FY2026-Q2-Reforecast,2026-07-31,CC-1050,Solutions Engineering,6200,Software & Subscriptions,Sales & Marketing,1659.92
FY2026-Q2-Reforecast,2026-07-31,CC-1050,Solutions Engineering,6300,Travel & Entertainment,Sales & Marketing,2089.47
FY2026-Q2-Reforecast,2026-07-31,CC-1060,Sales Leadership,6000,Salaries & Wages,Sales & Marketing,30405.71
FY2026-Q2-Reforecast,2026-07-31,CC-1060,Sales Leadership,6020,Payroll Taxes & Benefits,Sales & Marketing,6233.17
FY2026-Q2-Reforecast,2026-07-31,CC-1060,Sales Leadership,6200,Software & Subscriptions,Sales & Marketing,1179.53
FY2026-Q2-Reforecast,2026-07-31,CC-1060,Sales Leadership,6300,Travel & Entertainment,Sales & Marketing,1732.84
FY2026-Q2-Reforecast,2026-07-31,CC-1060,Sales Leadership,6450,Training & Enablement,Sales & Marketing,140.65
FY2026-Q2-Reforecast,2026-07-31,CC-1100,Demand Generation,6000,Salaries & Wages,Sales & Marketing,91598.55
FY2026-Q2-Reforecast,2026-07-31,CC-1100,Demand Generation,6010,Bonus,Sales & Marketing,8890.13
FY2026-Q2-Reforecast,2026-07-31,CC-1100,Demand Generation,6020,Payroll Taxes & Benefits,Sales & Marketing,20600.18
FY2026-Q2-Reforecast,2026-07-31,CC-1100,Demand Generation,6050,Contractor & Temp Labor,Sales & Marketing,15979.14
FY2026-Q2-Reforecast,2026-07-31,CC-1100,Demand Generation,6100,Demand Generation,Sales & Marketing,187547.64
FY2026-Q2-Reforecast,2026-07-31,CC-1100,Demand Generation,6110,Events & Field Marketing,Sales & Marketing,72158.82
FY2026-Q2-Reforecast,2026-07-31,CC-1100,Demand Generation,6200,Software & Subscriptions,Sales & Marketing,2967.88
FY2026-Q2-Reforecast,2026-07-31,CC-1100,Demand Generation,6300,Travel & Entertainment,Sales & Marketing,2665.30
FY2026-Q2-Reforecast,2026-07-31,CC-1100,Demand Generation,6450,Training & Enablement,Sales & Marketing,435.44
FY2026-Q2-Reforecast,2026-07-31,CC-1110,Product Marketing,6000,Salaries & Wages,Sales & Marketing,74016.28
FY2026-Q2-Reforecast,2026-07-31,CC-1110,Product Marketing,6010,Bonus,Sales & Marketing,6848.01
FY2026-Q2-Reforecast,2026-07-31,CC-1110,Product Marketing,6020,Payroll Taxes & Benefits,Sales & Marketing,16577.18
FY2026-Q2-Reforecast,2026-07-31,CC-1110,Product Marketing,6120,Brand & Content,Sales & Marketing,47655.50
FY2026-Q2-Reforecast,2026-07-31,CC-1110,Product Marketing,6200,Software & Subscriptions,Sales & Marketing,2674.59
FY2026-Q2-Reforecast,2026-07-31,CC-1110,Product Marketing,6300,Travel & Entertainment,Sales & Marketing,2372.69
FY2026-Q2-Reforecast,2026-07-31,CC-1200,Customer Success,6000,Salaries & Wages,Subscription COGS,214792.52
FY2026-Q2-Reforecast,2026-07-31,CC-1200,Customer Success,6010,Bonus,Subscription COGS,21187.19
FY2026-Q2-Reforecast,2026-07-31,CC-1200,Customer Success,6020,Payroll Taxes & Benefits,Subscription COGS,48375.84
FY2026-Q2-Reforecast,2026-07-31,CC-1200,Customer Success,6200,Software & Subscriptions,Subscription COGS,3948.20
FY2026-Q2-Reforecast,2026-07-31,CC-1200,Customer Success,6300,Travel & Entertainment,Subscription COGS,3177.07
FY2026-Q2-Reforecast,2026-07-31,CC-2000,Support,5010,Third-Party Data & APIs,Subscription COGS,1252.60
FY2026-Q2-Reforecast,2026-07-31,CC-2000,Support,6000,Salaries & Wages,Subscription COGS,68885.08
FY2026-Q2-Reforecast,2026-07-31,CC-2000,Support,6010,Bonus,Subscription COGS,6999.85
FY2026-Q2-Reforecast,2026-07-31,CC-2000,Support,6020,Payroll Taxes & Benefits,Subscription COGS,15556.41
FY2026-Q2-Reforecast,2026-07-31,CC-2000,Support,6200,Software & Subscriptions,Subscription COGS,1204.00
FY2026-Q2-Reforecast,2026-07-31,CC-2010,Cloud Operations,5000,Cloud Hosting,Subscription COGS,151963.04
FY2026-Q2-Reforecast,2026-07-31,CC-2010,Cloud Operations,5010,Third-Party Data & APIs,Subscription COGS,873.19
FY2026-Q2-Reforecast,2026-07-31,CC-2010,Cloud Operations,5020,Payment Processing Fees,Subscription COGS,12777.31
FY2026-Q2-Reforecast,2026-07-31,CC-2010,Cloud Operations,6000,Salaries & Wages,Subscription COGS,59621.70
FY2026-Q2-Reforecast,2026-07-31,CC-2010,Cloud Operations,6010,Bonus,Subscription COGS,5784.99
FY2026-Q2-Reforecast,2026-07-31,CC-2010,Cloud Operations,6020,Payroll Taxes & Benefits,Subscription COGS,13408.37
FY2026-Q2-Reforecast,2026-07-31,CC-2010,Cloud Operations,6050,Contractor & Temp Labor,Subscription COGS,15712.76
FY2026-Q2-Reforecast,2026-07-31,CC-2010,Cloud Operations,6200,Software & Subscriptions,Subscription COGS,875.00
FY2026-Q2-Reforecast,2026-07-31,CC-2010,Cloud Operations,6900,Other Operating Expense,Subscription COGS,126.51
FY2026-Q2-Reforecast,2026-07-31,CC-2100,Professional Services,5030,Services Subcontractors,Services COGS,4123.03
FY2026-Q2-Reforecast,2026-07-31,CC-2100,Professional Services,6000,Salaries & Wages,Services COGS,46108.05
FY2026-Q2-Reforecast,2026-07-31,CC-2100,Professional Services,6010,Bonus,Services COGS,4073.35
FY2026-Q2-Reforecast,2026-07-31,CC-2100,Professional Services,6020,Payroll Taxes & Benefits,Services COGS,10287.19
FY2026-Q2-Reforecast,2026-07-31,CC-2100,Professional Services,6200,Software & Subscriptions,Services COGS,976.99
FY2026-Q2-Reforecast,2026-07-31,CC-2100,Professional Services,6300,Travel & Entertainment,Services COGS,2057.46
FY2026-Q2-Reforecast,2026-07-31,CC-3000,Engineering,6000,Salaries & Wages,Research & Development,370726.19
FY2026-Q2-Reforecast,2026-07-31,CC-3000,Engineering,6010,Bonus,Research & Development,35477.77
FY2026-Q2-Reforecast,2026-07-31,CC-3000,Engineering,6020,Payroll Taxes & Benefits,Research & Development,83271.81
FY2026-Q2-Reforecast,2026-07-31,CC-3000,Engineering,6050,Contractor & Temp Labor,Research & Development,25733.02
FY2026-Q2-Reforecast,2026-07-31,CC-3000,Engineering,6200,Software & Subscriptions,Research & Development,12441.82
FY2026-Q2-Reforecast,2026-07-31,CC-3000,Engineering,6300,Travel & Entertainment,Research & Development,2445.57
FY2026-Q2-Reforecast,2026-07-31,CC-3000,Engineering,6450,Training & Enablement,Research & Development,1648.75
FY2026-Q2-Reforecast,2026-07-31,CC-3000,Engineering,6900,Other Operating Expense,Research & Development,1104.39
FY2026-Q2-Reforecast,2026-07-31,CC-3010,Quality & Release,6000,Salaries & Wages,Research & Development,51012.20
FY2026-Q2-Reforecast,2026-07-31,CC-3010,Quality & Release,6010,Bonus,Research & Development,4080.98
FY2026-Q2-Reforecast,2026-07-31,CC-3010,Quality & Release,6020,Payroll Taxes & Benefits,Research & Development,11294.10
FY2026-Q2-Reforecast,2026-07-31,CC-3010,Quality & Release,6050,Contractor & Temp Labor,Research & Development,8878.22
FY2026-Q2-Reforecast,2026-07-31,CC-3010,Quality & Release,6200,Software & Subscriptions,Research & Development,1856.92
FY2026-Q2-Reforecast,2026-07-31,CC-3100,Product & Design,6000,Salaries & Wages,Research & Development,148568.38
FY2026-Q2-Reforecast,2026-07-31,CC-3100,Product & Design,6010,Bonus,Research & Development,13133.66
FY2026-Q2-Reforecast,2026-07-31,CC-3100,Product & Design,6020,Payroll Taxes & Benefits,Research & Development,33148.92
FY2026-Q2-Reforecast,2026-07-31,CC-3100,Product & Design,6050,Contractor & Temp Labor,Research & Development,11893.20
FY2026-Q2-Reforecast,2026-07-31,CC-3100,Product & Design,6200,Software & Subscriptions,Research & Development,4231.02
FY2026-Q2-Reforecast,2026-07-31,CC-3100,Product & Design,6300,Travel & Entertainment,Research & Development,1282.27
FY2026-Q2-Reforecast,2026-07-31,CC-4000,Finance & Accounting,6000,Salaries & Wages,General & Administrative,54027.34
FY2026-Q2-Reforecast,2026-07-31,CC-4000,Finance & Accounting,6010,Bonus,General & Administrative,4886.71
FY2026-Q2-Reforecast,2026-07-31,CC-4000,Finance & Accounting,6020,Payroll Taxes & Benefits,General & Administrative,12077.37
FY2026-Q2-Reforecast,2026-07-31,CC-4000,Finance & Accounting,6200,Software & Subscriptions,General & Administrative,1162.20
FY2026-Q2-Reforecast,2026-07-31,CC-4000,Finance & Accounting,6300,Travel & Entertainment,General & Administrative,688.59
FY2026-Q2-Reforecast,2026-07-31,CC-4000,Finance & Accounting,6400,Professional Fees,General & Administrative,39447.18
FY2026-Q2-Reforecast,2026-07-31,CC-4000,Finance & Accounting,6440,Depreciation & Amortisation,General & Administrative,23984.90
FY2026-Q2-Reforecast,2026-07-31,CC-4000,Finance & Accounting,6900,Other Operating Expense,General & Administrative,147.02
FY2026-Q2-Reforecast,2026-07-31,CC-4010,People Operations,6000,Salaries & Wages,General & Administrative,64026.35
FY2026-Q2-Reforecast,2026-07-31,CC-4010,People Operations,6010,Bonus,General & Administrative,6836.47
FY2026-Q2-Reforecast,2026-07-31,CC-4010,People Operations,6020,Payroll Taxes & Benefits,General & Administrative,14526.88
FY2026-Q2-Reforecast,2026-07-31,CC-4010,People Operations,6200,Software & Subscriptions,General & Administrative,1063.55
FY2026-Q2-Reforecast,2026-07-31,CC-4010,People Operations,6410,Recruiting Fees,General & Administrative,43877.35
FY2026-Q2-Reforecast,2026-07-31,CC-4010,People Operations,6450,Training & Enablement,General & Administrative,200.11
FY2026-Q2-Reforecast,2026-07-31,CC-4020,Legal & Corporate,6000,Salaries & Wages,General & Administrative,18944.53
FY2026-Q2-Reforecast,2026-07-31,CC-4020,Legal & Corporate,6010,Bonus,General & Administrative,1515.57
FY2026-Q2-Reforecast,2026-07-31,CC-4020,Legal & Corporate,6020,Payroll Taxes & Benefits,General & Administrative,4194.32
FY2026-Q2-Reforecast,2026-07-31,CC-4020,Legal & Corporate,6200,Software & Subscriptions,General & Administrative,586.79
FY2026-Q2-Reforecast,2026-07-31,CC-4020,Legal & Corporate,6300,Travel & Entertainment,General & Administrative,339.24
FY2026-Q2-Reforecast,2026-07-31,CC-4020,Legal & Corporate,6400,Professional Fees,General & Administrative,20989.13
FY2026-Q2-Reforecast,2026-07-31,CC-4020,Legal & Corporate,6430,Insurance,General & Administrative,20216.21
FY2026-Q2-Reforecast,2026-07-31,CC-4030,IT & Corporate Systems,6000,Salaries & Wages,General & Administrative,55825.53
FY2026-Q2-Reforecast,2026-07-31,CC-4030,IT & Corporate Systems,6010,Bonus,General & Administrative,6213.47
FY2026-Q2-Reforecast,2026-07-31,CC-4030,IT & Corporate Systems,6020,Payroll Taxes & Benefits,General & Administrative,12718.00
FY2026-Q2-Reforecast,2026-07-31,CC-4030,IT & Corporate Systems,6050,Contractor & Temp Labor,General & Administrative,6743.29
FY2026-Q2-Reforecast,2026-07-31,CC-4030,IT & Corporate Systems,6200,Software & Subscriptions,General & Administrative,868.74
FY2026-Q2-Reforecast,2026-07-31,CC-4030,IT & Corporate Systems,6420,Facilities & Rent,General & Administrative,41542.37
FY2026-Q2-Reforecast,2026-07-31,CC-4030,IT & Corporate Systems,6900,Other Operating Expense,General & Administrative,114.92
FY2026-Q2-Reforecast,2026-07-31,CC-9000,Revenue,4000,Subscription Revenue,Subscription Revenue,-2656435.42
FY2026-Q2-Reforecast,2026-07-31,CC-9000,Revenue,4010,Usage Revenue Above Commitment,Subscription Revenue,-56981.76
FY2026-Q2-Reforecast,2026-07-31,CC-9000,Revenue,4100,Professional Services Revenue,Services Revenue,-10000.31
FY2026-Q2-Reforecast,2026-07-31,CC-9000,Revenue,4110,Implementation Fee Revenue,Services Revenue,-54084.72
FY2026-Q2-Reforecast,2026-07-31,CC-9000,Corporate,9000,Ending ARR,Memo - ARR,32930049.41
FY2026-Q2-Reforecast,2026-07-31,CC-9000,Corporate,9010,New Logo ARR,Memo - ARR,281812.16
FY2026-Q2-Reforecast,2026-07-31,CC-9000,Corporate,9020,Expansion ARR,Memo - ARR,312831.73
FY2026-Q2-Reforecast,2026-07-31,CC-9000,Corporate,9030,Reactivation ARR,Memo - ARR,12260.70
FY2026-Q2-Reforecast,2026-07-31,CC-9000,Corporate,9040,Contraction ARR,Memo - ARR,-97317.27
FY2026-Q2-Reforecast,2026-07-31,CC-9000,Corporate,9050,Churn ARR,Memo - ARR,-406442.70
FY2026-Q2-Reforecast,2026-07-31,CC-9000,Corporate,9100,New Logos Added,Memo - Statistical,12.00
FY2026-Q2-Reforecast,2026-07-31,CC-9000,Corporate,9200,Ending Headcount,Memo - Statistical,207.00
FY2026-Q2-Reforecast,2026-07-31,CC-9000,Corporate,9300,Ending Cash,Memo - Statistical,21422300.97
FY2026-Q2-Reforecast,2026-08-31,CC-1000,Sales - SMB,6000,Salaries & Wages,Sales & Marketing,75849.73
FY2026-Q2-Reforecast,2026-08-31,CC-1000,Sales - SMB,6020,Payroll Taxes & Benefits,Sales & Marketing,15549.19
FY2026-Q2-Reforecast,2026-08-31,CC-1000,Sales - SMB,6030,Sales Commissions,Sales & Marketing,5298.91
FY2026-Q2-Reforecast,2026-08-31,CC-1000,Sales - SMB,6040,Commission Amortisation,Sales & Marketing,7371.65
FY2026-Q2-Reforecast,2026-08-31,CC-1000,Sales - SMB,6200,Software & Subscriptions,Sales & Marketing,3423.39
FY2026-Q2-Reforecast,2026-08-31,CC-1000,Sales - SMB,6300,Travel & Entertainment,Sales & Marketing,4509.10
FY2026-Q2-Reforecast,2026-08-31,CC-1000,Sales - SMB,6450,Training & Enablement,Sales & Marketing,496.40
FY2026-Q2-Reforecast,2026-08-31,CC-1010,Sales - Mid-Market,6000,Salaries & Wages,Sales & Marketing,106683.03
FY2026-Q2-Reforecast,2026-08-31,CC-1010,Sales - Mid-Market,6020,Payroll Taxes & Benefits,Sales & Marketing,21870.02
FY2026-Q2-Reforecast,2026-08-31,CC-1010,Sales - Mid-Market,6030,Sales Commissions,Sales & Marketing,10116.10
FY2026-Q2-Reforecast,2026-08-31,CC-1010,Sales - Mid-Market,6040,Commission Amortisation,Sales & Marketing,14073.14
FY2026-Q2-Reforecast,2026-08-31,CC-1010,Sales - Mid-Market,6200,Software & Subscriptions,Sales & Marketing,4224.91
FY2026-Q2-Reforecast,2026-08-31,CC-1010,Sales - Mid-Market,6300,Travel & Entertainment,Sales & Marketing,5691.65
FY2026-Q2-Reforecast,2026-08-31,CC-1010,Sales - Mid-Market,6450,Training & Enablement,Sales & Marketing,513.95
FY2026-Q2-Reforecast,2026-08-31,CC-1020,Sales - Enterprise,6000,Salaries & Wages,Sales & Marketing,74247.54
FY2026-Q2-Reforecast,2026-08-31,CC-1020,Sales - Enterprise,6020,Payroll Taxes & Benefits,Sales & Marketing,15220.75
FY2026-Q2-Reforecast,2026-08-31,CC-1020,Sales - Enterprise,6030,Sales Commissions,Sales & Marketing,8670.95
FY2026-Q2-Reforecast,2026-08-31,CC-1020,Sales - Enterprise,6040,Commission Amortisation,Sales & Marketing,12062.69
FY2026-Q2-Reforecast,2026-08-31,CC-1020,Sales - Enterprise,6200,Software & Subscriptions,Sales & Marketing,2759.31
FY2026-Q2-Reforecast,2026-08-31,CC-1020,Sales - Enterprise,6300,Travel & Entertainment,Sales & Marketing,3919.78
FY2026-Q2-Reforecast,2026-08-31,CC-1020,Sales - Enterprise,6450,Training & Enablement,Sales & Marketing,363.16
FY2026-Q2-Reforecast,2026-08-31,CC-1030,Sales Development,6000,Salaries & Wages,Sales & Marketing,45653.68
FY2026-Q2-Reforecast,2026-08-31,CC-1030,Sales Development,6020,Payroll Taxes & Benefits,Sales & Marketing,9359.00
FY2026-Q2-Reforecast,2026-08-31,CC-1030,Sales Development,6200,Software & Subscriptions,Sales & Marketing,2142.76
FY2026-Q2-Reforecast,2026-08-31,CC-1030,Sales Development,6300,Travel & Entertainment,Sales & Marketing,3096.57
FY2026-Q2-Reforecast,2026-08-31,CC-1030,Sales Development,6450,Training & Enablement,Sales & Marketing,235.95
FY2026-Q2-Reforecast,2026-08-31,CC-1040,Sales Operations,6000,Salaries & Wages,Sales & Marketing,44424.72
FY2026-Q2-Reforecast,2026-08-31,CC-1040,Sales Operations,6020,Payroll Taxes & Benefits,Sales & Marketing,9107.07
FY2026-Q2-Reforecast,2026-08-31,CC-1040,Sales Operations,6200,Software & Subscriptions,Sales & Marketing,2033.26
FY2026-Q2-Reforecast,2026-08-31,CC-1040,Sales Operations,6300,Travel & Entertainment,Sales & Marketing,2841.04
FY2026-Q2-Reforecast,2026-08-31,CC-1050,Solutions Engineering,6000,Salaries & Wages,Sales & Marketing,40473.83
FY2026-Q2-Reforecast,2026-08-31,CC-1050,Solutions Engineering,6020,Payroll Taxes & Benefits,Sales & Marketing,8297.13
FY2026-Q2-Reforecast,2026-08-31,CC-1050,Solutions Engineering,6200,Software & Subscriptions,Sales & Marketing,1531.65
FY2026-Q2-Reforecast,2026-08-31,CC-1050,Solutions Engineering,6300,Travel & Entertainment,Sales & Marketing,2181.93
FY2026-Q2-Reforecast,2026-08-31,CC-1060,Sales Leadership,6000,Salaries & Wages,Sales & Marketing,30478.27
FY2026-Q2-Reforecast,2026-08-31,CC-1060,Sales Leadership,6020,Payroll Taxes & Benefits,Sales & Marketing,6248.04
FY2026-Q2-Reforecast,2026-08-31,CC-1060,Sales Leadership,6200,Software & Subscriptions,Sales & Marketing,1174.53
FY2026-Q2-Reforecast,2026-08-31,CC-1060,Sales Leadership,6300,Travel & Entertainment,Sales & Marketing,1580.91
FY2026-Q2-Reforecast,2026-08-31,CC-1060,Sales Leadership,6450,Training & Enablement,Sales & Marketing,146.52
FY2026-Q2-Reforecast,2026-08-31,CC-1100,Demand Generation,6000,Salaries & Wages,Sales & Marketing,91817.14
FY2026-Q2-Reforecast,2026-08-31,CC-1100,Demand Generation,6010,Bonus,Sales & Marketing,8911.34
FY2026-Q2-Reforecast,2026-08-31,CC-1100,Demand Generation,6020,Payroll Taxes & Benefits,Sales & Marketing,20649.34
FY2026-Q2-Reforecast,2026-08-31,CC-1100,Demand Generation,6050,Contractor & Temp Labor,Sales & Marketing,14957.88
FY2026-Q2-Reforecast,2026-08-31,CC-1100,Demand Generation,6100,Demand Generation,Sales & Marketing,172527.09
FY2026-Q2-Reforecast,2026-08-31,CC-1100,Demand Generation,6110,Events & Field Marketing,Sales & Marketing,76231.24
FY2026-Q2-Reforecast,2026-08-31,CC-1100,Demand Generation,6200,Software & Subscriptions,Sales & Marketing,3435.08
FY2026-Q2-Reforecast,2026-08-31,CC-1100,Demand Generation,6300,Travel & Entertainment,Sales & Marketing,2418.22
FY2026-Q2-Reforecast,2026-08-31,CC-1100,Demand Generation,6450,Training & Enablement,Sales & Marketing,408.21
FY2026-Q2-Reforecast,2026-08-31,CC-1110,Product Marketing,6000,Salaries & Wages,Sales & Marketing,83460.20
FY2026-Q2-Reforecast,2026-08-31,CC-1110,Product Marketing,6010,Bonus,Sales & Marketing,7605.73
FY2026-Q2-Reforecast,2026-08-31,CC-1110,Product Marketing,6020,Payroll Taxes & Benefits,Sales & Marketing,18668.52
FY2026-Q2-Reforecast,2026-08-31,CC-1110,Product Marketing,6120,Brand & Content,Sales & Marketing,45423.91
FY2026-Q2-Reforecast,2026-08-31,CC-1110,Product Marketing,6200,Software & Subscriptions,Sales & Marketing,3367.92
FY2026-Q2-Reforecast,2026-08-31,CC-1110,Product Marketing,6300,Travel & Entertainment,Sales & Marketing,2283.25
FY2026-Q2-Reforecast,2026-08-31,CC-1200,Customer Success,6000,Salaries & Wages,Subscription COGS,208632.28
FY2026-Q2-Reforecast,2026-08-31,CC-1200,Customer Success,6010,Bonus,Subscription COGS,20703.92
FY2026-Q2-Reforecast,2026-08-31,CC-1200,Customer Success,6020,Payroll Taxes & Benefits,Subscription COGS,47013.93
FY2026-Q2-Reforecast,2026-08-31,CC-1200,Customer Success,6200,Software & Subscriptions,Subscription COGS,3600.21
FY2026-Q2-Reforecast,2026-08-31,CC-1200,Customer Success,6300,Travel & Entertainment,Subscription COGS,2688.56
FY2026-Q2-Reforecast,2026-08-31,CC-2000,Support,5010,Third-Party Data & APIs,Subscription COGS,1432.40
FY2026-Q2-Reforecast,2026-08-31,CC-2000,Support,6000,Salaries & Wages,Subscription COGS,75476.50
FY2026-Q2-Reforecast,2026-08-31,CC-2000,Support,6010,Bonus,Subscription COGS,7530.72
FY2026-Q2-Reforecast,2026-08-31,CC-2000,Support,6020,Payroll Taxes & Benefits,Subscription COGS,17016.47
FY2026-Q2-Reforecast,2026-08-31,CC-2000,Support,6200,Software & Subscriptions,Subscription COGS,1141.88
FY2026-Q2-Reforecast,2026-08-31,CC-2010,Cloud Operations,5000,Cloud Hosting,Subscription COGS,146148.75
FY2026-Q2-Reforecast,2026-08-31,CC-2010,Cloud Operations,5010,Third-Party Data & APIs,Subscription COGS,892.08
FY2026-Q2-Reforecast,2026-08-31,CC-2010,Cloud Operations,5020,Payment Processing Fees,Subscription COGS,8551.37
FY2026-Q2-Reforecast,2026-08-31,CC-2010,Cloud Operations,6000,Salaries & Wages,Subscription COGS,59763.98
FY2026-Q2-Reforecast,2026-08-31,CC-2010,Cloud Operations,6010,Bonus,Subscription COGS,5798.79
FY2026-Q2-Reforecast,2026-08-31,CC-2010,Cloud Operations,6020,Payroll Taxes & Benefits,Subscription COGS,13440.37
FY2026-Q2-Reforecast,2026-08-31,CC-2010,Cloud Operations,6050,Contractor & Temp Labor,Subscription COGS,17425.13
FY2026-Q2-Reforecast,2026-08-31,CC-2010,Cloud Operations,6200,Software & Subscriptions,Subscription COGS,931.18
FY2026-Q2-Reforecast,2026-08-31,CC-2010,Cloud Operations,6900,Other Operating Expense,Subscription COGS,134.72
FY2026-Q2-Reforecast,2026-08-31,CC-2100,Professional Services,5030,Services Subcontractors,Services COGS,4033.04
FY2026-Q2-Reforecast,2026-08-31,CC-2100,Professional Services,6000,Salaries & Wages,Services COGS,46218.08
FY2026-Q2-Reforecast,2026-08-31,CC-2100,Professional Services,6010,Bonus,Services COGS,4083.07
FY2026-Q2-Reforecast,2026-08-31,CC-2100,Professional Services,6020,Payroll Taxes & Benefits,Services COGS,10311.74
FY2026-Q2-Reforecast,2026-08-31,CC-2100,Professional Services,6200,Software & Subscriptions,Services COGS,1004.79
FY2026-Q2-Reforecast,2026-08-31,CC-2100,Professional Services,6300,Travel & Entertainment,Services COGS,2132.37
FY2026-Q2-Reforecast,2026-08-31,CC-3000,Engineering,6000,Salaries & Wages,Research & Development,382225.50
FY2026-Q2-Reforecast,2026-08-31,CC-3000,Engineering,6010,Bonus,Research & Development,36411.61
FY2026-Q2-Reforecast,2026-08-31,CC-3000,Engineering,6020,Payroll Taxes & Benefits,Research & Development,85820.60
FY2026-Q2-Reforecast,2026-08-31,CC-3000,Engineering,6050,Contractor & Temp Labor,Research & Development,26839.63
FY2026-Q2-Reforecast,2026-08-31,CC-3000,Engineering,6200,Software & Subscriptions,Research & Development,11591.67
FY2026-Q2-Reforecast,2026-08-31,CC-3000,Engineering,6300,Travel & Entertainment,Research & Development,2606.20
FY2026-Q2-Reforecast,2026-08-31,CC-3000,Engineering,6450,Training & Enablement,Research & Development,1856.49
FY2026-Q2-Reforecast,2026-08-31,CC-3000,Engineering,6900,Other Operating Expense,Research & Development,998.97
FY2026-Q2-Reforecast,2026-08-31,CC-3010,Quality & Release,6000,Salaries & Wages,Research & Development,51133.93
FY2026-Q2-Reforecast,2026-08-31,CC-3010,Quality & Release,6010,Bonus,Research & Development,4090.72
FY2026-Q2-Reforecast,2026-08-31,CC-3010,Quality & Release,6020,Payroll Taxes & Benefits,Research & Development,11321.05
FY2026-Q2-Reforecast,2026-08-31,CC-3010,Quality & Release,6050,Contractor & Temp Labor,Research & Development,8460.27
FY2026-Q2-Reforecast,2026-08-31,CC-3010,Quality & Release,6200,Software & Subscriptions,Research & Development,1824.83
FY2026-Q2-Reforecast,2026-08-31,CC-3100,Product & Design,6000,Salaries & Wages,Research & Development,159683.17
FY2026-Q2-Reforecast,2026-08-31,CC-3100,Product & Design,6010,Bonus,Research & Development,14456.23
FY2026-Q2-Reforecast,2026-08-31,CC-3100,Product & Design,6020,Payroll Taxes & Benefits,Research & Development,35698.58
FY2026-Q2-Reforecast,2026-08-31,CC-3100,Product & Design,6050,Contractor & Temp Labor,Research & Development,11072.98
FY2026-Q2-Reforecast,2026-08-31,CC-3100,Product & Design,6200,Software & Subscriptions,Research & Development,4872.36
FY2026-Q2-Reforecast,2026-08-31,CC-3100,Product & Design,6300,Travel & Entertainment,Research & Development,1261.97
FY2026-Q2-Reforecast,2026-08-31,CC-4000,Finance & Accounting,6000,Salaries & Wages,General & Administrative,54156.27
FY2026-Q2-Reforecast,2026-08-31,CC-4000,Finance & Accounting,6010,Bonus,General & Administrative,4898.37
FY2026-Q2-Reforecast,2026-08-31,CC-4000,Finance & Accounting,6020,Payroll Taxes & Benefits,General & Administrative,12106.20
FY2026-Q2-Reforecast,2026-08-31,CC-4000,Finance & Accounting,6200,Software & Subscriptions,General & Administrative,1412.74
FY2026-Q2-Reforecast,2026-08-31,CC-4000,Finance & Accounting,6300,Travel & Entertainment,General & Administrative,662.10
FY2026-Q2-Reforecast,2026-08-31,CC-4000,Finance & Accounting,6400,Professional Fees,General & Administrative,38293.72
FY2026-Q2-Reforecast,2026-08-31,CC-4000,Finance & Accounting,6440,Depreciation & Amortisation,General & Administrative,24166.98
FY2026-Q2-Reforecast,2026-08-31,CC-4000,Finance & Accounting,6900,Other Operating Expense,General & Administrative,142.88
FY2026-Q2-Reforecast,2026-08-31,CC-4010,People Operations,6000,Salaries & Wages,General & Administrative,64179.14
FY2026-Q2-Reforecast,2026-08-31,CC-4010,People Operations,6010,Bonus,General & Administrative,6852.78
FY2026-Q2-Reforecast,2026-08-31,CC-4010,People Operations,6020,Payroll Taxes & Benefits,General & Administrative,14561.54
FY2026-Q2-Reforecast,2026-08-31,CC-4010,People Operations,6200,Software & Subscriptions,General & Administrative,1067.33
FY2026-Q2-Reforecast,2026-08-31,CC-4010,People Operations,6410,Recruiting Fees,General & Administrative,50891.32
FY2026-Q2-Reforecast,2026-08-31,CC-4010,People Operations,6450,Training & Enablement,General & Administrative,228.60
FY2026-Q2-Reforecast,2026-08-31,CC-4020,Legal & Corporate,6000,Salaries & Wages,General & Administrative,18989.74
FY2026-Q2-Reforecast,2026-08-31,CC-4020,Legal & Corporate,6010,Bonus,General & Administrative,1519.18
FY2026-Q2-Reforecast,2026-08-31,CC-4020,Legal & Corporate,6020,Payroll Taxes & Benefits,General & Administrative,4204.33
FY2026-Q2-Reforecast,2026-08-31,CC-4020,Legal & Corporate,6200,Software & Subscriptions,General & Administrative,593.30
FY2026-Q2-Reforecast,2026-08-31,CC-4020,Legal & Corporate,6300,Travel & Entertainment,General & Administrative,303.75
FY2026-Q2-Reforecast,2026-08-31,CC-4020,Legal & Corporate,6400,Professional Fees,General & Administrative,21110.75
FY2026-Q2-Reforecast,2026-08-31,CC-4020,Legal & Corporate,6430,Insurance,General & Administrative,22584.73
FY2026-Q2-Reforecast,2026-08-31,CC-4030,IT & Corporate Systems,6000,Salaries & Wages,General & Administrative,55958.75
FY2026-Q2-Reforecast,2026-08-31,CC-4030,IT & Corporate Systems,6010,Bonus,General & Administrative,6228.29
FY2026-Q2-Reforecast,2026-08-31,CC-4030,IT & Corporate Systems,6020,Payroll Taxes & Benefits,General & Administrative,12748.35
FY2026-Q2-Reforecast,2026-08-31,CC-4030,IT & Corporate Systems,6050,Contractor & Temp Labor,General & Administrative,7053.70
FY2026-Q2-Reforecast,2026-08-31,CC-4030,IT & Corporate Systems,6200,Software & Subscriptions,General & Administrative,837.83
FY2026-Q2-Reforecast,2026-08-31,CC-4030,IT & Corporate Systems,6420,Facilities & Rent,General & Administrative,44371.57
FY2026-Q2-Reforecast,2026-08-31,CC-4030,IT & Corporate Systems,6900,Other Operating Expense,General & Administrative,102.46
FY2026-Q2-Reforecast,2026-08-31,CC-9000,Revenue,4000,Subscription Revenue,Subscription Revenue,-2682756.50
FY2026-Q2-Reforecast,2026-08-31,CC-9000,Revenue,4010,Usage Revenue Above Commitment,Subscription Revenue,-57546.36
FY2026-Q2-Reforecast,2026-08-31,CC-9000,Revenue,4100,Professional Services Revenue,Services Revenue,-9269.65
FY2026-Q2-Reforecast,2026-08-31,CC-9000,Revenue,4110,Implementation Fee Revenue,Services Revenue,-53840.24
FY2026-Q2-Reforecast,2026-08-31,CC-9000,Corporate,9000,Ending ARR,Memo - ARR,33253053.35
FY2026-Q2-Reforecast,2026-08-31,CC-9000,Corporate,9010,New Logo ARR,Memo - ARR,333050.73
FY2026-Q2-Reforecast,2026-08-31,CC-9000,Corporate,9020,Expansion ARR,Memo - ARR,369710.22
FY2026-Q2-Reforecast,2026-08-31,CC-9000,Corporate,9030,Reactivation ARR,Memo - ARR,14489.92
FY2026-Q2-Reforecast,2026-08-31,CC-9000,Corporate,9040,Contraction ARR,Memo - ARR,-76161.34
FY2026-Q2-Reforecast,2026-08-31,CC-9000,Corporate,9050,Churn ARR,Memo - ARR,-318085.59
FY2026-Q2-Reforecast,2026-08-31,CC-9000,Corporate,9100,New Logos Added,Memo - Statistical,12.00
FY2026-Q2-Reforecast,2026-08-31,CC-9000,Corporate,9200,Ending Headcount,Memo - Statistical,206.90
FY2026-Q2-Reforecast,2026-08-31,CC-9000,Corporate,9300,Ending Cash,Memo - Statistical,21034047.76
FY2026-Q2-Reforecast,2026-09-30,CC-1000,Sales - SMB,6000,Salaries & Wages,Sales & Marketing,87893.42
FY2026-Q2-Reforecast,2026-09-30,CC-1000,Sales - SMB,6020,Payroll Taxes & Benefits,Sales & Marketing,18018.15
FY2026-Q2-Reforecast,2026-09-30,CC-1000,Sales - SMB,6030,Sales Commissions,Sales & Marketing,8544.64
FY2026-Q2-Reforecast,2026-09-30,CC-1000,Sales - SMB,6040,Commission Amortisation,Sales & Marketing,7769.16
FY2026-Q2-Reforecast,2026-09-30,CC-1000,Sales - SMB,6200,Software & Subscriptions,Sales & Marketing,3824.96
FY2026-Q2-Reforecast,2026-09-30,CC-1000,Sales - SMB,6300,Travel & Entertainment,Sales & Marketing,5275.97
FY2026-Q2-Reforecast,2026-09-30,CC-1000,Sales - SMB,6450,Training & Enablement,Sales & Marketing,509.64
FY2026-Q2-Reforecast,2026-09-30,CC-1010,Sales - Mid-Market,6000,Salaries & Wages,Sales & Marketing,106937.60
FY2026-Q2-Reforecast,2026-09-30,CC-1010,Sales - Mid-Market,6020,Payroll Taxes & Benefits,Sales & Marketing,21922.21
FY2026-Q2-Reforecast,2026-09-30,CC-1010,Sales - Mid-Market,6030,Sales Commissions,Sales & Marketing,16312.50
FY2026-Q2-Reforecast,2026-09-30,CC-1010,Sales - Mid-Market,6040,Commission Amortisation,Sales & Marketing,14832.03
FY2026-Q2-Reforecast,2026-09-30,CC-1010,Sales - Mid-Market,6200,Software & Subscriptions,Sales & Marketing,4801.20
FY2026-Q2-Reforecast,2026-09-30,CC-1010,Sales - Mid-Market,6300,Travel & Entertainment,Sales & Marketing,6252.91
FY2026-Q2-Reforecast,2026-09-30,CC-1010,Sales - Mid-Market,6450,Training & Enablement,Sales & Marketing,515.68
FY2026-Q2-Reforecast,2026-09-30,CC-1020,Sales - Enterprise,6000,Salaries & Wages,Sales & Marketing,74424.70
FY2026-Q2-Reforecast,2026-09-30,CC-1020,Sales - Enterprise,6020,Payroll Taxes & Benefits,Sales & Marketing,15257.07
FY2026-Q2-Reforecast,2026-09-30,CC-1020,Sales - Enterprise,6030,Sales Commissions,Sales & Marketing,13982.14
FY2026-Q2-Reforecast,2026-09-30,CC-1020,Sales - Enterprise,6040,Commission Amortisation,Sales & Marketing,12713.17
FY2026-Q2-Reforecast,2026-09-30,CC-1020,Sales - Enterprise,6200,Software & Subscriptions,Sales & Marketing,2865.49
FY2026-Q2-Reforecast,2026-09-30,CC-1020,Sales - Enterprise,6300,Travel & Entertainment,Sales & Marketing,3811.38
FY2026-Q2-Reforecast,2026-09-30,CC-1020,Sales - Enterprise,6450,Training & Enablement,Sales & Marketing,361.25
FY2026-Q2-Reforecast,2026-09-30,CC-1030,Sales Development,6000,Salaries & Wages,Sales & Marketing,45762.62
FY2026-Q2-Reforecast,2026-09-30,CC-1030,Sales Development,6020,Payroll Taxes & Benefits,Sales & Marketing,9381.33
FY2026-Q2-Reforecast,2026-09-30,CC-1030,Sales Development,6200,Software & Subscriptions,Sales & Marketing,1811.91
FY2026-Q2-Reforecast,2026-09-30,CC-1030,Sales Development,6300,Travel & Entertainment,Sales & Marketing,2709.80
FY2026-Q2-Reforecast,2026-09-30,CC-1030,Sales Development,6450,Training & Enablement,Sales & Marketing,244.84
FY2026-Q2-Reforecast,2026-09-30,CC-1040,Sales Operations,6000,Salaries & Wages,Sales & Marketing,44530.72
FY2026-Q2-Reforecast,2026-09-30,CC-1040,Sales Operations,6020,Payroll Taxes & Benefits,Sales & Marketing,9128.80
FY2026-Q2-Reforecast,2026-09-30,CC-1040,Sales Operations,6200,Software & Subscriptions,Sales & Marketing,2161.44
FY2026-Q2-Reforecast,2026-09-30,CC-1040,Sales Operations,6300,Travel & Entertainment,Sales & Marketing,2711.55
FY2026-Q2-Reforecast,2026-09-30,CC-1050,Solutions Engineering,6000,Salaries & Wages,Sales & Marketing,31956.26
FY2026-Q2-Reforecast,2026-09-30,CC-1050,Solutions Engineering,6020,Payroll Taxes & Benefits,Sales & Marketing,6551.03
FY2026-Q2-Reforecast,2026-09-30,CC-1050,Solutions Engineering,6200,Software & Subscriptions,Sales & Marketing,1291.92
FY2026-Q2-Reforecast,2026-09-30,CC-1050,Solutions Engineering,6300,Travel & Entertainment,Sales & Marketing,1772.35
FY2026-Q2-Reforecast,2026-09-30,CC-1060,Sales Leadership,6000,Salaries & Wages,Sales & Marketing,30550.99
FY2026-Q2-Reforecast,2026-09-30,CC-1060,Sales Leadership,6020,Payroll Taxes & Benefits,Sales & Marketing,6262.95
FY2026-Q2-Reforecast,2026-09-30,CC-1060,Sales Leadership,6200,Software & Subscriptions,Sales & Marketing,1172.56
FY2026-Q2-Reforecast,2026-09-30,CC-1060,Sales Leadership,6300,Travel & Entertainment,Sales & Marketing,1752.06
FY2026-Q2-Reforecast,2026-09-30,CC-1060,Sales Leadership,6450,Training & Enablement,Sales & Marketing,141.18
FY2026-Q2-Reforecast,2026-09-30,CC-1100,Demand Generation,6000,Salaries & Wages,Sales & Marketing,92036.23
FY2026-Q2-Reforecast,2026-09-30,CC-1100,Demand Generation,6010,Bonus,Sales & Marketing,8932.61
FY2026-Q2-Reforecast,2026-09-30,CC-1100,Demand Generation,6020,Payroll Taxes & Benefits,Sales & Marketing,20698.62
FY2026-Q2-Reforecast,2026-09-30,CC-1100,Demand Generation,6050,Contractor & Temp Labor,Sales & Marketing,16349.45
FY2026-Q2-Reforecast,2026-09-30,CC-1100,Demand Generation,6100,Demand Generation,Sales & Marketing,225142.70
FY2026-Q2-Reforecast,2026-09-30,CC-1100,Demand Generation,6110,Events & Field Marketing,Sales & Marketing,82985.49
FY2026-Q2-Reforecast,2026-09-30,CC-1100,Demand Generation,6200,Software & Subscriptions,Sales & Marketing,3281.52
FY2026-Q2-Reforecast,2026-09-30,CC-1100,Demand Generation,6300,Travel & Entertainment,Sales & Marketing,2547.32
FY2026-Q2-Reforecast,2026-09-30,CC-1100,Demand Generation,6450,Training & Enablement,Sales & Marketing,436.17
FY2026-Q2-Reforecast,2026-09-30,CC-1110,Product Marketing,6000,Salaries & Wages,Sales & Marketing,76295.36
FY2026-Q2-Reforecast,2026-09-30,CC-1110,Product Marketing,6010,Bonus,Sales & Marketing,7034.75
FY2026-Q2-Reforecast,2026-09-30,CC-1110,Product Marketing,6020,Payroll Taxes & Benefits,Sales & Marketing,17082.67
FY2026-Q2-Reforecast,2026-09-30,CC-1110,Product Marketing,6120,Brand & Content,Sales & Marketing,58693.97
FY2026-Q2-Reforecast,2026-09-30,CC-1110,Product Marketing,6200,Software & Subscriptions,Sales & Marketing,2928.46
FY2026-Q2-Reforecast,2026-09-30,CC-1110,Product Marketing,6300,Travel & Entertainment,Sales & Marketing,2512.94
FY2026-Q2-Reforecast,2026-09-30,CC-1200,Customer Success,6000,Salaries & Wages,Subscription COGS,220855.94
FY2026-Q2-Reforecast,2026-09-30,CC-1200,Customer Success,6010,Bonus,Subscription COGS,22160.42
FY2026-Q2-Reforecast,2026-09-30,CC-1200,Customer Success,6020,Payroll Taxes & Benefits,Subscription COGS,49818.35
FY2026-Q2-Reforecast,2026-09-30,CC-1200,Customer Success,6200,Software & Subscriptions,Subscription COGS,3866.18
FY2026-Q2-Reforecast,2026-09-30,CC-1200,Customer Success,6300,Travel & Entertainment,Subscription COGS,2965.58
FY2026-Q2-Reforecast,2026-09-30,CC-2000,Support,5010,Third-Party Data & APIs,Subscription COGS,1472.92
FY2026-Q2-Reforecast,2026-09-30,CC-2000,Support,6000,Salaries & Wages,Subscription COGS,68566.36
FY2026-Q2-Reforecast,2026-09-30,CC-2000,Support,6010,Bonus,Subscription COGS,6981.47
FY2026-Q2-Reforecast,2026-09-30,CC-2000,Support,6020,Payroll Taxes & Benefits,Subscription COGS,15487.31
FY2026-Q2-Reforecast,2026-09-30,CC-2000,Support,6200,Software & Subscriptions,Subscription COGS,1132.70
FY2026-Q2-Reforecast,2026-09-30,CC-2010,Cloud Operations,5000,Cloud Hosting,Subscription COGS,150894.95
FY2026-Q2-Reforecast,2026-09-30,CC-2010,Cloud Operations,5010,Third-Party Data & APIs,Subscription COGS,874.45
FY2026-Q2-Reforecast,2026-09-30,CC-2010,Cloud Operations,5020,Payment Processing Fees,Subscription COGS,12797.98
FY2026-Q2-Reforecast,2026-09-30,CC-2010,Cloud Operations,6000,Salaries & Wages,Subscription COGS,59906.59
FY2026-Q2-Reforecast,2026-09-30,CC-2010,Cloud Operations,6010,Bonus,Subscription COGS,5812.63
FY2026-Q2-Reforecast,2026-09-30,CC-2010,Cloud Operations,6020,Payroll Taxes & Benefits,Subscription COGS,13472.44
FY2026-Q2-Reforecast,2026-09-30,CC-2010,Cloud Operations,6050,Contractor & Temp Labor,Subscription COGS,16827.02
FY2026-Q2-Reforecast,2026-09-30,CC-2010,Cloud Operations,6200,Software & Subscriptions,Subscription COGS,917.40
FY2026-Q2-Reforecast,2026-09-30,CC-2010,Cloud Operations,6900,Other Operating Expense,Subscription COGS,144.10
FY2026-Q2-Reforecast,2026-09-30,CC-2100,Professional Services,5030,Services Subcontractors,Services COGS,3892.33
FY2026-Q2-Reforecast,2026-09-30,CC-2100,Professional Services,6000,Salaries & Wages,Services COGS,46328.37
FY2026-Q2-Reforecast,2026-09-30,CC-2100,Professional Services,6010,Bonus,Services COGS,4092.81
FY2026-Q2-Reforecast,2026-09-30,CC-2100,Professional Services,6020,Payroll Taxes & Benefits,Services COGS,10336.34
FY2026-Q2-Reforecast,2026-09-30,CC-2100,Professional Services,6200,Software & Subscriptions,Services COGS,1111.65
FY2026-Q2-Reforecast,2026-09-30,CC-2100,Professional Services,6300,Travel & Entertainment,Services COGS,2669.97
FY2026-Q2-Reforecast,2026-09-30,CC-3000,Engineering,6000,Salaries & Wages,Research & Development,386386.10
FY2026-Q2-Reforecast,2026-09-30,CC-3000,Engineering,6010,Bonus,Research & Development,36758.37
FY2026-Q2-Reforecast,2026-09-30,CC-3000,Engineering,6020,Payroll Taxes & Benefits,Research & Development,86744.62
FY2026-Q2-Reforecast,2026-09-30,CC-3000,Engineering,6050,Contractor & Temp Labor,Research & Development,27006.07
FY2026-Q2-Reforecast,2026-09-30,CC-3000,Engineering,6200,Software & Subscriptions,Research & Development,10876.27
FY2026-Q2-Reforecast,2026-09-30,CC-3000,Engineering,6300,Travel & Entertainment,Research & Development,2304.23
FY2026-Q2-Reforecast,2026-09-30,CC-3000,Engineering,6450,Training & Enablement,Research & Development,1570.71
FY2026-Q2-Reforecast,2026-09-30,CC-3000,Engineering,6900,Other Operating Expense,Research & Development,1136.05
FY2026-Q2-Reforecast,2026-09-30,CC-3010,Quality & Release,6000,Salaries & Wages,Research & Development,51255.95
FY2026-Q2-Reforecast,2026-09-30,CC-3010,Quality & Release,6010,Bonus,Research & Development,4100.48
FY2026-Q2-Reforecast,2026-09-30,CC-3010,Quality & Release,6020,Payroll Taxes & Benefits,Research & Development,11348.06
FY2026-Q2-Reforecast,2026-09-30,CC-3010,Quality & Release,6050,Contractor & Temp Labor,Research & Development,9469.95
FY2026-Q2-Reforecast,2026-09-30,CC-3010,Quality & Release,6200,Software & Subscriptions,Research & Development,1759.30
FY2026-Q2-Reforecast,2026-09-30,CC-3100,Product & Design,6000,Salaries & Wages,Research & Development,150473.68
FY2026-Q2-Reforecast,2026-09-30,CC-3100,Product & Design,6010,Bonus,Research & Development,13723.49
FY2026-Q2-Reforecast,2026-09-30,CC-3100,Product & Design,6020,Payroll Taxes & Benefits,Research & Development,33660.42
FY2026-Q2-Reforecast,2026-09-30,CC-3100,Product & Design,6050,Contractor & Temp Labor,Research & Development,10043.07
FY2026-Q2-Reforecast,2026-09-30,CC-3100,Product & Design,6200,Software & Subscriptions,Research & Development,4323.80
FY2026-Q2-Reforecast,2026-09-30,CC-3100,Product & Design,6300,Travel & Entertainment,Research & Development,1152.56
FY2026-Q2-Reforecast,2026-09-30,CC-4000,Finance & Accounting,6000,Salaries & Wages,General & Administrative,54285.50
FY2026-Q2-Reforecast,2026-09-30,CC-4000,Finance & Accounting,6010,Bonus,General & Administrative,4910.06
FY2026-Q2-Reforecast,2026-09-30,CC-4000,Finance & Accounting,6020,Payroll Taxes & Benefits,General & Administrative,12135.08
FY2026-Q2-Reforecast,2026-09-30,CC-4000,Finance & Accounting,6200,Software & Subscriptions,General & Administrative,1174.02
FY2026-Q2-Reforecast,2026-09-30,CC-4000,Finance & Accounting,6300,Travel & Entertainment,General & Administrative,663.47
FY2026-Q2-Reforecast,2026-09-30,CC-4000,Finance & Accounting,6400,Professional Fees,General & Administrative,61311.73
FY2026-Q2-Reforecast,2026-09-30,CC-4000,Finance & Accounting,6440,Depreciation & Amortisation,General & Administrative,24350.45
FY2026-Q2-Reforecast,2026-09-30,CC-4000,Finance & Accounting,6900,Other Operating Expense,General & Administrative,158.87
FY2026-Q2-Reforecast,2026-09-30,CC-4010,People Operations,6000,Salaries & Wages,General & Administrative,64332.29
FY2026-Q2-Reforecast,2026-09-30,CC-4010,People Operations,6010,Bonus,General & Administrative,6869.13
FY2026-Q2-Reforecast,2026-09-30,CC-4010,People Operations,6020,Payroll Taxes & Benefits,General & Administrative,14596.29
FY2026-Q2-Reforecast,2026-09-30,CC-4010,People Operations,6200,Software & Subscriptions,General & Administrative,1114.97
FY2026-Q2-Reforecast,2026-09-30,CC-4010,People Operations,6410,Recruiting Fees,General & Administrative,28971.01
FY2026-Q2-Reforecast,2026-09-30,CC-4010,People Operations,6450,Training & Enablement,General & Administrative,229.95
FY2026-Q2-Reforecast,2026-09-30,CC-4020,Legal & Corporate,6000,Salaries & Wages,General & Administrative,19035.05
FY2026-Q2-Reforecast,2026-09-30,CC-4020,Legal & Corporate,6010,Bonus,General & Administrative,1522.81
FY2026-Q2-Reforecast,2026-09-30,CC-4020,Legal & Corporate,6020,Payroll Taxes & Benefits,General & Administrative,4214.36
FY2026-Q2-Reforecast,2026-09-30,CC-4020,Legal & Corporate,6200,Software & Subscriptions,General & Administrative,652.36
FY2026-Q2-Reforecast,2026-09-30,CC-4020,Legal & Corporate,6300,Travel & Entertainment,General & Administrative,357.95
FY2026-Q2-Reforecast,2026-09-30,CC-4020,Legal & Corporate,6400,Professional Fees,General & Administrative,35732.51
FY2026-Q2-Reforecast,2026-09-30,CC-4020,Legal & Corporate,6430,Insurance,General & Administrative,22499.61
FY2026-Q2-Reforecast,2026-09-30,CC-4030,IT & Corporate Systems,6000,Salaries & Wages,General & Administrative,56092.28
FY2026-Q2-Reforecast,2026-09-30,CC-4030,IT & Corporate Systems,6010,Bonus,General & Administrative,6243.16
FY2026-Q2-Reforecast,2026-09-30,CC-4030,IT & Corporate Systems,6020,Payroll Taxes & Benefits,General & Administrative,12778.77
FY2026-Q2-Reforecast,2026-09-30,CC-4030,IT & Corporate Systems,6050,Contractor & Temp Labor,General & Administrative,6332.05
FY2026-Q2-Reforecast,2026-09-30,CC-4030,IT & Corporate Systems,6200,Software & Subscriptions,General & Administrative,812.33
FY2026-Q2-Reforecast,2026-09-30,CC-4030,IT & Corporate Systems,6420,Facilities & Rent,General & Administrative,39418.68
FY2026-Q2-Reforecast,2026-09-30,CC-4030,IT & Corporate Systems,6900,Other Operating Expense,General & Administrative,109.82
FY2026-Q2-Reforecast,2026-09-30,CC-9000,Revenue,4000,Subscription Revenue,Subscription Revenue,-2701036.65
FY2026-Q2-Reforecast,2026-09-30,CC-9000,Revenue,4010,Usage Revenue Above Commitment,Subscription Revenue,-57938.48
FY2026-Q2-Reforecast,2026-09-30,CC-9000,Revenue,4100,Professional Services Revenue,Services Revenue,-7418.92
FY2026-Q2-Reforecast,2026-09-30,CC-9000,Revenue,4110,Implementation Fee Revenue,Services Revenue,-52153.95
FY2026-Q2-Reforecast,2026-09-30,CC-9000,Corporate,9000,Ending ARR,Memo - ARR,33951734.62
FY2026-Q2-Reforecast,2026-09-30,CC-9000,Corporate,9010,New Logo ARR,Memo - ARR,538005.03
FY2026-Q2-Reforecast,2026-09-30,CC-9000,Corporate,9020,Expansion ARR,Memo - ARR,597224.20
FY2026-Q2-Reforecast,2026-09-30,CC-9000,Corporate,9030,Reactivation ARR,Memo - ARR,23406.79
FY2026-Q2-Reforecast,2026-09-30,CC-9000,Corporate,9040,Contraction ARR,Memo - ARR,-88854.90
FY2026-Q2-Reforecast,2026-09-30,CC-9000,Corporate,9050,Churn ARR,Memo - ARR,-371099.86
FY2026-Q2-Reforecast,2026-09-30,CC-9000,Corporate,9100,New Logos Added,Memo - Statistical,16.00
FY2026-Q2-Reforecast,2026-09-30,CC-9000,Corporate,9200,Ending Headcount,Memo - Statistical,206.80
FY2026-Q2-Reforecast,2026-09-30,CC-9000,Corporate,9300,Ending Cash,Memo - Statistical,20551816.08
FY2026-Q2-Reforecast,2026-10-31,CC-1000,Sales - SMB,6000,Salaries & Wages,Sales & Marketing,88060.51
FY2026-Q2-Reforecast,2026-10-31,CC-1000,Sales - SMB,6020,Payroll Taxes & Benefits,Sales & Marketing,18052.41
FY2026-Q2-Reforecast,2026-10-31,CC-1000,Sales - SMB,6030,Sales Commissions,Sales & Marketing,16182.73
FY2026-Q2-Reforecast,2026-10-31,CC-1000,Sales - SMB,6040,Commission Amortisation,Sales & Marketing,8475.01
FY2026-Q2-Reforecast,2026-10-31,CC-1000,Sales - SMB,6200,Software & Subscriptions,Sales & Marketing,4142.86
FY2026-Q2-Reforecast,2026-10-31,CC-1000,Sales - SMB,6300,Travel & Entertainment,Sales & Marketing,6015.24
FY2026-Q2-Reforecast,2026-10-31,CC-1000,Sales - SMB,6450,Training & Enablement,Sales & Marketing,486.63
FY2026-Q2-Reforecast,2026-10-31,CC-1010,Sales - Mid-Market,6000,Salaries & Wages,Sales & Marketing,117179.34
FY2026-Q2-Reforecast,2026-10-31,CC-1010,Sales - Mid-Market,6020,Payroll Taxes & Benefits,Sales & Marketing,24021.77
FY2026-Q2-Reforecast,2026-10-31,CC-1010,Sales - Mid-Market,6030,Sales Commissions,Sales & Marketing,30894.29
FY2026-Q2-Reforecast,2026-10-31,CC-1010,Sales - Mid-Market,6040,Commission Amortisation,Sales & Marketing,16179.56
FY2026-Q2-Reforecast,2026-10-31,CC-1010,Sales - Mid-Market,6200,Software & Subscriptions,Sales & Marketing,4955.14
FY2026-Q2-Reforecast,2026-10-31,CC-1010,Sales - Mid-Market,6300,Travel & Entertainment,Sales & Marketing,6866.87
FY2026-Q2-Reforecast,2026-10-31,CC-1010,Sales - Mid-Market,6450,Training & Enablement,Sales & Marketing,567.53
FY2026-Q2-Reforecast,2026-10-31,CC-1020,Sales - Enterprise,6000,Salaries & Wages,Sales & Marketing,74566.19
FY2026-Q2-Reforecast,2026-10-31,CC-1020,Sales - Enterprise,6020,Payroll Taxes & Benefits,Sales & Marketing,15286.07
FY2026-Q2-Reforecast,2026-10-31,CC-1020,Sales - Enterprise,6030,Sales Commissions,Sales & Marketing,26480.81
FY2026-Q2-Reforecast,2026-10-31,CC-1020,Sales - Enterprise,6040,Commission Amortisation,Sales & Marketing,13868.20
FY2026-Q2-Reforecast,2026-10-31,CC-1020,Sales - Enterprise,6200,Software & Subscriptions,Sales & Marketing,2690.48
FY2026-Q2-Reforecast,2026-10-31,CC-1020,Sales - Enterprise,6300,Travel & Entertainment,Sales & Marketing,3676.28
FY2026-Q2-Reforecast,2026-10-31,CC-1020,Sales - Enterprise,6450,Training & Enablement,Sales & Marketing,355.12
FY2026-Q2-Reforecast,2026-10-31,CC-1030,Sales Development,6000,Salaries & Wages,Sales & Marketing,59481.07
FY2026-Q2-Reforecast,2026-10-31,CC-1030,Sales Development,6020,Payroll Taxes & Benefits,Sales & Marketing,12193.62
FY2026-Q2-Reforecast,2026-10-31,CC-1030,Sales Development,6200,Software & Subscriptions,Sales & Marketing,2557.72
FY2026-Q2-Reforecast,2026-10-31,CC-1030,Sales Development,6300,Travel & Entertainment,Sales & Marketing,3134.22
FY2026-Q2-Reforecast,2026-10-31,CC-1030,Sales Development,6450,Training & Enablement,Sales & Marketing,271.10
FY2026-Q2-Reforecast,2026-10-31,CC-1040,Sales Operations,6000,Salaries & Wages,Sales & Marketing,38407.61
FY2026-Q2-Reforecast,2026-10-31,CC-1040,Sales Operations,6020,Payroll Taxes & Benefits,Sales & Marketing,7873.56
FY2026-Q2-Reforecast,2026-10-31,CC-1040,Sales Operations,6200,Software & Subscriptions,Sales & Marketing,1576.09
FY2026-Q2-Reforecast,2026-10-31,CC-1040,Sales Operations,6300,Travel & Entertainment,Sales & Marketing,2571.07
FY2026-Q2-Reforecast,2026-10-31,CC-1050,Solutions Engineering,6000,Salaries & Wages,Sales & Marketing,32017.01
FY2026-Q2-Reforecast,2026-10-31,CC-1050,Solutions Engineering,6020,Payroll Taxes & Benefits,Sales & Marketing,6563.48
FY2026-Q2-Reforecast,2026-10-31,CC-1050,Solutions Engineering,6200,Software & Subscriptions,Sales & Marketing,1340.42
FY2026-Q2-Reforecast,2026-10-31,CC-1050,Solutions Engineering,6300,Travel & Entertainment,Sales & Marketing,1697.53
FY2026-Q2-Reforecast,2026-10-31,CC-1060,Sales Leadership,6000,Salaries & Wages,Sales & Marketing,30609.07
FY2026-Q2-Reforecast,2026-10-31,CC-1060,Sales Leadership,6020,Payroll Taxes & Benefits,Sales & Marketing,6274.86
FY2026-Q2-Reforecast,2026-10-31,CC-1060,Sales Leadership,6200,Software & Subscriptions,Sales & Marketing,1180.21
FY2026-Q2-Reforecast,2026-10-31,CC-1060,Sales Leadership,6300,Travel & Entertainment,Sales & Marketing,1761.75
FY2026-Q2-Reforecast,2026-10-31,CC-1060,Sales Leadership,6450,Training & Enablement,Sales & Marketing,142.46
FY2026-Q2-Reforecast,2026-10-31,CC-1100,Demand Generation,6000,Salaries & Wages,Sales & Marketing,92211.20
FY2026-Q2-Reforecast,2026-10-31,CC-1100,Demand Generation,6010,Bonus,Sales & Marketing,8949.59
FY2026-Q2-Reforecast,2026-10-31,CC-1100,Demand Generation,6020,Payroll Taxes & Benefits,Sales & Marketing,20737.96
FY2026-Q2-Reforecast,2026-10-31,CC-1100,Demand Generation,6050,Contractor & Temp Labor,Sales & Marketing,16442.68
FY2026-Q2-Reforecast,2026-10-31,CC-1100,Demand Generation,6100,Demand Generation,Sales & Marketing,214407.64
FY2026-Q2-Reforecast,2026-10-31,CC-1100,Demand Generation,6110,Events & Field Marketing,Sales & Marketing,87618.35
FY2026-Q2-Reforecast,2026-10-31,CC-1100,Demand Generation,6200,Software & Subscriptions,Sales & Marketing,2885.12
FY2026-Q2-Reforecast,2026-10-31,CC-1100,Demand Generation,6300,Travel & Entertainment,Sales & Marketing,2607.90
FY2026-Q2-Reforecast,2026-10-31,CC-1100,Demand Generation,6450,Training & Enablement,Sales & Marketing,440.91
FY2026-Q2-Reforecast,2026-10-31,CC-1110,Product Marketing,6000,Salaries & Wages,Sales & Marketing,76440.39
FY2026-Q2-Reforecast,2026-10-31,CC-1110,Product Marketing,6010,Bonus,Sales & Marketing,7048.13
FY2026-Q2-Reforecast,2026-10-31,CC-1110,Product Marketing,6020,Payroll Taxes & Benefits,Sales & Marketing,17115.14
FY2026-Q2-Reforecast,2026-10-31,CC-1110,Product Marketing,6120,Brand & Content,Sales & Marketing,65360.18
FY2026-Q2-Reforecast,2026-10-31,CC-1110,Product Marketing,6200,Software & Subscriptions,Sales & Marketing,2967.35
FY2026-Q2-Reforecast,2026-10-31,CC-1110,Product Marketing,6300,Travel & Entertainment,Sales & Marketing,2289.42
FY2026-Q2-Reforecast,2026-10-31,CC-1200,Customer Success,6000,Salaries & Wages,Subscription COGS,221275.79
FY2026-Q2-Reforecast,2026-10-31,CC-1200,Customer Success,6010,Bonus,Subscription COGS,22202.55
FY2026-Q2-Reforecast,2026-10-31,CC-1200,Customer Success,6020,Payroll Taxes & Benefits,Subscription COGS,49913.06
FY2026-Q2-Reforecast,2026-10-31,CC-1200,Customer Success,6200,Software & Subscriptions,Subscription COGS,3595.51
FY2026-Q2-Reforecast,2026-10-31,CC-1200,Customer Success,6300,Travel & Entertainment,Subscription COGS,3140.83
FY2026-Q2-Reforecast,2026-10-31,CC-2000,Support,5010,Third-Party Data & APIs,Subscription COGS,1441.96
FY2026-Q2-Reforecast,2026-10-31,CC-2000,Support,6000,Salaries & Wages,Subscription COGS,68696.70
FY2026-Q2-Reforecast,2026-10-31,CC-2000,Support,6010,Bonus,Subscription COGS,6994.74
FY2026-Q2-Reforecast,2026-10-31,CC-2000,Support,6020,Payroll Taxes & Benefits,Subscription COGS,15516.75
FY2026-Q2-Reforecast,2026-10-31,CC-2000,Support,6200,Software & Subscriptions,Subscription COGS,1081.49
FY2026-Q2-Reforecast,2026-10-31,CC-2010,Cloud Operations,5000,Cloud Hosting,Subscription COGS,167901.55
FY2026-Q2-Reforecast,2026-10-31,CC-2010,Cloud Operations,5010,Third-Party Data & APIs,Subscription COGS,899.47
FY2026-Q2-Reforecast,2026-10-31,CC-2010,Cloud Operations,5020,Payment Processing Fees,Subscription COGS,18122.43
FY2026-Q2-Reforecast,2026-10-31,CC-2010,Cloud Operations,6000,Salaries & Wages,Subscription COGS,60020.47
FY2026-Q2-Reforecast,2026-10-31,CC-2010,Cloud Operations,6010,Bonus,Subscription COGS,5823.68
FY2026-Q2-Reforecast,2026-10-31,CC-2010,Cloud Operations,6020,Payroll Taxes & Benefits,Subscription COGS,13498.05
FY2026-Q2-Reforecast,2026-10-31,CC-2010,Cloud Operations,6050,Contractor & Temp Labor,Subscription COGS,16348.97
FY2026-Q2-Reforecast,2026-10-31,CC-2010,Cloud Operations,6200,Software & Subscriptions,Subscription COGS,995.79
FY2026-Q2-Reforecast,2026-10-31,CC-2010,Cloud Operations,6900,Other Operating Expense,Subscription COGS,137.39
FY2026-Q2-Reforecast,2026-10-31,CC-2100,Professional Services,5030,Services Subcontractors,Services COGS,3897.56
FY2026-Q2-Reforecast,2026-10-31,CC-2100,Professional Services,6000,Salaries & Wages,Services COGS,46416.44
FY2026-Q2-Reforecast,2026-10-31,CC-2100,Professional Services,6010,Bonus,Services COGS,4100.60
FY2026-Q2-Reforecast,2026-10-31,CC-2100,Professional Services,6020,Payroll Taxes & Benefits,Services COGS,10355.99
FY2026-Q2-Reforecast,2026-10-31,CC-2100,Professional Services,6200,Software & Subscriptions,Services COGS,1119.90
FY2026-Q2-Reforecast,2026-10-31,CC-2100,Professional Services,6300,Travel & Entertainment,Services COGS,2142.79
FY2026-Q2-Reforecast,2026-10-31,CC-3000,Engineering,6000,Salaries & Wages,Research & Development,393748.93
FY2026-Q2-Reforecast,2026-10-31,CC-3000,Engineering,6010,Bonus,Research & Development,37358.51
FY2026-Q2-Reforecast,2026-10-31,CC-3000,Engineering,6020,Payroll Taxes & Benefits,Research & Development,88377.03
FY2026-Q2-Reforecast,2026-10-31,CC-3000,Engineering,6050,Contractor & Temp Labor,Research & Development,26439.19
FY2026-Q2-Reforecast,2026-10-31,CC-3000,Engineering,6200,Software & Subscriptions,Research & Development,11656.63
FY2026-Q2-Reforecast,2026-10-31,CC-3000,Engineering,6300,Travel & Entertainment,Research & Development,2490.96
FY2026-Q2-Reforecast,2026-10-31,CC-3000,Engineering,6450,Training & Enablement,Research & Development,1986.87
FY2026-Q2-Reforecast,2026-10-31,CC-3000,Engineering,6900,Other Operating Expense,Research & Development,1165.86
FY2026-Q2-Reforecast,2026-10-31,CC-3010,Quality & Release,6000,Salaries & Wages,Research & Development,75654.13
FY2026-Q2-Reforecast,2026-10-31,CC-3010,Quality & Release,6010,Bonus,Research & Development,9454.44
FY2026-Q2-Reforecast,2026-10-31,CC-3010,Quality & Release,6020,Payroll Taxes & Benefits,Research & Development,17447.26
FY2026-Q2-Reforecast,2026-10-31,CC-3010,Quality & Release,6050,Contractor & Temp Labor,Research & Development,9016.45
FY2026-Q2-Reforecast,2026-10-31,CC-3010,Quality & Release,6200,Software & Subscriptions,Research & Development,2211.98
FY2026-Q2-Reforecast,2026-10-31,CC-3100,Product & Design,6000,Salaries & Wages,Research & Development,170790.93
FY2026-Q2-Reforecast,2026-10-31,CC-3100,Product & Design,6010,Bonus,Research & Development,15352.07
FY2026-Q2-Reforecast,2026-10-31,CC-3100,Product & Design,6020,Payroll Taxes & Benefits,Research & Development,38159.32
FY2026-Q2-Reforecast,2026-10-31,CC-3100,Product & Design,6050,Contractor & Temp Labor,Research & Development,9661.21
FY2026-Q2-Reforecast,2026-10-31,CC-3100,Product & Design,6200,Software & Subscriptions,Research & Development,5374.72
FY2026-Q2-Reforecast,2026-10-31,CC-3100,Product & Design,6300,Travel & Entertainment,Research & Development,1362.02
FY2026-Q2-Reforecast,2026-10-31,CC-4000,Finance & Accounting,6000,Salaries & Wages,General & Administrative,66164.23
FY2026-Q2-Reforecast,2026-10-31,CC-4000,Finance & Accounting,6010,Bonus,General & Administrative,5861.44
FY2026-Q2-Reforecast,2026-10-31,CC-4000,Finance & Accounting,6020,Payroll Taxes & Benefits,General & Administrative,14765.26
FY2026-Q2-Reforecast,2026-10-31,CC-4000,Finance & Accounting,6200,Software & Subscriptions,General & Administrative,1491.45
FY2026-Q2-Reforecast,2026-10-31,CC-4000,Finance & Accounting,6300,Travel & Entertainment,General & Administrative,744.79
FY2026-Q2-Reforecast,2026-10-31,CC-4000,Finance & Accounting,6400,Professional Fees,General & Administrative,41921.18
FY2026-Q2-Reforecast,2026-10-31,CC-4000,Finance & Accounting,6440,Depreciation & Amortisation,General & Administrative,24535.30
FY2026-Q2-Reforecast,2026-10-31,CC-4000,Finance & Accounting,6900,Other Operating Expense,General & Administrative,186.67
FY2026-Q2-Reforecast,2026-10-31,CC-4010,People Operations,6000,Salaries & Wages,General & Administrative,64454.58
FY2026-Q2-Reforecast,2026-10-31,CC-4010,People Operations,6010,Bonus,General & Administrative,6882.19
FY2026-Q2-Reforecast,2026-10-31,CC-4010,People Operations,6020,Payroll Taxes & Benefits,General & Administrative,14624.04
FY2026-Q2-Reforecast,2026-10-31,CC-4010,People Operations,6200,Software & Subscriptions,General & Administrative,1065.79
FY2026-Q2-Reforecast,2026-10-31,CC-4010,People Operations,6410,Recruiting Fees,General & Administrative,56523.44
FY2026-Q2-Reforecast,2026-10-31,CC-4010,People Operations,6450,Training & Enablement,General & Administrative,215.66
FY2026-Q2-Reforecast,2026-10-31,CC-4020,Legal & Corporate,6000,Salaries & Wages,General & Administrative,19071.24
FY2026-Q2-Reforecast,2026-10-31,CC-4020,Legal & Corporate,6010,Bonus,General & Administrative,1525.70
FY2026-Q2-Reforecast,2026-10-31,CC-4020,Legal & Corporate,6020,Payroll Taxes & Benefits,General & Administrative,4222.37
FY2026-Q2-Reforecast,2026-10-31,CC-4020,Legal & Corporate,6200,Software & Subscriptions,General & Administrative,604.17
FY2026-Q2-Reforecast,2026-10-31,CC-4020,Legal & Corporate,6300,Travel & Entertainment,General & Administrative,350.62
FY2026-Q2-Reforecast,2026-10-31,CC-4020,Legal & Corporate,6400,Professional Fees,General & Administrative,21146.31
FY2026-Q2-Reforecast,2026-10-31,CC-4020,Legal & Corporate,6430,Insurance,General & Administrative,21047.36
FY2026-Q2-Reforecast,2026-10-31,CC-4030,IT & Corporate Systems,6000,Salaries & Wages,General & Administrative,56198.91
FY2026-Q2-Reforecast,2026-10-31,CC-4030,IT & Corporate Systems,6010,Bonus,General & Administrative,6255.02
FY2026-Q2-Reforecast,2026-10-31,CC-4030,IT & Corporate Systems,6020,Payroll Taxes & Benefits,General & Administrative,12803.06
FY2026-Q2-Reforecast,2026-10-31,CC-4030,IT & Corporate Systems,6050,Contractor & Temp Labor,General & Administrative,6668.54
FY2026-Q2-Reforecast,2026-10-31,CC-4030,IT & Corporate Systems,6200,Software & Subscriptions,General & Administrative,843.09
FY2026-Q2-Reforecast,2026-10-31,CC-4030,IT & Corporate Systems,6420,Facilities & Rent,General & Administrative,44135.32
FY2026-Q2-Reforecast,2026-10-31,CC-4030,IT & Corporate Systems,6900,Other Operating Expense,General & Administrative,107.64
FY2026-Q2-Reforecast,2026-10-31,CC-9000,Revenue,4000,Subscription Revenue,Subscription Revenue,-2744245.35
FY2026-Q2-Reforecast,2026-10-31,CC-9000,Revenue,4010,Usage Revenue Above Commitment,Subscription Revenue,-58865.32
FY2026-Q2-Reforecast,2026-10-31,CC-9000,Revenue,4100,Professional Services Revenue,Services Revenue,-10602.55
FY2026-Q2-Reforecast,2026-10-31,CC-9000,Revenue,4110,Implementation Fee Revenue,Services Revenue,-46080.33
FY2026-Q2-Reforecast,2026-10-31,CC-9000,Corporate,9000,Ending ARR,Memo - ARR,34362348.99
FY2026-Q2-Reforecast,2026-10-31,CC-9000,Corporate,9010,New Logo ARR,Memo - ARR,333050.73
FY2026-Q2-Reforecast,2026-10-31,CC-9000,Corporate,9020,Expansion ARR,Memo - ARR,369710.22
FY2026-Q2-Reforecast,2026-10-31,CC-9000,Corporate,9030,Reactivation ARR,Memo - ARR,14489.92
FY2026-Q2-Reforecast,2026-10-31,CC-9000,Corporate,9040,Contraction ARR,Memo - ARR,-59236.60
FY2026-Q2-Reforecast,2026-10-31,CC-9000,Corporate,9050,Churn ARR,Memo - ARR,-247399.90
FY2026-Q2-Reforecast,2026-10-31,CC-9000,Corporate,9100,New Logos Added,Memo - Statistical,16.00
FY2026-Q2-Reforecast,2026-10-31,CC-9000,Corporate,9200,Ending Headcount,Memo - Statistical,206.60
FY2026-Q2-Reforecast,2026-10-31,CC-9000,Corporate,9300,Ending Cash,Memo - Statistical,19936544.48
FY2026-Q2-Reforecast,2026-11-30,CC-1000,Sales - SMB,6000,Salaries & Wages,Sales & Marketing,78162.34
FY2026-Q2-Reforecast,2026-11-30,CC-1000,Sales - SMB,6020,Payroll Taxes & Benefits,Sales & Marketing,16023.29
FY2026-Q2-Reforecast,2026-11-30,CC-1000,Sales - SMB,6030,Sales Commissions,Sales & Marketing,9608.92
FY2026-Q2-Reforecast,2026-11-30,CC-1000,Sales - SMB,6040,Commission Amortisation,Sales & Marketing,8923.45
FY2026-Q2-Reforecast,2026-11-30,CC-1000,Sales - SMB,6200,Software & Subscriptions,Sales & Marketing,3382.26
FY2026-Q2-Reforecast,2026-11-30,CC-1000,Sales - SMB,6300,Travel & Entertainment,Sales & Marketing,5572.87
FY2026-Q2-Reforecast,2026-11-30,CC-1000,Sales - SMB,6450,Training & Enablement,Sales & Marketing,456.99
FY2026-Q2-Reforecast,2026-11-30,CC-1010,Sales - Mid-Market,6000,Salaries & Wages,Sales & Marketing,108184.60
FY2026-Q2-Reforecast,2026-11-30,CC-1010,Sales - Mid-Market,6020,Payroll Taxes & Benefits,Sales & Marketing,22177.85
FY2026-Q2-Reforecast,2026-11-30,CC-1010,Sales - Mid-Market,6030,Sales Commissions,Sales & Marketing,18344.29
FY2026-Q2-Reforecast,2026-11-30,CC-1010,Sales - Mid-Market,6040,Commission Amortisation,Sales & Marketing,17035.66
FY2026-Q2-Reforecast,2026-11-30,CC-1010,Sales - Mid-Market,6200,Software & Subscriptions,Sales & Marketing,4767.35
FY2026-Q2-Reforecast,2026-11-30,CC-1010,Sales - Mid-Market,6300,Travel & Entertainment,Sales & Marketing,6542.56
FY2026-Q2-Reforecast,2026-11-30,CC-1010,Sales - Mid-Market,6450,Training & Enablement,Sales & Marketing,565.44
FY2026-Q2-Reforecast,2026-11-30,CC-1020,Sales - Enterprise,6000,Salaries & Wages,Sales & Marketing,74744.06
FY2026-Q2-Reforecast,2026-11-30,CC-1020,Sales - Enterprise,6020,Payroll Taxes & Benefits,Sales & Marketing,15322.54
FY2026-Q2-Reforecast,2026-11-30,CC-1020,Sales - Enterprise,6030,Sales Commissions,Sales & Marketing,15723.68
FY2026-Q2-Reforecast,2026-11-30,CC-1020,Sales - Enterprise,6040,Commission Amortisation,Sales & Marketing,14602.00
FY2026-Q2-Reforecast,2026-11-30,CC-1020,Sales - Enterprise,6200,Software & Subscriptions,Sales & Marketing,3032.59
FY2026-Q2-Reforecast,2026-11-30,CC-1020,Sales - Enterprise,6300,Travel & Entertainment,Sales & Marketing,4037.94
FY2026-Q2-Reforecast,2026-11-30,CC-1020,Sales - Enterprise,6450,Training & Enablement,Sales & Marketing,366.19
FY2026-Q2-Reforecast,2026-11-30,CC-1030,Sales Development,6000,Salaries & Wages,Sales & Marketing,59622.96
FY2026-Q2-Reforecast,2026-11-30,CC-1030,Sales Development,6020,Payroll Taxes & Benefits,Sales & Marketing,12222.71
FY2026-Q2-Reforecast,2026-11-30,CC-1030,Sales Development,6200,Software & Subscriptions,Sales & Marketing,2499.06
FY2026-Q2-Reforecast,2026-11-30,CC-1030,Sales Development,6300,Travel & Entertainment,Sales & Marketing,3531.76
FY2026-Q2-Reforecast,2026-11-30,CC-1030,Sales Development,6450,Training & Enablement,Sales & Marketing,319.10
FY2026-Q2-Reforecast,2026-11-30,CC-1040,Sales Operations,6000,Salaries & Wages,Sales & Marketing,38499.23
FY2026-Q2-Reforecast,2026-11-30,CC-1040,Sales Operations,6020,Payroll Taxes & Benefits,Sales & Marketing,7892.35
FY2026-Q2-Reforecast,2026-11-30,CC-1040,Sales Operations,6200,Software & Subscriptions,Sales & Marketing,1605.66
FY2026-Q2-Reforecast,2026-11-30,CC-1040,Sales Operations,6300,Travel & Entertainment,Sales & Marketing,2294.05
FY2026-Q2-Reforecast,2026-11-30,CC-1050,Solutions Engineering,6000,Salaries & Wages,Sales & Marketing,32093.39
FY2026-Q2-Reforecast,2026-11-30,CC-1050,Solutions Engineering,6020,Payroll Taxes & Benefits,Sales & Marketing,6579.14
FY2026-Q2-Reforecast,2026-11-30,CC-1050,Solutions Engineering,6200,Software & Subscriptions,Sales & Marketing,1145.93
FY2026-Q2-Reforecast,2026-11-30,CC-1050,Solutions Engineering,6300,Travel & Entertainment,Sales & Marketing,1655.12
FY2026-Q2-Reforecast,2026-11-30,CC-1060,Sales Leadership,6000,Salaries & Wages,Sales & Marketing,30682.09
FY2026-Q2-Reforecast,2026-11-30,CC-1060,Sales Leadership,6020,Payroll Taxes & Benefits,Sales & Marketing,6289.83
FY2026-Q2-Reforecast,2026-11-30,CC-1060,Sales Leadership,6200,Software & Subscriptions,Sales & Marketing,1298.43
FY2026-Q2-Reforecast,2026-11-30,CC-1060,Sales Leadership,6300,Travel & Entertainment,Sales & Marketing,1619.28
FY2026-Q2-Reforecast,2026-11-30,CC-1060,Sales Leadership,6450,Training & Enablement,Sales & Marketing,155.51
FY2026-Q2-Reforecast,2026-11-30,CC-1100,Demand Generation,6000,Salaries & Wages,Sales & Marketing,107928.00
FY2026-Q2-Reforecast,2026-11-30,CC-1100,Demand Generation,6010,Bonus,Sales & Marketing,10830.56
FY2026-Q2-Reforecast,2026-11-30,CC-1100,Demand Generation,6020,Payroll Taxes & Benefits,Sales & Marketing,24345.50
FY2026-Q2-Reforecast,2026-11-30,CC-1100,Demand Generation,6050,Contractor & Temp Labor,Sales & Marketing,14467.53
FY2026-Q2-Reforecast,2026-11-30,CC-1100,Demand Generation,6100,Demand Generation,Sales & Marketing,207176.79
FY2026-Q2-Reforecast,2026-11-30,CC-1100,Demand Generation,6110,Events & Field Marketing,Sales & Marketing,81758.58
FY2026-Q2-Reforecast,2026-11-30,CC-1100,Demand Generation,6200,Software & Subscriptions,Sales & Marketing,3605.49
FY2026-Q2-Reforecast,2026-11-30,CC-1100,Demand Generation,6300,Travel & Entertainment,Sales & Marketing,2895.73
FY2026-Q2-Reforecast,2026-11-30,CC-1100,Demand Generation,6450,Training & Enablement,Sales & Marketing,483.85
FY2026-Q2-Reforecast,2026-11-30,CC-1110,Product Marketing,6000,Salaries & Wages,Sales & Marketing,76622.74
FY2026-Q2-Reforecast,2026-11-30,CC-1110,Product Marketing,6010,Bonus,Sales & Marketing,7064.94
FY2026-Q2-Reforecast,2026-11-30,CC-1110,Product Marketing,6020,Payroll Taxes & Benefits,Sales & Marketing,17155.97
FY2026-Q2-Reforecast,2026-11-30,CC-1110,Product Marketing,6120,Brand & Content,Sales & Marketing,57180.33
FY2026-Q2-Reforecast,2026-11-30,CC-1110,Product Marketing,6200,Software & Subscriptions,Sales & Marketing,3027.15
FY2026-Q2-Reforecast,2026-11-30,CC-1110,Product Marketing,6300,Travel & Entertainment,Sales & Marketing,2283.69
FY2026-Q2-Reforecast,2026-11-30,CC-1200,Customer Success,6000,Salaries & Wages,Subscription COGS,231756.07
FY2026-Q2-Reforecast,2026-11-30,CC-1200,Customer Success,6010,Bonus,Subscription COGS,23051.71
FY2026-Q2-Reforecast,2026-11-30,CC-1200,Customer Success,6020,Payroll Taxes & Benefits,Subscription COGS,52235.59
FY2026-Q2-Reforecast,2026-11-30,CC-1200,Customer Success,6200,Software & Subscriptions,Subscription COGS,3594.11
FY2026-Q2-Reforecast,2026-11-30,CC-1200,Customer Success,6300,Travel & Entertainment,Subscription COGS,3127.71
FY2026-Q2-Reforecast,2026-11-30,CC-2000,Support,5010,Third-Party Data & APIs,Subscription COGS,1211.42
FY2026-Q2-Reforecast,2026-11-30,CC-2000,Support,6000,Salaries & Wages,Subscription COGS,77804.94
FY2026-Q2-Reforecast,2026-11-30,CC-2000,Support,6010,Bonus,Subscription COGS,7726.97
FY2026-Q2-Reforecast,2026-11-30,CC-2000,Support,6020,Payroll Taxes & Benefits,Subscription COGS,17534.04
FY2026-Q2-Reforecast,2026-11-30,CC-2000,Support,6200,Software & Subscriptions,Subscription COGS,1232.00
FY2026-Q2-Reforecast,2026-11-30,CC-2010,Cloud Operations,5000,Cloud Hosting,Subscription COGS,170211.64
FY2026-Q2-Reforecast,2026-11-30,CC-2010,Cloud Operations,5010,Third-Party Data & APIs,Subscription COGS,925.65
FY2026-Q2-Reforecast,2026-11-30,CC-2010,Cloud Operations,5020,Payment Processing Fees,Subscription COGS,14590.39
FY2026-Q2-Reforecast,2026-11-30,CC-2010,Cloud Operations,6000,Salaries & Wages,Subscription COGS,60163.65
FY2026-Q2-Reforecast,2026-11-30,CC-2010,Cloud Operations,6010,Bonus,Subscription COGS,5837.57
FY2026-Q2-Reforecast,2026-11-30,CC-2010,Cloud Operations,6020,Payroll Taxes & Benefits,Subscription COGS,13530.25
FY2026-Q2-Reforecast,2026-11-30,CC-2010,Cloud Operations,6050,Contractor & Temp Labor,Subscription COGS,17633.90
FY2026-Q2-Reforecast,2026-11-30,CC-2010,Cloud Operations,6200,Software & Subscriptions,Subscription COGS,922.25
FY2026-Q2-Reforecast,2026-11-30,CC-2010,Cloud Operations,6900,Other Operating Expense,Subscription COGS,140.77
FY2026-Q2-Reforecast,2026-11-30,CC-2100,Professional Services,5030,Services Subcontractors,Services COGS,5119.92
FY2026-Q2-Reforecast,2026-11-30,CC-2100,Professional Services,6000,Salaries & Wages,Services COGS,56296.32
FY2026-Q2-Reforecast,2026-11-30,CC-2100,Professional Services,6010,Bonus,Services COGS,5282.67
FY2026-Q2-Reforecast,2026-11-30,CC-2100,Professional Services,6020,Payroll Taxes & Benefits,Services COGS,12623.69
FY2026-Q2-Reforecast,2026-11-30,CC-2100,Professional Services,6200,Software & Subscriptions,Services COGS,1213.08
FY2026-Q2-Reforecast,2026-11-30,CC-2100,Professional Services,6300,Travel & Entertainment,Services COGS,2527.89
FY2026-Q2-Reforecast,2026-11-30,CC-3000,Engineering,6000,Salaries & Wages,Research & Development,372382.31
FY2026-Q2-Reforecast,2026-11-30,CC-3000,Engineering,6010,Bonus,Research & Development,35241.24
FY2026-Q2-Reforecast,2026-11-30,CC-3000,Engineering,6020,Payroll Taxes & Benefits,Research & Development,83562.83
FY2026-Q2-Reforecast,2026-11-30,CC-3000,Engineering,6050,Contractor & Temp Labor,Research & Development,26347.94
FY2026-Q2-Reforecast,2026-11-30,CC-3000,Engineering,6200,Software & Subscriptions,Research & Development,12008.50
FY2026-Q2-Reforecast,2026-11-30,CC-3000,Engineering,6300,Travel & Entertainment,Research & Development,2374.78
FY2026-Q2-Reforecast,2026-11-30,CC-3000,Engineering,6450,Training & Enablement,Research & Development,1849.90
FY2026-Q2-Reforecast,2026-11-30,CC-3000,Engineering,6900,Other Operating Expense,Research & Development,1068.90
FY2026-Q2-Reforecast,2026-11-30,CC-3010,Quality & Release,6000,Salaries & Wages,Research & Development,75834.61
FY2026-Q2-Reforecast,2026-11-30,CC-3010,Quality & Release,6010,Bonus,Research & Development,9476.99
FY2026-Q2-Reforecast,2026-11-30,CC-3010,Quality & Release,6020,Payroll Taxes & Benefits,Research & Development,17488.88
FY2026-Q2-Reforecast,2026-11-30,CC-3010,Quality & Release,6050,Contractor & Temp Labor,Research & Development,8859.26
FY2026-Q2-Reforecast,2026-11-30,CC-3010,Quality & Release,6200,Software & Subscriptions,Research & Development,2127.07
FY2026-Q2-Reforecast,2026-11-30,CC-3100,Product & Design,6000,Salaries & Wages,Research & Development,171445.79
FY2026-Q2-Reforecast,2026-11-30,CC-3100,Product & Design,6010,Bonus,Research & Development,15418.39
FY2026-Q2-Reforecast,2026-11-30,CC-3100,Product & Design,6020,Payroll Taxes & Benefits,Research & Development,38307.16
FY2026-Q2-Reforecast,2026-11-30,CC-3100,Product & Design,6050,Contractor & Temp Labor,Research & Development,11181.89
FY2026-Q2-Reforecast,2026-11-30,CC-3100,Product & Design,6200,Software & Subscriptions,Research & Development,5398.04
FY2026-Q2-Reforecast,2026-11-30,CC-3100,Product & Design,6300,Travel & Entertainment,Research & Development,1374.67
FY2026-Q2-Reforecast,2026-11-30,CC-4000,Finance & Accounting,6000,Salaries & Wages,General & Administrative,66322.06
FY2026-Q2-Reforecast,2026-11-30,CC-4000,Finance & Accounting,6010,Bonus,General & Administrative,5875.42
FY2026-Q2-Reforecast,2026-11-30,CC-4000,Finance & Accounting,6020,Payroll Taxes & Benefits,General & Administrative,14800.48
FY2026-Q2-Reforecast,2026-11-30,CC-4000,Finance & Accounting,6200,Software & Subscriptions,General & Administrative,1445.02
FY2026-Q2-Reforecast,2026-11-30,CC-4000,Finance & Accounting,6300,Travel & Entertainment,General & Administrative,851.40
FY2026-Q2-Reforecast,2026-11-30,CC-4000,Finance & Accounting,6400,Professional Fees,General & Administrative,44731.02
FY2026-Q2-Reforecast,2026-11-30,CC-4000,Finance & Accounting,6440,Depreciation & Amortisation,General & Administrative,24721.57
FY2026-Q2-Reforecast,2026-11-30,CC-4000,Finance & Accounting,6900,Other Operating Expense,General & Administrative,178.29
FY2026-Q2-Reforecast,2026-11-30,CC-4010,People Operations,6000,Salaries & Wages,General & Administrative,64608.34
FY2026-Q2-Reforecast,2026-11-30,CC-4010,People Operations,6010,Bonus,General & Administrative,6898.61
FY2026-Q2-Reforecast,2026-11-30,CC-4010,People Operations,6020,Payroll Taxes & Benefits,General & Administrative,14658.92
FY2026-Q2-Reforecast,2026-11-30,CC-4010,People Operations,6200,Software & Subscriptions,General & Administrative,1008.90
FY2026-Q2-Reforecast,2026-11-30,CC-4010,People Operations,6410,Recruiting Fees,General & Administrative,42344.51
FY2026-Q2-Reforecast,2026-11-30,CC-4010,People Operations,6450,Training & Enablement,General & Administrative,221.96
FY2026-Q2-Reforecast,2026-11-30,CC-4020,Legal & Corporate,6000,Salaries & Wages,General & Administrative,19116.73
FY2026-Q2-Reforecast,2026-11-30,CC-4020,Legal & Corporate,6010,Bonus,General & Administrative,1529.34
FY2026-Q2-Reforecast,2026-11-30,CC-4020,Legal & Corporate,6020,Payroll Taxes & Benefits,General & Administrative,4232.45
FY2026-Q2-Reforecast,2026-11-30,CC-4020,Legal & Corporate,6200,Software & Subscriptions,General & Administrative,661.43
FY2026-Q2-Reforecast,2026-11-30,CC-4020,Legal & Corporate,6300,Travel & Entertainment,General & Administrative,355.12
FY2026-Q2-Reforecast,2026-11-30,CC-4020,Legal & Corporate,6400,Professional Fees,General & Administrative,23150.22
FY2026-Q2-Reforecast,2026-11-30,CC-4020,Legal & Corporate,6430,Insurance,General & Administrative,23954.71
FY2026-Q2-Reforecast,2026-11-30,CC-4030,IT & Corporate Systems,6000,Salaries & Wages,General & Administrative,56332.97
FY2026-Q2-Reforecast,2026-11-30,CC-4030,IT & Corporate Systems,6010,Bonus,General & Administrative,6269.95
FY2026-Q2-Reforecast,2026-11-30,CC-4030,IT & Corporate Systems,6020,Payroll Taxes & Benefits,General & Administrative,12833.60
FY2026-Q2-Reforecast,2026-11-30,CC-4030,IT & Corporate Systems,6050,Contractor & Temp Labor,General & Administrative,6628.08
FY2026-Q2-Reforecast,2026-11-30,CC-4030,IT & Corporate Systems,6200,Software & Subscriptions,General & Administrative,874.34
FY2026-Q2-Reforecast,2026-11-30,CC-4030,IT & Corporate Systems,6420,Facilities & Rent,General & Administrative,42052.85
FY2026-Q2-Reforecast,2026-11-30,CC-4030,IT & Corporate Systems,6900,Other Operating Expense,General & Administrative,108.67
FY2026-Q2-Reforecast,2026-11-30,CC-9000,Revenue,4000,Subscription Revenue,Subscription Revenue,-2788320.29
FY2026-Q2-Reforecast,2026-11-30,CC-9000,Revenue,4010,Usage Revenue Above Commitment,Subscription Revenue,-59810.75
FY2026-Q2-Reforecast,2026-11-30,CC-9000,Revenue,4100,Professional Services Revenue,Services Revenue,-24125.77
FY2026-Q2-Reforecast,2026-11-30,CC-9000,Revenue,4110,Implementation Fee Revenue,Services Revenue,-54126.81
FY2026-Q2-Reforecast,2026-11-30,CC-9000,Corporate,9000,Ending ARR,Memo - ARR,34871941.71
FY2026-Q2-Reforecast,2026-11-30,CC-9000,Corporate,9010,New Logo ARR,Memo - ARR,358670.02
FY2026-Q2-Reforecast,2026-11-30,CC-9000,Corporate,9020,Expansion ARR,Memo - ARR,398149.47
FY2026-Q2-Reforecast,2026-11-30,CC-9000,Corporate,9030,Reactivation ARR,Memo - ARR,15604.53
FY2026-Q2-Reforecast,2026-11-30,CC-9000,Corporate,9040,Contraction ARR,Memo - ARR,-50774.23
FY2026-Q2-Reforecast,2026-11-30,CC-9000,Corporate,9050,Churn ARR,Memo - ARR,-212057.06
FY2026-Q2-Reforecast,2026-11-30,CC-9000,Corporate,9100,New Logos Added,Memo - Statistical,16.00
FY2026-Q2-Reforecast,2026-11-30,CC-9000,Corporate,9200,Ending Headcount,Memo - Statistical,206.50
FY2026-Q2-Reforecast,2026-11-30,CC-9000,Corporate,9300,Ending Cash,Memo - Statistical,19434634.89
FY2026-Q2-Reforecast,2026-12-31,CC-1000,Sales - SMB,6000,Salaries & Wages,Sales & Marketing,78348.78
FY2026-Q2-Reforecast,2026-12-31,CC-1000,Sales - SMB,6020,Payroll Taxes & Benefits,Sales & Marketing,16061.51
FY2026-Q2-Reforecast,2026-12-31,CC-1000,Sales - SMB,6030,Sales Commissions,Sales & Marketing,12923.16
FY2026-Q2-Reforecast,2026-12-31,CC-1000,Sales - SMB,6040,Commission Amortisation,Sales & Marketing,9507.77
FY2026-Q2-Reforecast,2026-12-31,CC-1000,Sales - SMB,6200,Software & Subscriptions,Sales & Marketing,3776.65
FY2026-Q2-Reforecast,2026-12-31,CC-1000,Sales - SMB,6300,Travel & Entertainment,Sales & Marketing,6867.06
FY2026-Q2-Reforecast,2026-12-31,CC-1000,Sales - SMB,6450,Training & Enablement,Sales & Marketing,456.03
FY2026-Q2-Reforecast,2026-12-31,CC-1010,Sales - Mid-Market,6000,Salaries & Wages,Sales & Marketing,108442.65
FY2026-Q2-Reforecast,2026-12-31,CC-1010,Sales - Mid-Market,6020,Payroll Taxes & Benefits,Sales & Marketing,22230.75
FY2026-Q2-Reforecast,2026-12-31,CC-1010,Sales - Mid-Market,6030,Sales Commissions,Sales & Marketing,24671.49
FY2026-Q2-Reforecast,2026-12-31,CC-1010,Sales - Mid-Market,6040,Commission Amortisation,Sales & Marketing,18151.18
FY2026-Q2-Reforecast,2026-12-31,CC-1010,Sales - Mid-Market,6200,Software & Subscriptions,Sales & Marketing,4289.82
FY2026-Q2-Reforecast,2026-12-31,CC-1010,Sales - Mid-Market,6300,Travel & Entertainment,Sales & Marketing,7971.25
FY2026-Q2-Reforecast,2026-12-31,CC-1010,Sales - Mid-Market,6450,Training & Enablement,Sales & Marketing,587.74
FY2026-Q2-Reforecast,2026-12-31,CC-1020,Sales - Enterprise,6000,Salaries & Wages,Sales & Marketing,74922.34
FY2026-Q2-Reforecast,2026-12-31,CC-1020,Sales - Enterprise,6020,Payroll Taxes & Benefits,Sales & Marketing,15359.08
FY2026-Q2-Reforecast,2026-12-31,CC-1020,Sales - Enterprise,6030,Sales Commissions,Sales & Marketing,21146.99
FY2026-Q2-Reforecast,2026-12-31,CC-1020,Sales - Enterprise,6040,Commission Amortisation,Sales & Marketing,15558.16
FY2026-Q2-Reforecast,2026-12-31,CC-1020,Sales - Enterprise,6200,Software & Subscriptions,Sales & Marketing,2952.89
FY2026-Q2-Reforecast,2026-12-31,CC-1020,Sales - Enterprise,6300,Travel & Entertainment,Sales & Marketing,5698.95
FY2026-Q2-Reforecast,2026-12-31,CC-1020,Sales - Enterprise,6450,Training & Enablement,Sales & Marketing,342.60
FY2026-Q2-Reforecast,2026-12-31,CC-1030,Sales Development,6000,Salaries & Wages,Sales & Marketing,59765.18
FY2026-Q2-Reforecast,2026-12-31,CC-1030,Sales Development,6020,Payroll Taxes & Benefits,Sales & Marketing,12251.86
FY2026-Q2-Reforecast,2026-12-31,CC-1030,Sales Development,6200,Software & Subscriptions,Sales & Marketing,2434.36
FY2026-Q2-Reforecast,2026-12-31,CC-1030,Sales Development,6300,Travel & Entertainment,Sales & Marketing,4570.33
FY2026-Q2-Reforecast,2026-12-31,CC-1030,Sales Development,6450,Training & Enablement,Sales & Marketing,323.14
FY2026-Q2-Reforecast,2026-12-31,CC-1040,Sales Operations,6000,Salaries & Wages,Sales & Marketing,38591.06
FY2026-Q2-Reforecast,2026-12-31,CC-1040,Sales Operations,6020,Payroll Taxes & Benefits,Sales & Marketing,7911.17
FY2026-Q2-Reforecast,2026-12-31,CC-1040,Sales Operations,6200,Software & Subscriptions,Sales & Marketing,1695.88
FY2026-Q2-Reforecast,2026-12-31,CC-1040,Sales Operations,6300,Travel & Entertainment,Sales & Marketing,3252.34
FY2026-Q2-Reforecast,2026-12-31,CC-1050,Solutions Engineering,6000,Salaries & Wages,Sales & Marketing,32169.94
FY2026-Q2-Reforecast,2026-12-31,CC-1050,Solutions Engineering,6020,Payroll Taxes & Benefits,Sales & Marketing,6594.83
FY2026-Q2-Reforecast,2026-12-31,CC-1050,Solutions Engineering,6200,Software & Subscriptions,Sales & Marketing,1183.76
FY2026-Q2-Reforecast,2026-12-31,CC-1050,Solutions Engineering,6300,Travel & Entertainment,Sales & Marketing,2520.90
FY2026-Q2-Reforecast,2026-12-31,CC-1060,Sales Leadership,6000,Salaries & Wages,Sales & Marketing,30755.27
FY2026-Q2-Reforecast,2026-12-31,CC-1060,Sales Leadership,6020,Payroll Taxes & Benefits,Sales & Marketing,6304.83
FY2026-Q2-Reforecast,2026-12-31,CC-1060,Sales Leadership,6200,Software & Subscriptions,Sales & Marketing,1217.43
FY2026-Q2-Reforecast,2026-12-31,CC-1060,Sales Leadership,6300,Travel & Entertainment,Sales & Marketing,2347.32
FY2026-Q2-Reforecast,2026-12-31,CC-1060,Sales Leadership,6450,Training & Enablement,Sales & Marketing,148.71
FY2026-Q2-Reforecast,2026-12-31,CC-1100,Demand Generation,6000,Salaries & Wages,Sales & Marketing,108185.44
FY2026-Q2-Reforecast,2026-12-31,CC-1100,Demand Generation,6010,Bonus,Sales & Marketing,10856.39
FY2026-Q2-Reforecast,2026-12-31,CC-1100,Demand Generation,6020,Payroll Taxes & Benefits,Sales & Marketing,24403.57
FY2026-Q2-Reforecast,2026-12-31,CC-1100,Demand Generation,6050,Contractor & Temp Labor,Sales & Marketing,15894.15
FY2026-Q2-Reforecast,2026-12-31,CC-1100,Demand Generation,6100,Demand Generation,Sales & Marketing,195847.48
FY2026-Q2-Reforecast,2026-12-31,CC-1100,Demand Generation,6110,Events & Field Marketing,Sales & Marketing,76916.59
FY2026-Q2-Reforecast,2026-12-31,CC-1100,Demand Generation,6200,Software & Subscriptions,Sales & Marketing,3448.01
FY2026-Q2-Reforecast,2026-12-31,CC-1100,Demand Generation,6300,Travel & Entertainment,Sales & Marketing,3683.53
FY2026-Q2-Reforecast,2026-12-31,CC-1100,Demand Generation,6450,Training & Enablement,Sales & Marketing,505.14
FY2026-Q2-Reforecast,2026-12-31,CC-1110,Product Marketing,6000,Salaries & Wages,Sales & Marketing,76805.50
FY2026-Q2-Reforecast,2026-12-31,CC-1110,Product Marketing,6010,Bonus,Sales & Marketing,7081.79
FY2026-Q2-Reforecast,2026-12-31,CC-1110,Product Marketing,6020,Payroll Taxes & Benefits,Sales & Marketing,17196.89
FY2026-Q2-Reforecast,2026-12-31,CC-1110,Product Marketing,6120,Brand & Content,Sales & Marketing,53854.26
FY2026-Q2-Reforecast,2026-12-31,CC-1110,Product Marketing,6200,Software & Subscriptions,Sales & Marketing,2835.30
FY2026-Q2-Reforecast,2026-12-31,CC-1110,Product Marketing,6300,Travel & Entertainment,Sales & Marketing,3146.11
FY2026-Q2-Reforecast,2026-12-31,CC-1200,Customer Success,6000,Salaries & Wages,Subscription COGS,220605.69
FY2026-Q2-Reforecast,2026-12-31,CC-1200,Customer Success,6010,Bonus,Subscription COGS,21702.31
FY2026-Q2-Reforecast,2026-12-31,CC-1200,Customer Success,6020,Payroll Taxes & Benefits,Subscription COGS,49673.14
FY2026-Q2-Reforecast,2026-12-31,CC-1200,Customer Success,6200,Software & Subscriptions,Subscription COGS,3729.55
FY2026-Q2-Reforecast,2026-12-31,CC-1200,Customer Success,6300,Travel & Entertainment,Subscription COGS,3978.94
FY2026-Q2-Reforecast,2026-12-31,CC-2000,Support,5010,Third-Party Data & APIs,Subscription COGS,1549.90
FY2026-Q2-Reforecast,2026-12-31,CC-2000,Support,6000,Salaries & Wages,Subscription COGS,85036.31
FY2026-Q2-Reforecast,2026-12-31,CC-2000,Support,6010,Bonus,Subscription COGS,8309.07
FY2026-Q2-Reforecast,2026-12-31,CC-2000,Support,6020,Payroll Taxes & Benefits,Subscription COGS,19135.80
FY2026-Q2-Reforecast,2026-12-31,CC-2000,Support,6200,Software & Subscriptions,Subscription COGS,1282.55
FY2026-Q2-Reforecast,2026-12-31,CC-2010,Cloud Operations,5000,Cloud Hosting,Subscription COGS,167828.03
FY2026-Q2-Reforecast,2026-12-31,CC-2010,Cloud Operations,5010,Third-Party Data & APIs,Subscription COGS,933.46
FY2026-Q2-Reforecast,2026-12-31,CC-2010,Cloud Operations,5020,Payment Processing Fees,Subscription COGS,36743.07
FY2026-Q2-Reforecast,2026-12-31,CC-2010,Cloud Operations,6000,Salaries & Wages,Subscription COGS,52930.67
FY2026-Q2-Reforecast,2026-12-31,CC-2010,Cloud Operations,6010,Bonus,Subscription COGS,5261.38
FY2026-Q2-Reforecast,2026-12-31,CC-2010,Cloud Operations,6020,Payroll Taxes & Benefits,Subscription COGS,11929.36
FY2026-Q2-Reforecast,2026-12-31,CC-2010,Cloud Operations,6050,Contractor & Temp Labor,Subscription COGS,16167.68
FY2026-Q2-Reforecast,2026-12-31,CC-2010,Cloud Operations,6200,Software & Subscriptions,Subscription COGS,886.85
FY2026-Q2-Reforecast,2026-12-31,CC-2010,Cloud Operations,6900,Other Operating Expense,Subscription COGS,155.03
FY2026-Q2-Reforecast,2026-12-31,CC-2100,Professional Services,5030,Services Subcontractors,Services COGS,4116.93
FY2026-Q2-Reforecast,2026-12-31,CC-2100,Professional Services,6000,Salaries & Wages,Services COGS,46702.45
FY2026-Q2-Reforecast,2026-12-31,CC-2100,Professional Services,6010,Bonus,Services COGS,4127.90
FY2026-Q2-Reforecast,2026-12-31,CC-2100,Professional Services,6020,Payroll Taxes & Benefits,Services COGS,10420.22
FY2026-Q2-Reforecast,2026-12-31,CC-2100,Professional Services,6200,Software & Subscriptions,Services COGS,1048.60
FY2026-Q2-Reforecast,2026-12-31,CC-2100,Professional Services,6300,Travel & Entertainment,Services COGS,3125.08
FY2026-Q2-Reforecast,2026-12-31,CC-3000,Engineering,6000,Salaries & Wages,Research & Development,373270.53
FY2026-Q2-Reforecast,2026-12-31,CC-3000,Engineering,6010,Bonus,Research & Development,35325.30
FY2026-Q2-Reforecast,2026-12-31,CC-3000,Engineering,6020,Payroll Taxes & Benefits,Research & Development,83762.15
FY2026-Q2-Reforecast,2026-12-31,CC-3000,Engineering,6050,Contractor & Temp Labor,Research & Development,26521.94
FY2026-Q2-Reforecast,2026-12-31,CC-3000,Engineering,6200,Software & Subscriptions,Research & Development,11408.37
FY2026-Q2-Reforecast,2026-12-31,CC-3000,Engineering,6300,Travel & Entertainment,Research & Development,3264.47
FY2026-Q2-Reforecast,2026-12-31,CC-3000,Engineering,6450,Training & Enablement,Research & Development,1787.84
FY2026-Q2-Reforecast,2026-12-31,CC-3000,Engineering,6900,Other Operating Expense,Research & Development,1535.66
FY2026-Q2-Reforecast,2026-12-31,CC-3010,Quality & Release,6000,Salaries & Wages,Research & Development,81334.28
FY2026-Q2-Reforecast,2026-12-31,CC-3010,Quality & Release,6010,Bonus,Research & Development,9925.10
FY2026-Q2-Reforecast,2026-12-31,CC-3010,Quality & Release,6020,Payroll Taxes & Benefits,Research & Development,18708.17
FY2026-Q2-Reforecast,2026-12-31,CC-3010,Quality & Release,6050,Contractor & Temp Labor,Research & Development,8721.47
FY2026-Q2-Reforecast,2026-12-31,CC-3010,Quality & Release,6200,Software & Subscriptions,Research & Development,2612.14
FY2026-Q2-Reforecast,2026-12-31,CC-3100,Product & Design,6000,Salaries & Wages,Research & Development,167436.19
FY2026-Q2-Reforecast,2026-12-31,CC-3100,Product & Design,6010,Bonus,Research & Development,15101.69
FY2026-Q2-Reforecast,2026-12-31,CC-3100,Product & Design,6020,Payroll Taxes & Benefits,Research & Development,37420.26
FY2026-Q2-Reforecast,2026-12-31,CC-3100,Product & Design,6050,Contractor & Temp Labor,Research & Development,11642.16
FY2026-Q2-Reforecast,2026-12-31,CC-3100,Product & Design,6200,Software & Subscriptions,Research & Development,4730.50
FY2026-Q2-Reforecast,2026-12-31,CC-3100,Product & Design,6300,Travel & Entertainment,Research & Development,1658.61
FY2026-Q2-Reforecast,2026-12-31,CC-4000,Finance & Accounting,6000,Salaries & Wages,General & Administrative,66480.25
FY2026-Q2-Reforecast,2026-12-31,CC-4000,Finance & Accounting,6010,Bonus,General & Administrative,5889.44
FY2026-Q2-Reforecast,2026-12-31,CC-4000,Finance & Accounting,6020,Payroll Taxes & Benefits,General & Administrative,14835.78
FY2026-Q2-Reforecast,2026-12-31,CC-4000,Finance & Accounting,6200,Software & Subscriptions,General & Administrative,1513.64
FY2026-Q2-Reforecast,2026-12-31,CC-4000,Finance & Accounting,6300,Travel & Entertainment,General & Administrative,1143.00
FY2026-Q2-Reforecast,2026-12-31,CC-4000,Finance & Accounting,6400,Professional Fees,General & Administrative,62241.86
FY2026-Q2-Reforecast,2026-12-31,CC-4000,Finance & Accounting,6440,Depreciation & Amortisation,General & Administrative,24909.24
FY2026-Q2-Reforecast,2026-12-31,CC-4000,Finance & Accounting,6900,Other Operating Expense,General & Administrative,278.36
FY2026-Q2-Reforecast,2026-12-31,CC-4010,People Operations,6000,Salaries & Wages,General & Administrative,64762.45
FY2026-Q2-Reforecast,2026-12-31,CC-4010,People Operations,6010,Bonus,General & Administrative,6915.06
FY2026-Q2-Reforecast,2026-12-31,CC-4010,People Operations,6020,Payroll Taxes & Benefits,General & Administrative,14693.89
FY2026-Q2-Reforecast,2026-12-31,CC-4010,People Operations,6200,Software & Subscriptions,General & Administrative,1155.64
FY2026-Q2-Reforecast,2026-12-31,CC-4010,People Operations,6410,Recruiting Fees,General & Administrative,22300.31
FY2026-Q2-Reforecast,2026-12-31,CC-4010,People Operations,6450,Training & Enablement,General & Administrative,215.01
FY2026-Q2-Reforecast,2026-12-31,CC-4020,Legal & Corporate,6000,Salaries & Wages,General & Administrative,19162.33
FY2026-Q2-Reforecast,2026-12-31,CC-4020,Legal & Corporate,6010,Bonus,General & Administrative,1532.99
FY2026-Q2-Reforecast,2026-12-31,CC-4020,Legal & Corporate,6020,Payroll Taxes & Benefits,General & Administrative,4242.54
FY2026-Q2-Reforecast,2026-12-31,CC-4020,Legal & Corporate,6200,Software & Subscriptions,General & Administrative,694.66
FY2026-Q2-Reforecast,2026-12-31,CC-4020,Legal & Corporate,6300,Travel & Entertainment,General & Administrative,456.78
FY2026-Q2-Reforecast,2026-12-31,CC-4020,Legal & Corporate,6400,Professional Fees,General & Administrative,31753.41
FY2026-Q2-Reforecast,2026-12-31,CC-4020,Legal & Corporate,6430,Insurance,General & Administrative,22501.39
FY2026-Q2-Reforecast,2026-12-31,CC-4030,IT & Corporate Systems,6000,Salaries & Wages,General & Administrative,56467.34
FY2026-Q2-Reforecast,2026-12-31,CC-4030,IT & Corporate Systems,6010,Bonus,General & Administrative,6284.90
FY2026-Q2-Reforecast,2026-12-31,CC-4030,IT & Corporate Systems,6020,Payroll Taxes & Benefits,General & Administrative,12864.21
FY2026-Q2-Reforecast,2026-12-31,CC-4030,IT & Corporate Systems,6050,Contractor & Temp Labor,General & Administrative,6349.94
FY2026-Q2-Reforecast,2026-12-31,CC-4030,IT & Corporate Systems,6200,Software & Subscriptions,General & Administrative,906.73
FY2026-Q2-Reforecast,2026-12-31,CC-4030,IT & Corporate Systems,6420,Facilities & Rent,General & Administrative,41296.44
FY2026-Q2-Reforecast,2026-12-31,CC-4030,IT & Corporate Systems,6900,Other Operating Expense,General & Administrative,153.76
FY2026-Q2-Reforecast,2026-12-31,CC-9000,Revenue,4000,Subscription Revenue,Subscription Revenue,-2826260.82
FY2026-Q2-Reforecast,2026-12-31,CC-9000,Revenue,4010,Usage Revenue Above Commitment,Subscription Revenue,-60624.59
FY2026-Q2-Reforecast,2026-12-31,CC-9000,Revenue,4100,Professional Services Revenue,Services Revenue,-29815.46
FY2026-Q2-Reforecast,2026-12-31,CC-9000,Revenue,4110,Implementation Fee Revenue,Services Revenue,-55349.95
FY2026-Q2-Reforecast,2026-12-31,CC-9000,Corporate,9000,Ending ARR,Memo - ARR,35646865.48
FY2026-Q2-Reforecast,2026-12-31,CC-9000,Corporate,9010,New Logo ARR,Memo - ARR,512385.74
FY2026-Q2-Reforecast,2026-12-31,CC-9000,Corporate,9020,Expansion ARR,Memo - ARR,568784.95
FY2026-Q2-Reforecast,2026-12-31,CC-9000,Corporate,9030,Reactivation ARR,Memo - ARR,22292.18
FY2026-Q2-Reforecast,2026-12-31,CC-9000,Corporate,9040,Contraction ARR,Memo - ARR,-63467.78
FY2026-Q2-Reforecast,2026-12-31,CC-9000,Corporate,9050,Churn ARR,Memo - ARR,-265071.33
FY2026-Q2-Reforecast,2026-12-31,CC-9000,Corporate,9100,New Logos Added,Memo - Statistical,37.00
FY2026-Q2-Reforecast,2026-12-31,CC-9000,Corporate,9200,Ending Headcount,Memo - Statistical,206.40
FY2026-Q2-Reforecast,2026-12-31,CC-9000,Corporate,9300,Ending Cash,Memo - Statistical,18967731.51
FY2026-Q2-Reforecast,2027-01-31,CC-1000,Sales - SMB,6000,Salaries & Wages,Sales & Marketing,70673.53
FY2026-Q2-Reforecast,2027-01-31,CC-1000,Sales - SMB,6020,Payroll Taxes & Benefits,Sales & Marketing,14488.07
FY2026-Q2-Reforecast,2027-01-31,CC-1000,Sales - SMB,6030,Sales Commissions,Sales & Marketing,12331.25
FY2026-Q2-Reforecast,2027-01-31,CC-1000,Sales - SMB,6040,Commission Amortisation,Sales & Marketing,5296.14
FY2026-Q2-Reforecast,2027-01-31,CC-1000,Sales - SMB,6200,Software & Subscriptions,Sales & Marketing,3228.12
FY2026-Q2-Reforecast,2027-01-31,CC-1000,Sales - SMB,6300,Travel & Entertainment,Sales & Marketing,4406.93
FY2026-Q2-Reforecast,2027-01-31,CC-1000,Sales - SMB,6450,Training & Enablement,Sales & Marketing,387.52
FY2026-Q2-Reforecast,2027-01-31,CC-1010,Sales - Mid-Market,6000,Salaries & Wages,Sales & Marketing,108870.44
FY2026-Q2-Reforecast,2027-01-31,CC-1010,Sales - Mid-Market,6020,Payroll Taxes & Benefits,Sales & Marketing,22318.44
FY2026-Q2-Reforecast,2027-01-31,CC-1010,Sales - Mid-Market,6030,Sales Commissions,Sales & Marketing,23541.49
FY2026-Q2-Reforecast,2027-01-31,CC-1010,Sales - Mid-Market,6040,Commission Amortisation,Sales & Marketing,10110.81
FY2026-Q2-Reforecast,2027-01-31,CC-1010,Sales - Mid-Market,6200,Software & Subscriptions,Sales & Marketing,4281.26
FY2026-Q2-Reforecast,2027-01-31,CC-1010,Sales - Mid-Market,6300,Travel & Entertainment,Sales & Marketing,6095.47
FY2026-Q2-Reforecast,2027-01-31,CC-1010,Sales - Mid-Market,6450,Training & Enablement,Sales & Marketing,602.31
FY2026-Q2-Reforecast,2027-01-31,CC-1020,Sales - Enterprise,6000,Salaries & Wages,Sales & Marketing,68194.11
FY2026-Q2-Reforecast,2027-01-31,CC-1020,Sales - Enterprise,6020,Payroll Taxes & Benefits,Sales & Marketing,13979.80
FY2026-Q2-Reforecast,2027-01-31,CC-1020,Sales - Enterprise,6030,Sales Commissions,Sales & Marketing,20178.43
FY2026-Q2-Reforecast,2027-01-31,CC-1020,Sales - Enterprise,6040,Commission Amortisation,Sales & Marketing,8666.41
FY2026-Q2-Reforecast,2027-01-31,CC-1020,Sales - Enterprise,6200,Software & Subscriptions,Sales & Marketing,2523.07
FY2026-Q2-Reforecast,2027-01-31,CC-1020,Sales - Enterprise,6300,Travel & Entertainment,Sales & Marketing,3507.14
FY2026-Q2-Reforecast,2027-01-31,CC-1020,Sales - Enterprise,6450,Training & Enablement,Sales & Marketing,300.98
FY2026-Q2-Reforecast,2027-01-31,CC-1030,Sales Development,6000,Salaries & Wages,Sales & Marketing,76774.50
FY2026-Q2-Reforecast,2027-01-31,CC-1030,Sales Development,6020,Payroll Taxes & Benefits,Sales & Marketing,15738.77
FY2026-Q2-Reforecast,2027-01-31,CC-1030,Sales Development,6200,Software & Subscriptions,Sales & Marketing,2737.07
FY2026-Q2-Reforecast,2027-01-31,CC-1030,Sales Development,6300,Travel & Entertainment,Sales & Marketing,3834.17
FY2026-Q2-Reforecast,2027-01-31,CC-1030,Sales Development,6450,Training & Enablement,Sales & Marketing,332.85
FY2026-Q2-Reforecast,2027-01-31,CC-1040,Sales Operations,6000,Salaries & Wages,Sales & Marketing,44561.42
FY2026-Q2-Reforecast,2027-01-31,CC-1040,Sales Operations,6020,Payroll Taxes & Benefits,Sales & Marketing,9135.09
FY2026-Q2-Reforecast,2027-01-31,CC-1040,Sales Operations,6200,Software & Subscriptions,Sales & Marketing,1764.40
FY2026-Q2-Reforecast,2027-01-31,CC-1040,Sales Operations,6300,Travel & Entertainment,Sales & Marketing,2279.86
FY2026-Q2-Reforecast,2027-01-31,CC-1050,Solutions Engineering,6000,Salaries & Wages,Sales & Marketing,43399.80
FY2026-Q2-Reforecast,2027-01-31,CC-1050,Solutions Engineering,6020,Payroll Taxes & Benefits,Sales & Marketing,8896.96
FY2026-Q2-Reforecast,2027-01-31,CC-1050,Solutions Engineering,6200,Software & Subscriptions,Sales & Marketing,1769.87
FY2026-Q2-Reforecast,2027-01-31,CC-1050,Solutions Engineering,6300,Travel & Entertainment,Sales & Marketing,2542.21
FY2026-Q2-Reforecast,2027-01-31,CC-1060,Sales Leadership,6000,Salaries & Wages,Sales & Marketing,19171.66
FY2026-Q2-Reforecast,2027-01-31,CC-1060,Sales Leadership,6020,Payroll Taxes & Benefits,Sales & Marketing,3930.19
FY2026-Q2-Reforecast,2027-01-31,CC-1060,Sales Leadership,6200,Software & Subscriptions,Sales & Marketing,820.52
FY2026-Q2-Reforecast,2027-01-31,CC-1060,Sales Leadership,6300,Travel & Entertainment,Sales & Marketing,1076.87
FY2026-Q2-Reforecast,2027-01-31,CC-1060,Sales Leadership,6450,Training & Enablement,Sales & Marketing,104.61
FY2026-Q2-Reforecast,2027-01-31,CC-1100,Demand Generation,6000,Salaries & Wages,Sales & Marketing,72303.71
FY2026-Q2-Reforecast,2027-01-31,CC-1100,Demand Generation,6010,Bonus,Sales & Marketing,6868.03
FY2026-Q2-Reforecast,2027-01-31,CC-1100,Demand Generation,6020,Payroll Taxes & Benefits,Sales & Marketing,16230.20
FY2026-Q2-Reforecast,2027-01-31,CC-1100,Demand Generation,6050,Contractor & Temp Labor,Sales & Marketing,17900.87
FY2026-Q2-Reforecast,2027-01-31,CC-1100,Demand Generation,6100,Demand Generation,Sales & Marketing,156534.58
FY2026-Q2-Reforecast,2027-01-31,CC-1100,Demand Generation,6110,Events & Field Marketing,Sales & Marketing,61747.26
FY2026-Q2-Reforecast,2027-01-31,CC-1100,Demand Generation,6200,Software & Subscriptions,Sales & Marketing,2544.86
FY2026-Q2-Reforecast,2027-01-31,CC-1100,Demand Generation,6300,Travel & Entertainment,Sales & Marketing,2171.37
FY2026-Q2-Reforecast,2027-01-31,CC-1100,Demand Generation,6450,Training & Enablement,Sales & Marketing,406.01
FY2026-Q2-Reforecast,2027-01-31,CC-1110,Product Marketing,6000,Salaries & Wages,Sales & Marketing,98376.77
FY2026-Q2-Reforecast,2027-01-31,CC-1110,Product Marketing,6010,Bonus,Sales & Marketing,8866.21
FY2026-Q2-Reforecast,2027-01-31,CC-1110,Product Marketing,6020,Payroll Taxes & Benefits,Sales & Marketing,21984.81
FY2026-Q2-Reforecast,2027-01-31,CC-1110,Product Marketing,6120,Brand & Content,Sales & Marketing,49003.65
FY2026-Q2-Reforecast,2027-01-31,CC-1110,Product Marketing,6200,Software & Subscriptions,Sales & Marketing,3678.31
FY2026-Q2-Reforecast,2027-01-31,CC-1110,Product Marketing,6300,Travel & Entertainment,Sales & Marketing,2970.25
FY2026-Q2-Reforecast,2027-01-31,CC-1200,Customer Success,6000,Salaries & Wages,Subscription COGS,198432.54
FY2026-Q2-Reforecast,2027-01-31,CC-1200,Customer Success,6010,Bonus,Subscription COGS,19205.05
FY2026-Q2-Reforecast,2027-01-31,CC-1200,Customer Success,6020,Payroll Taxes & Benefits,Subscription COGS,44615.71
FY2026-Q2-Reforecast,2027-01-31,CC-1200,Customer Success,6200,Software & Subscriptions,Subscription COGS,3596.50
FY2026-Q2-Reforecast,2027-01-31,CC-1200,Customer Success,6300,Travel & Entertainment,Subscription COGS,2960.08
FY2026-Q2-Reforecast,2027-01-31,CC-2000,Support,5010,Third-Party Data & APIs,Subscription COGS,1299.89
FY2026-Q2-Reforecast,2027-01-31,CC-2000,Support,6000,Salaries & Wages,Subscription COGS,64465.19
FY2026-Q2-Reforecast,2027-01-31,CC-2000,Support,6010,Bonus,Subscription COGS,6757.72
FY2026-Q2-Reforecast,2027-01-31,CC-2000,Support,6020,Payroll Taxes & Benefits,Subscription COGS,14600.70
FY2026-Q2-Reforecast,2027-01-31,CC-2000,Support,6200,Software & Subscriptions,Subscription COGS,911.82
FY2026-Q2-Reforecast,2027-01-31,CC-2010,Cloud Operations,5000,Cloud Hosting,Subscription COGS,142111.74
FY2026-Q2-Reforecast,2027-01-31,CC-2010,Cloud Operations,5010,Third-Party Data & APIs,Subscription COGS,859.56
FY2026-Q2-Reforecast,2027-01-31,CC-2010,Cloud Operations,5020,Payment Processing Fees,Subscription COGS,15542.39
FY2026-Q2-Reforecast,2027-01-31,CC-2010,Cloud Operations,6000,Salaries & Wages,Subscription COGS,60824.14
FY2026-Q2-Reforecast,2027-01-31,CC-2010,Cloud Operations,6010,Bonus,Subscription COGS,5359.08
FY2026-Q2-Reforecast,2027-01-31,CC-2010,Cloud Operations,6020,Payroll Taxes & Benefits,Subscription COGS,13567.56
FY2026-Q2-Reforecast,2027-01-31,CC-2010,Cloud Operations,6050,Contractor & Temp Labor,Subscription COGS,16048.78
FY2026-Q2-Reforecast,2027-01-31,CC-2010,Cloud Operations,6200,Software & Subscriptions,Subscription COGS,947.16
FY2026-Q2-Reforecast,2027-01-31,CC-2010,Cloud Operations,6900,Other Operating Expense,Subscription COGS,147.58
FY2026-Q2-Reforecast,2027-01-31,CC-2100,Professional Services,5030,Services Subcontractors,Services COGS,3825.93
FY2026-Q2-Reforecast,2027-01-31,CC-2100,Professional Services,6000,Salaries & Wages,Services COGS,40129.68
FY2026-Q2-Reforecast,2027-01-31,CC-2100,Professional Services,6010,Bonus,Services COGS,3623.88
FY2026-Q2-Reforecast,2027-01-31,CC-2100,Professional Services,6020,Payroll Taxes & Benefits,Services COGS,8969.48
FY2026-Q2-Reforecast,2027-01-31,CC-2100,Professional Services,6200,Software & Subscriptions,Services COGS,913.02
FY2026-Q2-Reforecast,2027-01-31,CC-2100,Professional Services,6300,Travel & Entertainment,Services COGS,2221.94
FY2026-Q2-Reforecast,2027-01-31,CC-3000,Engineering,6000,Salaries & Wages,Research & Development,372295.29
FY2026-Q2-Reforecast,2027-01-31,CC-3000,Engineering,6010,Bonus,Research & Development,35084.34
FY2026-Q2-Reforecast,2027-01-31,CC-3000,Engineering,6020,Payroll Taxes & Benefits,Research & Development,83512.82
FY2026-Q2-Reforecast,2027-01-31,CC-3000,Engineering,6050,Contractor & Temp Labor,Research & Development,28320.62
FY2026-Q2-Reforecast,2027-01-31,CC-3000,Engineering,6200,Software & Subscriptions,Research & Development,10802.20
FY2026-Q2-Reforecast,2027-01-31,CC-3000,Engineering,6300,Travel & Entertainment,Research & Development,2176.04
FY2026-Q2-Reforecast,2027-01-31,CC-3000,Engineering,6450,Training & Enablement,Research & Development,1855.42
FY2026-Q2-Reforecast,2027-01-31,CC-3000,Engineering,6900,Other Operating Expense,Research & Development,1104.47
FY2026-Q2-Reforecast,2027-01-31,CC-3010,Quality & Release,6000,Salaries & Wages,Research & Development,54830.55
FY2026-Q2-Reforecast,2027-01-31,CC-3010,Quality & Release,6010,Bonus,Research & Development,4386.45
FY2026-Q2-Reforecast,2027-01-31,CC-3010,Quality & Release,6020,Payroll Taxes & Benefits,Research & Development,12139.48
FY2026-Q2-Reforecast,2027-01-31,CC-3010,Quality & Release,6050,Contractor & Temp Labor,Research & Development,10507.10
FY2026-Q2-Reforecast,2027-01-31,CC-3010,Quality & Release,6200,Software & Subscriptions,Research & Development,1930.17
FY2026-Q2-Reforecast,2027-01-31,CC-3100,Product & Design,6000,Salaries & Wages,Research & Development,151352.64
FY2026-Q2-Reforecast,2027-01-31,CC-3100,Product & Design,6010,Bonus,Research & Development,13443.20
FY2026-Q2-Reforecast,2027-01-31,CC-3100,Product & Design,6020,Payroll Taxes & Benefits,Research & Development,33783.15
FY2026-Q2-Reforecast,2027-01-31,CC-3100,Product & Design,6050,Contractor & Temp Labor,Research & Development,11227.48
FY2026-Q2-Reforecast,2027-01-31,CC-3100,Product & Design,6200,Software & Subscriptions,Research & Development,4498.60
FY2026-Q2-Reforecast,2027-01-31,CC-3100,Product & Design,6300,Travel & Entertainment,Research & Development,1174.76
FY2026-Q2-Reforecast,2027-01-31,CC-4000,Finance & Accounting,6000,Salaries & Wages,General & Administrative,69619.28
FY2026-Q2-Reforecast,2027-01-31,CC-4000,Finance & Accounting,6010,Bonus,General & Administrative,6176.32
FY2026-Q2-Reforecast,2027-01-31,CC-4000,Finance & Accounting,6020,Payroll Taxes & Benefits,General & Administrative,15538.10
FY2026-Q2-Reforecast,2027-01-31,CC-4000,Finance & Accounting,6200,Software & Subscriptions,General & Administrative,1627.63
FY2026-Q2-Reforecast,2027-01-31,CC-4000,Finance & Accounting,6300,Travel & Entertainment,General & Administrative,819.93
FY2026-Q2-Reforecast,2027-01-31,CC-4000,Finance & Accounting,6400,Professional Fees,General & Administrative,41653.10
FY2026-Q2-Reforecast,2027-01-31,CC-4000,Finance & Accounting,6440,Depreciation & Amortisation,General & Administrative,25098.34
FY2026-Q2-Reforecast,2027-01-31,CC-4000,Finance & Accounting,6900,Other Operating Expense,General & Administrative,191.66
FY2026-Q2-Reforecast,2027-01-31,CC-4010,People Operations,6000,Salaries & Wages,General & Administrative,58627.80
FY2026-Q2-Reforecast,2027-01-31,CC-4010,People Operations,6010,Bonus,General & Administrative,6532.91
FY2026-Q2-Reforecast,2027-01-31,CC-4010,People Operations,6020,Payroll Taxes & Benefits,General & Administrative,13357.94
FY2026-Q2-Reforecast,2027-01-31,CC-4010,People Operations,6200,Software & Subscriptions,General & Administrative,862.13
FY2026-Q2-Reforecast,2027-01-31,CC-4010,People Operations,6450,Training & Enablement,General & Administrative,160.71
FY2026-Q2-Reforecast,2027-01-31,CC-4020,Legal & Corporate,6000,Salaries & Wages,General & Administrative,13236.65
FY2026-Q2-Reforecast,2027-01-31,CC-4020,Legal & Corporate,6010,Bonus,General & Administrative,1058.93
FY2026-Q2-Reforecast,2027-01-31,CC-4020,Legal & Corporate,6020,Payroll Taxes & Benefits,General & Administrative,2930.59
FY2026-Q2-Reforecast,2027-01-31,CC-4020,Legal & Corporate,6200,Software & Subscriptions,General & Administrative,444.07
FY2026-Q2-Reforecast,2027-01-31,CC-4020,Legal & Corporate,6300,Travel & Entertainment,General & Administrative,235.40
FY2026-Q2-Reforecast,2027-01-31,CC-4020,Legal & Corporate,6400,Professional Fees,General & Administrative,23008.55
FY2026-Q2-Reforecast,2027-01-31,CC-4020,Legal & Corporate,6430,Insurance,General & Administrative,21445.79
FY2026-Q2-Reforecast,2027-01-31,CC-4030,IT & Corporate Systems,6000,Salaries & Wages,General & Administrative,47977.95
FY2026-Q2-Reforecast,2027-01-31,CC-4030,IT & Corporate Systems,6010,Bonus,General & Administrative,5716.45
FY2026-Q2-Reforecast,2027-01-31,CC-4030,IT & Corporate Systems,6020,Payroll Taxes & Benefits,General & Administrative,11007.36
FY2026-Q2-Reforecast,2027-01-31,CC-4030,IT & Corporate Systems,6050,Contractor & Temp Labor,General & Administrative,7393.14
FY2026-Q2-Reforecast,2027-01-31,CC-4030,IT & Corporate Systems,6200,Software & Subscriptions,General & Administrative,670.09
FY2026-Q2-Reforecast,2027-01-31,CC-4030,IT & Corporate Systems,6420,Facilities & Rent,General & Administrative,37037.40
FY2026-Q2-Reforecast,2027-01-31,CC-4030,IT & Corporate Systems,6900,Other Operating Expense,General & Administrative,77.52
FY2026-Q2-Reforecast,2027-01-31,CC-9000,Revenue,4000,Subscription Revenue,Subscription Revenue,-2879740.72
FY2026-Q2-Reforecast,2027-01-31,CC-9000,Revenue,4010,Usage Revenue Above Commitment,Subscription Revenue,-61771.76
FY2026-Q2-Reforecast,2027-01-31,CC-9000,Revenue,4100,Professional Services Revenue,Services Revenue,-39542.91
FY2026-Q2-Reforecast,2027-01-31,CC-9000,Revenue,4110,Implementation Fee Revenue,Services Revenue,-58229.92
FY2026-Q2-Reforecast,2027-01-31,CC-9000,Corporate,9000,Ending ARR,Memo - ARR,35706417.86
FY2026-Q2-Reforecast,2027-01-31,CC-9000,Corporate,9010,New Logo ARR,Memo - ARR,258020.02
FY2026-Q2-Reforecast,2027-01-31,CC-9000,Corporate,9020,Expansion ARR,Memo - ARR,297028.91
FY2026-Q2-Reforecast,2027-01-31,CC-9000,Corporate,9030,Reactivation ARR,Memo - ARR,10394.06
FY2026-Q2-Reforecast,2027-01-31,CC-9000,Corporate,9040,Contraction ARR,Memo - ARR,-96983.65
FY2026-Q2-Reforecast,2027-01-31,CC-9000,Corporate,9050,Churn ARR,Memo - ARR,-408906.96
FY2026-Q2-Reforecast,2027-01-31,CC-9000,Corporate,9100,New Logos Added,Memo - Statistical,16.00
FY2026-Q2-Reforecast,2027-01-31,CC-9000,Corporate,9200,Ending Headcount,Memo - Statistical,218.70
FY2026-Q2-Reforecast,2027-01-31,CC-9000,Corporate,9300,Ending Cash,Memo - Statistical,18922899.27
FY2026-Q2-Reforecast,2027-02-28,CC-1000,Sales - SMB,6000,Salaries & Wages,Sales & Marketing,70811.61
FY2026-Q2-Reforecast,2027-02-28,CC-1000,Sales - SMB,6020,Payroll Taxes & Benefits,Sales & Marketing,14516.38
FY2026-Q2-Reforecast,2027-02-28,CC-1000,Sales - SMB,6030,Sales Commissions,Sales & Marketing,11386.13
FY2026-Q2-Reforecast,2027-02-28,CC-1000,Sales - SMB,6040,Commission Amortisation,Sales & Marketing,5791.49
FY2026-Q2-Reforecast,2027-02-28,CC-1000,Sales - SMB,6200,Software & Subscriptions,Sales & Marketing,3012.67
FY2026-Q2-Reforecast,2027-02-28,CC-1000,Sales - SMB,6300,Travel & Entertainment,Sales & Marketing,4674.46
FY2026-Q2-Reforecast,2027-02-28,CC-1000,Sales - SMB,6450,Training & Enablement,Sales & Marketing,427.28
FY2026-Q2-Reforecast,2027-02-28,CC-1010,Sales - Mid-Market,6000,Salaries & Wages,Sales & Marketing,129954.96
FY2026-Q2-Reforecast,2027-02-28,CC-1010,Sales - Mid-Market,6020,Payroll Taxes & Benefits,Sales & Marketing,26640.76
FY2026-Q2-Reforecast,2027-02-28,CC-1010,Sales - Mid-Market,6030,Sales Commissions,Sales & Marketing,21737.15
FY2026-Q2-Reforecast,2027-02-28,CC-1010,Sales - Mid-Market,6040,Commission Amortisation,Sales & Marketing,11056.47
FY2026-Q2-Reforecast,2027-02-28,CC-1010,Sales - Mid-Market,6200,Software & Subscriptions,Sales & Marketing,5368.73
FY2026-Q2-Reforecast,2027-02-28,CC-1010,Sales - Mid-Market,6300,Travel & Entertainment,Sales & Marketing,8188.60
FY2026-Q2-Reforecast,2027-02-28,CC-1010,Sales - Mid-Market,6450,Training & Enablement,Sales & Marketing,660.51
FY2026-Q2-Reforecast,2027-02-28,CC-1020,Sales - Enterprise,6000,Salaries & Wages,Sales & Marketing,68327.34
FY2026-Q2-Reforecast,2027-02-28,CC-1020,Sales - Enterprise,6020,Payroll Taxes & Benefits,Sales & Marketing,14007.11
FY2026-Q2-Reforecast,2027-02-28,CC-1020,Sales - Enterprise,6030,Sales Commissions,Sales & Marketing,18631.84
FY2026-Q2-Reforecast,2027-02-28,CC-1020,Sales - Enterprise,6040,Commission Amortisation,Sales & Marketing,9476.97
FY2026-Q2-Reforecast,2027-02-28,CC-1020,Sales - Enterprise,6200,Software & Subscriptions,Sales & Marketing,2464.57
FY2026-Q2-Reforecast,2027-02-28,CC-1020,Sales - Enterprise,6300,Travel & Entertainment,Sales & Marketing,3631.08
FY2026-Q2-Reforecast,2027-02-28,CC-1020,Sales - Enterprise,6450,Training & Enablement,Sales & Marketing,308.08
FY2026-Q2-Reforecast,2027-02-28,CC-1030,Sales Development,6000,Salaries & Wages,Sales & Marketing,76924.50
FY2026-Q2-Reforecast,2027-02-28,CC-1030,Sales Development,6020,Payroll Taxes & Benefits,Sales & Marketing,15769.52
FY2026-Q2-Reforecast,2027-02-28,CC-1030,Sales Development,6200,Software & Subscriptions,Sales & Marketing,3012.09
FY2026-Q2-Reforecast,2027-02-28,CC-1030,Sales Development,6300,Travel & Entertainment,Sales & Marketing,3920.83
FY2026-Q2-Reforecast,2027-02-28,CC-1030,Sales Development,6450,Training & Enablement,Sales & Marketing,357.93
FY2026-Q2-Reforecast,2027-02-28,CC-1040,Sales Operations,6000,Salaries & Wages,Sales & Marketing,57226.34
FY2026-Q2-Reforecast,2027-02-28,CC-1040,Sales Operations,6020,Payroll Taxes & Benefits,Sales & Marketing,11731.40
FY2026-Q2-Reforecast,2027-02-28,CC-1040,Sales Operations,6200,Software & Subscriptions,Sales & Marketing,2212.94
FY2026-Q2-Reforecast,2027-02-28,CC-1040,Sales Operations,6300,Travel & Entertainment,Sales & Marketing,2782.22
FY2026-Q2-Reforecast,2027-02-28,CC-1050,Solutions Engineering,6000,Salaries & Wages,Sales & Marketing,43484.59
FY2026-Q2-Reforecast,2027-02-28,CC-1050,Solutions Engineering,6020,Payroll Taxes & Benefits,Sales & Marketing,8914.34
FY2026-Q2-Reforecast,2027-02-28,CC-1050,Solutions Engineering,6200,Software & Subscriptions,Sales & Marketing,1767.03
FY2026-Q2-Reforecast,2027-02-28,CC-1050,Solutions Engineering,6300,Travel & Entertainment,Sales & Marketing,2368.96
FY2026-Q2-Reforecast,2027-02-28,CC-1060,Sales Leadership,6000,Salaries & Wages,Sales & Marketing,19209.12
FY2026-Q2-Reforecast,2027-02-28,CC-1060,Sales Leadership,6020,Payroll Taxes & Benefits,Sales & Marketing,3937.87
FY2026-Q2-Reforecast,2027-02-28,CC-1060,Sales Leadership,6200,Software & Subscriptions,Sales & Marketing,901.43
FY2026-Q2-Reforecast,2027-02-28,CC-1060,Sales Leadership,6300,Travel & Entertainment,Sales & Marketing,1262.96
FY2026-Q2-Reforecast,2027-02-28,CC-1060,Sales Leadership,6450,Training & Enablement,Sales & Marketing,105.16
FY2026-Q2-Reforecast,2027-02-28,CC-1100,Demand Generation,6000,Salaries & Wages,Sales & Marketing,84152.37
FY2026-Q2-Reforecast,2027-02-28,CC-1100,Demand Generation,6010,Bonus,Sales & Marketing,7818.04
FY2026-Q2-Reforecast,2027-02-28,CC-1100,Demand Generation,6020,Payroll Taxes & Benefits,Sales & Marketing,18853.93
FY2026-Q2-Reforecast,2027-02-28,CC-1100,Demand Generation,6050,Contractor & Temp Labor,Sales & Marketing,17742.66
FY2026-Q2-Reforecast,2027-02-28,CC-1100,Demand Generation,6100,Demand Generation,Sales & Marketing,159899.04
FY2026-Q2-Reforecast,2027-02-28,CC-1100,Demand Generation,6110,Events & Field Marketing,Sales & Marketing,61646.53
FY2026-Q2-Reforecast,2027-02-28,CC-1100,Demand Generation,6200,Software & Subscriptions,Sales & Marketing,2791.23
FY2026-Q2-Reforecast,2027-02-28,CC-1100,Demand Generation,6300,Travel & Entertainment,Sales & Marketing,2461.84
FY2026-Q2-Reforecast,2027-02-28,CC-1100,Demand Generation,6450,Training & Enablement,Sales & Marketing,376.02
FY2026-Q2-Reforecast,2027-02-28,CC-1110,Product Marketing,6000,Salaries & Wages,Sales & Marketing,98568.98
FY2026-Q2-Reforecast,2027-02-28,CC-1110,Product Marketing,6010,Bonus,Sales & Marketing,8883.53
FY2026-Q2-Reforecast,2027-02-28,CC-1110,Product Marketing,6020,Payroll Taxes & Benefits,Sales & Marketing,22027.77
FY2026-Q2-Reforecast,2027-02-28,CC-1110,Product Marketing,6120,Brand & Content,Sales & Marketing,43705.44
FY2026-Q2-Reforecast,2027-02-28,CC-1110,Product Marketing,6200,Software & Subscriptions,Sales & Marketing,3465.39
FY2026-Q2-Reforecast,2027-02-28,CC-1110,Product Marketing,6300,Travel & Entertainment,Sales & Marketing,2700.74
FY2026-Q2-Reforecast,2027-02-28,CC-1200,Customer Success,6000,Salaries & Wages,Subscription COGS,198820.23
FY2026-Q2-Reforecast,2027-02-28,CC-1200,Customer Success,6010,Bonus,Subscription COGS,19242.57
FY2026-Q2-Reforecast,2027-02-28,CC-1200,Customer Success,6020,Payroll Taxes & Benefits,Subscription COGS,44702.88
FY2026-Q2-Reforecast,2027-02-28,CC-1200,Customer Success,6200,Software & Subscriptions,Subscription COGS,3510.58
FY2026-Q2-Reforecast,2027-02-28,CC-1200,Customer Success,6300,Travel & Entertainment,Subscription COGS,2559.99
FY2026-Q2-Reforecast,2027-02-28,CC-2000,Support,5010,Third-Party Data & APIs,Subscription COGS,1379.77
FY2026-Q2-Reforecast,2027-02-28,CC-2000,Support,6000,Salaries & Wages,Subscription COGS,64591.14
FY2026-Q2-Reforecast,2027-02-28,CC-2000,Support,6010,Bonus,Subscription COGS,6770.92
FY2026-Q2-Reforecast,2027-02-28,CC-2000,Support,6020,Payroll Taxes & Benefits,Subscription COGS,14629.23
FY2026-Q2-Reforecast,2027-02-28,CC-2000,Support,6200,Software & Subscriptions,Subscription COGS,897.96
FY2026-Q2-Reforecast,2027-02-28,CC-2010,Cloud Operations,5000,Cloud Hosting,Subscription COGS,146599.04
FY2026-Q2-Reforecast,2027-02-28,CC-2010,Cloud Operations,5010,Third-Party Data & APIs,Subscription COGS,850.52
FY2026-Q2-Reforecast,2027-02-28,CC-2010,Cloud Operations,5020,Payment Processing Fees,Subscription COGS,16231.05
FY2026-Q2-Reforecast,2027-02-28,CC-2010,Cloud Operations,6000,Salaries & Wages,Subscription COGS,60942.98
FY2026-Q2-Reforecast,2027-02-28,CC-2010,Cloud Operations,6010,Bonus,Subscription COGS,5369.55
FY2026-Q2-Reforecast,2027-02-28,CC-2010,Cloud Operations,6020,Payroll Taxes & Benefits,Subscription COGS,13594.07
FY2026-Q2-Reforecast,2027-02-28,CC-2010,Cloud Operations,6050,Contractor & Temp Labor,Subscription COGS,16082.05
FY2026-Q2-Reforecast,2027-02-28,CC-2010,Cloud Operations,6200,Software & Subscriptions,Subscription COGS,970.13
FY2026-Q2-Reforecast,2027-02-28,CC-2010,Cloud Operations,6900,Other Operating Expense,Subscription COGS,144.64
FY2026-Q2-Reforecast,2027-02-28,CC-2100,Professional Services,5030,Services Subcontractors,Services COGS,3125.12
FY2026-Q2-Reforecast,2027-02-28,CC-2100,Professional Services,6000,Salaries & Wages,Services COGS,40208.08
FY2026-Q2-Reforecast,2027-02-28,CC-2100,Professional Services,6010,Bonus,Services COGS,3630.96
FY2026-Q2-Reforecast,2027-02-28,CC-2100,Professional Services,6020,Payroll Taxes & Benefits,Services COGS,8987.00
FY2026-Q2-Reforecast,2027-02-28,CC-2100,Professional Services,6200,Software & Subscriptions,Services COGS,906.87
FY2026-Q2-Reforecast,2027-02-28,CC-2100,Professional Services,6300,Travel & Entertainment,Services COGS,1863.90
FY2026-Q2-Reforecast,2027-02-28,CC-3000,Engineering,6000,Salaries & Wages,Research & Development,388974.85
FY2026-Q2-Reforecast,2027-02-28,CC-3000,Engineering,6010,Bonus,Research & Development,36429.05
FY2026-Q2-Reforecast,2027-02-28,CC-3000,Engineering,6020,Payroll Taxes & Benefits,Research & Development,87207.80
FY2026-Q2-Reforecast,2027-02-28,CC-3000,Engineering,6050,Contractor & Temp Labor,Research & Development,28010.52
FY2026-Q2-Reforecast,2027-02-28,CC-3000,Engineering,6200,Software & Subscriptions,Research & Development,12153.91
FY2026-Q2-Reforecast,2027-02-28,CC-3000,Engineering,6300,Travel & Entertainment,Research & Development,2291.72
FY2026-Q2-Reforecast,2027-02-28,CC-3000,Engineering,6450,Training & Enablement,Research & Development,1758.41
FY2026-Q2-Reforecast,2027-02-28,CC-3000,Engineering,6900,Other Operating Expense,Research & Development,1247.79
FY2026-Q2-Reforecast,2027-02-28,CC-3010,Quality & Release,6000,Salaries & Wages,Research & Development,54937.68
FY2026-Q2-Reforecast,2027-02-28,CC-3010,Quality & Release,6010,Bonus,Research & Development,4395.02
FY2026-Q2-Reforecast,2027-02-28,CC-3010,Quality & Release,6020,Payroll Taxes & Benefits,Research & Development,12163.20
FY2026-Q2-Reforecast,2027-02-28,CC-3010,Quality & Release,6050,Contractor & Temp Labor,Research & Development,8863.37
FY2026-Q2-Reforecast,2027-02-28,CC-3010,Quality & Release,6200,Software & Subscriptions,Research & Development,1900.90
FY2026-Q2-Reforecast,2027-02-28,CC-3100,Product & Design,6000,Salaries & Wages,Research & Development,162534.17
FY2026-Q2-Reforecast,2027-02-28,CC-3100,Product & Design,6010,Bonus,Research & Development,14775.76
FY2026-Q2-Reforecast,2027-02-28,CC-3100,Product & Design,6020,Payroll Taxes & Benefits,Research & Development,36348.54
FY2026-Q2-Reforecast,2027-02-28,CC-3100,Product & Design,6050,Contractor & Temp Labor,Research & Development,12050.65
FY2026-Q2-Reforecast,2027-02-28,CC-3100,Product & Design,6200,Software & Subscriptions,Research & Development,4832.76
FY2026-Q2-Reforecast,2027-02-28,CC-3100,Product & Design,6300,Travel & Entertainment,Research & Development,1201.91
FY2026-Q2-Reforecast,2027-02-28,CC-4000,Finance & Accounting,6000,Salaries & Wages,General & Administrative,69755.30
FY2026-Q2-Reforecast,2027-02-28,CC-4000,Finance & Accounting,6010,Bonus,General & Administrative,6188.39
FY2026-Q2-Reforecast,2027-02-28,CC-4000,Finance & Accounting,6020,Payroll Taxes & Benefits,General & Administrative,15568.46
FY2026-Q2-Reforecast,2027-02-28,CC-4000,Finance & Accounting,6200,Software & Subscriptions,General & Administrative,1480.85
FY2026-Q2-Reforecast,2027-02-28,CC-4000,Finance & Accounting,6300,Travel & Entertainment,General & Administrative,941.10
FY2026-Q2-Reforecast,2027-02-28,CC-4000,Finance & Accounting,6400,Professional Fees,General & Administrative,42777.47
FY2026-Q2-Reforecast,2027-02-28,CC-4000,Finance & Accounting,6440,Depreciation & Amortisation,General & Administrative,25288.87
FY2026-Q2-Reforecast,2027-02-28,CC-4000,Finance & Accounting,6900,Other Operating Expense,General & Administrative,190.18
FY2026-Q2-Reforecast,2027-02-28,CC-4010,People Operations,6000,Salaries & Wages,General & Administrative,58742.34
FY2026-Q2-Reforecast,2027-02-28,CC-4010,People Operations,6010,Bonus,General & Administrative,6545.67
FY2026-Q2-Reforecast,2027-02-28,CC-4010,People Operations,6020,Payroll Taxes & Benefits,General & Administrative,13384.04
FY2026-Q2-Reforecast,2027-02-28,CC-4010,People Operations,6200,Software & Subscriptions,General & Administrative,846.89
FY2026-Q2-Reforecast,2027-02-28,CC-4010,People Operations,6410,Recruiting Fees,General & Administrative,74741.11
FY2026-Q2-Reforecast,2027-02-28,CC-4010,People Operations,6450,Training & Enablement,General & Administrative,161.02
FY2026-Q2-Reforecast,2027-02-28,CC-4020,Legal & Corporate,6000,Salaries & Wages,General & Administrative,13262.51
FY2026-Q2-Reforecast,2027-02-28,CC-4020,Legal & Corporate,6010,Bonus,General & Administrative,1061.00
FY2026-Q2-Reforecast,2027-02-28,CC-4020,Legal & Corporate,6020,Payroll Taxes & Benefits,General & Administrative,2936.32
FY2026-Q2-Reforecast,2027-02-28,CC-4020,Legal & Corporate,6200,Software & Subscriptions,General & Administrative,474.61
FY2026-Q2-Reforecast,2027-02-28,CC-4020,Legal & Corporate,6300,Travel & Entertainment,General & Administrative,238.48
FY2026-Q2-Reforecast,2027-02-28,CC-4020,Legal & Corporate,6400,Professional Fees,General & Administrative,24767.54
FY2026-Q2-Reforecast,2027-02-28,CC-4020,Legal & Corporate,6430,Insurance,General & Administrative,20869.80
FY2026-Q2-Reforecast,2027-02-28,CC-4030,IT & Corporate Systems,6000,Salaries & Wages,General & Administrative,48071.69
FY2026-Q2-Reforecast,2027-02-28,CC-4030,IT & Corporate Systems,6010,Bonus,General & Administrative,5727.62
FY2026-Q2-Reforecast,2027-02-28,CC-4030,IT & Corporate Systems,6020,Payroll Taxes & Benefits,General & Administrative,11028.87
FY2026-Q2-Reforecast,2027-02-28,CC-4030,IT & Corporate Systems,6050,Contractor & Temp Labor,General & Administrative,7219.03
FY2026-Q2-Reforecast,2027-02-28,CC-4030,IT & Corporate Systems,6200,Software & Subscriptions,General & Administrative,651.87
FY2026-Q2-Reforecast,2027-02-28,CC-4030,IT & Corporate Systems,6420,Facilities & Rent,General & Administrative,43652.81
FY2026-Q2-Reforecast,2027-02-28,CC-4030,IT & Corporate Systems,6900,Other Operating Expense,General & Administrative,91.14
FY2026-Q2-Reforecast,2027-02-28,CC-9000,Revenue,4000,Subscription Revenue,Subscription Revenue,-2910862.27
FY2026-Q2-Reforecast,2027-02-28,CC-9000,Revenue,4010,Usage Revenue Above Commitment,Subscription Revenue,-62439.33
FY2026-Q2-Reforecast,2027-02-28,CC-9000,Revenue,4100,Professional Services Revenue,Services Revenue,-38757.63
FY2026-Q2-Reforecast,2027-02-28,CC-9000,Revenue,4110,Implementation Fee Revenue,Services Revenue,-58108.08
FY2026-Q2-Reforecast,2027-02-28,CC-9000,Corporate,9000,Ending ARR,Memo - ARR,35978754.27
FY2026-Q2-Reforecast,2027-02-28,CC-9000,Corporate,9010,New Logo ARR,Memo - ARR,304932.75
FY2026-Q2-Reforecast,2027-02-28,CC-9000,Corporate,9020,Expansion ARR,Memo - ARR,351034.17
FY2026-Q2-Reforecast,2027-02-28,CC-9000,Corporate,9030,Reactivation ARR,Memo - ARR,12283.89
FY2026-Q2-Reforecast,2027-02-28,CC-9000,Corporate,9040,Contraction ARR,Memo - ARR,-75900.25
FY2026-Q2-Reforecast,2027-02-28,CC-9000,Corporate,9050,Churn ARR,Memo - ARR,-320014.15
FY2026-Q2-Reforecast,2027-02-28,CC-9000,Corporate,9100,New Logos Added,Memo - Statistical,16.00
FY2026-Q2-Reforecast,2027-02-28,CC-9000,Corporate,9200,Ending Headcount,Memo - Statistical,218.50
FY2026-Q2-Reforecast,2027-02-28,CC-9000,Corporate,9300,Ending Cash,Memo - Statistical,18722023.98
FY2026-Q2-Reforecast,2027-03-31,CC-1000,Sales - SMB,6000,Salaries & Wages,Sales & Marketing,70982.40
FY2026-Q2-Reforecast,2027-03-31,CC-1000,Sales - SMB,6020,Payroll Taxes & Benefits,Sales & Marketing,14551.39
FY2026-Q2-Reforecast,2027-03-31,CC-1000,Sales - SMB,6030,Sales Commissions,Sales & Marketing,8733.96
FY2026-Q2-Reforecast,2027-03-31,CC-1000,Sales - SMB,6040,Commission Amortisation,Sales & Marketing,6184.57
FY2026-Q2-Reforecast,2027-03-31,CC-1000,Sales - SMB,6200,Software & Subscriptions,Sales & Marketing,3579.58
FY2026-Q2-Reforecast,2027-03-31,CC-1000,Sales - SMB,6300,Travel & Entertainment,Sales & Marketing,4497.08
FY2026-Q2-Reforecast,2027-03-31,CC-1000,Sales - SMB,6450,Training & Enablement,Sales & Marketing,413.50
FY2026-Q2-Reforecast,2027-03-31,CC-1010,Sales - Mid-Market,6000,Salaries & Wages,Sales & Marketing,111424.73
FY2026-Q2-Reforecast,2027-03-31,CC-1010,Sales - Mid-Market,6020,Payroll Taxes & Benefits,Sales & Marketing,22842.07
FY2026-Q2-Reforecast,2027-03-31,CC-1010,Sales - Mid-Market,6030,Sales Commissions,Sales & Marketing,16673.93
FY2026-Q2-Reforecast,2027-03-31,CC-1010,Sales - Mid-Market,6040,Commission Amortisation,Sales & Marketing,11806.90
FY2026-Q2-Reforecast,2027-03-31,CC-1010,Sales - Mid-Market,6200,Software & Subscriptions,Sales & Marketing,4590.95
FY2026-Q2-Reforecast,2027-03-31,CC-1010,Sales - Mid-Market,6300,Travel & Entertainment,Sales & Marketing,6385.85
FY2026-Q2-Reforecast,2027-03-31,CC-1010,Sales - Mid-Market,6450,Training & Enablement,Sales & Marketing,511.33
FY2026-Q2-Reforecast,2027-03-31,CC-1020,Sales - Enterprise,6000,Salaries & Wages,Sales & Marketing,68492.14
FY2026-Q2-Reforecast,2027-03-31,CC-1020,Sales - Enterprise,6020,Payroll Taxes & Benefits,Sales & Marketing,14040.89
FY2026-Q2-Reforecast,2027-03-31,CC-1020,Sales - Enterprise,6030,Sales Commissions,Sales & Marketing,14291.94
FY2026-Q2-Reforecast,2027-03-31,CC-1020,Sales - Enterprise,6040,Commission Amortisation,Sales & Marketing,10120.20
FY2026-Q2-Reforecast,2027-03-31,CC-1020,Sales - Enterprise,6200,Software & Subscriptions,Sales & Marketing,2542.88
FY2026-Q2-Reforecast,2027-03-31,CC-1020,Sales - Enterprise,6300,Travel & Entertainment,Sales & Marketing,3525.96
FY2026-Q2-Reforecast,2027-03-31,CC-1020,Sales - Enterprise,6450,Training & Enablement,Sales & Marketing,305.88
FY2026-Q2-Reforecast,2027-03-31,CC-1030,Sales Development,6000,Salaries & Wages,Sales & Marketing,61795.87
FY2026-Q2-Reforecast,2027-03-31,CC-1030,Sales Development,6020,Payroll Taxes & Benefits,Sales & Marketing,12668.15
FY2026-Q2-Reforecast,2027-03-31,CC-1030,Sales Development,6200,Software & Subscriptions,Sales & Marketing,2528.18
FY2026-Q2-Reforecast,2027-03-31,CC-1030,Sales Development,6300,Travel & Entertainment,Sales & Marketing,3293.76
FY2026-Q2-Reforecast,2027-03-31,CC-1030,Sales Development,6450,Training & Enablement,Sales & Marketing,329.89
FY2026-Q2-Reforecast,2027-03-31,CC-1040,Sales Operations,6000,Salaries & Wages,Sales & Marketing,57364.37
FY2026-Q2-Reforecast,2027-03-31,CC-1040,Sales Operations,6020,Payroll Taxes & Benefits,Sales & Marketing,11759.70
FY2026-Q2-Reforecast,2027-03-31,CC-1040,Sales Operations,6200,Software & Subscriptions,Sales & Marketing,2055.36
FY2026-Q2-Reforecast,2027-03-31,CC-1040,Sales Operations,6300,Travel & Entertainment,Sales & Marketing,2666.07
FY2026-Q2-Reforecast,2027-03-31,CC-1050,Solutions Engineering,6000,Salaries & Wages,Sales & Marketing,43589.47
FY2026-Q2-Reforecast,2027-03-31,CC-1050,Solutions Engineering,6020,Payroll Taxes & Benefits,Sales & Marketing,8935.84
FY2026-Q2-Reforecast,2027-03-31,CC-1050,Solutions Engineering,6200,Software & Subscriptions,Sales & Marketing,1649.18
FY2026-Q2-Reforecast,2027-03-31,CC-1050,Solutions Engineering,6300,Travel & Entertainment,Sales & Marketing,2366.02
FY2026-Q2-Reforecast,2027-03-31,CC-1060,Sales Leadership,6000,Salaries & Wages,Sales & Marketing,19255.45
FY2026-Q2-Reforecast,2027-03-31,CC-1060,Sales Leadership,6020,Payroll Taxes & Benefits,Sales & Marketing,3947.37
FY2026-Q2-Reforecast,2027-03-31,CC-1060,Sales Leadership,6200,Software & Subscriptions,Sales & Marketing,835.91
FY2026-Q2-Reforecast,2027-03-31,CC-1060,Sales Leadership,6300,Travel & Entertainment,Sales & Marketing,1109.97
FY2026-Q2-Reforecast,2027-03-31,CC-1060,Sales Leadership,6450,Training & Enablement,Sales & Marketing,95.90
FY2026-Q2-Reforecast,2027-03-31,CC-1100,Demand Generation,6000,Salaries & Wages,Sales & Marketing,84355.33
FY2026-Q2-Reforecast,2027-03-31,CC-1100,Demand Generation,6010,Bonus,Sales & Marketing,7836.89
FY2026-Q2-Reforecast,2027-03-31,CC-1100,Demand Generation,6020,Payroll Taxes & Benefits,Sales & Marketing,18899.41
FY2026-Q2-Reforecast,2027-03-31,CC-1100,Demand Generation,6050,Contractor & Temp Labor,Sales & Marketing,17686.95
FY2026-Q2-Reforecast,2027-03-31,CC-1100,Demand Generation,6100,Demand Generation,Sales & Marketing,199183.46
FY2026-Q2-Reforecast,2027-03-31,CC-1100,Demand Generation,6110,Events & Field Marketing,Sales & Marketing,90314.87
FY2026-Q2-Reforecast,2027-03-31,CC-1100,Demand Generation,6200,Software & Subscriptions,Sales & Marketing,3098.85
FY2026-Q2-Reforecast,2027-03-31,CC-1100,Demand Generation,6300,Travel & Entertainment,Sales & Marketing,2409.49
FY2026-Q2-Reforecast,2027-03-31,CC-1100,Demand Generation,6450,Training & Enablement,Sales & Marketing,378.79
FY2026-Q2-Reforecast,2027-03-31,CC-1110,Product Marketing,6000,Salaries & Wages,Sales & Marketing,88963.31
FY2026-Q2-Reforecast,2027-03-31,CC-1110,Product Marketing,6010,Bonus,Sales & Marketing,8117.49
FY2026-Q2-Reforecast,2027-03-31,CC-1110,Product Marketing,6020,Payroll Taxes & Benefits,Sales & Marketing,19901.56
FY2026-Q2-Reforecast,2027-03-31,CC-1110,Product Marketing,6120,Brand & Content,Sales & Marketing,62437.01
FY2026-Q2-Reforecast,2027-03-31,CC-1110,Product Marketing,6200,Software & Subscriptions,Sales & Marketing,3380.28
FY2026-Q2-Reforecast,2027-03-31,CC-1110,Product Marketing,6300,Travel & Entertainment,Sales & Marketing,2783.32
FY2026-Q2-Reforecast,2027-03-31,CC-1200,Customer Success,6000,Salaries & Wages,Subscription COGS,219761.14
FY2026-Q2-Reforecast,2027-03-31,CC-1200,Customer Success,6010,Bonus,Subscription COGS,20925.89
FY2026-Q2-Reforecast,2027-03-31,CC-1200,Customer Success,6020,Payroll Taxes & Benefits,Subscription COGS,49340.84
FY2026-Q2-Reforecast,2027-03-31,CC-1200,Customer Success,6200,Software & Subscriptions,Subscription COGS,4183.91
FY2026-Q2-Reforecast,2027-03-31,CC-1200,Customer Success,6300,Travel & Entertainment,Subscription COGS,3173.39
FY2026-Q2-Reforecast,2027-03-31,CC-2000,Support,5010,Third-Party Data & APIs,Subscription COGS,1398.87
FY2026-Q2-Reforecast,2027-03-31,CC-2000,Support,6000,Salaries & Wages,Subscription COGS,64746.93
FY2026-Q2-Reforecast,2027-03-31,CC-2000,Support,6010,Bonus,Subscription COGS,6787.25
FY2026-Q2-Reforecast,2027-03-31,CC-2000,Support,6020,Payroll Taxes & Benefits,Subscription COGS,14664.51
FY2026-Q2-Reforecast,2027-03-31,CC-2000,Support,6200,Software & Subscriptions,Subscription COGS,1023.01
FY2026-Q2-Reforecast,2027-03-31,CC-2010,Cloud Operations,5000,Cloud Hosting,Subscription COGS,163464.34
FY2026-Q2-Reforecast,2027-03-31,CC-2010,Cloud Operations,5010,Third-Party Data & APIs,Subscription COGS,1000.13
FY2026-Q2-Reforecast,2027-03-31,CC-2010,Cloud Operations,5020,Payment Processing Fees,Subscription COGS,24787.24
FY2026-Q2-Reforecast,2027-03-31,CC-2010,Cloud Operations,6000,Salaries & Wages,Subscription COGS,61089.97
FY2026-Q2-Reforecast,2027-03-31,CC-2010,Cloud Operations,6010,Bonus,Subscription COGS,5382.51
FY2026-Q2-Reforecast,2027-03-31,CC-2010,Cloud Operations,6020,Payroll Taxes & Benefits,Subscription COGS,13626.86
FY2026-Q2-Reforecast,2027-03-31,CC-2010,Cloud Operations,6050,Contractor & Temp Labor,Subscription COGS,18350.15
FY2026-Q2-Reforecast,2027-03-31,CC-2010,Cloud Operations,6200,Software & Subscriptions,Subscription COGS,912.01
FY2026-Q2-Reforecast,2027-03-31,CC-2010,Cloud Operations,6900,Other Operating Expense,Subscription COGS,157.83
FY2026-Q2-Reforecast,2027-03-31,CC-2100,Professional Services,5030,Services Subcontractors,Services COGS,3692.80
FY2026-Q2-Reforecast,2027-03-31,CC-2100,Professional Services,6000,Salaries & Wages,Services COGS,40305.06
FY2026-Q2-Reforecast,2027-03-31,CC-2100,Professional Services,6010,Bonus,Services COGS,3639.72
FY2026-Q2-Reforecast,2027-03-31,CC-2100,Professional Services,6020,Payroll Taxes & Benefits,Services COGS,9008.68
FY2026-Q2-Reforecast,2027-03-31,CC-2100,Professional Services,6200,Software & Subscriptions,Services COGS,918.16
FY2026-Q2-Reforecast,2027-03-31,CC-2100,Professional Services,6300,Travel & Entertainment,Services COGS,2211.53
FY2026-Q2-Reforecast,2027-03-31,CC-3000,Engineering,6000,Salaries & Wages,Research & Development,382687.33
FY2026-Q2-Reforecast,2027-03-31,CC-3000,Engineering,6010,Bonus,Research & Development,35938.87
FY2026-Q2-Reforecast,2027-03-31,CC-3000,Engineering,6020,Payroll Taxes & Benefits,Research & Development,85818.36
FY2026-Q2-Reforecast,2027-03-31,CC-3000,Engineering,6050,Contractor & Temp Labor,Research & Development,26630.79
FY2026-Q2-Reforecast,2027-03-31,CC-3000,Engineering,6200,Software & Subscriptions,Research & Development,10654.38
FY2026-Q2-Reforecast,2027-03-31,CC-3000,Engineering,6300,Travel & Entertainment,Research & Development,2482.67
FY2026-Q2-Reforecast,2027-03-31,CC-3000,Engineering,6450,Training & Enablement,Research & Development,1622.99
FY2026-Q2-Reforecast,2027-03-31,CC-3000,Engineering,6900,Other Operating Expense,Research & Development,1060.57
FY2026-Q2-Reforecast,2027-03-31,CC-3010,Quality & Release,6000,Salaries & Wages,Research & Development,55070.19
FY2026-Q2-Reforecast,2027-03-31,CC-3010,Quality & Release,6010,Bonus,Research & Development,4405.62
FY2026-Q2-Reforecast,2027-03-31,CC-3010,Quality & Release,6020,Payroll Taxes & Benefits,Research & Development,12192.53
FY2026-Q2-Reforecast,2027-03-31,CC-3010,Quality & Release,6050,Contractor & Temp Labor,Research & Development,9301.81
FY2026-Q2-Reforecast,2027-03-31,CC-3010,Quality & Release,6200,Software & Subscriptions,Research & Development,1946.24
FY2026-Q2-Reforecast,2027-03-31,CC-3100,Product & Design,6000,Salaries & Wages,Research & Development,152180.79
FY2026-Q2-Reforecast,2027-03-31,CC-3100,Product & Design,6010,Bonus,Research & Development,13521.95
FY2026-Q2-Reforecast,2027-03-31,CC-3100,Product & Design,6020,Payroll Taxes & Benefits,Research & Development,33969.06
FY2026-Q2-Reforecast,2027-03-31,CC-3100,Product & Design,6050,Contractor & Temp Labor,Research & Development,10650.36
FY2026-Q2-Reforecast,2027-03-31,CC-3100,Product & Design,6200,Software & Subscriptions,Research & Development,4631.09
FY2026-Q2-Reforecast,2027-03-31,CC-3100,Product & Design,6300,Travel & Entertainment,Research & Development,1074.29
FY2026-Q2-Reforecast,2027-03-31,CC-4000,Finance & Accounting,6000,Salaries & Wages,General & Administrative,69923.55
FY2026-Q2-Reforecast,2027-03-31,CC-4000,Finance & Accounting,6010,Bonus,General & Administrative,6203.32
FY2026-Q2-Reforecast,2027-03-31,CC-4000,Finance & Accounting,6020,Payroll Taxes & Benefits,General & Administrative,15606.01
FY2026-Q2-Reforecast,2027-03-31,CC-4000,Finance & Accounting,6200,Software & Subscriptions,General & Administrative,1591.53
FY2026-Q2-Reforecast,2027-03-31,CC-4000,Finance & Accounting,6300,Travel & Entertainment,General & Administrative,880.62
FY2026-Q2-Reforecast,2027-03-31,CC-4000,Finance & Accounting,6400,Professional Fees,General & Administrative,102087.83
FY2026-Q2-Reforecast,2027-03-31,CC-4000,Finance & Accounting,6440,Depreciation & Amortisation,General & Administrative,25480.86
FY2026-Q2-Reforecast,2027-03-31,CC-4000,Finance & Accounting,6900,Other Operating Expense,General & Administrative,191.64
FY2026-Q2-Reforecast,2027-03-31,CC-4010,People Operations,6000,Salaries & Wages,General & Administrative,69119.61
FY2026-Q2-Reforecast,2027-03-31,CC-4010,People Operations,6010,Bonus,General & Administrative,7380.30
FY2026-Q2-Reforecast,2027-03-31,CC-4010,People Operations,6020,Payroll Taxes & Benefits,General & Administrative,15682.48
FY2026-Q2-Reforecast,2027-03-31,CC-4010,People Operations,6200,Software & Subscriptions,General & Administrative,1284.37
FY2026-Q2-Reforecast,2027-03-31,CC-4010,People Operations,6410,Recruiting Fees,General & Administrative,35203.18
FY2026-Q2-Reforecast,2027-03-31,CC-4010,People Operations,6450,Training & Enablement,General & Administrative,227.89
FY2026-Q2-Reforecast,2027-03-31,CC-4020,Legal & Corporate,6000,Salaries & Wages,General & Administrative,13294.49
FY2026-Q2-Reforecast,2027-03-31,CC-4020,Legal & Corporate,6010,Bonus,General & Administrative,1063.56
FY2026-Q2-Reforecast,2027-03-31,CC-4020,Legal & Corporate,6020,Payroll Taxes & Benefits,General & Administrative,2943.40
FY2026-Q2-Reforecast,2027-03-31,CC-4020,Legal & Corporate,6200,Software & Subscriptions,General & Administrative,479.17
FY2026-Q2-Reforecast,2027-03-31,CC-4020,Legal & Corporate,6300,Travel & Entertainment,General & Administrative,241.48
FY2026-Q2-Reforecast,2027-03-31,CC-4020,Legal & Corporate,6400,Professional Fees,General & Administrative,56786.62
FY2026-Q2-Reforecast,2027-03-31,CC-4020,Legal & Corporate,6430,Insurance,General & Administrative,22093.22
FY2026-Q2-Reforecast,2027-03-31,CC-4030,IT & Corporate Systems,6000,Salaries & Wages,General & Administrative,60266.42
FY2026-Q2-Reforecast,2027-03-31,CC-4030,IT & Corporate Systems,6010,Bonus,General & Administrative,6707.74
FY2026-Q2-Reforecast,2027-03-31,CC-4030,IT & Corporate Systems,6020,Payroll Taxes & Benefits,General & Administrative,13729.71
FY2026-Q2-Reforecast,2027-03-31,CC-4030,IT & Corporate Systems,6050,Contractor & Temp Labor,General & Administrative,7077.80
FY2026-Q2-Reforecast,2027-03-31,CC-4030,IT & Corporate Systems,6200,Software & Subscriptions,General & Administrative,877.15
FY2026-Q2-Reforecast,2027-03-31,CC-4030,IT & Corporate Systems,6420,Facilities & Rent,General & Administrative,43140.82
FY2026-Q2-Reforecast,2027-03-31,CC-4030,IT & Corporate Systems,6900,Other Operating Expense,General & Administrative,111.70
FY2026-Q2-Reforecast,2027-03-31,CC-9000,Revenue,4000,Subscription Revenue,Subscription Revenue,-2925268.55
FY2026-Q2-Reforecast,2027-03-31,CC-9000,Revenue,4010,Usage Revenue Above Commitment,Subscription Revenue,-62748.36
FY2026-Q2-Reforecast,2027-03-31,CC-9000,Revenue,4100,Professional Services Revenue,Services Revenue,-22100.50
FY2026-Q2-Reforecast,2027-03-31,CC-9000,Revenue,4110,Implementation Fee Revenue,Services Revenue,-59997.04
FY2026-Q2-Reforecast,2027-03-31,CC-9000,Corporate,9000,Ending ARR,Memo - ARR,36596336.21
FY2026-Q2-Reforecast,2027-03-31,CC-9000,Corporate,9010,New Logo ARR,Memo - ARR,492583.67
FY2026-Q2-Reforecast,2027-03-31,CC-9000,Corporate,9020,Expansion ARR,Memo - ARR,567055.20
FY2026-Q2-Reforecast,2027-03-31,CC-9000,Corporate,9030,Reactivation ARR,Memo - ARR,19843.20
FY2026-Q2-Reforecast,2027-03-31,CC-9000,Corporate,9040,Contraction ARR,Memo - ARR,-88550.29
FY2026-Q2-Reforecast,2027-03-31,CC-9000,Corporate,9050,Churn ARR,Memo - ARR,-373349.84
FY2026-Q2-Reforecast,2027-03-31,CC-9000,Corporate,9100,New Logos Added,Memo - Statistical,24.00
FY2026-Q2-Reforecast,2027-03-31,CC-9000,Corporate,9200,Ending Headcount,Memo - Statistical,218.40
FY2026-Q2-Reforecast,2027-03-31,CC-9000,Corporate,9300,Ending Cash,Memo - Statistical,18383457.09
FY2026-Q2-Reforecast,2027-04-30,CC-1000,Sales - SMB,6000,Salaries & Wages,Sales & Marketing,90435.82
FY2026-Q2-Reforecast,2027-04-30,CC-1000,Sales - SMB,6020,Payroll Taxes & Benefits,Sales & Marketing,18539.34
FY2026-Q2-Reforecast,2027-04-30,CC-1000,Sales - SMB,6030,Sales Commissions,Sales & Marketing,5985.44
FY2026-Q2-Reforecast,2027-04-30,CC-1000,Sales - SMB,6040,Commission Amortisation,Sales & Marketing,6470.77
FY2026-Q2-Reforecast,2027-04-30,CC-1000,Sales - SMB,6200,Software & Subscriptions,Sales & Marketing,4159.79
FY2026-Q2-Reforecast,2027-04-30,CC-1000,Sales - SMB,6300,Travel & Entertainment,Sales & Marketing,5527.81
FY2026-Q2-Reforecast,2027-04-30,CC-1000,Sales - SMB,6450,Training & Enablement,Sales & Marketing,519.57
FY2026-Q2-Reforecast,2027-04-30,CC-1010,Sales - Mid-Market,6000,Salaries & Wages,Sales & Marketing,121737.51
FY2026-Q2-Reforecast,2027-04-30,CC-1010,Sales - Mid-Market,6020,Payroll Taxes & Benefits,Sales & Marketing,24956.18
FY2026-Q2-Reforecast,2027-04-30,CC-1010,Sales - Mid-Market,6030,Sales Commissions,Sales & Marketing,11426.75
FY2026-Q2-Reforecast,2027-04-30,CC-1010,Sales - Mid-Market,6040,Commission Amortisation,Sales & Marketing,12353.30
FY2026-Q2-Reforecast,2027-04-30,CC-1010,Sales - Mid-Market,6200,Software & Subscriptions,Sales & Marketing,5282.55
FY2026-Q2-Reforecast,2027-04-30,CC-1010,Sales - Mid-Market,6300,Travel & Entertainment,Sales & Marketing,6849.34
FY2026-Q2-Reforecast,2027-04-30,CC-1010,Sales - Mid-Market,6450,Training & Enablement,Sales & Marketing,619.71
FY2026-Q2-Reforecast,2027-04-30,CC-1020,Sales - Enterprise,6000,Salaries & Wages,Sales & Marketing,78848.79
FY2026-Q2-Reforecast,2027-04-30,CC-1020,Sales - Enterprise,6020,Payroll Taxes & Benefits,Sales & Marketing,16164.01
FY2026-Q2-Reforecast,2027-04-30,CC-1020,Sales - Enterprise,6030,Sales Commissions,Sales & Marketing,9794.36
FY2026-Q2-Reforecast,2027-04-30,CC-1020,Sales - Enterprise,6040,Commission Amortisation,Sales & Marketing,10588.54
FY2026-Q2-Reforecast,2027-04-30,CC-1020,Sales - Enterprise,6200,Software & Subscriptions,Sales & Marketing,2710.78
FY2026-Q2-Reforecast,2027-04-30,CC-1020,Sales - Enterprise,6300,Travel & Entertainment,Sales & Marketing,4157.25
FY2026-Q2-Reforecast,2027-04-30,CC-1020,Sales - Enterprise,6450,Training & Enablement,Sales & Marketing,326.15
FY2026-Q2-Reforecast,2027-04-30,CC-1030,Sales Development,6000,Salaries & Wages,Sales & Marketing,61944.90
FY2026-Q2-Reforecast,2027-04-30,CC-1030,Sales Development,6020,Payroll Taxes & Benefits,Sales & Marketing,12698.70
FY2026-Q2-Reforecast,2027-04-30,CC-1030,Sales Development,6200,Software & Subscriptions,Sales & Marketing,2606.51
FY2026-Q2-Reforecast,2027-04-30,CC-1030,Sales Development,6300,Travel & Entertainment,Sales & Marketing,3478.87
FY2026-Q2-Reforecast,2027-04-30,CC-1030,Sales Development,6450,Training & Enablement,Sales & Marketing,314.93
FY2026-Q2-Reforecast,2027-04-30,CC-1040,Sales Operations,6000,Salaries & Wages,Sales & Marketing,57502.71
FY2026-Q2-Reforecast,2027-04-30,CC-1040,Sales Operations,6020,Payroll Taxes & Benefits,Sales & Marketing,11788.06
FY2026-Q2-Reforecast,2027-04-30,CC-1040,Sales Operations,6200,Software & Subscriptions,Sales & Marketing,2114.95
FY2026-Q2-Reforecast,2027-04-30,CC-1040,Sales Operations,6300,Travel & Entertainment,Sales & Marketing,2773.45
FY2026-Q2-Reforecast,2027-04-30,CC-1050,Solutions Engineering,6000,Salaries & Wages,Sales & Marketing,43694.60
FY2026-Q2-Reforecast,2027-04-30,CC-1050,Solutions Engineering,6020,Payroll Taxes & Benefits,Sales & Marketing,8957.39
FY2026-Q2-Reforecast,2027-04-30,CC-1050,Solutions Engineering,6200,Software & Subscriptions,Sales & Marketing,1439.05
FY2026-Q2-Reforecast,2027-04-30,CC-1050,Solutions Engineering,6300,Travel & Entertainment,Sales & Marketing,2485.80
FY2026-Q2-Reforecast,2027-04-30,CC-1060,Sales Leadership,6000,Salaries & Wages,Sales & Marketing,19301.89
FY2026-Q2-Reforecast,2027-04-30,CC-1060,Sales Leadership,6020,Payroll Taxes & Benefits,Sales & Marketing,3956.89
FY2026-Q2-Reforecast,2027-04-30,CC-1060,Sales Leadership,6200,Software & Subscriptions,Sales & Marketing,833.13
FY2026-Q2-Reforecast,2027-04-30,CC-1060,Sales Leadership,6300,Travel & Entertainment,Sales & Marketing,1209.97
FY2026-Q2-Reforecast,2027-04-30,CC-1060,Sales Leadership,6450,Training & Enablement,Sales & Marketing,108.06
FY2026-Q2-Reforecast,2027-04-30,CC-1100,Demand Generation,6000,Salaries & Wages,Sales & Marketing,93423.49
FY2026-Q2-Reforecast,2027-04-30,CC-1100,Demand Generation,6010,Bonus,Sales & Marketing,8564.97
FY2026-Q2-Reforecast,2027-04-30,CC-1100,Demand Generation,6020,Payroll Taxes & Benefits,Sales & Marketing,20907.63
FY2026-Q2-Reforecast,2027-04-30,CC-1100,Demand Generation,6050,Contractor & Temp Labor,Sales & Marketing,16995.20
FY2026-Q2-Reforecast,2027-04-30,CC-1100,Demand Generation,6100,Demand Generation,Sales & Marketing,195155.52
FY2026-Q2-Reforecast,2027-04-30,CC-1100,Demand Generation,6110,Events & Field Marketing,Sales & Marketing,80081.64
FY2026-Q2-Reforecast,2027-04-30,CC-1100,Demand Generation,6200,Software & Subscriptions,Sales & Marketing,3386.64
FY2026-Q2-Reforecast,2027-04-30,CC-1100,Demand Generation,6300,Travel & Entertainment,Sales & Marketing,2874.73
FY2026-Q2-Reforecast,2027-04-30,CC-1100,Demand Generation,6450,Training & Enablement,Sales & Marketing,495.99
FY2026-Q2-Reforecast,2027-04-30,CC-1110,Product Marketing,6000,Salaries & Wages,Sales & Marketing,89177.87
FY2026-Q2-Reforecast,2027-04-30,CC-1110,Product Marketing,6010,Bonus,Sales & Marketing,8137.07
FY2026-Q2-Reforecast,2027-04-30,CC-1110,Product Marketing,6020,Payroll Taxes & Benefits,Sales & Marketing,19949.56
FY2026-Q2-Reforecast,2027-04-30,CC-1110,Product Marketing,6120,Brand & Content,Sales & Marketing,51183.81
FY2026-Q2-Reforecast,2027-04-30,CC-1110,Product Marketing,6200,Software & Subscriptions,Sales & Marketing,3449.48
FY2026-Q2-Reforecast,2027-04-30,CC-1110,Product Marketing,6300,Travel & Entertainment,Sales & Marketing,2819.95
FY2026-Q2-Reforecast,2027-04-30,CC-1200,Customer Success,6000,Salaries & Wages,Subscription COGS,222826.72
FY2026-Q2-Reforecast,2027-04-30,CC-1200,Customer Success,6010,Bonus,Subscription COGS,21179.20
FY2026-Q2-Reforecast,2027-04-30,CC-1200,Customer Success,6020,Payroll Taxes & Benefits,Subscription COGS,50021.21
FY2026-Q2-Reforecast,2027-04-30,CC-1200,Customer Success,6200,Software & Subscriptions,Subscription COGS,3751.72
FY2026-Q2-Reforecast,2027-04-30,CC-1200,Customer Success,6300,Travel & Entertainment,Subscription COGS,2920.05
FY2026-Q2-Reforecast,2027-04-30,CC-2000,Support,5010,Third-Party Data & APIs,Subscription COGS,1292.53
FY2026-Q2-Reforecast,2027-04-30,CC-2000,Support,6000,Salaries & Wages,Subscription COGS,64903.08
FY2026-Q2-Reforecast,2027-04-30,CC-2000,Support,6010,Bonus,Subscription COGS,6803.62
FY2026-Q2-Reforecast,2027-04-30,CC-2000,Support,6020,Payroll Taxes & Benefits,Subscription COGS,14699.88
FY2026-Q2-Reforecast,2027-04-30,CC-2000,Support,6200,Software & Subscriptions,Subscription COGS,885.94
FY2026-Q2-Reforecast,2027-04-30,CC-2010,Cloud Operations,5000,Cloud Hosting,Subscription COGS,165260.93
FY2026-Q2-Reforecast,2027-04-30,CC-2010,Cloud Operations,5010,Third-Party Data & APIs,Subscription COGS,958.49
FY2026-Q2-Reforecast,2027-04-30,CC-2010,Cloud Operations,5020,Payment Processing Fees,Subscription COGS,9460.12
FY2026-Q2-Reforecast,2027-04-30,CC-2010,Cloud Operations,6000,Salaries & Wages,Subscription COGS,76932.36
FY2026-Q2-Reforecast,2027-04-30,CC-2010,Cloud Operations,6010,Bonus,Subscription COGS,7749.75
FY2026-Q2-Reforecast,2027-04-30,CC-2010,Cloud Operations,6020,Payroll Taxes & Benefits,Subscription COGS,17359.83
FY2026-Q2-Reforecast,2027-04-30,CC-2010,Cloud Operations,6050,Contractor & Temp Labor,Subscription COGS,17680.16
FY2026-Q2-Reforecast,2027-04-30,CC-2010,Cloud Operations,6200,Software & Subscriptions,Subscription COGS,1167.27
FY2026-Q2-Reforecast,2027-04-30,CC-2010,Cloud Operations,6900,Other Operating Expense,Subscription COGS,173.76
FY2026-Q2-Reforecast,2027-04-30,CC-2100,Professional Services,5030,Services Subcontractors,Services COGS,3599.94
FY2026-Q2-Reforecast,2027-04-30,CC-2100,Professional Services,6000,Salaries & Wages,Services COGS,40402.27
FY2026-Q2-Reforecast,2027-04-30,CC-2100,Professional Services,6010,Bonus,Services COGS,3648.49
FY2026-Q2-Reforecast,2027-04-30,CC-2100,Professional Services,6020,Payroll Taxes & Benefits,Services COGS,9030.41
FY2026-Q2-Reforecast,2027-04-30,CC-2100,Professional Services,6200,Software & Subscriptions,Services COGS,960.47
FY2026-Q2-Reforecast,2027-04-30,CC-2100,Professional Services,6300,Travel & Entertainment,Services COGS,1972.57
FY2026-Q2-Reforecast,2027-04-30,CC-3000,Engineering,6000,Salaries & Wages,Research & Development,397339.76
FY2026-Q2-Reforecast,2027-04-30,CC-3000,Engineering,6010,Bonus,Research & Development,38084.97
FY2026-Q2-Reforecast,2027-04-30,CC-3000,Engineering,6020,Payroll Taxes & Benefits,Research & Development,89262.07
FY2026-Q2-Reforecast,2027-04-30,CC-3000,Engineering,6050,Contractor & Temp Labor,Research & Development,28030.13
FY2026-Q2-Reforecast,2027-04-30,CC-3000,Engineering,6200,Software & Subscriptions,Research & Development,12694.89
FY2026-Q2-Reforecast,2027-04-30,CC-3000,Engineering,6300,Travel & Entertainment,Research & Development,2407.18
FY2026-Q2-Reforecast,2027-04-30,CC-3000,Engineering,6450,Training & Enablement,Research & Development,1725.37
FY2026-Q2-Reforecast,2027-04-30,CC-3000,Engineering,6900,Other Operating Expense,Research & Development,1232.37
FY2026-Q2-Reforecast,2027-04-30,CC-3010,Quality & Release,6000,Salaries & Wages,Research & Development,55203.00
FY2026-Q2-Reforecast,2027-04-30,CC-3010,Quality & Release,6010,Bonus,Research & Development,4416.24
FY2026-Q2-Reforecast,2027-04-30,CC-3010,Quality & Release,6020,Payroll Taxes & Benefits,Research & Development,12221.94
FY2026-Q2-Reforecast,2027-04-30,CC-3010,Quality & Release,6050,Contractor & Temp Labor,Research & Development,8605.58
FY2026-Q2-Reforecast,2027-04-30,CC-3010,Quality & Release,6200,Software & Subscriptions,Research & Development,1772.36
FY2026-Q2-Reforecast,2027-04-30,CC-3100,Product & Design,6000,Salaries & Wages,Research & Development,160773.71
FY2026-Q2-Reforecast,2027-04-30,CC-3100,Product & Design,6010,Bonus,Research & Development,14212.63
FY2026-Q2-Reforecast,2027-04-30,CC-3100,Product & Design,6020,Payroll Taxes & Benefits,Research & Development,35872.20
FY2026-Q2-Reforecast,2027-04-30,CC-3100,Product & Design,6050,Contractor & Temp Labor,Research & Development,10984.87
FY2026-Q2-Reforecast,2027-04-30,CC-3100,Product & Design,6200,Software & Subscriptions,Research & Development,4910.91
FY2026-Q2-Reforecast,2027-04-30,CC-3100,Product & Design,6300,Travel & Entertainment,Research & Development,1304.03
FY2026-Q2-Reforecast,2027-04-30,CC-4000,Finance & Accounting,6000,Salaries & Wages,General & Administrative,58465.85
FY2026-Q2-Reforecast,2027-04-30,CC-4000,Finance & Accounting,6010,Bonus,General & Administrative,5288.17
FY2026-Q2-Reforecast,2027-04-30,CC-4000,Finance & Accounting,6020,Payroll Taxes & Benefits,General & Administrative,13069.57
FY2026-Q2-Reforecast,2027-04-30,CC-4000,Finance & Accounting,6200,Software & Subscriptions,General & Administrative,1275.05
FY2026-Q2-Reforecast,2027-04-30,CC-4000,Finance & Accounting,6300,Travel & Entertainment,General & Administrative,759.47
FY2026-Q2-Reforecast,2027-04-30,CC-4000,Finance & Accounting,6400,Professional Fees,General & Administrative,95667.67
FY2026-Q2-Reforecast,2027-04-30,CC-4000,Finance & Accounting,6440,Depreciation & Amortisation,General & Administrative,25674.29
FY2026-Q2-Reforecast,2027-04-30,CC-4000,Finance & Accounting,6900,Other Operating Expense,General & Administrative,170.10
FY2026-Q2-Reforecast,2027-04-30,CC-4010,People Operations,6000,Salaries & Wages,General & Administrative,69286.30
FY2026-Q2-Reforecast,2027-04-30,CC-4010,People Operations,6010,Bonus,General & Administrative,7398.10
FY2026-Q2-Reforecast,2027-04-30,CC-4010,People Operations,6020,Payroll Taxes & Benefits,General & Administrative,15720.30
FY2026-Q2-Reforecast,2027-04-30,CC-4010,People Operations,6200,Software & Subscriptions,General & Administrative,1133.97
FY2026-Q2-Reforecast,2027-04-30,CC-4010,People Operations,6410,Recruiting Fees,General & Administrative,73198.38
FY2026-Q2-Reforecast,2027-04-30,CC-4010,People Operations,6450,Training & Enablement,General & Administrative,219.15
FY2026-Q2-Reforecast,2027-04-30,CC-4020,Legal & Corporate,6000,Salaries & Wages,General & Administrative,13326.56
FY2026-Q2-Reforecast,2027-04-30,CC-4020,Legal & Corporate,6010,Bonus,General & Administrative,1066.12
FY2026-Q2-Reforecast,2027-04-30,CC-4020,Legal & Corporate,6020,Payroll Taxes & Benefits,General & Administrative,2950.50
FY2026-Q2-Reforecast,2027-04-30,CC-4020,Legal & Corporate,6200,Software & Subscriptions,General & Administrative,434.12
FY2026-Q2-Reforecast,2027-04-30,CC-4020,Legal & Corporate,6300,Travel & Entertainment,General & Administrative,248.95
FY2026-Q2-Reforecast,2027-04-30,CC-4020,Legal & Corporate,6400,Professional Fees,General & Administrative,51775.51
FY2026-Q2-Reforecast,2027-04-30,CC-4020,Legal & Corporate,6430,Insurance,General & Administrative,23102.79
FY2026-Q2-Reforecast,2027-04-30,CC-4030,IT & Corporate Systems,6000,Salaries & Wages,General & Administrative,60411.76
FY2026-Q2-Reforecast,2027-04-30,CC-4030,IT & Corporate Systems,6010,Bonus,General & Administrative,6723.92
FY2026-Q2-Reforecast,2027-04-30,CC-4030,IT & Corporate Systems,6020,Payroll Taxes & Benefits,General & Administrative,13762.82
FY2026-Q2-Reforecast,2027-04-30,CC-4030,IT & Corporate Systems,6050,Contractor & Temp Labor,General & Administrative,7353.30
FY2026-Q2-Reforecast,2027-04-30,CC-4030,IT & Corporate Systems,6200,Software & Subscriptions,General & Administrative,895.39
FY2026-Q2-Reforecast,2027-04-30,CC-4030,IT & Corporate Systems,6420,Facilities & Rent,General & Administrative,47351.66
FY2026-Q2-Reforecast,2027-04-30,CC-4030,IT & Corporate Systems,6900,Other Operating Expense,General & Administrative,109.73
FY2026-Q2-Reforecast,2027-04-30,CC-9000,Revenue,4000,Subscription Revenue,Subscription Revenue,-2962978.12
FY2026-Q2-Reforecast,2027-04-30,CC-9000,Revenue,4010,Usage Revenue Above Commitment,Subscription Revenue,-63557.24
FY2026-Q2-Reforecast,2027-04-30,CC-9000,Revenue,4100,Professional Services Revenue,Services Revenue,-15227.97
FY2026-Q2-Reforecast,2027-04-30,CC-9000,Revenue,4110,Implementation Fee Revenue,Services Revenue,-60546.43
FY2026-Q2-Reforecast,2027-04-30,CC-9000,Corporate,9000,Ending ARR,Memo - ARR,36956653.60
FY2026-Q2-Reforecast,2027-04-30,CC-9000,Corporate,9010,New Logo ARR,Memo - ARR,304932.75
FY2026-Q2-Reforecast,2027-04-30,CC-9000,Corporate,9020,Expansion ARR,Memo - ARR,351034.17
FY2026-Q2-Reforecast,2027-04-30,CC-9000,Corporate,9030,Reactivation ARR,Memo - ARR,12283.89
FY2026-Q2-Reforecast,2027-04-30,CC-9000,Corporate,9040,Contraction ARR,Memo - ARR,-59033.52
FY2026-Q2-Reforecast,2027-04-30,CC-9000,Corporate,9050,Churn ARR,Memo - ARR,-248899.89
FY2026-Q2-Reforecast,2027-04-30,CC-9000,Corporate,9100,New Logos Added,Memo - Statistical,15.00
FY2026-Q2-Reforecast,2027-04-30,CC-9000,Corporate,9200,Ending Headcount,Memo - Statistical,218.30
FY2026-Q2-Reforecast,2027-04-30,CC-9000,Corporate,9300,Ending Cash,Memo - Statistical,17983739.04
FY2026-Q2-Reforecast,2027-05-31,CC-1000,Sales - SMB,6000,Salaries & Wages,Sales & Marketing,82083.06
FY2026-Q2-Reforecast,2027-05-31,CC-1000,Sales - SMB,6020,Payroll Taxes & Benefits,Sales & Marketing,16827.03
FY2026-Q2-Reforecast,2027-05-31,CC-1000,Sales - SMB,6030,Sales Commissions,Sales & Marketing,11754.31
FY2026-Q2-Reforecast,2027-05-31,CC-1000,Sales - SMB,6040,Commission Amortisation,Sales & Marketing,6989.75
FY2026-Q2-Reforecast,2027-05-31,CC-1000,Sales - SMB,6200,Software & Subscriptions,Sales & Marketing,4281.57
FY2026-Q2-Reforecast,2027-05-31,CC-1000,Sales - SMB,6300,Travel & Entertainment,Sales & Marketing,5340.11
FY2026-Q2-Reforecast,2027-05-31,CC-1000,Sales - SMB,6450,Training & Enablement,Sales & Marketing,439.80
FY2026-Q2-Reforecast,2027-05-31,CC-1010,Sales - Mid-Market,6000,Salaries & Wages,Sales & Marketing,103411.66
FY2026-Q2-Reforecast,2027-05-31,CC-1010,Sales - Mid-Market,6020,Payroll Taxes & Benefits,Sales & Marketing,21199.40
FY2026-Q2-Reforecast,2027-05-31,CC-1010,Sales - Mid-Market,6030,Sales Commissions,Sales & Marketing,22440.03
FY2026-Q2-Reforecast,2027-05-31,CC-1010,Sales - Mid-Market,6040,Commission Amortisation,Sales & Marketing,13344.07
FY2026-Q2-Reforecast,2027-05-31,CC-1010,Sales - Mid-Market,6200,Software & Subscriptions,Sales & Marketing,4310.23
FY2026-Q2-Reforecast,2027-05-31,CC-1010,Sales - Mid-Market,6300,Travel & Entertainment,Sales & Marketing,5694.62
FY2026-Q2-Reforecast,2027-05-31,CC-1010,Sales - Mid-Market,6450,Training & Enablement,Sales & Marketing,498.02
FY2026-Q2-Reforecast,2027-05-31,CC-1020,Sales - Enterprise,6000,Salaries & Wages,Sales & Marketing,79038.94
FY2026-Q2-Reforecast,2027-05-31,CC-1020,Sales - Enterprise,6020,Payroll Taxes & Benefits,Sales & Marketing,16202.98
FY2026-Q2-Reforecast,2027-05-31,CC-1020,Sales - Enterprise,6030,Sales Commissions,Sales & Marketing,19234.32
FY2026-Q2-Reforecast,2027-05-31,CC-1020,Sales - Enterprise,6040,Commission Amortisation,Sales & Marketing,11437.78
FY2026-Q2-Reforecast,2027-05-31,CC-1020,Sales - Enterprise,6200,Software & Subscriptions,Sales & Marketing,2998.20
FY2026-Q2-Reforecast,2027-05-31,CC-1020,Sales - Enterprise,6300,Travel & Entertainment,Sales & Marketing,4381.93
FY2026-Q2-Reforecast,2027-05-31,CC-1020,Sales - Enterprise,6450,Training & Enablement,Sales & Marketing,392.42
FY2026-Q2-Reforecast,2027-05-31,CC-1030,Sales Development,6000,Salaries & Wages,Sales & Marketing,49405.50
FY2026-Q2-Reforecast,2027-05-31,CC-1030,Sales Development,6020,Payroll Taxes & Benefits,Sales & Marketing,10128.12
FY2026-Q2-Reforecast,2027-05-31,CC-1030,Sales Development,6200,Software & Subscriptions,Sales & Marketing,1988.83
FY2026-Q2-Reforecast,2027-05-31,CC-1030,Sales Development,6300,Travel & Entertainment,Sales & Marketing,2947.78
FY2026-Q2-Reforecast,2027-05-31,CC-1030,Sales Development,6450,Training & Enablement,Sales & Marketing,244.85
FY2026-Q2-Reforecast,2027-05-31,CC-1040,Sales Operations,6000,Salaries & Wages,Sales & Marketing,71246.37
FY2026-Q2-Reforecast,2027-05-31,CC-1040,Sales Operations,6020,Payroll Taxes & Benefits,Sales & Marketing,14605.51
FY2026-Q2-Reforecast,2027-05-31,CC-1040,Sales Operations,6200,Software & Subscriptions,Sales & Marketing,2555.47
FY2026-Q2-Reforecast,2027-05-31,CC-1040,Sales Operations,6300,Travel & Entertainment,Sales & Marketing,3462.56
FY2026-Q2-Reforecast,2027-05-31,CC-1050,Solutions Engineering,6000,Salaries & Wages,Sales & Marketing,43799.97
FY2026-Q2-Reforecast,2027-05-31,CC-1050,Solutions Engineering,6020,Payroll Taxes & Benefits,Sales & Marketing,8978.99
FY2026-Q2-Reforecast,2027-05-31,CC-1050,Solutions Engineering,6200,Software & Subscriptions,Sales & Marketing,1571.40
FY2026-Q2-Reforecast,2027-05-31,CC-1050,Solutions Engineering,6300,Travel & Entertainment,Sales & Marketing,2394.59
FY2026-Q2-Reforecast,2027-05-31,CC-1060,Sales Leadership,6000,Salaries & Wages,Sales & Marketing,19348.44
FY2026-Q2-Reforecast,2027-05-31,CC-1060,Sales Leadership,6020,Payroll Taxes & Benefits,Sales & Marketing,3966.43
FY2026-Q2-Reforecast,2027-05-31,CC-1060,Sales Leadership,6200,Software & Subscriptions,Sales & Marketing,813.12
FY2026-Q2-Reforecast,2027-05-31,CC-1060,Sales Leadership,6300,Travel & Entertainment,Sales & Marketing,1216.45
FY2026-Q2-Reforecast,2027-05-31,CC-1060,Sales Leadership,6450,Training & Enablement,Sales & Marketing,101.02
FY2026-Q2-Reforecast,2027-05-31,CC-1100,Demand Generation,6000,Salaries & Wages,Sales & Marketing,108672.39
FY2026-Q2-Reforecast,2027-05-31,CC-1100,Demand Generation,6010,Bonus,Sales & Marketing,10388.45
FY2026-Q2-Reforecast,2027-05-31,CC-1100,Demand Generation,6020,Payroll Taxes & Benefits,Sales & Marketing,24407.47
FY2026-Q2-Reforecast,2027-05-31,CC-1100,Demand Generation,6050,Contractor & Temp Labor,Sales & Marketing,17955.18
FY2026-Q2-Reforecast,2027-05-31,CC-1100,Demand Generation,6100,Demand Generation,Sales & Marketing,195307.27
FY2026-Q2-Reforecast,2027-05-31,CC-1100,Demand Generation,6110,Events & Field Marketing,Sales & Marketing,84841.10
FY2026-Q2-Reforecast,2027-05-31,CC-1100,Demand Generation,6200,Software & Subscriptions,Sales & Marketing,3369.62
FY2026-Q2-Reforecast,2027-05-31,CC-1100,Demand Generation,6300,Travel & Entertainment,Sales & Marketing,3245.62
FY2026-Q2-Reforecast,2027-05-31,CC-1100,Demand Generation,6450,Training & Enablement,Sales & Marketing,518.81
FY2026-Q2-Reforecast,2027-05-31,CC-1110,Product Marketing,6000,Salaries & Wages,Sales & Marketing,80290.09
FY2026-Q2-Reforecast,2027-05-31,CC-1110,Product Marketing,6010,Bonus,Sales & Marketing,7428.46
FY2026-Q2-Reforecast,2027-05-31,CC-1110,Product Marketing,6020,Payroll Taxes & Benefits,Sales & Marketing,17982.30
FY2026-Q2-Reforecast,2027-05-31,CC-1110,Product Marketing,6120,Brand & Content,Sales & Marketing,48663.42
FY2026-Q2-Reforecast,2027-05-31,CC-1110,Product Marketing,6200,Software & Subscriptions,Sales & Marketing,2999.62
FY2026-Q2-Reforecast,2027-05-31,CC-1110,Product Marketing,6300,Travel & Entertainment,Sales & Marketing,2671.55
FY2026-Q2-Reforecast,2027-05-31,CC-1200,Customer Success,6000,Salaries & Wages,Subscription COGS,215108.47
FY2026-Q2-Reforecast,2027-05-31,CC-1200,Customer Success,6010,Bonus,Subscription COGS,20569.82
FY2026-Q2-Reforecast,2027-05-31,CC-1200,Customer Success,6020,Payroll Taxes & Benefits,Subscription COGS,48314.05
FY2026-Q2-Reforecast,2027-05-31,CC-1200,Customer Success,6200,Software & Subscriptions,Subscription COGS,3582.52
FY2026-Q2-Reforecast,2027-05-31,CC-1200,Customer Success,6300,Travel & Entertainment,Subscription COGS,3001.40
FY2026-Q2-Reforecast,2027-05-31,CC-2000,Support,5010,Third-Party Data & APIs,Subscription COGS,1231.98
FY2026-Q2-Reforecast,2027-05-31,CC-2000,Support,6000,Salaries & Wages,Subscription COGS,74723.96
FY2026-Q2-Reforecast,2027-05-31,CC-2000,Support,6010,Bonus,Subscription COGS,7593.18
FY2026-Q2-Reforecast,2027-05-31,CC-2000,Support,6020,Payroll Taxes & Benefits,Subscription COGS,16875.01
FY2026-Q2-Reforecast,2027-05-31,CC-2000,Support,6200,Software & Subscriptions,Subscription COGS,1109.30
FY2026-Q2-Reforecast,2027-05-31,CC-2010,Cloud Operations,5000,Cloud Hosting,Subscription COGS,151937.10
FY2026-Q2-Reforecast,2027-05-31,CC-2010,Cloud Operations,5010,Third-Party Data & APIs,Subscription COGS,904.59
FY2026-Q2-Reforecast,2027-05-31,CC-2010,Cloud Operations,5020,Payment Processing Fees,Subscription COGS,12887.22
FY2026-Q2-Reforecast,2027-05-31,CC-2010,Cloud Operations,6000,Salaries & Wages,Subscription COGS,77117.89
FY2026-Q2-Reforecast,2027-05-31,CC-2010,Cloud Operations,6010,Bonus,Subscription COGS,7768.44
FY2026-Q2-Reforecast,2027-05-31,CC-2010,Cloud Operations,6020,Payroll Taxes & Benefits,Subscription COGS,17401.70
FY2026-Q2-Reforecast,2027-05-31,CC-2010,Cloud Operations,6050,Contractor & Temp Labor,Subscription COGS,18935.46
FY2026-Q2-Reforecast,2027-05-31,CC-2010,Cloud Operations,6200,Software & Subscriptions,Subscription COGS,1057.23
FY2026-Q2-Reforecast,2027-05-31,CC-2010,Cloud Operations,6900,Other Operating Expense,Subscription COGS,167.38
FY2026-Q2-Reforecast,2027-05-31,CC-2100,Professional Services,5030,Services Subcontractors,Services COGS,4518.84
FY2026-Q2-Reforecast,2027-05-31,CC-2100,Professional Services,6000,Salaries & Wages,Services COGS,47977.02
FY2026-Q2-Reforecast,2027-05-31,CC-2100,Professional Services,6010,Bonus,Services COGS,4255.48
FY2026-Q2-Reforecast,2027-05-31,CC-2100,Professional Services,6020,Payroll Taxes & Benefits,Services COGS,10707.66
FY2026-Q2-Reforecast,2027-05-31,CC-2100,Professional Services,6200,Software & Subscriptions,Services COGS,1089.81
FY2026-Q2-Reforecast,2027-05-31,CC-2100,Professional Services,6300,Travel & Entertainment,Services COGS,2272.56
FY2026-Q2-Reforecast,2027-05-31,CC-3000,Engineering,6000,Salaries & Wages,Research & Development,410464.60
FY2026-Q2-Reforecast,2027-05-31,CC-3000,Engineering,6010,Bonus,Research & Development,39150.14
FY2026-Q2-Reforecast,2027-05-31,CC-3000,Engineering,6020,Payroll Taxes & Benefits,Research & Development,92171.02
FY2026-Q2-Reforecast,2027-05-31,CC-3000,Engineering,6050,Contractor & Temp Labor,Research & Development,28167.45
FY2026-Q2-Reforecast,2027-05-31,CC-3000,Engineering,6200,Software & Subscriptions,Research & Development,11955.32
FY2026-Q2-Reforecast,2027-05-31,CC-3000,Engineering,6300,Travel & Entertainment,Research & Development,2384.53
FY2026-Q2-Reforecast,2027-05-31,CC-3000,Engineering,6450,Training & Enablement,Research & Development,1907.35
FY2026-Q2-Reforecast,2027-05-31,CC-3000,Engineering,6900,Other Operating Expense,Research & Development,1174.33
FY2026-Q2-Reforecast,2027-05-31,CC-3010,Quality & Release,6000,Salaries & Wages,Research & Development,55336.12
FY2026-Q2-Reforecast,2027-05-31,CC-3010,Quality & Release,6010,Bonus,Research & Development,4426.89
FY2026-Q2-Reforecast,2027-05-31,CC-3010,Quality & Release,6020,Payroll Taxes & Benefits,Research & Development,12251.41
FY2026-Q2-Reforecast,2027-05-31,CC-3010,Quality & Release,6050,Contractor & Temp Labor,Research & Development,9808.71
FY2026-Q2-Reforecast,2027-05-31,CC-3010,Quality & Release,6200,Software & Subscriptions,Research & Development,1774.44
FY2026-Q2-Reforecast,2027-05-31,CC-3100,Product & Design,6000,Salaries & Wages,Research & Development,161161.42
FY2026-Q2-Reforecast,2027-05-31,CC-3100,Product & Design,6010,Bonus,Research & Development,14246.91
FY2026-Q2-Reforecast,2027-05-31,CC-3100,Product & Design,6020,Payroll Taxes & Benefits,Research & Development,35958.71
FY2026-Q2-Reforecast,2027-05-31,CC-3100,Product & Design,6050,Contractor & Temp Labor,Research & Development,11999.36
FY2026-Q2-Reforecast,2027-05-31,CC-3100,Product & Design,6200,Software & Subscriptions,Research & Development,4858.63
FY2026-Q2-Reforecast,2027-05-31,CC-3100,Product & Design,6300,Travel & Entertainment,Research & Development,1241.75
FY2026-Q2-Reforecast,2027-05-31,CC-4000,Finance & Accounting,6000,Salaries & Wages,General & Administrative,58606.84
FY2026-Q2-Reforecast,2027-05-31,CC-4000,Finance & Accounting,6010,Bonus,General & Administrative,5300.92
FY2026-Q2-Reforecast,2027-05-31,CC-4000,Finance & Accounting,6020,Payroll Taxes & Benefits,General & Administrative,13101.08
FY2026-Q2-Reforecast,2027-05-31,CC-4000,Finance & Accounting,6200,Software & Subscriptions,General & Administrative,1368.45
FY2026-Q2-Reforecast,2027-05-31,CC-4000,Finance & Accounting,6300,Travel & Entertainment,General & Administrative,737.59
FY2026-Q2-Reforecast,2027-05-31,CC-4000,Finance & Accounting,6400,Professional Fees,General & Administrative,38577.35
FY2026-Q2-Reforecast,2027-05-31,CC-4000,Finance & Accounting,6440,Depreciation & Amortisation,General & Administrative,25869.20
FY2026-Q2-Reforecast,2027-05-31,CC-4000,Finance & Accounting,6900,Other Operating Expense,General & Administrative,183.51
FY2026-Q2-Reforecast,2027-05-31,CC-4010,People Operations,6000,Salaries & Wages,General & Administrative,69453.39
FY2026-Q2-Reforecast,2027-05-31,CC-4010,People Operations,6010,Bonus,General & Administrative,7415.94
FY2026-Q2-Reforecast,2027-05-31,CC-4010,People Operations,6020,Payroll Taxes & Benefits,General & Administrative,15758.21
FY2026-Q2-Reforecast,2027-05-31,CC-4010,People Operations,6200,Software & Subscriptions,General & Administrative,1089.59
FY2026-Q2-Reforecast,2027-05-31,CC-4010,People Operations,6410,Recruiting Fees,General & Administrative,59011.71
FY2026-Q2-Reforecast,2027-05-31,CC-4010,People Operations,6450,Training & Enablement,General & Administrative,238.46
FY2026-Q2-Reforecast,2027-05-31,CC-4020,Legal & Corporate,6000,Salaries & Wages,General & Administrative,13358.69
FY2026-Q2-Reforecast,2027-05-31,CC-4020,Legal & Corporate,6010,Bonus,General & Administrative,1068.70
FY2026-Q2-Reforecast,2027-05-31,CC-4020,Legal & Corporate,6020,Payroll Taxes & Benefits,General & Administrative,2957.61
FY2026-Q2-Reforecast,2027-05-31,CC-4020,Legal & Corporate,6200,Software & Subscriptions,General & Administrative,437.75
FY2026-Q2-Reforecast,2027-05-31,CC-4020,Legal & Corporate,6300,Travel & Entertainment,General & Administrative,249.67
FY2026-Q2-Reforecast,2027-05-31,CC-4020,Legal & Corporate,6400,Professional Fees,General & Administrative,24308.63
FY2026-Q2-Reforecast,2027-05-31,CC-4020,Legal & Corporate,6430,Insurance,General & Administrative,23333.16
FY2026-Q2-Reforecast,2027-05-31,CC-4030,IT & Corporate Systems,6000,Salaries & Wages,General & Administrative,60557.44
FY2026-Q2-Reforecast,2027-05-31,CC-4030,IT & Corporate Systems,6010,Bonus,General & Administrative,6740.14
FY2026-Q2-Reforecast,2027-05-31,CC-4030,IT & Corporate Systems,6020,Payroll Taxes & Benefits,General & Administrative,13796.01
FY2026-Q2-Reforecast,2027-05-31,CC-4030,IT & Corporate Systems,6050,Contractor & Temp Labor,General & Administrative,7200.75
FY2026-Q2-Reforecast,2027-05-31,CC-4030,IT & Corporate Systems,6200,Software & Subscriptions,General & Administrative,917.04
FY2026-Q2-Reforecast,2027-05-31,CC-4030,IT & Corporate Systems,6420,Facilities & Rent,General & Administrative,44339.24
FY2026-Q2-Reforecast,2027-05-31,CC-4030,IT & Corporate Systems,6900,Other Operating Expense,General & Administrative,123.12
FY2026-Q2-Reforecast,2027-05-31,CC-9000,Revenue,4000,Subscription Revenue,Subscription Revenue,-3001818.84
FY2026-Q2-Reforecast,2027-05-31,CC-9000,Revenue,4010,Usage Revenue Above Commitment,Subscription Revenue,-64390.39
FY2026-Q2-Reforecast,2027-05-31,CC-9000,Revenue,4100,Professional Services Revenue,Services Revenue,-13322.84
FY2026-Q2-Reforecast,2027-05-31,CC-9000,Revenue,4110,Implementation Fee Revenue,Services Revenue,-57166.69
FY2026-Q2-Reforecast,2027-05-31,CC-9000,Corporate,9000,Ending ARR,Memo - ARR,37412365.39
FY2026-Q2-Reforecast,2027-05-31,CC-9000,Corporate,9010,New Logo ARR,Memo - ARR,328389.11
FY2026-Q2-Reforecast,2027-05-31,CC-9000,Corporate,9020,Expansion ARR,Memo - ARR,378036.80
FY2026-Q2-Reforecast,2027-05-31,CC-9000,Corporate,9030,Reactivation ARR,Memo - ARR,13228.80
FY2026-Q2-Reforecast,2027-05-31,CC-9000,Corporate,9040,Contraction ARR,Memo - ARR,-50600.16
FY2026-Q2-Reforecast,2027-05-31,CC-9000,Corporate,9050,Churn ARR,Memo - ARR,-213342.76
FY2026-Q2-Reforecast,2027-05-31,CC-9000,Corporate,9100,New Logos Added,Memo - Statistical,15.00
FY2026-Q2-Reforecast,2027-05-31,CC-9000,Corporate,9200,Ending Headcount,Memo - Statistical,218.20
FY2026-Q2-Reforecast,2027-05-31,CC-9000,Corporate,9300,Ending Cash,Memo - Statistical,17687620.20
FY2026-Q2-Reforecast,2027-06-30,CC-1000,Sales - SMB,6000,Salaries & Wages,Sales & Marketing,82243.26
FY2026-Q2-Reforecast,2027-06-30,CC-1000,Sales - SMB,6020,Payroll Taxes & Benefits,Sales & Marketing,16859.87
FY2026-Q2-Reforecast,2027-06-30,CC-1000,Sales - SMB,6030,Sales Commissions,Sales & Marketing,11376.79
FY2026-Q2-Reforecast,2027-06-30,CC-1000,Sales - SMB,6040,Commission Amortisation,Sales & Marketing,7497.58
FY2026-Q2-Reforecast,2027-06-30,CC-1000,Sales - SMB,6200,Software & Subscriptions,Sales & Marketing,3792.11
FY2026-Q2-Reforecast,2027-06-30,CC-1000,Sales - SMB,6300,Travel & Entertainment,Sales & Marketing,5338.04
FY2026-Q2-Reforecast,2027-06-30,CC-1000,Sales - SMB,6450,Training & Enablement,Sales & Marketing,470.15
FY2026-Q2-Reforecast,2027-06-30,CC-1010,Sales - Mid-Market,6000,Salaries & Wages,Sales & Marketing,103613.49
FY2026-Q2-Reforecast,2027-06-30,CC-1010,Sales - Mid-Market,6020,Payroll Taxes & Benefits,Sales & Marketing,21240.77
FY2026-Q2-Reforecast,2027-06-30,CC-1010,Sales - Mid-Market,6030,Sales Commissions,Sales & Marketing,21719.34
FY2026-Q2-Reforecast,2027-06-30,CC-1010,Sales - Mid-Market,6040,Commission Amortisation,Sales & Marketing,14313.56
FY2026-Q2-Reforecast,2027-06-30,CC-1010,Sales - Mid-Market,6200,Software & Subscriptions,Sales & Marketing,4233.33
FY2026-Q2-Reforecast,2027-06-30,CC-1010,Sales - Mid-Market,6300,Travel & Entertainment,Sales & Marketing,6186.48
FY2026-Q2-Reforecast,2027-06-30,CC-1010,Sales - Mid-Market,6450,Training & Enablement,Sales & Marketing,544.75
FY2026-Q2-Reforecast,2027-06-30,CC-1020,Sales - Enterprise,6000,Salaries & Wages,Sales & Marketing,79193.20
FY2026-Q2-Reforecast,2027-06-30,CC-1020,Sales - Enterprise,6020,Payroll Taxes & Benefits,Sales & Marketing,16234.61
FY2026-Q2-Reforecast,2027-06-30,CC-1020,Sales - Enterprise,6030,Sales Commissions,Sales & Marketing,18616.58
FY2026-Q2-Reforecast,2027-06-30,CC-1020,Sales - Enterprise,6040,Commission Amortisation,Sales & Marketing,12268.76
FY2026-Q2-Reforecast,2027-06-30,CC-1020,Sales - Enterprise,6200,Software & Subscriptions,Sales & Marketing,2934.31
FY2026-Q2-Reforecast,2027-06-30,CC-1020,Sales - Enterprise,6300,Travel & Entertainment,Sales & Marketing,4507.62
FY2026-Q2-Reforecast,2027-06-30,CC-1020,Sales - Enterprise,6450,Training & Enablement,Sales & Marketing,347.11
FY2026-Q2-Reforecast,2027-06-30,CC-1030,Sales Development,6000,Salaries & Wages,Sales & Marketing,49501.92
FY2026-Q2-Reforecast,2027-06-30,CC-1030,Sales Development,6020,Payroll Taxes & Benefits,Sales & Marketing,10147.89
FY2026-Q2-Reforecast,2027-06-30,CC-1030,Sales Development,6200,Software & Subscriptions,Sales & Marketing,2323.37
FY2026-Q2-Reforecast,2027-06-30,CC-1030,Sales Development,6300,Travel & Entertainment,Sales & Marketing,3094.85
FY2026-Q2-Reforecast,2027-06-30,CC-1030,Sales Development,6450,Training & Enablement,Sales & Marketing,282.26
FY2026-Q2-Reforecast,2027-06-30,CC-1040,Sales Operations,6000,Salaries & Wages,Sales & Marketing,55098.65
FY2026-Q2-Reforecast,2027-06-30,CC-1040,Sales Operations,6020,Payroll Taxes & Benefits,Sales & Marketing,11295.23
FY2026-Q2-Reforecast,2027-06-30,CC-1040,Sales Operations,6200,Software & Subscriptions,Sales & Marketing,1927.67
FY2026-Q2-Reforecast,2027-06-30,CC-1040,Sales Operations,6300,Travel & Entertainment,Sales & Marketing,3283.28
FY2026-Q2-Reforecast,2027-06-30,CC-1050,Solutions Engineering,6000,Salaries & Wages,Sales & Marketing,43885.45
FY2026-Q2-Reforecast,2027-06-30,CC-1050,Solutions Engineering,6020,Payroll Taxes & Benefits,Sales & Marketing,8996.52
FY2026-Q2-Reforecast,2027-06-30,CC-1050,Solutions Engineering,6200,Software & Subscriptions,Sales & Marketing,1648.90
FY2026-Q2-Reforecast,2027-06-30,CC-1050,Solutions Engineering,6300,Travel & Entertainment,Sales & Marketing,2256.55
FY2026-Q2-Reforecast,2027-06-30,CC-1060,Sales Leadership,6000,Salaries & Wages,Sales & Marketing,19386.20
FY2026-Q2-Reforecast,2027-06-30,CC-1060,Sales Leadership,6020,Payroll Taxes & Benefits,Sales & Marketing,3974.17
FY2026-Q2-Reforecast,2027-06-30,CC-1060,Sales Leadership,6200,Software & Subscriptions,Sales & Marketing,800.97
FY2026-Q2-Reforecast,2027-06-30,CC-1060,Sales Leadership,6300,Travel & Entertainment,Sales & Marketing,1136.41
FY2026-Q2-Reforecast,2027-06-30,CC-1060,Sales Leadership,6450,Training & Enablement,Sales & Marketing,106.93
FY2026-Q2-Reforecast,2027-06-30,CC-1100,Demand Generation,6000,Salaries & Wages,Sales & Marketing,99556.60
FY2026-Q2-Reforecast,2027-06-30,CC-1100,Demand Generation,6010,Bonus,Sales & Marketing,9662.50
FY2026-Q2-Reforecast,2027-06-30,CC-1100,Demand Generation,6020,Payroll Taxes & Benefits,Sales & Marketing,22389.92
FY2026-Q2-Reforecast,2027-06-30,CC-1100,Demand Generation,6050,Contractor & Temp Labor,Sales & Marketing,18532.47
FY2026-Q2-Reforecast,2027-06-30,CC-1100,Demand Generation,6100,Demand Generation,Sales & Marketing,209025.69
FY2026-Q2-Reforecast,2027-06-30,CC-1100,Demand Generation,6110,Events & Field Marketing,Sales & Marketing,75549.65
FY2026-Q2-Reforecast,2027-06-30,CC-1100,Demand Generation,6200,Software & Subscriptions,Sales & Marketing,2976.90
FY2026-Q2-Reforecast,2027-06-30,CC-1100,Demand Generation,6300,Travel & Entertainment,Sales & Marketing,3040.31
FY2026-Q2-Reforecast,2027-06-30,CC-1100,Demand Generation,6450,Training & Enablement,Sales & Marketing,475.46
FY2026-Q2-Reforecast,2027-06-30,CC-1110,Product Marketing,6000,Salaries & Wages,Sales & Marketing,80446.79
FY2026-Q2-Reforecast,2027-06-30,CC-1110,Product Marketing,6010,Bonus,Sales & Marketing,7442.96
FY2026-Q2-Reforecast,2027-06-30,CC-1110,Product Marketing,6020,Payroll Taxes & Benefits,Sales & Marketing,18017.40
FY2026-Q2-Reforecast,2027-06-30,CC-1110,Product Marketing,6120,Brand & Content,Sales & Marketing,55747.53
FY2026-Q2-Reforecast,2027-06-30,CC-1110,Product Marketing,6200,Software & Subscriptions,Sales & Marketing,2961.12
FY2026-Q2-Reforecast,2027-06-30,CC-1110,Product Marketing,6300,Travel & Entertainment,Sales & Marketing,2448.34
FY2026-Q2-Reforecast,2027-06-30,CC-1200,Customer Success,6000,Salaries & Wages,Subscription COGS,227550.89
FY2026-Q2-Reforecast,2027-06-30,CC-1200,Customer Success,6010,Bonus,Subscription COGS,22052.68
FY2026-Q2-Reforecast,2027-06-30,CC-1200,Customer Success,6020,Payroll Taxes & Benefits,Subscription COGS,51168.74
FY2026-Q2-Reforecast,2027-06-30,CC-1200,Customer Success,6200,Software & Subscriptions,Subscription COGS,3867.97
FY2026-Q2-Reforecast,2027-06-30,CC-1200,Customer Success,6300,Travel & Entertainment,Subscription COGS,3445.44
FY2026-Q2-Reforecast,2027-06-30,CC-2000,Support,5010,Third-Party Data & APIs,Subscription COGS,1282.28
FY2026-Q2-Reforecast,2027-06-30,CC-2000,Support,6000,Salaries & Wages,Subscription COGS,74869.80
FY2026-Q2-Reforecast,2027-06-30,CC-2000,Support,6010,Bonus,Subscription COGS,7608.00
FY2026-Q2-Reforecast,2027-06-30,CC-2000,Support,6020,Payroll Taxes & Benefits,Subscription COGS,16907.94
FY2026-Q2-Reforecast,2027-06-30,CC-2000,Support,6200,Software & Subscriptions,Subscription COGS,1061.60
FY2026-Q2-Reforecast,2027-06-30,CC-2010,Cloud Operations,5000,Cloud Hosting,Subscription COGS,170681.51
FY2026-Q2-Reforecast,2027-06-30,CC-2010,Cloud Operations,5010,Third-Party Data & APIs,Subscription COGS,919.09
FY2026-Q2-Reforecast,2027-06-30,CC-2010,Cloud Operations,5020,Payment Processing Fees,Subscription COGS,18521.19
FY2026-Q2-Reforecast,2027-06-30,CC-2010,Cloud Operations,6000,Salaries & Wages,Subscription COGS,64801.61
FY2026-Q2-Reforecast,2027-06-30,CC-2010,Cloud Operations,6010,Bonus,Subscription COGS,6287.58
FY2026-Q2-Reforecast,2027-06-30,CC-2010,Cloud Operations,6020,Payroll Taxes & Benefits,Subscription COGS,14573.29
FY2026-Q2-Reforecast,2027-06-30,CC-2010,Cloud Operations,6050,Contractor & Temp Labor,Subscription COGS,18227.32
FY2026-Q2-Reforecast,2027-06-30,CC-2010,Cloud Operations,6200,Software & Subscriptions,Subscription COGS,934.49
FY2026-Q2-Reforecast,2027-06-30,CC-2010,Cloud Operations,6900,Other Operating Expense,Subscription COGS,164.41
FY2026-Q2-Reforecast,2027-06-30,CC-2100,Professional Services,5030,Services Subcontractors,Services COGS,3990.57
FY2026-Q2-Reforecast,2027-06-30,CC-2100,Professional Services,6000,Salaries & Wages,Services COGS,47438.93
FY2026-Q2-Reforecast,2027-06-30,CC-2100,Professional Services,6010,Bonus,Services COGS,4213.24
FY2026-Q2-Reforecast,2027-06-30,CC-2100,Professional Services,6020,Payroll Taxes & Benefits,Services COGS,10588.69
FY2026-Q2-Reforecast,2027-06-30,CC-2100,Professional Services,6200,Software & Subscriptions,Services COGS,1218.69
FY2026-Q2-Reforecast,2027-06-30,CC-2100,Professional Services,6300,Travel & Entertainment,Services COGS,2365.79
FY2026-Q2-Reforecast,2027-06-30,CC-3000,Engineering,6000,Salaries & Wages,Research & Development,402934.76
FY2026-Q2-Reforecast,2027-06-30,CC-3000,Engineering,6010,Bonus,Research & Development,38560.07
FY2026-Q2-Reforecast,2027-06-30,CC-3000,Engineering,6020,Payroll Taxes & Benefits,Research & Development,90506.44
FY2026-Q2-Reforecast,2027-06-30,CC-3000,Engineering,6050,Contractor & Temp Labor,Research & Development,27110.46
FY2026-Q2-Reforecast,2027-06-30,CC-3000,Engineering,6200,Software & Subscriptions,Research & Development,11527.61
FY2026-Q2-Reforecast,2027-06-30,CC-3000,Engineering,6300,Travel & Entertainment,Research & Development,2513.14
FY2026-Q2-Reforecast,2027-06-30,CC-3000,Engineering,6450,Training & Enablement,Research & Development,1839.43
FY2026-Q2-Reforecast,2027-06-30,CC-3000,Engineering,6900,Other Operating Expense,Research & Development,1139.06
FY2026-Q2-Reforecast,2027-06-30,CC-3010,Quality & Release,6000,Salaries & Wages,Research & Development,55444.12
FY2026-Q2-Reforecast,2027-06-30,CC-3010,Quality & Release,6010,Bonus,Research & Development,4435.53
FY2026-Q2-Reforecast,2027-06-30,CC-3010,Quality & Release,6020,Payroll Taxes & Benefits,Research & Development,12275.32
FY2026-Q2-Reforecast,2027-06-30,CC-3010,Quality & Release,6050,Contractor & Temp Labor,Research & Development,9650.96
FY2026-Q2-Reforecast,2027-06-30,CC-3010,Quality & Release,6200,Software & Subscriptions,Research & Development,1982.11
FY2026-Q2-Reforecast,2027-06-30,CC-3100,Product & Design,6000,Salaries & Wages,Research & Development,161475.95
FY2026-Q2-Reforecast,2027-06-30,CC-3100,Product & Design,6010,Bonus,Research & Development,14274.71
FY2026-Q2-Reforecast,2027-06-30,CC-3100,Product & Design,6020,Payroll Taxes & Benefits,Research & Development,36028.89
FY2026-Q2-Reforecast,2027-06-30,CC-3100,Product & Design,6050,Contractor & Temp Labor,Research & Development,11777.54
FY2026-Q2-Reforecast,2027-06-30,CC-3100,Product & Design,6200,Software & Subscriptions,Research & Development,5052.02
FY2026-Q2-Reforecast,2027-06-30,CC-3100,Product & Design,6300,Travel & Entertainment,Research & Development,1321.13
FY2026-Q2-Reforecast,2027-06-30,CC-4000,Finance & Accounting,6000,Salaries & Wages,General & Administrative,58721.22
FY2026-Q2-Reforecast,2027-06-30,CC-4000,Finance & Accounting,6010,Bonus,General & Administrative,5311.26
FY2026-Q2-Reforecast,2027-06-30,CC-4000,Finance & Accounting,6020,Payroll Taxes & Benefits,General & Administrative,13126.65
FY2026-Q2-Reforecast,2027-06-30,CC-4000,Finance & Accounting,6200,Software & Subscriptions,General & Administrative,1227.45
FY2026-Q2-Reforecast,2027-06-30,CC-4000,Finance & Accounting,6300,Travel & Entertainment,General & Administrative,731.90
FY2026-Q2-Reforecast,2027-06-30,CC-4000,Finance & Accounting,6400,Professional Fees,General & Administrative,46280.36
FY2026-Q2-Reforecast,2027-06-30,CC-4000,Finance & Accounting,6440,Depreciation & Amortisation,General & Administrative,26065.59
FY2026-Q2-Reforecast,2027-06-30,CC-4000,Finance & Accounting,6900,Other Operating Expense,General & Administrative,166.48
FY2026-Q2-Reforecast,2027-06-30,CC-4010,People Operations,6000,Salaries & Wages,General & Administrative,69588.94
FY2026-Q2-Reforecast,2027-06-30,CC-4010,People Operations,6010,Bonus,General & Administrative,7430.42
FY2026-Q2-Reforecast,2027-06-30,CC-4010,People Operations,6020,Payroll Taxes & Benefits,General & Administrative,15788.97
FY2026-Q2-Reforecast,2027-06-30,CC-4010,People Operations,6200,Software & Subscriptions,General & Administrative,1273.89
FY2026-Q2-Reforecast,2027-06-30,CC-4010,People Operations,6410,Recruiting Fees,General & Administrative,29572.59
FY2026-Q2-Reforecast,2027-06-30,CC-4010,People Operations,6450,Training & Enablement,General & Administrative,222.27
FY2026-Q2-Reforecast,2027-06-30,CC-4020,Legal & Corporate,6000,Salaries & Wages,General & Administrative,13384.77
FY2026-Q2-Reforecast,2027-06-30,CC-4020,Legal & Corporate,6010,Bonus,General & Administrative,1070.78
FY2026-Q2-Reforecast,2027-06-30,CC-4020,Legal & Corporate,6020,Payroll Taxes & Benefits,General & Administrative,2963.39
FY2026-Q2-Reforecast,2027-06-30,CC-4020,Legal & Corporate,6200,Software & Subscriptions,General & Administrative,456.24
FY2026-Q2-Reforecast,2027-06-30,CC-4020,Legal & Corporate,6300,Travel & Entertainment,General & Administrative,246.93
FY2026-Q2-Reforecast,2027-06-30,CC-4020,Legal & Corporate,6400,Professional Fees,General & Administrative,23027.70
FY2026-Q2-Reforecast,2027-06-30,CC-4020,Legal & Corporate,6430,Insurance,General & Administrative,20903.27
FY2026-Q2-Reforecast,2027-06-30,CC-4030,IT & Corporate Systems,6000,Salaries & Wages,General & Administrative,60675.63
FY2026-Q2-Reforecast,2027-06-30,CC-4030,IT & Corporate Systems,6010,Bonus,General & Administrative,6753.29
FY2026-Q2-Reforecast,2027-06-30,CC-4030,IT & Corporate Systems,6020,Payroll Taxes & Benefits,General & Administrative,13822.93
FY2026-Q2-Reforecast,2027-06-30,CC-4030,IT & Corporate Systems,6050,Contractor & Temp Labor,General & Administrative,7679.24
FY2026-Q2-Reforecast,2027-06-30,CC-4030,IT & Corporate Systems,6200,Software & Subscriptions,General & Administrative,948.05
FY2026-Q2-Reforecast,2027-06-30,CC-4030,IT & Corporate Systems,6420,Facilities & Rent,General & Administrative,39691.27
FY2026-Q2-Reforecast,2027-06-30,CC-4030,IT & Corporate Systems,6900,Other Operating Expense,General & Administrative,114.47
FY2026-Q2-Reforecast,2027-06-30,CC-9000,Revenue,4000,Subscription Revenue,Subscription Revenue,-3035495.16
FY2026-Q2-Reforecast,2027-06-30,CC-9000,Revenue,4010,Usage Revenue Above Commitment,Subscription Revenue,-65112.77
FY2026-Q2-Reforecast,2027-06-30,CC-9000,Revenue,4100,Professional Services Revenue,Services Revenue,-11615.15
FY2026-Q2-Reforecast,2027-06-30,CC-9000,Revenue,4110,Implementation Fee Revenue,Services Revenue,-54516.18
FY2026-Q2-Reforecast,2027-06-30,CC-9000,Corporate,9000,Ending ARR,Memo - ARR,38110514.89
FY2026-Q2-Reforecast,2027-06-30,CC-9000,Corporate,9010,New Logo ARR,Memo - ARR,469127.30
FY2026-Q2-Reforecast,2027-06-30,CC-9000,Corporate,9020,Expansion ARR,Memo - ARR,540052.57
FY2026-Q2-Reforecast,2027-06-30,CC-9000,Corporate,9030,Reactivation ARR,Memo - ARR,18898.29
FY2026-Q2-Reforecast,2027-06-30,CC-9000,Corporate,9040,Contraction ARR,Memo - ARR,-63250.20
FY2026-Q2-Reforecast,2027-06-30,CC-9000,Corporate,9050,Churn ARR,Memo - ARR,-266678.45
FY2026-Q2-Reforecast,2027-06-30,CC-9000,Corporate,9100,New Logos Added,Memo - Statistical,18.00
FY2026-Q2-Reforecast,2027-06-30,CC-9000,Corporate,9200,Ending Headcount,Memo - Statistical,218.00
FY2026-Q2-Reforecast,2027-06-30,CC-9000,Corporate,9300,Ending Cash,Memo - Statistical,17457408.15
FY2026-Q2-Reforecast,2027-07-31,CC-1000,Sales - SMB,6000,Salaries & Wages,Sales & Marketing,82441.54
FY2026-Q2-Reforecast,2027-07-31,CC-1000,Sales - SMB,6020,Payroll Taxes & Benefits,Sales & Marketing,16900.51
FY2026-Q2-Reforecast,2027-07-31,CC-1000,Sales - SMB,6030,Sales Commissions,Sales & Marketing,5665.10
FY2026-Q2-Reforecast,2027-07-31,CC-1000,Sales - SMB,6040,Commission Amortisation,Sales & Marketing,7780.95
FY2026-Q2-Reforecast,2027-07-31,CC-1000,Sales - SMB,6200,Software & Subscriptions,Sales & Marketing,4016.92
FY2026-Q2-Reforecast,2027-07-31,CC-1000,Sales - SMB,6300,Travel & Entertainment,Sales & Marketing,4949.83
FY2026-Q2-Reforecast,2027-07-31,CC-1000,Sales - SMB,6450,Training & Enablement,Sales & Marketing,469.91
FY2026-Q2-Reforecast,2027-07-31,CC-1010,Sales - Mid-Market,6000,Salaries & Wages,Sales & Marketing,103863.29
FY2026-Q2-Reforecast,2027-07-31,CC-1010,Sales - Mid-Market,6020,Payroll Taxes & Benefits,Sales & Marketing,21291.98
FY2026-Q2-Reforecast,2027-07-31,CC-1010,Sales - Mid-Market,6030,Sales Commissions,Sales & Marketing,10815.20
FY2026-Q2-Reforecast,2027-07-31,CC-1010,Sales - Mid-Market,6040,Commission Amortisation,Sales & Marketing,14854.54
FY2026-Q2-Reforecast,2027-07-31,CC-1010,Sales - Mid-Market,6200,Software & Subscriptions,Sales & Marketing,4463.10
FY2026-Q2-Reforecast,2027-07-31,CC-1010,Sales - Mid-Market,6300,Travel & Entertainment,Sales & Marketing,5821.81
FY2026-Q2-Reforecast,2027-07-31,CC-1010,Sales - Mid-Market,6450,Training & Enablement,Sales & Marketing,569.15
FY2026-Q2-Reforecast,2027-07-31,CC-1020,Sales - Enterprise,6000,Salaries & Wages,Sales & Marketing,79384.12
FY2026-Q2-Reforecast,2027-07-31,CC-1020,Sales - Enterprise,6020,Payroll Taxes & Benefits,Sales & Marketing,16273.75
FY2026-Q2-Reforecast,2027-07-31,CC-1020,Sales - Enterprise,6030,Sales Commissions,Sales & Marketing,9270.16
FY2026-Q2-Reforecast,2027-07-31,CC-1020,Sales - Enterprise,6040,Commission Amortisation,Sales & Marketing,12732.46
FY2026-Q2-Reforecast,2027-07-31,CC-1020,Sales - Enterprise,6200,Software & Subscriptions,Sales & Marketing,2933.73
FY2026-Q2-Reforecast,2027-07-31,CC-1020,Sales - Enterprise,6300,Travel & Entertainment,Sales & Marketing,4322.26
FY2026-Q2-Reforecast,2027-07-31,CC-1020,Sales - Enterprise,6450,Training & Enablement,Sales & Marketing,355.75
FY2026-Q2-Reforecast,2027-07-31,CC-1030,Sales Development,6000,Salaries & Wages,Sales & Marketing,49621.27
FY2026-Q2-Reforecast,2027-07-31,CC-1030,Sales Development,6020,Payroll Taxes & Benefits,Sales & Marketing,10172.36
FY2026-Q2-Reforecast,2027-07-31,CC-1030,Sales Development,6200,Software & Subscriptions,Sales & Marketing,2109.25
FY2026-Q2-Reforecast,2027-07-31,CC-1030,Sales Development,6300,Travel & Entertainment,Sales & Marketing,2910.42
FY2026-Q2-Reforecast,2027-07-31,CC-1030,Sales Development,6450,Training & Enablement,Sales & Marketing,267.21
FY2026-Q2-Reforecast,2027-07-31,CC-1040,Sales Operations,6000,Salaries & Wages,Sales & Marketing,61949.89
FY2026-Q2-Reforecast,2027-07-31,CC-1040,Sales Operations,6020,Payroll Taxes & Benefits,Sales & Marketing,12699.73
FY2026-Q2-Reforecast,2027-07-31,CC-1040,Sales Operations,6200,Software & Subscriptions,Sales & Marketing,2571.41
FY2026-Q2-Reforecast,2027-07-31,CC-1040,Sales Operations,6300,Travel & Entertainment,Sales & Marketing,3745.28
FY2026-Q2-Reforecast,2027-07-31,CC-1050,Solutions Engineering,6000,Salaries & Wages,Sales & Marketing,43991.25
FY2026-Q2-Reforecast,2027-07-31,CC-1050,Solutions Engineering,6020,Payroll Taxes & Benefits,Sales & Marketing,9018.21
FY2026-Q2-Reforecast,2027-07-31,CC-1050,Solutions Engineering,6200,Software & Subscriptions,Sales & Marketing,1817.61
FY2026-Q2-Reforecast,2027-07-31,CC-1050,Solutions Engineering,6300,Travel & Entertainment,Sales & Marketing,2287.97
FY2026-Q2-Reforecast,2027-07-31,CC-1060,Sales Leadership,6000,Salaries & Wages,Sales & Marketing,33127.02
FY2026-Q2-Reforecast,2027-07-31,CC-1060,Sales Leadership,6020,Payroll Taxes & Benefits,Sales & Marketing,6791.04
FY2026-Q2-Reforecast,2027-07-31,CC-1060,Sales Leadership,6200,Software & Subscriptions,Sales & Marketing,1291.59
FY2026-Q2-Reforecast,2027-07-31,CC-1060,Sales Leadership,6300,Travel & Entertainment,Sales & Marketing,1897.46
FY2026-Q2-Reforecast,2027-07-31,CC-1060,Sales Leadership,6450,Training & Enablement,Sales & Marketing,154.01
FY2026-Q2-Reforecast,2027-07-31,CC-1100,Demand Generation,6000,Salaries & Wages,Sales & Marketing,99796.62
FY2026-Q2-Reforecast,2027-07-31,CC-1100,Demand Generation,6010,Bonus,Sales & Marketing,9685.79
FY2026-Q2-Reforecast,2027-07-31,CC-1100,Demand Generation,6020,Payroll Taxes & Benefits,Sales & Marketing,22443.90
FY2026-Q2-Reforecast,2027-07-31,CC-1100,Demand Generation,6050,Contractor & Temp Labor,Sales & Marketing,17497.16
FY2026-Q2-Reforecast,2027-07-31,CC-1100,Demand Generation,6100,Demand Generation,Sales & Marketing,174037.85
FY2026-Q2-Reforecast,2027-07-31,CC-1100,Demand Generation,6110,Events & Field Marketing,Sales & Marketing,66960.94
FY2026-Q2-Reforecast,2027-07-31,CC-1100,Demand Generation,6200,Software & Subscriptions,Sales & Marketing,3249.83
FY2026-Q2-Reforecast,2027-07-31,CC-1100,Demand Generation,6300,Travel & Entertainment,Sales & Marketing,2918.50
FY2026-Q2-Reforecast,2027-07-31,CC-1100,Demand Generation,6450,Training & Enablement,Sales & Marketing,476.81
FY2026-Q2-Reforecast,2027-07-31,CC-1110,Product Marketing,6000,Salaries & Wages,Sales & Marketing,80640.74
FY2026-Q2-Reforecast,2027-07-31,CC-1110,Product Marketing,6010,Bonus,Sales & Marketing,7460.90
FY2026-Q2-Reforecast,2027-07-31,CC-1110,Product Marketing,6020,Payroll Taxes & Benefits,Sales & Marketing,18060.84
FY2026-Q2-Reforecast,2027-07-31,CC-1110,Product Marketing,6120,Brand & Content,Sales & Marketing,44222.69
FY2026-Q2-Reforecast,2027-07-31,CC-1110,Product Marketing,6200,Software & Subscriptions,Sales & Marketing,2928.68
FY2026-Q2-Reforecast,2027-07-31,CC-1110,Product Marketing,6300,Travel & Entertainment,Sales & Marketing,2598.09
FY2026-Q2-Reforecast,2027-07-31,CC-1200,Customer Success,6000,Salaries & Wages,Subscription COGS,234016.45
FY2026-Q2-Reforecast,2027-07-31,CC-1200,Customer Success,6010,Bonus,Subscription COGS,23083.44
FY2026-Q2-Reforecast,2027-07-31,CC-1200,Customer Success,6020,Payroll Taxes & Benefits,Subscription COGS,52705.47
FY2026-Q2-Reforecast,2027-07-31,CC-1200,Customer Success,6200,Software & Subscriptions,Subscription COGS,4323.27
FY2026-Q2-Reforecast,2027-07-31,CC-1200,Customer Success,6300,Travel & Entertainment,Subscription COGS,3478.89
FY2026-Q2-Reforecast,2027-07-31,CC-2000,Support,5010,Third-Party Data & APIs,Subscription COGS,1371.60
FY2026-Q2-Reforecast,2027-07-31,CC-2000,Support,6000,Salaries & Wages,Subscription COGS,75050.30
FY2026-Q2-Reforecast,2027-07-31,CC-2000,Support,6010,Bonus,Subscription COGS,7626.34
FY2026-Q2-Reforecast,2027-07-31,CC-2000,Support,6020,Payroll Taxes & Benefits,Subscription COGS,16948.71
FY2026-Q2-Reforecast,2027-07-31,CC-2000,Support,6200,Software & Subscriptions,Subscription COGS,1318.37
FY2026-Q2-Reforecast,2027-07-31,CC-2010,Cloud Operations,5000,Cloud Hosting,Subscription COGS,166399.53
FY2026-Q2-Reforecast,2027-07-31,CC-2010,Cloud Operations,5010,Third-Party Data & APIs,Subscription COGS,956.15
FY2026-Q2-Reforecast,2027-07-31,CC-2010,Cloud Operations,5020,Payment Processing Fees,Subscription COGS,13991.15
FY2026-Q2-Reforecast,2027-07-31,CC-2010,Cloud Operations,6000,Salaries & Wages,Subscription COGS,64957.84
FY2026-Q2-Reforecast,2027-07-31,CC-2010,Cloud Operations,6010,Bonus,Subscription COGS,6302.74
FY2026-Q2-Reforecast,2027-07-31,CC-2010,Cloud Operations,6020,Payroll Taxes & Benefits,Subscription COGS,14608.42
FY2026-Q2-Reforecast,2027-07-31,CC-2010,Cloud Operations,6050,Contractor & Temp Labor,Subscription COGS,17205.47
FY2026-Q2-Reforecast,2027-07-31,CC-2010,Cloud Operations,6200,Software & Subscriptions,Subscription COGS,958.13
FY2026-Q2-Reforecast,2027-07-31,CC-2010,Cloud Operations,6900,Other Operating Expense,Subscription COGS,138.53
FY2026-Q2-Reforecast,2027-07-31,CC-2100,Professional Services,5030,Services Subcontractors,Services COGS,4514.71
FY2026-Q2-Reforecast,2027-07-31,CC-2100,Professional Services,6000,Salaries & Wages,Services COGS,50234.72
FY2026-Q2-Reforecast,2027-07-31,CC-2100,Professional Services,6010,Bonus,Services COGS,4437.92
FY2026-Q2-Reforecast,2027-07-31,CC-2100,Professional Services,6020,Payroll Taxes & Benefits,Services COGS,11207.89
FY2026-Q2-Reforecast,2027-07-31,CC-2100,Professional Services,6200,Software & Subscriptions,Services COGS,1069.81
FY2026-Q2-Reforecast,2027-07-31,CC-2100,Professional Services,6300,Travel & Entertainment,Services COGS,2252.92
FY2026-Q2-Reforecast,2027-07-31,CC-3000,Engineering,6000,Salaries & Wages,Research & Development,403906.18
FY2026-Q2-Reforecast,2027-07-31,CC-3000,Engineering,6010,Bonus,Research & Development,38653.03
FY2026-Q2-Reforecast,2027-07-31,CC-3000,Engineering,6020,Payroll Taxes & Benefits,Research & Development,90724.64
FY2026-Q2-Reforecast,2027-07-31,CC-3000,Engineering,6050,Contractor & Temp Labor,Research & Development,28177.65
FY2026-Q2-Reforecast,2027-07-31,CC-3000,Engineering,6200,Software & Subscriptions,Research & Development,13623.79
FY2026-Q2-Reforecast,2027-07-31,CC-3000,Engineering,6300,Travel & Entertainment,Research & Development,2677.90
FY2026-Q2-Reforecast,2027-07-31,CC-3000,Engineering,6450,Training & Enablement,Research & Development,1805.38
FY2026-Q2-Reforecast,2027-07-31,CC-3000,Engineering,6900,Other Operating Expense,Research & Development,1209.30
FY2026-Q2-Reforecast,2027-07-31,CC-3010,Quality & Release,6000,Salaries & Wages,Research & Development,55577.79
FY2026-Q2-Reforecast,2027-07-31,CC-3010,Quality & Release,6010,Bonus,Research & Development,4446.23
FY2026-Q2-Reforecast,2027-07-31,CC-3010,Quality & Release,6020,Payroll Taxes & Benefits,Research & Development,12304.92
FY2026-Q2-Reforecast,2027-07-31,CC-3010,Quality & Release,6050,Contractor & Temp Labor,Research & Development,9721.65
FY2026-Q2-Reforecast,2027-07-31,CC-3010,Quality & Release,6200,Software & Subscriptions,Research & Development,2033.33
FY2026-Q2-Reforecast,2027-07-31,CC-3100,Product & Design,6000,Salaries & Wages,Research & Development,161865.25
FY2026-Q2-Reforecast,2027-07-31,CC-3100,Product & Design,6010,Bonus,Research & Development,14309.13
FY2026-Q2-Reforecast,2027-07-31,CC-3100,Product & Design,6020,Payroll Taxes & Benefits,Research & Development,36115.75
FY2026-Q2-Reforecast,2027-07-31,CC-3100,Product & Design,6050,Contractor & Temp Labor,Research & Development,13023.06
FY2026-Q2-Reforecast,2027-07-31,CC-3100,Product & Design,6200,Software & Subscriptions,Research & Development,4632.97
FY2026-Q2-Reforecast,2027-07-31,CC-3100,Product & Design,6300,Travel & Entertainment,Research & Development,1404.08
FY2026-Q2-Reforecast,2027-07-31,CC-4000,Finance & Accounting,6000,Salaries & Wages,General & Administrative,58862.79
FY2026-Q2-Reforecast,2027-07-31,CC-4000,Finance & Accounting,6010,Bonus,General & Administrative,5324.07
FY2026-Q2-Reforecast,2027-07-31,CC-4000,Finance & Accounting,6020,Payroll Taxes & Benefits,General & Administrative,13158.30
FY2026-Q2-Reforecast,2027-07-31,CC-4000,Finance & Accounting,6200,Software & Subscriptions,General & Administrative,1272.60
FY2026-Q2-Reforecast,2027-07-31,CC-4000,Finance & Accounting,6300,Travel & Entertainment,General & Administrative,754.00
FY2026-Q2-Reforecast,2027-07-31,CC-4000,Finance & Accounting,6400,Professional Fees,General & Administrative,43194.66
FY2026-Q2-Reforecast,2027-07-31,CC-4000,Finance & Accounting,6440,Depreciation & Amortisation,General & Administrative,26263.47
FY2026-Q2-Reforecast,2027-07-31,CC-4000,Finance & Accounting,6900,Other Operating Expense,General & Administrative,160.99
FY2026-Q2-Reforecast,2027-07-31,CC-4010,People Operations,6000,Salaries & Wages,General & Administrative,69756.71
FY2026-Q2-Reforecast,2027-07-31,CC-4010,People Operations,6010,Bonus,General & Administrative,7448.33
FY2026-Q2-Reforecast,2027-07-31,CC-4010,People Operations,6020,Payroll Taxes & Benefits,General & Administrative,15827.03
FY2026-Q2-Reforecast,2027-07-31,CC-4010,People Operations,6200,Software & Subscriptions,General & Administrative,1164.59
FY2026-Q2-Reforecast,2027-07-31,CC-4010,People Operations,6410,Recruiting Fees,General & Administrative,48045.69
FY2026-Q2-Reforecast,2027-07-31,CC-4010,People Operations,6450,Training & Enablement,General & Administrative,219.12
FY2026-Q2-Reforecast,2027-07-31,CC-4020,Legal & Corporate,6000,Salaries & Wages,General & Administrative,20640.07
FY2026-Q2-Reforecast,2027-07-31,CC-4020,Legal & Corporate,6010,Bonus,General & Administrative,1651.21
FY2026-Q2-Reforecast,2027-07-31,CC-4020,Legal & Corporate,6020,Payroll Taxes & Benefits,General & Administrative,4569.71
FY2026-Q2-Reforecast,2027-07-31,CC-4020,Legal & Corporate,6200,Software & Subscriptions,General & Administrative,642.54
FY2026-Q2-Reforecast,2027-07-31,CC-4020,Legal & Corporate,6300,Travel & Entertainment,General & Administrative,371.46
FY2026-Q2-Reforecast,2027-07-31,CC-4020,Legal & Corporate,6400,Professional Fees,General & Administrative,22983.10
FY2026-Q2-Reforecast,2027-07-31,CC-4020,Legal & Corporate,6430,Insurance,General & Administrative,22136.75
FY2026-Q2-Reforecast,2027-07-31,CC-4030,IT & Corporate Systems,6000,Salaries & Wages,General & Administrative,60821.91
FY2026-Q2-Reforecast,2027-07-31,CC-4030,IT & Corporate Systems,6010,Bonus,General & Administrative,6769.57
FY2026-Q2-Reforecast,2027-07-31,CC-4030,IT & Corporate Systems,6020,Payroll Taxes & Benefits,General & Administrative,13856.26
FY2026-Q2-Reforecast,2027-07-31,CC-4030,IT & Corporate Systems,6050,Contractor & Temp Labor,General & Administrative,7383.91
FY2026-Q2-Reforecast,2027-07-31,CC-4030,IT & Corporate Systems,6200,Software & Subscriptions,General & Administrative,951.27
FY2026-Q2-Reforecast,2027-07-31,CC-4030,IT & Corporate Systems,6420,Facilities & Rent,General & Administrative,45488.89
FY2026-Q2-Reforecast,2027-07-31,CC-4030,IT & Corporate Systems,6900,Other Operating Expense,General & Administrative,125.83
FY2026-Q2-Reforecast,2027-07-31,CC-9000,Revenue,4000,Subscription Revenue,Subscription Revenue,-3083552.03
FY2026-Q2-Reforecast,2027-07-31,CC-9000,Revenue,4010,Usage Revenue Above Commitment,Subscription Revenue,-66143.61
FY2026-Q2-Reforecast,2027-07-31,CC-9000,Revenue,4100,Professional Services Revenue,Services Revenue,-10000.31
FY2026-Q2-Reforecast,2027-07-31,CC-9000,Revenue,4110,Implementation Fee Revenue,Services Revenue,-54084.72
FY2026-Q2-Reforecast,2027-07-31,CC-9000,Corporate,9000,Ending ARR,Memo - ARR,38434010.19
FY2026-Q2-Reforecast,2027-07-31,CC-9000,Corporate,9010,New Logo ARR,Memo - ARR,258020.02
FY2026-Q2-Reforecast,2027-07-31,CC-9000,Corporate,9020,Expansion ARR,Memo - ARR,297028.91
FY2026-Q2-Reforecast,2027-07-31,CC-9000,Corporate,9030,Reactivation ARR,Memo - ARR,10394.06
FY2026-Q2-Reforecast,2027-07-31,CC-9000,Corporate,9040,Contraction ARR,Memo - ARR,-46383.48
FY2026-Q2-Reforecast,2027-07-31,CC-9000,Corporate,9050,Churn ARR,Memo - ARR,-195564.20
FY2026-Q2-Reforecast,2027-07-31,CC-9000,Corporate,9100,New Logos Added,Memo - Statistical,12.00
FY2026-Q2-Reforecast,2027-07-31,CC-9000,Corporate,9200,Ending Headcount,Memo - Statistical,217.90
FY2026-Q2-Reforecast,2027-07-31,CC-9000,Corporate,9300,Ending Cash,Memo - Statistical,17284264.70
FY2026-Q2-Reforecast,2027-08-31,CC-1000,Sales - SMB,6000,Salaries & Wages,Sales & Marketing,82640.28
FY2026-Q2-Reforecast,2027-08-31,CC-1000,Sales - SMB,6020,Payroll Taxes & Benefits,Sales & Marketing,16941.25
FY2026-Q2-Reforecast,2027-08-31,CC-1000,Sales - SMB,6030,Sales Commissions,Sales & Marketing,5802.30
FY2026-Q2-Reforecast,2027-08-31,CC-1000,Sales - SMB,6040,Commission Amortisation,Sales & Marketing,8071.95
FY2026-Q2-Reforecast,2027-08-31,CC-1000,Sales - SMB,6200,Software & Subscriptions,Sales & Marketing,3748.62
FY2026-Q2-Reforecast,2027-08-31,CC-1000,Sales - SMB,6300,Travel & Entertainment,Sales & Marketing,4937.47
FY2026-Q2-Reforecast,2027-08-31,CC-1000,Sales - SMB,6450,Training & Enablement,Sales & Marketing,543.56
FY2026-Q2-Reforecast,2027-08-31,CC-1010,Sales - Mid-Market,6000,Salaries & Wages,Sales & Marketing,116233.97
FY2026-Q2-Reforecast,2027-08-31,CC-1010,Sales - Mid-Market,6020,Payroll Taxes & Benefits,Sales & Marketing,23827.97
FY2026-Q2-Reforecast,2027-08-31,CC-1010,Sales - Mid-Market,6030,Sales Commissions,Sales & Marketing,11077.12
FY2026-Q2-Reforecast,2027-08-31,CC-1010,Sales - Mid-Market,6040,Commission Amortisation,Sales & Marketing,15410.08
FY2026-Q2-Reforecast,2027-08-31,CC-1010,Sales - Mid-Market,6200,Software & Subscriptions,Sales & Marketing,4626.28
FY2026-Q2-Reforecast,2027-08-31,CC-1010,Sales - Mid-Market,6300,Travel & Entertainment,Sales & Marketing,6232.36
FY2026-Q2-Reforecast,2027-08-31,CC-1010,Sales - Mid-Market,6450,Training & Enablement,Sales & Marketing,562.78
FY2026-Q2-Reforecast,2027-08-31,CC-1020,Sales - Enterprise,6000,Salaries & Wages,Sales & Marketing,80894.65
FY2026-Q2-Reforecast,2027-08-31,CC-1020,Sales - Enterprise,6020,Payroll Taxes & Benefits,Sales & Marketing,16583.41
FY2026-Q2-Reforecast,2027-08-31,CC-1020,Sales - Enterprise,6030,Sales Commissions,Sales & Marketing,9494.69
FY2026-Q2-Reforecast,2027-08-31,CC-1020,Sales - Enterprise,6040,Commission Amortisation,Sales & Marketing,13208.65
FY2026-Q2-Reforecast,2027-08-31,CC-1020,Sales - Enterprise,6200,Software & Subscriptions,Sales & Marketing,3021.44
FY2026-Q2-Reforecast,2027-08-31,CC-1020,Sales - Enterprise,6300,Travel & Entertainment,Sales & Marketing,4292.16
FY2026-Q2-Reforecast,2027-08-31,CC-1020,Sales - Enterprise,6450,Training & Enablement,Sales & Marketing,397.66
FY2026-Q2-Reforecast,2027-08-31,CC-1030,Sales Development,6000,Salaries & Wages,Sales & Marketing,49740.89
FY2026-Q2-Reforecast,2027-08-31,CC-1030,Sales Development,6020,Payroll Taxes & Benefits,Sales & Marketing,10196.88
FY2026-Q2-Reforecast,2027-08-31,CC-1030,Sales Development,6200,Software & Subscriptions,Sales & Marketing,2346.33
FY2026-Q2-Reforecast,2027-08-31,CC-1030,Sales Development,6300,Travel & Entertainment,Sales & Marketing,3390.74
FY2026-Q2-Reforecast,2027-08-31,CC-1030,Sales Development,6450,Training & Enablement,Sales & Marketing,258.37
FY2026-Q2-Reforecast,2027-08-31,CC-1040,Sales Operations,6000,Salaries & Wages,Sales & Marketing,48401.90
FY2026-Q2-Reforecast,2027-08-31,CC-1040,Sales Operations,6020,Payroll Taxes & Benefits,Sales & Marketing,9922.39
FY2026-Q2-Reforecast,2027-08-31,CC-1040,Sales Operations,6200,Software & Subscriptions,Sales & Marketing,2226.42
FY2026-Q2-Reforecast,2027-08-31,CC-1040,Sales Operations,6300,Travel & Entertainment,Sales & Marketing,3110.93
FY2026-Q2-Reforecast,2027-08-31,CC-1050,Solutions Engineering,6000,Salaries & Wages,Sales & Marketing,44097.30
FY2026-Q2-Reforecast,2027-08-31,CC-1050,Solutions Engineering,6020,Payroll Taxes & Benefits,Sales & Marketing,9039.95
FY2026-Q2-Reforecast,2027-08-31,CC-1050,Solutions Engineering,6200,Software & Subscriptions,Sales & Marketing,1677.15
FY2026-Q2-Reforecast,2027-08-31,CC-1050,Solutions Engineering,6300,Travel & Entertainment,Sales & Marketing,2389.21
FY2026-Q2-Reforecast,2027-08-31,CC-1060,Sales Leadership,6000,Salaries & Wages,Sales & Marketing,33206.87
FY2026-Q2-Reforecast,2027-08-31,CC-1060,Sales Leadership,6020,Payroll Taxes & Benefits,Sales & Marketing,6807.41
FY2026-Q2-Reforecast,2027-08-31,CC-1060,Sales Leadership,6200,Software & Subscriptions,Sales & Marketing,1286.11
FY2026-Q2-Reforecast,2027-08-31,CC-1060,Sales Leadership,6300,Travel & Entertainment,Sales & Marketing,1731.10
FY2026-Q2-Reforecast,2027-08-31,CC-1060,Sales Leadership,6450,Training & Enablement,Sales & Marketing,160.44
FY2026-Q2-Reforecast,2027-08-31,CC-1100,Demand Generation,6000,Salaries & Wages,Sales & Marketing,100037.19
FY2026-Q2-Reforecast,2027-08-31,CC-1100,Demand Generation,6010,Bonus,Sales & Marketing,9709.14
FY2026-Q2-Reforecast,2027-08-31,CC-1100,Demand Generation,6020,Payroll Taxes & Benefits,Sales & Marketing,22498.00
FY2026-Q2-Reforecast,2027-08-31,CC-1100,Demand Generation,6050,Contractor & Temp Labor,Sales & Marketing,16378.87
FY2026-Q2-Reforecast,2027-08-31,CC-1100,Demand Generation,6100,Demand Generation,Sales & Marketing,160099.29
FY2026-Q2-Reforecast,2027-08-31,CC-1100,Demand Generation,6110,Events & Field Marketing,Sales & Marketing,70740.01
FY2026-Q2-Reforecast,2027-08-31,CC-1100,Demand Generation,6200,Software & Subscriptions,Sales & Marketing,3761.41
FY2026-Q2-Reforecast,2027-08-31,CC-1100,Demand Generation,6300,Travel & Entertainment,Sales & Marketing,2647.95
FY2026-Q2-Reforecast,2027-08-31,CC-1100,Demand Generation,6450,Training & Enablement,Sales & Marketing,446.99
FY2026-Q2-Reforecast,2027-08-31,CC-1110,Product Marketing,6000,Salaries & Wages,Sales & Marketing,90932.08
FY2026-Q2-Reforecast,2027-08-31,CC-1110,Product Marketing,6010,Bonus,Sales & Marketing,8286.64
FY2026-Q2-Reforecast,2027-08-31,CC-1110,Product Marketing,6020,Payroll Taxes & Benefits,Sales & Marketing,20339.84
FY2026-Q2-Reforecast,2027-08-31,CC-1110,Product Marketing,6120,Brand & Content,Sales & Marketing,42151.85
FY2026-Q2-Reforecast,2027-08-31,CC-1110,Product Marketing,6200,Software & Subscriptions,Sales & Marketing,3687.87
FY2026-Q2-Reforecast,2027-08-31,CC-1110,Product Marketing,6300,Travel & Entertainment,Sales & Marketing,2500.16
FY2026-Q2-Reforecast,2027-08-31,CC-1200,Customer Success,6000,Salaries & Wages,Subscription COGS,227310.37
FY2026-Q2-Reforecast,2027-08-31,CC-1200,Customer Success,6010,Bonus,Subscription COGS,22557.46
FY2026-Q2-Reforecast,2027-08-31,CC-1200,Customer Success,6020,Payroll Taxes & Benefits,Subscription COGS,51222.91
FY2026-Q2-Reforecast,2027-08-31,CC-1200,Customer Success,6200,Software & Subscriptions,Subscription COGS,3942.23
FY2026-Q2-Reforecast,2027-08-31,CC-1200,Customer Success,6300,Travel & Entertainment,Subscription COGS,2943.97
FY2026-Q2-Reforecast,2027-08-31,CC-2000,Support,5010,Third-Party Data & APIs,Subscription COGS,1568.48
FY2026-Q2-Reforecast,2027-08-31,CC-2000,Support,6000,Salaries & Wages,Subscription COGS,82233.63
FY2026-Q2-Reforecast,2027-08-31,CC-2000,Support,6010,Bonus,Subscription COGS,8204.92
FY2026-Q2-Reforecast,2027-08-31,CC-2000,Support,6020,Payroll Taxes & Benefits,Subscription COGS,18539.90
FY2026-Q2-Reforecast,2027-08-31,CC-2000,Support,6200,Software & Subscriptions,Subscription COGS,1250.36
FY2026-Q2-Reforecast,2027-08-31,CC-2010,Cloud Operations,5000,Cloud Hosting,Subscription COGS,160032.88
FY2026-Q2-Reforecast,2027-08-31,CC-2010,Cloud Operations,5010,Third-Party Data & APIs,Subscription COGS,976.83
FY2026-Q2-Reforecast,2027-08-31,CC-2010,Cloud Operations,5020,Payment Processing Fees,Subscription COGS,9363.75
FY2026-Q2-Reforecast,2027-08-31,CC-2010,Cloud Operations,6000,Salaries & Wages,Subscription COGS,65114.43
FY2026-Q2-Reforecast,2027-08-31,CC-2010,Cloud Operations,6010,Bonus,Subscription COGS,6317.93
FY2026-Q2-Reforecast,2027-08-31,CC-2010,Cloud Operations,6020,Payroll Taxes & Benefits,Subscription COGS,14643.64
FY2026-Q2-Reforecast,2027-08-31,CC-2010,Cloud Operations,6050,Contractor & Temp Labor,Subscription COGS,19080.52
FY2026-Q2-Reforecast,2027-08-31,CC-2010,Cloud Operations,6200,Software & Subscriptions,Subscription COGS,1019.64
FY2026-Q2-Reforecast,2027-08-31,CC-2010,Cloud Operations,6900,Other Operating Expense,Subscription COGS,147.52
FY2026-Q2-Reforecast,2027-08-31,CC-2100,Professional Services,5030,Services Subcontractors,Services COGS,4416.18
FY2026-Q2-Reforecast,2027-08-31,CC-2100,Professional Services,6000,Salaries & Wages,Services COGS,50355.82
FY2026-Q2-Reforecast,2027-08-31,CC-2100,Professional Services,6010,Bonus,Services COGS,4448.61
FY2026-Q2-Reforecast,2027-08-31,CC-2100,Professional Services,6020,Payroll Taxes & Benefits,Services COGS,11234.91
FY2026-Q2-Reforecast,2027-08-31,CC-2100,Professional Services,6200,Software & Subscriptions,Services COGS,1100.24
FY2026-Q2-Reforecast,2027-08-31,CC-2100,Professional Services,6300,Travel & Entertainment,Services COGS,2334.95
FY2026-Q2-Reforecast,2027-08-31,CC-3000,Engineering,6000,Salaries & Wages,Research & Development,416444.75
FY2026-Q2-Reforecast,2027-08-31,CC-3000,Engineering,6010,Bonus,Research & Development,39671.41
FY2026-Q2-Reforecast,2027-08-31,CC-3000,Engineering,6020,Payroll Taxes & Benefits,Research & Development,93503.81
FY2026-Q2-Reforecast,2027-08-31,CC-3000,Engineering,6050,Contractor & Temp Labor,Research & Development,29389.40
FY2026-Q2-Reforecast,2027-08-31,CC-3000,Engineering,6200,Software & Subscriptions,Research & Development,12692.88
FY2026-Q2-Reforecast,2027-08-31,CC-3000,Engineering,6300,Travel & Entertainment,Research & Development,2853.79
FY2026-Q2-Reforecast,2027-08-31,CC-3000,Engineering,6450,Training & Enablement,Research & Development,2032.85
FY2026-Q2-Reforecast,2027-08-31,CC-3000,Engineering,6900,Other Operating Expense,Research & Development,1093.87
FY2026-Q2-Reforecast,2027-08-31,CC-3010,Quality & Release,6000,Salaries & Wages,Research & Development,55711.77
FY2026-Q2-Reforecast,2027-08-31,CC-3010,Quality & Release,6010,Bonus,Research & Development,4456.95
FY2026-Q2-Reforecast,2027-08-31,CC-3010,Quality & Release,6020,Payroll Taxes & Benefits,Research & Development,12334.58
FY2026-Q2-Reforecast,2027-08-31,CC-3010,Quality & Release,6050,Contractor & Temp Labor,Research & Development,9263.99
FY2026-Q2-Reforecast,2027-08-31,CC-3010,Quality & Release,6200,Software & Subscriptions,Research & Development,1998.19
FY2026-Q2-Reforecast,2027-08-31,CC-3100,Product & Design,6000,Salaries & Wages,Research & Development,173979.02
FY2026-Q2-Reforecast,2027-08-31,CC-3100,Product & Design,6010,Bonus,Research & Development,15750.45
FY2026-Q2-Reforecast,2027-08-31,CC-3100,Product & Design,6020,Payroll Taxes & Benefits,Research & Development,38894.54
FY2026-Q2-Reforecast,2027-08-31,CC-3100,Product & Design,6050,Contractor & Temp Labor,Research & Development,12124.92
FY2026-Q2-Reforecast,2027-08-31,CC-3100,Product & Design,6200,Software & Subscriptions,Research & Development,5335.24
FY2026-Q2-Reforecast,2027-08-31,CC-3100,Product & Design,6300,Travel & Entertainment,Research & Development,1381.86
FY2026-Q2-Reforecast,2027-08-31,CC-4000,Finance & Accounting,6000,Salaries & Wages,General & Administrative,59004.69
FY2026-Q2-Reforecast,2027-08-31,CC-4000,Finance & Accounting,6010,Bonus,General & Administrative,5336.90
FY2026-Q2-Reforecast,2027-08-31,CC-4000,Finance & Accounting,6020,Payroll Taxes & Benefits,General & Administrative,13190.02
FY2026-Q2-Reforecast,2027-08-31,CC-4000,Finance & Accounting,6200,Software & Subscriptions,General & Administrative,1546.95
FY2026-Q2-Reforecast,2027-08-31,CC-4000,Finance & Accounting,6300,Travel & Entertainment,General & Administrative,725.00
FY2026-Q2-Reforecast,2027-08-31,CC-4000,Finance & Accounting,6400,Professional Fees,General & Administrative,41931.63
FY2026-Q2-Reforecast,2027-08-31,CC-4000,Finance & Accounting,6440,Depreciation & Amortisation,General & Administrative,26462.85
FY2026-Q2-Reforecast,2027-08-31,CC-4000,Finance & Accounting,6900,Other Operating Expense,General & Administrative,156.46
FY2026-Q2-Reforecast,2027-08-31,CC-4010,People Operations,6000,Salaries & Wages,General & Administrative,69924.87
FY2026-Q2-Reforecast,2027-08-31,CC-4010,People Operations,6010,Bonus,General & Administrative,7466.29
FY2026-Q2-Reforecast,2027-08-31,CC-4010,People Operations,6020,Payroll Taxes & Benefits,General & Administrative,15865.18
FY2026-Q2-Reforecast,2027-08-31,CC-4010,People Operations,6200,Software & Subscriptions,General & Administrative,1168.73
FY2026-Q2-Reforecast,2027-08-31,CC-4010,People Operations,6410,Recruiting Fees,General & Administrative,55726.00
FY2026-Q2-Reforecast,2027-08-31,CC-4010,People Operations,6450,Training & Enablement,General & Administrative,250.31
FY2026-Q2-Reforecast,2027-08-31,CC-4020,Legal & Corporate,6000,Salaries & Wages,General & Administrative,20689.82
FY2026-Q2-Reforecast,2027-08-31,CC-4020,Legal & Corporate,6010,Bonus,General & Administrative,1655.19
FY2026-Q2-Reforecast,2027-08-31,CC-4020,Legal & Corporate,6020,Payroll Taxes & Benefits,General & Administrative,4580.73
FY2026-Q2-Reforecast,2027-08-31,CC-4020,Legal & Corporate,6200,Software & Subscriptions,General & Administrative,649.67
FY2026-Q2-Reforecast,2027-08-31,CC-4020,Legal & Corporate,6300,Travel & Entertainment,General & Administrative,332.60
FY2026-Q2-Reforecast,2027-08-31,CC-4020,Legal & Corporate,6400,Professional Fees,General & Administrative,23116.28
FY2026-Q2-Reforecast,2027-08-31,CC-4020,Legal & Corporate,6430,Insurance,General & Administrative,24730.28
FY2026-Q2-Reforecast,2027-08-31,CC-4030,IT & Corporate Systems,6000,Salaries & Wages,General & Administrative,60968.53
FY2026-Q2-Reforecast,2027-08-31,CC-4030,IT & Corporate Systems,6010,Bonus,General & Administrative,6785.89
FY2026-Q2-Reforecast,2027-08-31,CC-4030,IT & Corporate Systems,6020,Payroll Taxes & Benefits,General & Administrative,13889.66
FY2026-Q2-Reforecast,2027-08-31,CC-4030,IT & Corporate Systems,6050,Contractor & Temp Labor,General & Administrative,7723.80
FY2026-Q2-Reforecast,2027-08-31,CC-4030,IT & Corporate Systems,6200,Software & Subscriptions,General & Administrative,917.43
FY2026-Q2-Reforecast,2027-08-31,CC-4030,IT & Corporate Systems,6420,Facilities & Rent,General & Administrative,48586.87
FY2026-Q2-Reforecast,2027-08-31,CC-4030,IT & Corporate Systems,6900,Other Operating Expense,General & Administrative,112.20
FY2026-Q2-Reforecast,2027-08-31,CC-9000,Revenue,4000,Subscription Revenue,Subscription Revenue,-3123698.34
FY2026-Q2-Reforecast,2027-08-31,CC-9000,Revenue,4010,Usage Revenue Above Commitment,Subscription Revenue,-67004.77
FY2026-Q2-Reforecast,2027-08-31,CC-9000,Revenue,4100,Professional Services Revenue,Services Revenue,-9269.65
FY2026-Q2-Reforecast,2027-08-31,CC-9000,Revenue,4110,Implementation Fee Revenue,Services Revenue,-53840.24
FY2026-Q2-Reforecast,2027-08-31,CC-9000,Corporate,9000,Ending ARR,Memo - ARR,38808909.40
FY2026-Q2-Reforecast,2027-08-31,CC-9000,Corporate,9010,New Logo ARR,Memo - ARR,281476.38
FY2026-Q2-Reforecast,2027-08-31,CC-9000,Corporate,9020,Expansion ARR,Memo - ARR,324031.54
FY2026-Q2-Reforecast,2027-08-31,CC-9000,Corporate,9030,Reactivation ARR,Memo - ARR,11338.97
FY2026-Q2-Reforecast,2027-08-31,CC-9000,Corporate,9040,Contraction ARR,Memo - ARR,-46383.48
FY2026-Q2-Reforecast,2027-08-31,CC-9000,Corporate,9050,Churn ARR,Memo - ARR,-195564.20
FY2026-Q2-Reforecast,2027-08-31,CC-9000,Corporate,9100,New Logos Added,Memo - Statistical,12.00
FY2026-Q2-Reforecast,2027-08-31,CC-9000,Corporate,9200,Ending Headcount,Memo - Statistical,217.80
FY2026-Q2-Reforecast,2027-08-31,CC-9000,Corporate,9300,Ending Cash,Memo - Statistical,17109388.76
FY2026-Q2-Reforecast,2027-09-30,CC-1000,Sales - SMB,6000,Salaries & Wages,Sales & Marketing,95764.51
FY2026-Q2-Reforecast,2027-09-30,CC-1000,Sales - SMB,6020,Payroll Taxes & Benefits,Sales & Marketing,19631.73
FY2026-Q2-Reforecast,2027-09-30,CC-1000,Sales - SMB,6030,Sales Commissions,Sales & Marketing,9356.38
FY2026-Q2-Reforecast,2027-09-30,CC-1000,Sales - SMB,6040,Commission Amortisation,Sales & Marketing,8507.24
FY2026-Q2-Reforecast,2027-09-30,CC-1000,Sales - SMB,6200,Software & Subscriptions,Sales & Marketing,4188.33
FY2026-Q2-Reforecast,2027-09-30,CC-1000,Sales - SMB,6300,Travel & Entertainment,Sales & Marketing,5777.18
FY2026-Q2-Reforecast,2027-09-30,CC-1000,Sales - SMB,6450,Training & Enablement,Sales & Marketing,558.06
FY2026-Q2-Reforecast,2027-09-30,CC-1010,Sales - Mid-Market,6000,Salaries & Wages,Sales & Marketing,116514.15
FY2026-Q2-Reforecast,2027-09-30,CC-1010,Sales - Mid-Market,6020,Payroll Taxes & Benefits,Sales & Marketing,23885.40
FY2026-Q2-Reforecast,2027-09-30,CC-1010,Sales - Mid-Market,6030,Sales Commissions,Sales & Marketing,17862.19
FY2026-Q2-Reforecast,2027-09-30,CC-1010,Sales - Mid-Market,6040,Commission Amortisation,Sales & Marketing,16241.08
FY2026-Q2-Reforecast,2027-09-30,CC-1010,Sales - Mid-Market,6200,Software & Subscriptions,Sales & Marketing,5257.32
FY2026-Q2-Reforecast,2027-09-30,CC-1010,Sales - Mid-Market,6300,Travel & Entertainment,Sales & Marketing,6846.94
FY2026-Q2-Reforecast,2027-09-30,CC-1010,Sales - Mid-Market,6450,Training & Enablement,Sales & Marketing,564.67
FY2026-Q2-Reforecast,2027-09-30,CC-1020,Sales - Enterprise,6000,Salaries & Wages,Sales & Marketing,81089.64
FY2026-Q2-Reforecast,2027-09-30,CC-1020,Sales - Enterprise,6020,Payroll Taxes & Benefits,Sales & Marketing,16623.38
FY2026-Q2-Reforecast,2027-09-30,CC-1020,Sales - Enterprise,6030,Sales Commissions,Sales & Marketing,15310.45
FY2026-Q2-Reforecast,2027-09-30,CC-1020,Sales - Enterprise,6040,Commission Amortisation,Sales & Marketing,13920.92
FY2026-Q2-Reforecast,2027-09-30,CC-1020,Sales - Enterprise,6200,Software & Subscriptions,Sales & Marketing,3137.71
FY2026-Q2-Reforecast,2027-09-30,CC-1020,Sales - Enterprise,6300,Travel & Entertainment,Sales & Marketing,4173.46
FY2026-Q2-Reforecast,2027-09-30,CC-1020,Sales - Enterprise,6450,Training & Enablement,Sales & Marketing,395.57
FY2026-Q2-Reforecast,2027-09-30,CC-1030,Sales Development,6000,Salaries & Wages,Sales & Marketing,49860.78
FY2026-Q2-Reforecast,2027-09-30,CC-1030,Sales Development,6020,Payroll Taxes & Benefits,Sales & Marketing,10221.46
FY2026-Q2-Reforecast,2027-09-30,CC-1030,Sales Development,6200,Software & Subscriptions,Sales & Marketing,1984.05
FY2026-Q2-Reforecast,2027-09-30,CC-1030,Sales Development,6300,Travel & Entertainment,Sales & Marketing,2967.24
FY2026-Q2-Reforecast,2027-09-30,CC-1030,Sales Development,6450,Training & Enablement,Sales & Marketing,268.10
FY2026-Q2-Reforecast,2027-09-30,CC-1040,Sales Operations,6000,Salaries & Wages,Sales & Marketing,48518.57
FY2026-Q2-Reforecast,2027-09-30,CC-1040,Sales Operations,6020,Payroll Taxes & Benefits,Sales & Marketing,9946.31
FY2026-Q2-Reforecast,2027-09-30,CC-1040,Sales Operations,6200,Software & Subscriptions,Sales & Marketing,2366.78
FY2026-Q2-Reforecast,2027-09-30,CC-1040,Sales Operations,6300,Travel & Entertainment,Sales & Marketing,2969.15
FY2026-Q2-Reforecast,2027-09-30,CC-1050,Solutions Engineering,6000,Salaries & Wages,Sales & Marketing,34818.03
FY2026-Q2-Reforecast,2027-09-30,CC-1050,Solutions Engineering,6020,Payroll Taxes & Benefits,Sales & Marketing,7137.69
FY2026-Q2-Reforecast,2027-09-30,CC-1050,Solutions Engineering,6200,Software & Subscriptions,Sales & Marketing,1414.65
FY2026-Q2-Reforecast,2027-09-30,CC-1050,Solutions Engineering,6300,Travel & Entertainment,Sales & Marketing,1940.72
FY2026-Q2-Reforecast,2027-09-30,CC-1060,Sales Leadership,6000,Salaries & Wages,Sales & Marketing,33286.92
FY2026-Q2-Reforecast,2027-09-30,CC-1060,Sales Leadership,6020,Payroll Taxes & Benefits,Sales & Marketing,6823.82
FY2026-Q2-Reforecast,2027-09-30,CC-1060,Sales Leadership,6200,Software & Subscriptions,Sales & Marketing,1283.95
FY2026-Q2-Reforecast,2027-09-30,CC-1060,Sales Leadership,6300,Travel & Entertainment,Sales & Marketing,1918.51
FY2026-Q2-Reforecast,2027-09-30,CC-1060,Sales Leadership,6450,Training & Enablement,Sales & Marketing,154.59
FY2026-Q2-Reforecast,2027-09-30,CC-1100,Demand Generation,6000,Salaries & Wages,Sales & Marketing,100278.33
FY2026-Q2-Reforecast,2027-09-30,CC-1100,Demand Generation,6010,Bonus,Sales & Marketing,9732.55
FY2026-Q2-Reforecast,2027-09-30,CC-1100,Demand Generation,6020,Payroll Taxes & Benefits,Sales & Marketing,22552.23
FY2026-Q2-Reforecast,2027-09-30,CC-1100,Demand Generation,6050,Contractor & Temp Labor,Sales & Marketing,17902.65
FY2026-Q2-Reforecast,2027-09-30,CC-1100,Demand Generation,6100,Demand Generation,Sales & Marketing,208924.80
FY2026-Q2-Reforecast,2027-09-30,CC-1100,Demand Generation,6110,Events & Field Marketing,Sales & Marketing,77007.73
FY2026-Q2-Reforecast,2027-09-30,CC-1100,Demand Generation,6200,Software & Subscriptions,Sales & Marketing,3593.26
FY2026-Q2-Reforecast,2027-09-30,CC-1100,Demand Generation,6300,Travel & Entertainment,Sales & Marketing,2789.31
FY2026-Q2-Reforecast,2027-09-30,CC-1100,Demand Generation,6450,Training & Enablement,Sales & Marketing,477.60
FY2026-Q2-Reforecast,2027-09-30,CC-1110,Product Marketing,6000,Salaries & Wages,Sales & Marketing,83127.81
FY2026-Q2-Reforecast,2027-09-30,CC-1110,Product Marketing,6010,Bonus,Sales & Marketing,7664.74
FY2026-Q2-Reforecast,2027-09-30,CC-1110,Product Marketing,6020,Payroll Taxes & Benefits,Sales & Marketing,18612.47
FY2026-Q2-Reforecast,2027-09-30,CC-1110,Product Marketing,6120,Brand & Content,Sales & Marketing,54466.01
FY2026-Q2-Reforecast,2027-09-30,CC-1110,Product Marketing,6200,Software & Subscriptions,Sales & Marketing,3206.66
FY2026-Q2-Reforecast,2027-09-30,CC-1110,Product Marketing,6300,Travel & Entertainment,Sales & Marketing,2751.67
FY2026-Q2-Reforecast,2027-09-30,CC-1200,Customer Success,6000,Salaries & Wages,Subscription COGS,240634.19
FY2026-Q2-Reforecast,2027-09-30,CC-1200,Customer Success,6010,Bonus,Subscription COGS,24144.95
FY2026-Q2-Reforecast,2027-09-30,CC-1200,Customer Success,6020,Payroll Taxes & Benefits,Subscription COGS,54279.72
FY2026-Q2-Reforecast,2027-09-30,CC-1200,Customer Success,6200,Software & Subscriptions,Subscription COGS,4233.47
FY2026-Q2-Reforecast,2027-09-30,CC-1200,Customer Success,6300,Travel & Entertainment,Subscription COGS,3247.31
FY2026-Q2-Reforecast,2027-09-30,CC-2000,Support,5010,Third-Party Data & APIs,Subscription COGS,1612.85
FY2026-Q2-Reforecast,2027-09-30,CC-2000,Support,6000,Salaries & Wages,Subscription COGS,74706.66
FY2026-Q2-Reforecast,2027-09-30,CC-2000,Support,6010,Bonus,Subscription COGS,7606.68
FY2026-Q2-Reforecast,2027-09-30,CC-2000,Support,6020,Payroll Taxes & Benefits,Subscription COGS,16874.24
FY2026-Q2-Reforecast,2027-09-30,CC-2000,Support,6200,Software & Subscriptions,Subscription COGS,1240.31
FY2026-Q2-Reforecast,2027-09-30,CC-2010,Cloud Operations,5000,Cloud Hosting,Subscription COGS,165229.97
FY2026-Q2-Reforecast,2027-09-30,CC-2010,Cloud Operations,5010,Third-Party Data & APIs,Subscription COGS,957.52
FY2026-Q2-Reforecast,2027-09-30,CC-2010,Cloud Operations,5020,Payment Processing Fees,Subscription COGS,14013.78
FY2026-Q2-Reforecast,2027-09-30,CC-2010,Cloud Operations,6000,Salaries & Wages,Subscription COGS,65271.38
FY2026-Q2-Reforecast,2027-09-30,CC-2010,Cloud Operations,6010,Bonus,Subscription COGS,6333.16
FY2026-Q2-Reforecast,2027-09-30,CC-2010,Cloud Operations,6020,Payroll Taxes & Benefits,Subscription COGS,14678.93
FY2026-Q2-Reforecast,2027-09-30,CC-2010,Cloud Operations,6050,Contractor & Temp Labor,Subscription COGS,18425.58
FY2026-Q2-Reforecast,2027-09-30,CC-2010,Cloud Operations,6200,Software & Subscriptions,Subscription COGS,1004.55
FY2026-Q2-Reforecast,2027-09-30,CC-2010,Cloud Operations,6900,Other Operating Expense,Subscription COGS,157.79
FY2026-Q2-Reforecast,2027-09-30,CC-2100,Professional Services,5030,Services Subcontractors,Services COGS,4262.10
FY2026-Q2-Reforecast,2027-09-30,CC-2100,Professional Services,6000,Salaries & Wages,Services COGS,50477.20
FY2026-Q2-Reforecast,2027-09-30,CC-2100,Professional Services,6010,Bonus,Services COGS,4459.34
FY2026-Q2-Reforecast,2027-09-30,CC-2100,Professional Services,6020,Payroll Taxes & Benefits,Services COGS,11261.99
FY2026-Q2-Reforecast,2027-09-30,CC-2100,Professional Services,6200,Software & Subscriptions,Services COGS,1217.25
FY2026-Q2-Reforecast,2027-09-30,CC-2100,Professional Services,6300,Travel & Entertainment,Services COGS,2923.62
FY2026-Q2-Reforecast,2027-09-30,CC-3000,Engineering,6000,Salaries & Wages,Research & Development,420988.02
FY2026-Q2-Reforecast,2027-09-30,CC-3000,Engineering,6010,Bonus,Research & Development,40050.19
FY2026-Q2-Reforecast,2027-09-30,CC-3000,Engineering,6020,Payroll Taxes & Benefits,Research & Development,94512.83
FY2026-Q2-Reforecast,2027-09-30,CC-3000,Engineering,6050,Contractor & Temp Labor,Research & Development,29571.64
FY2026-Q2-Reforecast,2027-09-30,CC-3000,Engineering,6200,Software & Subscriptions,Research & Development,11909.52
FY2026-Q2-Reforecast,2027-09-30,CC-3000,Engineering,6300,Travel & Entertainment,Research & Development,2523.14
FY2026-Q2-Reforecast,2027-09-30,CC-3000,Engineering,6450,Training & Enablement,Research & Development,1719.92
FY2026-Q2-Reforecast,2027-09-30,CC-3000,Engineering,6900,Other Operating Expense,Research & Development,1243.98
FY2026-Q2-Reforecast,2027-09-30,CC-3010,Quality & Release,6000,Salaries & Wages,Research & Development,55846.06
FY2026-Q2-Reforecast,2027-09-30,CC-3010,Quality & Release,6010,Bonus,Research & Development,4467.69
FY2026-Q2-Reforecast,2027-09-30,CC-3010,Quality & Release,6020,Payroll Taxes & Benefits,Research & Development,12364.31
FY2026-Q2-Reforecast,2027-09-30,CC-3010,Quality & Release,6050,Contractor & Temp Labor,Research & Development,10369.60
FY2026-Q2-Reforecast,2027-09-30,CC-3010,Quality & Release,6200,Software & Subscriptions,Research & Development,1926.43
FY2026-Q2-Reforecast,2027-09-30,CC-3100,Product & Design,6000,Salaries & Wages,Research & Development,163949.01
FY2026-Q2-Reforecast,2027-09-30,CC-3100,Product & Design,6010,Bonus,Research & Development,14952.47
FY2026-Q2-Reforecast,2027-09-30,CC-3100,Product & Design,6020,Payroll Taxes & Benefits,Research & Development,36674.80
FY2026-Q2-Reforecast,2027-09-30,CC-3100,Product & Design,6050,Contractor & Temp Labor,Research & Development,10997.16
FY2026-Q2-Reforecast,2027-09-30,CC-3100,Product & Design,6200,Software & Subscriptions,Research & Development,4734.56
FY2026-Q2-Reforecast,2027-09-30,CC-3100,Product & Design,6300,Travel & Entertainment,Research & Development,1262.05
FY2026-Q2-Reforecast,2027-09-30,CC-4000,Finance & Accounting,6000,Salaries & Wages,General & Administrative,59146.91
FY2026-Q2-Reforecast,2027-09-30,CC-4000,Finance & Accounting,6010,Bonus,General & Administrative,5349.77
FY2026-Q2-Reforecast,2027-09-30,CC-4000,Finance & Accounting,6020,Payroll Taxes & Benefits,General & Administrative,13221.81
FY2026-Q2-Reforecast,2027-09-30,CC-4000,Finance & Accounting,6200,Software & Subscriptions,General & Administrative,1285.55
FY2026-Q2-Reforecast,2027-09-30,CC-4000,Finance & Accounting,6300,Travel & Entertainment,General & Administrative,726.50
FY2026-Q2-Reforecast,2027-09-30,CC-4000,Finance & Accounting,6400,Professional Fees,General & Administrative,67136.35
FY2026-Q2-Reforecast,2027-09-30,CC-4000,Finance & Accounting,6440,Depreciation & Amortisation,General & Administrative,26663.74
FY2026-Q2-Reforecast,2027-09-30,CC-4000,Finance & Accounting,6900,Other Operating Expense,General & Administrative,173.96
FY2026-Q2-Reforecast,2027-09-30,CC-4010,People Operations,6000,Salaries & Wages,General & Administrative,70093.42
FY2026-Q2-Reforecast,2027-09-30,CC-4010,People Operations,6010,Bonus,General & Administrative,7484.28
FY2026-Q2-Reforecast,2027-09-30,CC-4010,People Operations,6020,Payroll Taxes & Benefits,General & Administrative,15903.43
FY2026-Q2-Reforecast,2027-09-30,CC-4010,People Operations,6200,Software & Subscriptions,General & Administrative,1220.89
FY2026-Q2-Reforecast,2027-09-30,CC-4010,People Operations,6410,Recruiting Fees,General & Administrative,31723.26
FY2026-Q2-Reforecast,2027-09-30,CC-4010,People Operations,6450,Training & Enablement,General & Administrative,251.79
FY2026-Q2-Reforecast,2027-09-30,CC-4020,Legal & Corporate,6000,Salaries & Wages,General & Administrative,20739.69
FY2026-Q2-Reforecast,2027-09-30,CC-4020,Legal & Corporate,6010,Bonus,General & Administrative,1659.18
FY2026-Q2-Reforecast,2027-09-30,CC-4020,Legal & Corporate,6020,Payroll Taxes & Benefits,General & Administrative,4591.77
FY2026-Q2-Reforecast,2027-09-30,CC-4020,Legal & Corporate,6200,Software & Subscriptions,General & Administrative,714.34
FY2026-Q2-Reforecast,2027-09-30,CC-4020,Legal & Corporate,6300,Travel & Entertainment,General & Administrative,391.95
FY2026-Q2-Reforecast,2027-09-30,CC-4020,Legal & Corporate,6400,Professional Fees,General & Administrative,39127.09
FY2026-Q2-Reforecast,2027-09-30,CC-4020,Legal & Corporate,6430,Insurance,General & Administrative,24637.07
FY2026-Q2-Reforecast,2027-09-30,CC-4030,IT & Corporate Systems,6000,Salaries & Wages,General & Administrative,61115.49
FY2026-Q2-Reforecast,2027-09-30,CC-4030,IT & Corporate Systems,6010,Bonus,General & Administrative,6802.25
FY2026-Q2-Reforecast,2027-09-30,CC-4030,IT & Corporate Systems,6020,Payroll Taxes & Benefits,General & Administrative,13923.14
FY2026-Q2-Reforecast,2027-09-30,CC-4030,IT & Corporate Systems,6050,Contractor & Temp Labor,General & Administrative,6933.60
FY2026-Q2-Reforecast,2027-09-30,CC-4030,IT & Corporate Systems,6200,Software & Subscriptions,General & Administrative,889.50
FY2026-Q2-Reforecast,2027-09-30,CC-4030,IT & Corporate Systems,6420,Facilities & Rent,General & Administrative,43163.45
FY2026-Q2-Reforecast,2027-09-30,CC-4030,IT & Corporate Systems,6900,Other Operating Expense,General & Administrative,120.25
FY2026-Q2-Reforecast,2027-09-30,CC-9000,Revenue,4000,Subscription Revenue,Subscription Revenue,-3152396.70
FY2026-Q2-Reforecast,2027-09-30,CC-9000,Revenue,4010,Usage Revenue Above Commitment,Subscription Revenue,-67620.36
FY2026-Q2-Reforecast,2027-09-30,CC-9000,Revenue,4100,Professional Services Revenue,Services Revenue,-7418.92
FY2026-Q2-Reforecast,2027-09-30,CC-9000,Revenue,4110,Implementation Fee Revenue,Services Revenue,-52153.95
FY2026-Q2-Reforecast,2027-09-30,CC-9000,Corporate,9000,Ending ARR,Memo - ARR,39499645.48
FY2026-Q2-Reforecast,2027-09-30,CC-9000,Corporate,9010,New Logo ARR,Memo - ARR,445670.94
FY2026-Q2-Reforecast,2027-09-30,CC-9000,Corporate,9020,Expansion ARR,Memo - ARR,513049.94
FY2026-Q2-Reforecast,2027-09-30,CC-9000,Corporate,9030,Reactivation ARR,Memo - ARR,17953.37
FY2026-Q2-Reforecast,2027-09-30,CC-9000,Corporate,9040,Contraction ARR,Memo - ARR,-54816.84
FY2026-Q2-Reforecast,2027-09-30,CC-9000,Corporate,9050,Churn ARR,Memo - ARR,-231121.33
FY2026-Q2-Reforecast,2027-09-30,CC-9000,Corporate,9100,New Logos Added,Memo - Statistical,16.00
FY2026-Q2-Reforecast,2027-09-30,CC-9000,Corporate,9200,Ending Headcount,Memo - Statistical,217.70
FY2026-Q2-Reforecast,2027-09-30,CC-9000,Corporate,9300,Ending Cash,Memo - Statistical,16853264.65
FY2026-Q2-Reforecast,2027-10-31,CC-1000,Sales - SMB,6000,Salaries & Wages,Sales & Marketing,95951.21
FY2026-Q2-Reforecast,2027-10-31,CC-1000,Sales - SMB,6020,Payroll Taxes & Benefits,Sales & Marketing,19670.00
FY2026-Q2-Reforecast,2027-10-31,CC-1000,Sales - SMB,6030,Sales Commissions,Sales & Marketing,17720.09
FY2026-Q2-Reforecast,2027-10-31,CC-1000,Sales - SMB,6040,Commission Amortisation,Sales & Marketing,9280.13
FY2026-Q2-Reforecast,2027-10-31,CC-1000,Sales - SMB,6200,Software & Subscriptions,Sales & Marketing,4536.43
FY2026-Q2-Reforecast,2027-10-31,CC-1000,Sales - SMB,6300,Travel & Entertainment,Sales & Marketing,6586.69
FY2026-Q2-Reforecast,2027-10-31,CC-1000,Sales - SMB,6450,Training & Enablement,Sales & Marketing,532.86
FY2026-Q2-Reforecast,2027-10-31,CC-1010,Sales - Mid-Market,6000,Salaries & Wages,Sales & Marketing,127679.26
FY2026-Q2-Reforecast,2027-10-31,CC-1010,Sales - Mid-Market,6020,Payroll Taxes & Benefits,Sales & Marketing,26174.25
FY2026-Q2-Reforecast,2027-10-31,CC-1010,Sales - Mid-Market,6030,Sales Commissions,Sales & Marketing,33829.25
FY2026-Q2-Reforecast,2027-10-31,CC-1010,Sales - Mid-Market,6040,Commission Amortisation,Sales & Marketing,17716.62
FY2026-Q2-Reforecast,2027-10-31,CC-1010,Sales - Mid-Market,6200,Software & Subscriptions,Sales & Marketing,5425.88
FY2026-Q2-Reforecast,2027-10-31,CC-1010,Sales - Mid-Market,6300,Travel & Entertainment,Sales & Marketing,7519.22
FY2026-Q2-Reforecast,2027-10-31,CC-1010,Sales - Mid-Market,6450,Training & Enablement,Sales & Marketing,621.45
FY2026-Q2-Reforecast,2027-10-31,CC-1020,Sales - Enterprise,6000,Salaries & Wages,Sales & Marketing,81247.73
FY2026-Q2-Reforecast,2027-10-31,CC-1020,Sales - Enterprise,6020,Payroll Taxes & Benefits,Sales & Marketing,16655.79
FY2026-Q2-Reforecast,2027-10-31,CC-1020,Sales - Enterprise,6030,Sales Commissions,Sales & Marketing,28996.49
FY2026-Q2-Reforecast,2027-10-31,CC-1020,Sales - Enterprise,6040,Commission Amortisation,Sales & Marketing,15185.68
FY2026-Q2-Reforecast,2027-10-31,CC-1020,Sales - Enterprise,6200,Software & Subscriptions,Sales & Marketing,2946.07
FY2026-Q2-Reforecast,2027-10-31,CC-1020,Sales - Enterprise,6300,Travel & Entertainment,Sales & Marketing,4025.53
FY2026-Q2-Reforecast,2027-10-31,CC-1020,Sales - Enterprise,6450,Training & Enablement,Sales & Marketing,388.86
FY2026-Q2-Reforecast,2027-10-31,CC-1030,Sales Development,6000,Salaries & Wages,Sales & Marketing,64810.90
FY2026-Q2-Reforecast,2027-10-31,CC-1030,Sales Development,6020,Payroll Taxes & Benefits,Sales & Marketing,13286.24
FY2026-Q2-Reforecast,2027-10-31,CC-1030,Sales Development,6200,Software & Subscriptions,Sales & Marketing,2800.71
FY2026-Q2-Reforecast,2027-10-31,CC-1030,Sales Development,6300,Travel & Entertainment,Sales & Marketing,3431.97
FY2026-Q2-Reforecast,2027-10-31,CC-1030,Sales Development,6450,Training & Enablement,Sales & Marketing,296.86
FY2026-Q2-Reforecast,2027-10-31,CC-1040,Sales Operations,6000,Salaries & Wages,Sales & Marketing,41849.15
FY2026-Q2-Reforecast,2027-10-31,CC-1040,Sales Operations,6020,Payroll Taxes & Benefits,Sales & Marketing,8579.08
FY2026-Q2-Reforecast,2027-10-31,CC-1040,Sales Operations,6200,Software & Subscriptions,Sales & Marketing,1725.82
FY2026-Q2-Reforecast,2027-10-31,CC-1040,Sales Operations,6300,Travel & Entertainment,Sales & Marketing,2815.32
FY2026-Q2-Reforecast,2027-10-31,CC-1050,Solutions Engineering,6000,Salaries & Wages,Sales & Marketing,34885.91
FY2026-Q2-Reforecast,2027-10-31,CC-1050,Solutions Engineering,6020,Payroll Taxes & Benefits,Sales & Marketing,7151.61
FY2026-Q2-Reforecast,2027-10-31,CC-1050,Solutions Engineering,6200,Software & Subscriptions,Sales & Marketing,1467.76
FY2026-Q2-Reforecast,2027-10-31,CC-1050,Solutions Engineering,6300,Travel & Entertainment,Sales & Marketing,1858.80
FY2026-Q2-Reforecast,2027-10-31,CC-1060,Sales Leadership,6000,Salaries & Wages,Sales & Marketing,33351.81
FY2026-Q2-Reforecast,2027-10-31,CC-1060,Sales Leadership,6020,Payroll Taxes & Benefits,Sales & Marketing,6837.12
FY2026-Q2-Reforecast,2027-10-31,CC-1060,Sales Leadership,6200,Software & Subscriptions,Sales & Marketing,1292.34
FY2026-Q2-Reforecast,2027-10-31,CC-1060,Sales Leadership,6300,Travel & Entertainment,Sales & Marketing,1929.12
FY2026-Q2-Reforecast,2027-10-31,CC-1060,Sales Leadership,6450,Training & Enablement,Sales & Marketing,155.99
FY2026-Q2-Reforecast,2027-10-31,CC-1100,Demand Generation,6000,Salaries & Wages,Sales & Marketing,100473.83
FY2026-Q2-Reforecast,2027-10-31,CC-1100,Demand Generation,6010,Bonus,Sales & Marketing,9751.52
FY2026-Q2-Reforecast,2027-10-31,CC-1100,Demand Generation,6020,Payroll Taxes & Benefits,Sales & Marketing,22596.20
FY2026-Q2-Reforecast,2027-10-31,CC-1100,Demand Generation,6050,Contractor & Temp Labor,Sales & Marketing,18004.74
FY2026-Q2-Reforecast,2027-10-31,CC-1100,Demand Generation,6100,Demand Generation,Sales & Marketing,198963.02
FY2026-Q2-Reforecast,2027-10-31,CC-1100,Demand Generation,6110,Events & Field Marketing,Sales & Marketing,81306.86
FY2026-Q2-Reforecast,2027-10-31,CC-1100,Demand Generation,6200,Software & Subscriptions,Sales & Marketing,3159.21
FY2026-Q2-Reforecast,2027-10-31,CC-1100,Demand Generation,6300,Travel & Entertainment,Sales & Marketing,2855.65
FY2026-Q2-Reforecast,2027-10-31,CC-1100,Demand Generation,6450,Training & Enablement,Sales & Marketing,482.79
FY2026-Q2-Reforecast,2027-10-31,CC-1110,Product Marketing,6000,Salaries & Wages,Sales & Marketing,83289.87
FY2026-Q2-Reforecast,2027-10-31,CC-1110,Product Marketing,6010,Bonus,Sales & Marketing,7679.68
FY2026-Q2-Reforecast,2027-10-31,CC-1110,Product Marketing,6020,Payroll Taxes & Benefits,Sales & Marketing,18648.76
FY2026-Q2-Reforecast,2027-10-31,CC-1110,Product Marketing,6120,Brand & Content,Sales & Marketing,60652.03
FY2026-Q2-Reforecast,2027-10-31,CC-1110,Product Marketing,6200,Software & Subscriptions,Sales & Marketing,3249.24
FY2026-Q2-Reforecast,2027-10-31,CC-1110,Product Marketing,6300,Travel & Entertainment,Sales & Marketing,2506.92
FY2026-Q2-Reforecast,2027-10-31,CC-1200,Customer Success,6000,Salaries & Wages,Subscription COGS,241103.32
FY2026-Q2-Reforecast,2027-10-31,CC-1200,Customer Success,6010,Bonus,Subscription COGS,24192.02
FY2026-Q2-Reforecast,2027-10-31,CC-1200,Customer Success,6020,Payroll Taxes & Benefits,Subscription COGS,54385.54
FY2026-Q2-Reforecast,2027-10-31,CC-1200,Customer Success,6200,Software & Subscriptions,Subscription COGS,3937.09
FY2026-Q2-Reforecast,2027-10-31,CC-1200,Customer Success,6300,Travel & Entertainment,Subscription COGS,3439.21
FY2026-Q2-Reforecast,2027-10-31,CC-2000,Support,5010,Third-Party Data & APIs,Subscription COGS,1578.95
FY2026-Q2-Reforecast,2027-10-31,CC-2000,Support,6000,Salaries & Wages,Subscription COGS,74852.31
FY2026-Q2-Reforecast,2027-10-31,CC-2000,Support,6010,Bonus,Subscription COGS,7621.51
FY2026-Q2-Reforecast,2027-10-31,CC-2000,Support,6020,Payroll Taxes & Benefits,Subscription COGS,16907.13
FY2026-Q2-Reforecast,2027-10-31,CC-2000,Support,6200,Software & Subscriptions,Subscription COGS,1184.23
FY2026-Q2-Reforecast,2027-10-31,CC-2010,Cloud Operations,5000,Cloud Hosting,Subscription COGS,183852.19
FY2026-Q2-Reforecast,2027-10-31,CC-2010,Cloud Operations,5010,Third-Party Data & APIs,Subscription COGS,984.92
FY2026-Q2-Reforecast,2027-10-31,CC-2010,Cloud Operations,5020,Payment Processing Fees,Subscription COGS,19844.06
FY2026-Q2-Reforecast,2027-10-31,CC-2010,Cloud Operations,6000,Salaries & Wages,Subscription COGS,65398.64
FY2026-Q2-Reforecast,2027-10-31,CC-2010,Cloud Operations,6010,Bonus,Subscription COGS,6345.51
FY2026-Q2-Reforecast,2027-10-31,CC-2010,Cloud Operations,6020,Payroll Taxes & Benefits,Subscription COGS,14707.55
FY2026-Q2-Reforecast,2027-10-31,CC-2010,Cloud Operations,6050,Contractor & Temp Labor,Subscription COGS,17902.12
FY2026-Q2-Reforecast,2027-10-31,CC-2010,Cloud Operations,6200,Software & Subscriptions,Subscription COGS,1090.39
FY2026-Q2-Reforecast,2027-10-31,CC-2010,Cloud Operations,6900,Other Operating Expense,Subscription COGS,150.44
FY2026-Q2-Reforecast,2027-10-31,CC-2100,Professional Services,5030,Services Subcontractors,Services COGS,4267.82
FY2026-Q2-Reforecast,2027-10-31,CC-2100,Professional Services,6000,Salaries & Wages,Services COGS,50575.61
FY2026-Q2-Reforecast,2027-10-31,CC-2100,Professional Services,6010,Bonus,Services COGS,4468.03
FY2026-Q2-Reforecast,2027-10-31,CC-2100,Professional Services,6020,Payroll Taxes & Benefits,Services COGS,11283.95
FY2026-Q2-Reforecast,2027-10-31,CC-2100,Professional Services,6200,Software & Subscriptions,Services COGS,1226.29
FY2026-Q2-Reforecast,2027-10-31,CC-2100,Professional Services,6300,Travel & Entertainment,Services COGS,2346.35
FY2026-Q2-Reforecast,2027-10-31,CC-3000,Engineering,6000,Salaries & Wages,Research & Development,429031.01
FY2026-Q2-Reforecast,2027-10-31,CC-3000,Engineering,6010,Bonus,Research & Development,40706.04
FY2026-Q2-Reforecast,2027-10-31,CC-3000,Engineering,6020,Payroll Taxes & Benefits,Research & Development,96296.10
FY2026-Q2-Reforecast,2027-10-31,CC-3000,Engineering,6050,Contractor & Temp Labor,Research & Development,28950.91
FY2026-Q2-Reforecast,2027-10-31,CC-3000,Engineering,6200,Software & Subscriptions,Research & Development,12764.01
FY2026-Q2-Reforecast,2027-10-31,CC-3000,Engineering,6300,Travel & Entertainment,Research & Development,2727.60
FY2026-Q2-Reforecast,2027-10-31,CC-3000,Engineering,6450,Training & Enablement,Research & Development,2175.63
FY2026-Q2-Reforecast,2027-10-31,CC-3000,Engineering,6900,Other Operating Expense,Research & Development,1276.61
FY2026-Q2-Reforecast,2027-10-31,CC-3010,Quality & Release,6000,Salaries & Wages,Research & Development,82433.16
FY2026-Q2-Reforecast,2027-10-31,CC-3010,Quality & Release,6010,Bonus,Research & Development,10301.61
FY2026-Q2-Reforecast,2027-10-31,CC-3010,Quality & Release,6020,Payroll Taxes & Benefits,Research & Development,19010.63
FY2026-Q2-Reforecast,2027-10-31,CC-3010,Quality & Release,6050,Contractor & Temp Labor,Research & Development,9873.01
FY2026-Q2-Reforecast,2027-10-31,CC-3010,Quality & Release,6200,Software & Subscriptions,Research & Development,2422.12
FY2026-Q2-Reforecast,2027-10-31,CC-3100,Product & Design,6000,Salaries & Wages,Research & Development,186094.74
FY2026-Q2-Reforecast,2027-10-31,CC-3100,Product & Design,6010,Bonus,Research & Development,16727.70
FY2026-Q2-Reforecast,2027-10-31,CC-3100,Product & Design,6020,Payroll Taxes & Benefits,Research & Development,41578.60
FY2026-Q2-Reforecast,2027-10-31,CC-3100,Product & Design,6050,Contractor & Temp Labor,Research & Development,10579.03
FY2026-Q2-Reforecast,2027-10-31,CC-3100,Product & Design,6200,Software & Subscriptions,Research & Development,5885.32
FY2026-Q2-Reforecast,2027-10-31,CC-3100,Product & Design,6300,Travel & Entertainment,Research & Development,1491.42
FY2026-Q2-Reforecast,2027-10-31,CC-4000,Finance & Accounting,6000,Salaries & Wages,General & Administrative,72092.91
FY2026-Q2-Reforecast,2027-10-31,CC-4000,Finance & Accounting,6010,Bonus,General & Administrative,6386.66
FY2026-Q2-Reforecast,2027-10-31,CC-4000,Finance & Accounting,6020,Payroll Taxes & Benefits,General & Administrative,16088.30
FY2026-Q2-Reforecast,2027-10-31,CC-4000,Finance & Accounting,6200,Software & Subscriptions,General & Administrative,1633.14
FY2026-Q2-Reforecast,2027-10-31,CC-4000,Finance & Accounting,6300,Travel & Entertainment,General & Administrative,815.55
FY2026-Q2-Reforecast,2027-10-31,CC-4000,Finance & Accounting,6400,Professional Fees,General & Administrative,45903.70
FY2026-Q2-Reforecast,2027-10-31,CC-4000,Finance & Accounting,6440,Depreciation & Amortisation,General & Administrative,26866.16
FY2026-Q2-Reforecast,2027-10-31,CC-4000,Finance & Accounting,6900,Other Operating Expense,General & Administrative,204.41
FY2026-Q2-Reforecast,2027-10-31,CC-4010,People Operations,6000,Salaries & Wages,General & Administrative,70230.07
FY2026-Q2-Reforecast,2027-10-31,CC-4010,People Operations,6010,Bonus,General & Administrative,7498.87
FY2026-Q2-Reforecast,2027-10-31,CC-4010,People Operations,6020,Payroll Taxes & Benefits,General & Administrative,15934.43
FY2026-Q2-Reforecast,2027-10-31,CC-4010,People Operations,6200,Software & Subscriptions,General & Administrative,1167.04
FY2026-Q2-Reforecast,2027-10-31,CC-4010,People Operations,6410,Recruiting Fees,General & Administrative,61893.17
FY2026-Q2-Reforecast,2027-10-31,CC-4010,People Operations,6450,Training & Enablement,General & Administrative,236.15
FY2026-Q2-Reforecast,2027-10-31,CC-4020,Legal & Corporate,6000,Salaries & Wages,General & Administrative,20780.13
FY2026-Q2-Reforecast,2027-10-31,CC-4020,Legal & Corporate,6010,Bonus,General & Administrative,1662.41
FY2026-Q2-Reforecast,2027-10-31,CC-4020,Legal & Corporate,6020,Payroll Taxes & Benefits,General & Administrative,4600.72
FY2026-Q2-Reforecast,2027-10-31,CC-4020,Legal & Corporate,6200,Software & Subscriptions,General & Administrative,661.57
FY2026-Q2-Reforecast,2027-10-31,CC-4020,Legal & Corporate,6300,Travel & Entertainment,General & Administrative,383.93
FY2026-Q2-Reforecast,2027-10-31,CC-4020,Legal & Corporate,6400,Professional Fees,General & Administrative,23155.21
FY2026-Q2-Reforecast,2027-10-31,CC-4020,Legal & Corporate,6430,Insurance,General & Administrative,23046.86
FY2026-Q2-Reforecast,2027-10-31,CC-4030,IT & Corporate Systems,6000,Salaries & Wages,General & Administrative,61234.64
FY2026-Q2-Reforecast,2027-10-31,CC-4030,IT & Corporate Systems,6010,Bonus,General & Administrative,6815.51
FY2026-Q2-Reforecast,2027-10-31,CC-4030,IT & Corporate Systems,6020,Payroll Taxes & Benefits,General & Administrative,13950.29
FY2026-Q2-Reforecast,2027-10-31,CC-4030,IT & Corporate Systems,6050,Contractor & Temp Labor,General & Administrative,7302.05
FY2026-Q2-Reforecast,2027-10-31,CC-4030,IT & Corporate Systems,6200,Software & Subscriptions,General & Administrative,923.18
FY2026-Q2-Reforecast,2027-10-31,CC-4030,IT & Corporate Systems,6420,Facilities & Rent,General & Administrative,48328.18
FY2026-Q2-Reforecast,2027-10-31,CC-4030,IT & Corporate Systems,6900,Other Operating Expense,General & Administrative,117.86
FY2026-Q2-Reforecast,2027-10-31,CC-9000,Revenue,4000,Subscription Revenue,Subscription Revenue,-3197154.10
FY2026-Q2-Reforecast,2027-10-31,CC-9000,Revenue,4010,Usage Revenue Above Commitment,Subscription Revenue,-68580.42
FY2026-Q2-Reforecast,2027-10-31,CC-9000,Revenue,4100,Professional Services Revenue,Services Revenue,-10602.55
FY2026-Q2-Reforecast,2027-10-31,CC-9000,Revenue,4110,Implementation Fee Revenue,Services Revenue,-46080.33
FY2026-Q2-Reforecast,2027-10-31,CC-9000,Corporate,9000,Ending ARR,Memo - ARR,39815972.38
FY2026-Q2-Reforecast,2027-10-31,CC-9000,Corporate,9010,New Logo ARR,Memo - ARR,304932.75
FY2026-Q2-Reforecast,2027-10-31,CC-9000,Corporate,9020,Expansion ARR,Memo - ARR,351034.17
FY2026-Q2-Reforecast,2027-10-31,CC-9000,Corporate,9030,Reactivation ARR,Memo - ARR,12283.89
FY2026-Q2-Reforecast,2027-10-31,CC-9000,Corporate,9040,Contraction ARR,Memo - ARR,-67466.89
FY2026-Q2-Reforecast,2027-10-31,CC-9000,Corporate,9050,Churn ARR,Memo - ARR,-284457.02
FY2026-Q2-Reforecast,2027-10-31,CC-9000,Corporate,9100,New Logos Added,Memo - Statistical,16.00
FY2026-Q2-Reforecast,2027-10-31,CC-9000,Corporate,9200,Ending Headcount,Memo - Statistical,217.50
FY2026-Q2-Reforecast,2027-10-31,CC-9000,Corporate,9300,Ending Cash,Memo - Statistical,16449665.89
FY2026-Q2-Reforecast,2027-11-30,CC-1000,Sales - SMB,6000,Salaries & Wages,Sales & Marketing,85168.19
FY2026-Q2-Reforecast,2027-11-30,CC-1000,Sales - SMB,6020,Payroll Taxes & Benefits,Sales & Marketing,17459.48
FY2026-Q2-Reforecast,2027-11-30,CC-1000,Sales - SMB,6030,Sales Commissions,Sales & Marketing,10521.76
FY2026-Q2-Reforecast,2027-11-30,CC-1000,Sales - SMB,6040,Commission Amortisation,Sales & Marketing,9771.18
FY2026-Q2-Reforecast,2027-11-30,CC-1000,Sales - SMB,6200,Software & Subscriptions,Sales & Marketing,3703.57
FY2026-Q2-Reforecast,2027-11-30,CC-1000,Sales - SMB,6300,Travel & Entertainment,Sales & Marketing,6102.29
FY2026-Q2-Reforecast,2027-11-30,CC-1000,Sales - SMB,6450,Training & Enablement,Sales & Marketing,500.40
FY2026-Q2-Reforecast,2027-11-30,CC-1010,Sales - Mid-Market,6000,Salaries & Wages,Sales & Marketing,117881.40
FY2026-Q2-Reforecast,2027-11-30,CC-1010,Sales - Mid-Market,6020,Payroll Taxes & Benefits,Sales & Marketing,24165.69
FY2026-Q2-Reforecast,2027-11-30,CC-1010,Sales - Mid-Market,6030,Sales Commissions,Sales & Marketing,20087.00
FY2026-Q2-Reforecast,2027-11-30,CC-1010,Sales - Mid-Market,6040,Commission Amortisation,Sales & Marketing,18654.05
FY2026-Q2-Reforecast,2027-11-30,CC-1010,Sales - Mid-Market,6200,Software & Subscriptions,Sales & Marketing,5220.25
FY2026-Q2-Reforecast,2027-11-30,CC-1010,Sales - Mid-Market,6300,Travel & Entertainment,Sales & Marketing,7164.10
FY2026-Q2-Reforecast,2027-11-30,CC-1010,Sales - Mid-Market,6450,Training & Enablement,Sales & Marketing,619.16
FY2026-Q2-Reforecast,2027-11-30,CC-1020,Sales - Enterprise,6000,Salaries & Wages,Sales & Marketing,81443.52
FY2026-Q2-Reforecast,2027-11-30,CC-1020,Sales - Enterprise,6020,Payroll Taxes & Benefits,Sales & Marketing,16695.92
FY2026-Q2-Reforecast,2027-11-30,CC-1020,Sales - Enterprise,6030,Sales Commissions,Sales & Marketing,17217.42
FY2026-Q2-Reforecast,2027-11-30,CC-1020,Sales - Enterprise,6040,Commission Amortisation,Sales & Marketing,15989.19
FY2026-Q2-Reforecast,2027-11-30,CC-1020,Sales - Enterprise,6200,Software & Subscriptions,Sales & Marketing,3320.69
FY2026-Q2-Reforecast,2027-11-30,CC-1020,Sales - Enterprise,6300,Travel & Entertainment,Sales & Marketing,4421.54
FY2026-Q2-Reforecast,2027-11-30,CC-1020,Sales - Enterprise,6450,Training & Enablement,Sales & Marketing,400.98
FY2026-Q2-Reforecast,2027-11-30,CC-1030,Sales Development,6000,Salaries & Wages,Sales & Marketing,64967.08
FY2026-Q2-Reforecast,2027-11-30,CC-1030,Sales Development,6020,Payroll Taxes & Benefits,Sales & Marketing,13318.26
FY2026-Q2-Reforecast,2027-11-30,CC-1030,Sales Development,6200,Software & Subscriptions,Sales & Marketing,2736.47
FY2026-Q2-Reforecast,2027-11-30,CC-1030,Sales Development,6300,Travel & Entertainment,Sales & Marketing,3867.28
FY2026-Q2-Reforecast,2027-11-30,CC-1030,Sales Development,6450,Training & Enablement,Sales & Marketing,349.42
FY2026-Q2-Reforecast,2027-11-30,CC-1040,Sales Operations,6000,Salaries & Wages,Sales & Marketing,41950.00
FY2026-Q2-Reforecast,2027-11-30,CC-1040,Sales Operations,6020,Payroll Taxes & Benefits,Sales & Marketing,8599.75
FY2026-Q2-Reforecast,2027-11-30,CC-1040,Sales Operations,6200,Software & Subscriptions,Sales & Marketing,1758.20
FY2026-Q2-Reforecast,2027-11-30,CC-1040,Sales Operations,6300,Travel & Entertainment,Sales & Marketing,2511.98
FY2026-Q2-Reforecast,2027-11-30,CC-1050,Solutions Engineering,6000,Salaries & Wages,Sales & Marketing,34969.98
FY2026-Q2-Reforecast,2027-11-30,CC-1050,Solutions Engineering,6020,Payroll Taxes & Benefits,Sales & Marketing,7168.84
FY2026-Q2-Reforecast,2027-11-30,CC-1050,Solutions Engineering,6200,Software & Subscriptions,Sales & Marketing,1254.79
FY2026-Q2-Reforecast,2027-11-30,CC-1050,Solutions Engineering,6300,Travel & Entertainment,Sales & Marketing,1812.36
FY2026-Q2-Reforecast,2027-11-30,CC-1060,Sales Leadership,6000,Salaries & Wages,Sales & Marketing,33432.18
FY2026-Q2-Reforecast,2027-11-30,CC-1060,Sales Leadership,6020,Payroll Taxes & Benefits,Sales & Marketing,6853.60
FY2026-Q2-Reforecast,2027-11-30,CC-1060,Sales Leadership,6200,Software & Subscriptions,Sales & Marketing,1421.78
FY2026-Q2-Reforecast,2027-11-30,CC-1060,Sales Leadership,6300,Travel & Entertainment,Sales & Marketing,1773.11
FY2026-Q2-Reforecast,2027-11-30,CC-1060,Sales Leadership,6450,Training & Enablement,Sales & Marketing,170.28
FY2026-Q2-Reforecast,2027-11-30,CC-1100,Demand Generation,6000,Salaries & Wages,Sales & Marketing,117601.80
FY2026-Q2-Reforecast,2027-11-30,CC-1100,Demand Generation,6010,Bonus,Sales & Marketing,11801.32
FY2026-Q2-Reforecast,2027-11-30,CC-1100,Demand Generation,6020,Payroll Taxes & Benefits,Sales & Marketing,26527.63
FY2026-Q2-Reforecast,2027-11-30,CC-1100,Demand Generation,6050,Contractor & Temp Labor,Sales & Marketing,15841.94
FY2026-Q2-Reforecast,2027-11-30,CC-1100,Demand Generation,6100,Demand Generation,Sales & Marketing,192253.04
FY2026-Q2-Reforecast,2027-11-30,CC-1100,Demand Generation,6110,Events & Field Marketing,Sales & Marketing,75869.19
FY2026-Q2-Reforecast,2027-11-30,CC-1100,Demand Generation,6200,Software & Subscriptions,Sales & Marketing,3948.02
FY2026-Q2-Reforecast,2027-11-30,CC-1100,Demand Generation,6300,Travel & Entertainment,Sales & Marketing,3170.83
FY2026-Q2-Reforecast,2027-11-30,CC-1100,Demand Generation,6450,Training & Enablement,Sales & Marketing,529.82
FY2026-Q2-Reforecast,2027-11-30,CC-1110,Product Marketing,6000,Salaries & Wages,Sales & Marketing,83490.59
FY2026-Q2-Reforecast,2027-11-30,CC-1110,Product Marketing,6010,Bonus,Sales & Marketing,7698.19
FY2026-Q2-Reforecast,2027-11-30,CC-1110,Product Marketing,6020,Payroll Taxes & Benefits,Sales & Marketing,18693.70
FY2026-Q2-Reforecast,2027-11-30,CC-1110,Product Marketing,6120,Brand & Content,Sales & Marketing,53061.41
FY2026-Q2-Reforecast,2027-11-30,CC-1110,Product Marketing,6200,Software & Subscriptions,Sales & Marketing,3314.72
FY2026-Q2-Reforecast,2027-11-30,CC-1110,Product Marketing,6300,Travel & Entertainment,Sales & Marketing,2500.64
FY2026-Q2-Reforecast,2027-11-30,CC-1200,Customer Success,6000,Salaries & Wages,Subscription COGS,252528.82
FY2026-Q2-Reforecast,2027-11-30,CC-1200,Customer Success,6010,Bonus,Subscription COGS,25117.87
FY2026-Q2-Reforecast,2027-11-30,CC-1200,Customer Success,6020,Payroll Taxes & Benefits,Subscription COGS,56917.57
FY2026-Q2-Reforecast,2027-11-30,CC-1200,Customer Success,6200,Software & Subscriptions,Subscription COGS,3935.55
FY2026-Q2-Reforecast,2027-11-30,CC-1200,Customer Success,6300,Travel & Entertainment,Subscription COGS,3424.84
FY2026-Q2-Reforecast,2027-11-30,CC-2000,Support,5010,Third-Party Data & APIs,Subscription COGS,1326.51
FY2026-Q2-Reforecast,2027-11-30,CC-2000,Support,6000,Salaries & Wages,Subscription COGS,84778.74
FY2026-Q2-Reforecast,2027-11-30,CC-2000,Support,6010,Bonus,Subscription COGS,8419.55
FY2026-Q2-Reforecast,2027-11-30,CC-2000,Support,6020,Payroll Taxes & Benefits,Subscription COGS,19105.65
FY2026-Q2-Reforecast,2027-11-30,CC-2000,Support,6200,Software & Subscriptions,Subscription COGS,1349.04
FY2026-Q2-Reforecast,2027-11-30,CC-2010,Cloud Operations,5000,Cloud Hosting,Subscription COGS,186381.75
FY2026-Q2-Reforecast,2027-11-30,CC-2010,Cloud Operations,5010,Third-Party Data & APIs,Subscription COGS,1013.59
FY2026-Q2-Reforecast,2027-11-30,CC-2010,Cloud Operations,5020,Payment Processing Fees,Subscription COGS,15976.47
FY2026-Q2-Reforecast,2027-11-30,CC-2010,Cloud Operations,6000,Salaries & Wages,Subscription COGS,65556.23
FY2026-Q2-Reforecast,2027-11-30,CC-2010,Cloud Operations,6010,Bonus,Subscription COGS,6360.80
FY2026-Q2-Reforecast,2027-11-30,CC-2010,Cloud Operations,6020,Payroll Taxes & Benefits,Subscription COGS,14742.99
FY2026-Q2-Reforecast,2027-11-30,CC-2010,Cloud Operations,6050,Contractor & Temp Labor,Subscription COGS,19309.12
FY2026-Q2-Reforecast,2027-11-30,CC-2010,Cloud Operations,6200,Software & Subscriptions,Subscription COGS,1009.86
FY2026-Q2-Reforecast,2027-11-30,CC-2010,Cloud Operations,6900,Other Operating Expense,Subscription COGS,154.14
FY2026-Q2-Reforecast,2027-11-30,CC-2100,Professional Services,5030,Services Subcontractors,Services COGS,5606.31
FY2026-Q2-Reforecast,2027-11-30,CC-2100,Professional Services,6000,Salaries & Wages,Services COGS,61342.27
FY2026-Q2-Reforecast,2027-11-30,CC-2100,Professional Services,6010,Bonus,Services COGS,5756.17
FY2026-Q2-Reforecast,2027-11-30,CC-2100,Professional Services,6020,Payroll Taxes & Benefits,Services COGS,13755.17
FY2026-Q2-Reforecast,2027-11-30,CC-2100,Professional Services,6200,Software & Subscriptions,Services COGS,1328.32
FY2026-Q2-Reforecast,2027-11-30,CC-2100,Professional Services,6300,Travel & Entertainment,Services COGS,2768.04
FY2026-Q2-Reforecast,2027-11-30,CC-3000,Engineering,6000,Salaries & Wages,Research & Development,405759.66
FY2026-Q2-Reforecast,2027-11-30,CC-3000,Engineering,6010,Bonus,Research & Development,38399.98
FY2026-Q2-Reforecast,2027-11-30,CC-3000,Engineering,6020,Payroll Taxes & Benefits,Research & Development,91052.73
FY2026-Q2-Reforecast,2027-11-30,CC-3000,Engineering,6050,Contractor & Temp Labor,Research & Development,28851.00
FY2026-Q2-Reforecast,2027-11-30,CC-3000,Engineering,6200,Software & Subscriptions,Research & Development,13149.31
FY2026-Q2-Reforecast,2027-11-30,CC-3000,Engineering,6300,Travel & Entertainment,Research & Development,2600.39
FY2026-Q2-Reforecast,2027-11-30,CC-3000,Engineering,6450,Training & Enablement,Research & Development,2025.64
FY2026-Q2-Reforecast,2027-11-30,CC-3000,Engineering,6900,Other Operating Expense,Research & Development,1170.44
FY2026-Q2-Reforecast,2027-11-30,CC-3010,Quality & Release,6000,Salaries & Wages,Research & Development,82631.81
FY2026-Q2-Reforecast,2027-11-30,CC-3010,Quality & Release,6010,Bonus,Research & Development,10326.43
FY2026-Q2-Reforecast,2027-11-30,CC-3010,Quality & Release,6020,Payroll Taxes & Benefits,Research & Development,19056.44
FY2026-Q2-Reforecast,2027-11-30,CC-3010,Quality & Release,6050,Contractor & Temp Labor,Research & Development,9700.89
FY2026-Q2-Reforecast,2027-11-30,CC-3010,Quality & Release,6200,Software & Subscriptions,Research & Development,2329.15
FY2026-Q2-Reforecast,2027-11-30,CC-3100,Product & Design,6000,Salaries & Wages,Research & Development,186812.81
FY2026-Q2-Reforecast,2027-11-30,CC-3100,Product & Design,6010,Bonus,Research & Development,16800.37
FY2026-Q2-Reforecast,2027-11-30,CC-3100,Product & Design,6020,Payroll Taxes & Benefits,Research & Development,41740.70
FY2026-Q2-Reforecast,2027-11-30,CC-3100,Product & Design,6050,Contractor & Temp Labor,Research & Development,12244.17
FY2026-Q2-Reforecast,2027-11-30,CC-3100,Product & Design,6200,Software & Subscriptions,Research & Development,5910.86
FY2026-Q2-Reforecast,2027-11-30,CC-3100,Product & Design,6300,Travel & Entertainment,Research & Development,1505.26
FY2026-Q2-Reforecast,2027-11-30,CC-4000,Finance & Accounting,6000,Salaries & Wages,General & Administrative,72266.64
FY2026-Q2-Reforecast,2027-11-30,CC-4000,Finance & Accounting,6010,Bonus,General & Administrative,6402.05
FY2026-Q2-Reforecast,2027-11-30,CC-4000,Finance & Accounting,6020,Payroll Taxes & Benefits,General & Administrative,16127.07
FY2026-Q2-Reforecast,2027-11-30,CC-4000,Finance & Accounting,6200,Software & Subscriptions,General & Administrative,1582.30
FY2026-Q2-Reforecast,2027-11-30,CC-4000,Finance & Accounting,6300,Travel & Entertainment,General & Administrative,932.28
FY2026-Q2-Reforecast,2027-11-30,CC-4000,Finance & Accounting,6400,Professional Fees,General & Administrative,48980.46
FY2026-Q2-Reforecast,2027-11-30,CC-4000,Finance & Accounting,6440,Depreciation & Amortisation,General & Administrative,27070.11
FY2026-Q2-Reforecast,2027-11-30,CC-4000,Finance & Accounting,6900,Other Operating Expense,General & Administrative,195.22
FY2026-Q2-Reforecast,2027-11-30,CC-4010,People Operations,6000,Salaries & Wages,General & Administrative,70399.31
FY2026-Q2-Reforecast,2027-11-30,CC-4010,People Operations,6010,Bonus,General & Administrative,7516.94
FY2026-Q2-Reforecast,2027-11-30,CC-4010,People Operations,6020,Payroll Taxes & Benefits,General & Administrative,15972.83
FY2026-Q2-Reforecast,2027-11-30,CC-4010,People Operations,6200,Software & Subscriptions,General & Administrative,1104.75
FY2026-Q2-Reforecast,2027-11-30,CC-4010,People Operations,6410,Recruiting Fees,General & Administrative,46367.23
FY2026-Q2-Reforecast,2027-11-30,CC-4010,People Operations,6450,Training & Enablement,General & Administrative,243.05
FY2026-Q2-Reforecast,2027-11-30,CC-4020,Legal & Corporate,6000,Salaries & Wages,General & Administrative,20830.20
FY2026-Q2-Reforecast,2027-11-30,CC-4020,Legal & Corporate,6010,Bonus,General & Administrative,1666.42
FY2026-Q2-Reforecast,2027-11-30,CC-4020,Legal & Corporate,6020,Payroll Taxes & Benefits,General & Administrative,4611.81
FY2026-Q2-Reforecast,2027-11-30,CC-4020,Legal & Corporate,6200,Software & Subscriptions,General & Administrative,724.27
FY2026-Q2-Reforecast,2027-11-30,CC-4020,Legal & Corporate,6300,Travel & Entertainment,General & Administrative,388.86
FY2026-Q2-Reforecast,2027-11-30,CC-4020,Legal & Corporate,6400,Professional Fees,General & Administrative,25349.49
FY2026-Q2-Reforecast,2027-11-30,CC-4020,Legal & Corporate,6430,Insurance,General & Administrative,26230.41
FY2026-Q2-Reforecast,2027-11-30,CC-4030,IT & Corporate Systems,6000,Salaries & Wages,General & Administrative,61382.21
FY2026-Q2-Reforecast,2027-11-30,CC-4030,IT & Corporate Systems,6010,Bonus,General & Administrative,6831.93
FY2026-Q2-Reforecast,2027-11-30,CC-4030,IT & Corporate Systems,6020,Payroll Taxes & Benefits,General & Administrative,13983.90
FY2026-Q2-Reforecast,2027-11-30,CC-4030,IT & Corporate Systems,6050,Contractor & Temp Labor,General & Administrative,7257.75
FY2026-Q2-Reforecast,2027-11-30,CC-4030,IT & Corporate Systems,6200,Software & Subscriptions,General & Administrative,957.40
FY2026-Q2-Reforecast,2027-11-30,CC-4030,IT & Corporate Systems,6420,Facilities & Rent,General & Administrative,46047.87
FY2026-Q2-Reforecast,2027-11-30,CC-4030,IT & Corporate Systems,6900,Other Operating Expense,General & Administrative,118.99
FY2026-Q2-Reforecast,2027-11-30,CC-9000,Revenue,4000,Subscription Revenue,Subscription Revenue,-3236706.60
FY2026-Q2-Reforecast,2027-11-30,CC-9000,Revenue,4010,Usage Revenue Above Commitment,Subscription Revenue,-69428.84
FY2026-Q2-Reforecast,2027-11-30,CC-9000,Revenue,4100,Professional Services Revenue,Services Revenue,-24125.77
FY2026-Q2-Reforecast,2027-11-30,CC-9000,Revenue,4110,Implementation Fee Revenue,Services Revenue,-54126.81
FY2026-Q2-Reforecast,2027-11-30,CC-9000,Corporate,9000,Ending ARR,Memo - ARR,40191116.61
FY2026-Q2-Reforecast,2027-11-30,CC-9000,Corporate,9010,New Logo ARR,Memo - ARR,351845.48
FY2026-Q2-Reforecast,2027-11-30,CC-9000,Corporate,9020,Expansion ARR,Memo - ARR,405039.43
FY2026-Q2-Reforecast,2027-11-30,CC-9000,Corporate,9030,Reactivation ARR,Memo - ARR,14173.72
FY2026-Q2-Reforecast,2027-11-30,CC-9000,Corporate,9040,Contraction ARR,Memo - ARR,-75900.25
FY2026-Q2-Reforecast,2027-11-30,CC-9000,Corporate,9050,Churn ARR,Memo - ARR,-320014.15
FY2026-Q2-Reforecast,2027-11-30,CC-9000,Corporate,9100,New Logos Added,Memo - Statistical,16.00
FY2026-Q2-Reforecast,2027-11-30,CC-9000,Corporate,9200,Ending Headcount,Memo - Statistical,217.40
FY2026-Q2-Reforecast,2027-11-30,CC-9000,Corporate,9300,Ending Cash,Memo - Statistical,16155433.60
FY2026-Q2-Reforecast,2027-12-31,CC-1000,Sales - SMB,6000,Salaries & Wages,Sales & Marketing,85373.41
FY2026-Q2-Reforecast,2027-12-31,CC-1000,Sales - SMB,6020,Payroll Taxes & Benefits,Sales & Marketing,17501.55
FY2026-Q2-Reforecast,2027-12-31,CC-1000,Sales - SMB,6030,Sales Commissions,Sales & Marketing,14150.86
FY2026-Q2-Reforecast,2027-12-31,CC-1000,Sales - SMB,6040,Commission Amortisation,Sales & Marketing,10411.01
FY2026-Q2-Reforecast,2027-12-31,CC-1000,Sales - SMB,6200,Software & Subscriptions,Sales & Marketing,4135.43
FY2026-Q2-Reforecast,2027-12-31,CC-1000,Sales - SMB,6300,Travel & Entertainment,Sales & Marketing,7519.43
FY2026-Q2-Reforecast,2027-12-31,CC-1000,Sales - SMB,6450,Training & Enablement,Sales & Marketing,499.35
FY2026-Q2-Reforecast,2027-12-31,CC-1010,Sales - Mid-Market,6000,Salaries & Wages,Sales & Marketing,118165.45
FY2026-Q2-Reforecast,2027-12-31,CC-1010,Sales - Mid-Market,6020,Payroll Taxes & Benefits,Sales & Marketing,24223.92
FY2026-Q2-Reforecast,2027-12-31,CC-1010,Sales - Mid-Market,6030,Sales Commissions,Sales & Marketing,27015.28
FY2026-Q2-Reforecast,2027-12-31,CC-1010,Sales - Mid-Market,6040,Commission Amortisation,Sales & Marketing,19875.55
FY2026-Q2-Reforecast,2027-12-31,CC-1010,Sales - Mid-Market,6200,Software & Subscriptions,Sales & Marketing,4697.36
FY2026-Q2-Reforecast,2027-12-31,CC-1010,Sales - Mid-Market,6300,Travel & Entertainment,Sales & Marketing,8728.52
FY2026-Q2-Reforecast,2027-12-31,CC-1010,Sales - Mid-Market,6450,Training & Enablement,Sales & Marketing,643.57
FY2026-Q2-Reforecast,2027-12-31,CC-1020,Sales - Enterprise,6000,Salaries & Wages,Sales & Marketing,81639.76
FY2026-Q2-Reforecast,2027-12-31,CC-1020,Sales - Enterprise,6020,Payroll Taxes & Benefits,Sales & Marketing,16736.15
FY2026-Q2-Reforecast,2027-12-31,CC-1020,Sales - Enterprise,6030,Sales Commissions,Sales & Marketing,23155.95
FY2026-Q2-Reforecast,2027-12-31,CC-1020,Sales - Enterprise,6040,Commission Amortisation,Sales & Marketing,17036.18
FY2026-Q2-Reforecast,2027-12-31,CC-1020,Sales - Enterprise,6200,Software & Subscriptions,Sales & Marketing,3233.42
FY2026-Q2-Reforecast,2027-12-31,CC-1020,Sales - Enterprise,6300,Travel & Entertainment,Sales & Marketing,6240.35
FY2026-Q2-Reforecast,2027-12-31,CC-1020,Sales - Enterprise,6450,Training & Enablement,Sales & Marketing,375.15
FY2026-Q2-Reforecast,2027-12-31,CC-1030,Sales Development,6000,Salaries & Wages,Sales & Marketing,65123.63
FY2026-Q2-Reforecast,2027-12-31,CC-1030,Sales Development,6020,Payroll Taxes & Benefits,Sales & Marketing,13350.35
FY2026-Q2-Reforecast,2027-12-31,CC-1030,Sales Development,6200,Software & Subscriptions,Sales & Marketing,2665.63
FY2026-Q2-Reforecast,2027-12-31,CC-1030,Sales Development,6300,Travel & Entertainment,Sales & Marketing,5004.51
FY2026-Q2-Reforecast,2027-12-31,CC-1030,Sales Development,6450,Training & Enablement,Sales & Marketing,353.84
FY2026-Q2-Reforecast,2027-12-31,CC-1040,Sales Operations,6000,Salaries & Wages,Sales & Marketing,42051.08
FY2026-Q2-Reforecast,2027-12-31,CC-1040,Sales Operations,6020,Payroll Taxes & Benefits,Sales & Marketing,8620.47
FY2026-Q2-Reforecast,2027-12-31,CC-1040,Sales Operations,6200,Software & Subscriptions,Sales & Marketing,1856.99
FY2026-Q2-Reforecast,2027-12-31,CC-1040,Sales Operations,6300,Travel & Entertainment,Sales & Marketing,3561.31
FY2026-Q2-Reforecast,2027-12-31,CC-1050,Solutions Engineering,6000,Salaries & Wages,Sales & Marketing,35054.24
FY2026-Q2-Reforecast,2027-12-31,CC-1050,Solutions Engineering,6020,Payroll Taxes & Benefits,Sales & Marketing,7186.12
FY2026-Q2-Reforecast,2027-12-31,CC-1050,Solutions Engineering,6200,Software & Subscriptions,Sales & Marketing,1296.21
FY2026-Q2-Reforecast,2027-12-31,CC-1050,Solutions Engineering,6300,Travel & Entertainment,Sales & Marketing,2760.39
FY2026-Q2-Reforecast,2027-12-31,CC-1060,Sales Leadership,6000,Salaries & Wages,Sales & Marketing,33512.74
FY2026-Q2-Reforecast,2027-12-31,CC-1060,Sales Leadership,6020,Payroll Taxes & Benefits,Sales & Marketing,6870.11
FY2026-Q2-Reforecast,2027-12-31,CC-1060,Sales Leadership,6200,Software & Subscriptions,Sales & Marketing,1333.09
FY2026-Q2-Reforecast,2027-12-31,CC-1060,Sales Leadership,6300,Travel & Entertainment,Sales & Marketing,2570.31
FY2026-Q2-Reforecast,2027-12-31,CC-1060,Sales Leadership,6450,Training & Enablement,Sales & Marketing,162.84
FY2026-Q2-Reforecast,2027-12-31,CC-1100,Demand Generation,6000,Salaries & Wages,Sales & Marketing,117885.18
FY2026-Q2-Reforecast,2027-12-31,CC-1100,Demand Generation,6010,Bonus,Sales & Marketing,11829.76
FY2026-Q2-Reforecast,2027-12-31,CC-1100,Demand Generation,6020,Payroll Taxes & Benefits,Sales & Marketing,26591.56
FY2026-Q2-Reforecast,2027-12-31,CC-1100,Demand Generation,6050,Contractor & Temp Labor,Sales & Marketing,17404.10
FY2026-Q2-Reforecast,2027-12-31,CC-1100,Demand Generation,6100,Demand Generation,Sales & Marketing,181739.82
FY2026-Q2-Reforecast,2027-12-31,CC-1100,Demand Generation,6110,Events & Field Marketing,Sales & Marketing,71375.99
FY2026-Q2-Reforecast,2027-12-31,CC-1100,Demand Generation,6200,Software & Subscriptions,Sales & Marketing,3775.57
FY2026-Q2-Reforecast,2027-12-31,CC-1100,Demand Generation,6300,Travel & Entertainment,Sales & Marketing,4033.47
FY2026-Q2-Reforecast,2027-12-31,CC-1100,Demand Generation,6450,Training & Enablement,Sales & Marketing,553.13
FY2026-Q2-Reforecast,2027-12-31,CC-1110,Product Marketing,6000,Salaries & Wages,Sales & Marketing,83691.77
FY2026-Q2-Reforecast,2027-12-31,CC-1110,Product Marketing,6010,Bonus,Sales & Marketing,7716.74
FY2026-Q2-Reforecast,2027-12-31,CC-1110,Product Marketing,6020,Payroll Taxes & Benefits,Sales & Marketing,18738.74
FY2026-Q2-Reforecast,2027-12-31,CC-1110,Product Marketing,6120,Brand & Content,Sales & Marketing,49974.92
FY2026-Q2-Reforecast,2027-12-31,CC-1110,Product Marketing,6200,Software & Subscriptions,Sales & Marketing,3104.65
FY2026-Q2-Reforecast,2027-12-31,CC-1110,Product Marketing,6300,Travel & Entertainment,Sales & Marketing,3444.99
FY2026-Q2-Reforecast,2027-12-31,CC-1200,Customer Success,6000,Salaries & Wages,Subscription COGS,240384.85
FY2026-Q2-Reforecast,2027-12-31,CC-1200,Customer Success,6010,Bonus,Subscription COGS,23648.10
FY2026-Q2-Reforecast,2027-12-31,CC-1200,Customer Success,6020,Payroll Taxes & Benefits,Subscription COGS,54126.75
FY2026-Q2-Reforecast,2027-12-31,CC-1200,Customer Success,6200,Software & Subscriptions,Subscription COGS,4083.86
FY2026-Q2-Reforecast,2027-12-31,CC-1200,Customer Success,6300,Travel & Entertainment,Subscription COGS,4356.94
FY2026-Q2-Reforecast,2027-12-31,CC-2000,Support,5010,Third-Party Data & APIs,Subscription COGS,1697.14
FY2026-Q2-Reforecast,2027-12-31,CC-2000,Support,6000,Salaries & Wages,Subscription COGS,92660.53
FY2026-Q2-Reforecast,2027-12-31,CC-2000,Support,6010,Bonus,Subscription COGS,9054.05
FY2026-Q2-Reforecast,2027-12-31,CC-2000,Support,6020,Payroll Taxes & Benefits,Subscription COGS,20851.48
FY2026-Q2-Reforecast,2027-12-31,CC-2000,Support,6200,Software & Subscriptions,Subscription COGS,1404.39
FY2026-Q2-Reforecast,2027-12-31,CC-2010,Cloud Operations,5000,Cloud Hosting,Subscription COGS,183771.70
FY2026-Q2-Reforecast,2027-12-31,CC-2010,Cloud Operations,5010,Third-Party Data & APIs,Subscription COGS,1022.14
FY2026-Q2-Reforecast,2027-12-31,CC-2010,Cloud Operations,5020,Payment Processing Fees,Subscription COGS,40233.66
FY2026-Q2-Reforecast,2027-12-31,CC-2010,Cloud Operations,6000,Salaries & Wages,Subscription COGS,57676.35
FY2026-Q2-Reforecast,2027-12-31,CC-2010,Cloud Operations,6010,Bonus,Subscription COGS,5733.11
FY2026-Q2-Reforecast,2027-12-31,CC-2010,Cloud Operations,6020,Payroll Taxes & Benefits,Subscription COGS,12998.93
FY2026-Q2-Reforecast,2027-12-31,CC-2010,Cloud Operations,6050,Contractor & Temp Labor,Subscription COGS,17703.61
FY2026-Q2-Reforecast,2027-12-31,CC-2010,Cloud Operations,6200,Software & Subscriptions,Subscription COGS,971.10
FY2026-Q2-Reforecast,2027-12-31,CC-2010,Cloud Operations,6900,Other Operating Expense,Subscription COGS,169.76
FY2026-Q2-Reforecast,2027-12-31,CC-2100,Professional Services,5030,Services Subcontractors,Services COGS,4508.04
FY2026-Q2-Reforecast,2027-12-31,CC-2100,Professional Services,6000,Salaries & Wages,Services COGS,50889.72
FY2026-Q2-Reforecast,2027-12-31,CC-2100,Professional Services,6010,Bonus,Services COGS,4498.00
FY2026-Q2-Reforecast,2027-12-31,CC-2100,Professional Services,6020,Payroll Taxes & Benefits,Services COGS,11354.48
FY2026-Q2-Reforecast,2027-12-31,CC-2100,Professional Services,6200,Software & Subscriptions,Services COGS,1148.21
FY2026-Q2-Reforecast,2027-12-31,CC-2100,Professional Services,6300,Travel & Entertainment,Services COGS,3421.97
FY2026-Q2-Reforecast,2027-12-31,CC-3000,Engineering,6000,Salaries & Wages,Research & Development,406737.38
FY2026-Q2-Reforecast,2027-12-31,CC-3000,Engineering,6010,Bonus,Research & Development,38492.51
FY2026-Q2-Reforecast,2027-12-31,CC-3000,Engineering,6020,Payroll Taxes & Benefits,Research & Development,91272.13
FY2026-Q2-Reforecast,2027-12-31,CC-3000,Engineering,6050,Contractor & Temp Labor,Research & Development,29041.52
FY2026-Q2-Reforecast,2027-12-31,CC-3000,Engineering,6200,Software & Subscriptions,Research & Development,12492.17
FY2026-Q2-Reforecast,2027-12-31,CC-3000,Engineering,6300,Travel & Entertainment,Research & Development,3574.59
FY2026-Q2-Reforecast,2027-12-31,CC-3000,Engineering,6450,Training & Enablement,Research & Development,1957.69
FY2026-Q2-Reforecast,2027-12-31,CC-3000,Engineering,6900,Other Operating Expense,Research & Development,1681.55
FY2026-Q2-Reforecast,2027-12-31,CC-3010,Quality & Release,6000,Salaries & Wages,Research & Development,88626.58
FY2026-Q2-Reforecast,2027-12-31,CC-3010,Quality & Release,6010,Bonus,Research & Development,10814.97
FY2026-Q2-Reforecast,2027-12-31,CC-3010,Quality & Release,6020,Payroll Taxes & Benefits,Research & Development,20385.51
FY2026-Q2-Reforecast,2027-12-31,CC-3010,Quality & Release,6050,Contractor & Temp Labor,Research & Development,9550.01
FY2026-Q2-Reforecast,2027-12-31,CC-3010,Quality & Release,6200,Software & Subscriptions,Research & Development,2860.29
FY2026-Q2-Reforecast,2027-12-31,CC-3100,Product & Design,6000,Salaries & Wages,Research & Development,182448.25
FY2026-Q2-Reforecast,2027-12-31,CC-3100,Product & Design,6010,Bonus,Research & Development,16455.68
FY2026-Q2-Reforecast,2027-12-31,CC-3100,Product & Design,6020,Payroll Taxes & Benefits,Research & Development,40775.30
FY2026-Q2-Reforecast,2027-12-31,CC-3100,Product & Design,6050,Contractor & Temp Labor,Research & Development,12748.16
FY2026-Q2-Reforecast,2027-12-31,CC-3100,Product & Design,6200,Software & Subscriptions,Research & Development,5179.90
FY2026-Q2-Reforecast,2027-12-31,CC-3100,Product & Design,6300,Travel & Entertainment,Research & Development,1816.18
FY2026-Q2-Reforecast,2027-12-31,CC-4000,Finance & Accounting,6000,Salaries & Wages,General & Administrative,72440.77
FY2026-Q2-Reforecast,2027-12-31,CC-4000,Finance & Accounting,6010,Bonus,General & Administrative,6417.47
FY2026-Q2-Reforecast,2027-12-31,CC-4000,Finance & Accounting,6020,Payroll Taxes & Benefits,General & Administrative,16165.93
FY2026-Q2-Reforecast,2027-12-31,CC-4000,Finance & Accounting,6200,Software & Subscriptions,General & Administrative,1657.44
FY2026-Q2-Reforecast,2027-12-31,CC-4000,Finance & Accounting,6300,Travel & Entertainment,General & Administrative,1251.58
FY2026-Q2-Reforecast,2027-12-31,CC-4000,Finance & Accounting,6400,Professional Fees,General & Administrative,68154.83
FY2026-Q2-Reforecast,2027-12-31,CC-4000,Finance & Accounting,6440,Depreciation & Amortisation,General & Administrative,27275.62
FY2026-Q2-Reforecast,2027-12-31,CC-4000,Finance & Accounting,6900,Other Operating Expense,General & Administrative,304.81
FY2026-Q2-Reforecast,2027-12-31,CC-4010,People Operations,6000,Salaries & Wages,General & Administrative,70568.94
FY2026-Q2-Reforecast,2027-12-31,CC-4010,People Operations,6010,Bonus,General & Administrative,7535.06
FY2026-Q2-Reforecast,2027-12-31,CC-4010,People Operations,6020,Payroll Taxes & Benefits,General & Administrative,16011.32
FY2026-Q2-Reforecast,2027-12-31,CC-4010,People Operations,6200,Software & Subscriptions,General & Administrative,1265.42
FY2026-Q2-Reforecast,2027-12-31,CC-4010,People Operations,6410,Recruiting Fees,General & Administrative,24418.84
FY2026-Q2-Reforecast,2027-12-31,CC-4010,People Operations,6450,Training & Enablement,General & Administrative,235.43
FY2026-Q2-Reforecast,2027-12-31,CC-4020,Legal & Corporate,6000,Salaries & Wages,General & Administrative,20880.40
FY2026-Q2-Reforecast,2027-12-31,CC-4020,Legal & Corporate,6010,Bonus,General & Administrative,1670.44
FY2026-Q2-Reforecast,2027-12-31,CC-4020,Legal & Corporate,6020,Payroll Taxes & Benefits,General & Administrative,4622.92
FY2026-Q2-Reforecast,2027-12-31,CC-4020,Legal & Corporate,6200,Software & Subscriptions,General & Administrative,760.65
FY2026-Q2-Reforecast,2027-12-31,CC-4020,Legal & Corporate,6300,Travel & Entertainment,General & Administrative,500.17
FY2026-Q2-Reforecast,2027-12-31,CC-4020,Legal & Corporate,6400,Professional Fees,General & Administrative,34769.99
FY2026-Q2-Reforecast,2027-12-31,CC-4020,Legal & Corporate,6430,Insurance,General & Administrative,24639.02
FY2026-Q2-Reforecast,2027-12-31,CC-4030,IT & Corporate Systems,6000,Salaries & Wages,General & Administrative,61530.11
FY2026-Q2-Reforecast,2027-12-31,CC-4030,IT & Corporate Systems,6010,Bonus,General & Administrative,6848.39
FY2026-Q2-Reforecast,2027-12-31,CC-4030,IT & Corporate Systems,6020,Payroll Taxes & Benefits,General & Administrative,14017.60
FY2026-Q2-Reforecast,2027-12-31,CC-4030,IT & Corporate Systems,6050,Contractor & Temp Labor,General & Administrative,6953.18
FY2026-Q2-Reforecast,2027-12-31,CC-4030,IT & Corporate Systems,6200,Software & Subscriptions,General & Administrative,992.86
FY2026-Q2-Reforecast,2027-12-31,CC-4030,IT & Corporate Systems,6420,Facilities & Rent,General & Administrative,45219.60
FY2026-Q2-Reforecast,2027-12-31,CC-4030,IT & Corporate Systems,6900,Other Operating Expense,General & Administrative,168.37
FY2026-Q2-Reforecast,2027-12-31,CC-9000,Revenue,4000,Subscription Revenue,Subscription Revenue,-3265152.78
FY2026-Q2-Reforecast,2027-12-31,CC-9000,Revenue,4010,Usage Revenue Above Commitment,Subscription Revenue,-70039.03
FY2026-Q2-Reforecast,2027-12-31,CC-9000,Revenue,4100,Professional Services Revenue,Services Revenue,-29815.46
FY2026-Q2-Reforecast,2027-12-31,CC-9000,Revenue,4110,Implementation Fee Revenue,Services Revenue,-55349.95
FY2026-Q2-Reforecast,2027-12-31,CC-9000,Corporate,9000,Ending ARR,Memo - ARR,41528598.28
FY2026-Q2-Reforecast,2027-12-31,CC-9000,Corporate,9010,New Logo ARR,Memo - ARR,891341.87
FY2026-Q2-Reforecast,2027-12-31,CC-9000,Corporate,9020,Expansion ARR,Memo - ARR,1026099.89
FY2026-Q2-Reforecast,2027-12-31,CC-9000,Corporate,9030,Reactivation ARR,Memo - ARR,35906.75
FY2026-Q2-Reforecast,2027-12-31,CC-9000,Corporate,9040,Contraction ARR,Memo - ARR,-118067.05
FY2026-Q2-Reforecast,2027-12-31,CC-9000,Corporate,9050,Churn ARR,Memo - ARR,-497799.78
FY2026-Q2-Reforecast,2027-12-31,CC-9000,Corporate,9100,New Logos Added,Memo - Statistical,37.00
FY2026-Q2-Reforecast,2027-12-31,CC-9000,Corporate,9200,Ending Headcount,Memo - Statistical,217.30
FY2026-Q2-Reforecast,2027-12-31,CC-9000,Corporate,9300,Ending Cash,Memo - Statistical,15881734.56
