version,month_end_date,cost_center,department,account_code,account_name,account_category,budget_amount
FY2026-Board-Approved,2026-01-31,CC-1000,Sales - SMB,6000,Salaries & Wages,Sales & Marketing,62445.00
FY2026-Board-Approved,2026-01-31,CC-1000,Sales - SMB,6020,Payroll Taxes & Benefits,Sales & Marketing,12801.22
FY2026-Board-Approved,2026-01-31,CC-1000,Sales - SMB,6030,Sales Commissions,Sales & Marketing,7663.99
FY2026-Board-Approved,2026-01-31,CC-1000,Sales - SMB,6040,Commission Amortisation,Sales & Marketing,3024.92
FY2026-Board-Approved,2026-01-31,CC-1000,Sales - SMB,6200,Software & Subscriptions,Sales & Marketing,3287.36
FY2026-Board-Approved,2026-01-31,CC-1000,Sales - SMB,6300,Travel & Entertainment,Sales & Marketing,4487.79
FY2026-Board-Approved,2026-01-31,CC-1000,Sales - SMB,6450,Training & Enablement,Sales & Marketing,394.64
FY2026-Board-Approved,2026-01-31,CC-1010,Sales - Mid-Market,6000,Salaries & Wages,Sales & Marketing,96194.63
FY2026-Board-Approved,2026-01-31,CC-1010,Sales - Mid-Market,6020,Payroll Taxes & Benefits,Sales & Marketing,19719.90
FY2026-Board-Approved,2026-01-31,CC-1010,Sales - Mid-Market,6030,Sales Commissions,Sales & Marketing,14631.25
FY2026-Board-Approved,2026-01-31,CC-1010,Sales - Mid-Market,6040,Commission Amortisation,Sales & Marketing,5774.85
FY2026-Board-Approved,2026-01-31,CC-1010,Sales - Mid-Market,6200,Software & Subscriptions,Sales & Marketing,4359.81
FY2026-Board-Approved,2026-01-31,CC-1010,Sales - Mid-Market,6300,Travel & Entertainment,Sales & Marketing,6207.30
FY2026-Board-Approved,2026-01-31,CC-1010,Sales - Mid-Market,6450,Training & Enablement,Sales & Marketing,613.36
FY2026-Board-Approved,2026-01-31,CC-1020,Sales - Enterprise,6000,Salaries & Wages,Sales & Marketing,60254.25
FY2026-Board-Approved,2026-01-31,CC-1020,Sales - Enterprise,6020,Payroll Taxes & Benefits,Sales & Marketing,12352.12
FY2026-Board-Approved,2026-01-31,CC-1020,Sales - Enterprise,6030,Sales Commissions,Sales & Marketing,12541.07
FY2026-Board-Approved,2026-01-31,CC-1020,Sales - Enterprise,6040,Commission Amortisation,Sales & Marketing,4949.87
FY2026-Board-Approved,2026-01-31,CC-1020,Sales - Enterprise,6200,Software & Subscriptions,Sales & Marketing,2569.37
FY2026-Board-Approved,2026-01-31,CC-1020,Sales - Enterprise,6300,Travel & Entertainment,Sales & Marketing,3571.48
FY2026-Board-Approved,2026-01-31,CC-1020,Sales - Enterprise,6450,Training & Enablement,Sales & Marketing,306.49
FY2026-Board-Approved,2026-01-31,CC-1030,Sales Development,6000,Salaries & Wages,Sales & Marketing,67835.63
FY2026-Board-Approved,2026-01-31,CC-1030,Sales Development,6020,Payroll Taxes & Benefits,Sales & Marketing,13906.30
FY2026-Board-Approved,2026-01-31,CC-1030,Sales Development,6200,Software & Subscriptions,Sales & Marketing,2787.29
FY2026-Board-Approved,2026-01-31,CC-1030,Sales Development,6300,Travel & Entertainment,Sales & Marketing,3904.52
FY2026-Board-Approved,2026-01-31,CC-1030,Sales Development,6450,Training & Enablement,Sales & Marketing,338.95
FY2026-Board-Approved,2026-01-31,CC-1040,Sales Operations,6000,Salaries & Wages,Sales & Marketing,39373.13
FY2026-Board-Approved,2026-01-31,CC-1040,Sales Operations,6020,Payroll Taxes & Benefits,Sales & Marketing,8071.49
FY2026-Board-Approved,2026-01-31,CC-1040,Sales Operations,6200,Software & Subscriptions,Sales & Marketing,1796.76
FY2026-Board-Approved,2026-01-31,CC-1040,Sales Operations,6300,Travel & Entertainment,Sales & Marketing,2321.69
FY2026-Board-Approved,2026-01-31,CC-1050,Solutions Engineering,6000,Salaries & Wages,Sales & Marketing,38346.75
FY2026-Board-Approved,2026-01-31,CC-1050,Solutions Engineering,6020,Payroll Taxes & Benefits,Sales & Marketing,7861.08
FY2026-Board-Approved,2026-01-31,CC-1050,Solutions Engineering,6200,Software & Subscriptions,Sales & Marketing,1802.34
FY2026-Board-Approved,2026-01-31,CC-1050,Solutions Engineering,6300,Travel & Entertainment,Sales & Marketing,2588.85
FY2026-Board-Approved,2026-01-31,CC-1060,Sales Leadership,6000,Salaries & Wages,Sales & Marketing,16939.50
FY2026-Board-Approved,2026-01-31,CC-1060,Sales Leadership,6020,Payroll Taxes & Benefits,Sales & Marketing,3472.60
FY2026-Board-Approved,2026-01-31,CC-1060,Sales Leadership,6200,Software & Subscriptions,Sales & Marketing,835.57
FY2026-Board-Approved,2026-01-31,CC-1060,Sales Leadership,6300,Travel & Entertainment,Sales & Marketing,1096.63
FY2026-Board-Approved,2026-01-31,CC-1060,Sales Leadership,6450,Training & Enablement,Sales & Marketing,106.54
FY2026-Board-Approved,2026-01-31,CC-1100,Demand Generation,6000,Salaries & Wages,Sales & Marketing,63885.37
FY2026-Board-Approved,2026-01-31,CC-1100,Demand Generation,6010,Bonus,Sales & Marketing,6068.38
FY2026-Board-Approved,2026-01-31,CC-1100,Demand Generation,6020,Payroll Taxes & Benefits,Sales & Marketing,14340.51
FY2026-Board-Approved,2026-01-31,CC-1100,Demand Generation,6050,Contractor & Temp Labor,Sales & Marketing,18229.30
FY2026-Board-Approved,2026-01-31,CC-1100,Demand Generation,6100,Demand Generation,Sales & Marketing,174550.16
FY2026-Board-Approved,2026-01-31,CC-1100,Demand Generation,6110,Events & Field Marketing,Sales & Marketing,68853.75
FY2026-Board-Approved,2026-01-31,CC-1100,Demand Generation,6200,Software & Subscriptions,Sales & Marketing,2591.54
FY2026-Board-Approved,2026-01-31,CC-1100,Demand Generation,6300,Travel & Entertainment,Sales & Marketing,2211.21
FY2026-Board-Approved,2026-01-31,CC-1100,Demand Generation,6450,Training & Enablement,Sales & Marketing,413.47
FY2026-Board-Approved,2026-01-31,CC-1110,Product Marketing,6000,Salaries & Wages,Sales & Marketing,86922.75
FY2026-Board-Approved,2026-01-31,CC-1110,Product Marketing,6010,Bonus,Sales & Marketing,7833.91
FY2026-Board-Approved,2026-01-31,CC-1110,Product Marketing,6020,Payroll Taxes & Benefits,Sales & Marketing,19425.12
FY2026-Board-Approved,2026-01-31,CC-1110,Product Marketing,6120,Brand & Content,Sales & Marketing,54643.48
FY2026-Board-Approved,2026-01-31,CC-1110,Product Marketing,6200,Software & Subscriptions,Sales & Marketing,3745.79
FY2026-Board-Approved,2026-01-31,CC-1110,Product Marketing,6300,Travel & Entertainment,Sales & Marketing,3024.75
FY2026-Board-Approved,2026-01-31,CC-1200,Customer Success,6000,Salaries & Wages,Subscription COGS,175329.00
FY2026-Board-Approved,2026-01-31,CC-1200,Customer Success,6010,Bonus,Subscription COGS,16969.00
FY2026-Board-Approved,2026-01-31,CC-1200,Customer Success,6020,Payroll Taxes & Benefits,Subscription COGS,39421.09
FY2026-Board-Approved,2026-01-31,CC-1200,Customer Success,6200,Software & Subscriptions,Subscription COGS,3552.83
FY2026-Board-Approved,2026-01-31,CC-1200,Customer Success,6300,Travel & Entertainment,Subscription COGS,2924.14
FY2026-Board-Approved,2026-01-31,CC-2000,Support,5010,Third-Party Data & APIs,Subscription COGS,1284.09
FY2026-Board-Approved,2026-01-31,CC-2000,Support,6000,Salaries & Wages,Subscription COGS,56959.50
FY2026-Board-Approved,2026-01-31,CC-2000,Support,6010,Bonus,Subscription COGS,5970.91
FY2026-Board-Approved,2026-01-31,CC-2000,Support,6020,Payroll Taxes & Benefits,Subscription COGS,12900.74
FY2026-Board-Approved,2026-01-31,CC-2000,Support,6200,Software & Subscriptions,Subscription COGS,900.75
FY2026-Board-Approved,2026-01-31,CC-2010,Cloud Operations,5000,Cloud Hosting,Subscription COGS,140386.05
FY2026-Board-Approved,2026-01-31,CC-2010,Cloud Operations,5010,Third-Party Data & APIs,Subscription COGS,849.12
FY2026-Board-Approved,2026-01-31,CC-2010,Cloud Operations,5020,Payment Processing Fees,Subscription COGS,15353.65
FY2026-Board-Approved,2026-01-31,CC-2010,Cloud Operations,6000,Salaries & Wages,Subscription COGS,53742.37
FY2026-Board-Approved,2026-01-31,CC-2010,Cloud Operations,6010,Bonus,Subscription COGS,4735.12
FY2026-Board-Approved,2026-01-31,CC-2010,Cloud Operations,6020,Payroll Taxes & Benefits,Subscription COGS,11987.89
FY2026-Board-Approved,2026-01-31,CC-2010,Cloud Operations,6050,Contractor & Temp Labor,Subscription COGS,15853.90
FY2026-Board-Approved,2026-01-31,CC-2010,Cloud Operations,6200,Software & Subscriptions,Subscription COGS,935.65
FY2026-Board-Approved,2026-01-31,CC-2010,Cloud Operations,6900,Other Operating Expense,Subscription COGS,145.78
FY2026-Board-Approved,2026-01-31,CC-2100,Professional Services,5030,Services Subcontractors,Services COGS,3886.54
FY2026-Board-Approved,2026-01-31,CC-2100,Professional Services,6000,Salaries & Wages,Services COGS,35457.37
FY2026-Board-Approved,2026-01-31,CC-2100,Professional Services,6010,Bonus,Services COGS,3201.95
FY2026-Board-Approved,2026-01-31,CC-2100,Professional Services,6020,Payroll Taxes & Benefits,Services COGS,7925.16
FY2026-Board-Approved,2026-01-31,CC-2100,Professional Services,6200,Software & Subscriptions,Services COGS,927.49
FY2026-Board-Approved,2026-01-31,CC-2100,Professional Services,6300,Travel & Entertainment,Services COGS,2257.14
FY2026-Board-Approved,2026-01-31,CC-3000,Engineering,6000,Salaries & Wages,Research & Development,328948.88
FY2026-Board-Approved,2026-01-31,CC-3000,Engineering,6010,Bonus,Research & Development,30999.46
FY2026-Board-Approved,2026-01-31,CC-3000,Engineering,6020,Payroll Taxes & Benefits,Research & Development,73789.40
FY2026-Board-Approved,2026-01-31,CC-3000,Engineering,6050,Contractor & Temp Labor,Research & Development,28698.12
FY2026-Board-Approved,2026-01-31,CC-3000,Engineering,6200,Software & Subscriptions,Research & Development,10946.19
FY2026-Board-Approved,2026-01-31,CC-3000,Engineering,6300,Travel & Entertainment,Research & Development,2205.05
FY2026-Board-Approved,2026-01-31,CC-3000,Engineering,6450,Training & Enablement,Research & Development,1880.16
FY2026-Board-Approved,2026-01-31,CC-3000,Engineering,6900,Other Operating Expense,Research & Development,1119.19
FY2026-Board-Approved,2026-01-31,CC-3010,Quality & Release,6000,Salaries & Wages,Research & Development,48446.62
FY2026-Board-Approved,2026-01-31,CC-3010,Quality & Release,6010,Bonus,Research & Development,3875.73
FY2026-Board-Approved,2026-01-31,CC-3010,Quality & Release,6020,Payroll Taxes & Benefits,Research & Development,10726.08
FY2026-Board-Approved,2026-01-31,CC-3010,Quality & Release,6050,Contractor & Temp Labor,Research & Development,10647.16
FY2026-Board-Approved,2026-01-31,CC-3010,Quality & Release,6200,Software & Subscriptions,Research & Development,1955.89
FY2026-Board-Approved,2026-01-31,CC-3100,Product & Design,6000,Salaries & Wages,Research & Development,133730.62
FY2026-Board-Approved,2026-01-31,CC-3100,Product & Design,6010,Bonus,Research & Development,11878.00
FY2026-Board-Approved,2026-01-31,CC-3100,Product & Design,6020,Payroll Taxes & Benefits,Research & Development,29849.77
FY2026-Board-Approved,2026-01-31,CC-3100,Product & Design,6050,Contractor & Temp Labor,Research & Development,11377.14
FY2026-Board-Approved,2026-01-31,CC-3100,Product & Design,6200,Software & Subscriptions,Research & Development,4558.57
FY2026-Board-Approved,2026-01-31,CC-3100,Product & Design,6300,Travel & Entertainment,Research & Development,1190.41
FY2026-Board-Approved,2026-01-31,CC-4000,Finance & Accounting,6000,Salaries & Wages,General & Administrative,61513.50
FY2026-Board-Approved,2026-01-31,CC-4000,Finance & Accounting,6010,Bonus,General & Administrative,5457.21
FY2026-Board-Approved,2026-01-31,CC-4000,Finance & Accounting,6020,Payroll Taxes & Benefits,General & Administrative,13729.00
FY2026-Board-Approved,2026-01-31,CC-4000,Finance & Accounting,6200,Software & Subscriptions,General & Administrative,1581.41
FY2026-Board-Approved,2026-01-31,CC-4000,Finance & Accounting,6300,Travel & Entertainment,General & Administrative,796.65
FY2026-Board-Approved,2026-01-31,CC-4000,Finance & Accounting,6400,Professional Fees,General & Administrative,40470.65
FY2026-Board-Approved,2026-01-31,CC-4000,Finance & Accounting,6440,Depreciation & Amortisation,General & Administrative,24385.84
FY2026-Board-Approved,2026-01-31,CC-4000,Finance & Accounting,6900,Other Operating Expense,General & Administrative,186.23
FY2026-Board-Approved,2026-01-31,CC-4010,People Operations,6000,Salaries & Wages,General & Administrative,51801.75
FY2026-Board-Approved,2026-01-31,CC-4010,People Operations,6010,Bonus,General & Administrative,5772.28
FY2026-Board-Approved,2026-01-31,CC-4010,People Operations,6020,Payroll Taxes & Benefits,General & Administrative,11802.67
FY2026-Board-Approved,2026-01-31,CC-4010,People Operations,6200,Software & Subscriptions,General & Administrative,837.66
FY2026-Board-Approved,2026-01-31,CC-4010,People Operations,6450,Training & Enablement,General & Administrative,156.14
FY2026-Board-Approved,2026-01-31,CC-4020,Legal & Corporate,6000,Salaries & Wages,General & Administrative,11695.50
FY2026-Board-Approved,2026-01-31,CC-4020,Legal & Corporate,6010,Bonus,General & Administrative,935.64
FY2026-Board-Approved,2026-01-31,CC-4020,Legal & Corporate,6020,Payroll Taxes & Benefits,General & Administrative,2589.38
FY2026-Board-Approved,2026-01-31,CC-4020,Legal & Corporate,6200,Software & Subscriptions,General & Administrative,431.46
FY2026-Board-Approved,2026-01-31,CC-4020,Legal & Corporate,6300,Travel & Entertainment,General & Administrative,228.71
FY2026-Board-Approved,2026-01-31,CC-4020,Legal & Corporate,6400,Professional Fees,General & Administrative,22355.37
FY2026-Board-Approved,2026-01-31,CC-4020,Legal & Corporate,6430,Insurance,General & Administrative,20836.99
FY2026-Board-Approved,2026-01-31,CC-4030,IT & Corporate Systems,6000,Salaries & Wages,General & Administrative,42391.87
FY2026-Board-Approved,2026-01-31,CC-4030,IT & Corporate Systems,6010,Bonus,General & Administrative,5050.88
FY2026-Board-Approved,2026-01-31,CC-4030,IT & Corporate Systems,6020,Payroll Taxes & Benefits,General & Administrative,9725.77
FY2026-Board-Approved,2026-01-31,CC-4030,IT & Corporate Systems,6050,Contractor & Temp Labor,General & Administrative,7183.27
FY2026-Board-Approved,2026-01-31,CC-4030,IT & Corporate Systems,6200,Software & Subscriptions,General & Administrative,651.06
FY2026-Board-Approved,2026-01-31,CC-4030,IT & Corporate Systems,6420,Facilities & Rent,General & Administrative,35985.98
FY2026-Board-Approved,2026-01-31,CC-4030,IT & Corporate Systems,6900,Other Operating Expense,General & Administrative,75.32
FY2026-Board-Approved,2026-01-31,CC-9000,Revenue,4000,Subscription Revenue,Subscription Revenue,-2431014.89
FY2026-Board-Approved,2026-01-31,CC-9000,Revenue,4010,Usage Revenue Above Commitment,Subscription Revenue,-52146.39
FY2026-Board-Approved,2026-01-31,CC-9000,Revenue,4100,Professional Services Revenue,Services Revenue,-40911.56
FY2026-Board-Approved,2026-01-31,CC-9000,Revenue,4110,Implementation Fee Revenue,Services Revenue,-60245.35
FY2026-Board-Approved,2026-01-31,CC-9000,Corporate,9000,Ending ARR,Memo - ARR,30331865.48
FY2026-Board-Approved,2026-01-31,CC-9000,Corporate,9010,New Logo ARR,Memo - ARR,330000.00
FY2026-Board-Approved,2026-01-31,CC-9000,Corporate,9020,Expansion ARR,Memo - ARR,269500.00
FY2026-Board-Approved,2026-01-31,CC-9000,Corporate,9030,Reactivation ARR,Memo - ARR,11000.00
FY2026-Board-Approved,2026-01-31,CC-9000,Corporate,9040,Contraction ARR,Memo - ARR,-97750.00
FY2026-Board-Approved,2026-01-31,CC-9000,Corporate,9050,Churn ARR,Memo - ARR,-327750.00
FY2026-Board-Approved,2026-01-31,CC-9000,Corporate,9100,New Logos Added,Memo - Statistical,21.00
FY2026-Board-Approved,2026-01-31,CC-9000,Corporate,9200,Ending Headcount,Memo - Statistical,200.00
FY2026-Board-Approved,2026-02-28,CC-1000,Sales - SMB,6000,Salaries & Wages,Sales & Marketing,63031.33
FY2026-Board-Approved,2026-02-28,CC-1000,Sales - SMB,6020,Payroll Taxes & Benefits,Sales & Marketing,12921.42
FY2026-Board-Approved,2026-02-28,CC-1000,Sales - SMB,6030,Sales Commissions,Sales & Marketing,7017.13
FY2026-Board-Approved,2026-02-28,CC-1000,Sales - SMB,6040,Commission Amortisation,Sales & Marketing,3341.96
FY2026-Board-Approved,2026-02-28,CC-1000,Sales - SMB,6200,Software & Subscriptions,Sales & Marketing,3081.62
FY2026-Board-Approved,2026-02-28,CC-1000,Sales - SMB,6300,Travel & Entertainment,Sales & Marketing,4781.43
FY2026-Board-Approved,2026-02-28,CC-1000,Sales - SMB,6450,Training & Enablement,Sales & Marketing,437.06
FY2026-Board-Approved,2026-02-28,CC-1010,Sales - Mid-Market,6000,Salaries & Wages,Sales & Marketing,115676.42
FY2026-Board-Approved,2026-02-28,CC-1010,Sales - Mid-Market,6020,Payroll Taxes & Benefits,Sales & Marketing,23713.66
FY2026-Board-Approved,2026-02-28,CC-1010,Sales - Mid-Market,6030,Sales Commissions,Sales & Marketing,13396.34
FY2026-Board-Approved,2026-02-28,CC-1010,Sales - Mid-Market,6040,Commission Amortisation,Sales & Marketing,6380.10
FY2026-Board-Approved,2026-02-28,CC-1010,Sales - Mid-Market,6200,Software & Subscriptions,Sales & Marketing,5491.58
FY2026-Board-Approved,2026-02-28,CC-1010,Sales - Mid-Market,6300,Travel & Entertainment,Sales & Marketing,8375.99
FY2026-Board-Approved,2026-02-28,CC-1010,Sales - Mid-Market,6450,Training & Enablement,Sales & Marketing,675.62
FY2026-Board-Approved,2026-02-28,CC-1020,Sales - Enterprise,6000,Salaries & Wages,Sales & Marketing,60820.01
FY2026-Board-Approved,2026-02-28,CC-1020,Sales - Enterprise,6020,Payroll Taxes & Benefits,Sales & Marketing,12468.11
FY2026-Board-Approved,2026-02-28,CC-1020,Sales - Enterprise,6030,Sales Commissions,Sales & Marketing,11482.58
FY2026-Board-Approved,2026-02-28,CC-1020,Sales - Enterprise,6040,Commission Amortisation,Sales & Marketing,5468.66
FY2026-Board-Approved,2026-02-28,CC-1020,Sales - Enterprise,6200,Software & Subscriptions,Sales & Marketing,2520.96
FY2026-Board-Approved,2026-02-28,CC-1020,Sales - Enterprise,6300,Travel & Entertainment,Sales & Marketing,3714.17
FY2026-Board-Approved,2026-02-28,CC-1020,Sales - Enterprise,6450,Training & Enablement,Sales & Marketing,315.14
FY2026-Board-Approved,2026-02-28,CC-1030,Sales Development,6000,Salaries & Wages,Sales & Marketing,68472.58
FY2026-Board-Approved,2026-02-28,CC-1030,Sales Development,6020,Payroll Taxes & Benefits,Sales & Marketing,14036.88
FY2026-Board-Approved,2026-02-28,CC-1030,Sales Development,6200,Software & Subscriptions,Sales & Marketing,3081.02
FY2026-Board-Approved,2026-02-28,CC-1030,Sales Development,6300,Travel & Entertainment,Sales & Marketing,4010.56
FY2026-Board-Approved,2026-02-28,CC-1030,Sales Development,6450,Training & Enablement,Sales & Marketing,366.13
FY2026-Board-Approved,2026-02-28,CC-1040,Sales Operations,6000,Salaries & Wages,Sales & Marketing,50938.71
FY2026-Board-Approved,2026-02-28,CC-1040,Sales Operations,6020,Payroll Taxes & Benefits,Sales & Marketing,10442.44
FY2026-Board-Approved,2026-02-28,CC-1040,Sales Operations,6200,Software & Subscriptions,Sales & Marketing,2263.58
FY2026-Board-Approved,2026-02-28,CC-1040,Sales Operations,6300,Travel & Entertainment,Sales & Marketing,2845.89
FY2026-Board-Approved,2026-02-28,CC-1050,Solutions Engineering,6000,Salaries & Wages,Sales & Marketing,38706.81
FY2026-Board-Approved,2026-02-28,CC-1050,Solutions Engineering,6020,Payroll Taxes & Benefits,Sales & Marketing,7934.90
FY2026-Board-Approved,2026-02-28,CC-1050,Solutions Engineering,6200,Software & Subscriptions,Sales & Marketing,1807.47
FY2026-Board-Approved,2026-02-28,CC-1050,Solutions Engineering,6300,Travel & Entertainment,Sales & Marketing,2423.17
FY2026-Board-Approved,2026-02-28,CC-1060,Sales Leadership,6000,Salaries & Wages,Sales & Marketing,17098.56
FY2026-Board-Approved,2026-02-28,CC-1060,Sales Leadership,6020,Payroll Taxes & Benefits,Sales & Marketing,3505.21
FY2026-Board-Approved,2026-02-28,CC-1060,Sales Leadership,6200,Software & Subscriptions,Sales & Marketing,922.06
FY2026-Board-Approved,2026-02-28,CC-1060,Sales Leadership,6300,Travel & Entertainment,Sales & Marketing,1291.86
FY2026-Board-Approved,2026-02-28,CC-1060,Sales Leadership,6450,Training & Enablement,Sales & Marketing,107.57
FY2026-Board-Approved,2026-02-28,CC-1100,Demand Generation,6000,Salaries & Wages,Sales & Marketing,74906.29
FY2026-Board-Approved,2026-02-28,CC-1100,Demand Generation,6010,Bonus,Sales & Marketing,6959.05
FY2026-Board-Approved,2026-02-28,CC-1100,Demand Generation,6020,Payroll Taxes & Benefits,Sales & Marketing,16782.39
FY2026-Board-Approved,2026-02-28,CC-1100,Demand Generation,6050,Contractor & Temp Labor,Sales & Marketing,18148.69
FY2026-Board-Approved,2026-02-28,CC-1100,Demand Generation,6100,Demand Generation,Sales & Marketing,178301.83
FY2026-Board-Approved,2026-02-28,CC-1100,Demand Generation,6110,Events & Field Marketing,Sales & Marketing,68741.43
FY2026-Board-Approved,2026-02-28,CC-1100,Demand Generation,6200,Software & Subscriptions,Sales & Marketing,2855.11
FY2026-Board-Approved,2026-02-28,CC-1100,Demand Generation,6300,Travel & Entertainment,Sales & Marketing,2518.17
FY2026-Board-Approved,2026-02-28,CC-1100,Demand Generation,6450,Training & Enablement,Sales & Marketing,384.62
FY2026-Board-Approved,2026-02-28,CC-1110,Product Marketing,6000,Salaries & Wages,Sales & Marketing,87738.91
FY2026-Board-Approved,2026-02-28,CC-1110,Product Marketing,6010,Bonus,Sales & Marketing,7907.47
FY2026-Board-Approved,2026-02-28,CC-1110,Product Marketing,6020,Payroll Taxes & Benefits,Sales & Marketing,19607.51
FY2026-Board-Approved,2026-02-28,CC-1110,Product Marketing,6120,Brand & Content,Sales & Marketing,48735.49
FY2026-Board-Approved,2026-02-28,CC-1110,Product Marketing,6200,Software & Subscriptions,Sales & Marketing,3544.70
FY2026-Board-Approved,2026-02-28,CC-1110,Product Marketing,6300,Travel & Entertainment,Sales & Marketing,2762.55
FY2026-Board-Approved,2026-02-28,CC-1200,Customer Success,6000,Salaries & Wages,Subscription COGS,176975.26
FY2026-Board-Approved,2026-02-28,CC-1200,Customer Success,6010,Bonus,Subscription COGS,17128.33
FY2026-Board-Approved,2026-02-28,CC-1200,Customer Success,6020,Payroll Taxes & Benefits,Subscription COGS,39791.24
FY2026-Board-Approved,2026-02-28,CC-1200,Customer Success,6200,Software & Subscriptions,Subscription COGS,3483.39
FY2026-Board-Approved,2026-02-28,CC-1200,Customer Success,6300,Travel & Entertainment,Subscription COGS,2540.17
FY2026-Board-Approved,2026-02-28,CC-2000,Support,5010,Third-Party Data & APIs,Subscription COGS,1369.09
FY2026-Board-Approved,2026-02-28,CC-2000,Support,6000,Salaries & Wages,Subscription COGS,57494.32
FY2026-Board-Approved,2026-02-28,CC-2000,Support,6010,Bonus,Subscription COGS,6026.98
FY2026-Board-Approved,2026-02-28,CC-2000,Support,6020,Payroll Taxes & Benefits,Subscription COGS,13021.87
FY2026-Board-Approved,2026-02-28,CC-2000,Support,6200,Software & Subscriptions,Subscription COGS,891.01
FY2026-Board-Approved,2026-02-28,CC-2010,Cloud Operations,5000,Cloud Hosting,Subscription COGS,145464.08
FY2026-Board-Approved,2026-02-28,CC-2010,Cloud Operations,5010,Third-Party Data & APIs,Subscription COGS,843.94
FY2026-Board-Approved,2026-02-28,CC-2010,Cloud Operations,5020,Payment Processing Fees,Subscription COGS,16105.38
FY2026-Board-Approved,2026-02-28,CC-2010,Cloud Operations,6000,Salaries & Wages,Subscription COGS,54246.99
FY2026-Board-Approved,2026-02-28,CC-2010,Cloud Operations,6010,Bonus,Subscription COGS,4779.59
FY2026-Board-Approved,2026-02-28,CC-2010,Cloud Operations,6020,Payroll Taxes & Benefits,Subscription COGS,12100.45
FY2026-Board-Approved,2026-02-28,CC-2010,Cloud Operations,6050,Contractor & Temp Labor,Subscription COGS,15957.54
FY2026-Board-Approved,2026-02-28,CC-2010,Cloud Operations,6200,Software & Subscriptions,Subscription COGS,962.61
FY2026-Board-Approved,2026-02-28,CC-2010,Cloud Operations,6900,Other Operating Expense,Subscription COGS,143.51
FY2026-Board-Approved,2026-02-28,CC-2100,Professional Services,5030,Services Subcontractors,Services COGS,3188.78
FY2026-Board-Approved,2026-02-28,CC-2100,Professional Services,6000,Salaries & Wages,Services COGS,35790.30
FY2026-Board-Approved,2026-02-28,CC-2100,Professional Services,6010,Bonus,Services COGS,3232.01
FY2026-Board-Approved,2026-02-28,CC-2100,Professional Services,6020,Payroll Taxes & Benefits,Services COGS,7999.57
FY2026-Board-Approved,2026-02-28,CC-2100,Professional Services,6200,Software & Subscriptions,Services COGS,925.34
FY2026-Board-Approved,2026-02-28,CC-2100,Professional Services,6300,Travel & Entertainment,Services COGS,1901.86
FY2026-Board-Approved,2026-02-28,CC-3000,Engineering,6000,Salaries & Wages,Research & Development,346237.02
FY2026-Board-Approved,2026-02-28,CC-3000,Engineering,6010,Bonus,Research & Development,32426.49
FY2026-Board-Approved,2026-02-28,CC-3000,Engineering,6020,Payroll Taxes & Benefits,Research & Development,77626.02
FY2026-Board-Approved,2026-02-28,CC-3000,Engineering,6050,Contractor & Temp Labor,Research & Development,28510.35
FY2026-Board-Approved,2026-02-28,CC-3000,Engineering,6200,Software & Subscriptions,Research & Development,12370.79
FY2026-Board-Approved,2026-02-28,CC-3000,Engineering,6300,Travel & Entertainment,Research & Development,2332.61
FY2026-Board-Approved,2026-02-28,CC-3000,Engineering,6450,Training & Enablement,Research & Development,1789.78
FY2026-Board-Approved,2026-02-28,CC-3000,Engineering,6900,Other Operating Expense,Research & Development,1270.06
FY2026-Board-Approved,2026-02-28,CC-3010,Quality & Release,6000,Salaries & Wages,Research & Development,48901.51
FY2026-Board-Approved,2026-02-28,CC-3010,Quality & Release,6010,Bonus,Research & Development,3912.12
FY2026-Board-Approved,2026-02-28,CC-3010,Quality & Release,6020,Payroll Taxes & Benefits,Research & Development,10826.79
FY2026-Board-Approved,2026-02-28,CC-3010,Quality & Release,6050,Contractor & Temp Labor,Research & Development,9021.53
FY2026-Board-Approved,2026-02-28,CC-3010,Quality & Release,6200,Software & Subscriptions,Research & Development,1934.82
FY2026-Board-Approved,2026-02-28,CC-3100,Product & Design,6000,Salaries & Wages,Research & Development,144676.05
FY2026-Board-Approved,2026-02-28,CC-3100,Product & Design,6010,Bonus,Research & Development,13152.30
FY2026-Board-Approved,2026-02-28,CC-3100,Product & Design,6020,Payroll Taxes & Benefits,Research & Development,32354.82
FY2026-Board-Approved,2026-02-28,CC-3100,Product & Design,6050,Contractor & Temp Labor,Research & Development,12265.69
FY2026-Board-Approved,2026-02-28,CC-3100,Product & Design,6200,Software & Subscriptions,Research & Development,4919.00
FY2026-Board-Approved,2026-02-28,CC-3100,Product & Design,6300,Travel & Entertainment,Research & Development,1223.36
FY2026-Board-Approved,2026-02-28,CC-4000,Finance & Accounting,6000,Salaries & Wages,General & Administrative,62091.08
FY2026-Board-Approved,2026-02-28,CC-4000,Finance & Accounting,6010,Bonus,General & Administrative,5508.45
FY2026-Board-Approved,2026-02-28,CC-4000,Finance & Accounting,6020,Payroll Taxes & Benefits,General & Administrative,13857.90
FY2026-Board-Approved,2026-02-28,CC-4000,Finance & Accounting,6200,Software & Subscriptions,General & Administrative,1445.21
FY2026-Board-Approved,2026-02-28,CC-4000,Finance & Accounting,6300,Travel & Entertainment,General & Administrative,918.46
FY2026-Board-Approved,2026-02-28,CC-4000,Finance & Accounting,6400,Professional Fees,General & Administrative,41748.28
FY2026-Board-Approved,2026-02-28,CC-4000,Finance & Accounting,6440,Depreciation & Amortisation,General & Administrative,24680.44
FY2026-Board-Approved,2026-02-28,CC-4000,Finance & Accounting,6900,Other Operating Expense,General & Administrative,185.62
FY2026-Board-Approved,2026-02-28,CC-4010,People Operations,6000,Salaries & Wages,General & Administrative,52288.15
FY2026-Board-Approved,2026-02-28,CC-4010,People Operations,6010,Bonus,General & Administrative,5826.48
FY2026-Board-Approved,2026-02-28,CC-4010,People Operations,6020,Payroll Taxes & Benefits,General & Administrative,11913.50
FY2026-Board-Approved,2026-02-28,CC-4010,People Operations,6200,Software & Subscriptions,General & Administrative,826.51
FY2026-Board-Approved,2026-02-28,CC-4010,People Operations,6410,Recruiting Fees,General & Administrative,72942.89
FY2026-Board-Approved,2026-02-28,CC-4010,People Operations,6450,Training & Enablement,General & Administrative,157.14
FY2026-Board-Approved,2026-02-28,CC-4020,Legal & Corporate,6000,Salaries & Wages,General & Administrative,11805.32
FY2026-Board-Approved,2026-02-28,CC-4020,Legal & Corporate,6010,Bonus,General & Administrative,944.43
FY2026-Board-Approved,2026-02-28,CC-4020,Legal & Corporate,6020,Payroll Taxes & Benefits,General & Administrative,2613.70
FY2026-Board-Approved,2026-02-28,CC-4020,Legal & Corporate,6200,Software & Subscriptions,General & Administrative,463.20
FY2026-Board-Approved,2026-02-28,CC-4020,Legal & Corporate,6300,Travel & Entertainment,General & Administrative,232.75
FY2026-Board-Approved,2026-02-28,CC-4020,Legal & Corporate,6400,Professional Fees,General & Administrative,24171.66
FY2026-Board-Approved,2026-02-28,CC-4020,Legal & Corporate,6430,Insurance,General & Administrative,20367.68
FY2026-Board-Approved,2026-02-28,CC-4030,IT & Corporate Systems,6000,Salaries & Wages,General & Administrative,42789.91
FY2026-Board-Approved,2026-02-28,CC-4030,IT & Corporate Systems,6010,Bonus,General & Administrative,5098.31
FY2026-Board-Approved,2026-02-28,CC-4030,IT & Corporate Systems,6020,Payroll Taxes & Benefits,General & Administrative,9817.09
FY2026-Board-Approved,2026-02-28,CC-4030,IT & Corporate Systems,6050,Contractor & Temp Labor,General & Administrative,7045.35
FY2026-Board-Approved,2026-02-28,CC-4030,IT & Corporate Systems,6200,Software & Subscriptions,General & Administrative,636.19
FY2026-Board-Approved,2026-02-28,CC-4030,IT & Corporate Systems,6420,Facilities & Rent,General & Administrative,42602.55
FY2026-Board-Approved,2026-02-28,CC-4030,IT & Corporate Systems,6900,Other Operating Expense,General & Administrative,88.95
FY2026-Board-Approved,2026-02-28,CC-9000,Revenue,4000,Subscription Revenue,Subscription Revenue,-2467782.88
FY2026-Board-Approved,2026-02-28,CC-9000,Revenue,4010,Usage Revenue Above Commitment,Subscription Revenue,-52935.08
FY2026-Board-Approved,2026-02-28,CC-9000,Revenue,4100,Professional Services Revenue,Services Revenue,-40099.09
FY2026-Board-Approved,2026-02-28,CC-9000,Revenue,4110,Implementation Fee Revenue,Services Revenue,-60119.29
FY2026-Board-Approved,2026-02-28,CC-9000,Corporate,9000,Ending ARR,Memo - ARR,30720365.48
FY2026-Board-Approved,2026-02-28,CC-9000,Corporate,9010,New Logo ARR,Memo - ARR,390000.00
FY2026-Board-Approved,2026-02-28,CC-9000,Corporate,9020,Expansion ARR,Memo - ARR,318500.00
FY2026-Board-Approved,2026-02-28,CC-9000,Corporate,9030,Reactivation ARR,Memo - ARR,13000.00
FY2026-Board-Approved,2026-02-28,CC-9000,Corporate,9040,Contraction ARR,Memo - ARR,-76500.00
FY2026-Board-Approved,2026-02-28,CC-9000,Corporate,9050,Churn ARR,Memo - ARR,-256500.00
FY2026-Board-Approved,2026-02-28,CC-9000,Corporate,9100,New Logos Added,Memo - Statistical,21.00
FY2026-Board-Approved,2026-02-28,CC-9000,Corporate,9200,Ending Headcount,Memo - Statistical,201.30
FY2026-Board-Approved,2026-03-31,CC-1000,Sales - SMB,6000,Salaries & Wages,Sales & Marketing,63589.11
FY2026-Board-Approved,2026-03-31,CC-1000,Sales - SMB,6020,Payroll Taxes & Benefits,Sales & Marketing,13035.76
FY2026-Board-Approved,2026-03-31,CC-1000,Sales - SMB,6030,Sales Commissions,Sales & Marketing,6901.42
FY2026-Board-Approved,2026-03-31,CC-1000,Sales - SMB,6040,Commission Amortisation,Sales & Marketing,3658.20
FY2026-Board-Approved,2026-03-31,CC-1000,Sales - SMB,6200,Software & Subscriptions,Sales & Marketing,3677.80
FY2026-Board-Approved,2026-03-31,CC-1000,Sales - SMB,6300,Travel & Entertainment,Sales & Marketing,4620.48
FY2026-Board-Approved,2026-03-31,CC-1000,Sales - SMB,6450,Training & Enablement,Sales & Marketing,424.85
FY2026-Board-Approved,2026-03-31,CC-1010,Sales - Mid-Market,6000,Salaries & Wages,Sales & Marketing,99819.09
FY2026-Board-Approved,2026-03-31,CC-1010,Sales - Mid-Market,6020,Payroll Taxes & Benefits,Sales & Marketing,20462.92
FY2026-Board-Approved,2026-03-31,CC-1010,Sales - Mid-Market,6030,Sales Commissions,Sales & Marketing,13175.45
FY2026-Board-Approved,2026-03-31,CC-1010,Sales - Mid-Market,6040,Commission Amortisation,Sales & Marketing,6983.85
FY2026-Board-Approved,2026-03-31,CC-1010,Sales - Mid-Market,6200,Software & Subscriptions,Sales & Marketing,4716.92
FY2026-Board-Approved,2026-03-31,CC-1010,Sales - Mid-Market,6300,Travel & Entertainment,Sales & Marketing,6561.09
FY2026-Board-Approved,2026-03-31,CC-1010,Sales - Mid-Market,6450,Training & Enablement,Sales & Marketing,525.37
FY2026-Board-Approved,2026-03-31,CC-1020,Sales - Enterprise,6000,Salaries & Wages,Sales & Marketing,61358.23
FY2026-Board-Approved,2026-03-31,CC-1020,Sales - Enterprise,6020,Payroll Taxes & Benefits,Sales & Marketing,12578.44
FY2026-Board-Approved,2026-03-31,CC-1020,Sales - Enterprise,6030,Sales Commissions,Sales & Marketing,11293.24
FY2026-Board-Approved,2026-03-31,CC-1020,Sales - Enterprise,6040,Commission Amortisation,Sales & Marketing,5986.15
FY2026-Board-Approved,2026-03-31,CC-1020,Sales - Enterprise,6200,Software & Subscriptions,Sales & Marketing,2612.66
FY2026-Board-Approved,2026-03-31,CC-1020,Sales - Enterprise,6300,Travel & Entertainment,Sales & Marketing,3622.72
FY2026-Board-Approved,2026-03-31,CC-1020,Sales - Enterprise,6450,Training & Enablement,Sales & Marketing,314.28
FY2026-Board-Approved,2026-03-31,CC-1030,Sales Development,6000,Salaries & Wages,Sales & Marketing,55359.42
FY2026-Board-Approved,2026-03-31,CC-1030,Sales Development,6020,Payroll Taxes & Benefits,Sales & Marketing,11348.68
FY2026-Board-Approved,2026-03-31,CC-1030,Sales Development,6200,Software & Subscriptions,Sales & Marketing,2597.56
FY2026-Board-Approved,2026-03-31,CC-1030,Sales Development,6300,Travel & Entertainment,Sales & Marketing,3384.14
FY2026-Board-Approved,2026-03-31,CC-1030,Sales Development,6450,Training & Enablement,Sales & Marketing,338.94
FY2026-Board-Approved,2026-03-31,CC-1040,Sales Operations,6000,Salaries & Wages,Sales & Marketing,51389.48
FY2026-Board-Approved,2026-03-31,CC-1040,Sales Operations,6020,Payroll Taxes & Benefits,Sales & Marketing,10534.85
FY2026-Board-Approved,2026-03-31,CC-1040,Sales Operations,6200,Software & Subscriptions,Sales & Marketing,2111.75
FY2026-Board-Approved,2026-03-31,CC-1040,Sales Operations,6300,Travel & Entertainment,Sales & Marketing,2739.22
FY2026-Board-Approved,2026-03-31,CC-1050,Solutions Engineering,6000,Salaries & Wages,Sales & Marketing,39049.34
FY2026-Board-Approved,2026-03-31,CC-1050,Solutions Engineering,6020,Payroll Taxes & Benefits,Sales & Marketing,8005.11
FY2026-Board-Approved,2026-03-31,CC-1050,Solutions Engineering,6200,Software & Subscriptions,Sales & Marketing,1694.45
FY2026-Board-Approved,2026-03-31,CC-1050,Solutions Engineering,6300,Travel & Entertainment,Sales & Marketing,2430.95
FY2026-Board-Approved,2026-03-31,CC-1060,Sales Leadership,6000,Salaries & Wages,Sales & Marketing,17249.87
FY2026-Board-Approved,2026-03-31,CC-1060,Sales Leadership,6020,Payroll Taxes & Benefits,Sales & Marketing,3536.23
FY2026-Board-Approved,2026-03-31,CC-1060,Sales Leadership,6200,Software & Subscriptions,Sales & Marketing,858.84
FY2026-Board-Approved,2026-03-31,CC-1060,Sales Leadership,6300,Travel & Entertainment,Sales & Marketing,1140.43
FY2026-Board-Approved,2026-03-31,CC-1060,Sales Leadership,6450,Training & Enablement,Sales & Marketing,98.53
FY2026-Board-Approved,2026-03-31,CC-1100,Demand Generation,6000,Salaries & Wages,Sales & Marketing,75569.16
FY2026-Board-Approved,2026-03-31,CC-1100,Demand Generation,6010,Bonus,Sales & Marketing,7020.63
FY2026-Board-Approved,2026-03-31,CC-1100,Demand Generation,6020,Payroll Taxes & Benefits,Sales & Marketing,16930.91
FY2026-Board-Approved,2026-03-31,CC-1100,Demand Generation,6050,Contractor & Temp Labor,Sales & Marketing,18172.32
FY2026-Board-Approved,2026-03-31,CC-1100,Demand Generation,6100,Demand Generation,Sales & Marketing,222107.50
FY2026-Board-Approved,2026-03-31,CC-1100,Demand Generation,6110,Events & Field Marketing,Sales & Marketing,100709.22
FY2026-Board-Approved,2026-03-31,CC-1100,Demand Generation,6200,Software & Subscriptions,Sales & Marketing,3183.89
FY2026-Board-Approved,2026-03-31,CC-1100,Demand Generation,6300,Travel & Entertainment,Sales & Marketing,2475.61
FY2026-Board-Approved,2026-03-31,CC-1100,Demand Generation,6450,Training & Enablement,Sales & Marketing,389.18
FY2026-Board-Approved,2026-03-31,CC-1110,Product Marketing,6000,Salaries & Wages,Sales & Marketing,79697.19
FY2026-Board-Approved,2026-03-31,CC-1110,Product Marketing,6010,Bonus,Sales & Marketing,7272.00
FY2026-Board-Approved,2026-03-31,CC-1110,Product Marketing,6020,Payroll Taxes & Benefits,Sales & Marketing,17828.68
FY2026-Board-Approved,2026-03-31,CC-1110,Product Marketing,6120,Brand & Content,Sales & Marketing,69622.89
FY2026-Board-Approved,2026-03-31,CC-1110,Product Marketing,6200,Software & Subscriptions,Sales & Marketing,3473.05
FY2026-Board-Approved,2026-03-31,CC-1110,Product Marketing,6300,Travel & Entertainment,Sales & Marketing,2859.69
FY2026-Board-Approved,2026-03-31,CC-1200,Customer Success,6000,Salaries & Wages,Subscription COGS,196871.54
FY2026-Board-Approved,2026-03-31,CC-1200,Customer Success,6010,Bonus,Subscription COGS,18746.32
FY2026-Board-Approved,2026-03-31,CC-1200,Customer Success,6020,Payroll Taxes & Benefits,Subscription COGS,44201.66
FY2026-Board-Approved,2026-03-31,CC-1200,Customer Success,6200,Software & Subscriptions,Subscription COGS,4170.01
FY2026-Board-Approved,2026-03-31,CC-1200,Customer Success,6300,Travel & Entertainment,Subscription COGS,3162.86
FY2026-Board-Approved,2026-03-31,CC-2000,Support,5010,Third-Party Data & APIs,Subscription COGS,1394.22
FY2026-Board-Approved,2026-03-31,CC-2000,Support,6000,Salaries & Wages,Subscription COGS,58003.10
FY2026-Board-Approved,2026-03-31,CC-2000,Support,6010,Bonus,Subscription COGS,6080.31
FY2026-Board-Approved,2026-03-31,CC-2000,Support,6020,Payroll Taxes & Benefits,Subscription COGS,13137.10
FY2026-Board-Approved,2026-03-31,CC-2000,Support,6200,Software & Subscriptions,Subscription COGS,1019.60
FY2026-Board-Approved,2026-03-31,CC-2010,Cloud Operations,5000,Cloud Hosting,Subscription COGS,162921.46
FY2026-Board-Approved,2026-03-31,CC-2010,Cloud Operations,5010,Third-Party Data & APIs,Subscription COGS,996.81
FY2026-Board-Approved,2026-03-31,CC-2010,Cloud Operations,5020,Payment Processing Fees,Subscription COGS,24704.92
FY2026-Board-Approved,2026-03-31,CC-2010,Cloud Operations,6000,Salaries & Wages,Subscription COGS,54727.04
FY2026-Board-Approved,2026-03-31,CC-2010,Cloud Operations,6010,Bonus,Subscription COGS,4821.88
FY2026-Board-Approved,2026-03-31,CC-2010,Cloud Operations,6020,Payroll Taxes & Benefits,Subscription COGS,12207.53
FY2026-Board-Approved,2026-03-31,CC-2010,Cloud Operations,6050,Contractor & Temp Labor,Subscription COGS,18289.22
FY2026-Board-Approved,2026-03-31,CC-2010,Cloud Operations,6200,Software & Subscriptions,Subscription COGS,908.99
FY2026-Board-Approved,2026-03-31,CC-2010,Cloud Operations,6900,Other Operating Expense,Subscription COGS,157.31
FY2026-Board-Approved,2026-03-31,CC-2100,Professional Services,5030,Services Subcontractors,Services COGS,3784.80
FY2026-Board-Approved,2026-03-31,CC-2100,Professional Services,6000,Salaries & Wages,Services COGS,36107.02
FY2026-Board-Approved,2026-03-31,CC-2100,Professional Services,6010,Bonus,Services COGS,3260.61
FY2026-Board-Approved,2026-03-31,CC-2100,Professional Services,6020,Payroll Taxes & Benefits,Services COGS,8070.36
FY2026-Board-Approved,2026-03-31,CC-2100,Professional Services,6200,Software & Subscriptions,Services COGS,941.03
FY2026-Board-Approved,2026-03-31,CC-2100,Professional Services,6300,Travel & Entertainment,Services COGS,2266.62
FY2026-Board-Approved,2026-03-31,CC-3000,Engineering,6000,Salaries & Wages,Research & Development,342827.87
FY2026-Board-Approved,2026-03-31,CC-3000,Engineering,6010,Bonus,Research & Development,32195.59
FY2026-Board-Approved,2026-03-31,CC-3000,Engineering,6020,Payroll Taxes & Benefits,Research & Development,76879.81
FY2026-Board-Approved,2026-03-31,CC-3000,Engineering,6050,Contractor & Temp Labor,Research & Development,27226.77
FY2026-Board-Approved,2026-03-31,CC-3000,Engineering,6200,Software & Subscriptions,Research & Development,10892.82
FY2026-Board-Approved,2026-03-31,CC-3000,Engineering,6300,Travel & Entertainment,Research & Development,2538.24
FY2026-Board-Approved,2026-03-31,CC-3000,Engineering,6450,Training & Enablement,Research & Development,1659.31
FY2026-Board-Approved,2026-03-31,CC-3000,Engineering,6900,Other Operating Expense,Research & Development,1084.30
FY2026-Board-Approved,2026-03-31,CC-3010,Quality & Release,6000,Salaries & Wages,Research & Development,49334.26
FY2026-Board-Approved,2026-03-31,CC-3010,Quality & Release,6010,Bonus,Research & Development,3946.74
FY2026-Board-Approved,2026-03-31,CC-3010,Quality & Release,6020,Payroll Taxes & Benefits,Research & Development,10922.60
FY2026-Board-Approved,2026-03-31,CC-3010,Quality & Release,6050,Contractor & Temp Labor,Research & Development,9509.98
FY2026-Board-Approved,2026-03-31,CC-3010,Quality & Release,6200,Software & Subscriptions,Research & Development,1989.80
FY2026-Board-Approved,2026-03-31,CC-3100,Product & Design,6000,Salaries & Wages,Research & Development,136330.14
FY2026-Board-Approved,2026-03-31,CC-3100,Product & Design,6010,Bonus,Research & Development,12113.55
FY2026-Board-Approved,2026-03-31,CC-3100,Product & Design,6020,Payroll Taxes & Benefits,Research & Development,30430.95
FY2026-Board-Approved,2026-03-31,CC-3100,Product & Design,6050,Contractor & Temp Labor,Research & Development,10888.70
FY2026-Board-Approved,2026-03-31,CC-3100,Product & Design,6200,Software & Subscriptions,Research & Development,4734.74
FY2026-Board-Approved,2026-03-31,CC-3100,Product & Design,6300,Travel & Entertainment,Research & Development,1098.33
FY2026-Board-Approved,2026-03-31,CC-4000,Finance & Accounting,6000,Salaries & Wages,General & Administrative,62640.54
FY2026-Board-Approved,2026-03-31,CC-4000,Finance & Accounting,6010,Bonus,General & Administrative,5557.20
FY2026-Board-Approved,2026-03-31,CC-4000,Finance & Accounting,6020,Payroll Taxes & Benefits,General & Administrative,13980.54
FY2026-Board-Approved,2026-03-31,CC-4000,Finance & Accounting,6200,Software & Subscriptions,General & Administrative,1560.16
FY2026-Board-Approved,2026-03-31,CC-4000,Finance & Accounting,6300,Travel & Entertainment,General & Administrative,863.25
FY2026-Board-Approved,2026-03-31,CC-4000,Finance & Accounting,6400,Professional Fees,General & Administrative,100075.57
FY2026-Board-Approved,2026-03-31,CC-4000,Finance & Accounting,6440,Depreciation & Amortisation,General & Administrative,24978.60
FY2026-Board-Approved,2026-03-31,CC-4000,Finance & Accounting,6900,Other Operating Expense,General & Administrative,187.86
FY2026-Board-Approved,2026-03-31,CC-4010,People Operations,6000,Salaries & Wages,General & Administrative,61920.34
FY2026-Board-Approved,2026-03-31,CC-4010,People Operations,6010,Bonus,General & Administrative,6611.60
FY2026-Board-Approved,2026-03-31,CC-4010,People Operations,6020,Payroll Taxes & Benefits,General & Administrative,14049.04
FY2026-Board-Approved,2026-03-31,CC-4010,People Operations,6200,Software & Subscriptions,General & Administrative,1259.05
FY2026-Board-Approved,2026-03-31,CC-4010,People Operations,6410,Recruiting Fees,General & Administrative,34509.28
FY2026-Board-Approved,2026-03-31,CC-4010,People Operations,6450,Training & Enablement,General & Administrative,223.39
FY2026-Board-Approved,2026-03-31,CC-4020,Legal & Corporate,6000,Salaries & Wages,General & Administrative,11909.78
FY2026-Board-Approved,2026-03-31,CC-4020,Legal & Corporate,6010,Bonus,General & Administrative,952.78
FY2026-Board-Approved,2026-03-31,CC-4020,Legal & Corporate,6020,Payroll Taxes & Benefits,General & Administrative,2636.83
FY2026-Board-Approved,2026-03-31,CC-4020,Legal & Corporate,6200,Software & Subscriptions,General & Administrative,469.72
FY2026-Board-Approved,2026-03-31,CC-4020,Legal & Corporate,6300,Travel & Entertainment,General & Administrative,236.72
FY2026-Board-Approved,2026-03-31,CC-4020,Legal & Corporate,6400,Professional Fees,General & Administrative,55667.29
FY2026-Board-Approved,2026-03-31,CC-4020,Legal & Corporate,6430,Insurance,General & Administrative,21657.74
FY2026-Board-Approved,2026-03-31,CC-4030,IT & Corporate Systems,6000,Salaries & Wages,General & Administrative,53989.26
FY2026-Board-Approved,2026-03-31,CC-4030,IT & Corporate Systems,6010,Bonus,General & Administrative,6009.09
FY2026-Board-Approved,2026-03-31,CC-4030,IT & Corporate Systems,6020,Payroll Taxes & Benefits,General & Administrative,12299.67
FY2026-Board-Approved,2026-03-31,CC-4030,IT & Corporate Systems,6050,Contractor & Temp Labor,General & Administrative,6938.30
FY2026-Board-Approved,2026-03-31,CC-4030,IT & Corporate Systems,6200,Software & Subscriptions,General & Administrative,859.86
FY2026-Board-Approved,2026-03-31,CC-4030,IT & Corporate Systems,6420,Facilities & Rent,General & Administrative,42290.46
FY2026-Board-Approved,2026-03-31,CC-4030,IT & Corporate Systems,6900,Other Operating Expense,General & Administrative,109.49
FY2026-Board-Approved,2026-03-31,CC-9000,Revenue,4000,Subscription Revenue,Subscription Revenue,-2492007.01
FY2026-Board-Approved,2026-03-31,CC-9000,Revenue,4010,Usage Revenue Above Commitment,Subscription Revenue,-53454.70
FY2026-Board-Approved,2026-03-31,CC-9000,Revenue,4100,Professional Services Revenue,Services Revenue,-22865.43
FY2026-Board-Approved,2026-03-31,CC-9000,Revenue,4110,Implementation Fee Revenue,Services Revenue,-62073.64
FY2026-Board-Approved,2026-03-31,CC-9000,Corporate,9000,Ending ARR,Memo - ARR,31497365.48
FY2026-Board-Approved,2026-03-31,CC-9000,Corporate,9010,New Logo ARR,Memo - ARR,630000.00
FY2026-Board-Approved,2026-03-31,CC-9000,Corporate,9020,Expansion ARR,Memo - ARR,514500.00
FY2026-Board-Approved,2026-03-31,CC-9000,Corporate,9030,Reactivation ARR,Memo - ARR,21000.00
FY2026-Board-Approved,2026-03-31,CC-9000,Corporate,9040,Contraction ARR,Memo - ARR,-89250.00
FY2026-Board-Approved,2026-03-31,CC-9000,Corporate,9050,Churn ARR,Memo - ARR,-299250.00
FY2026-Board-Approved,2026-03-31,CC-9000,Corporate,9100,New Logos Added,Memo - Statistical,32.00
FY2026-Board-Approved,2026-03-31,CC-9000,Corporate,9200,Ending Headcount,Memo - Statistical,202.50
FY2026-Board-Approved,2026-04-30,CC-1000,Sales - SMB,6000,Salaries & Wages,Sales & Marketing,81573.78
FY2026-Board-Approved,2026-04-30,CC-1000,Sales - SMB,6020,Payroll Taxes & Benefits,Sales & Marketing,16722.62
FY2026-Board-Approved,2026-04-30,CC-1000,Sales - SMB,6030,Sales Commissions,Sales & Marketing,5484.35
FY2026-Board-Approved,2026-04-30,CC-1000,Sales - SMB,6040,Commission Amortisation,Sales & Marketing,3921.62
FY2026-Board-Approved,2026-04-30,CC-1000,Sales - SMB,6200,Software & Subscriptions,Sales & Marketing,4292.98
FY2026-Board-Approved,2026-04-30,CC-1000,Sales - SMB,6300,Travel & Entertainment,Sales & Marketing,5704.80
FY2026-Board-Approved,2026-04-30,CC-1000,Sales - SMB,6450,Training & Enablement,Sales & Marketing,536.22
FY2026-Board-Approved,2026-04-30,CC-1010,Sales - Mid-Market,6000,Salaries & Wages,Sales & Marketing,109808.13
FY2026-Board-Approved,2026-04-30,CC-1010,Sales - Mid-Market,6020,Payroll Taxes & Benefits,Sales & Marketing,22510.66
FY2026-Board-Approved,2026-04-30,CC-1010,Sales - Mid-Market,6030,Sales Commissions,Sales & Marketing,10470.13
FY2026-Board-Approved,2026-04-30,CC-1010,Sales - Mid-Market,6040,Commission Amortisation,Sales & Marketing,7486.73
FY2026-Board-Approved,2026-04-30,CC-1010,Sales - Mid-Market,6200,Software & Subscriptions,Sales & Marketing,5451.70
FY2026-Board-Approved,2026-04-30,CC-1010,Sales - Mid-Market,6300,Travel & Entertainment,Sales & Marketing,7068.65
FY2026-Board-Approved,2026-04-30,CC-1010,Sales - Mid-Market,6450,Training & Enablement,Sales & Marketing,639.55
FY2026-Board-Approved,2026-04-30,CC-1020,Sales - Enterprise,6000,Salaries & Wages,Sales & Marketing,71122.19
FY2026-Board-Approved,2026-04-30,CC-1020,Sales - Enterprise,6020,Payroll Taxes & Benefits,Sales & Marketing,14580.05
FY2026-Board-Approved,2026-04-30,CC-1020,Sales - Enterprise,6030,Sales Commissions,Sales & Marketing,8974.40
FY2026-Board-Approved,2026-04-30,CC-1020,Sales - Enterprise,6040,Commission Amortisation,Sales & Marketing,6417.20
FY2026-Board-Approved,2026-04-30,CC-1020,Sales - Enterprise,6200,Software & Subscriptions,Sales & Marketing,2797.58
FY2026-Board-Approved,2026-04-30,CC-1020,Sales - Enterprise,6300,Travel & Entertainment,Sales & Marketing,4290.36
FY2026-Board-Approved,2026-04-30,CC-1020,Sales - Enterprise,6450,Training & Enablement,Sales & Marketing,336.59
FY2026-Board-Approved,2026-04-30,CC-1030,Sales Development,6000,Salaries & Wages,Sales & Marketing,55874.76
FY2026-Board-Approved,2026-04-30,CC-1030,Sales Development,6020,Payroll Taxes & Benefits,Sales & Marketing,11454.32
FY2026-Board-Approved,2026-04-30,CC-1030,Sales Development,6200,Software & Subscriptions,Sales & Marketing,2689.97
FY2026-Board-Approved,2026-04-30,CC-1030,Sales Development,6300,Travel & Entertainment,Sales & Marketing,3590.26
FY2026-Board-Approved,2026-04-30,CC-1030,Sales Development,6450,Training & Enablement,Sales & Marketing,325.01
FY2026-Board-Approved,2026-04-30,CC-1040,Sales Operations,6000,Salaries & Wages,Sales & Marketing,51867.87
FY2026-Board-Approved,2026-04-30,CC-1040,Sales Operations,6020,Payroll Taxes & Benefits,Sales & Marketing,10632.92
FY2026-Board-Approved,2026-04-30,CC-1040,Sales Operations,6200,Software & Subscriptions,Sales & Marketing,2182.67
FY2026-Board-Approved,2026-04-30,CC-1040,Sales Operations,6300,Travel & Entertainment,Sales & Marketing,2862.26
FY2026-Board-Approved,2026-04-30,CC-1050,Solutions Engineering,6000,Salaries & Wages,Sales & Marketing,39412.85
FY2026-Board-Approved,2026-04-30,CC-1050,Solutions Engineering,6020,Payroll Taxes & Benefits,Sales & Marketing,8079.63
FY2026-Board-Approved,2026-04-30,CC-1050,Solutions Engineering,6200,Software & Subscriptions,Sales & Marketing,1485.13
FY2026-Board-Approved,2026-04-30,CC-1050,Solutions Engineering,6300,Travel & Entertainment,Sales & Marketing,2565.40
FY2026-Board-Approved,2026-04-30,CC-1060,Sales Leadership,6000,Salaries & Wages,Sales & Marketing,17410.45
FY2026-Board-Approved,2026-04-30,CC-1060,Sales Leadership,6020,Payroll Taxes & Benefits,Sales & Marketing,3569.14
FY2026-Board-Approved,2026-04-30,CC-1060,Sales Leadership,6200,Software & Subscriptions,Sales & Marketing,859.81
FY2026-Board-Approved,2026-04-30,CC-1060,Sales Leadership,6300,Travel & Entertainment,Sales & Marketing,1248.71
FY2026-Board-Approved,2026-04-30,CC-1060,Sales Leadership,6450,Training & Enablement,Sales & Marketing,111.52
FY2026-Board-Approved,2026-04-30,CC-1100,Demand Generation,6000,Salaries & Wages,Sales & Marketing,84268.68
FY2026-Board-Approved,2026-04-30,CC-1100,Demand Generation,6010,Bonus,Sales & Marketing,7725.66
FY2026-Board-Approved,2026-04-30,CC-1100,Demand Generation,6020,Payroll Taxes & Benefits,Sales & Marketing,18858.84
FY2026-Board-Approved,2026-04-30,CC-1100,Demand Generation,6050,Contractor & Temp Labor,Sales & Marketing,17539.37
FY2026-Board-Approved,2026-04-30,CC-1100,Demand Generation,6100,Demand Generation,Sales & Marketing,217615.99
FY2026-Board-Approved,2026-04-30,CC-1100,Demand Generation,6110,Events & Field Marketing,Sales & Marketing,89298.25
FY2026-Board-Approved,2026-04-30,CC-1100,Demand Generation,6200,Software & Subscriptions,Sales & Marketing,3495.07
FY2026-Board-Approved,2026-04-30,CC-1100,Demand Generation,6300,Travel & Entertainment,Sales & Marketing,2966.78
FY2026-Board-Approved,2026-04-30,CC-1100,Demand Generation,6450,Training & Enablement,Sales & Marketing,511.86
FY2026-Board-Approved,2026-04-30,CC-1110,Product Marketing,6000,Salaries & Wages,Sales & Marketing,80439.09
FY2026-Board-Approved,2026-04-30,CC-1110,Product Marketing,6010,Bonus,Sales & Marketing,7339.69
FY2026-Board-Approved,2026-04-30,CC-1110,Product Marketing,6020,Payroll Taxes & Benefits,Sales & Marketing,17994.65
FY2026-Board-Approved,2026-04-30,CC-1110,Product Marketing,6120,Brand & Content,Sales & Marketing,57074.56
FY2026-Board-Approved,2026-04-30,CC-1110,Product Marketing,6200,Software & Subscriptions,Sales & Marketing,3559.93
FY2026-Board-Approved,2026-04-30,CC-1110,Product Marketing,6300,Travel & Entertainment,Sales & Marketing,2910.25
FY2026-Board-Approved,2026-04-30,CC-1200,Customer Success,6000,Salaries & Wages,Subscription COGS,200991.35
FY2026-Board-Approved,2026-04-30,CC-1200,Customer Success,6010,Bonus,Subscription COGS,19103.80
FY2026-Board-Approved,2026-04-30,CC-1200,Customer Success,6020,Payroll Taxes & Benefits,Subscription COGS,45119.50
FY2026-Board-Approved,2026-04-30,CC-1200,Customer Success,6200,Software & Subscriptions,Subscription COGS,3755.93
FY2026-Board-Approved,2026-04-30,CC-1200,Customer Success,6300,Travel & Entertainment,Subscription COGS,2923.31
FY2026-Board-Approved,2026-04-30,CC-2000,Support,5010,Third-Party Data & APIs,Subscription COGS,1293.97
FY2026-Board-Approved,2026-04-30,CC-2000,Support,6000,Salaries & Wages,Subscription COGS,58543.06
FY2026-Board-Approved,2026-04-30,CC-2000,Support,6010,Bonus,Subscription COGS,6136.92
FY2026-Board-Approved,2026-04-30,CC-2000,Support,6020,Payroll Taxes & Benefits,Subscription COGS,13259.40
FY2026-Board-Approved,2026-04-30,CC-2000,Support,6200,Software & Subscriptions,Subscription COGS,886.93
FY2026-Board-Approved,2026-04-30,CC-2010,Cloud Operations,5000,Cloud Hosting,Subscription COGS,165445.95
FY2026-Board-Approved,2026-04-30,CC-2010,Cloud Operations,5010,Third-Party Data & APIs,Subscription COGS,959.56
FY2026-Board-Approved,2026-04-30,CC-2010,Cloud Operations,5020,Payment Processing Fees,Subscription COGS,9470.71
FY2026-Board-Approved,2026-04-30,CC-2010,Cloud Operations,6000,Salaries & Wages,Subscription COGS,69393.56
FY2026-Board-Approved,2026-04-30,CC-2010,Cloud Operations,6010,Bonus,Subscription COGS,6990.33
FY2026-Board-Approved,2026-04-30,CC-2010,Cloud Operations,6020,Payroll Taxes & Benefits,Subscription COGS,15658.70
FY2026-Board-Approved,2026-04-30,CC-2010,Cloud Operations,6050,Contractor & Temp Labor,Subscription COGS,17699.95
FY2026-Board-Approved,2026-04-30,CC-2010,Cloud Operations,6200,Software & Subscriptions,Subscription COGS,1168.58
FY2026-Board-Approved,2026-04-30,CC-2010,Cloud Operations,6900,Other Operating Expense,Subscription COGS,173.97
FY2026-Board-Approved,2026-04-30,CC-2100,Professional Services,5030,Services Subcontractors,Services COGS,3706.07
FY2026-Board-Approved,2026-04-30,CC-2100,Professional Services,6000,Salaries & Wages,Services COGS,36443.14
FY2026-Board-Approved,2026-04-30,CC-2100,Professional Services,6010,Bonus,Services COGS,3290.97
FY2026-Board-Approved,2026-04-30,CC-2100,Professional Services,6020,Payroll Taxes & Benefits,Services COGS,8145.49
FY2026-Board-Approved,2026-04-30,CC-2100,Professional Services,6200,Software & Subscriptions,Services COGS,988.77
FY2026-Board-Approved,2026-04-30,CC-2100,Professional Services,6300,Travel & Entertainment,Services COGS,2030.72
FY2026-Board-Approved,2026-04-30,CC-3000,Engineering,6000,Salaries & Wages,Research & Development,358403.40
FY2026-Board-Approved,2026-04-30,CC-3000,Engineering,6010,Bonus,Research & Development,34352.92
FY2026-Board-Approved,2026-04-30,CC-3000,Engineering,6020,Payroll Taxes & Benefits,Research & Development,80515.05
FY2026-Board-Approved,2026-04-30,CC-3000,Engineering,6050,Contractor & Temp Labor,Research & Development,28785.12
FY2026-Board-Approved,2026-04-30,CC-3000,Engineering,6200,Software & Subscriptions,Research & Development,13036.82
FY2026-Board-Approved,2026-04-30,CC-3000,Engineering,6300,Travel & Entertainment,Research & Development,2472.01
FY2026-Board-Approved,2026-04-30,CC-3000,Engineering,6450,Training & Enablement,Research & Development,1771.85
FY2026-Board-Approved,2026-04-30,CC-3000,Engineering,6900,Other Operating Expense,Research & Development,1265.56
FY2026-Board-Approved,2026-04-30,CC-3010,Quality & Release,6000,Salaries & Wages,Research & Development,49793.51
FY2026-Board-Approved,2026-04-30,CC-3010,Quality & Release,6010,Bonus,Research & Development,3983.48
FY2026-Board-Approved,2026-04-30,CC-3010,Quality & Release,6020,Payroll Taxes & Benefits,Research & Development,11024.28
FY2026-Board-Approved,2026-04-30,CC-3010,Quality & Release,6050,Contractor & Temp Labor,Research & Development,8837.37
FY2026-Board-Approved,2026-04-30,CC-3010,Quality & Release,6200,Software & Subscriptions,Research & Development,1820.09
FY2026-Board-Approved,2026-04-30,CC-3100,Product & Design,6000,Salaries & Wages,Research & Development,145019.07
FY2026-Board-Approved,2026-04-30,CC-3100,Product & Design,6010,Bonus,Research & Development,12819.90
FY2026-Board-Approved,2026-04-30,CC-3100,Product & Design,6020,Payroll Taxes & Benefits,Research & Development,32356.99
FY2026-Board-Approved,2026-04-30,CC-3100,Product & Design,6050,Contractor & Temp Labor,Research & Development,11280.75
FY2026-Board-Approved,2026-04-30,CC-3100,Product & Design,6200,Software & Subscriptions,Research & Development,5043.18
FY2026-Board-Approved,2026-04-30,CC-3100,Product & Design,6300,Travel & Entertainment,Research & Development,1339.16
FY2026-Board-Approved,2026-04-30,CC-4000,Finance & Accounting,6000,Salaries & Wages,General & Administrative,52736.63
FY2026-Board-Approved,2026-04-30,CC-4000,Finance & Accounting,6010,Bonus,General & Administrative,4769.97
FY2026-Board-Approved,2026-04-30,CC-4000,Finance & Accounting,6020,Payroll Taxes & Benefits,General & Administrative,11788.85
FY2026-Board-Approved,2026-04-30,CC-4000,Finance & Accounting,6200,Software & Subscriptions,General & Administrative,1255.48
FY2026-Board-Approved,2026-04-30,CC-4000,Finance & Accounting,6300,Travel & Entertainment,General & Administrative,747.83
FY2026-Board-Approved,2026-04-30,CC-4000,Finance & Accounting,6400,Professional Fees,General & Administrative,94199.79
FY2026-Board-Approved,2026-04-30,CC-4000,Finance & Accounting,6440,Depreciation & Amortisation,General & Administrative,25280.36
FY2026-Board-Approved,2026-04-30,CC-4000,Finance & Accounting,6900,Other Operating Expense,General & Administrative,167.49
FY2026-Board-Approved,2026-04-30,CC-4010,People Operations,6000,Salaries & Wages,General & Administrative,62496.76
FY2026-Board-Approved,2026-04-30,CC-4010,People Operations,6010,Bonus,General & Administrative,6673.14
FY2026-Board-Approved,2026-04-30,CC-4010,People Operations,6020,Payroll Taxes & Benefits,General & Administrative,14179.83
FY2026-Board-Approved,2026-04-30,CC-4010,People Operations,6200,Software & Subscriptions,General & Administrative,1116.58
FY2026-Board-Approved,2026-04-30,CC-4010,People Operations,6410,Recruiting Fees,General & Administrative,72075.26
FY2026-Board-Approved,2026-04-30,CC-4010,People Operations,6450,Training & Enablement,General & Administrative,215.79
FY2026-Board-Approved,2026-04-30,CC-4020,Legal & Corporate,6000,Salaries & Wages,General & Administrative,12020.65
FY2026-Board-Approved,2026-04-30,CC-4020,Legal & Corporate,6010,Bonus,General & Administrative,961.65
FY2026-Board-Approved,2026-04-30,CC-4020,Legal & Corporate,6020,Payroll Taxes & Benefits,General & Administrative,2661.37
FY2026-Board-Approved,2026-04-30,CC-4020,Legal & Corporate,6200,Software & Subscriptions,General & Administrative,427.46
FY2026-Board-Approved,2026-04-30,CC-4020,Legal & Corporate,6300,Travel & Entertainment,General & Administrative,245.13
FY2026-Board-Approved,2026-04-30,CC-4020,Legal & Corporate,6400,Professional Fees,General & Administrative,50981.08
FY2026-Board-Approved,2026-04-30,CC-4020,Legal & Corporate,6430,Insurance,General & Administrative,22748.32
FY2026-Board-Approved,2026-04-30,CC-4030,IT & Corporate Systems,6000,Salaries & Wages,General & Administrative,54491.85
FY2026-Board-Approved,2026-04-30,CC-4030,IT & Corporate Systems,6010,Bonus,General & Administrative,6065.03
FY2026-Board-Approved,2026-04-30,CC-4030,IT & Corporate Systems,6020,Payroll Taxes & Benefits,General & Administrative,12414.16
FY2026-Board-Approved,2026-04-30,CC-4030,IT & Corporate Systems,6050,Contractor & Temp Labor,General & Administrative,7240.48
FY2026-Board-Approved,2026-04-30,CC-4030,IT & Corporate Systems,6200,Software & Subscriptions,General & Administrative,881.65
FY2026-Board-Approved,2026-04-30,CC-4030,IT & Corporate Systems,6420,Facilities & Rent,General & Administrative,46625.12
FY2026-Board-Approved,2026-04-30,CC-4030,IT & Corporate Systems,6900,Other Operating Expense,General & Administrative,108.04
FY2026-Board-Approved,2026-04-30,CC-9000,Revenue,4000,Subscription Revenue,Subscription Revenue,-2541134.45
FY2026-Board-Approved,2026-04-30,CC-9000,Revenue,4010,Usage Revenue Above Commitment,Subscription Revenue,-54508.50
FY2026-Board-Approved,2026-04-30,CC-9000,Revenue,4100,Professional Services Revenue,Services Revenue,-15755.03
FY2026-Board-Approved,2026-04-30,CC-9000,Revenue,4110,Implementation Fee Revenue,Services Revenue,-62642.04
FY2026-Board-Approved,2026-04-30,CC-9000,Corporate,9000,Ending ARR,Memo - ARR,31959865.48
FY2026-Board-Approved,2026-04-30,CC-9000,Corporate,9010,New Logo ARR,Memo - ARR,390000.00
FY2026-Board-Approved,2026-04-30,CC-9000,Corporate,9020,Expansion ARR,Memo - ARR,318500.00
FY2026-Board-Approved,2026-04-30,CC-9000,Corporate,9030,Reactivation ARR,Memo - ARR,13000.00
FY2026-Board-Approved,2026-04-30,CC-9000,Corporate,9040,Contraction ARR,Memo - ARR,-59500.00
FY2026-Board-Approved,2026-04-30,CC-9000,Corporate,9050,Churn ARR,Memo - ARR,-199500.00
FY2026-Board-Approved,2026-04-30,CC-9000,Corporate,9100,New Logos Added,Memo - Statistical,19.00
FY2026-Board-Approved,2026-04-30,CC-9000,Corporate,9200,Ending Headcount,Memo - Statistical,203.80
FY2026-Board-Approved,2026-05-31,CC-1000,Sales - SMB,6000,Salaries & Wages,Sales & Marketing,74545.96
FY2026-Board-Approved,2026-05-31,CC-1000,Sales - SMB,6020,Payroll Taxes & Benefits,Sales & Marketing,15281.92
FY2026-Board-Approved,2026-05-31,CC-1000,Sales - SMB,6030,Sales Commissions,Sales & Marketing,5002.48
FY2026-Board-Approved,2026-05-31,CC-1000,Sales - SMB,6040,Commission Amortisation,Sales & Marketing,4168.96
FY2026-Board-Approved,2026-05-31,CC-1000,Sales - SMB,6200,Software & Subscriptions,Sales & Marketing,4438.35
FY2026-Board-Approved,2026-05-31,CC-1000,Sales - SMB,6300,Travel & Entertainment,Sales & Marketing,5535.66
FY2026-Board-Approved,2026-05-31,CC-1000,Sales - SMB,6450,Training & Enablement,Sales & Marketing,455.90
FY2026-Board-Approved,2026-05-31,CC-1010,Sales - Mid-Market,6000,Salaries & Wages,Sales & Marketing,93916.11
FY2026-Board-Approved,2026-05-31,CC-1010,Sales - Mid-Market,6020,Payroll Taxes & Benefits,Sales & Marketing,19252.81
FY2026-Board-Approved,2026-05-31,CC-1010,Sales - Mid-Market,6030,Sales Commissions,Sales & Marketing,9550.19
FY2026-Board-Approved,2026-05-31,CC-1010,Sales - Mid-Market,6040,Commission Amortisation,Sales & Marketing,7958.93
FY2026-Board-Approved,2026-05-31,CC-1010,Sales - Mid-Market,6200,Software & Subscriptions,Sales & Marketing,4468.06
FY2026-Board-Approved,2026-05-31,CC-1010,Sales - Mid-Market,6300,Travel & Entertainment,Sales & Marketing,5903.14
FY2026-Board-Approved,2026-05-31,CC-1010,Sales - Mid-Market,6450,Training & Enablement,Sales & Marketing,516.25
FY2026-Board-Approved,2026-05-31,CC-1020,Sales - Enterprise,6000,Salaries & Wages,Sales & Marketing,71781.36
FY2026-Board-Approved,2026-05-31,CC-1020,Sales - Enterprise,6020,Payroll Taxes & Benefits,Sales & Marketing,14715.18
FY2026-Board-Approved,2026-05-31,CC-1020,Sales - Enterprise,6030,Sales Commissions,Sales & Marketing,8185.87
FY2026-Board-Approved,2026-05-31,CC-1020,Sales - Enterprise,6040,Commission Amortisation,Sales & Marketing,6821.94
FY2026-Board-Approved,2026-05-31,CC-1020,Sales - Enterprise,6200,Software & Subscriptions,Sales & Marketing,3107.99
FY2026-Board-Approved,2026-05-31,CC-1020,Sales - Enterprise,6300,Travel & Entertainment,Sales & Marketing,4542.40
FY2026-Board-Approved,2026-05-31,CC-1020,Sales - Enterprise,6450,Training & Enablement,Sales & Marketing,406.79
FY2026-Board-Approved,2026-05-31,CC-1030,Sales Development,6000,Salaries & Wages,Sales & Marketing,44868.94
FY2026-Board-Approved,2026-05-31,CC-1030,Sales Development,6020,Payroll Taxes & Benefits,Sales & Marketing,9198.13
FY2026-Board-Approved,2026-05-31,CC-1030,Sales Development,6200,Software & Subscriptions,Sales & Marketing,2061.65
FY2026-Board-Approved,2026-05-31,CC-1030,Sales Development,6300,Travel & Entertainment,Sales & Marketing,3055.71
FY2026-Board-Approved,2026-05-31,CC-1030,Sales Development,6450,Training & Enablement,Sales & Marketing,253.81
FY2026-Board-Approved,2026-05-31,CC-1040,Sales Operations,6000,Salaries & Wages,Sales & Marketing,64704.33
FY2026-Board-Approved,2026-05-31,CC-1040,Sales Operations,6020,Payroll Taxes & Benefits,Sales & Marketing,13264.39
FY2026-Board-Approved,2026-05-31,CC-1040,Sales Operations,6200,Software & Subscriptions,Sales & Marketing,2649.04
FY2026-Board-Approved,2026-05-31,CC-1040,Sales Operations,6300,Travel & Entertainment,Sales & Marketing,3589.35
FY2026-Board-Approved,2026-05-31,CC-1050,Solutions Engineering,6000,Salaries & Wages,Sales & Marketing,39778.13
FY2026-Board-Approved,2026-05-31,CC-1050,Solutions Engineering,6020,Payroll Taxes & Benefits,Sales & Marketing,8154.52
FY2026-Board-Approved,2026-05-31,CC-1050,Solutions Engineering,6200,Software & Subscriptions,Sales & Marketing,1628.93
FY2026-Board-Approved,2026-05-31,CC-1050,Solutions Engineering,6300,Travel & Entertainment,Sales & Marketing,2482.27
FY2026-Board-Approved,2026-05-31,CC-1060,Sales Leadership,6000,Salaries & Wages,Sales & Marketing,17571.81
FY2026-Board-Approved,2026-05-31,CC-1060,Sales Leadership,6020,Payroll Taxes & Benefits,Sales & Marketing,3602.22
FY2026-Board-Approved,2026-05-31,CC-1060,Sales Leadership,6200,Software & Subscriptions,Sales & Marketing,842.89
FY2026-Board-Approved,2026-05-31,CC-1060,Sales Leadership,6300,Travel & Entertainment,Sales & Marketing,1260.98
FY2026-Board-Approved,2026-05-31,CC-1060,Sales Leadership,6450,Training & Enablement,Sales & Marketing,104.71
FY2026-Board-Approved,2026-05-31,CC-1100,Demand Generation,6000,Salaries & Wages,Sales & Marketing,98693.78
FY2026-Board-Approved,2026-05-31,CC-1100,Demand Generation,6010,Bonus,Sales & Marketing,9434.56
FY2026-Board-Approved,2026-05-31,CC-1100,Demand Generation,6020,Payroll Taxes & Benefits,Sales & Marketing,22166.31
FY2026-Board-Approved,2026-05-31,CC-1100,Demand Generation,6050,Contractor & Temp Labor,Sales & Marketing,18612.65
FY2026-Board-Approved,2026-05-31,CC-1100,Demand Generation,6100,Demand Generation,Sales & Marketing,217785.21
FY2026-Board-Approved,2026-05-31,CC-1100,Demand Generation,6110,Events & Field Marketing,Sales & Marketing,94605.47
FY2026-Board-Approved,2026-05-31,CC-1100,Demand Generation,6200,Software & Subscriptions,Sales & Marketing,3493.01
FY2026-Board-Approved,2026-05-31,CC-1100,Demand Generation,6300,Travel & Entertainment,Sales & Marketing,3364.46
FY2026-Board-Approved,2026-05-31,CC-1100,Demand Generation,6450,Training & Enablement,Sales & Marketing,537.81
FY2026-Board-Approved,2026-05-31,CC-1110,Product Marketing,6000,Salaries & Wages,Sales & Marketing,72917.63
FY2026-Board-Approved,2026-05-31,CC-1110,Product Marketing,6010,Bonus,Sales & Marketing,6746.36
FY2026-Board-Approved,2026-05-31,CC-1110,Product Marketing,6020,Payroll Taxes & Benefits,Sales & Marketing,16331.12
FY2026-Board-Approved,2026-05-31,CC-1110,Product Marketing,6120,Brand & Content,Sales & Marketing,54264.11
FY2026-Board-Approved,2026-05-31,CC-1110,Product Marketing,6200,Software & Subscriptions,Sales & Marketing,3109.45
FY2026-Board-Approved,2026-05-31,CC-1110,Product Marketing,6300,Travel & Entertainment,Sales & Marketing,2769.38
FY2026-Board-Approved,2026-05-31,CC-1200,Customer Success,6000,Salaries & Wages,Subscription COGS,195356.59
FY2026-Board-Approved,2026-05-31,CC-1200,Customer Success,6010,Bonus,Subscription COGS,18681.04
FY2026-Board-Approved,2026-05-31,CC-1200,Customer Success,6020,Payroll Taxes & Benefits,Subscription COGS,43877.71
FY2026-Board-Approved,2026-05-31,CC-1200,Customer Success,6200,Software & Subscriptions,Subscription COGS,3602.51
FY2026-Board-Approved,2026-05-31,CC-1200,Customer Success,6300,Travel & Entertainment,Subscription COGS,3018.15
FY2026-Board-Approved,2026-05-31,CC-2000,Support,5010,Third-Party Data & APIs,Subscription COGS,1238.86
FY2026-Board-Approved,2026-05-31,CC-2000,Support,6000,Salaries & Wages,Subscription COGS,67862.59
FY2026-Board-Approved,2026-05-31,CC-2000,Support,6010,Bonus,Subscription COGS,6895.95
FY2026-Board-Approved,2026-05-31,CC-2000,Support,6020,Payroll Taxes & Benefits,Subscription COGS,15325.50
FY2026-Board-Approved,2026-05-31,CC-2000,Support,6200,Software & Subscriptions,Subscription COGS,1115.49
FY2026-Board-Approved,2026-05-31,CC-2010,Cloud Operations,5000,Cloud Hosting,Subscription COGS,152784.89
FY2026-Board-Approved,2026-05-31,CC-2010,Cloud Operations,5010,Third-Party Data & APIs,Subscription COGS,909.65
FY2026-Board-Approved,2026-05-31,CC-2010,Cloud Operations,5020,Payment Processing Fees,Subscription COGS,12959.13
FY2026-Board-Approved,2026-05-31,CC-2010,Cloud Operations,6000,Salaries & Wages,Subscription COGS,70036.70
FY2026-Board-Approved,2026-05-31,CC-2010,Cloud Operations,6010,Bonus,Subscription COGS,7055.12
FY2026-Board-Approved,2026-05-31,CC-2010,Cloud Operations,6020,Payroll Taxes & Benefits,Subscription COGS,15803.82
FY2026-Board-Approved,2026-05-31,CC-2010,Cloud Operations,6050,Contractor & Temp Labor,Subscription COGS,19041.11
FY2026-Board-Approved,2026-05-31,CC-2010,Cloud Operations,6200,Software & Subscriptions,Subscription COGS,1063.14
FY2026-Board-Approved,2026-05-31,CC-2010,Cloud Operations,6900,Other Operating Expense,Subscription COGS,168.31
FY2026-Board-Approved,2026-05-31,CC-2100,Professional Services,5030,Services Subcontractors,Services COGS,4672.79
FY2026-Board-Approved,2026-05-31,CC-2100,Professional Services,6000,Salaries & Wages,Services COGS,43571.63
FY2026-Board-Approved,2026-05-31,CC-2100,Professional Services,6010,Bonus,Services COGS,3864.73
FY2026-Board-Approved,2026-05-31,CC-2100,Professional Services,6020,Payroll Taxes & Benefits,Services COGS,9724.45
FY2026-Board-Approved,2026-05-31,CC-2100,Professional Services,6200,Software & Subscriptions,Services COGS,1126.93
FY2026-Board-Approved,2026-05-31,CC-2100,Professional Services,6300,Travel & Entertainment,Services COGS,2349.97
FY2026-Board-Approved,2026-05-31,CC-3000,Engineering,6000,Salaries & Wages,Research & Development,372774.56
FY2026-Board-Approved,2026-05-31,CC-3000,Engineering,6010,Bonus,Research & Development,35555.26
FY2026-Board-Approved,2026-05-31,CC-3000,Engineering,6020,Payroll Taxes & Benefits,Research & Development,83707.61
FY2026-Board-Approved,2026-05-31,CC-3000,Engineering,6050,Contractor & Temp Labor,Research & Development,29055.01
FY2026-Board-Approved,2026-05-31,CC-3000,Engineering,6200,Software & Subscriptions,Research & Development,12332.03
FY2026-Board-Approved,2026-05-31,CC-3000,Engineering,6300,Travel & Entertainment,Research & Development,2459.66
FY2026-Board-Approved,2026-05-31,CC-3000,Engineering,6450,Training & Enablement,Research & Development,1967.45
FY2026-Board-Approved,2026-05-31,CC-3000,Engineering,6900,Other Operating Expense,Research & Development,1211.34
FY2026-Board-Approved,2026-05-31,CC-3010,Quality & Release,6000,Salaries & Wages,Research & Development,50255.00
FY2026-Board-Approved,2026-05-31,CC-3010,Quality & Release,6010,Bonus,Research & Development,4020.40
FY2026-Board-Approved,2026-05-31,CC-3010,Quality & Release,6020,Payroll Taxes & Benefits,Research & Development,11126.45
FY2026-Board-Approved,2026-05-31,CC-3010,Quality & Release,6050,Contractor & Temp Labor,Research & Development,10117.78
FY2026-Board-Approved,2026-05-31,CC-3010,Quality & Release,6200,Software & Subscriptions,Research & Development,1830.34
FY2026-Board-Approved,2026-05-31,CC-3100,Product & Design,6000,Salaries & Wages,Research & Development,146363.11
FY2026-Board-Approved,2026-05-31,CC-3100,Product & Design,6010,Bonus,Research & Development,12938.71
FY2026-Board-Approved,2026-05-31,CC-3100,Product & Design,6020,Payroll Taxes & Benefits,Research & Development,32656.88
FY2026-Board-Approved,2026-05-31,CC-3100,Product & Design,6050,Contractor & Temp Labor,Research & Development,12377.46
FY2026-Board-Approved,2026-05-31,CC-3100,Product & Design,6200,Software & Subscriptions,Research & Development,5011.72
FY2026-Board-Approved,2026-05-31,CC-3100,Product & Design,6300,Travel & Entertainment,Research & Development,1280.88
FY2026-Board-Approved,2026-05-31,CC-4000,Finance & Accounting,6000,Salaries & Wages,General & Administrative,53225.39
FY2026-Board-Approved,2026-05-31,CC-4000,Finance & Accounting,6010,Bonus,General & Administrative,4814.17
FY2026-Board-Approved,2026-05-31,CC-4000,Finance & Accounting,6020,Payroll Taxes & Benefits,General & Administrative,11898.11
FY2026-Board-Approved,2026-05-31,CC-4000,Finance & Accounting,6200,Software & Subscriptions,General & Administrative,1353.45
FY2026-Board-Approved,2026-05-31,CC-4000,Finance & Accounting,6300,Travel & Entertainment,General & Administrative,729.51
FY2026-Board-Approved,2026-05-31,CC-4000,Finance & Accounting,6400,Professional Fees,General & Administrative,38154.68
FY2026-Board-Approved,2026-05-31,CC-4000,Finance & Accounting,6440,Depreciation & Amortisation,General & Administrative,25585.76
FY2026-Board-Approved,2026-05-31,CC-4000,Finance & Accounting,6900,Other Operating Expense,General & Administrative,181.51
FY2026-Board-Approved,2026-05-31,CC-4010,People Operations,6000,Salaries & Wages,General & Administrative,63075.98
FY2026-Board-Approved,2026-05-31,CC-4010,People Operations,6010,Bonus,General & Administrative,6734.99
FY2026-Board-Approved,2026-05-31,CC-4010,People Operations,6020,Payroll Taxes & Benefits,General & Administrative,14311.25
FY2026-Board-Approved,2026-05-31,CC-4010,People Operations,6200,Software & Subscriptions,General & Administrative,1077.65
FY2026-Board-Approved,2026-05-31,CC-4010,People Operations,6410,Recruiting Fees,General & Administrative,58365.14
FY2026-Board-Approved,2026-05-31,CC-4010,People Operations,6450,Training & Enablement,General & Administrative,235.85
FY2026-Board-Approved,2026-05-31,CC-4020,Legal & Corporate,6000,Salaries & Wages,General & Administrative,12132.06
FY2026-Board-Approved,2026-05-31,CC-4020,Legal & Corporate,6010,Bonus,General & Administrative,970.56
FY2026-Board-Approved,2026-05-31,CC-4020,Legal & Corporate,6020,Payroll Taxes & Benefits,General & Administrative,2686.04
FY2026-Board-Approved,2026-05-31,CC-4020,Legal & Corporate,6200,Software & Subscriptions,General & Administrative,432.95
FY2026-Board-Approved,2026-05-31,CC-4020,Legal & Corporate,6300,Travel & Entertainment,General & Administrative,246.94
FY2026-Board-Approved,2026-05-31,CC-4020,Legal & Corporate,6400,Professional Fees,General & Administrative,24042.30
FY2026-Board-Approved,2026-05-31,CC-4020,Legal & Corporate,6430,Insurance,General & Administrative,23077.51
FY2026-Board-Approved,2026-05-31,CC-4030,IT & Corporate Systems,6000,Salaries & Wages,General & Administrative,54996.89
FY2026-Board-Approved,2026-05-31,CC-4030,IT & Corporate Systems,6010,Bonus,General & Administrative,6121.24
FY2026-Board-Approved,2026-05-31,CC-4030,IT & Corporate Systems,6020,Payroll Taxes & Benefits,General & Administrative,12529.22
FY2026-Board-Approved,2026-05-31,CC-4030,IT & Corporate Systems,6050,Contractor & Temp Labor,General & Administrative,7121.86
FY2026-Board-Approved,2026-05-31,CC-4030,IT & Corporate Systems,6200,Software & Subscriptions,General & Administrative,907.00
FY2026-Board-Approved,2026-05-31,CC-4030,IT & Corporate Systems,6420,Facilities & Rent,General & Administrative,43853.42
FY2026-Board-Approved,2026-05-31,CC-4030,IT & Corporate Systems,6900,Other Operating Expense,General & Administrative,121.78
FY2026-Board-Approved,2026-05-31,CC-9000,Revenue,4000,Subscription Revenue,Subscription Revenue,-2590412.83
FY2026-Board-Approved,2026-05-31,CC-9000,Revenue,4010,Usage Revenue Above Commitment,Subscription Revenue,-55565.55
FY2026-Board-Approved,2026-05-31,CC-9000,Revenue,4100,Professional Services Revenue,Services Revenue,-13783.97
FY2026-Board-Approved,2026-05-31,CC-9000,Revenue,4110,Implementation Fee Revenue,Services Revenue,-59145.33
FY2026-Board-Approved,2026-05-31,CC-9000,Corporate,9000,Ending ARR,Memo - ARR,32514865.48
FY2026-Board-Approved,2026-05-31,CC-9000,Corporate,9010,New Logo ARR,Memo - ARR,420000.00
FY2026-Board-Approved,2026-05-31,CC-9000,Corporate,9020,Expansion ARR,Memo - ARR,343000.00
FY2026-Board-Approved,2026-05-31,CC-9000,Corporate,9030,Reactivation ARR,Memo - ARR,14000.00
FY2026-Board-Approved,2026-05-31,CC-9000,Corporate,9040,Contraction ARR,Memo - ARR,-51000.00
FY2026-Board-Approved,2026-05-31,CC-9000,Corporate,9050,Churn ARR,Memo - ARR,-171000.00
FY2026-Board-Approved,2026-05-31,CC-9000,Corporate,9100,New Logos Added,Memo - Statistical,19.00
FY2026-Board-Approved,2026-05-31,CC-9000,Corporate,9200,Ending Headcount,Memo - Statistical,205.10
FY2026-Board-Approved,2026-06-30,CC-1000,Sales - SMB,6000,Salaries & Wages,Sales & Marketing,75233.83
FY2026-Board-Approved,2026-06-30,CC-1000,Sales - SMB,6020,Payroll Taxes & Benefits,Sales & Marketing,15422.93
FY2026-Board-Approved,2026-06-30,CC-1000,Sales - SMB,6030,Sales Commissions,Sales & Marketing,5499.00
FY2026-Board-Approved,2026-06-30,CC-1000,Sales - SMB,6040,Commission Amortisation,Sales & Marketing,4439.13
FY2026-Board-Approved,2026-06-30,CC-1000,Sales - SMB,6200,Software & Subscriptions,Sales & Marketing,3948.48
FY2026-Board-Approved,2026-06-30,CC-1000,Sales - SMB,6300,Travel & Entertainment,Sales & Marketing,5558.16
FY2026-Board-Approved,2026-06-30,CC-1000,Sales - SMB,6450,Training & Enablement,Sales & Marketing,489.53
FY2026-Board-Approved,2026-06-30,CC-1010,Sales - Mid-Market,6000,Salaries & Wages,Sales & Marketing,94782.71
FY2026-Board-Approved,2026-06-30,CC-1010,Sales - Mid-Market,6020,Payroll Taxes & Benefits,Sales & Marketing,19430.46
FY2026-Board-Approved,2026-06-30,CC-1010,Sales - Mid-Market,6030,Sales Commissions,Sales & Marketing,10498.09
FY2026-Board-Approved,2026-06-30,CC-1010,Sales - Mid-Market,6040,Commission Amortisation,Sales & Marketing,8474.72
FY2026-Board-Approved,2026-06-30,CC-1010,Sales - Mid-Market,6200,Software & Subscriptions,Sales & Marketing,4407.91
FY2026-Board-Approved,2026-06-30,CC-1010,Sales - Mid-Market,6300,Travel & Entertainment,Sales & Marketing,6441.59
FY2026-Board-Approved,2026-06-30,CC-1010,Sales - Mid-Market,6450,Training & Enablement,Sales & Marketing,567.22
FY2026-Board-Approved,2026-06-30,CC-1020,Sales - Enterprise,6000,Salaries & Wages,Sales & Marketing,72443.72
FY2026-Board-Approved,2026-06-30,CC-1020,Sales - Enterprise,6020,Payroll Taxes & Benefits,Sales & Marketing,14850.96
FY2026-Board-Approved,2026-06-30,CC-1020,Sales - Enterprise,6030,Sales Commissions,Sales & Marketing,8998.36
FY2026-Board-Approved,2026-06-30,CC-1020,Sales - Enterprise,6040,Commission Amortisation,Sales & Marketing,7264.04
FY2026-Board-Approved,2026-06-30,CC-1020,Sales - Enterprise,6200,Software & Subscriptions,Sales & Marketing,3055.30
FY2026-Board-Approved,2026-06-30,CC-1020,Sales - Enterprise,6300,Travel & Entertainment,Sales & Marketing,4693.49
FY2026-Board-Approved,2026-06-30,CC-1020,Sales - Enterprise,6450,Training & Enablement,Sales & Marketing,361.42
FY2026-Board-Approved,2026-06-30,CC-1030,Sales Development,6000,Salaries & Wages,Sales & Marketing,45282.97
FY2026-Board-Approved,2026-06-30,CC-1030,Sales Development,6020,Payroll Taxes & Benefits,Sales & Marketing,9283.01
FY2026-Board-Approved,2026-06-30,CC-1030,Sales Development,6200,Software & Subscriptions,Sales & Marketing,2419.18
FY2026-Board-Approved,2026-06-30,CC-1030,Sales Development,6300,Travel & Entertainment,Sales & Marketing,3222.47
FY2026-Board-Approved,2026-06-30,CC-1030,Sales Development,6450,Training & Enablement,Sales & Marketing,293.90
FY2026-Board-Approved,2026-06-30,CC-1040,Sales Operations,6000,Salaries & Wages,Sales & Marketing,50402.70
FY2026-Board-Approved,2026-06-30,CC-1040,Sales Operations,6020,Payroll Taxes & Benefits,Sales & Marketing,10332.56
FY2026-Board-Approved,2026-06-30,CC-1040,Sales Operations,6200,Software & Subscriptions,Sales & Marketing,2007.16
FY2026-Board-Approved,2026-06-30,CC-1040,Sales Operations,6300,Travel & Entertainment,Sales & Marketing,3418.67
FY2026-Board-Approved,2026-06-30,CC-1050,Solutions Engineering,6000,Salaries & Wages,Sales & Marketing,40145.18
FY2026-Board-Approved,2026-06-30,CC-1050,Solutions Engineering,6020,Payroll Taxes & Benefits,Sales & Marketing,8229.76
FY2026-Board-Approved,2026-06-30,CC-1050,Solutions Engineering,6200,Software & Subscriptions,Sales & Marketing,1716.89
FY2026-Board-Approved,2026-06-30,CC-1050,Solutions Engineering,6300,Travel & Entertainment,Sales & Marketing,2349.60
FY2026-Board-Approved,2026-06-30,CC-1060,Sales Leadership,6000,Salaries & Wages,Sales & Marketing,17733.95
FY2026-Board-Approved,2026-06-30,CC-1060,Sales Leadership,6020,Payroll Taxes & Benefits,Sales & Marketing,3635.46
FY2026-Board-Approved,2026-06-30,CC-1060,Sales Leadership,6200,Software & Subscriptions,Sales & Marketing,834.00
FY2026-Board-Approved,2026-06-30,CC-1060,Sales Leadership,6300,Travel & Entertainment,Sales & Marketing,1183.28
FY2026-Board-Approved,2026-06-30,CC-1060,Sales Leadership,6450,Training & Enablement,Sales & Marketing,111.34
FY2026-Board-Approved,2026-06-30,CC-1100,Demand Generation,6000,Salaries & Wages,Sales & Marketing,91071.59
FY2026-Board-Approved,2026-06-30,CC-1100,Demand Generation,6010,Bonus,Sales & Marketing,8838.98
FY2026-Board-Approved,2026-06-30,CC-1100,Demand Generation,6020,Payroll Taxes & Benefits,Sales & Marketing,20481.67
FY2026-Board-Approved,2026-06-30,CC-1100,Demand Generation,6050,Contractor & Temp Labor,Sales & Marketing,19296.68
FY2026-Board-Approved,2026-06-30,CC-1100,Demand Generation,6100,Demand Generation,Sales & Marketing,233082.48
FY2026-Board-Approved,2026-06-30,CC-1100,Demand Generation,6110,Events & Field Marketing,Sales & Marketing,84244.66
FY2026-Board-Approved,2026-06-30,CC-1100,Demand Generation,6200,Software & Subscriptions,Sales & Marketing,3099.65
FY2026-Board-Approved,2026-06-30,CC-1100,Demand Generation,6300,Travel & Entertainment,Sales & Marketing,3165.68
FY2026-Board-Approved,2026-06-30,CC-1100,Demand Generation,6450,Training & Enablement,Sales & Marketing,495.07
FY2026-Board-Approved,2026-06-30,CC-1110,Product Marketing,6000,Salaries & Wages,Sales & Marketing,73590.47
FY2026-Board-Approved,2026-06-30,CC-1110,Product Marketing,6010,Bonus,Sales & Marketing,6808.61
FY2026-Board-Approved,2026-06-30,CC-1110,Product Marketing,6020,Payroll Taxes & Benefits,Sales & Marketing,16481.81
FY2026-Board-Approved,2026-06-30,CC-1110,Product Marketing,6120,Brand & Content,Sales & Marketing,62163.52
FY2026-Board-Approved,2026-06-30,CC-1110,Product Marketing,6200,Software & Subscriptions,Sales & Marketing,3083.22
FY2026-Board-Approved,2026-06-30,CC-1110,Product Marketing,6300,Travel & Entertainment,Sales & Marketing,2549.30
FY2026-Board-Approved,2026-06-30,CC-1200,Customer Success,6000,Salaries & Wages,Subscription COGS,208157.18
FY2026-Board-Approved,2026-06-30,CC-1200,Customer Success,6010,Bonus,Subscription COGS,20173.17
FY2026-Board-Approved,2026-06-30,CC-1200,Customer Success,6020,Payroll Taxes & Benefits,Subscription COGS,46807.73
FY2026-Board-Approved,2026-06-30,CC-1200,Customer Success,6200,Software & Subscriptions,Subscription COGS,3906.89
FY2026-Board-Approved,2026-06-30,CC-1200,Customer Success,6300,Travel & Entertainment,Subscription COGS,3480.10
FY2026-Board-Approved,2026-06-30,CC-2000,Support,5010,Third-Party Data & APIs,Subscription COGS,1295.18
FY2026-Board-Approved,2026-06-30,CC-2000,Support,6000,Salaries & Wages,Subscription COGS,68488.79
FY2026-Board-Approved,2026-06-30,CC-2000,Support,6010,Bonus,Subscription COGS,6959.58
FY2026-Board-Approved,2026-06-30,CC-2000,Support,6020,Payroll Taxes & Benefits,Subscription COGS,15466.91
FY2026-Board-Approved,2026-06-30,CC-2000,Support,6200,Software & Subscriptions,Subscription COGS,1072.28
FY2026-Board-Approved,2026-06-30,CC-2010,Cloud Operations,5000,Cloud Hosting,Subscription COGS,172398.60
FY2026-Board-Approved,2026-06-30,CC-2010,Cloud Operations,5010,Third-Party Data & APIs,Subscription COGS,928.33
FY2026-Board-Approved,2026-06-30,CC-2010,Cloud Operations,5020,Payment Processing Fees,Subscription COGS,18707.52
FY2026-Board-Approved,2026-06-30,CC-2010,Cloud Operations,6000,Salaries & Wages,Subscription COGS,59278.70
FY2026-Board-Approved,2026-06-30,CC-2010,Cloud Operations,6010,Bonus,Subscription COGS,5751.70
FY2026-Board-Approved,2026-06-30,CC-2010,Cloud Operations,6020,Payroll Taxes & Benefits,Subscription COGS,13331.23
FY2026-Board-Approved,2026-06-30,CC-2010,Cloud Operations,6050,Contractor & Temp Labor,Subscription COGS,18410.69
FY2026-Board-Approved,2026-06-30,CC-2010,Cloud Operations,6200,Software & Subscriptions,Subscription COGS,943.89
FY2026-Board-Approved,2026-06-30,CC-2010,Cloud Operations,6900,Other Operating Expense,Subscription COGS,166.06
FY2026-Board-Approved,2026-06-30,CC-2100,Professional Services,5030,Services Subcontractors,Services COGS,4144.91
FY2026-Board-Approved,2026-06-30,CC-2100,Professional Services,6000,Salaries & Wages,Services COGS,43395.80
FY2026-Board-Approved,2026-06-30,CC-2100,Professional Services,6010,Bonus,Services COGS,3854.15
FY2026-Board-Approved,2026-06-30,CC-2100,Professional Services,6020,Payroll Taxes & Benefits,Services COGS,9686.24
FY2026-Board-Approved,2026-06-30,CC-2100,Professional Services,6200,Software & Subscriptions,Services COGS,1265.82
FY2026-Board-Approved,2026-06-30,CC-2100,Professional Services,6300,Travel & Entertainment,Services COGS,2457.29
FY2026-Board-Approved,2026-06-30,CC-3000,Engineering,6000,Salaries & Wages,Research & Development,368593.43
FY2026-Board-Approved,2026-06-30,CC-3000,Engineering,6010,Bonus,Research & Development,35273.67
FY2026-Board-Approved,2026-06-30,CC-3000,Engineering,6020,Payroll Taxes & Benefits,Research & Development,82792.75
FY2026-Board-Approved,2026-06-30,CC-3000,Engineering,6050,Contractor & Temp Labor,Research & Development,28089.31
FY2026-Board-Approved,2026-06-30,CC-3000,Engineering,6200,Software & Subscriptions,Research & Development,11943.82
FY2026-Board-Approved,2026-06-30,CC-3000,Engineering,6300,Travel & Entertainment,Research & Development,2603.87
FY2026-Board-Approved,2026-06-30,CC-3000,Engineering,6450,Training & Enablement,Research & Development,1905.85
FY2026-Board-Approved,2026-06-30,CC-3000,Engineering,6900,Other Operating Expense,Research & Development,1180.19
FY2026-Board-Approved,2026-06-30,CC-3010,Quality & Release,6000,Salaries & Wages,Research & Development,50718.73
FY2026-Board-Approved,2026-06-30,CC-3010,Quality & Release,6010,Bonus,Research & Development,4057.50
FY2026-Board-Approved,2026-06-30,CC-3010,Quality & Release,6020,Payroll Taxes & Benefits,Research & Development,11229.12
FY2026-Board-Approved,2026-06-30,CC-3010,Quality & Release,6050,Contractor & Temp Labor,Research & Development,9999.42
FY2026-Board-Approved,2026-06-30,CC-3010,Quality & Release,6200,Software & Subscriptions,Research & Development,2053.68
FY2026-Board-Approved,2026-06-30,CC-3100,Product & Design,6000,Salaries & Wages,Research & Development,147713.67
FY2026-Board-Approved,2026-06-30,CC-3100,Product & Design,6010,Bonus,Research & Development,13058.11
FY2026-Board-Approved,2026-06-30,CC-3100,Product & Design,6020,Payroll Taxes & Benefits,Research & Development,32958.22
FY2026-Board-Approved,2026-06-30,CC-3100,Product & Design,6050,Contractor & Temp Labor,Research & Development,12202.78
FY2026-Board-Approved,2026-06-30,CC-3100,Product & Design,6200,Software & Subscriptions,Research & Development,5234.43
FY2026-Board-Approved,2026-06-30,CC-3100,Product & Design,6300,Travel & Entertainment,Research & Development,1368.83
FY2026-Board-Approved,2026-06-30,CC-4000,Finance & Accounting,6000,Salaries & Wages,General & Administrative,53716.53
FY2026-Board-Approved,2026-06-30,CC-4000,Finance & Accounting,6010,Bonus,General & Administrative,4858.60
FY2026-Board-Approved,2026-06-30,CC-4000,Finance & Accounting,6020,Payroll Taxes & Benefits,General & Administrative,12007.89
FY2026-Board-Approved,2026-06-30,CC-4000,Finance & Accounting,6200,Software & Subscriptions,General & Administrative,1219.41
FY2026-Board-Approved,2026-06-30,CC-4000,Finance & Accounting,6300,Travel & Entertainment,General & Administrative,727.10
FY2026-Board-Approved,2026-06-30,CC-4000,Finance & Accounting,6400,Professional Fees,General & Administrative,45977.23
FY2026-Board-Approved,2026-06-30,CC-4000,Finance & Accounting,6440,Depreciation & Amortisation,General & Administrative,25894.86
FY2026-Board-Approved,2026-06-30,CC-4000,Finance & Accounting,6900,Other Operating Expense,General & Administrative,165.39
FY2026-Board-Approved,2026-06-30,CC-4010,People Operations,6000,Salaries & Wages,General & Administrative,63658.01
FY2026-Board-Approved,2026-06-30,CC-4010,People Operations,6010,Bonus,General & Administrative,6797.14
FY2026-Board-Approved,2026-06-30,CC-4010,People Operations,6020,Payroll Taxes & Benefits,General & Administrative,14443.30
FY2026-Board-Approved,2026-06-30,CC-4010,People Operations,6200,Software & Subscriptions,General & Administrative,1265.54
FY2026-Board-Approved,2026-06-30,CC-4010,People Operations,6410,Recruiting Fees,General & Administrative,29378.90
FY2026-Board-Approved,2026-06-30,CC-4010,People Operations,6450,Training & Enablement,General & Administrative,220.81
FY2026-Board-Approved,2026-06-30,CC-4020,Legal & Corporate,6000,Salaries & Wages,General & Administrative,12244.01
FY2026-Board-Approved,2026-06-30,CC-4020,Legal & Corporate,6010,Bonus,General & Administrative,979.52
FY2026-Board-Approved,2026-06-30,CC-4020,Legal & Corporate,6020,Payroll Taxes & Benefits,General & Administrative,2710.82
FY2026-Board-Approved,2026-06-30,CC-4020,Legal & Corporate,6200,Software & Subscriptions,General & Administrative,453.26
FY2026-Board-Approved,2026-06-30,CC-4020,Legal & Corporate,6300,Travel & Entertainment,General & Administrative,245.31
FY2026-Board-Approved,2026-06-30,CC-4020,Legal & Corporate,6400,Professional Fees,General & Administrative,22876.88
FY2026-Board-Approved,2026-06-30,CC-4020,Legal & Corporate,6430,Insurance,General & Administrative,20766.36
FY2026-Board-Approved,2026-06-30,CC-4030,IT & Corporate Systems,6000,Salaries & Wages,General & Administrative,55504.37
FY2026-Board-Approved,2026-06-30,CC-4030,IT & Corporate Systems,6010,Bonus,General & Administrative,6177.72
FY2026-Board-Approved,2026-06-30,CC-4030,IT & Corporate Systems,6020,Payroll Taxes & Benefits,General & Administrative,12644.83
FY2026-Board-Approved,2026-06-30,CC-4030,IT & Corporate Systems,6050,Contractor & Temp Labor,General & Administrative,7628.95
FY2026-Board-Approved,2026-06-30,CC-4030,IT & Corporate Systems,6200,Software & Subscriptions,General & Administrative,941.85
FY2026-Board-Approved,2026-06-30,CC-4030,IT & Corporate Systems,6420,Facilities & Rent,General & Administrative,39431.29
FY2026-Board-Approved,2026-06-30,CC-4030,IT & Corporate Systems,6900,Other Operating Expense,General & Administrative,113.72
FY2026-Board-Approved,2026-06-30,CC-9000,Revenue,4000,Subscription Revenue,Subscription Revenue,-2632295.67
FY2026-Board-Approved,2026-06-30,CC-9000,Revenue,4010,Usage Revenue Above Commitment,Subscription Revenue,-56463.95
FY2026-Board-Approved,2026-06-30,CC-9000,Revenue,4100,Professional Services Revenue,Services Revenue,-12017.17
FY2026-Board-Approved,2026-06-30,CC-9000,Revenue,4110,Implementation Fee Revenue,Services Revenue,-56403.07
FY2026-Board-Approved,2026-06-30,CC-9000,Corporate,9000,Ending ARR,Memo - ARR,33347365.48
FY2026-Board-Approved,2026-06-30,CC-9000,Corporate,9010,New Logo ARR,Memo - ARR,600000.00
FY2026-Board-Approved,2026-06-30,CC-9000,Corporate,9020,Expansion ARR,Memo - ARR,490000.00
FY2026-Board-Approved,2026-06-30,CC-9000,Corporate,9030,Reactivation ARR,Memo - ARR,20000.00
FY2026-Board-Approved,2026-06-30,CC-9000,Corporate,9040,Contraction ARR,Memo - ARR,-63750.00
FY2026-Board-Approved,2026-06-30,CC-9000,Corporate,9050,Churn ARR,Memo - ARR,-213750.00
FY2026-Board-Approved,2026-06-30,CC-9000,Corporate,9100,New Logos Added,Memo - Statistical,24.00
FY2026-Board-Approved,2026-06-30,CC-9000,Corporate,9200,Ending Headcount,Memo - Statistical,206.40
FY2026-Board-Approved,2026-07-31,CC-1000,Sales - SMB,6000,Salaries & Wages,Sales & Marketing,75888.48
FY2026-Board-Approved,2026-07-31,CC-1000,Sales - SMB,6020,Payroll Taxes & Benefits,Sales & Marketing,15557.14
FY2026-Board-Approved,2026-07-31,CC-1000,Sales - SMB,6030,Sales Commissions,Sales & Marketing,3986.67
FY2026-Board-Approved,2026-07-31,CC-1000,Sales - SMB,6040,Commission Amortisation,Sales & Marketing,4652.13
FY2026-Board-Approved,2026-07-31,CC-1000,Sales - SMB,6200,Software & Subscriptions,Sales & Marketing,4201.19
FY2026-Board-Approved,2026-07-31,CC-1000,Sales - SMB,6300,Travel & Entertainment,Sales & Marketing,5176.90
FY2026-Board-Approved,2026-07-31,CC-1000,Sales - SMB,6450,Training & Enablement,Sales & Marketing,491.46
FY2026-Board-Approved,2026-07-31,CC-1010,Sales - Mid-Market,6000,Salaries & Wages,Sales & Marketing,95607.47
FY2026-Board-Approved,2026-07-31,CC-1010,Sales - Mid-Market,6020,Payroll Taxes & Benefits,Sales & Marketing,19599.54
FY2026-Board-Approved,2026-07-31,CC-1010,Sales - Mid-Market,6030,Sales Commissions,Sales & Marketing,7610.93
FY2026-Board-Approved,2026-07-31,CC-1010,Sales - Mid-Market,6040,Commission Amortisation,Sales & Marketing,8881.32
FY2026-Board-Approved,2026-07-31,CC-1010,Sales - Mid-Market,6200,Software & Subscriptions,Sales & Marketing,4667.83
FY2026-Board-Approved,2026-07-31,CC-1010,Sales - Mid-Market,6300,Travel & Entertainment,Sales & Marketing,6088.88
FY2026-Board-Approved,2026-07-31,CC-1010,Sales - Mid-Market,6450,Training & Enablement,Sales & Marketing,595.26
FY2026-Board-Approved,2026-07-31,CC-1020,Sales - Enterprise,6000,Salaries & Wages,Sales & Marketing,73074.09
FY2026-Board-Approved,2026-07-31,CC-1020,Sales - Enterprise,6020,Payroll Taxes & Benefits,Sales & Marketing,14980.19
FY2026-Board-Approved,2026-07-31,CC-1020,Sales - Enterprise,6030,Sales Commissions,Sales & Marketing,6523.65
FY2026-Board-Approved,2026-07-31,CC-1020,Sales - Enterprise,6040,Commission Amortisation,Sales & Marketing,7612.57
FY2026-Board-Approved,2026-07-31,CC-1020,Sales - Enterprise,6200,Software & Subscriptions,Sales & Marketing,3068.32
FY2026-Board-Approved,2026-07-31,CC-1020,Sales - Enterprise,6300,Travel & Entertainment,Sales & Marketing,4520.54
FY2026-Board-Approved,2026-07-31,CC-1020,Sales - Enterprise,6450,Training & Enablement,Sales & Marketing,372.08
FY2026-Board-Approved,2026-07-31,CC-1030,Sales Development,6000,Salaries & Wages,Sales & Marketing,45677.00
FY2026-Board-Approved,2026-07-31,CC-1030,Sales Development,6020,Payroll Taxes & Benefits,Sales & Marketing,9363.78
FY2026-Board-Approved,2026-07-31,CC-1030,Sales Development,6200,Software & Subscriptions,Sales & Marketing,2206.02
FY2026-Board-Approved,2026-07-31,CC-1030,Sales Development,6300,Travel & Entertainment,Sales & Marketing,3043.94
FY2026-Board-Approved,2026-07-31,CC-1030,Sales Development,6450,Training & Enablement,Sales & Marketing,279.46
FY2026-Board-Approved,2026-07-31,CC-1040,Sales Operations,6000,Salaries & Wages,Sales & Marketing,57025.66
FY2026-Board-Approved,2026-07-31,CC-1040,Sales Operations,6020,Payroll Taxes & Benefits,Sales & Marketing,11690.27
FY2026-Board-Approved,2026-07-31,CC-1040,Sales Operations,6200,Software & Subscriptions,Sales & Marketing,2689.36
FY2026-Board-Approved,2026-07-31,CC-1040,Sales Operations,6300,Travel & Entertainment,Sales & Marketing,3917.09
FY2026-Board-Approved,2026-07-31,CC-1050,Solutions Engineering,6000,Salaries & Wages,Sales & Marketing,40494.50
FY2026-Board-Approved,2026-07-31,CC-1050,Solutions Engineering,6020,Payroll Taxes & Benefits,Sales & Marketing,8301.37
FY2026-Board-Approved,2026-07-31,CC-1050,Solutions Engineering,6200,Software & Subscriptions,Sales & Marketing,1901.00
FY2026-Board-Approved,2026-07-31,CC-1050,Solutions Engineering,6300,Travel & Entertainment,Sales & Marketing,2392.93
FY2026-Board-Approved,2026-07-31,CC-1060,Sales Leadership,6000,Salaries & Wages,Sales & Marketing,30493.84
FY2026-Board-Approved,2026-07-31,CC-1060,Sales Leadership,6020,Payroll Taxes & Benefits,Sales & Marketing,6251.24
FY2026-Board-Approved,2026-07-31,CC-1060,Sales Leadership,6200,Software & Subscriptions,Sales & Marketing,1350.85
FY2026-Board-Approved,2026-07-31,CC-1060,Sales Leadership,6300,Travel & Entertainment,Sales & Marketing,1984.51
FY2026-Board-Approved,2026-07-31,CC-1060,Sales Leadership,6450,Training & Enablement,Sales & Marketing,161.08
FY2026-Board-Approved,2026-07-31,CC-1100,Demand Generation,6000,Salaries & Wages,Sales & Marketing,91864.05
FY2026-Board-Approved,2026-07-31,CC-1100,Demand Generation,6010,Bonus,Sales & Marketing,8915.90
FY2026-Board-Approved,2026-07-31,CC-1100,Demand Generation,6020,Payroll Taxes & Benefits,Sales & Marketing,20659.89
FY2026-Board-Approved,2026-07-31,CC-1100,Demand Generation,6050,Contractor & Temp Labor,Sales & Marketing,18299.84
FY2026-Board-Approved,2026-07-31,CC-1100,Demand Generation,6100,Demand Generation,Sales & Marketing,194067.89
FY2026-Board-Approved,2026-07-31,CC-1100,Demand Generation,6110,Events & Field Marketing,Sales & Marketing,74667.48
FY2026-Board-Approved,2026-07-31,CC-1100,Demand Generation,6200,Software & Subscriptions,Sales & Marketing,3398.91
FY2026-Board-Approved,2026-07-31,CC-1100,Demand Generation,6300,Travel & Entertainment,Sales & Marketing,3052.39
FY2026-Board-Approved,2026-07-31,CC-1100,Demand Generation,6450,Training & Enablement,Sales & Marketing,498.68
FY2026-Board-Approved,2026-07-31,CC-1110,Product Marketing,6000,Salaries & Wages,Sales & Marketing,74230.82
FY2026-Board-Approved,2026-07-31,CC-1110,Product Marketing,6010,Bonus,Sales & Marketing,6867.86
FY2026-Board-Approved,2026-07-31,CC-1110,Product Marketing,6020,Payroll Taxes & Benefits,Sales & Marketing,16625.23
FY2026-Board-Approved,2026-07-31,CC-1110,Product Marketing,6120,Brand & Content,Sales & Marketing,49312.29
FY2026-Board-Approved,2026-07-31,CC-1110,Product Marketing,6200,Software & Subscriptions,Sales & Marketing,3063.03
FY2026-Board-Approved,2026-07-31,CC-1110,Product Marketing,6300,Travel & Entertainment,Sales & Marketing,2717.28
FY2026-Board-Approved,2026-07-31,CC-1200,Customer Success,6000,Salaries & Wages,Subscription COGS,215415.10
FY2026-Board-Approved,2026-07-31,CC-1200,Customer Success,6010,Bonus,Subscription COGS,21248.60
FY2026-Board-Approved,2026-07-31,CC-1200,Customer Success,6020,Payroll Taxes & Benefits,Subscription COGS,48516.06
FY2026-Board-Approved,2026-07-31,CC-1200,Customer Success,6200,Software & Subscriptions,Subscription COGS,4386.23
FY2026-Board-Approved,2026-07-31,CC-1200,Customer Success,6300,Travel & Entertainment,Subscription COGS,3529.56
FY2026-Board-Approved,2026-07-31,CC-2000,Support,5010,Third-Party Data & APIs,Subscription COGS,1391.57
FY2026-Board-Approved,2026-07-31,CC-2000,Support,6000,Salaries & Wages,Subscription COGS,69084.75
FY2026-Board-Approved,2026-07-31,CC-2000,Support,6010,Bonus,Subscription COGS,7020.14
FY2026-Board-Approved,2026-07-31,CC-2000,Support,6020,Payroll Taxes & Benefits,Subscription COGS,15601.50
FY2026-Board-Approved,2026-07-31,CC-2000,Support,6200,Software & Subscriptions,Subscription COGS,1337.56
FY2026-Board-Approved,2026-07-31,CC-2010,Cloud Operations,5000,Cloud Hosting,Subscription COGS,168822.37
FY2026-Board-Approved,2026-07-31,CC-2010,Cloud Operations,5010,Third-Party Data & APIs,Subscription COGS,970.07
FY2026-Board-Approved,2026-07-31,CC-2010,Cloud Operations,5020,Payment Processing Fees,Subscription COGS,14194.87
FY2026-Board-Approved,2026-07-31,CC-2010,Cloud Operations,6000,Salaries & Wages,Subscription COGS,59794.51
FY2026-Board-Approved,2026-07-31,CC-2010,Cloud Operations,6010,Bonus,Subscription COGS,5801.75
FY2026-Board-Approved,2026-07-31,CC-2010,Cloud Operations,6020,Payroll Taxes & Benefits,Subscription COGS,13447.24
FY2026-Board-Approved,2026-07-31,CC-2010,Cloud Operations,6050,Contractor & Temp Labor,Subscription COGS,17455.99
FY2026-Board-Approved,2026-07-31,CC-2010,Cloud Operations,6200,Software & Subscriptions,Subscription COGS,972.08
FY2026-Board-Approved,2026-07-31,CC-2010,Cloud Operations,6900,Other Operating Expense,Subscription COGS,140.55
FY2026-Board-Approved,2026-07-31,CC-2100,Professional Services,5030,Services Subcontractors,Services COGS,4710.21
FY2026-Board-Approved,2026-07-31,CC-2100,Professional Services,6000,Salaries & Wages,Services COGS,46241.70
FY2026-Board-Approved,2026-07-31,CC-2100,Professional Services,6010,Bonus,Services COGS,4085.16
FY2026-Board-Approved,2026-07-31,CC-2100,Professional Services,6020,Payroll Taxes & Benefits,Services COGS,10317.01
FY2026-Board-Approved,2026-07-31,CC-2100,Professional Services,6200,Software & Subscriptions,Services COGS,1116.13
FY2026-Board-Approved,2026-07-31,CC-2100,Professional Services,6300,Travel & Entertainment,Services COGS,2350.47
FY2026-Board-Approved,2026-07-31,CC-3000,Engineering,6000,Salaries & Wages,Research & Development,371800.76
FY2026-Board-Approved,2026-07-31,CC-3000,Engineering,6010,Bonus,Research & Development,35580.60
FY2026-Board-Approved,2026-07-31,CC-3000,Engineering,6020,Payroll Taxes & Benefits,Research & Development,83513.18
FY2026-Board-Approved,2026-07-31,CC-3000,Engineering,6050,Contractor & Temp Labor,Research & Development,29325.10
FY2026-Board-Approved,2026-07-31,CC-3000,Engineering,6200,Software & Subscriptions,Research & Development,14178.58
FY2026-Board-Approved,2026-07-31,CC-3000,Engineering,6300,Travel & Entertainment,Research & Development,2786.95
FY2026-Board-Approved,2026-07-31,CC-3000,Engineering,6450,Training & Enablement,Research & Development,1878.90
FY2026-Board-Approved,2026-07-31,CC-3000,Engineering,6900,Other Operating Expense,Research & Development,1258.56
FY2026-Board-Approved,2026-07-31,CC-3010,Quality & Release,6000,Salaries & Wages,Research & Development,51160.06
FY2026-Board-Approved,2026-07-31,CC-3010,Quality & Release,6010,Bonus,Research & Development,4092.81
FY2026-Board-Approved,2026-07-31,CC-3010,Quality & Release,6020,Payroll Taxes & Benefits,Research & Development,11326.83
FY2026-Board-Approved,2026-07-31,CC-3010,Quality & Release,6050,Contractor & Temp Labor,Research & Development,10117.54
FY2026-Board-Approved,2026-07-31,CC-3010,Quality & Release,6200,Software & Subscriptions,Research & Development,2116.14
FY2026-Board-Approved,2026-07-31,CC-3100,Product & Design,6000,Salaries & Wages,Research & Development,148999.01
FY2026-Board-Approved,2026-07-31,CC-3100,Product & Design,6010,Bonus,Research & Development,13171.73
FY2026-Board-Approved,2026-07-31,CC-3100,Product & Design,6020,Payroll Taxes & Benefits,Research & Development,33245.00
FY2026-Board-Approved,2026-07-31,CC-3100,Product & Design,6050,Contractor & Temp Labor,Research & Development,13553.38
FY2026-Board-Approved,2026-07-31,CC-3100,Product & Design,6200,Software & Subscriptions,Research & Development,4821.63
FY2026-Board-Approved,2026-07-31,CC-3100,Product & Design,6300,Travel & Entertainment,Research & Development,1461.26
FY2026-Board-Approved,2026-07-31,CC-4000,Finance & Accounting,6000,Salaries & Wages,General & Administrative,54183.94
FY2026-Board-Approved,2026-07-31,CC-4000,Finance & Accounting,6010,Bonus,General & Administrative,4900.87
FY2026-Board-Approved,2026-07-31,CC-4000,Finance & Accounting,6020,Payroll Taxes & Benefits,General & Administrative,12112.38
FY2026-Board-Approved,2026-07-31,CC-4000,Finance & Accounting,6200,Software & Subscriptions,General & Administrative,1269.90
FY2026-Board-Approved,2026-07-31,CC-4000,Finance & Accounting,6300,Travel & Entertainment,General & Administrative,752.41
FY2026-Board-Approved,2026-07-31,CC-4000,Finance & Accounting,6400,Professional Fees,General & Administrative,43102.92
FY2026-Board-Approved,2026-07-31,CC-4000,Finance & Accounting,6440,Depreciation & Amortisation,General & Administrative,26207.69
FY2026-Board-Approved,2026-07-31,CC-4000,Finance & Accounting,6900,Other Operating Expense,General & Administrative,160.65
FY2026-Board-Approved,2026-07-31,CC-4010,People Operations,6000,Salaries & Wages,General & Administrative,64211.93
FY2026-Board-Approved,2026-07-31,CC-4010,People Operations,6010,Bonus,General & Administrative,6856.28
FY2026-Board-Approved,2026-07-31,CC-4010,People Operations,6020,Payroll Taxes & Benefits,General & Administrative,14568.98
FY2026-Board-Approved,2026-07-31,CC-4010,People Operations,6200,Software & Subscriptions,General & Administrative,1162.12
FY2026-Board-Approved,2026-07-31,CC-4010,People Operations,6410,Recruiting Fees,General & Administrative,47943.65
FY2026-Board-Approved,2026-07-31,CC-4010,People Operations,6450,Training & Enablement,General & Administrative,218.65
FY2026-Board-Approved,2026-07-31,CC-4020,Legal & Corporate,6000,Salaries & Wages,General & Administrative,18999.44
FY2026-Board-Approved,2026-07-31,CC-4020,Legal & Corporate,6010,Bonus,General & Administrative,1519.96
FY2026-Board-Approved,2026-07-31,CC-4020,Legal & Corporate,6020,Payroll Taxes & Benefits,General & Administrative,4206.48
FY2026-Board-Approved,2026-07-31,CC-4020,Legal & Corporate,6200,Software & Subscriptions,General & Administrative,641.16
FY2026-Board-Approved,2026-07-31,CC-4020,Legal & Corporate,6300,Travel & Entertainment,General & Administrative,370.67
FY2026-Board-Approved,2026-07-31,CC-4020,Legal & Corporate,6400,Professional Fees,General & Administrative,22934.30
FY2026-Board-Approved,2026-07-31,CC-4020,Legal & Corporate,6430,Insurance,General & Administrative,22089.73
FY2026-Board-Approved,2026-07-31,CC-4030,IT & Corporate Systems,6000,Salaries & Wages,General & Administrative,55987.34
FY2026-Board-Approved,2026-07-31,CC-4030,IT & Corporate Systems,6010,Bonus,General & Administrative,6231.48
FY2026-Board-Approved,2026-07-31,CC-4030,IT & Corporate Systems,6020,Payroll Taxes & Benefits,General & Administrative,12754.86
FY2026-Board-Approved,2026-07-31,CC-4030,IT & Corporate Systems,6050,Contractor & Temp Labor,General & Administrative,7368.23
FY2026-Board-Approved,2026-07-31,CC-4030,IT & Corporate Systems,6200,Software & Subscriptions,General & Administrative,949.25
FY2026-Board-Approved,2026-07-31,CC-4030,IT & Corporate Systems,6420,Facilities & Rent,General & Administrative,45392.28
FY2026-Board-Approved,2026-07-31,CC-4030,IT & Corporate Systems,6900,Other Operating Expense,General & Administrative,125.56
FY2026-Board-Approved,2026-07-31,CC-9000,Revenue,4000,Subscription Revenue,Subscription Revenue,-2690026.08
FY2026-Board-Approved,2026-07-31,CC-9000,Revenue,4010,Usage Revenue Above Commitment,Subscription Revenue,-57702.30
FY2026-Board-Approved,2026-07-31,CC-9000,Revenue,4100,Professional Services Revenue,Services Revenue,-10346.43
FY2026-Board-Approved,2026-07-31,CC-9000,Revenue,4110,Implementation Fee Revenue,Services Revenue,-55956.69
FY2026-Board-Approved,2026-07-31,CC-9000,Corporate,9000,Ending ARR,Memo - ARR,33754365.48
FY2026-Board-Approved,2026-07-31,CC-9000,Corporate,9010,New Logo ARR,Memo - ARR,330000.00
FY2026-Board-Approved,2026-07-31,CC-9000,Corporate,9020,Expansion ARR,Memo - ARR,269500.00
FY2026-Board-Approved,2026-07-31,CC-9000,Corporate,9030,Reactivation ARR,Memo - ARR,11000.00
FY2026-Board-Approved,2026-07-31,CC-9000,Corporate,9040,Contraction ARR,Memo - ARR,-46750.00
FY2026-Board-Approved,2026-07-31,CC-9000,Corporate,9050,Churn ARR,Memo - ARR,-156750.00
FY2026-Board-Approved,2026-07-31,CC-9000,Corporate,9100,New Logos Added,Memo - Statistical,15.00
FY2026-Board-Approved,2026-07-31,CC-9000,Corporate,9200,Ending Headcount,Memo - Statistical,207.60
FY2026-Board-Approved,2026-08-31,CC-1000,Sales - SMB,6000,Salaries & Wages,Sales & Marketing,76582.93
FY2026-Board-Approved,2026-08-31,CC-1000,Sales - SMB,6020,Payroll Taxes & Benefits,Sales & Marketing,15699.50
FY2026-Board-Approved,2026-08-31,CC-1000,Sales - SMB,6030,Sales Commissions,Sales & Marketing,3840.35
FY2026-Board-Approved,2026-08-31,CC-1000,Sales - SMB,6040,Commission Amortisation,Sales & Marketing,4861.84
FY2026-Board-Approved,2026-08-31,CC-1000,Sales - SMB,6200,Software & Subscriptions,Sales & Marketing,3938.05
FY2026-Board-Approved,2026-08-31,CC-1000,Sales - SMB,6300,Travel & Entertainment,Sales & Marketing,5186.99
FY2026-Board-Approved,2026-08-31,CC-1000,Sales - SMB,6450,Training & Enablement,Sales & Marketing,571.02
FY2026-Board-Approved,2026-08-31,CC-1010,Sales - Mid-Market,6000,Salaries & Wages,Sales & Marketing,107714.28
FY2026-Board-Approved,2026-08-31,CC-1010,Sales - Mid-Market,6020,Payroll Taxes & Benefits,Sales & Marketing,22081.43
FY2026-Board-Approved,2026-08-31,CC-1010,Sales - Mid-Market,6030,Sales Commissions,Sales & Marketing,7331.59
FY2026-Board-Approved,2026-08-31,CC-1010,Sales - Mid-Market,6040,Commission Amortisation,Sales & Marketing,9281.68
FY2026-Board-Approved,2026-08-31,CC-1010,Sales - Mid-Market,6200,Software & Subscriptions,Sales & Marketing,4860.06
FY2026-Board-Approved,2026-08-31,CC-1010,Sales - Mid-Market,6300,Travel & Entertainment,Sales & Marketing,6547.32
FY2026-Board-Approved,2026-08-31,CC-1010,Sales - Mid-Market,6450,Training & Enablement,Sales & Marketing,591.22
FY2026-Board-Approved,2026-08-31,CC-1020,Sales - Enterprise,6000,Salaries & Wages,Sales & Marketing,74965.25
FY2026-Board-Approved,2026-08-31,CC-1020,Sales - Enterprise,6020,Payroll Taxes & Benefits,Sales & Marketing,15367.88
FY2026-Board-Approved,2026-08-31,CC-1020,Sales - Enterprise,6030,Sales Commissions,Sales & Marketing,6284.21
FY2026-Board-Approved,2026-08-31,CC-1020,Sales - Enterprise,6040,Commission Amortisation,Sales & Marketing,7955.73
FY2026-Board-Approved,2026-08-31,CC-1020,Sales - Enterprise,6200,Software & Subscriptions,Sales & Marketing,3174.13
FY2026-Board-Approved,2026-08-31,CC-1020,Sales - Enterprise,6300,Travel & Entertainment,Sales & Marketing,4509.07
FY2026-Board-Approved,2026-08-31,CC-1020,Sales - Enterprise,6450,Training & Enablement,Sales & Marketing,417.75
FY2026-Board-Approved,2026-08-31,CC-1030,Sales Development,6000,Salaries & Wages,Sales & Marketing,46094.99
FY2026-Board-Approved,2026-08-31,CC-1030,Sales Development,6020,Payroll Taxes & Benefits,Sales & Marketing,9449.47
FY2026-Board-Approved,2026-08-31,CC-1030,Sales Development,6200,Software & Subscriptions,Sales & Marketing,2464.89
FY2026-Board-Approved,2026-08-31,CC-1030,Sales Development,6300,Travel & Entertainment,Sales & Marketing,3562.10
FY2026-Board-Approved,2026-08-31,CC-1030,Sales Development,6450,Training & Enablement,Sales & Marketing,271.42
FY2026-Board-Approved,2026-08-31,CC-1040,Sales Operations,6000,Salaries & Wages,Sales & Marketing,44854.15
FY2026-Board-Approved,2026-08-31,CC-1040,Sales Operations,6020,Payroll Taxes & Benefits,Sales & Marketing,9195.10
FY2026-Board-Approved,2026-08-31,CC-1040,Sales Operations,6200,Software & Subscriptions,Sales & Marketing,2338.93
FY2026-Board-Approved,2026-08-31,CC-1040,Sales Operations,6300,Travel & Entertainment,Sales & Marketing,3268.14
FY2026-Board-Approved,2026-08-31,CC-1050,Solutions Engineering,6000,Salaries & Wages,Sales & Marketing,40865.07
FY2026-Board-Approved,2026-08-31,CC-1050,Solutions Engineering,6020,Payroll Taxes & Benefits,Sales & Marketing,8377.34
FY2026-Board-Approved,2026-08-31,CC-1050,Solutions Engineering,6200,Software & Subscriptions,Sales & Marketing,1761.91
FY2026-Board-Approved,2026-08-31,CC-1050,Solutions Engineering,6300,Travel & Entertainment,Sales & Marketing,2509.94
FY2026-Board-Approved,2026-08-31,CC-1060,Sales Leadership,6000,Salaries & Wages,Sales & Marketing,30772.88
FY2026-Board-Approved,2026-08-31,CC-1060,Sales Leadership,6020,Payroll Taxes & Benefits,Sales & Marketing,6308.44
FY2026-Board-Approved,2026-08-31,CC-1060,Sales Leadership,6200,Software & Subscriptions,Sales & Marketing,1351.10
FY2026-Board-Approved,2026-08-31,CC-1060,Sales Leadership,6300,Travel & Entertainment,Sales & Marketing,1818.59
FY2026-Board-Approved,2026-08-31,CC-1060,Sales Leadership,6450,Training & Enablement,Sales & Marketing,168.56
FY2026-Board-Approved,2026-08-31,CC-1100,Demand Generation,6000,Salaries & Wages,Sales & Marketing,92704.69
FY2026-Board-Approved,2026-08-31,CC-1100,Demand Generation,6010,Bonus,Sales & Marketing,8997.48
FY2026-Board-Approved,2026-08-31,CC-1100,Demand Generation,6020,Payroll Taxes & Benefits,Sales & Marketing,20848.95
FY2026-Board-Approved,2026-08-31,CC-1100,Demand Generation,6050,Contractor & Temp Labor,Sales & Marketing,17206.58
FY2026-Board-Approved,2026-08-31,CC-1100,Demand Generation,6100,Demand Generation,Sales & Marketing,178525.14
FY2026-Board-Approved,2026-08-31,CC-1100,Demand Generation,6110,Events & Field Marketing,Sales & Marketing,78881.49
FY2026-Board-Approved,2026-08-31,CC-1100,Demand Generation,6200,Software & Subscriptions,Sales & Marketing,3951.49
FY2026-Board-Approved,2026-08-31,CC-1100,Demand Generation,6300,Travel & Entertainment,Sales & Marketing,2781.78
FY2026-Board-Approved,2026-08-31,CC-1100,Demand Generation,6450,Training & Enablement,Sales & Marketing,469.57
FY2026-Board-Approved,2026-08-31,CC-1110,Product Marketing,6000,Salaries & Wages,Sales & Marketing,84266.97
FY2026-Board-Approved,2026-08-31,CC-1110,Product Marketing,6010,Bonus,Sales & Marketing,7679.25
FY2026-Board-Approved,2026-08-31,CC-1110,Product Marketing,6020,Payroll Taxes & Benefits,Sales & Marketing,18848.98
FY2026-Board-Approved,2026-08-31,CC-1110,Product Marketing,6120,Brand & Content,Sales & Marketing,47003.12
FY2026-Board-Approved,2026-08-31,CC-1110,Product Marketing,6200,Software & Subscriptions,Sales & Marketing,3874.24
FY2026-Board-Approved,2026-08-31,CC-1110,Product Marketing,6300,Travel & Entertainment,Sales & Marketing,2626.50
FY2026-Board-Approved,2026-08-31,CC-1200,Customer Success,6000,Salaries & Wages,Subscription COGS,210649.03
FY2026-Board-Approved,2026-08-31,CC-1200,Customer Success,6010,Bonus,Subscription COGS,20904.05
FY2026-Board-Approved,2026-08-31,CC-1200,Customer Success,6020,Payroll Taxes & Benefits,Subscription COGS,47468.39
FY2026-Board-Approved,2026-08-31,CC-1200,Customer Success,6200,Software & Subscriptions,Subscription COGS,4017.45
FY2026-Board-Approved,2026-08-31,CC-1200,Customer Success,6300,Travel & Entertainment,Subscription COGS,3000.13
FY2026-Board-Approved,2026-08-31,CC-2000,Support,5010,Third-Party Data & APIs,Subscription COGS,1598.41
FY2026-Board-Approved,2026-08-31,CC-2000,Support,6000,Salaries & Wages,Subscription COGS,76206.09
FY2026-Board-Approved,2026-08-31,CC-2000,Support,6010,Bonus,Subscription COGS,7603.52
FY2026-Board-Approved,2026-08-31,CC-2000,Support,6020,Payroll Taxes & Benefits,Subscription COGS,17180.96
FY2026-Board-Approved,2026-08-31,CC-2000,Support,6200,Software & Subscriptions,Subscription COGS,1274.21
FY2026-Board-Approved,2026-08-31,CC-2010,Cloud Operations,5000,Cloud Hosting,Subscription COGS,163086.42
FY2026-Board-Approved,2026-08-31,CC-2010,Cloud Operations,5010,Third-Party Data & APIs,Subscription COGS,995.47
FY2026-Board-Approved,2026-08-31,CC-2010,Cloud Operations,5020,Payment Processing Fees,Subscription COGS,9542.41
FY2026-Board-Approved,2026-08-31,CC-2010,Cloud Operations,6000,Salaries & Wages,Subscription COGS,60341.69
FY2026-Board-Approved,2026-08-31,CC-2010,Cloud Operations,6010,Bonus,Subscription COGS,5854.84
FY2026-Board-Approved,2026-08-31,CC-2010,Cloud Operations,6020,Payroll Taxes & Benefits,Subscription COGS,13570.29
FY2026-Board-Approved,2026-08-31,CC-2010,Cloud Operations,6050,Contractor & Temp Labor,Subscription COGS,19444.59
FY2026-Board-Approved,2026-08-31,CC-2010,Cloud Operations,6200,Software & Subscriptions,Subscription COGS,1039.10
FY2026-Board-Approved,2026-08-31,CC-2010,Cloud Operations,6900,Other Operating Expense,Subscription COGS,150.34
FY2026-Board-Approved,2026-08-31,CC-2100,Professional Services,5030,Services Subcontractors,Services COGS,4627.94
FY2026-Board-Approved,2026-08-31,CC-2100,Professional Services,6000,Salaries & Wages,Services COGS,46664.85
FY2026-Board-Approved,2026-08-31,CC-2100,Professional Services,6010,Bonus,Services COGS,4122.54
FY2026-Board-Approved,2026-08-31,CC-2100,Professional Services,6020,Payroll Taxes & Benefits,Services COGS,10411.42
FY2026-Board-Approved,2026-08-31,CC-2100,Professional Services,6200,Software & Subscriptions,Services COGS,1152.99
FY2026-Board-Approved,2026-08-31,CC-2100,Professional Services,6300,Travel & Entertainment,Services COGS,2446.90
FY2026-Board-Approved,2026-08-31,CC-3000,Engineering,6000,Salaries & Wages,Research & Development,385920.28
FY2026-Board-Approved,2026-08-31,CC-3000,Engineering,6010,Bonus,Research & Development,36763.58
FY2026-Board-Approved,2026-08-31,CC-3000,Engineering,6020,Payroll Taxes & Benefits,Research & Development,86650.19
FY2026-Board-Approved,2026-08-31,CC-3000,Engineering,6050,Contractor & Temp Labor,Research & Development,30722.46
FY2026-Board-Approved,2026-08-31,CC-3000,Engineering,6200,Software & Subscriptions,Research & Development,13268.60
FY2026-Board-Approved,2026-08-31,CC-3000,Engineering,6300,Travel & Entertainment,Research & Development,2983.24
FY2026-Board-Approved,2026-08-31,CC-3000,Engineering,6450,Training & Enablement,Research & Development,2125.06
FY2026-Board-Approved,2026-08-31,CC-3000,Engineering,6900,Other Operating Expense,Research & Development,1143.50
FY2026-Board-Approved,2026-08-31,CC-3010,Quality & Release,6000,Salaries & Wages,Research & Development,51628.22
FY2026-Board-Approved,2026-08-31,CC-3010,Quality & Release,6010,Bonus,Research & Development,4130.26
FY2026-Board-Approved,2026-08-31,CC-3010,Quality & Release,6020,Payroll Taxes & Benefits,Research & Development,11430.48
FY2026-Board-Approved,2026-08-31,CC-3010,Quality & Release,6050,Contractor & Temp Labor,Research & Development,9684.20
FY2026-Board-Approved,2026-08-31,CC-3010,Quality & Release,6200,Software & Subscriptions,Research & Development,2088.82
FY2026-Board-Approved,2026-08-31,CC-3100,Product & Design,6000,Salaries & Wages,Research & Development,161226.75
FY2026-Board-Approved,2026-08-31,CC-3100,Product & Design,6010,Bonus,Research & Development,14595.98
FY2026-Board-Approved,2026-08-31,CC-3100,Product & Design,6020,Payroll Taxes & Benefits,Research & Development,36043.66
FY2026-Board-Approved,2026-08-31,CC-3100,Product & Design,6050,Contractor & Temp Labor,Research & Development,12674.88
FY2026-Board-Approved,2026-08-31,CC-3100,Product & Design,6200,Software & Subscriptions,Research & Development,5577.24
FY2026-Board-Approved,2026-08-31,CC-3100,Product & Design,6300,Travel & Entertainment,Research & Development,1444.54
FY2026-Board-Approved,2026-08-31,CC-4000,Finance & Accounting,6000,Salaries & Wages,General & Administrative,54679.78
FY2026-Board-Approved,2026-08-31,CC-4000,Finance & Accounting,6010,Bonus,General & Administrative,4945.72
FY2026-Board-Approved,2026-08-31,CC-4000,Finance & Accounting,6020,Payroll Taxes & Benefits,General & Administrative,12223.22
FY2026-Board-Approved,2026-08-31,CC-4000,Finance & Accounting,6200,Software & Subscriptions,General & Administrative,1550.54
FY2026-Board-Approved,2026-08-31,CC-4000,Finance & Accounting,6300,Travel & Entertainment,General & Administrative,726.69
FY2026-Board-Approved,2026-08-31,CC-4000,Finance & Accounting,6400,Professional Fees,General & Administrative,42029.00
FY2026-Board-Approved,2026-08-31,CC-4000,Finance & Accounting,6440,Depreciation & Amortisation,General & Administrative,26524.29
FY2026-Board-Approved,2026-08-31,CC-4000,Finance & Accounting,6900,Other Operating Expense,General & Administrative,156.82
FY2026-Board-Approved,2026-08-31,CC-4010,People Operations,6000,Salaries & Wages,General & Administrative,64799.53
FY2026-Board-Approved,2026-08-31,CC-4010,People Operations,6010,Bonus,General & Administrative,6919.02
FY2026-Board-Approved,2026-08-31,CC-4010,People Operations,6020,Payroll Taxes & Benefits,General & Administrative,14702.30
FY2026-Board-Approved,2026-08-31,CC-4010,People Operations,6200,Software & Subscriptions,General & Administrative,1171.45
FY2026-Board-Approved,2026-08-31,CC-4010,People Operations,6410,Recruiting Fees,General & Administrative,55855.39
FY2026-Board-Approved,2026-08-31,CC-4010,People Operations,6450,Training & Enablement,General & Administrative,250.91
FY2026-Board-Approved,2026-08-31,CC-4020,Legal & Corporate,6000,Salaries & Wages,General & Administrative,19173.30
FY2026-Board-Approved,2026-08-31,CC-4020,Legal & Corporate,6010,Bonus,General & Administrative,1533.87
FY2026-Board-Approved,2026-08-31,CC-4020,Legal & Corporate,6020,Payroll Taxes & Benefits,General & Administrative,4244.97
FY2026-Board-Approved,2026-08-31,CC-4020,Legal & Corporate,6200,Software & Subscriptions,General & Administrative,651.18
FY2026-Board-Approved,2026-08-31,CC-4020,Legal & Corporate,6300,Travel & Entertainment,General & Administrative,333.38
FY2026-Board-Approved,2026-08-31,CC-4020,Legal & Corporate,6400,Professional Fees,General & Administrative,23169.95
FY2026-Board-Approved,2026-08-31,CC-4020,Legal & Corporate,6430,Insurance,General & Administrative,24787.71
FY2026-Board-Approved,2026-08-31,CC-4030,IT & Corporate Systems,6000,Salaries & Wages,General & Administrative,56499.68
FY2026-Board-Approved,2026-08-31,CC-4030,IT & Corporate Systems,6010,Bonus,General & Administrative,6288.50
FY2026-Board-Approved,2026-08-31,CC-4030,IT & Corporate Systems,6020,Payroll Taxes & Benefits,General & Administrative,12871.58
FY2026-Board-Approved,2026-08-31,CC-4030,IT & Corporate Systems,6050,Contractor & Temp Labor,General & Administrative,7741.74
FY2026-Board-Approved,2026-08-31,CC-4030,IT & Corporate Systems,6200,Software & Subscriptions,General & Administrative,919.56
FY2026-Board-Approved,2026-08-31,CC-4030,IT & Corporate Systems,6420,Facilities & Rent,General & Administrative,48699.70
FY2026-Board-Approved,2026-08-31,CC-4030,IT & Corporate Systems,6900,Other Operating Expense,General & Administrative,112.46
FY2026-Board-Approved,2026-08-31,CC-9000,Revenue,4000,Subscription Revenue,Subscription Revenue,-2738851.66
FY2026-Board-Approved,2026-08-31,CC-9000,Revenue,4010,Usage Revenue Above Commitment,Subscription Revenue,-58749.63
FY2026-Board-Approved,2026-08-31,CC-9000,Revenue,4100,Professional Services Revenue,Services Revenue,-9590.48
FY2026-Board-Approved,2026-08-31,CC-9000,Revenue,4110,Implementation Fee Revenue,Services Revenue,-55703.74
FY2026-Board-Approved,2026-08-31,CC-9000,Corporate,9000,Ending ARR,Memo - ARR,34216865.48
FY2026-Board-Approved,2026-08-31,CC-9000,Corporate,9010,New Logo ARR,Memo - ARR,360000.00
FY2026-Board-Approved,2026-08-31,CC-9000,Corporate,9020,Expansion ARR,Memo - ARR,294000.00
FY2026-Board-Approved,2026-08-31,CC-9000,Corporate,9030,Reactivation ARR,Memo - ARR,12000.00
FY2026-Board-Approved,2026-08-31,CC-9000,Corporate,9040,Contraction ARR,Memo - ARR,-46750.00
FY2026-Board-Approved,2026-08-31,CC-9000,Corporate,9050,Churn ARR,Memo - ARR,-156750.00
FY2026-Board-Approved,2026-08-31,CC-9000,Corporate,9100,New Logos Added,Memo - Statistical,15.00
FY2026-Board-Approved,2026-08-31,CC-9000,Corporate,9200,Ending Headcount,Memo - Statistical,208.90
FY2026-Board-Approved,2026-09-30,CC-1000,Sales - SMB,6000,Salaries & Wages,Sales & Marketing,89338.48
FY2026-Board-Approved,2026-09-30,CC-1000,Sales - SMB,6020,Payroll Taxes & Benefits,Sales & Marketing,18314.39
FY2026-Board-Approved,2026-09-30,CC-1000,Sales - SMB,6030,Sales Commissions,Sales & Marketing,5123.79
FY2026-Board-Approved,2026-09-30,CC-1000,Sales - SMB,6040,Commission Amortisation,Sales & Marketing,5125.38
FY2026-Board-Approved,2026-09-30,CC-1000,Sales - SMB,6200,Software & Subscriptions,Sales & Marketing,4419.60
FY2026-Board-Approved,2026-09-30,CC-1000,Sales - SMB,6300,Travel & Entertainment,Sales & Marketing,6096.18
FY2026-Board-Approved,2026-09-30,CC-1000,Sales - SMB,6450,Training & Enablement,Sales & Marketing,588.88
FY2026-Board-Approved,2026-09-30,CC-1010,Sales - Mid-Market,6000,Salaries & Wages,Sales & Marketing,108695.76
FY2026-Board-Approved,2026-09-30,CC-1010,Sales - Mid-Market,6020,Payroll Taxes & Benefits,Sales & Marketing,22282.63
FY2026-Board-Approved,2026-09-30,CC-1010,Sales - Mid-Market,6030,Sales Commissions,Sales & Marketing,9781.77
FY2026-Board-Approved,2026-09-30,CC-1010,Sales - Mid-Market,6040,Commission Amortisation,Sales & Marketing,9784.83
FY2026-Board-Approved,2026-09-30,CC-1010,Sales - Mid-Market,6200,Software & Subscriptions,Sales & Marketing,5547.60
FY2026-Board-Approved,2026-09-30,CC-1010,Sales - Mid-Market,6300,Travel & Entertainment,Sales & Marketing,7224.99
FY2026-Board-Approved,2026-09-30,CC-1010,Sales - Mid-Market,6450,Training & Enablement,Sales & Marketing,595.85
FY2026-Board-Approved,2026-09-30,CC-1020,Sales - Enterprise,6000,Salaries & Wages,Sales & Marketing,75648.32
FY2026-Board-Approved,2026-09-30,CC-1020,Sales - Enterprise,6020,Payroll Taxes & Benefits,Sales & Marketing,15507.91
FY2026-Board-Approved,2026-09-30,CC-1020,Sales - Enterprise,6030,Sales Commissions,Sales & Marketing,8384.37
FY2026-Board-Approved,2026-09-30,CC-1020,Sales - Enterprise,6040,Commission Amortisation,Sales & Marketing,8386.99
FY2026-Board-Approved,2026-09-30,CC-1020,Sales - Enterprise,6200,Software & Subscriptions,Sales & Marketing,3310.96
FY2026-Board-Approved,2026-09-30,CC-1020,Sales - Enterprise,6300,Travel & Entertainment,Sales & Marketing,4403.90
FY2026-Board-Approved,2026-09-30,CC-1020,Sales - Enterprise,6450,Training & Enablement,Sales & Marketing,417.41
FY2026-Board-Approved,2026-09-30,CC-1030,Sales Development,6000,Salaries & Wages,Sales & Marketing,46515.00
FY2026-Board-Approved,2026-09-30,CC-1030,Sales Development,6020,Payroll Taxes & Benefits,Sales & Marketing,9535.57
FY2026-Board-Approved,2026-09-30,CC-1030,Sales Development,6200,Software & Subscriptions,Sales & Marketing,2093.59
FY2026-Board-Approved,2026-09-30,CC-1030,Sales Development,6300,Travel & Entertainment,Sales & Marketing,3131.06
FY2026-Board-Approved,2026-09-30,CC-1030,Sales Development,6450,Training & Enablement,Sales & Marketing,282.90
FY2026-Board-Approved,2026-09-30,CC-1040,Sales Operations,6000,Salaries & Wages,Sales & Marketing,45262.85
FY2026-Board-Approved,2026-09-30,CC-1040,Sales Operations,6020,Payroll Taxes & Benefits,Sales & Marketing,9278.89
FY2026-Board-Approved,2026-09-30,CC-1040,Sales Operations,6200,Software & Subscriptions,Sales & Marketing,2497.46
FY2026-Board-Approved,2026-09-30,CC-1040,Sales Operations,6300,Travel & Entertainment,Sales & Marketing,3133.09
FY2026-Board-Approved,2026-09-30,CC-1050,Solutions Engineering,6000,Salaries & Wages,Sales & Marketing,32481.65
FY2026-Board-Approved,2026-09-30,CC-1050,Solutions Engineering,6020,Payroll Taxes & Benefits,Sales & Marketing,6658.74
FY2026-Board-Approved,2026-09-30,CC-1050,Solutions Engineering,6200,Software & Subscriptions,Sales & Marketing,1492.77
FY2026-Board-Approved,2026-09-30,CC-1050,Solutions Engineering,6300,Travel & Entertainment,Sales & Marketing,2047.89
FY2026-Board-Approved,2026-09-30,CC-1060,Sales Leadership,6000,Salaries & Wages,Sales & Marketing,31053.28
FY2026-Board-Approved,2026-09-30,CC-1060,Sales Leadership,6020,Payroll Taxes & Benefits,Sales & Marketing,6365.92
FY2026-Board-Approved,2026-09-30,CC-1060,Sales Leadership,6200,Software & Subscriptions,Sales & Marketing,1354.84
FY2026-Board-Approved,2026-09-30,CC-1060,Sales Leadership,6300,Travel & Entertainment,Sales & Marketing,2024.45
FY2026-Board-Approved,2026-09-30,CC-1060,Sales Leadership,6450,Training & Enablement,Sales & Marketing,163.12
FY2026-Board-Approved,2026-09-30,CC-1100,Demand Generation,6000,Salaries & Wages,Sales & Marketing,93549.40
FY2026-Board-Approved,2026-09-30,CC-1100,Demand Generation,6010,Bonus,Sales & Marketing,9079.47
FY2026-Board-Approved,2026-09-30,CC-1100,Demand Generation,6020,Payroll Taxes & Benefits,Sales & Marketing,21038.92
FY2026-Board-Approved,2026-09-30,CC-1100,Demand Generation,6050,Contractor & Temp Labor,Sales & Marketing,18891.15
FY2026-Board-Approved,2026-09-30,CC-1100,Demand Generation,6100,Demand Generation,Sales & Marketing,232969.98
FY2026-Board-Approved,2026-09-30,CC-1100,Demand Generation,6110,Events & Field Marketing,Sales & Marketing,85870.54
FY2026-Board-Approved,2026-09-30,CC-1100,Demand Generation,6200,Software & Subscriptions,Sales & Marketing,3791.66
FY2026-Board-Approved,2026-09-30,CC-1100,Demand Generation,6300,Travel & Entertainment,Sales & Marketing,2943.32
FY2026-Board-Approved,2026-09-30,CC-1100,Demand Generation,6450,Training & Enablement,Sales & Marketing,503.98
FY2026-Board-Approved,2026-09-30,CC-1110,Product Marketing,6000,Salaries & Wages,Sales & Marketing,77549.73
FY2026-Board-Approved,2026-09-30,CC-1110,Product Marketing,6010,Bonus,Sales & Marketing,7150.41
FY2026-Board-Approved,2026-09-30,CC-1110,Product Marketing,6020,Payroll Taxes & Benefits,Sales & Marketing,17363.53
FY2026-Board-Approved,2026-09-30,CC-1110,Product Marketing,6120,Brand & Content,Sales & Marketing,60734.52
FY2026-Board-Approved,2026-09-30,CC-1110,Product Marketing,6200,Software & Subscriptions,Sales & Marketing,3383.72
FY2026-Board-Approved,2026-09-30,CC-1110,Product Marketing,6300,Travel & Entertainment,Sales & Marketing,2903.61
FY2026-Board-Approved,2026-09-30,CC-1200,Customer Success,6000,Salaries & Wages,Subscription COGS,224487.03
FY2026-Board-Approved,2026-09-30,CC-1200,Customer Success,6010,Bonus,Subscription COGS,22524.76
FY2026-Board-Approved,2026-09-30,CC-1200,Customer Success,6020,Payroll Taxes & Benefits,Subscription COGS,50637.42
FY2026-Board-Approved,2026-09-30,CC-1200,Customer Success,6200,Software & Subscriptions,Subscription COGS,4333.46
FY2026-Board-Approved,2026-09-30,CC-1200,Customer Success,6300,Travel & Entertainment,Subscription COGS,3324.01
FY2026-Board-Approved,2026-09-30,CC-2000,Support,5010,Third-Party Data & APIs,Subscription COGS,1650.94
FY2026-Board-Approved,2026-09-30,CC-2000,Support,6000,Salaries & Wages,Subscription COGS,69693.66
FY2026-Board-Approved,2026-09-30,CC-2000,Support,6010,Bonus,Subscription COGS,7096.25
FY2026-Board-Approved,2026-09-30,CC-2000,Support,6020,Payroll Taxes & Benefits,Subscription COGS,15741.93
FY2026-Board-Approved,2026-09-30,CC-2000,Support,6200,Software & Subscriptions,Subscription COGS,1269.61
FY2026-Board-Approved,2026-09-30,CC-2010,Cloud Operations,5000,Cloud Hosting,Subscription COGS,169132.88
FY2026-Board-Approved,2026-09-30,CC-2010,Cloud Operations,5010,Third-Party Data & APIs,Subscription COGS,980.13
FY2026-Board-Approved,2026-09-30,CC-2010,Cloud Operations,5020,Payment Processing Fees,Subscription COGS,14344.81
FY2026-Board-Approved,2026-09-30,CC-2010,Cloud Operations,6000,Salaries & Wages,Subscription COGS,60891.51
FY2026-Board-Approved,2026-09-30,CC-2010,Cloud Operations,6010,Bonus,Subscription COGS,5908.19
FY2026-Board-Approved,2026-09-30,CC-2010,Cloud Operations,6020,Payroll Taxes & Benefits,Subscription COGS,13693.94
FY2026-Board-Approved,2026-09-30,CC-2010,Cloud Operations,6050,Contractor & Temp Labor,Subscription COGS,18860.83
FY2026-Board-Approved,2026-09-30,CC-2010,Cloud Operations,6200,Software & Subscriptions,Subscription COGS,1028.28
FY2026-Board-Approved,2026-09-30,CC-2010,Cloud Operations,6900,Other Operating Expense,Subscription COGS,161.51
FY2026-Board-Approved,2026-09-30,CC-2100,Professional Services,5030,Services Subcontractors,Services COGS,4486.37
FY2026-Board-Approved,2026-09-30,CC-2100,Professional Services,6000,Salaries & Wages,Services COGS,47090.05
FY2026-Board-Approved,2026-09-30,CC-2100,Professional Services,6010,Bonus,Services COGS,4160.10
FY2026-Board-Approved,2026-09-30,CC-2100,Professional Services,6020,Payroll Taxes & Benefits,Services COGS,10506.28
FY2026-Board-Approved,2026-09-30,CC-2100,Professional Services,6200,Software & Subscriptions,Services COGS,1281.30
FY2026-Board-Approved,2026-09-30,CC-2100,Professional Services,6300,Travel & Entertainment,Services COGS,3077.46
FY2026-Board-Approved,2026-09-30,CC-3000,Engineering,6000,Salaries & Wages,Research & Development,392738.68
FY2026-Board-Approved,2026-09-30,CC-3000,Engineering,6010,Bonus,Research & Development,37362.72
FY2026-Board-Approved,2026-09-30,CC-3000,Engineering,6020,Payroll Taxes & Benefits,Research & Development,88170.78
FY2026-Board-Approved,2026-09-30,CC-3000,Engineering,6050,Contractor & Temp Labor,Research & Development,31050.71
FY2026-Board-Approved,2026-09-30,CC-3000,Engineering,6200,Software & Subscriptions,Research & Development,12505.18
FY2026-Board-Approved,2026-09-30,CC-3000,Engineering,6300,Travel & Entertainment,Research & Development,2649.34
FY2026-Board-Approved,2026-09-30,CC-3000,Engineering,6450,Training & Enablement,Research & Development,1805.95
FY2026-Board-Approved,2026-09-30,CC-3000,Engineering,6900,Other Operating Expense,Research & Development,1306.19
FY2026-Board-Approved,2026-09-30,CC-3010,Quality & Release,6000,Salaries & Wages,Research & Development,52098.65
FY2026-Board-Approved,2026-09-30,CC-3010,Quality & Release,6010,Bonus,Research & Development,4167.90
FY2026-Board-Approved,2026-09-30,CC-3010,Quality & Release,6020,Payroll Taxes & Benefits,Research & Development,11534.64
FY2026-Board-Approved,2026-09-30,CC-3010,Quality & Release,6050,Contractor & Temp Labor,Research & Development,10888.24
FY2026-Board-Approved,2026-09-30,CC-3010,Quality & Release,6200,Software & Subscriptions,Research & Development,2022.78
FY2026-Board-Approved,2026-09-30,CC-3100,Product & Design,6000,Salaries & Wages,Research & Development,152947.62
FY2026-Board-Approved,2026-09-30,CC-3100,Product & Design,6010,Bonus,Research & Development,13949.12
FY2026-Board-Approved,2026-09-30,CC-3100,Product & Design,6020,Payroll Taxes & Benefits,Research & Development,34213.83
FY2026-Board-Approved,2026-09-30,CC-3100,Product & Design,6050,Contractor & Temp Labor,Research & Development,11547.20
FY2026-Board-Approved,2026-09-30,CC-3100,Product & Design,6200,Software & Subscriptions,Research & Development,4971.35
FY2026-Board-Approved,2026-09-30,CC-3100,Product & Design,6300,Travel & Entertainment,Research & Development,1325.17
FY2026-Board-Approved,2026-09-30,CC-4000,Finance & Accounting,6000,Salaries & Wages,General & Administrative,55178.01
FY2026-Board-Approved,2026-09-30,CC-4000,Finance & Accounting,6010,Bonus,General & Administrative,4990.79
FY2026-Board-Approved,2026-09-30,CC-4000,Finance & Accounting,6020,Payroll Taxes & Benefits,General & Administrative,12334.60
FY2026-Board-Approved,2026-09-30,CC-4000,Finance & Accounting,6200,Software & Subscriptions,General & Administrative,1294.27
FY2026-Board-Approved,2026-09-30,CC-4000,Finance & Accounting,6300,Travel & Entertainment,General & Administrative,731.43
FY2026-Board-Approved,2026-09-30,CC-4000,Finance & Accounting,6400,Professional Fees,General & Administrative,67592.06
FY2026-Board-Approved,2026-09-30,CC-4000,Finance & Accounting,6440,Depreciation & Amortisation,General & Administrative,26844.73
FY2026-Board-Approved,2026-09-30,CC-4000,Finance & Accounting,6900,Other Operating Expense,General & Administrative,175.14
FY2026-Board-Approved,2026-09-30,CC-4010,People Operations,6000,Salaries & Wages,General & Administrative,65389.97
FY2026-Board-Approved,2026-09-30,CC-4010,People Operations,6010,Bonus,General & Administrative,6982.07
FY2026-Board-Approved,2026-09-30,CC-4010,People Operations,6020,Payroll Taxes & Benefits,General & Administrative,14836.27
FY2026-Board-Approved,2026-09-30,CC-4010,People Operations,6200,Software & Subscriptions,General & Administrative,1229.17
FY2026-Board-Approved,2026-09-30,CC-4010,People Operations,6410,Recruiting Fees,General & Administrative,31938.60
FY2026-Board-Approved,2026-09-30,CC-4010,People Operations,6450,Training & Enablement,General & Administrative,253.50
FY2026-Board-Approved,2026-09-30,CC-4020,Legal & Corporate,6000,Salaries & Wages,General & Administrative,19348.01
FY2026-Board-Approved,2026-09-30,CC-4020,Legal & Corporate,6010,Bonus,General & Administrative,1547.84
FY2026-Board-Approved,2026-09-30,CC-4020,Legal & Corporate,6020,Payroll Taxes & Benefits,General & Administrative,4283.65
FY2026-Board-Approved,2026-09-30,CC-4020,Legal & Corporate,6200,Software & Subscriptions,General & Administrative,719.19
FY2026-Board-Approved,2026-09-30,CC-4020,Legal & Corporate,6300,Travel & Entertainment,General & Administrative,394.61
FY2026-Board-Approved,2026-09-30,CC-4020,Legal & Corporate,6400,Professional Fees,General & Administrative,39392.68
FY2026-Board-Approved,2026-09-30,CC-4020,Legal & Corporate,6430,Insurance,General & Administrative,24804.31
FY2026-Board-Approved,2026-09-30,CC-4030,IT & Corporate Systems,6000,Salaries & Wages,General & Administrative,57014.49
FY2026-Board-Approved,2026-09-30,CC-4030,IT & Corporate Systems,6010,Bonus,General & Administrative,6345.80
FY2026-Board-Approved,2026-09-30,CC-4030,IT & Corporate Systems,6020,Payroll Taxes & Benefits,General & Administrative,12988.86
FY2026-Board-Approved,2026-09-30,CC-4030,IT & Corporate Systems,6050,Contractor & Temp Labor,General & Administrative,6980.66
FY2026-Board-Approved,2026-09-30,CC-4030,IT & Corporate Systems,6200,Software & Subscriptions,General & Administrative,895.54
FY2026-Board-Approved,2026-09-30,CC-4030,IT & Corporate Systems,6420,Facilities & Rent,General & Administrative,43456.45
FY2026-Board-Approved,2026-09-30,CC-4030,IT & Corporate Systems,6900,Other Operating Expense,General & Administrative,121.07
FY2026-Board-Approved,2026-09-30,CC-9000,Revenue,4000,Subscription Revenue,Subscription Revenue,-2774546.41
FY2026-Board-Approved,2026-09-30,CC-9000,Revenue,4010,Usage Revenue Above Commitment,Subscription Revenue,-59515.30
FY2026-Board-Approved,2026-09-30,CC-9000,Revenue,4100,Professional Services Revenue,Services Revenue,-7675.70
FY2026-Board-Approved,2026-09-30,CC-9000,Revenue,4110,Implementation Fee Revenue,Services Revenue,-53959.09
FY2026-Board-Approved,2026-09-30,CC-9000,Corporate,9000,Ending ARR,Memo - ARR,35030865.48
FY2026-Board-Approved,2026-09-30,CC-9000,Corporate,9010,New Logo ARR,Memo - ARR,570000.00
FY2026-Board-Approved,2026-09-30,CC-9000,Corporate,9020,Expansion ARR,Memo - ARR,465500.00
FY2026-Board-Approved,2026-09-30,CC-9000,Corporate,9030,Reactivation ARR,Memo - ARR,19000.00
FY2026-Board-Approved,2026-09-30,CC-9000,Corporate,9040,Contraction ARR,Memo - ARR,-55250.00
FY2026-Board-Approved,2026-09-30,CC-9000,Corporate,9050,Churn ARR,Memo - ARR,-185250.00
FY2026-Board-Approved,2026-09-30,CC-9000,Corporate,9100,New Logos Added,Memo - Statistical,21.00
FY2026-Board-Approved,2026-09-30,CC-9000,Corporate,9200,Ending Headcount,Memo - Statistical,210.20
FY2026-Board-Approved,2026-10-31,CC-1000,Sales - SMB,6000,Salaries & Wages,Sales & Marketing,90149.07
FY2026-Board-Approved,2026-10-31,CC-1000,Sales - SMB,6020,Payroll Taxes & Benefits,Sales & Marketing,18480.56
FY2026-Board-Approved,2026-10-31,CC-1000,Sales - SMB,6030,Sales Commissions,Sales & Marketing,13270.76
FY2026-Board-Approved,2026-10-31,CC-1000,Sales - SMB,6040,Commission Amortisation,Sales & Marketing,5717.77
FY2026-Board-Approved,2026-10-31,CC-1000,Sales - SMB,6200,Software & Subscriptions,Sales & Marketing,4808.25
FY2026-Board-Approved,2026-10-31,CC-1000,Sales - SMB,6300,Travel & Entertainment,Sales & Marketing,6981.34
FY2026-Board-Approved,2026-10-31,CC-1000,Sales - SMB,6450,Training & Enablement,Sales & Marketing,564.79
FY2026-Board-Approved,2026-10-31,CC-1010,Sales - Mid-Market,6000,Salaries & Wages,Sales & Marketing,119958.52
FY2026-Board-Approved,2026-10-31,CC-1010,Sales - Mid-Market,6020,Payroll Taxes & Benefits,Sales & Marketing,24591.50
FY2026-Board-Approved,2026-10-31,CC-1010,Sales - Mid-Market,6030,Sales Commissions,Sales & Marketing,25335.09
FY2026-Board-Approved,2026-10-31,CC-1010,Sales - Mid-Market,6040,Commission Amortisation,Sales & Marketing,10915.75
FY2026-Board-Approved,2026-10-31,CC-1010,Sales - Mid-Market,6200,Software & Subscriptions,Sales & Marketing,5750.97
FY2026-Board-Approved,2026-10-31,CC-1010,Sales - Mid-Market,6300,Travel & Entertainment,Sales & Marketing,7969.75
FY2026-Board-Approved,2026-10-31,CC-1010,Sales - Mid-Market,6450,Training & Enablement,Sales & Marketing,658.69
FY2026-Board-Approved,2026-10-31,CC-1020,Sales - Enterprise,6000,Salaries & Wages,Sales & Marketing,76334.70
FY2026-Board-Approved,2026-10-31,CC-1020,Sales - Enterprise,6020,Payroll Taxes & Benefits,Sales & Marketing,15648.62
FY2026-Board-Approved,2026-10-31,CC-1020,Sales - Enterprise,6030,Sales Commissions,Sales & Marketing,21715.80
FY2026-Board-Approved,2026-10-31,CC-1020,Sales - Enterprise,6040,Commission Amortisation,Sales & Marketing,9356.35
FY2026-Board-Approved,2026-10-31,CC-1020,Sales - Enterprise,6200,Software & Subscriptions,Sales & Marketing,3122.59
FY2026-Board-Approved,2026-10-31,CC-1020,Sales - Enterprise,6300,Travel & Entertainment,Sales & Marketing,4266.73
FY2026-Board-Approved,2026-10-31,CC-1020,Sales - Enterprise,6450,Training & Enablement,Sales & Marketing,412.16
FY2026-Board-Approved,2026-10-31,CC-1030,Sales Development,6000,Salaries & Wages,Sales & Marketing,60891.80
FY2026-Board-Approved,2026-10-31,CC-1030,Sales Development,6020,Payroll Taxes & Benefits,Sales & Marketing,12482.82
FY2026-Board-Approved,2026-10-31,CC-1030,Sales Development,6200,Software & Subscriptions,Sales & Marketing,2968.52
FY2026-Board-Approved,2026-10-31,CC-1030,Sales Development,6300,Travel & Entertainment,Sales & Marketing,3637.61
FY2026-Board-Approved,2026-10-31,CC-1030,Sales Development,6450,Training & Enablement,Sales & Marketing,314.64
FY2026-Board-Approved,2026-10-31,CC-1040,Sales Operations,6000,Salaries & Wages,Sales & Marketing,39318.54
FY2026-Board-Approved,2026-10-31,CC-1040,Sales Operations,6020,Payroll Taxes & Benefits,Sales & Marketing,8060.30
FY2026-Board-Approved,2026-10-31,CC-1040,Sales Operations,6200,Software & Subscriptions,Sales & Marketing,1829.22
FY2026-Board-Approved,2026-10-31,CC-1040,Sales Operations,6300,Travel & Entertainment,Sales & Marketing,2984.01
FY2026-Board-Approved,2026-10-31,CC-1050,Solutions Engineering,6000,Salaries & Wages,Sales & Marketing,32776.37
FY2026-Board-Approved,2026-10-31,CC-1050,Solutions Engineering,6020,Payroll Taxes & Benefits,Sales & Marketing,6719.15
FY2026-Board-Approved,2026-10-31,CC-1050,Solutions Engineering,6200,Software & Subscriptions,Sales & Marketing,1555.70
FY2026-Board-Approved,2026-10-31,CC-1050,Solutions Engineering,6300,Travel & Entertainment,Sales & Marketing,1970.18
FY2026-Board-Approved,2026-10-31,CC-1060,Sales Leadership,6000,Salaries & Wages,Sales & Marketing,31335.04
FY2026-Board-Approved,2026-10-31,CC-1060,Sales Leadership,6020,Payroll Taxes & Benefits,Sales & Marketing,6423.68
FY2026-Board-Approved,2026-10-31,CC-1060,Sales Leadership,6200,Software & Subscriptions,Sales & Marketing,1369.77
FY2026-Board-Approved,2026-10-31,CC-1060,Sales Leadership,6300,Travel & Entertainment,Sales & Marketing,2044.71
FY2026-Board-Approved,2026-10-31,CC-1060,Sales Leadership,6450,Training & Enablement,Sales & Marketing,165.34
FY2026-Board-Approved,2026-10-31,CC-1100,Demand Generation,6000,Salaries & Wages,Sales & Marketing,94398.20
FY2026-Board-Approved,2026-10-31,CC-1100,Demand Generation,6010,Bonus,Sales & Marketing,9161.85
FY2026-Board-Approved,2026-10-31,CC-1100,Demand Generation,6020,Payroll Taxes & Benefits,Sales & Marketing,21229.81
FY2026-Board-Approved,2026-10-31,CC-1100,Demand Generation,6050,Contractor & Temp Labor,Sales & Marketing,19083.52
FY2026-Board-Approved,2026-10-31,CC-1100,Demand Generation,6100,Demand Generation,Sales & Marketing,221861.70
FY2026-Board-Approved,2026-10-31,CC-1100,Demand Generation,6110,Events & Field Marketing,Sales & Marketing,90664.47
FY2026-Board-Approved,2026-10-31,CC-1100,Demand Generation,6200,Software & Subscriptions,Sales & Marketing,3348.49
FY2026-Board-Approved,2026-10-31,CC-1100,Demand Generation,6300,Travel & Entertainment,Sales & Marketing,3026.75
FY2026-Board-Approved,2026-10-31,CC-1100,Demand Generation,6450,Training & Enablement,Sales & Marketing,511.73
FY2026-Board-Approved,2026-10-31,CC-1110,Product Marketing,6000,Salaries & Wages,Sales & Marketing,78253.35
FY2026-Board-Approved,2026-10-31,CC-1110,Product Marketing,6010,Bonus,Sales & Marketing,7215.29
FY2026-Board-Approved,2026-10-31,CC-1110,Product Marketing,6020,Payroll Taxes & Benefits,Sales & Marketing,17521.07
FY2026-Board-Approved,2026-10-31,CC-1110,Product Marketing,6120,Brand & Content,Sales & Marketing,67632.48
FY2026-Board-Approved,2026-10-31,CC-1110,Product Marketing,6200,Software & Subscriptions,Sales & Marketing,3443.92
FY2026-Board-Approved,2026-10-31,CC-1110,Product Marketing,6300,Travel & Entertainment,Sales & Marketing,2657.12
FY2026-Board-Approved,2026-10-31,CC-1200,Customer Success,6000,Salaries & Wages,Subscription COGS,226523.86
FY2026-Board-Approved,2026-10-31,CC-1200,Customer Success,6010,Bonus,Subscription COGS,22729.13
FY2026-Board-Approved,2026-10-31,CC-1200,Customer Success,6020,Payroll Taxes & Benefits,Subscription COGS,51096.86
FY2026-Board-Approved,2026-10-31,CC-1200,Customer Success,6200,Software & Subscriptions,Subscription COGS,4048.05
FY2026-Board-Approved,2026-10-31,CC-1200,Customer Success,6300,Travel & Entertainment,Subscription COGS,3536.15
FY2026-Board-Approved,2026-10-31,CC-2000,Support,5010,Third-Party Data & APIs,Subscription COGS,1623.44
FY2026-Board-Approved,2026-10-31,CC-2000,Support,6000,Salaries & Wages,Subscription COGS,70326.01
FY2026-Board-Approved,2026-10-31,CC-2000,Support,6010,Bonus,Subscription COGS,7160.64
FY2026-Board-Approved,2026-10-31,CC-2000,Support,6020,Payroll Taxes & Benefits,Subscription COGS,15884.76
FY2026-Board-Approved,2026-10-31,CC-2000,Support,6200,Software & Subscriptions,Subscription COGS,1217.59
FY2026-Board-Approved,2026-10-31,CC-2010,Cloud Operations,5000,Cloud Hosting,Subscription COGS,189033.45
FY2026-Board-Approved,2026-10-31,CC-2010,Cloud Operations,5010,Third-Party Data & APIs,Subscription COGS,1012.68
FY2026-Board-Approved,2026-10-31,CC-2010,Cloud Operations,5020,Payment Processing Fees,Subscription COGS,20403.31
FY2026-Board-Approved,2026-10-31,CC-2010,Cloud Operations,6000,Salaries & Wages,Subscription COGS,61444.00
FY2026-Board-Approved,2026-10-31,CC-2010,Cloud Operations,6010,Bonus,Subscription COGS,5961.80
FY2026-Board-Approved,2026-10-31,CC-2010,Cloud Operations,6020,Payroll Taxes & Benefits,Subscription COGS,13818.19
FY2026-Board-Approved,2026-10-31,CC-2010,Cloud Operations,6050,Contractor & Temp Labor,Subscription COGS,18406.64
FY2026-Board-Approved,2026-10-31,CC-2010,Cloud Operations,6200,Software & Subscriptions,Subscription COGS,1121.12
FY2026-Board-Approved,2026-10-31,CC-2010,Cloud Operations,6900,Other Operating Expense,Subscription COGS,154.68
FY2026-Board-Approved,2026-10-31,CC-2100,Professional Services,5030,Services Subcontractors,Services COGS,4512.41
FY2026-Board-Approved,2026-10-31,CC-2100,Professional Services,6000,Salaries & Wages,Services COGS,47517.31
FY2026-Board-Approved,2026-10-31,CC-2100,Professional Services,6010,Bonus,Services COGS,4197.85
FY2026-Board-Approved,2026-10-31,CC-2100,Professional Services,6020,Payroll Taxes & Benefits,Services COGS,10601.61
FY2026-Board-Approved,2026-10-31,CC-2100,Professional Services,6200,Software & Subscriptions,Services COGS,1296.56
FY2026-Board-Approved,2026-10-31,CC-2100,Professional Services,6300,Travel & Entertainment,Services COGS,2480.81
FY2026-Board-Approved,2026-10-31,CC-3000,Engineering,6000,Salaries & Wages,Research & Development,403087.61
FY2026-Board-Approved,2026-10-31,CC-3000,Engineering,6010,Bonus,Research & Development,38244.56
FY2026-Board-Approved,2026-10-31,CC-3000,Engineering,6020,Payroll Taxes & Benefits,Research & Development,90473.10
FY2026-Board-Approved,2026-10-31,CC-3000,Engineering,6050,Contractor & Temp Labor,Research & Development,30534.37
FY2026-Board-Approved,2026-10-31,CC-3000,Engineering,6200,Software & Subscriptions,Research & Development,13462.14
FY2026-Board-Approved,2026-10-31,CC-3000,Engineering,6300,Travel & Entertainment,Research & Development,2876.78
FY2026-Board-Approved,2026-10-31,CC-3000,Engineering,6450,Training & Enablement,Research & Development,2294.62
FY2026-Board-Approved,2026-10-31,CC-3000,Engineering,6900,Other Operating Expense,Research & Development,1346.43
FY2026-Board-Approved,2026-10-31,CC-3010,Quality & Release,6000,Salaries & Wages,Research & Development,77448.45
FY2026-Board-Approved,2026-10-31,CC-3010,Quality & Release,6010,Bonus,Research & Development,9678.67
FY2026-Board-Approved,2026-10-31,CC-3010,Quality & Release,6020,Payroll Taxes & Benefits,Research & Development,17861.06
FY2026-Board-Approved,2026-10-31,CC-3010,Quality & Release,6050,Contractor & Temp Labor,Research & Development,10413.01
FY2026-Board-Approved,2026-10-31,CC-3010,Quality & Release,6200,Software & Subscriptions,Research & Development,2554.60
FY2026-Board-Approved,2026-10-31,CC-3100,Product & Design,6000,Salaries & Wages,Research & Development,174841.64
FY2026-Board-Approved,2026-10-31,CC-3100,Product & Design,6010,Bonus,Research & Development,15716.18
FY2026-Board-Approved,2026-10-31,CC-3100,Product & Design,6020,Payroll Taxes & Benefits,Research & Development,39064.36
FY2026-Board-Approved,2026-10-31,CC-3100,Product & Design,6050,Contractor & Temp Labor,Research & Development,11157.65
FY2026-Board-Approved,2026-10-31,CC-3100,Product & Design,6200,Software & Subscriptions,Research & Development,6207.22
FY2026-Board-Approved,2026-10-31,CC-3100,Product & Design,6300,Travel & Entertainment,Research & Development,1573.00
FY2026-Board-Approved,2026-10-31,CC-4000,Finance & Accounting,6000,Salaries & Wages,General & Administrative,67733.46
FY2026-Board-Approved,2026-10-31,CC-4000,Finance & Accounting,6010,Bonus,General & Administrative,6000.46
FY2026-Board-Approved,2026-10-31,CC-4000,Finance & Accounting,6020,Payroll Taxes & Benefits,General & Administrative,15115.45
FY2026-Board-Approved,2026-10-31,CC-4000,Finance & Accounting,6200,Software & Subscriptions,General & Administrative,1651.55
FY2026-Board-Approved,2026-10-31,CC-4000,Finance & Accounting,6300,Travel & Entertainment,General & Administrative,824.74
FY2026-Board-Approved,2026-10-31,CC-4000,Finance & Accounting,6400,Professional Fees,General & Administrative,46421.20
FY2026-Board-Approved,2026-10-31,CC-4000,Finance & Accounting,6440,Depreciation & Amortisation,General & Administrative,27169.03
FY2026-Board-Approved,2026-10-31,CC-4000,Finance & Accounting,6900,Other Operating Expense,General & Administrative,206.70
FY2026-Board-Approved,2026-10-31,CC-4010,People Operations,6000,Salaries & Wages,General & Administrative,65983.27
FY2026-Board-Approved,2026-10-31,CC-4010,People Operations,6010,Bonus,General & Administrative,7045.42
FY2026-Board-Approved,2026-10-31,CC-4010,People Operations,6020,Payroll Taxes & Benefits,General & Administrative,14970.88
FY2026-Board-Approved,2026-10-31,CC-4010,People Operations,6200,Software & Subscriptions,General & Administrative,1180.21
FY2026-Board-Approved,2026-10-31,CC-4010,People Operations,6410,Recruiting Fees,General & Administrative,62590.92
FY2026-Board-Approved,2026-10-31,CC-4010,People Operations,6450,Training & Enablement,General & Administrative,238.81
FY2026-Board-Approved,2026-10-31,CC-4020,Legal & Corporate,6000,Salaries & Wages,General & Administrative,19523.56
FY2026-Board-Approved,2026-10-31,CC-4020,Legal & Corporate,6010,Bonus,General & Administrative,1561.89
FY2026-Board-Approved,2026-10-31,CC-4020,Legal & Corporate,6020,Payroll Taxes & Benefits,General & Administrative,4322.52
FY2026-Board-Approved,2026-10-31,CC-4020,Legal & Corporate,6200,Software & Subscriptions,General & Administrative,669.02
FY2026-Board-Approved,2026-10-31,CC-4020,Legal & Corporate,6300,Travel & Entertainment,General & Administrative,388.26
FY2026-Board-Approved,2026-10-31,CC-4020,Legal & Corporate,6400,Professional Fees,General & Administrative,23416.26
FY2026-Board-Approved,2026-10-31,CC-4020,Legal & Corporate,6430,Insurance,General & Administrative,23306.68
FY2026-Board-Approved,2026-10-31,CC-4030,IT & Corporate Systems,6000,Salaries & Wages,General & Administrative,57531.80
FY2026-Board-Approved,2026-10-31,CC-4030,IT & Corporate Systems,6010,Bonus,General & Administrative,6403.38
FY2026-Board-Approved,2026-10-31,CC-4030,IT & Corporate Systems,6020,Payroll Taxes & Benefits,General & Administrative,13106.72
FY2026-Board-Approved,2026-10-31,CC-4030,IT & Corporate Systems,6050,Contractor & Temp Labor,General & Administrative,7384.36
FY2026-Board-Approved,2026-10-31,CC-4030,IT & Corporate Systems,6200,Software & Subscriptions,General & Administrative,933.59
FY2026-Board-Approved,2026-10-31,CC-4030,IT & Corporate Systems,6420,Facilities & Rent,General & Administrative,48873.01
FY2026-Board-Approved,2026-10-31,CC-4030,IT & Corporate Systems,6900,Other Operating Expense,General & Administrative,119.20
FY2026-Board-Approved,2026-10-31,CC-9000,Revenue,4000,Subscription Revenue,Subscription Revenue,-2828050.80
FY2026-Board-Approved,2026-10-31,CC-9000,Revenue,4010,Usage Revenue Above Commitment,Subscription Revenue,-60662.99
FY2026-Board-Approved,2026-10-31,CC-9000,Revenue,4100,Professional Services Revenue,Services Revenue,-10969.51
FY2026-Board-Approved,2026-10-31,CC-9000,Revenue,4110,Implementation Fee Revenue,Services Revenue,-47675.25
FY2026-Board-Approved,2026-10-31,CC-9000,Corporate,9000,Ending ARR,Memo - ARR,35456365.48
FY2026-Board-Approved,2026-10-31,CC-9000,Corporate,9010,New Logo ARR,Memo - ARR,390000.00
FY2026-Board-Approved,2026-10-31,CC-9000,Corporate,9020,Expansion ARR,Memo - ARR,318500.00
FY2026-Board-Approved,2026-10-31,CC-9000,Corporate,9030,Reactivation ARR,Memo - ARR,13000.00
FY2026-Board-Approved,2026-10-31,CC-9000,Corporate,9040,Contraction ARR,Memo - ARR,-68000.00
FY2026-Board-Approved,2026-10-31,CC-9000,Corporate,9050,Churn ARR,Memo - ARR,-228000.00
FY2026-Board-Approved,2026-10-31,CC-9000,Corporate,9100,New Logos Added,Memo - Statistical,21.00
FY2026-Board-Approved,2026-10-31,CC-9000,Corporate,9200,Ending Headcount,Memo - Statistical,211.50
FY2026-Board-Approved,2026-11-30,CC-1000,Sales - SMB,6000,Salaries & Wages,Sales & Marketing,80509.11
FY2026-Board-Approved,2026-11-30,CC-1000,Sales - SMB,6020,Payroll Taxes & Benefits,Sales & Marketing,16504.37
FY2026-Board-Approved,2026-11-30,CC-1000,Sales - SMB,6030,Sales Commissions,Sales & Marketing,5267.99
FY2026-Board-Approved,2026-11-30,CC-1000,Sales - SMB,6040,Commission Amortisation,Sales & Marketing,5997.43
FY2026-Board-Approved,2026-11-30,CC-1000,Sales - SMB,6200,Software & Subscriptions,Sales & Marketing,3942.97
FY2026-Board-Approved,2026-11-30,CC-1000,Sales - SMB,6300,Travel & Entertainment,Sales & Marketing,6496.74
FY2026-Board-Approved,2026-11-30,CC-1000,Sales - SMB,6450,Training & Enablement,Sales & Marketing,532.75
FY2026-Board-Approved,2026-11-30,CC-1010,Sales - Mid-Market,6000,Salaries & Wages,Sales & Marketing,111432.76
FY2026-Board-Approved,2026-11-30,CC-1010,Sales - Mid-Market,6020,Payroll Taxes & Benefits,Sales & Marketing,22843.72
FY2026-Board-Approved,2026-11-30,CC-1010,Sales - Mid-Market,6030,Sales Commissions,Sales & Marketing,10057.07
FY2026-Board-Approved,2026-11-30,CC-1010,Sales - Mid-Market,6040,Commission Amortisation,Sales & Marketing,11449.62
FY2026-Board-Approved,2026-11-30,CC-1010,Sales - Mid-Market,6200,Software & Subscriptions,Sales & Marketing,5557.67
FY2026-Board-Approved,2026-11-30,CC-1010,Sales - Mid-Market,6300,Travel & Entertainment,Sales & Marketing,7627.19
FY2026-Board-Approved,2026-11-30,CC-1010,Sales - Mid-Market,6450,Training & Enablement,Sales & Marketing,659.18
FY2026-Board-Approved,2026-11-30,CC-1020,Sales - Enterprise,6000,Salaries & Wages,Sales & Marketing,76988.19
FY2026-Board-Approved,2026-11-30,CC-1020,Sales - Enterprise,6020,Payroll Taxes & Benefits,Sales & Marketing,15782.58
FY2026-Board-Approved,2026-11-30,CC-1020,Sales - Enterprise,6030,Sales Commissions,Sales & Marketing,8620.35
FY2026-Board-Approved,2026-11-30,CC-1020,Sales - Enterprise,6040,Commission Amortisation,Sales & Marketing,9813.97
FY2026-Board-Approved,2026-11-30,CC-1020,Sales - Enterprise,6200,Software & Subscriptions,Sales & Marketing,3535.33
FY2026-Board-Approved,2026-11-30,CC-1020,Sales - Enterprise,6300,Travel & Entertainment,Sales & Marketing,4707.34
FY2026-Board-Approved,2026-11-30,CC-1020,Sales - Enterprise,6450,Training & Enablement,Sales & Marketing,426.90
FY2026-Board-Approved,2026-11-30,CC-1030,Sales Development,6000,Salaries & Wages,Sales & Marketing,61413.09
FY2026-Board-Approved,2026-11-30,CC-1030,Sales Development,6020,Payroll Taxes & Benefits,Sales & Marketing,12589.69
FY2026-Board-Approved,2026-11-30,CC-1030,Sales Development,6200,Software & Subscriptions,Sales & Marketing,2913.36
FY2026-Board-Approved,2026-11-30,CC-1030,Sales Development,6300,Travel & Entertainment,Sales & Marketing,4117.25
FY2026-Board-Approved,2026-11-30,CC-1030,Sales Development,6450,Training & Enablement,Sales & Marketing,372.01
FY2026-Board-Approved,2026-11-30,CC-1040,Sales Operations,6000,Salaries & Wages,Sales & Marketing,39655.14
FY2026-Board-Approved,2026-11-30,CC-1040,Sales Operations,6020,Payroll Taxes & Benefits,Sales & Marketing,8129.31
FY2026-Board-Approved,2026-11-30,CC-1040,Sales Operations,6200,Software & Subscriptions,Sales & Marketing,1871.84
FY2026-Board-Approved,2026-11-30,CC-1040,Sales Operations,6300,Travel & Entertainment,Sales & Marketing,2674.36
FY2026-Board-Approved,2026-11-30,CC-1050,Solutions Engineering,6000,Salaries & Wages,Sales & Marketing,33056.97
FY2026-Board-Approved,2026-11-30,CC-1050,Solutions Engineering,6020,Payroll Taxes & Benefits,Sales & Marketing,6776.67
FY2026-Board-Approved,2026-11-30,CC-1050,Solutions Engineering,6200,Software & Subscriptions,Sales & Marketing,1335.89
FY2026-Board-Approved,2026-11-30,CC-1050,Solutions Engineering,6300,Travel & Entertainment,Sales & Marketing,1929.51
FY2026-Board-Approved,2026-11-30,CC-1060,Sales Leadership,6000,Salaries & Wages,Sales & Marketing,31603.29
FY2026-Board-Approved,2026-11-30,CC-1060,Sales Leadership,6020,Payroll Taxes & Benefits,Sales & Marketing,6478.68
FY2026-Board-Approved,2026-11-30,CC-1060,Sales Leadership,6200,Software & Subscriptions,Sales & Marketing,1513.69
FY2026-Board-Approved,2026-11-30,CC-1060,Sales Leadership,6300,Travel & Entertainment,Sales & Marketing,1887.72
FY2026-Board-Approved,2026-11-30,CC-1060,Sales Leadership,6450,Training & Enablement,Sales & Marketing,181.28
FY2026-Board-Approved,2026-11-30,CC-1100,Demand Generation,6000,Salaries & Wages,Sales & Marketing,111168.46
FY2026-Board-Approved,2026-11-30,CC-1100,Demand Generation,6010,Bonus,Sales & Marketing,11155.74
FY2026-Board-Approved,2026-11-30,CC-1100,Demand Generation,6020,Payroll Taxes & Benefits,Sales & Marketing,25076.45
FY2026-Board-Approved,2026-11-30,CC-1100,Demand Generation,6050,Contractor & Temp Labor,Sales & Marketing,16865.95
FY2026-Board-Approved,2026-11-30,CC-1100,Demand Generation,6100,Demand Generation,Sales & Marketing,214379.46
FY2026-Board-Approved,2026-11-30,CC-1100,Demand Generation,6110,Events & Field Marketing,Sales & Marketing,84600.99
FY2026-Board-Approved,2026-11-30,CC-1100,Demand Generation,6200,Software & Subscriptions,Sales & Marketing,4203.21
FY2026-Board-Approved,2026-11-30,CC-1100,Demand Generation,6300,Travel & Entertainment,Sales & Marketing,3375.79
FY2026-Board-Approved,2026-11-30,CC-1100,Demand Generation,6450,Training & Enablement,Sales & Marketing,564.07
FY2026-Board-Approved,2026-11-30,CC-1110,Product Marketing,6000,Salaries & Wages,Sales & Marketing,78923.28
FY2026-Board-Approved,2026-11-30,CC-1110,Product Marketing,6010,Bonus,Sales & Marketing,7277.06
FY2026-Board-Approved,2026-11-30,CC-1110,Product Marketing,6020,Payroll Taxes & Benefits,Sales & Marketing,17671.07
FY2026-Board-Approved,2026-11-30,CC-1110,Product Marketing,6120,Brand & Content,Sales & Marketing,59168.26
FY2026-Board-Approved,2026-11-30,CC-1110,Product Marketing,6200,Software & Subscriptions,Sales & Marketing,3528.99
FY2026-Board-Approved,2026-11-30,CC-1110,Product Marketing,6300,Travel & Entertainment,Sales & Marketing,2662.27
FY2026-Board-Approved,2026-11-30,CC-1200,Customer Success,6000,Salaries & Wages,Subscription COGS,238714.36
FY2026-Board-Approved,2026-11-30,CC-1200,Customer Success,6010,Bonus,Subscription COGS,23743.81
FY2026-Board-Approved,2026-11-30,CC-1200,Customer Success,6020,Payroll Taxes & Benefits,Subscription COGS,53803.93
FY2026-Board-Approved,2026-11-30,CC-1200,Customer Success,6200,Software & Subscriptions,Subscription COGS,4064.49
FY2026-Board-Approved,2026-11-30,CC-1200,Customer Success,6300,Travel & Entertainment,Subscription COGS,3537.05
FY2026-Board-Approved,2026-11-30,CC-2000,Support,5010,Third-Party Data & APIs,Subscription COGS,1369.97
FY2026-Board-Approved,2026-11-30,CC-2000,Support,6000,Salaries & Wages,Subscription COGS,80140.97
FY2026-Board-Approved,2026-11-30,CC-2000,Support,6010,Bonus,Subscription COGS,7958.97
FY2026-Board-Approved,2026-11-30,CC-2000,Support,6020,Payroll Taxes & Benefits,Subscription COGS,18060.49
FY2026-Board-Approved,2026-11-30,CC-2000,Support,6200,Software & Subscriptions,Subscription COGS,1393.23
FY2026-Board-Approved,2026-11-30,CC-2010,Cloud Operations,5000,Cloud Hosting,Subscription COGS,192488.11
FY2026-Board-Approved,2026-11-30,CC-2010,Cloud Operations,5010,Third-Party Data & APIs,Subscription COGS,1046.80
FY2026-Board-Approved,2026-11-30,CC-2010,Cloud Operations,5020,Payment Processing Fees,Subscription COGS,16499.91
FY2026-Board-Approved,2026-11-30,CC-2010,Cloud Operations,6000,Salaries & Wages,Subscription COGS,61970.01
FY2026-Board-Approved,2026-11-30,CC-2010,Cloud Operations,6010,Bonus,Subscription COGS,6012.84
FY2026-Board-Approved,2026-11-30,CC-2010,Cloud Operations,6020,Payroll Taxes & Benefits,Subscription COGS,13936.49
FY2026-Board-Approved,2026-11-30,CC-2010,Cloud Operations,6050,Contractor & Temp Labor,Subscription COGS,19941.74
FY2026-Board-Approved,2026-11-30,CC-2010,Cloud Operations,6200,Software & Subscriptions,Subscription COGS,1042.95
FY2026-Board-Approved,2026-11-30,CC-2010,Cloud Operations,6900,Other Operating Expense,Subscription COGS,159.19
FY2026-Board-Approved,2026-11-30,CC-2100,Professional Services,5030,Services Subcontractors,Services COGS,5954.02
FY2026-Board-Approved,2026-11-30,CC-2100,Professional Services,6000,Salaries & Wages,Services COGS,57986.57
FY2026-Board-Approved,2026-11-30,CC-2100,Professional Services,6010,Bonus,Services COGS,5441.28
FY2026-Board-Approved,2026-11-30,CC-2100,Professional Services,6020,Payroll Taxes & Benefits,Services COGS,13002.70
FY2026-Board-Approved,2026-11-30,CC-2100,Professional Services,6200,Software & Subscriptions,Services COGS,1410.70
FY2026-Board-Approved,2026-11-30,CC-2100,Professional Services,6300,Travel & Entertainment,Services COGS,2939.72
FY2026-Board-Approved,2026-11-30,CC-3000,Engineering,6000,Salaries & Wages,Research & Development,383562.79
FY2026-Board-Approved,2026-11-30,CC-3000,Engineering,6010,Bonus,Research & Development,36299.33
FY2026-Board-Approved,2026-11-30,CC-3000,Engineering,6020,Payroll Taxes & Benefits,Research & Development,86071.74
FY2026-Board-Approved,2026-11-30,CC-3000,Engineering,6050,Contractor & Temp Labor,Research & Development,30564.57
FY2026-Board-Approved,2026-11-30,CC-3000,Engineering,6200,Software & Subscriptions,Research & Development,13930.29
FY2026-Board-Approved,2026-11-30,CC-3000,Engineering,6300,Travel & Entertainment,Research & Development,2754.83
FY2026-Board-Approved,2026-11-30,CC-3000,Engineering,6450,Training & Enablement,Research & Development,2145.95
FY2026-Board-Approved,2026-11-30,CC-3000,Engineering,6900,Other Operating Expense,Research & Development,1239.97
FY2026-Board-Approved,2026-11-30,CC-3010,Quality & Release,6000,Salaries & Wages,Research & Development,78111.48
FY2026-Board-Approved,2026-11-30,CC-3010,Quality & Release,6010,Bonus,Research & Development,9761.53
FY2026-Board-Approved,2026-11-30,CC-3010,Quality & Release,6020,Payroll Taxes & Benefits,Research & Development,18013.97
FY2026-Board-Approved,2026-11-30,CC-3010,Quality & Release,6050,Contractor & Temp Labor,Research & Development,10277.06
FY2026-Board-Approved,2026-11-30,CC-3010,Quality & Release,6200,Software & Subscriptions,Research & Development,2467.48
FY2026-Board-Approved,2026-11-30,CC-3100,Product & Design,6000,Salaries & Wages,Research & Development,176593.31
FY2026-Board-Approved,2026-11-30,CC-3100,Product & Design,6010,Bonus,Research & Development,15881.31
FY2026-Board-Approved,2026-11-30,CC-3100,Product & Design,6020,Payroll Taxes & Benefits,Research & Development,39457.30
FY2026-Board-Approved,2026-11-30,CC-3100,Product & Design,6050,Contractor & Temp Labor,Research & Development,12971.39
FY2026-Board-Approved,2026-11-30,CC-3100,Product & Design,6200,Software & Subscriptions,Research & Development,6261.91
FY2026-Board-Approved,2026-11-30,CC-3100,Product & Design,6300,Travel & Entertainment,Research & Development,1594.66
FY2026-Board-Approved,2026-11-30,CC-4000,Finance & Accounting,6000,Salaries & Wages,General & Administrative,68313.33
FY2026-Board-Approved,2026-11-30,CC-4000,Finance & Accounting,6010,Bonus,General & Administrative,6051.83
FY2026-Board-Approved,2026-11-30,CC-4000,Finance & Accounting,6020,Payroll Taxes & Benefits,General & Administrative,15244.85
FY2026-Board-Approved,2026-11-30,CC-4000,Finance & Accounting,6200,Software & Subscriptions,General & Administrative,1607.27
FY2026-Board-Approved,2026-11-30,CC-4000,Finance & Accounting,6300,Travel & Entertainment,General & Administrative,947.00
FY2026-Board-Approved,2026-11-30,CC-4000,Finance & Accounting,6400,Professional Fees,General & Administrative,49753.34
FY2026-Board-Approved,2026-11-30,CC-4000,Finance & Accounting,6440,Depreciation & Amortisation,General & Administrative,27497.26
FY2026-Board-Approved,2026-11-30,CC-4000,Finance & Accounting,6900,Other Operating Expense,General & Administrative,198.31
FY2026-Board-Approved,2026-11-30,CC-4010,People Operations,6000,Salaries & Wages,General & Administrative,66548.15
FY2026-Board-Approved,2026-11-30,CC-4010,People Operations,6010,Bonus,General & Administrative,7105.73
FY2026-Board-Approved,2026-11-30,CC-4010,People Operations,6020,Payroll Taxes & Benefits,General & Administrative,15099.05
FY2026-Board-Approved,2026-11-30,CC-4010,People Operations,6200,Software & Subscriptions,General & Administrative,1122.19
FY2026-Board-Approved,2026-11-30,CC-4010,People Operations,6410,Recruiting Fees,General & Administrative,47098.87
FY2026-Board-Approved,2026-11-30,CC-4010,People Operations,6450,Training & Enablement,General & Administrative,246.89
FY2026-Board-Approved,2026-11-30,CC-4020,Legal & Corporate,6000,Salaries & Wages,General & Administrative,19690.70
FY2026-Board-Approved,2026-11-30,CC-4020,Legal & Corporate,6010,Bonus,General & Administrative,1575.26
FY2026-Board-Approved,2026-11-30,CC-4020,Legal & Corporate,6020,Payroll Taxes & Benefits,General & Administrative,4359.52
FY2026-Board-Approved,2026-11-30,CC-4020,Legal & Corporate,6200,Software & Subscriptions,General & Administrative,735.69
FY2026-Board-Approved,2026-11-30,CC-4020,Legal & Corporate,6300,Travel & Entertainment,General & Administrative,395.00
FY2026-Board-Approved,2026-11-30,CC-4020,Legal & Corporate,6400,Professional Fees,General & Administrative,25749.49
FY2026-Board-Approved,2026-11-30,CC-4020,Legal & Corporate,6430,Insurance,General & Administrative,26644.30
FY2026-Board-Approved,2026-11-30,CC-4030,IT & Corporate Systems,6000,Salaries & Wages,General & Administrative,58024.33
FY2026-Board-Approved,2026-11-30,CC-4030,IT & Corporate Systems,6010,Bonus,General & Administrative,6458.20
FY2026-Board-Approved,2026-11-30,CC-4030,IT & Corporate Systems,6020,Payroll Taxes & Benefits,General & Administrative,13218.92
FY2026-Board-Approved,2026-11-30,CC-4030,IT & Corporate Systems,6050,Contractor & Temp Labor,General & Administrative,7372.26
FY2026-Board-Approved,2026-11-30,CC-4030,IT & Corporate Systems,6200,Software & Subscriptions,General & Administrative,972.50
FY2026-Board-Approved,2026-11-30,CC-4030,IT & Corporate Systems,6420,Facilities & Rent,General & Administrative,46774.47
FY2026-Board-Approved,2026-11-30,CC-4030,IT & Corporate Systems,6900,Other Operating Expense,General & Administrative,120.86
FY2026-Board-Approved,2026-11-30,CC-9000,Revenue,4000,Subscription Revenue,Subscription Revenue,-2877027.31
FY2026-Board-Approved,2026-11-30,CC-9000,Revenue,4010,Usage Revenue Above Commitment,Subscription Revenue,-61713.56
FY2026-Board-Approved,2026-11-30,CC-9000,Revenue,4100,Professional Services Revenue,Services Revenue,-24960.81
FY2026-Board-Approved,2026-11-30,CC-9000,Revenue,4110,Implementation Fee Revenue,Services Revenue,-56000.23
FY2026-Board-Approved,2026-11-30,CC-9000,Corporate,9000,Ending ARR,Memo - ARR,35955865.48
FY2026-Board-Approved,2026-11-30,CC-9000,Corporate,9010,New Logo ARR,Memo - ARR,450000.00
FY2026-Board-Approved,2026-11-30,CC-9000,Corporate,9020,Expansion ARR,Memo - ARR,367500.00
FY2026-Board-Approved,2026-11-30,CC-9000,Corporate,9030,Reactivation ARR,Memo - ARR,15000.00
FY2026-Board-Approved,2026-11-30,CC-9000,Corporate,9040,Contraction ARR,Memo - ARR,-76500.00
FY2026-Board-Approved,2026-11-30,CC-9000,Corporate,9050,Churn ARR,Memo - ARR,-256500.00
FY2026-Board-Approved,2026-11-30,CC-9000,Corporate,9100,New Logos Added,Memo - Statistical,21.00
FY2026-Board-Approved,2026-11-30,CC-9000,Corporate,9200,Ending Headcount,Memo - Statistical,212.70
FY2026-Board-Approved,2026-12-31,CC-1000,Sales - SMB,6000,Salaries & Wages,Sales & Marketing,81233.72
FY2026-Board-Approved,2026-12-31,CC-1000,Sales - SMB,6020,Payroll Taxes & Benefits,Sales & Marketing,16652.92
FY2026-Board-Approved,2026-12-31,CC-1000,Sales - SMB,6030,Sales Commissions,Sales & Marketing,10217.18
FY2026-Board-Approved,2026-12-31,CC-1000,Sales - SMB,6040,Commission Amortisation,Sales & Marketing,6478.28
FY2026-Board-Approved,2026-12-31,CC-1000,Sales - SMB,6200,Software & Subscriptions,Sales & Marketing,4422.35
FY2026-Board-Approved,2026-12-31,CC-1000,Sales - SMB,6300,Travel & Entertainment,Sales & Marketing,8041.14
FY2026-Board-Approved,2026-12-31,CC-1000,Sales - SMB,6450,Training & Enablement,Sales & Marketing,533.99
FY2026-Board-Approved,2026-12-31,CC-1010,Sales - Mid-Market,6000,Salaries & Wages,Sales & Marketing,112435.69
FY2026-Board-Approved,2026-12-31,CC-1010,Sales - Mid-Market,6020,Payroll Taxes & Benefits,Sales & Marketing,23049.32
FY2026-Board-Approved,2026-12-31,CC-1010,Sales - Mid-Market,6030,Sales Commissions,Sales & Marketing,19505.53
FY2026-Board-Approved,2026-12-31,CC-1010,Sales - Mid-Market,6040,Commission Amortisation,Sales & Marketing,12367.64
FY2026-Board-Approved,2026-12-31,CC-1010,Sales - Mid-Market,6200,Software & Subscriptions,Sales & Marketing,5023.27
FY2026-Board-Approved,2026-12-31,CC-1010,Sales - Mid-Market,6300,Travel & Entertainment,Sales & Marketing,9334.12
FY2026-Board-Approved,2026-12-31,CC-1010,Sales - Mid-Market,6450,Training & Enablement,Sales & Marketing,688.22
FY2026-Board-Approved,2026-12-31,CC-1020,Sales - Enterprise,6000,Salaries & Wages,Sales & Marketing,77681.11
FY2026-Board-Approved,2026-12-31,CC-1020,Sales - Enterprise,6020,Payroll Taxes & Benefits,Sales & Marketing,15924.63
FY2026-Board-Approved,2026-12-31,CC-1020,Sales - Enterprise,6030,Sales Commissions,Sales & Marketing,16719.02
FY2026-Board-Approved,2026-12-31,CC-1020,Sales - Enterprise,6040,Commission Amortisation,Sales & Marketing,10600.83
FY2026-Board-Approved,2026-12-31,CC-1020,Sales - Enterprise,6200,Software & Subscriptions,Sales & Marketing,3457.76
FY2026-Board-Approved,2026-12-31,CC-1020,Sales - Enterprise,6300,Travel & Entertainment,Sales & Marketing,6673.32
FY2026-Board-Approved,2026-12-31,CC-1020,Sales - Enterprise,6450,Training & Enablement,Sales & Marketing,401.18
FY2026-Board-Approved,2026-12-31,CC-1030,Sales Development,6000,Salaries & Wages,Sales & Marketing,61965.83
FY2026-Board-Approved,2026-12-31,CC-1030,Sales Development,6020,Payroll Taxes & Benefits,Sales & Marketing,12703.00
FY2026-Board-Approved,2026-12-31,CC-1030,Sales Development,6200,Software & Subscriptions,Sales & Marketing,2850.58
FY2026-Board-Approved,2026-12-31,CC-1030,Sales Development,6300,Travel & Entertainment,Sales & Marketing,5351.74
FY2026-Board-Approved,2026-12-31,CC-1030,Sales Development,6450,Training & Enablement,Sales & Marketing,378.39
FY2026-Board-Approved,2026-12-31,CC-1040,Sales Operations,6000,Salaries & Wages,Sales & Marketing,40012.05
FY2026-Board-Approved,2026-12-31,CC-1040,Sales Operations,6020,Payroll Taxes & Benefits,Sales & Marketing,8202.47
FY2026-Board-Approved,2026-12-31,CC-1040,Sales Operations,6200,Software & Subscriptions,Sales & Marketing,1985.83
FY2026-Board-Approved,2026-12-31,CC-1040,Sales Operations,6300,Travel & Entertainment,Sales & Marketing,3808.40
FY2026-Board-Approved,2026-12-31,CC-1050,Solutions Engineering,6000,Salaries & Wages,Sales & Marketing,33354.49
FY2026-Board-Approved,2026-12-31,CC-1050,Solutions Engineering,6020,Payroll Taxes & Benefits,Sales & Marketing,6837.67
FY2026-Board-Approved,2026-12-31,CC-1050,Solutions Engineering,6200,Software & Subscriptions,Sales & Marketing,1386.14
FY2026-Board-Approved,2026-12-31,CC-1050,Solutions Engineering,6300,Travel & Entertainment,Sales & Marketing,2951.91
FY2026-Board-Approved,2026-12-31,CC-1060,Sales Leadership,6000,Salaries & Wages,Sales & Marketing,31887.73
FY2026-Board-Approved,2026-12-31,CC-1060,Sales Leadership,6020,Payroll Taxes & Benefits,Sales & Marketing,6536.99
FY2026-Board-Approved,2026-12-31,CC-1060,Sales Leadership,6200,Software & Subscriptions,Sales & Marketing,1425.58
FY2026-Board-Approved,2026-12-31,CC-1060,Sales Leadership,6300,Travel & Entertainment,Sales & Marketing,2748.64
FY2026-Board-Approved,2026-12-31,CC-1060,Sales Leadership,6450,Training & Enablement,Sales & Marketing,174.13
FY2026-Board-Approved,2026-12-31,CC-1100,Demand Generation,6000,Salaries & Wages,Sales & Marketing,112169.01
FY2026-Board-Approved,2026-12-31,CC-1100,Demand Generation,6010,Bonus,Sales & Marketing,11256.14
FY2026-Board-Approved,2026-12-31,CC-1100,Demand Generation,6020,Payroll Taxes & Benefits,Sales & Marketing,25302.15
FY2026-Board-Approved,2026-12-31,CC-1100,Demand Generation,6050,Contractor & Temp Labor,Sales & Marketing,18611.63
FY2026-Board-Approved,2026-12-31,CC-1100,Demand Generation,6100,Demand Generation,Sales & Marketing,202656.28
FY2026-Board-Approved,2026-12-31,CC-1100,Demand Generation,6110,Events & Field Marketing,Sales & Marketing,79590.66
FY2026-Board-Approved,2026-12-31,CC-1100,Demand Generation,6200,Software & Subscriptions,Sales & Marketing,4037.53
FY2026-Board-Approved,2026-12-31,CC-1100,Demand Generation,6300,Travel & Entertainment,Sales & Marketing,4313.33
FY2026-Board-Approved,2026-12-31,CC-1100,Demand Generation,6450,Training & Enablement,Sales & Marketing,591.51
FY2026-Board-Approved,2026-12-31,CC-1110,Product Marketing,6000,Salaries & Wages,Sales & Marketing,79633.61
FY2026-Board-Approved,2026-12-31,CC-1110,Product Marketing,6010,Bonus,Sales & Marketing,7342.56
FY2026-Board-Approved,2026-12-31,CC-1110,Product Marketing,6020,Payroll Taxes & Benefits,Sales & Marketing,17830.11
FY2026-Board-Approved,2026-12-31,CC-1110,Product Marketing,6120,Brand & Content,Sales & Marketing,55726.54
FY2026-Board-Approved,2026-12-31,CC-1110,Product Marketing,6200,Software & Subscriptions,Sales & Marketing,3320.05
FY2026-Board-Approved,2026-12-31,CC-1110,Product Marketing,6300,Travel & Entertainment,Sales & Marketing,3684.01
FY2026-Board-Approved,2026-12-31,CC-1200,Customer Success,6000,Salaries & Wages,Subscription COGS,228728.77
FY2026-Board-Approved,2026-12-31,CC-1200,Customer Success,6010,Bonus,Subscription COGS,22501.42
FY2026-Board-Approved,2026-12-31,CC-1200,Customer Success,6020,Payroll Taxes & Benefits,Subscription COGS,51502.19
FY2026-Board-Approved,2026-12-31,CC-1200,Customer Success,6200,Software & Subscriptions,Subscription COGS,4236.44
FY2026-Board-Approved,2026-12-31,CC-1200,Customer Success,6300,Travel & Entertainment,Subscription COGS,4519.72
FY2026-Board-Approved,2026-12-31,CC-2000,Support,5010,Third-Party Data & APIs,Subscription COGS,1760.55
FY2026-Board-Approved,2026-12-31,CC-2000,Support,6000,Salaries & Wages,Subscription COGS,88167.49
FY2026-Board-Approved,2026-12-31,CC-2000,Support,6010,Bonus,Subscription COGS,8615.03
FY2026-Board-Approved,2026-12-31,CC-2000,Support,6020,Payroll Taxes & Benefits,Subscription COGS,19840.41
FY2026-Board-Approved,2026-12-31,CC-2000,Support,6200,Software & Subscriptions,Subscription COGS,1456.87
FY2026-Board-Approved,2026-12-31,CC-2010,Cloud Operations,5000,Cloud Hosting,Subscription COGS,190638.14
FY2026-Board-Approved,2026-12-31,CC-2010,Cloud Operations,5010,Third-Party Data & APIs,Subscription COGS,1060.33
FY2026-Board-Approved,2026-12-31,CC-2010,Cloud Operations,5020,Payment Processing Fees,Subscription COGS,41736.95
FY2026-Board-Approved,2026-12-31,CC-2010,Cloud Operations,6000,Salaries & Wages,Subscription COGS,54879.67
FY2026-Board-Approved,2026-12-31,CC-2010,Cloud Operations,6010,Bonus,Subscription COGS,5455.11
FY2026-Board-Approved,2026-12-31,CC-2010,Cloud Operations,6020,Payroll Taxes & Benefits,Subscription COGS,12368.62
FY2026-Board-Approved,2026-12-31,CC-2010,Cloud Operations,6050,Contractor & Temp Labor,Subscription COGS,18365.09
FY2026-Board-Approved,2026-12-31,CC-2010,Cloud Operations,6200,Software & Subscriptions,Subscription COGS,1007.39
FY2026-Board-Approved,2026-12-31,CC-2010,Cloud Operations,6900,Other Operating Expense,Subscription COGS,176.10
FY2026-Board-Approved,2026-12-31,CC-2100,Professional Services,5030,Services Subcontractors,Services COGS,4808.95
FY2026-Board-Approved,2026-12-31,CC-2100,Professional Services,6000,Salaries & Wages,Services COGS,48422.12
FY2026-Board-Approved,2026-12-31,CC-2100,Professional Services,6010,Bonus,Services COGS,4279.89
FY2026-Board-Approved,2026-12-31,CC-2100,Professional Services,6020,Payroll Taxes & Benefits,Services COGS,10803.91
FY2026-Board-Approved,2026-12-31,CC-2100,Professional Services,6200,Software & Subscriptions,Services COGS,1224.86
FY2026-Board-Approved,2026-12-31,CC-2100,Professional Services,6300,Travel & Entertainment,Services COGS,3650.38
FY2026-Board-Approved,2026-12-31,CC-3000,Engineering,6000,Salaries & Wages,Research & Development,387014.99
FY2026-Board-Approved,2026-12-31,CC-3000,Engineering,6010,Bonus,Research & Development,36626.03
FY2026-Board-Approved,2026-12-31,CC-3000,Engineering,6020,Payroll Taxes & Benefits,Research & Development,86846.41
FY2026-Board-Approved,2026-12-31,CC-3000,Engineering,6050,Contractor & Temp Labor,Research & Development,30903.48
FY2026-Board-Approved,2026-12-31,CC-3000,Engineering,6200,Software & Subscriptions,Research & Development,13293.09
FY2026-Board-Approved,2026-12-31,CC-3000,Engineering,6300,Travel & Entertainment,Research & Development,3803.76
FY2026-Board-Approved,2026-12-31,CC-3000,Engineering,6450,Training & Enablement,Research & Development,2083.21
FY2026-Board-Approved,2026-12-31,CC-3000,Engineering,6900,Other Operating Expense,Research & Development,1789.36
FY2026-Board-Approved,2026-12-31,CC-3010,Quality & Release,6000,Salaries & Wages,Research & Development,84329.15
FY2026-Board-Approved,2026-12-31,CC-3010,Quality & Release,6010,Bonus,Research & Development,10290.56
FY2026-Board-Approved,2026-12-31,CC-3010,Quality & Release,6020,Payroll Taxes & Benefits,Research & Development,19397.03
FY2026-Board-Approved,2026-12-31,CC-3010,Quality & Release,6050,Contractor & Temp Labor,Research & Development,10162.30
FY2026-Board-Approved,2026-12-31,CC-3010,Quality & Release,6200,Software & Subscriptions,Research & Development,3043.67
FY2026-Board-Approved,2026-12-31,CC-3100,Product & Design,6000,Salaries & Wages,Research & Development,173601.47
FY2026-Board-Approved,2026-12-31,CC-3100,Product & Design,6010,Bonus,Research & Development,15657.76
FY2026-Board-Approved,2026-12-31,CC-3100,Product & Design,6020,Payroll Taxes & Benefits,Research & Development,38798.14
FY2026-Board-Approved,2026-12-31,CC-3100,Product & Design,6050,Contractor & Temp Labor,Research & Development,13565.50
FY2026-Board-Approved,2026-12-31,CC-3100,Product & Design,6200,Software & Subscriptions,Research & Development,5512.00
FY2026-Board-Approved,2026-12-31,CC-3100,Product & Design,6300,Travel & Entertainment,Research & Development,1932.61
FY2026-Board-Approved,2026-12-31,CC-4000,Finance & Accounting,6000,Salaries & Wages,General & Administrative,68928.17
FY2026-Board-Approved,2026-12-31,CC-4000,Finance & Accounting,6010,Bonus,General & Administrative,6106.30
FY2026-Board-Approved,2026-12-31,CC-4000,Finance & Accounting,6020,Payroll Taxes & Benefits,General & Administrative,15382.06
FY2026-Board-Approved,2026-12-31,CC-4000,Finance & Accounting,6200,Software & Subscriptions,General & Administrative,1691.08
FY2026-Board-Approved,2026-12-31,CC-4000,Finance & Accounting,6300,Travel & Entertainment,General & Administrative,1277.00
FY2026-Board-Approved,2026-12-31,CC-4000,Finance & Accounting,6400,Professional Fees,General & Administrative,69538.70
FY2026-Board-Approved,2026-12-31,CC-4000,Finance & Accounting,6440,Depreciation & Amortisation,General & Administrative,27829.44
FY2026-Board-Approved,2026-12-31,CC-4000,Finance & Accounting,6900,Other Operating Expense,General & Administrative,310.99
FY2026-Board-Approved,2026-12-31,CC-4010,People Operations,6000,Salaries & Wages,General & Administrative,67147.11
FY2026-Board-Approved,2026-12-31,CC-4010,People Operations,6010,Bonus,General & Administrative,7169.69
FY2026-Board-Approved,2026-12-31,CC-4010,People Operations,6020,Payroll Taxes & Benefits,General & Administrative,15234.94
FY2026-Board-Approved,2026-12-31,CC-4010,People Operations,6200,Software & Subscriptions,General & Administrative,1291.12
FY2026-Board-Approved,2026-12-31,CC-4010,People Operations,6410,Recruiting Fees,General & Administrative,24914.67
FY2026-Board-Approved,2026-12-31,CC-4010,People Operations,6450,Training & Enablement,General & Administrative,240.21
FY2026-Board-Approved,2026-12-31,CC-4020,Legal & Corporate,6000,Salaries & Wages,General & Administrative,19867.92
FY2026-Board-Approved,2026-12-31,CC-4020,Legal & Corporate,6010,Bonus,General & Administrative,1589.44
FY2026-Board-Approved,2026-12-31,CC-4020,Legal & Corporate,6020,Payroll Taxes & Benefits,General & Administrative,4398.76
FY2026-Board-Approved,2026-12-31,CC-4020,Legal & Corporate,6200,Software & Subscriptions,General & Administrative,776.10
FY2026-Board-Approved,2026-12-31,CC-4020,Legal & Corporate,6300,Travel & Entertainment,General & Administrative,510.33
FY2026-Board-Approved,2026-12-31,CC-4020,Legal & Corporate,6400,Professional Fees,General & Administrative,35476.00
FY2026-Board-Approved,2026-12-31,CC-4020,Legal & Corporate,6430,Insurance,General & Administrative,25139.30
FY2026-Board-Approved,2026-12-31,CC-4030,IT & Corporate Systems,6000,Salaries & Wages,General & Administrative,58546.56
FY2026-Board-Approved,2026-12-31,CC-4030,IT & Corporate Systems,6010,Bonus,General & Administrative,6516.32
FY2026-Board-Approved,2026-12-31,CC-4030,IT & Corporate Systems,6020,Payroll Taxes & Benefits,General & Administrative,13337.90
FY2026-Board-Approved,2026-12-31,CC-4030,IT & Corporate Systems,6050,Contractor & Temp Labor,General & Administrative,7094.36
FY2026-Board-Approved,2026-12-31,CC-4030,IT & Corporate Systems,6200,Software & Subscriptions,General & Administrative,1013.03
FY2026-Board-Approved,2026-12-31,CC-4030,IT & Corporate Systems,6420,Facilities & Rent,General & Administrative,46137.78
FY2026-Board-Approved,2026-12-31,CC-4030,IT & Corporate Systems,6900,Other Operating Expense,General & Administrative,171.79
FY2026-Board-Approved,2026-12-31,CC-9000,Revenue,4000,Subscription Revenue,Subscription Revenue,-2915061.46
FY2026-Board-Approved,2026-12-31,CC-9000,Revenue,4010,Usage Revenue Above Commitment,Subscription Revenue,-62529.41
FY2026-Board-Approved,2026-12-31,CC-9000,Revenue,4100,Professional Services Revenue,Services Revenue,-30847.43
FY2026-Board-Approved,2026-12-31,CC-9000,Revenue,4110,Implementation Fee Revenue,Services Revenue,-57265.71
FY2026-Board-Approved,2026-12-31,CC-9000,Corporate,9000,Ending ARR,Memo - ARR,37546865.48
FY2026-Board-Approved,2026-12-31,CC-9000,Corporate,9010,New Logo ARR,Memo - ARR,1140000.00
FY2026-Board-Approved,2026-12-31,CC-9000,Corporate,9020,Expansion ARR,Memo - ARR,931000.00
FY2026-Board-Approved,2026-12-31,CC-9000,Corporate,9030,Reactivation ARR,Memo - ARR,38000.00
FY2026-Board-Approved,2026-12-31,CC-9000,Corporate,9040,Contraction ARR,Memo - ARR,-119000.00
FY2026-Board-Approved,2026-12-31,CC-9000,Corporate,9050,Churn ARR,Memo - ARR,-399000.00
FY2026-Board-Approved,2026-12-31,CC-9000,Corporate,9100,New Logos Added,Memo - Statistical,49.00
FY2026-Board-Approved,2026-12-31,CC-9000,Corporate,9200,Ending Headcount,Memo - Statistical,214.00
