month_end_date,cost_center,department,account_code,account_name,account_category,actual_amount
2024-01-31,CC-1000,Sales - SMB,6000,Salaries & Wages,Sales & Marketing,65658.33
2024-01-31,CC-1000,Sales - SMB,6020,Payroll Taxes & Benefits,Sales & Marketing,13459.96
2024-01-31,CC-1000,Sales - SMB,6030,Sales Commissions,Sales & Marketing,2639.69
2024-01-31,CC-1000,Sales - SMB,6040,Commission Amortisation,Sales & Marketing,105.52
2024-01-31,CC-1000,Sales - SMB,6200,Software & Subscriptions,Sales & Marketing,3752.40
2024-01-31,CC-1000,Sales - SMB,6300,Travel & Entertainment,Sales & Marketing,4649.86
2024-01-31,CC-1000,Sales - SMB,6450,Training & Enablement,Sales & Marketing,432.83
2024-01-31,CC-1010,Sales - Mid-Market,6000,Salaries & Wages,Sales & Marketing,81691.67
2024-01-31,CC-1010,Sales - Mid-Market,6020,Payroll Taxes & Benefits,Sales & Marketing,16746.79
2024-01-31,CC-1010,Sales - Mid-Market,6030,Sales Commissions,Sales & Marketing,5039.40
2024-01-31,CC-1010,Sales - Mid-Market,6040,Commission Amortisation,Sales & Marketing,201.44
2024-01-31,CC-1010,Sales - Mid-Market,6200,Software & Subscriptions,Sales & Marketing,3741.96
2024-01-31,CC-1010,Sales - Mid-Market,6300,Travel & Entertainment,Sales & Marketing,5181.87
2024-01-31,CC-1010,Sales - Mid-Market,6450,Training & Enablement,Sales & Marketing,404.55
2024-01-31,CC-1020,Sales - Enterprise,6000,Salaries & Wages,Sales & Marketing,46650.00
2024-01-31,CC-1020,Sales - Enterprise,6020,Payroll Taxes & Benefits,Sales & Marketing,9563.25
2024-01-31,CC-1020,Sales - Enterprise,6030,Sales Commissions,Sales & Marketing,4319.49
2024-01-31,CC-1020,Sales - Enterprise,6040,Commission Amortisation,Sales & Marketing,172.66
2024-01-31,CC-1020,Sales - Enterprise,6200,Software & Subscriptions,Sales & Marketing,1881.75
2024-01-31,CC-1020,Sales - Enterprise,6300,Travel & Entertainment,Sales & Marketing,2417.34
2024-01-31,CC-1020,Sales - Enterprise,6450,Training & Enablement,Sales & Marketing,220.96
2024-01-31,CC-1030,Sales Development,6000,Salaries & Wages,Sales & Marketing,42458.33
2024-01-31,CC-1030,Sales Development,6020,Payroll Taxes & Benefits,Sales & Marketing,8703.96
2024-01-31,CC-1030,Sales Development,6200,Software & Subscriptions,Sales & Marketing,1681.35
2024-01-31,CC-1030,Sales Development,6300,Travel & Entertainment,Sales & Marketing,2459.08
2024-01-31,CC-1030,Sales Development,6450,Training & Enablement,Sales & Marketing,265.23
2024-01-31,CC-1040,Sales Operations,6000,Salaries & Wages,Sales & Marketing,38041.67
2024-01-31,CC-1040,Sales Operations,6020,Payroll Taxes & Benefits,Sales & Marketing,7798.54
2024-01-31,CC-1040,Sales Operations,6200,Software & Subscriptions,Sales & Marketing,1431.21
2024-01-31,CC-1040,Sales Operations,6300,Travel & Entertainment,Sales & Marketing,2112.10
2024-01-31,CC-1050,Solutions Engineering,6000,Salaries & Wages,Sales & Marketing,28975.00
2024-01-31,CC-1050,Solutions Engineering,6020,Payroll Taxes & Benefits,Sales & Marketing,5939.88
2024-01-31,CC-1050,Solutions Engineering,6200,Software & Subscriptions,Sales & Marketing,1155.78
2024-01-31,CC-1050,Solutions Engineering,6300,Travel & Entertainment,Sales & Marketing,1539.17
2024-01-31,CC-1060,Sales Leadership,6000,Salaries & Wages,Sales & Marketing,16366.67
2024-01-31,CC-1060,Sales Leadership,6020,Payroll Taxes & Benefits,Sales & Marketing,3355.17
2024-01-31,CC-1060,Sales Leadership,6200,Software & Subscriptions,Sales & Marketing,826.03
2024-01-31,CC-1060,Sales Leadership,6300,Travel & Entertainment,Sales & Marketing,1053.40
2024-01-31,CC-1060,Sales Leadership,6450,Training & Enablement,Sales & Marketing,86.27
2024-01-31,CC-1100,Demand Generation,6000,Salaries & Wages,Sales & Marketing,54775.00
2024-01-31,CC-1100,Demand Generation,6010,Bonus,Sales & Marketing,5307.17
2024-01-31,CC-1100,Demand Generation,6020,Payroll Taxes & Benefits,Sales & Marketing,12316.84
2024-01-31,CC-1100,Demand Generation,6050,Contractor & Temp Labor,Sales & Marketing,14523.08
2024-01-31,CC-1100,Demand Generation,6100,Demand Generation,Sales & Marketing,136172.65
2024-01-31,CC-1100,Demand Generation,6110,Events & Field Marketing,Sales & Marketing,53060.77
2024-01-31,CC-1100,Demand Generation,6200,Software & Subscriptions,Sales & Marketing,1908.86
2024-01-31,CC-1100,Demand Generation,6300,Travel & Entertainment,Sales & Marketing,1489.41
2024-01-31,CC-1100,Demand Generation,6450,Training & Enablement,Sales & Marketing,272.04
2024-01-31,CC-1110,Product Marketing,6000,Salaries & Wages,Sales & Marketing,81025.00
2024-01-31,CC-1110,Product Marketing,6010,Bonus,Sales & Marketing,7332.33
2024-01-31,CC-1110,Product Marketing,6020,Payroll Taxes & Benefits,Sales & Marketing,18113.25
2024-01-31,CC-1110,Product Marketing,6120,Brand & Content,Sales & Marketing,34301.77
2024-01-31,CC-1110,Product Marketing,6200,Software & Subscriptions,Sales & Marketing,2849.73
2024-01-31,CC-1110,Product Marketing,6300,Travel & Entertainment,Sales & Marketing,2347.21
2024-01-31,CC-1200,Customer Success,6000,Salaries & Wages,Sales & Marketing,65160.00
2024-01-31,CC-1200,Customer Success,6000,Salaries & Wages,Subscription COGS,97740.00
2024-01-31,CC-1200,Customer Success,6010,Bonus,Sales & Marketing,6687.23
2024-01-31,CC-1200,Customer Success,6010,Bonus,Subscription COGS,10030.85
2024-01-31,CC-1200,Customer Success,6020,Payroll Taxes & Benefits,Sales & Marketing,14728.68
2024-01-31,CC-1200,Customer Success,6020,Payroll Taxes & Benefits,Subscription COGS,22093.02
2024-01-31,CC-1200,Customer Success,6200,Software & Subscriptions,Sales & Marketing,1023.47
2024-01-31,CC-1200,Customer Success,6200,Software & Subscriptions,Subscription COGS,1535.21
2024-01-31,CC-1200,Customer Success,6300,Travel & Entertainment,Sales & Marketing,848.64
2024-01-31,CC-1200,Customer Success,6300,Travel & Entertainment,Subscription COGS,1272.96
2024-01-31,CC-2000,Support,5010,Third-Party Data & APIs,Subscription COGS,1128.34
2024-01-31,CC-2000,Support,6000,Salaries & Wages,Subscription COGS,31150.00
2024-01-31,CC-2000,Support,6010,Bonus,Subscription COGS,2492.00
2024-01-31,CC-2000,Support,6020,Payroll Taxes & Benefits,Subscription COGS,6896.61
2024-01-31,CC-2000,Support,6200,Software & Subscriptions,Subscription COGS,565.80
2024-01-31,CC-2010,Cloud Operations,5000,Cloud Hosting,Subscription COGS,115342.32
2024-01-31,CC-2010,Cloud Operations,5010,Third-Party Data & APIs,Subscription COGS,700.30
2024-01-31,CC-2010,Cloud Operations,5020,Payment Processing Fees,Subscription COGS,9903.15
2024-01-31,CC-2010,Cloud Operations,6000,Salaries & Wages,Subscription COGS,57791.67
2024-01-31,CC-2010,Cloud Operations,6010,Bonus,Subscription COGS,5044.33
2024-01-31,CC-2010,Cloud Operations,6020,Payroll Taxes & Benefits,Subscription COGS,12881.38
2024-01-31,CC-2010,Cloud Operations,6050,Contractor & Temp Labor,Subscription COGS,13912.15
2024-01-31,CC-2010,Cloud Operations,6200,Software & Subscriptions,Subscription COGS,898.39
2024-01-31,CC-2010,Cloud Operations,6900,Other Operating Expense,Subscription COGS,149.53
2024-01-31,CC-2100,Professional Services,5030,Services Subcontractors,Services COGS,1668.40
2024-01-31,CC-2100,Professional Services,6000,Salaries & Wages,Services COGS,20616.67
2024-01-31,CC-2100,Professional Services,6010,Bonus,Services COGS,1649.33
2024-01-31,CC-2100,Professional Services,6020,Payroll Taxes & Benefits,Services COGS,4564.53
2024-01-31,CC-2100,Professional Services,6200,Software & Subscriptions,Services COGS,513.11
2024-01-31,CC-2100,Professional Services,6300,Travel & Entertainment,Services COGS,1060.40
2024-01-31,CC-3000,Engineering,6000,Salaries & Wages,Research & Development,296050.00
2024-01-31,CC-3000,Engineering,6010,Bonus,Research & Development,28565.17
2024-01-31,CC-3000,Engineering,6020,Payroll Taxes & Benefits,Research & Development,66546.11
2024-01-31,CC-3000,Engineering,6050,Contractor & Temp Labor,Research & Development,23640.62
2024-01-31,CC-3000,Engineering,6200,Software & Subscriptions,Research & Development,10036.93
2024-01-31,CC-3000,Engineering,6300,Travel & Entertainment,Research & Development,1912.99
2024-01-31,CC-3000,Engineering,6450,Training & Enablement,Research & Development,1354.54
2024-01-31,CC-3000,Engineering,6900,Other Operating Expense,Research & Development,921.08
2024-01-31,CC-3010,Quality & Release,6000,Salaries & Wages,Research & Development,26366.67
2024-01-31,CC-3010,Quality & Release,6010,Bonus,Research & Development,2109.33
2024-01-31,CC-3010,Quality & Release,6020,Payroll Taxes & Benefits,Research & Development,5837.58
2024-01-31,CC-3010,Quality & Release,6050,Contractor & Temp Labor,Research & Development,8325.90
2024-01-31,CC-3010,Quality & Release,6200,Software & Subscriptions,Research & Development,1137.57
2024-01-31,CC-3100,Product & Design,6000,Salaries & Wages,Research & Development,106975.00
2024-01-31,CC-3100,Product & Design,6010,Bonus,Research & Development,9697.67
2024-01-31,CC-3100,Product & Design,6020,Payroll Taxes & Benefits,Research & Development,23917.90
2024-01-31,CC-3100,Product & Design,6050,Contractor & Temp Labor,Research & Development,9355.23
2024-01-31,CC-3100,Product & Design,6200,Software & Subscriptions,Research & Development,3276.44
2024-01-31,CC-3100,Product & Design,6300,Travel & Entertainment,Research & Development,865.07
2024-01-31,CC-4000,Finance & Accounting,6000,Salaries & Wages,General & Administrative,41183.33
2024-01-31,CC-4000,Finance & Accounting,6010,Bonus,General & Administrative,3745.67
2024-01-31,CC-4000,Finance & Accounting,6020,Payroll Taxes & Benefits,General & Administrative,9210.44
2024-01-31,CC-4000,Finance & Accounting,6200,Software & Subscriptions,General & Administrative,953.69
2024-01-31,CC-4000,Finance & Accounting,6300,Travel & Entertainment,General & Administrative,512.42
2024-01-31,CC-4000,Finance & Accounting,6400,Professional Fees,General & Administrative,36966.72
2024-01-31,CC-4000,Finance & Accounting,6440,Depreciation & Amortisation,General & Administrative,21113.28
2024-01-31,CC-4000,Finance & Accounting,6900,Other Operating Expense,General & Administrative,110.48
2024-01-31,CC-4010,People Operations,6000,Salaries & Wages,General & Administrative,37300.00
2024-01-31,CC-4010,People Operations,6010,Bonus,General & Administrative,4054.42
2024-01-31,CC-4010,People Operations,6020,Payroll Taxes & Benefits,General & Administrative,8477.66
2024-01-31,CC-4010,People Operations,6200,Software & Subscriptions,General & Administrative,577.69
2024-01-31,CC-4010,People Operations,6410,Recruiting Fees,General & Administrative,22920.12
2024-01-31,CC-4010,People Operations,6450,Training & Enablement,General & Administrative,107.93
2024-01-31,CC-4020,Legal & Corporate,6000,Salaries & Wages,General & Administrative,11300.00
2024-01-31,CC-4020,Legal & Corporate,6010,Bonus,General & Administrative,904.00
2024-01-31,CC-4020,Legal & Corporate,6020,Payroll Taxes & Benefits,General & Administrative,2501.82
2024-01-31,CC-4020,Legal & Corporate,6200,Software & Subscriptions,General & Administrative,373.84
2024-01-31,CC-4020,Legal & Corporate,6300,Travel & Entertainment,General & Administrative,213.49
2024-01-31,CC-4020,Legal & Corporate,6400,Professional Fees,General & Administrative,18116.75
2024-01-31,CC-4020,Legal & Corporate,6430,Insurance,General & Administrative,18303.70
2024-01-31,CC-4030,IT & Corporate Systems,6000,Salaries & Wages,General & Administrative,28716.67
2024-01-31,CC-4030,IT & Corporate Systems,6010,Bonus,General & Administrative,3900.75
2024-01-31,CC-4030,IT & Corporate Systems,6020,Payroll Taxes & Benefits,General & Administrative,6686.57
2024-01-31,CC-4030,IT & Corporate Systems,6050,Contractor & Temp Labor,General & Administrative,5744.60
2024-01-31,CC-4030,IT & Corporate Systems,6200,Software & Subscriptions,General & Administrative,345.07
2024-01-31,CC-4030,IT & Corporate Systems,6420,Facilities & Rent,General & Administrative,29854.29
2024-01-31,CC-4030,IT & Corporate Systems,6900,Other Operating Expense,General & Administrative,50.41
2024-01-31,CC-9000,Revenue,4000,Subscription Revenue,Subscription Revenue,-836877.34
2024-01-31,CC-9000,Revenue,4010,Usage Revenue Above Commitment,Subscription Revenue,-14299.78
2024-01-31,CC-9000,Revenue,4100,Professional Services Revenue,Services Revenue,-35758.70
2024-01-31,CC-9000,Revenue,4110,Implementation Fee Revenue,Services Revenue,-59774.20
2024-02-29,CC-1000,Sales - SMB,6000,Salaries & Wages,Sales & Marketing,66333.33
2024-02-29,CC-1000,Sales - SMB,6020,Payroll Taxes & Benefits,Sales & Marketing,13598.33
2024-02-29,CC-1000,Sales - SMB,6030,Sales Commissions,Sales & Marketing,3886.89
2024-02-29,CC-1000,Sales - SMB,6040,Commission Amortisation,Sales & Marketing,260.89
2024-02-29,CC-1000,Sales - SMB,6200,Software & Subscriptions,Sales & Marketing,2972.41
2024-02-29,CC-1000,Sales - SMB,6300,Travel & Entertainment,Sales & Marketing,5001.36
2024-02-29,CC-1000,Sales - SMB,6450,Training & Enablement,Sales & Marketing,406.32
2024-02-29,CC-1010,Sales - Mid-Market,6000,Salaries & Wages,Sales & Marketing,81691.67
2024-02-29,CC-1010,Sales - Mid-Market,6020,Payroll Taxes & Benefits,Sales & Marketing,16746.79
2024-02-29,CC-1010,Sales - Mid-Market,6030,Sales Commissions,Sales & Marketing,7420.43
2024-02-29,CC-1010,Sales - Mid-Market,6040,Commission Amortisation,Sales & Marketing,498.06
2024-02-29,CC-1010,Sales - Mid-Market,6200,Software & Subscriptions,Sales & Marketing,3695.61
2024-02-29,CC-1010,Sales - Mid-Market,6300,Travel & Entertainment,Sales & Marketing,4971.36
2024-02-29,CC-1010,Sales - Mid-Market,6450,Training & Enablement,Sales & Marketing,461.01
2024-02-29,CC-1020,Sales - Enterprise,6000,Salaries & Wages,Sales & Marketing,46650.00
2024-02-29,CC-1020,Sales - Enterprise,6020,Payroll Taxes & Benefits,Sales & Marketing,9563.25
2024-02-29,CC-1020,Sales - Enterprise,6030,Sales Commissions,Sales & Marketing,6360.37
2024-02-29,CC-1020,Sales - Enterprise,6040,Commission Amortisation,Sales & Marketing,426.90
2024-02-29,CC-1020,Sales - Enterprise,6200,Software & Subscriptions,Sales & Marketing,1811.47
2024-02-29,CC-1020,Sales - Enterprise,6300,Travel & Entertainment,Sales & Marketing,2839.39
2024-02-29,CC-1020,Sales - Enterprise,6450,Training & Enablement,Sales & Marketing,235.93
2024-02-29,CC-1030,Sales Development,6000,Salaries & Wages,Sales & Marketing,49425.00
2024-02-29,CC-1030,Sales Development,6020,Payroll Taxes & Benefits,Sales & Marketing,10132.12
2024-02-29,CC-1030,Sales Development,6200,Software & Subscriptions,Sales & Marketing,2186.73
2024-02-29,CC-1030,Sales Development,6300,Travel & Entertainment,Sales & Marketing,3160.24
2024-02-29,CC-1030,Sales Development,6450,Training & Enablement,Sales & Marketing,268.57
2024-02-29,CC-1040,Sales Operations,6000,Salaries & Wages,Sales & Marketing,38041.67
2024-02-29,CC-1040,Sales Operations,6020,Payroll Taxes & Benefits,Sales & Marketing,7798.54
2024-02-29,CC-1040,Sales Operations,6200,Software & Subscriptions,Sales & Marketing,1399.31
2024-02-29,CC-1040,Sales Operations,6300,Travel & Entertainment,Sales & Marketing,2045.11
2024-02-29,CC-1050,Solutions Engineering,6000,Salaries & Wages,Sales & Marketing,28975.00
2024-02-29,CC-1050,Solutions Engineering,6020,Payroll Taxes & Benefits,Sales & Marketing,5939.88
2024-02-29,CC-1050,Solutions Engineering,6200,Software & Subscriptions,Sales & Marketing,1022.52
2024-02-29,CC-1050,Solutions Engineering,6300,Travel & Entertainment,Sales & Marketing,1563.09
2024-02-29,CC-1060,Sales Leadership,6000,Salaries & Wages,Sales & Marketing,16366.67
2024-02-29,CC-1060,Sales Leadership,6020,Payroll Taxes & Benefits,Sales & Marketing,3355.17
2024-02-29,CC-1060,Sales Leadership,6200,Software & Subscriptions,Sales & Marketing,769.92
2024-02-29,CC-1060,Sales Leadership,6300,Travel & Entertainment,Sales & Marketing,1137.44
2024-02-29,CC-1060,Sales Leadership,6450,Training & Enablement,Sales & Marketing,87.16
2024-02-29,CC-1100,Demand Generation,6000,Salaries & Wages,Sales & Marketing,54775.00
2024-02-29,CC-1100,Demand Generation,6010,Bonus,Sales & Marketing,5307.17
2024-02-29,CC-1100,Demand Generation,6020,Payroll Taxes & Benefits,Sales & Marketing,12316.84
2024-02-29,CC-1100,Demand Generation,6050,Contractor & Temp Labor,Sales & Marketing,15872.08
2024-02-29,CC-1100,Demand Generation,6100,Demand Generation,Sales & Marketing,148823.74
2024-02-29,CC-1100,Demand Generation,6110,Events & Field Marketing,Sales & Marketing,52993.65
2024-02-29,CC-1100,Demand Generation,6200,Software & Subscriptions,Sales & Marketing,1841.24
2024-02-29,CC-1100,Demand Generation,6300,Travel & Entertainment,Sales & Marketing,1669.45
2024-02-29,CC-1100,Demand Generation,6450,Training & Enablement,Sales & Marketing,252.26
2024-02-29,CC-1110,Product Marketing,6000,Salaries & Wages,Sales & Marketing,81025.00
2024-02-29,CC-1110,Product Marketing,6010,Bonus,Sales & Marketing,7332.33
2024-02-29,CC-1110,Product Marketing,6020,Payroll Taxes & Benefits,Sales & Marketing,18113.25
2024-02-29,CC-1110,Product Marketing,6120,Brand & Content,Sales & Marketing,37970.49
2024-02-29,CC-1110,Product Marketing,6200,Software & Subscriptions,Sales & Marketing,2987.80
2024-02-29,CC-1110,Product Marketing,6300,Travel & Entertainment,Sales & Marketing,2279.03
2024-02-29,CC-1200,Customer Success,6000,Salaries & Wages,Sales & Marketing,62596.67
2024-02-29,CC-1200,Customer Success,6000,Salaries & Wages,Subscription COGS,93895.00
2024-02-29,CC-1200,Customer Success,6010,Bonus,Sales & Marketing,6145.00
2024-02-29,CC-1200,Customer Success,6010,Bonus,Subscription COGS,9217.50
2024-02-29,CC-1200,Customer Success,6020,Payroll Taxes & Benefits,Sales & Marketing,14092.04
2024-02-29,CC-1200,Customer Success,6020,Payroll Taxes & Benefits,Subscription COGS,21138.06
2024-02-29,CC-1200,Customer Success,6200,Software & Subscriptions,Sales & Marketing,1023.07
2024-02-29,CC-1200,Customer Success,6200,Software & Subscriptions,Subscription COGS,1534.60
2024-02-29,CC-1200,Customer Success,6300,Travel & Entertainment,Sales & Marketing,781.16
2024-02-29,CC-1200,Customer Success,6300,Travel & Entertainment,Subscription COGS,1171.73
2024-02-29,CC-2000,Support,5010,Third-Party Data & APIs,Subscription COGS,1107.93
2024-02-29,CC-2000,Support,6000,Salaries & Wages,Subscription COGS,38116.67
2024-02-29,CC-2000,Support,6010,Bonus,Subscription COGS,3049.33
2024-02-29,CC-2000,Support,6020,Payroll Taxes & Benefits,Subscription COGS,8439.03
2024-02-29,CC-2000,Support,6200,Software & Subscriptions,Subscription COGS,712.57
2024-02-29,CC-2010,Cloud Operations,5000,Cloud Hosting,Subscription COGS,104726.58
2024-02-29,CC-2010,Cloud Operations,5010,Third-Party Data & APIs,Subscription COGS,664.43
2024-02-29,CC-2010,Cloud Operations,5020,Payment Processing Fees,Subscription COGS,9900.68
2024-02-29,CC-2010,Cloud Operations,6000,Salaries & Wages,Subscription COGS,57791.67
2024-02-29,CC-2010,Cloud Operations,6010,Bonus,Subscription COGS,5044.33
2024-02-29,CC-2010,Cloud Operations,6020,Payroll Taxes & Benefits,Subscription COGS,12881.38
2024-02-29,CC-2010,Cloud Operations,6050,Contractor & Temp Labor,Subscription COGS,15349.41
2024-02-29,CC-2010,Cloud Operations,6200,Software & Subscriptions,Subscription COGS,919.97
2024-02-29,CC-2010,Cloud Operations,6900,Other Operating Expense,Subscription COGS,154.19
2024-02-29,CC-2100,Professional Services,5030,Services Subcontractors,Services COGS,1650.95
2024-02-29,CC-2100,Professional Services,6000,Salaries & Wages,Services COGS,20616.67
2024-02-29,CC-2100,Professional Services,6010,Bonus,Services COGS,1649.33
2024-02-29,CC-2100,Professional Services,6020,Payroll Taxes & Benefits,Services COGS,4564.53
2024-02-29,CC-2100,Professional Services,6200,Software & Subscriptions,Services COGS,579.04
2024-02-29,CC-2100,Professional Services,6300,Travel & Entertainment,Services COGS,1119.63
2024-02-29,CC-3000,Engineering,6000,Salaries & Wages,Research & Development,296050.00
2024-02-29,CC-3000,Engineering,6010,Bonus,Research & Development,28565.17
2024-02-29,CC-3000,Engineering,6020,Payroll Taxes & Benefits,Research & Development,66546.11
2024-02-29,CC-3000,Engineering,6050,Contractor & Temp Labor,Research & Development,23023.18
2024-02-29,CC-3000,Engineering,6200,Software & Subscriptions,Research & Development,8905.20
2024-02-29,CC-3000,Engineering,6300,Travel & Entertainment,Research & Development,1781.55
2024-02-29,CC-3000,Engineering,6450,Training & Enablement,Research & Development,1338.15
2024-02-29,CC-3000,Engineering,6900,Other Operating Expense,Research & Development,878.57
2024-02-29,CC-3010,Quality & Release,6000,Salaries & Wages,Research & Development,26366.67
2024-02-29,CC-3010,Quality & Release,6010,Bonus,Research & Development,2109.33
2024-02-29,CC-3010,Quality & Release,6020,Payroll Taxes & Benefits,Research & Development,5837.58
2024-02-29,CC-3010,Quality & Release,6050,Contractor & Temp Labor,Research & Development,8268.14
2024-02-29,CC-3010,Quality & Release,6200,Software & Subscriptions,Research & Development,859.89
2024-02-29,CC-3100,Product & Design,6000,Salaries & Wages,Research & Development,113691.67
2024-02-29,CC-3100,Product & Design,6010,Bonus,Research & Development,10235.00
2024-02-29,CC-3100,Product & Design,6020,Payroll Taxes & Benefits,Research & Development,25404.97
2024-02-29,CC-3100,Product & Design,6050,Contractor & Temp Labor,Research & Development,10473.02
2024-02-29,CC-3100,Product & Design,6200,Software & Subscriptions,Research & Development,3259.22
2024-02-29,CC-3100,Product & Design,6300,Travel & Entertainment,Research & Development,821.67
2024-02-29,CC-4000,Finance & Accounting,6000,Salaries & Wages,General & Administrative,41183.33
2024-02-29,CC-4000,Finance & Accounting,6010,Bonus,General & Administrative,3745.67
2024-02-29,CC-4000,Finance & Accounting,6020,Payroll Taxes & Benefits,General & Administrative,9210.44
2024-02-29,CC-4000,Finance & Accounting,6200,Software & Subscriptions,General & Administrative,856.12
2024-02-29,CC-4000,Finance & Accounting,6300,Travel & Entertainment,General & Administrative,510.55
2024-02-29,CC-4000,Finance & Accounting,6400,Professional Fees,General & Administrative,36327.78
2024-02-29,CC-4000,Finance & Accounting,6440,Depreciation & Amortisation,General & Administrative,21113.28
2024-02-29,CC-4000,Finance & Accounting,6900,Other Operating Expense,General & Administrative,129.26
2024-02-29,CC-4010,People Operations,6000,Salaries & Wages,General & Administrative,48875.00
2024-02-29,CC-4010,People Operations,6010,Bonus,General & Administrative,4980.42
2024-02-29,CC-4010,People Operations,6020,Payroll Taxes & Benefits,General & Administrative,11040.36
2024-02-29,CC-4010,People Operations,6200,Software & Subscriptions,General & Administrative,732.94
2024-02-29,CC-4010,People Operations,6410,Recruiting Fees,General & Administrative,45173.30
2024-02-29,CC-4010,People Operations,6450,Training & Enablement,General & Administrative,158.78
2024-02-29,CC-4020,Legal & Corporate,6000,Salaries & Wages,General & Administrative,11300.00
2024-02-29,CC-4020,Legal & Corporate,6010,Bonus,General & Administrative,904.00
2024-02-29,CC-4020,Legal & Corporate,6020,Payroll Taxes & Benefits,General & Administrative,2501.82
2024-02-29,CC-4020,Legal & Corporate,6200,Software & Subscriptions,General & Administrative,399.24
2024-02-29,CC-4020,Legal & Corporate,6300,Travel & Entertainment,General & Administrative,200.39
2024-02-29,CC-4020,Legal & Corporate,6400,Professional Fees,General & Administrative,18308.52
2024-02-29,CC-4020,Legal & Corporate,6430,Insurance,General & Administrative,18299.75
2024-02-29,CC-4030,IT & Corporate Systems,6000,Salaries & Wages,General & Administrative,28716.67
2024-02-29,CC-4030,IT & Corporate Systems,6010,Bonus,General & Administrative,3900.75
2024-02-29,CC-4030,IT & Corporate Systems,6020,Payroll Taxes & Benefits,General & Administrative,6686.57
2024-02-29,CC-4030,IT & Corporate Systems,6050,Contractor & Temp Labor,General & Administrative,5652.97
2024-02-29,CC-4030,IT & Corporate Systems,6200,Software & Subscriptions,General & Administrative,360.56
2024-02-29,CC-4030,IT & Corporate Systems,6420,Facilities & Rent,General & Administrative,32066.92
2024-02-29,CC-4030,IT & Corporate Systems,6900,Other Operating Expense,General & Administrative,47.17
2024-02-29,CC-9000,Revenue,4000,Subscription Revenue,Subscription Revenue,-1535129.56
2024-02-29,CC-9000,Revenue,4010,Usage Revenue Above Commitment,Subscription Revenue,-27900.08
2024-02-29,CC-9000,Revenue,4100,Professional Services Revenue,Services Revenue,-36295.48
2024-02-29,CC-9000,Revenue,4110,Implementation Fee Revenue,Services Revenue,-59629.29
2024-03-31,CC-1000,Sales - SMB,6000,Salaries & Wages,Sales & Marketing,59791.67
2024-03-31,CC-1000,Sales - SMB,6020,Payroll Taxes & Benefits,Sales & Marketing,12257.29
2024-03-31,CC-1000,Sales - SMB,6030,Sales Commissions,Sales & Marketing,7271.61
2024-03-31,CC-1000,Sales - SMB,6040,Commission Amortisation,Sales & Marketing,551.55
2024-03-31,CC-1000,Sales - SMB,6200,Software & Subscriptions,Sales & Marketing,2838.64
2024-03-31,CC-1000,Sales - SMB,6300,Travel & Entertainment,Sales & Marketing,4448.20
2024-03-31,CC-1000,Sales - SMB,6450,Training & Enablement,Sales & Marketing,357.74
2024-03-31,CC-1010,Sales - Mid-Market,6000,Salaries & Wages,Sales & Marketing,81691.67
2024-03-31,CC-1010,Sales - Mid-Market,6020,Payroll Taxes & Benefits,Sales & Marketing,16746.79
2024-03-31,CC-1010,Sales - Mid-Market,6030,Sales Commissions,Sales & Marketing,13882.16
2024-03-31,CC-1010,Sales - Mid-Market,6040,Commission Amortisation,Sales & Marketing,1052.97
2024-03-31,CC-1010,Sales - Mid-Market,6200,Software & Subscriptions,Sales & Marketing,3422.85
2024-03-31,CC-1010,Sales - Mid-Market,6300,Travel & Entertainment,Sales & Marketing,5427.41
2024-03-31,CC-1010,Sales - Mid-Market,6450,Training & Enablement,Sales & Marketing,413.82
2024-03-31,CC-1020,Sales - Enterprise,6000,Salaries & Wages,Sales & Marketing,46650.00
2024-03-31,CC-1020,Sales - Enterprise,6020,Payroll Taxes & Benefits,Sales & Marketing,9563.25
2024-03-31,CC-1020,Sales - Enterprise,6030,Sales Commissions,Sales & Marketing,11898.99
2024-03-31,CC-1020,Sales - Enterprise,6040,Commission Amortisation,Sales & Marketing,902.54
2024-03-31,CC-1020,Sales - Enterprise,6200,Software & Subscriptions,Sales & Marketing,1835.41
2024-03-31,CC-1020,Sales - Enterprise,6300,Travel & Entertainment,Sales & Marketing,2571.20
2024-03-31,CC-1020,Sales - Enterprise,6450,Training & Enablement,Sales & Marketing,210.28
2024-03-31,CC-1030,Sales Development,6000,Salaries & Wages,Sales & Marketing,49425.00
2024-03-31,CC-1030,Sales Development,6020,Payroll Taxes & Benefits,Sales & Marketing,10132.12
2024-03-31,CC-1030,Sales Development,6200,Software & Subscriptions,Sales & Marketing,2280.20
2024-03-31,CC-1030,Sales Development,6300,Travel & Entertainment,Sales & Marketing,3003.27
2024-03-31,CC-1030,Sales Development,6450,Training & Enablement,Sales & Marketing,262.23
2024-03-31,CC-1040,Sales Operations,6000,Salaries & Wages,Sales & Marketing,38041.67
2024-03-31,CC-1040,Sales Operations,6020,Payroll Taxes & Benefits,Sales & Marketing,7798.54
2024-03-31,CC-1040,Sales Operations,6200,Software & Subscriptions,Sales & Marketing,1484.48
2024-03-31,CC-1040,Sales Operations,6300,Travel & Entertainment,Sales & Marketing,2018.69
2024-03-31,CC-1050,Solutions Engineering,6000,Salaries & Wages,Sales & Marketing,28975.00
2024-03-31,CC-1050,Solutions Engineering,6020,Payroll Taxes & Benefits,Sales & Marketing,5939.88
2024-03-31,CC-1050,Solutions Engineering,6200,Software & Subscriptions,Sales & Marketing,1139.12
2024-03-31,CC-1050,Solutions Engineering,6300,Travel & Entertainment,Sales & Marketing,1650.16
2024-03-31,CC-1060,Sales Leadership,6000,Salaries & Wages,Sales & Marketing,16366.67
2024-03-31,CC-1060,Sales Leadership,6020,Payroll Taxes & Benefits,Sales & Marketing,3355.17
2024-03-31,CC-1060,Sales Leadership,6200,Software & Subscriptions,Sales & Marketing,636.17
2024-03-31,CC-1060,Sales Leadership,6300,Travel & Entertainment,Sales & Marketing,1050.06
2024-03-31,CC-1060,Sales Leadership,6450,Training & Enablement,Sales & Marketing,82.35
2024-03-31,CC-1100,Demand Generation,6000,Salaries & Wages,Sales & Marketing,64475.00
2024-03-31,CC-1100,Demand Generation,6010,Bonus,Sales & Marketing,6083.17
2024-03-31,CC-1100,Demand Generation,6020,Payroll Taxes & Benefits,Sales & Marketing,14464.42
2024-03-31,CC-1100,Demand Generation,6050,Contractor & Temp Labor,Sales & Marketing,14083.00
2024-03-31,CC-1100,Demand Generation,6100,Demand Generation,Sales & Marketing,165987.94
2024-03-31,CC-1100,Demand Generation,6110,Events & Field Marketing,Sales & Marketing,72061.77
2024-03-31,CC-1100,Demand Generation,6200,Software & Subscriptions,Sales & Marketing,2146.28
2024-03-31,CC-1100,Demand Generation,6300,Travel & Entertainment,Sales & Marketing,1932.01
2024-03-31,CC-1100,Demand Generation,6450,Training & Enablement,Sales & Marketing,343.71
2024-03-31,CC-1110,Product Marketing,6000,Salaries & Wages,Sales & Marketing,88083.33
2024-03-31,CC-1110,Product Marketing,6010,Bonus,Sales & Marketing,7897.00
2024-03-31,CC-1110,Product Marketing,6020,Payroll Taxes & Benefits,Sales & Marketing,19675.97
2024-03-31,CC-1110,Product Marketing,6120,Brand & Content,Sales & Marketing,48557.74
2024-03-31,CC-1110,Product Marketing,6200,Software & Subscriptions,Sales & Marketing,3276.41
2024-03-31,CC-1110,Product Marketing,6300,Travel & Entertainment,Sales & Marketing,2902.95
2024-03-31,CC-1200,Customer Success,6000,Salaries & Wages,Sales & Marketing,62596.67
2024-03-31,CC-1200,Customer Success,6000,Salaries & Wages,Subscription COGS,93895.00
2024-03-31,CC-1200,Customer Success,6010,Bonus,Sales & Marketing,6145.00
2024-03-31,CC-1200,Customer Success,6010,Bonus,Subscription COGS,9217.50
2024-03-31,CC-1200,Customer Success,6020,Payroll Taxes & Benefits,Sales & Marketing,14092.04
2024-03-31,CC-1200,Customer Success,6020,Payroll Taxes & Benefits,Subscription COGS,21138.06
2024-03-31,CC-1200,Customer Success,6200,Software & Subscriptions,Sales & Marketing,1030.29
2024-03-31,CC-1200,Customer Success,6200,Software & Subscriptions,Subscription COGS,1545.43
2024-03-31,CC-1200,Customer Success,6300,Travel & Entertainment,Sales & Marketing,843.28
2024-03-31,CC-1200,Customer Success,6300,Travel & Entertainment,Subscription COGS,1264.92
2024-03-31,CC-2000,Support,5010,Third-Party Data & APIs,Subscription COGS,1089.92
2024-03-31,CC-2000,Support,6000,Salaries & Wages,Subscription COGS,38116.67
2024-03-31,CC-2000,Support,6010,Bonus,Subscription COGS,3049.33
2024-03-31,CC-2000,Support,6020,Payroll Taxes & Benefits,Subscription COGS,8439.03
2024-03-31,CC-2000,Support,6200,Software & Subscriptions,Subscription COGS,615.12
2024-03-31,CC-2010,Cloud Operations,5000,Cloud Hosting,Subscription COGS,113118.26
2024-03-31,CC-2010,Cloud Operations,5010,Third-Party Data & APIs,Subscription COGS,739.08
2024-03-31,CC-2010,Cloud Operations,5020,Payment Processing Fees,Subscription COGS,17597.63
2024-03-31,CC-2010,Cloud Operations,6000,Salaries & Wages,Subscription COGS,51925.00
2024-03-31,CC-2010,Cloud Operations,6010,Bonus,Subscription COGS,4575.00
2024-03-31,CC-2010,Cloud Operations,6020,Payroll Taxes & Benefits,Subscription COGS,11582.50
2024-03-31,CC-2010,Cloud Operations,6050,Contractor & Temp Labor,Subscription COGS,14955.34
2024-03-31,CC-2010,Cloud Operations,6200,Software & Subscriptions,Subscription COGS,801.40
2024-03-31,CC-2010,Cloud Operations,6900,Other Operating Expense,Subscription COGS,118.91
2024-03-31,CC-2100,Professional Services,5030,Services Subcontractors,Services COGS,1939.07
2024-03-31,CC-2100,Professional Services,6000,Salaries & Wages,Services COGS,20616.67
2024-03-31,CC-2100,Professional Services,6010,Bonus,Services COGS,1649.33
2024-03-31,CC-2100,Professional Services,6020,Payroll Taxes & Benefits,Services COGS,4564.53
2024-03-31,CC-2100,Professional Services,6200,Software & Subscriptions,Services COGS,516.90
2024-03-31,CC-2100,Professional Services,6300,Travel & Entertainment,Services COGS,1065.44
2024-03-31,CC-3000,Engineering,6000,Salaries & Wages,Research & Development,306050.00
2024-03-31,CC-3000,Engineering,6010,Bonus,Research & Development,29365.17
2024-03-31,CC-3000,Engineering,6020,Payroll Taxes & Benefits,Research & Development,68760.11
2024-03-31,CC-3000,Engineering,6050,Contractor & Temp Labor,Research & Development,24816.78
2024-03-31,CC-3000,Engineering,6200,Software & Subscriptions,Research & Development,9140.93
2024-03-31,CC-3000,Engineering,6300,Travel & Entertainment,Research & Development,1963.11
2024-03-31,CC-3000,Engineering,6450,Training & Enablement,Research & Development,1415.46
2024-03-31,CC-3000,Engineering,6900,Other Operating Expense,Research & Development,995.50
2024-03-31,CC-3010,Quality & Release,6000,Salaries & Wages,Research & Development,26366.67
2024-03-31,CC-3010,Quality & Release,6010,Bonus,Research & Development,2109.33
2024-03-31,CC-3010,Quality & Release,6020,Payroll Taxes & Benefits,Research & Development,5837.58
2024-03-31,CC-3010,Quality & Release,6050,Contractor & Temp Labor,Research & Development,8709.91
2024-03-31,CC-3010,Quality & Release,6200,Software & Subscriptions,Research & Development,987.14
2024-03-31,CC-3100,Product & Design,6000,Salaries & Wages,Research & Development,113691.67
2024-03-31,CC-3100,Product & Design,6010,Bonus,Research & Development,10235.00
2024-03-31,CC-3100,Product & Design,6020,Payroll Taxes & Benefits,Research & Development,25404.97
2024-03-31,CC-3100,Product & Design,6050,Contractor & Temp Labor,Research & Development,11081.57
2024-03-31,CC-3100,Product & Design,6200,Software & Subscriptions,Research & Development,3563.38
2024-03-31,CC-3100,Product & Design,6300,Travel & Entertainment,Research & Development,868.46
2024-03-31,CC-4000,Finance & Accounting,6000,Salaries & Wages,General & Administrative,41183.33
2024-03-31,CC-4000,Finance & Accounting,6010,Bonus,General & Administrative,3745.67
2024-03-31,CC-4000,Finance & Accounting,6020,Payroll Taxes & Benefits,General & Administrative,9210.44
2024-03-31,CC-4000,Finance & Accounting,6200,Software & Subscriptions,General & Administrative,898.98
2024-03-31,CC-4000,Finance & Accounting,6300,Travel & Entertainment,General & Administrative,454.57
2024-03-31,CC-4000,Finance & Accounting,6400,Professional Fees,General & Administrative,90569.74
2024-03-31,CC-4000,Finance & Accounting,6440,Depreciation & Amortisation,General & Administrative,21113.28
2024-03-31,CC-4000,Finance & Accounting,6900,Other Operating Expense,General & Administrative,121.46
2024-03-31,CC-4010,People Operations,6000,Salaries & Wages,General & Administrative,48875.00
2024-03-31,CC-4010,People Operations,6010,Bonus,General & Administrative,4980.42
2024-03-31,CC-4010,People Operations,6020,Payroll Taxes & Benefits,General & Administrative,11040.36
2024-03-31,CC-4010,People Operations,6200,Software & Subscriptions,General & Administrative,745.23
2024-03-31,CC-4010,People Operations,6410,Recruiting Fees,General & Administrative,21905.17
2024-03-31,CC-4010,People Operations,6450,Training & Enablement,General & Administrative,146.02
2024-03-31,CC-4020,Legal & Corporate,6000,Salaries & Wages,General & Administrative,11300.00
2024-03-31,CC-4020,Legal & Corporate,6010,Bonus,General & Administrative,904.00
2024-03-31,CC-4020,Legal & Corporate,6020,Payroll Taxes & Benefits,General & Administrative,2501.82
2024-03-31,CC-4020,Legal & Corporate,6200,Software & Subscriptions,General & Administrative,349.84
2024-03-31,CC-4020,Legal & Corporate,6300,Travel & Entertainment,General & Administrative,184.67
2024-03-31,CC-4020,Legal & Corporate,6400,Professional Fees,General & Administrative,50417.04
2024-03-31,CC-4020,Legal & Corporate,6430,Insurance,General & Administrative,18250.82
2024-03-31,CC-4030,IT & Corporate Systems,6000,Salaries & Wages,General & Administrative,28716.67
2024-03-31,CC-4030,IT & Corporate Systems,6010,Bonus,General & Administrative,3900.75
2024-03-31,CC-4030,IT & Corporate Systems,6020,Payroll Taxes & Benefits,General & Administrative,6686.57
2024-03-31,CC-4030,IT & Corporate Systems,6050,Contractor & Temp Labor,General & Administrative,5364.07
2024-03-31,CC-4030,IT & Corporate Systems,6200,Software & Subscriptions,General & Administrative,382.21
2024-03-31,CC-4030,IT & Corporate Systems,6420,Facilities & Rent,General & Administrative,28991.65
2024-03-31,CC-4030,IT & Corporate Systems,6900,Other Operating Expense,General & Administrative,46.65
2024-03-31,CC-9000,Revenue,4000,Subscription Revenue,Subscription Revenue,-1559961.61
2024-03-31,CC-9000,Revenue,4010,Usage Revenue Above Commitment,Subscription Revenue,-33461.89
2024-03-31,CC-9000,Revenue,4100,Professional Services Revenue,Services Revenue,-23411.07
2024-03-31,CC-9000,Revenue,4110,Implementation Fee Revenue,Services Revenue,-57520.71
2024-04-30,CC-1000,Sales - SMB,6000,Salaries & Wages,Sales & Marketing,74150.00
2024-04-30,CC-1000,Sales - SMB,6020,Payroll Taxes & Benefits,Sales & Marketing,15200.75
2024-04-30,CC-1000,Sales - SMB,6030,Sales Commissions,Sales & Marketing,4390.57
2024-04-30,CC-1000,Sales - SMB,6040,Commission Amortisation,Sales & Marketing,727.06
2024-04-30,CC-1000,Sales - SMB,6200,Software & Subscriptions,Sales & Marketing,3653.71
2024-04-30,CC-1000,Sales - SMB,6300,Travel & Entertainment,Sales & Marketing,5009.32
2024-04-30,CC-1000,Sales - SMB,6450,Training & Enablement,Sales & Marketing,468.11
2024-04-30,CC-1010,Sales - Mid-Market,6000,Salaries & Wages,Sales & Marketing,81691.67
2024-04-30,CC-1010,Sales - Mid-Market,6020,Payroll Taxes & Benefits,Sales & Marketing,16746.79
2024-04-30,CC-1010,Sales - Mid-Market,6030,Sales Commissions,Sales & Marketing,8382.00
2024-04-30,CC-1010,Sales - Mid-Market,6040,Commission Amortisation,Sales & Marketing,1388.02
2024-04-30,CC-1010,Sales - Mid-Market,6200,Software & Subscriptions,Sales & Marketing,3445.13
2024-04-30,CC-1010,Sales - Mid-Market,6300,Travel & Entertainment,Sales & Marketing,4932.47
2024-04-30,CC-1010,Sales - Mid-Market,6450,Training & Enablement,Sales & Marketing,467.95
2024-04-30,CC-1020,Sales - Enterprise,6000,Salaries & Wages,Sales & Marketing,46650.00
2024-04-30,CC-1020,Sales - Enterprise,6020,Payroll Taxes & Benefits,Sales & Marketing,9563.25
2024-04-30,CC-1020,Sales - Enterprise,6030,Sales Commissions,Sales & Marketing,7184.58
2024-04-30,CC-1020,Sales - Enterprise,6040,Commission Amortisation,Sales & Marketing,1189.73
2024-04-30,CC-1020,Sales - Enterprise,6200,Software & Subscriptions,Sales & Marketing,1802.25
2024-04-30,CC-1020,Sales - Enterprise,6300,Travel & Entertainment,Sales & Marketing,2647.94
2024-04-30,CC-1020,Sales - Enterprise,6450,Training & Enablement,Sales & Marketing,226.28
2024-04-30,CC-1030,Sales Development,6000,Salaries & Wages,Sales & Marketing,59491.67
2024-04-30,CC-1030,Sales Development,6020,Payroll Taxes & Benefits,Sales & Marketing,12195.79
2024-04-30,CC-1030,Sales Development,6200,Software & Subscriptions,Sales & Marketing,2626.01
2024-04-30,CC-1030,Sales Development,6300,Travel & Entertainment,Sales & Marketing,3666.67
2024-04-30,CC-1030,Sales Development,6450,Training & Enablement,Sales & Marketing,320.47
2024-04-30,CC-1040,Sales Operations,6000,Salaries & Wages,Sales & Marketing,38041.67
2024-04-30,CC-1040,Sales Operations,6020,Payroll Taxes & Benefits,Sales & Marketing,7798.54
2024-04-30,CC-1040,Sales Operations,6200,Software & Subscriptions,Sales & Marketing,1398.24
2024-04-30,CC-1040,Sales Operations,6300,Travel & Entertainment,Sales & Marketing,2099.79
2024-04-30,CC-1050,Solutions Engineering,6000,Salaries & Wages,Sales & Marketing,28975.00
2024-04-30,CC-1050,Solutions Engineering,6020,Payroll Taxes & Benefits,Sales & Marketing,5939.88
2024-04-30,CC-1050,Solutions Engineering,6200,Software & Subscriptions,Sales & Marketing,1038.80
2024-04-30,CC-1050,Solutions Engineering,6300,Travel & Entertainment,Sales & Marketing,1579.41
2024-04-30,CC-1060,Sales Leadership,6000,Salaries & Wages,Sales & Marketing,16366.67
2024-04-30,CC-1060,Sales Leadership,6020,Payroll Taxes & Benefits,Sales & Marketing,3355.17
2024-04-30,CC-1060,Sales Leadership,6200,Software & Subscriptions,Sales & Marketing,763.82
2024-04-30,CC-1060,Sales Leadership,6300,Travel & Entertainment,Sales & Marketing,952.62
2024-04-30,CC-1060,Sales Leadership,6450,Training & Enablement,Sales & Marketing,79.78
2024-04-30,CC-1100,Demand Generation,6000,Salaries & Wages,Sales & Marketing,56533.33
2024-04-30,CC-1100,Demand Generation,6010,Bonus,Sales & Marketing,5447.83
2024-04-30,CC-1100,Demand Generation,6020,Payroll Taxes & Benefits,Sales & Marketing,12706.14
2024-04-30,CC-1100,Demand Generation,6050,Contractor & Temp Labor,Sales & Marketing,15458.65
2024-04-30,CC-1100,Demand Generation,6100,Demand Generation,Sales & Marketing,156395.58
2024-04-30,CC-1100,Demand Generation,6110,Events & Field Marketing,Sales & Marketing,64755.77
2024-04-30,CC-1100,Demand Generation,6200,Software & Subscriptions,Sales & Marketing,1828.01
2024-04-30,CC-1100,Demand Generation,6300,Travel & Entertainment,Sales & Marketing,1607.48
2024-04-30,CC-1100,Demand Generation,6450,Training & Enablement,Sales & Marketing,248.46
2024-04-30,CC-1110,Product Marketing,6000,Salaries & Wages,Sales & Marketing,88083.33
2024-04-30,CC-1110,Product Marketing,6010,Bonus,Sales & Marketing,7897.00
2024-04-30,CC-1110,Product Marketing,6020,Payroll Taxes & Benefits,Sales & Marketing,19675.97
2024-04-30,CC-1110,Product Marketing,6120,Brand & Content,Sales & Marketing,39477.07
2024-04-30,CC-1110,Product Marketing,6200,Software & Subscriptions,Sales & Marketing,3274.86
2024-04-30,CC-1110,Product Marketing,6300,Travel & Entertainment,Sales & Marketing,2287.56
2024-04-30,CC-1200,Customer Success,6000,Salaries & Wages,Sales & Marketing,62596.67
2024-04-30,CC-1200,Customer Success,6000,Salaries & Wages,Subscription COGS,93895.00
2024-04-30,CC-1200,Customer Success,6010,Bonus,Sales & Marketing,6145.00
2024-04-30,CC-1200,Customer Success,6010,Bonus,Subscription COGS,9217.50
2024-04-30,CC-1200,Customer Success,6020,Payroll Taxes & Benefits,Sales & Marketing,14092.04
2024-04-30,CC-1200,Customer Success,6020,Payroll Taxes & Benefits,Subscription COGS,21138.06
2024-04-30,CC-1200,Customer Success,6200,Software & Subscriptions,Sales & Marketing,1136.38
2024-04-30,CC-1200,Customer Success,6200,Software & Subscriptions,Subscription COGS,1704.56
2024-04-30,CC-1200,Customer Success,6300,Travel & Entertainment,Sales & Marketing,803.78
2024-04-30,CC-1200,Customer Success,6300,Travel & Entertainment,Subscription COGS,1205.67
2024-04-30,CC-2000,Support,5010,Third-Party Data & APIs,Subscription COGS,1092.11
2024-04-30,CC-2000,Support,6000,Salaries & Wages,Subscription COGS,48300.00
2024-04-30,CC-2000,Support,6010,Bonus,Subscription COGS,4271.33
2024-04-30,CC-2000,Support,6020,Payroll Taxes & Benefits,Subscription COGS,10777.12
2024-04-30,CC-2000,Support,6200,Software & Subscriptions,Subscription COGS,817.22
2024-04-30,CC-2010,Cloud Operations,5000,Cloud Hosting,Subscription COGS,124436.28
2024-04-30,CC-2010,Cloud Operations,5010,Third-Party Data & APIs,Subscription COGS,703.18
2024-04-30,CC-2010,Cloud Operations,5020,Payment Processing Fees,Subscription COGS,5548.59
2024-04-30,CC-2010,Cloud Operations,6000,Salaries & Wages,Subscription COGS,51925.00
2024-04-30,CC-2010,Cloud Operations,6010,Bonus,Subscription COGS,4575.00
2024-04-30,CC-2010,Cloud Operations,6020,Payroll Taxes & Benefits,Subscription COGS,11582.50
2024-04-30,CC-2010,Cloud Operations,6050,Contractor & Temp Labor,Subscription COGS,13491.70
2024-04-30,CC-2010,Cloud Operations,6200,Software & Subscriptions,Subscription COGS,747.33
2024-04-30,CC-2010,Cloud Operations,6900,Other Operating Expense,Subscription COGS,132.41
2024-04-30,CC-2100,Professional Services,5030,Services Subcontractors,Services COGS,2674.17
2024-04-30,CC-2100,Professional Services,6000,Salaries & Wages,Services COGS,29441.67
2024-04-30,CC-2100,Professional Services,6010,Bonus,Services COGS,2708.33
2024-04-30,CC-2100,Professional Services,6020,Payroll Taxes & Benefits,Services COGS,6590.75
2024-04-30,CC-2100,Professional Services,6200,Software & Subscriptions,Services COGS,672.27
2024-04-30,CC-2100,Professional Services,6300,Travel & Entertainment,Services COGS,1472.68
2024-04-30,CC-3000,Engineering,6000,Salaries & Wages,Research & Development,306050.00
2024-04-30,CC-3000,Engineering,6010,Bonus,Research & Development,29365.17
2024-04-30,CC-3000,Engineering,6020,Payroll Taxes & Benefits,Research & Development,68760.11
2024-04-30,CC-3000,Engineering,6050,Contractor & Temp Labor,Research & Development,22227.65
2024-04-30,CC-3000,Engineering,6200,Software & Subscriptions,Research & Development,8620.65
2024-04-30,CC-3000,Engineering,6300,Travel & Entertainment,Research & Development,1951.42
2024-04-30,CC-3000,Engineering,6450,Training & Enablement,Research & Development,1428.46
2024-04-30,CC-3000,Engineering,6900,Other Operating Expense,Research & Development,996.05
2024-04-30,CC-3010,Quality & Release,6000,Salaries & Wages,Research & Development,26366.67
2024-04-30,CC-3010,Quality & Release,6010,Bonus,Research & Development,2109.33
2024-04-30,CC-3010,Quality & Release,6020,Payroll Taxes & Benefits,Research & Development,5837.58
2024-04-30,CC-3010,Quality & Release,6050,Contractor & Temp Labor,Research & Development,8941.33
2024-04-30,CC-3010,Quality & Release,6200,Software & Subscriptions,Research & Development,880.59
2024-04-30,CC-3100,Product & Design,6000,Salaries & Wages,Research & Development,113691.67
2024-04-30,CC-3100,Product & Design,6010,Bonus,Research & Development,10235.00
2024-04-30,CC-3100,Product & Design,6020,Payroll Taxes & Benefits,Research & Development,25404.97
2024-04-30,CC-3100,Product & Design,6050,Contractor & Temp Labor,Research & Development,10093.53
2024-04-30,CC-3100,Product & Design,6200,Software & Subscriptions,Research & Development,3440.01
2024-04-30,CC-3100,Product & Design,6300,Travel & Entertainment,Research & Development,942.33
2024-04-30,CC-4000,Finance & Accounting,6000,Salaries & Wages,General & Administrative,41183.33
2024-04-30,CC-4000,Finance & Accounting,6010,Bonus,General & Administrative,3745.67
2024-04-30,CC-4000,Finance & Accounting,6020,Payroll Taxes & Benefits,General & Administrative,9210.44
2024-04-30,CC-4000,Finance & Accounting,6200,Software & Subscriptions,General & Administrative,1048.29
2024-04-30,CC-4000,Finance & Accounting,6300,Travel & Entertainment,General & Administrative,465.27
2024-04-30,CC-4000,Finance & Accounting,6400,Professional Fees,General & Administrative,72569.16
2024-04-30,CC-4000,Finance & Accounting,6440,Depreciation & Amortisation,General & Administrative,21113.28
2024-04-30,CC-4000,Finance & Accounting,6900,Other Operating Expense,General & Administrative,111.12
2024-04-30,CC-4010,People Operations,6000,Salaries & Wages,General & Administrative,48875.00
2024-04-30,CC-4010,People Operations,6010,Bonus,General & Administrative,4980.42
2024-04-30,CC-4010,People Operations,6020,Payroll Taxes & Benefits,General & Administrative,11040.36
2024-04-30,CC-4010,People Operations,6200,Software & Subscriptions,General & Administrative,730.00
2024-04-30,CC-4010,People Operations,6410,Recruiting Fees,General & Administrative,40070.70
2024-04-30,CC-4010,People Operations,6450,Training & Enablement,General & Administrative,146.78
2024-04-30,CC-4020,Legal & Corporate,6000,Salaries & Wages,General & Administrative,11300.00
2024-04-30,CC-4020,Legal & Corporate,6010,Bonus,General & Administrative,904.00
2024-04-30,CC-4020,Legal & Corporate,6020,Payroll Taxes & Benefits,General & Administrative,2501.82
2024-04-30,CC-4020,Legal & Corporate,6200,Software & Subscriptions,General & Administrative,380.67
2024-04-30,CC-4020,Legal & Corporate,6300,Travel & Entertainment,General & Administrative,179.81
2024-04-30,CC-4020,Legal & Corporate,6400,Professional Fees,General & Administrative,41441.02
2024-04-30,CC-4020,Legal & Corporate,6430,Insurance,General & Administrative,18112.29
2024-04-30,CC-4030,IT & Corporate Systems,6000,Salaries & Wages,General & Administrative,28716.67
2024-04-30,CC-4030,IT & Corporate Systems,6010,Bonus,General & Administrative,3900.75
2024-04-30,CC-4030,IT & Corporate Systems,6020,Payroll Taxes & Benefits,General & Administrative,6686.57
2024-04-30,CC-4030,IT & Corporate Systems,6050,Contractor & Temp Labor,General & Administrative,5799.11
2024-04-30,CC-4030,IT & Corporate Systems,6200,Software & Subscriptions,General & Administrative,371.64
2024-04-30,CC-4030,IT & Corporate Systems,6420,Facilities & Rent,General & Administrative,30873.87
2024-04-30,CC-4030,IT & Corporate Systems,6900,Other Operating Expense,General & Administrative,49.48
2024-04-30,CC-9000,Revenue,4000,Subscription Revenue,Subscription Revenue,-1608005.75
2024-04-30,CC-9000,Revenue,4010,Usage Revenue Above Commitment,Subscription Revenue,-34492.46
2024-04-30,CC-9000,Revenue,4100,Professional Services Revenue,Services Revenue,-19191.51
2024-04-30,CC-9000,Revenue,4110,Implementation Fee Revenue,Services Revenue,-57037.01
2024-05-31,CC-1000,Sales - SMB,6000,Salaries & Wages,Sales & Marketing,68633.33
2024-05-31,CC-1000,Sales - SMB,6020,Payroll Taxes & Benefits,Sales & Marketing,14069.83
2024-05-31,CC-1000,Sales - SMB,6030,Sales Commissions,Sales & Marketing,6889.56
2024-05-31,CC-1000,Sales - SMB,6040,Commission Amortisation,Sales & Marketing,1002.45
2024-05-31,CC-1000,Sales - SMB,6200,Software & Subscriptions,Sales & Marketing,3351.70
2024-05-31,CC-1000,Sales - SMB,6300,Travel & Entertainment,Sales & Marketing,4635.41
2024-05-31,CC-1000,Sales - SMB,6450,Training & Enablement,Sales & Marketing,426.30
2024-05-31,CC-1010,Sales - Mid-Market,6000,Salaries & Wages,Sales & Marketing,81691.67
2024-05-31,CC-1010,Sales - Mid-Market,6020,Payroll Taxes & Benefits,Sales & Marketing,16746.79
2024-05-31,CC-1010,Sales - Mid-Market,6030,Sales Commissions,Sales & Marketing,13152.80
2024-05-31,CC-1010,Sales - Mid-Market,6040,Commission Amortisation,Sales & Marketing,1913.77
2024-05-31,CC-1010,Sales - Mid-Market,6200,Software & Subscriptions,Sales & Marketing,3303.57
2024-05-31,CC-1010,Sales - Mid-Market,6300,Travel & Entertainment,Sales & Marketing,4949.99
2024-05-31,CC-1010,Sales - Mid-Market,6450,Training & Enablement,Sales & Marketing,464.12
2024-05-31,CC-1020,Sales - Enterprise,6000,Salaries & Wages,Sales & Marketing,46650.00
2024-05-31,CC-1020,Sales - Enterprise,6020,Payroll Taxes & Benefits,Sales & Marketing,9563.25
2024-05-31,CC-1020,Sales - Enterprise,6030,Sales Commissions,Sales & Marketing,11273.83
2024-05-31,CC-1020,Sales - Enterprise,6040,Commission Amortisation,Sales & Marketing,1640.38
2024-05-31,CC-1020,Sales - Enterprise,6200,Software & Subscriptions,Sales & Marketing,1729.31
2024-05-31,CC-1020,Sales - Enterprise,6300,Travel & Entertainment,Sales & Marketing,2380.65
2024-05-31,CC-1020,Sales - Enterprise,6450,Training & Enablement,Sales & Marketing,229.34
2024-05-31,CC-1030,Sales Development,6000,Salaries & Wages,Sales & Marketing,59491.67
2024-05-31,CC-1030,Sales Development,6020,Payroll Taxes & Benefits,Sales & Marketing,12195.79
2024-05-31,CC-1030,Sales Development,6200,Software & Subscriptions,Sales & Marketing,2604.00
2024-05-31,CC-1030,Sales Development,6300,Travel & Entertainment,Sales & Marketing,3312.84
2024-05-31,CC-1030,Sales Development,6450,Training & Enablement,Sales & Marketing,326.75
2024-05-31,CC-1040,Sales Operations,6000,Salaries & Wages,Sales & Marketing,38041.67
2024-05-31,CC-1040,Sales Operations,6020,Payroll Taxes & Benefits,Sales & Marketing,7798.54
2024-05-31,CC-1040,Sales Operations,6200,Software & Subscriptions,Sales & Marketing,1343.06
2024-05-31,CC-1040,Sales Operations,6300,Travel & Entertainment,Sales & Marketing,2057.05
2024-05-31,CC-1050,Solutions Engineering,6000,Salaries & Wages,Sales & Marketing,37050.00
2024-05-31,CC-1050,Solutions Engineering,6020,Payroll Taxes & Benefits,Sales & Marketing,7595.25
2024-05-31,CC-1050,Solutions Engineering,6200,Software & Subscriptions,Sales & Marketing,1517.50
2024-05-31,CC-1050,Solutions Engineering,6300,Travel & Entertainment,Sales & Marketing,1992.61
2024-05-31,CC-1060,Sales Leadership,6000,Salaries & Wages,Sales & Marketing,16366.67
2024-05-31,CC-1060,Sales Leadership,6020,Payroll Taxes & Benefits,Sales & Marketing,3355.17
2024-05-31,CC-1060,Sales Leadership,6200,Software & Subscriptions,Sales & Marketing,632.00
2024-05-31,CC-1060,Sales Leadership,6300,Travel & Entertainment,Sales & Marketing,1094.73
2024-05-31,CC-1060,Sales Leadership,6450,Training & Enablement,Sales & Marketing,83.77
2024-05-31,CC-1100,Demand Generation,6000,Salaries & Wages,Sales & Marketing,56533.33
2024-05-31,CC-1100,Demand Generation,6010,Bonus,Sales & Marketing,5447.83
2024-05-31,CC-1100,Demand Generation,6020,Payroll Taxes & Benefits,Sales & Marketing,12706.14
2024-05-31,CC-1100,Demand Generation,6050,Contractor & Temp Labor,Sales & Marketing,16917.85
2024-05-31,CC-1100,Demand Generation,6100,Demand Generation,Sales & Marketing,174074.13
2024-05-31,CC-1100,Demand Generation,6110,Events & Field Marketing,Sales & Marketing,68377.93
2024-05-31,CC-1100,Demand Generation,6200,Software & Subscriptions,Sales & Marketing,1923.34
2024-05-31,CC-1100,Demand Generation,6300,Travel & Entertainment,Sales & Marketing,1575.41
2024-05-31,CC-1100,Demand Generation,6450,Training & Enablement,Sales & Marketing,247.00
2024-05-31,CC-1110,Product Marketing,6000,Salaries & Wages,Sales & Marketing,94591.67
2024-05-31,CC-1110,Product Marketing,6010,Bonus,Sales & Marketing,8417.67
2024-05-31,CC-1110,Product Marketing,6020,Payroll Taxes & Benefits,Sales & Marketing,21116.91
2024-05-31,CC-1110,Product Marketing,6120,Brand & Content,Sales & Marketing,49404.44
2024-05-31,CC-1110,Product Marketing,6200,Software & Subscriptions,Sales & Marketing,3343.49
2024-05-31,CC-1110,Product Marketing,6300,Travel & Entertainment,Sales & Marketing,2826.42
2024-05-31,CC-1200,Customer Success,6000,Salaries & Wages,Sales & Marketing,66046.67
2024-05-31,CC-1200,Customer Success,6000,Salaries & Wages,Subscription COGS,99070.00
2024-05-31,CC-1200,Customer Success,6010,Bonus,Sales & Marketing,6421.00
2024-05-31,CC-1200,Customer Success,6010,Bonus,Subscription COGS,9631.50
2024-05-31,CC-1200,Customer Success,6020,Payroll Taxes & Benefits,Sales & Marketing,14855.87
2024-05-31,CC-1200,Customer Success,6020,Payroll Taxes & Benefits,Subscription COGS,22283.81
2024-05-31,CC-1200,Customer Success,6200,Software & Subscriptions,Sales & Marketing,1138.08
2024-05-31,CC-1200,Customer Success,6200,Software & Subscriptions,Subscription COGS,1707.12
2024-05-31,CC-1200,Customer Success,6300,Travel & Entertainment,Sales & Marketing,929.10
2024-05-31,CC-1200,Customer Success,6300,Travel & Entertainment,Subscription COGS,1393.65
2024-05-31,CC-2000,Support,5010,Third-Party Data & APIs,Subscription COGS,1085.36
2024-05-31,CC-2000,Support,6000,Salaries & Wages,Subscription COGS,48300.00
2024-05-31,CC-2000,Support,6010,Bonus,Subscription COGS,4271.33
2024-05-31,CC-2000,Support,6020,Payroll Taxes & Benefits,Subscription COGS,10777.12
2024-05-31,CC-2000,Support,6200,Software & Subscriptions,Subscription COGS,694.96
2024-05-31,CC-2010,Cloud Operations,5000,Cloud Hosting,Subscription COGS,109012.38
2024-05-31,CC-2010,Cloud Operations,5010,Third-Party Data & APIs,Subscription COGS,772.78
2024-05-31,CC-2010,Cloud Operations,5020,Payment Processing Fees,Subscription COGS,6252.49
2024-05-31,CC-2010,Cloud Operations,6000,Salaries & Wages,Subscription COGS,51925.00
2024-05-31,CC-2010,Cloud Operations,6010,Bonus,Subscription COGS,4575.00
2024-05-31,CC-2010,Cloud Operations,6020,Payroll Taxes & Benefits,Subscription COGS,11582.50
2024-05-31,CC-2010,Cloud Operations,6050,Contractor & Temp Labor,Subscription COGS,14098.18
2024-05-31,CC-2010,Cloud Operations,6200,Software & Subscriptions,Subscription COGS,812.74
2024-05-31,CC-2010,Cloud Operations,6900,Other Operating Expense,Subscription COGS,122.37
2024-05-31,CC-2100,Professional Services,5030,Services Subcontractors,Services COGS,2643.40
2024-05-31,CC-2100,Professional Services,6000,Salaries & Wages,Services COGS,29441.67
2024-05-31,CC-2100,Professional Services,6010,Bonus,Services COGS,2708.33
2024-05-31,CC-2100,Professional Services,6020,Payroll Taxes & Benefits,Services COGS,6590.75
2024-05-31,CC-2100,Professional Services,6200,Software & Subscriptions,Services COGS,661.94
2024-05-31,CC-2100,Professional Services,6300,Travel & Entertainment,Services COGS,1526.33
2024-05-31,CC-3000,Engineering,6000,Salaries & Wages,Research & Development,324033.33
2024-05-31,CC-3000,Engineering,6010,Bonus,Research & Development,30803.83
2024-05-31,CC-3000,Engineering,6020,Payroll Taxes & Benefits,Research & Development,72741.62
2024-05-31,CC-3000,Engineering,6050,Contractor & Temp Labor,Research & Development,22796.23
2024-05-31,CC-3000,Engineering,6200,Software & Subscriptions,Research & Development,10033.48
2024-05-31,CC-3000,Engineering,6300,Travel & Entertainment,Research & Development,2069.11
2024-05-31,CC-3000,Engineering,6450,Training & Enablement,Research & Development,1486.56
2024-05-31,CC-3000,Engineering,6900,Other Operating Expense,Research & Development,978.36
2024-05-31,CC-3010,Quality & Release,6000,Salaries & Wages,Research & Development,26366.67
2024-05-31,CC-3010,Quality & Release,6010,Bonus,Research & Development,2109.33
2024-05-31,CC-3010,Quality & Release,6020,Payroll Taxes & Benefits,Research & Development,5837.58
2024-05-31,CC-3010,Quality & Release,6050,Contractor & Temp Labor,Research & Development,8162.23
2024-05-31,CC-3010,Quality & Release,6200,Software & Subscriptions,Research & Development,885.50
2024-05-31,CC-3100,Product & Design,6000,Salaries & Wages,Research & Development,113691.67
2024-05-31,CC-3100,Product & Design,6010,Bonus,Research & Development,10235.00
2024-05-31,CC-3100,Product & Design,6020,Payroll Taxes & Benefits,Research & Development,25404.97
2024-05-31,CC-3100,Product & Design,6050,Contractor & Temp Labor,Research & Development,9508.08
2024-05-31,CC-3100,Product & Design,6200,Software & Subscriptions,Research & Development,3561.22
2024-05-31,CC-3100,Product & Design,6300,Travel & Entertainment,Research & Development,858.28
2024-05-31,CC-4000,Finance & Accounting,6000,Salaries & Wages,General & Administrative,48766.67
2024-05-31,CC-4000,Finance & Accounting,6010,Bonus,General & Administrative,4352.33
2024-05-31,CC-4000,Finance & Accounting,6020,Payroll Taxes & Benefits,General & Administrative,10889.40
2024-05-31,CC-4000,Finance & Accounting,6200,Software & Subscriptions,General & Administrative,1006.38
2024-05-31,CC-4000,Finance & Accounting,6300,Travel & Entertainment,General & Administrative,641.96
2024-05-31,CC-4000,Finance & Accounting,6400,Professional Fees,General & Administrative,39936.24
2024-05-31,CC-4000,Finance & Accounting,6440,Depreciation & Amortisation,General & Administrative,21113.28
2024-05-31,CC-4000,Finance & Accounting,6900,Other Operating Expense,General & Administrative,137.28
2024-05-31,CC-4010,People Operations,6000,Salaries & Wages,General & Administrative,48875.00
2024-05-31,CC-4010,People Operations,6010,Bonus,General & Administrative,4980.42
2024-05-31,CC-4010,People Operations,6020,Payroll Taxes & Benefits,General & Administrative,11040.36
2024-05-31,CC-4010,People Operations,6200,Software & Subscriptions,General & Administrative,680.60
2024-05-31,CC-4010,People Operations,6410,Recruiting Fees,General & Administrative,51438.58
2024-05-31,CC-4010,People Operations,6450,Training & Enablement,General & Administrative,166.78
2024-05-31,CC-4020,Legal & Corporate,6000,Salaries & Wages,General & Administrative,11300.00
2024-05-31,CC-4020,Legal & Corporate,6010,Bonus,General & Administrative,904.00
2024-05-31,CC-4020,Legal & Corporate,6020,Payroll Taxes & Benefits,General & Administrative,2501.82
2024-05-31,CC-4020,Legal & Corporate,6200,Software & Subscriptions,General & Administrative,400.18
2024-05-31,CC-4020,Legal & Corporate,6300,Travel & Entertainment,General & Administrative,189.38
2024-05-31,CC-4020,Legal & Corporate,6400,Professional Fees,General & Administrative,18582.00
2024-05-31,CC-4020,Legal & Corporate,6430,Insurance,General & Administrative,16991.89
2024-05-31,CC-4030,IT & Corporate Systems,6000,Salaries & Wages,General & Administrative,28716.67
2024-05-31,CC-4030,IT & Corporate Systems,6010,Bonus,General & Administrative,3900.75
2024-05-31,CC-4030,IT & Corporate Systems,6020,Payroll Taxes & Benefits,General & Administrative,6686.57
2024-05-31,CC-4030,IT & Corporate Systems,6050,Contractor & Temp Labor,General & Administrative,6358.53
2024-05-31,CC-4030,IT & Corporate Systems,6200,Software & Subscriptions,General & Administrative,384.82
2024-05-31,CC-4030,IT & Corporate Systems,6420,Facilities & Rent,General & Administrative,30256.85
2024-05-31,CC-4030,IT & Corporate Systems,6900,Other Operating Expense,General & Administrative,47.58
2024-05-31,CC-9000,Revenue,4000,Subscription Revenue,Subscription Revenue,-1657722.57
2024-05-31,CC-9000,Revenue,4010,Usage Revenue Above Commitment,Subscription Revenue,-35558.91
2024-05-31,CC-9000,Revenue,4100,Professional Services Revenue,Services Revenue,-19685.65
2024-05-31,CC-9000,Revenue,4110,Implementation Fee Revenue,Services Revenue,-57561.74
2024-06-30,CC-1000,Sales - SMB,6000,Salaries & Wages,Sales & Marketing,61283.33
2024-06-30,CC-1000,Sales - SMB,6020,Payroll Taxes & Benefits,Sales & Marketing,12563.08
2024-06-30,CC-1000,Sales - SMB,6030,Sales Commissions,Sales & Marketing,3692.87
2024-06-30,CC-1000,Sales - SMB,6040,Commission Amortisation,Sales & Marketing,1150.07
2024-06-30,CC-1000,Sales - SMB,6200,Software & Subscriptions,Sales & Marketing,2725.66
2024-06-30,CC-1000,Sales - SMB,6300,Travel & Entertainment,Sales & Marketing,4865.23
2024-06-30,CC-1000,Sales - SMB,6450,Training & Enablement,Sales & Marketing,349.90
2024-06-30,CC-1010,Sales - Mid-Market,6000,Salaries & Wages,Sales & Marketing,90850.00
2024-06-30,CC-1010,Sales - Mid-Market,6020,Payroll Taxes & Benefits,Sales & Marketing,18624.25
2024-06-30,CC-1010,Sales - Mid-Market,6030,Sales Commissions,Sales & Marketing,7050.02
2024-06-30,CC-1010,Sales - Mid-Market,6040,Commission Amortisation,Sales & Marketing,2195.58
2024-06-30,CC-1010,Sales - Mid-Market,6200,Software & Subscriptions,Sales & Marketing,4316.48
2024-06-30,CC-1010,Sales - Mid-Market,6300,Travel & Entertainment,Sales & Marketing,5727.52
2024-06-30,CC-1010,Sales - Mid-Market,6450,Training & Enablement,Sales & Marketing,448.19
2024-06-30,CC-1020,Sales - Enterprise,6000,Salaries & Wages,Sales & Marketing,46650.00
2024-06-30,CC-1020,Sales - Enterprise,6020,Payroll Taxes & Benefits,Sales & Marketing,9563.25
2024-06-30,CC-1020,Sales - Enterprise,6030,Sales Commissions,Sales & Marketing,6042.88
2024-06-30,CC-1020,Sales - Enterprise,6040,Commission Amortisation,Sales & Marketing,1881.93
2024-06-30,CC-1020,Sales - Enterprise,6200,Software & Subscriptions,Sales & Marketing,1724.40
2024-06-30,CC-1020,Sales - Enterprise,6300,Travel & Entertainment,Sales & Marketing,2471.74
2024-06-30,CC-1020,Sales - Enterprise,6450,Training & Enablement,Sales & Marketing,216.82
2024-06-30,CC-1030,Sales Development,6000,Salaries & Wages,Sales & Marketing,65541.67
2024-06-30,CC-1030,Sales Development,6020,Payroll Taxes & Benefits,Sales & Marketing,13436.04
2024-06-30,CC-1030,Sales Development,6200,Software & Subscriptions,Sales & Marketing,2814.81
2024-06-30,CC-1030,Sales Development,6300,Travel & Entertainment,Sales & Marketing,3793.30
2024-06-30,CC-1030,Sales Development,6450,Training & Enablement,Sales & Marketing,306.71
2024-06-30,CC-1040,Sales Operations,6000,Salaries & Wages,Sales & Marketing,38041.67
2024-06-30,CC-1040,Sales Operations,6020,Payroll Taxes & Benefits,Sales & Marketing,7798.54
2024-06-30,CC-1040,Sales Operations,6200,Software & Subscriptions,Sales & Marketing,1554.11
2024-06-30,CC-1040,Sales Operations,6300,Travel & Entertainment,Sales & Marketing,1995.76
2024-06-30,CC-1050,Solutions Engineering,6000,Salaries & Wages,Sales & Marketing,37050.00
2024-06-30,CC-1050,Solutions Engineering,6020,Payroll Taxes & Benefits,Sales & Marketing,7595.25
2024-06-30,CC-1050,Solutions Engineering,6200,Software & Subscriptions,Sales & Marketing,1386.42
2024-06-30,CC-1050,Solutions Engineering,6300,Travel & Entertainment,Sales & Marketing,2199.58
2024-06-30,CC-1060,Sales Leadership,6000,Salaries & Wages,Sales & Marketing,16366.67
2024-06-30,CC-1060,Sales Leadership,6020,Payroll Taxes & Benefits,Sales & Marketing,3355.17
2024-06-30,CC-1060,Sales Leadership,6200,Software & Subscriptions,Sales & Marketing,715.98
2024-06-30,CC-1060,Sales Leadership,6300,Travel & Entertainment,Sales & Marketing,1063.29
2024-06-30,CC-1060,Sales Leadership,6450,Training & Enablement,Sales & Marketing,98.46
2024-06-30,CC-1100,Demand Generation,6000,Salaries & Wages,Sales & Marketing,46833.33
2024-06-30,CC-1100,Demand Generation,6010,Bonus,Sales & Marketing,4671.83
2024-06-30,CC-1100,Demand Generation,6020,Payroll Taxes & Benefits,Sales & Marketing,10558.56
2024-06-30,CC-1100,Demand Generation,6050,Contractor & Temp Labor,Sales & Marketing,16042.87
2024-06-30,CC-1100,Demand Generation,6100,Demand Generation,Sales & Marketing,171926.89
2024-06-30,CC-1100,Demand Generation,6110,Events & Field Marketing,Sales & Marketing,71340.62
2024-06-30,CC-1100,Demand Generation,6200,Software & Subscriptions,Sales & Marketing,1609.71
2024-06-30,CC-1100,Demand Generation,6300,Travel & Entertainment,Sales & Marketing,1388.99
2024-06-30,CC-1100,Demand Generation,6450,Training & Enablement,Sales & Marketing,223.28
2024-06-30,CC-1110,Product Marketing,6000,Salaries & Wages,Sales & Marketing,94591.67
2024-06-30,CC-1110,Product Marketing,6010,Bonus,Sales & Marketing,8417.67
2024-06-30,CC-1110,Product Marketing,6020,Payroll Taxes & Benefits,Sales & Marketing,21116.91
2024-06-30,CC-1110,Product Marketing,6120,Brand & Content,Sales & Marketing,49875.28
2024-06-30,CC-1110,Product Marketing,6200,Software & Subscriptions,Sales & Marketing,3478.76
2024-06-30,CC-1110,Product Marketing,6300,Travel & Entertainment,Sales & Marketing,2875.07
2024-06-30,CC-1200,Customer Success,6000,Salaries & Wages,Sales & Marketing,66046.67
2024-06-30,CC-1200,Customer Success,6000,Salaries & Wages,Subscription COGS,99070.00
2024-06-30,CC-1200,Customer Success,6010,Bonus,Sales & Marketing,6421.00
2024-06-30,CC-1200,Customer Success,6010,Bonus,Subscription COGS,9631.50
2024-06-30,CC-1200,Customer Success,6020,Payroll Taxes & Benefits,Sales & Marketing,14855.87
2024-06-30,CC-1200,Customer Success,6020,Payroll Taxes & Benefits,Subscription COGS,22283.81
2024-06-30,CC-1200,Customer Success,6200,Software & Subscriptions,Sales & Marketing,1129.52
2024-06-30,CC-1200,Customer Success,6200,Software & Subscriptions,Subscription COGS,1694.28
2024-06-30,CC-1200,Customer Success,6300,Travel & Entertainment,Sales & Marketing,857.37
2024-06-30,CC-1200,Customer Success,6300,Travel & Entertainment,Subscription COGS,1286.06
2024-06-30,CC-2000,Support,5010,Third-Party Data & APIs,Subscription COGS,1189.94
2024-06-30,CC-2000,Support,6000,Salaries & Wages,Subscription COGS,62000.00
2024-06-30,CC-2000,Support,6010,Bonus,Subscription COGS,6326.33
2024-06-30,CC-2000,Support,6020,Payroll Taxes & Benefits,Subscription COGS,14006.90
2024-06-30,CC-2000,Support,6200,Software & Subscriptions,Subscription COGS,895.35
2024-06-30,CC-2010,Cloud Operations,5000,Cloud Hosting,Subscription COGS,118804.24
2024-06-30,CC-2010,Cloud Operations,5010,Third-Party Data & APIs,Subscription COGS,693.47
2024-06-30,CC-2010,Cloud Operations,5020,Payment Processing Fees,Subscription COGS,13092.05
2024-06-30,CC-2010,Cloud Operations,6000,Salaries & Wages,Subscription COGS,51925.00
2024-06-30,CC-2010,Cloud Operations,6010,Bonus,Subscription COGS,4575.00
2024-06-30,CC-2010,Cloud Operations,6020,Payroll Taxes & Benefits,Subscription COGS,11582.50
2024-06-30,CC-2010,Cloud Operations,6050,Contractor & Temp Labor,Subscription COGS,13324.27
2024-06-30,CC-2010,Cloud Operations,6200,Software & Subscriptions,Subscription COGS,822.15
2024-06-30,CC-2010,Cloud Operations,6900,Other Operating Expense,Subscription COGS,119.62
2024-06-30,CC-2100,Professional Services,5030,Services Subcontractors,Services COGS,2367.61
2024-06-30,CC-2100,Professional Services,6000,Salaries & Wages,Services COGS,29441.67
2024-06-30,CC-2100,Professional Services,6010,Bonus,Services COGS,2708.33
2024-06-30,CC-2100,Professional Services,6020,Payroll Taxes & Benefits,Services COGS,6590.75
2024-06-30,CC-2100,Professional Services,6200,Software & Subscriptions,Services COGS,697.20
2024-06-30,CC-2100,Professional Services,6300,Travel & Entertainment,Services COGS,1353.89
2024-06-30,CC-3000,Engineering,6000,Salaries & Wages,Research & Development,328108.33
2024-06-30,CC-3000,Engineering,6010,Bonus,Research & Development,31129.83
2024-06-30,CC-3000,Engineering,6020,Payroll Taxes & Benefits,Research & Development,73643.82
2024-06-30,CC-3000,Engineering,6050,Contractor & Temp Labor,Research & Development,22421.41
2024-06-30,CC-3000,Engineering,6200,Software & Subscriptions,Research & Development,9425.40
2024-06-30,CC-3000,Engineering,6300,Travel & Entertainment,Research & Development,2023.44
2024-06-30,CC-3000,Engineering,6450,Training & Enablement,Research & Development,1586.71
2024-06-30,CC-3000,Engineering,6900,Other Operating Expense,Research & Development,1037.39
2024-06-30,CC-3010,Quality & Release,6000,Salaries & Wages,Research & Development,26366.67
2024-06-30,CC-3010,Quality & Release,6010,Bonus,Research & Development,2109.33
2024-06-30,CC-3010,Quality & Release,6020,Payroll Taxes & Benefits,Research & Development,5837.58
2024-06-30,CC-3010,Quality & Release,6050,Contractor & Temp Labor,Research & Development,8464.40
2024-06-30,CC-3010,Quality & Release,6200,Software & Subscriptions,Research & Development,935.98
2024-06-30,CC-3100,Product & Design,6000,Salaries & Wages,Research & Development,120850.00
2024-06-30,CC-3100,Product & Design,6010,Bonus,Research & Development,10807.67
2024-06-30,CC-3100,Product & Design,6020,Payroll Taxes & Benefits,Research & Development,26989.82
2024-06-30,CC-3100,Product & Design,6050,Contractor & Temp Labor,Research & Development,9839.71
2024-06-30,CC-3100,Product & Design,6200,Software & Subscriptions,Research & Development,3967.70
2024-06-30,CC-3100,Product & Design,6300,Travel & Entertainment,Research & Development,979.29
2024-06-30,CC-4000,Finance & Accounting,6000,Salaries & Wages,General & Administrative,48766.67
2024-06-30,CC-4000,Finance & Accounting,6010,Bonus,General & Administrative,4352.33
2024-06-30,CC-4000,Finance & Accounting,6020,Payroll Taxes & Benefits,General & Administrative,10889.40
2024-06-30,CC-4000,Finance & Accounting,6200,Software & Subscriptions,General & Administrative,1081.96
2024-06-30,CC-4000,Finance & Accounting,6300,Travel & Entertainment,General & Administrative,630.10
2024-06-30,CC-4000,Finance & Accounting,6400,Professional Fees,General & Administrative,35016.20
2024-06-30,CC-4000,Finance & Accounting,6440,Depreciation & Amortisation,General & Administrative,21113.28
2024-06-30,CC-4000,Finance & Accounting,6900,Other Operating Expense,General & Administrative,136.99
2024-06-30,CC-4010,People Operations,6000,Salaries & Wages,General & Administrative,48875.00
2024-06-30,CC-4010,People Operations,6010,Bonus,General & Administrative,4980.42
2024-06-30,CC-4010,People Operations,6020,Payroll Taxes & Benefits,General & Administrative,11040.36
2024-06-30,CC-4010,People Operations,6200,Software & Subscriptions,General & Administrative,750.54
2024-06-30,CC-4010,People Operations,6410,Recruiting Fees,General & Administrative,40886.79
2024-06-30,CC-4010,People Operations,6450,Training & Enablement,General & Administrative,166.54
2024-06-30,CC-4020,Legal & Corporate,6000,Salaries & Wages,General & Administrative,11300.00
2024-06-30,CC-4020,Legal & Corporate,6010,Bonus,General & Administrative,904.00
2024-06-30,CC-4020,Legal & Corporate,6020,Payroll Taxes & Benefits,General & Administrative,2501.82
2024-06-30,CC-4020,Legal & Corporate,6200,Software & Subscriptions,General & Administrative,372.37
2024-06-30,CC-4020,Legal & Corporate,6300,Travel & Entertainment,General & Administrative,192.65
2024-06-30,CC-4020,Legal & Corporate,6400,Professional Fees,General & Administrative,18454.83
2024-06-30,CC-4020,Legal & Corporate,6430,Insurance,General & Administrative,18316.06
2024-06-30,CC-4030,IT & Corporate Systems,6000,Salaries & Wages,General & Administrative,28716.67
2024-06-30,CC-4030,IT & Corporate Systems,6010,Bonus,General & Administrative,3900.75
2024-06-30,CC-4030,IT & Corporate Systems,6020,Payroll Taxes & Benefits,General & Administrative,6686.57
2024-06-30,CC-4030,IT & Corporate Systems,6050,Contractor & Temp Labor,General & Administrative,6002.17
2024-06-30,CC-4030,IT & Corporate Systems,6200,Software & Subscriptions,General & Administrative,351.74
2024-06-30,CC-4030,IT & Corporate Systems,6420,Facilities & Rent,General & Administrative,32296.07
2024-06-30,CC-4030,IT & Corporate Systems,6900,Other Operating Expense,General & Administrative,42.52
2024-06-30,CC-9000,Revenue,4000,Subscription Revenue,Subscription Revenue,-1685689.73
2024-06-30,CC-9000,Revenue,4010,Usage Revenue Above Commitment,Subscription Revenue,-45442.21
2024-06-30,CC-9000,Revenue,4100,Professional Services Revenue,Services Revenue,-14721.22
2024-06-30,CC-9000,Revenue,4110,Implementation Fee Revenue,Services Revenue,-56042.87
2024-07-31,CC-1000,Sales - SMB,6000,Salaries & Wages,Sales & Marketing,61283.33
2024-07-31,CC-1000,Sales - SMB,6020,Payroll Taxes & Benefits,Sales & Marketing,12563.08
2024-07-31,CC-1000,Sales - SMB,6030,Sales Commissions,Sales & Marketing,2087.74
2024-07-31,CC-1000,Sales - SMB,6040,Commission Amortisation,Sales & Marketing,1233.52
2024-07-31,CC-1000,Sales - SMB,6200,Software & Subscriptions,Sales & Marketing,2792.46
2024-07-31,CC-1000,Sales - SMB,6300,Travel & Entertainment,Sales & Marketing,4335.64
2024-07-31,CC-1000,Sales - SMB,6450,Training & Enablement,Sales & Marketing,367.84
2024-07-31,CC-1010,Sales - Mid-Market,6000,Salaries & Wages,Sales & Marketing,99741.67
2024-07-31,CC-1010,Sales - Mid-Market,6020,Payroll Taxes & Benefits,Sales & Marketing,20447.04
2024-07-31,CC-1010,Sales - Mid-Market,6030,Sales Commissions,Sales & Marketing,3985.68
2024-07-31,CC-1010,Sales - Mid-Market,6040,Commission Amortisation,Sales & Marketing,2354.90
2024-07-31,CC-1010,Sales - Mid-Market,6200,Software & Subscriptions,Sales & Marketing,4438.83
2024-07-31,CC-1010,Sales - Mid-Market,6300,Travel & Entertainment,Sales & Marketing,6937.41
2024-07-31,CC-1010,Sales - Mid-Market,6450,Training & Enablement,Sales & Marketing,534.06
2024-07-31,CC-1020,Sales - Enterprise,6000,Salaries & Wages,Sales & Marketing,56308.33
2024-07-31,CC-1020,Sales - Enterprise,6020,Payroll Taxes & Benefits,Sales & Marketing,11543.21
2024-07-31,CC-1020,Sales - Enterprise,6030,Sales Commissions,Sales & Marketing,3416.30
2024-07-31,CC-1020,Sales - Enterprise,6040,Commission Amortisation,Sales & Marketing,2018.49
2024-07-31,CC-1020,Sales - Enterprise,6200,Software & Subscriptions,Sales & Marketing,2219.14
2024-07-31,CC-1020,Sales - Enterprise,6300,Travel & Entertainment,Sales & Marketing,2917.62
2024-07-31,CC-1020,Sales - Enterprise,6450,Training & Enablement,Sales & Marketing,268.10
2024-07-31,CC-1030,Sales Development,6000,Salaries & Wages,Sales & Marketing,65541.67
2024-07-31,CC-1030,Sales Development,6020,Payroll Taxes & Benefits,Sales & Marketing,13436.04
2024-07-31,CC-1030,Sales Development,6200,Software & Subscriptions,Sales & Marketing,2510.30
2024-07-31,CC-1030,Sales Development,6300,Travel & Entertainment,Sales & Marketing,3600.99
2024-07-31,CC-1030,Sales Development,6450,Training & Enablement,Sales & Marketing,297.91
2024-07-31,CC-1040,Sales Operations,6000,Salaries & Wages,Sales & Marketing,38041.67
2024-07-31,CC-1040,Sales Operations,6020,Payroll Taxes & Benefits,Sales & Marketing,7798.54
2024-07-31,CC-1040,Sales Operations,6200,Software & Subscriptions,Sales & Marketing,1446.74
2024-07-31,CC-1040,Sales Operations,6300,Travel & Entertainment,Sales & Marketing,2047.97
2024-07-31,CC-1050,Solutions Engineering,6000,Salaries & Wages,Sales & Marketing,37050.00
2024-07-31,CC-1050,Solutions Engineering,6020,Payroll Taxes & Benefits,Sales & Marketing,7595.25
2024-07-31,CC-1050,Solutions Engineering,6200,Software & Subscriptions,Sales & Marketing,1426.38
2024-07-31,CC-1050,Solutions Engineering,6300,Travel & Entertainment,Sales & Marketing,2031.01
2024-07-31,CC-1060,Sales Leadership,6000,Salaries & Wages,Sales & Marketing,16366.67
2024-07-31,CC-1060,Sales Leadership,6020,Payroll Taxes & Benefits,Sales & Marketing,3355.17
2024-07-31,CC-1060,Sales Leadership,6200,Software & Subscriptions,Sales & Marketing,653.63
2024-07-31,CC-1060,Sales Leadership,6300,Travel & Entertainment,Sales & Marketing,958.79
2024-07-31,CC-1060,Sales Leadership,6450,Training & Enablement,Sales & Marketing,88.63
2024-07-31,CC-1100,Demand Generation,6000,Salaries & Wages,Sales & Marketing,46833.33
2024-07-31,CC-1100,Demand Generation,6010,Bonus,Sales & Marketing,4671.83
2024-07-31,CC-1100,Demand Generation,6020,Payroll Taxes & Benefits,Sales & Marketing,10558.56
2024-07-31,CC-1100,Demand Generation,6050,Contractor & Temp Labor,Sales & Marketing,15059.00
2024-07-31,CC-1100,Demand Generation,6100,Demand Generation,Sales & Marketing,150489.44
2024-07-31,CC-1100,Demand Generation,6110,Events & Field Marketing,Sales & Marketing,55950.70
2024-07-31,CC-1100,Demand Generation,6200,Software & Subscriptions,Sales & Marketing,1525.69
2024-07-31,CC-1100,Demand Generation,6300,Travel & Entertainment,Sales & Marketing,1321.16
2024-07-31,CC-1100,Demand Generation,6450,Training & Enablement,Sales & Marketing,216.97
2024-07-31,CC-1110,Product Marketing,6000,Salaries & Wages,Sales & Marketing,94591.67
2024-07-31,CC-1110,Product Marketing,6010,Bonus,Sales & Marketing,8417.67
2024-07-31,CC-1110,Product Marketing,6020,Payroll Taxes & Benefits,Sales & Marketing,21116.91
2024-07-31,CC-1110,Product Marketing,6120,Brand & Content,Sales & Marketing,37431.55
2024-07-31,CC-1110,Product Marketing,6200,Software & Subscriptions,Sales & Marketing,3463.37
2024-07-31,CC-1110,Product Marketing,6300,Travel & Entertainment,Sales & Marketing,2616.09
2024-07-31,CC-1200,Customer Success,6000,Salaries & Wages,Sales & Marketing,66046.67
2024-07-31,CC-1200,Customer Success,6000,Salaries & Wages,Subscription COGS,99070.00
2024-07-31,CC-1200,Customer Success,6010,Bonus,Sales & Marketing,6421.00
2024-07-31,CC-1200,Customer Success,6010,Bonus,Subscription COGS,9631.50
2024-07-31,CC-1200,Customer Success,6020,Payroll Taxes & Benefits,Sales & Marketing,14855.87
2024-07-31,CC-1200,Customer Success,6020,Payroll Taxes & Benefits,Subscription COGS,22283.81
2024-07-31,CC-1200,Customer Success,6200,Software & Subscriptions,Sales & Marketing,1115.95
2024-07-31,CC-1200,Customer Success,6200,Software & Subscriptions,Subscription COGS,1673.93
2024-07-31,CC-1200,Customer Success,6300,Travel & Entertainment,Sales & Marketing,876.11
2024-07-31,CC-1200,Customer Success,6300,Travel & Entertainment,Subscription COGS,1314.16
2024-07-31,CC-2000,Support,5010,Third-Party Data & APIs,Subscription COGS,1041.68
2024-07-31,CC-2000,Support,6000,Salaries & Wages,Subscription COGS,55033.33
2024-07-31,CC-2000,Support,6010,Bonus,Subscription COGS,5769.00
2024-07-31,CC-2000,Support,6020,Payroll Taxes & Benefits,Subscription COGS,12464.48
2024-07-31,CC-2000,Support,6200,Software & Subscriptions,Subscription COGS,799.10
2024-07-31,CC-2010,Cloud Operations,5000,Cloud Hosting,Subscription COGS,111104.00
2024-07-31,CC-2010,Cloud Operations,5010,Third-Party Data & APIs,Subscription COGS,641.30
2024-07-31,CC-2010,Cloud Operations,5020,Payment Processing Fees,Subscription COGS,10112.80
2024-07-31,CC-2010,Cloud Operations,6000,Salaries & Wages,Subscription COGS,51925.00
2024-07-31,CC-2010,Cloud Operations,6010,Bonus,Subscription COGS,4575.00
2024-07-31,CC-2010,Cloud Operations,6020,Payroll Taxes & Benefits,Subscription COGS,11582.50
2024-07-31,CC-2010,Cloud Operations,6050,Contractor & Temp Labor,Subscription COGS,14924.93
2024-07-31,CC-2010,Cloud Operations,6200,Software & Subscriptions,Subscription COGS,808.76
2024-07-31,CC-2010,Cloud Operations,6900,Other Operating Expense,Subscription COGS,113.68
2024-07-31,CC-2100,Professional Services,5030,Services Subcontractors,Services COGS,2665.21
2024-07-31,CC-2100,Professional Services,6000,Salaries & Wages,Services COGS,29441.67
2024-07-31,CC-2100,Professional Services,6010,Bonus,Services COGS,2708.33
2024-07-31,CC-2100,Professional Services,6020,Payroll Taxes & Benefits,Services COGS,6590.75
2024-07-31,CC-2100,Professional Services,6200,Software & Subscriptions,Services COGS,617.43
2024-07-31,CC-2100,Professional Services,6300,Travel & Entertainment,Services COGS,1410.28
2024-07-31,CC-3000,Engineering,6000,Salaries & Wages,Research & Development,342950.00
2024-07-31,CC-3000,Engineering,6010,Bonus,Research & Development,33356.08
2024-07-31,CC-3000,Engineering,6020,Payroll Taxes & Benefits,Research & Development,77142.75
2024-07-31,CC-3000,Engineering,6050,Contractor & Temp Labor,Research & Development,21794.18
2024-07-31,CC-3000,Engineering,6200,Software & Subscriptions,Research & Development,10893.18
2024-07-31,CC-3000,Engineering,6300,Travel & Entertainment,Research & Development,2108.99
2024-07-31,CC-3000,Engineering,6450,Training & Enablement,Research & Development,1815.93
2024-07-31,CC-3000,Engineering,6900,Other Operating Expense,Research & Development,1000.30
2024-07-31,CC-3010,Quality & Release,6000,Salaries & Wages,Research & Development,35200.00
2024-07-31,CC-3010,Quality & Release,6010,Bonus,Research & Development,2816.00
2024-07-31,CC-3010,Quality & Release,6020,Payroll Taxes & Benefits,Research & Development,7793.28
2024-07-31,CC-3010,Quality & Release,6050,Contractor & Temp Labor,Research & Development,8560.95
2024-07-31,CC-3010,Quality & Release,6200,Software & Subscriptions,Research & Development,1221.89
2024-07-31,CC-3100,Product & Design,6000,Salaries & Wages,Research & Development,120850.00
2024-07-31,CC-3100,Product & Design,6010,Bonus,Research & Development,10807.67
2024-07-31,CC-3100,Product & Design,6020,Payroll Taxes & Benefits,Research & Development,26989.82
2024-07-31,CC-3100,Product & Design,6050,Contractor & Temp Labor,Research & Development,10282.24
2024-07-31,CC-3100,Product & Design,6200,Software & Subscriptions,Research & Development,3441.64
2024-07-31,CC-3100,Product & Design,6300,Travel & Entertainment,Research & Development,1020.85
2024-07-31,CC-4000,Finance & Accounting,6000,Salaries & Wages,General & Administrative,48766.67
2024-07-31,CC-4000,Finance & Accounting,6010,Bonus,General & Administrative,4352.33
2024-07-31,CC-4000,Finance & Accounting,6020,Payroll Taxes & Benefits,General & Administrative,10889.40
2024-07-31,CC-4000,Finance & Accounting,6200,Software & Subscriptions,General & Administrative,1018.72
2024-07-31,CC-4000,Finance & Accounting,6300,Travel & Entertainment,General & Administrative,610.07
2024-07-31,CC-4000,Finance & Accounting,6400,Professional Fees,General & Administrative,37106.08
2024-07-31,CC-4000,Finance & Accounting,6440,Depreciation & Amortisation,General & Administrative,21113.28
2024-07-31,CC-4000,Finance & Accounting,6900,Other Operating Expense,General & Administrative,133.26
2024-07-31,CC-4010,People Operations,6000,Salaries & Wages,General & Administrative,48875.00
2024-07-31,CC-4010,People Operations,6010,Bonus,General & Administrative,4980.42
2024-07-31,CC-4010,People Operations,6020,Payroll Taxes & Benefits,General & Administrative,11040.36
2024-07-31,CC-4010,People Operations,6200,Software & Subscriptions,General & Administrative,779.57
2024-07-31,CC-4010,People Operations,6410,Recruiting Fees,General & Administrative,34033.09
2024-07-31,CC-4010,People Operations,6450,Training & Enablement,General & Administrative,141.60
2024-07-31,CC-4020,Legal & Corporate,6000,Salaries & Wages,General & Administrative,11300.00
2024-07-31,CC-4020,Legal & Corporate,6010,Bonus,General & Administrative,904.00
2024-07-31,CC-4020,Legal & Corporate,6020,Payroll Taxes & Benefits,General & Administrative,2501.82
2024-07-31,CC-4020,Legal & Corporate,6200,Software & Subscriptions,General & Administrative,382.94
2024-07-31,CC-4020,Legal & Corporate,6300,Travel & Entertainment,General & Administrative,189.22
2024-07-31,CC-4020,Legal & Corporate,6400,Professional Fees,General & Administrative,18571.46
2024-07-31,CC-4020,Legal & Corporate,6430,Insurance,General & Administrative,18547.17
2024-07-31,CC-4030,IT & Corporate Systems,6000,Salaries & Wages,General & Administrative,28716.67
2024-07-31,CC-4030,IT & Corporate Systems,6010,Bonus,General & Administrative,3900.75
2024-07-31,CC-4030,IT & Corporate Systems,6020,Payroll Taxes & Benefits,General & Administrative,6686.57
2024-07-31,CC-4030,IT & Corporate Systems,6050,Contractor & Temp Labor,General & Administrative,5514.80
2024-07-31,CC-4030,IT & Corporate Systems,6200,Software & Subscriptions,General & Administrative,366.93
2024-07-31,CC-4030,IT & Corporate Systems,6420,Facilities & Rent,General & Administrative,35000.01
2024-07-31,CC-4030,IT & Corporate Systems,6900,Other Operating Expense,General & Administrative,46.94
2024-07-31,CC-9000,Revenue,4000,Subscription Revenue,Subscription Revenue,-1725189.28
2024-07-31,CC-9000,Revenue,4010,Usage Revenue Above Commitment,Subscription Revenue,-48419.52
2024-07-31,CC-9000,Revenue,4100,Professional Services Revenue,Services Revenue,-13608.34
2024-07-31,CC-9000,Revenue,4110,Implementation Fee Revenue,Services Revenue,-52075.41
2024-08-31,CC-1000,Sales - SMB,6000,Salaries & Wages,Sales & Marketing,61283.33
2024-08-31,CC-1000,Sales - SMB,6020,Payroll Taxes & Benefits,Sales & Marketing,12563.08
2024-08-31,CC-1000,Sales - SMB,6030,Sales Commissions,Sales & Marketing,4439.83
2024-08-31,CC-1000,Sales - SMB,6040,Commission Amortisation,Sales & Marketing,1410.99
2024-08-31,CC-1000,Sales - SMB,6200,Software & Subscriptions,Sales & Marketing,2819.12
2024-08-31,CC-1000,Sales - SMB,6300,Travel & Entertainment,Sales & Marketing,4144.10
2024-08-31,CC-1000,Sales - SMB,6450,Training & Enablement,Sales & Marketing,359.37
2024-08-31,CC-1010,Sales - Mid-Market,6000,Salaries & Wages,Sales & Marketing,92941.67
2024-08-31,CC-1010,Sales - Mid-Market,6020,Payroll Taxes & Benefits,Sales & Marketing,19053.04
2024-08-31,CC-1010,Sales - Mid-Market,6030,Sales Commissions,Sales & Marketing,8476.04
2024-08-31,CC-1010,Sales - Mid-Market,6040,Commission Amortisation,Sales & Marketing,2693.72
2024-08-31,CC-1010,Sales - Mid-Market,6200,Software & Subscriptions,Sales & Marketing,3805.89
2024-08-31,CC-1010,Sales - Mid-Market,6300,Travel & Entertainment,Sales & Marketing,5697.02
2024-08-31,CC-1010,Sales - Mid-Market,6450,Training & Enablement,Sales & Marketing,505.91
2024-08-31,CC-1020,Sales - Enterprise,6000,Salaries & Wages,Sales & Marketing,56308.33
2024-08-31,CC-1020,Sales - Enterprise,6020,Payroll Taxes & Benefits,Sales & Marketing,11543.21
2024-08-31,CC-1020,Sales - Enterprise,6030,Sales Commissions,Sales & Marketing,7265.18
2024-08-31,CC-1020,Sales - Enterprise,6040,Commission Amortisation,Sales & Marketing,2308.90
2024-08-31,CC-1020,Sales - Enterprise,6200,Software & Subscriptions,Sales & Marketing,2202.03
2024-08-31,CC-1020,Sales - Enterprise,6300,Travel & Entertainment,Sales & Marketing,3151.75
2024-08-31,CC-1020,Sales - Enterprise,6450,Training & Enablement,Sales & Marketing,270.46
2024-08-31,CC-1030,Sales Development,6000,Salaries & Wages,Sales & Marketing,65541.67
2024-08-31,CC-1030,Sales Development,6020,Payroll Taxes & Benefits,Sales & Marketing,13436.04
2024-08-31,CC-1030,Sales Development,6200,Software & Subscriptions,Sales & Marketing,2855.23
2024-08-31,CC-1030,Sales Development,6300,Travel & Entertainment,Sales & Marketing,3348.04
2024-08-31,CC-1030,Sales Development,6450,Training & Enablement,Sales & Marketing,310.71
2024-08-31,CC-1040,Sales Operations,6000,Salaries & Wages,Sales & Marketing,38041.67
2024-08-31,CC-1040,Sales Operations,6020,Payroll Taxes & Benefits,Sales & Marketing,7798.54
2024-08-31,CC-1040,Sales Operations,6200,Software & Subscriptions,Sales & Marketing,1437.20
2024-08-31,CC-1040,Sales Operations,6300,Travel & Entertainment,Sales & Marketing,2288.14
2024-08-31,CC-1050,Solutions Engineering,6000,Salaries & Wages,Sales & Marketing,37050.00
2024-08-31,CC-1050,Solutions Engineering,6020,Payroll Taxes & Benefits,Sales & Marketing,7595.25
2024-08-31,CC-1050,Solutions Engineering,6200,Software & Subscriptions,Sales & Marketing,1425.77
2024-08-31,CC-1050,Solutions Engineering,6300,Travel & Entertainment,Sales & Marketing,1895.76
2024-08-31,CC-1060,Sales Leadership,6000,Salaries & Wages,Sales & Marketing,16366.67
2024-08-31,CC-1060,Sales Leadership,6020,Payroll Taxes & Benefits,Sales & Marketing,3355.17
2024-08-31,CC-1060,Sales Leadership,6200,Software & Subscriptions,Sales & Marketing,742.63
2024-08-31,CC-1060,Sales Leadership,6300,Travel & Entertainment,Sales & Marketing,1020.61
2024-08-31,CC-1060,Sales Leadership,6450,Training & Enablement,Sales & Marketing,90.12
2024-08-31,CC-1100,Demand Generation,6000,Salaries & Wages,Sales & Marketing,46833.33
2024-08-31,CC-1100,Demand Generation,6010,Bonus,Sales & Marketing,4671.83
2024-08-31,CC-1100,Demand Generation,6020,Payroll Taxes & Benefits,Sales & Marketing,10558.56
2024-08-31,CC-1100,Demand Generation,6050,Contractor & Temp Labor,Sales & Marketing,14965.92
2024-08-31,CC-1100,Demand Generation,6100,Demand Generation,Sales & Marketing,153833.13
2024-08-31,CC-1100,Demand Generation,6110,Events & Field Marketing,Sales & Marketing,58307.60
2024-08-31,CC-1100,Demand Generation,6200,Software & Subscriptions,Sales & Marketing,1837.07
2024-08-31,CC-1100,Demand Generation,6300,Travel & Entertainment,Sales & Marketing,1265.76
2024-08-31,CC-1100,Demand Generation,6450,Training & Enablement,Sales & Marketing,222.19
2024-08-31,CC-1110,Product Marketing,6000,Salaries & Wages,Sales & Marketing,94591.67
2024-08-31,CC-1110,Product Marketing,6010,Bonus,Sales & Marketing,8417.67
2024-08-31,CC-1110,Product Marketing,6020,Payroll Taxes & Benefits,Sales & Marketing,21116.91
2024-08-31,CC-1110,Product Marketing,6120,Brand & Content,Sales & Marketing,36848.22
2024-08-31,CC-1110,Product Marketing,6200,Software & Subscriptions,Sales & Marketing,3630.17
2024-08-31,CC-1110,Product Marketing,6300,Travel & Entertainment,Sales & Marketing,2966.77
2024-08-31,CC-1200,Customer Success,6000,Salaries & Wages,Sales & Marketing,69123.33
2024-08-31,CC-1200,Customer Success,6000,Salaries & Wages,Subscription COGS,103685.00
2024-08-31,CC-1200,Customer Success,6010,Bonus,Sales & Marketing,6667.13
2024-08-31,CC-1200,Customer Success,6010,Bonus,Subscription COGS,10000.70
2024-08-31,CC-1200,Customer Success,6020,Payroll Taxes & Benefits,Sales & Marketing,15537.05
2024-08-31,CC-1200,Customer Success,6020,Payroll Taxes & Benefits,Subscription COGS,23305.57
2024-08-31,CC-1200,Customer Success,6200,Software & Subscriptions,Sales & Marketing,1216.62
2024-08-31,CC-1200,Customer Success,6200,Software & Subscriptions,Subscription COGS,1824.94
2024-08-31,CC-1200,Customer Success,6300,Travel & Entertainment,Sales & Marketing,898.89
2024-08-31,CC-1200,Customer Success,6300,Travel & Entertainment,Subscription COGS,1348.33
2024-08-31,CC-2000,Support,5010,Third-Party Data & APIs,Subscription COGS,1051.81
2024-08-31,CC-2000,Support,6000,Salaries & Wages,Subscription COGS,55033.33
2024-08-31,CC-2000,Support,6010,Bonus,Subscription COGS,5769.00
2024-08-31,CC-2000,Support,6020,Payroll Taxes & Benefits,Subscription COGS,12464.48
2024-08-31,CC-2000,Support,6200,Software & Subscriptions,Subscription COGS,832.40
2024-08-31,CC-2010,Cloud Operations,5000,Cloud Hosting,Subscription COGS,120006.61
2024-08-31,CC-2010,Cloud Operations,5010,Third-Party Data & APIs,Subscription COGS,673.66
2024-08-31,CC-2010,Cloud Operations,5020,Payment Processing Fees,Subscription COGS,8730.77
2024-08-31,CC-2010,Cloud Operations,6000,Salaries & Wages,Subscription COGS,51925.00
2024-08-31,CC-2010,Cloud Operations,6010,Bonus,Subscription COGS,4575.00
2024-08-31,CC-2010,Cloud Operations,6020,Payroll Taxes & Benefits,Subscription COGS,11582.50
2024-08-31,CC-2010,Cloud Operations,6050,Contractor & Temp Labor,Subscription COGS,14578.01
2024-08-31,CC-2010,Cloud Operations,6200,Software & Subscriptions,Subscription COGS,827.90
2024-08-31,CC-2010,Cloud Operations,6900,Other Operating Expense,Subscription COGS,118.20
2024-08-31,CC-2100,Professional Services,5030,Services Subcontractors,Services COGS,2649.59
2024-08-31,CC-2100,Professional Services,6000,Salaries & Wages,Services COGS,29441.67
2024-08-31,CC-2100,Professional Services,6010,Bonus,Services COGS,2708.33
2024-08-31,CC-2100,Professional Services,6020,Payroll Taxes & Benefits,Services COGS,6590.75
2024-08-31,CC-2100,Professional Services,6200,Software & Subscriptions,Services COGS,713.42
2024-08-31,CC-2100,Professional Services,6300,Travel & Entertainment,Services COGS,1406.34
2024-08-31,CC-3000,Engineering,6000,Salaries & Wages,Research & Development,327325.00
2024-08-31,CC-3000,Engineering,6010,Bonus,Research & Development,32106.08
2024-08-31,CC-3000,Engineering,6020,Payroll Taxes & Benefits,Research & Development,73683.37
2024-08-31,CC-3000,Engineering,6050,Contractor & Temp Labor,Research & Development,22223.26
2024-08-31,CC-3000,Engineering,6200,Software & Subscriptions,Research & Development,9364.16
2024-08-31,CC-3000,Engineering,6300,Travel & Entertainment,Research & Development,2048.44
2024-08-31,CC-3000,Engineering,6450,Training & Enablement,Research & Development,1525.85
2024-08-31,CC-3000,Engineering,6900,Other Operating Expense,Research & Development,976.22
2024-08-31,CC-3010,Quality & Release,6000,Salaries & Wages,Research & Development,35200.00
2024-08-31,CC-3010,Quality & Release,6010,Bonus,Research & Development,2816.00
2024-08-31,CC-3010,Quality & Release,6020,Payroll Taxes & Benefits,Research & Development,7793.28
2024-08-31,CC-3010,Quality & Release,6050,Contractor & Temp Labor,Research & Development,7839.04
2024-08-31,CC-3010,Quality & Release,6200,Software & Subscriptions,Research & Development,1314.85
2024-08-31,CC-3100,Product & Design,6000,Salaries & Wages,Research & Development,120850.00
2024-08-31,CC-3100,Product & Design,6010,Bonus,Research & Development,10807.67
2024-08-31,CC-3100,Product & Design,6020,Payroll Taxes & Benefits,Research & Development,26989.82
2024-08-31,CC-3100,Product & Design,6050,Contractor & Temp Labor,Research & Development,10050.33
2024-08-31,CC-3100,Product & Design,6200,Software & Subscriptions,Research & Development,3684.47
2024-08-31,CC-3100,Product & Design,6300,Travel & Entertainment,Research & Development,1020.98
2024-08-31,CC-4000,Finance & Accounting,6000,Salaries & Wages,General & Administrative,48766.67
2024-08-31,CC-4000,Finance & Accounting,6010,Bonus,General & Administrative,4352.33
2024-08-31,CC-4000,Finance & Accounting,6020,Payroll Taxes & Benefits,General & Administrative,10889.40
2024-08-31,CC-4000,Finance & Accounting,6200,Software & Subscriptions,General & Administrative,1096.14
2024-08-31,CC-4000,Finance & Accounting,6300,Travel & Entertainment,General & Administrative,588.66
2024-08-31,CC-4000,Finance & Accounting,6400,Professional Fees,General & Administrative,34295.11
2024-08-31,CC-4000,Finance & Accounting,6440,Depreciation & Amortisation,General & Administrative,21113.28
2024-08-31,CC-4000,Finance & Accounting,6900,Other Operating Expense,General & Administrative,127.42
2024-08-31,CC-4010,People Operations,6000,Salaries & Wages,General & Administrative,48875.00
2024-08-31,CC-4010,People Operations,6010,Bonus,General & Administrative,4980.42
2024-08-31,CC-4010,People Operations,6020,Payroll Taxes & Benefits,General & Administrative,11040.36
2024-08-31,CC-4010,People Operations,6200,Software & Subscriptions,General & Administrative,689.35
2024-08-31,CC-4010,People Operations,6410,Recruiting Fees,General & Administrative,15217.21
2024-08-31,CC-4010,People Operations,6450,Training & Enablement,General & Administrative,139.61
2024-08-31,CC-4020,Legal & Corporate,6000,Salaries & Wages,General & Administrative,11300.00
2024-08-31,CC-4020,Legal & Corporate,6010,Bonus,General & Administrative,904.00
2024-08-31,CC-4020,Legal & Corporate,6020,Payroll Taxes & Benefits,General & Administrative,2501.82
2024-08-31,CC-4020,Legal & Corporate,6200,Software & Subscriptions,General & Administrative,391.68
2024-08-31,CC-4020,Legal & Corporate,6300,Travel & Entertainment,General & Administrative,192.22
2024-08-31,CC-4020,Legal & Corporate,6400,Professional Fees,General & Administrative,18594.28
2024-08-31,CC-4020,Legal & Corporate,6430,Insurance,General & Administrative,19116.18
2024-08-31,CC-4030,IT & Corporate Systems,6000,Salaries & Wages,General & Administrative,40958.33
2024-08-31,CC-4030,IT & Corporate Systems,6010,Bonus,General & Administrative,4880.08
2024-08-31,CC-4030,IT & Corporate Systems,6020,Payroll Taxes & Benefits,General & Administrative,9396.88
2024-08-31,CC-4030,IT & Corporate Systems,6050,Contractor & Temp Labor,General & Administrative,6321.41
2024-08-31,CC-4030,IT & Corporate Systems,6200,Software & Subscriptions,General & Administrative,514.25
2024-08-31,CC-4030,IT & Corporate Systems,6420,Facilities & Rent,General & Administrative,32154.70
2024-08-31,CC-4030,IT & Corporate Systems,6900,Other Operating Expense,General & Administrative,71.83
2024-08-31,CC-9000,Revenue,4000,Subscription Revenue,Subscription Revenue,-1767688.31
2024-08-31,CC-9000,Revenue,4010,Usage Revenue Above Commitment,Subscription Revenue,-48827.96
2024-08-31,CC-9000,Revenue,4100,Professional Services Revenue,Services Revenue,-9899.44
2024-08-31,CC-9000,Revenue,4110,Implementation Fee Revenue,Services Revenue,-50666.84
2024-09-30,CC-1000,Sales - SMB,6000,Salaries & Wages,Sales & Marketing,68533.33
2024-09-30,CC-1000,Sales - SMB,6020,Payroll Taxes & Benefits,Sales & Marketing,14049.33
2024-09-30,CC-1000,Sales - SMB,6030,Sales Commissions,Sales & Marketing,3604.03
2024-09-30,CC-1000,Sales - SMB,6040,Commission Amortisation,Sales & Marketing,1555.06
2024-09-30,CC-1000,Sales - SMB,6200,Software & Subscriptions,Sales & Marketing,3334.05
2024-09-30,CC-1000,Sales - SMB,6300,Travel & Entertainment,Sales & Marketing,4242.04
2024-09-30,CC-1000,Sales - SMB,6450,Training & Enablement,Sales & Marketing,394.45
2024-09-30,CC-1010,Sales - Mid-Market,6000,Salaries & Wages,Sales & Marketing,92941.67
2024-09-30,CC-1010,Sales - Mid-Market,6020,Payroll Taxes & Benefits,Sales & Marketing,19053.04
2024-09-30,CC-1010,Sales - Mid-Market,6030,Sales Commissions,Sales & Marketing,6880.41
2024-09-30,CC-1010,Sales - Mid-Market,6040,Commission Amortisation,Sales & Marketing,2968.75
2024-09-30,CC-1010,Sales - Mid-Market,6200,Software & Subscriptions,Sales & Marketing,4317.54
2024-09-30,CC-1010,Sales - Mid-Market,6300,Travel & Entertainment,Sales & Marketing,5887.58
2024-09-30,CC-1010,Sales - Mid-Market,6450,Training & Enablement,Sales & Marketing,503.72
2024-09-30,CC-1020,Sales - Enterprise,6000,Salaries & Wages,Sales & Marketing,78400.00
2024-09-30,CC-1020,Sales - Enterprise,6020,Payroll Taxes & Benefits,Sales & Marketing,16072.00
2024-09-30,CC-1020,Sales - Enterprise,6030,Sales Commissions,Sales & Marketing,5897.50
2024-09-30,CC-1020,Sales - Enterprise,6040,Commission Amortisation,Sales & Marketing,2544.64
2024-09-30,CC-1020,Sales - Enterprise,6200,Software & Subscriptions,Sales & Marketing,2942.66
2024-09-30,CC-1020,Sales - Enterprise,6300,Travel & Entertainment,Sales & Marketing,4081.60
2024-09-30,CC-1020,Sales - Enterprise,6450,Training & Enablement,Sales & Marketing,352.62
2024-09-30,CC-1030,Sales Development,6000,Salaries & Wages,Sales & Marketing,65541.67
2024-09-30,CC-1030,Sales Development,6020,Payroll Taxes & Benefits,Sales & Marketing,13436.04
2024-09-30,CC-1030,Sales Development,6200,Software & Subscriptions,Sales & Marketing,2530.37
2024-09-30,CC-1030,Sales Development,6300,Travel & Entertainment,Sales & Marketing,3621.58
2024-09-30,CC-1030,Sales Development,6450,Training & Enablement,Sales & Marketing,329.75
2024-09-30,CC-1040,Sales Operations,6000,Salaries & Wages,Sales & Marketing,38041.67
2024-09-30,CC-1040,Sales Operations,6020,Payroll Taxes & Benefits,Sales & Marketing,7798.54
2024-09-30,CC-1040,Sales Operations,6200,Software & Subscriptions,Sales & Marketing,1505.93
2024-09-30,CC-1040,Sales Operations,6300,Travel & Entertainment,Sales & Marketing,2131.97
2024-09-30,CC-1050,Solutions Engineering,6000,Salaries & Wages,Sales & Marketing,37050.00
2024-09-30,CC-1050,Solutions Engineering,6020,Payroll Taxes & Benefits,Sales & Marketing,7595.25
2024-09-30,CC-1050,Solutions Engineering,6200,Software & Subscriptions,Sales & Marketing,1489.52
2024-09-30,CC-1050,Solutions Engineering,6300,Travel & Entertainment,Sales & Marketing,2078.00
2024-09-30,CC-1060,Sales Leadership,6000,Salaries & Wages,Sales & Marketing,16366.67
2024-09-30,CC-1060,Sales Leadership,6020,Payroll Taxes & Benefits,Sales & Marketing,3355.17
2024-09-30,CC-1060,Sales Leadership,6200,Software & Subscriptions,Sales & Marketing,725.08
2024-09-30,CC-1060,Sales Leadership,6300,Travel & Entertainment,Sales & Marketing,1025.67
2024-09-30,CC-1060,Sales Leadership,6450,Training & Enablement,Sales & Marketing,81.22
2024-09-30,CC-1100,Demand Generation,6000,Salaries & Wages,Sales & Marketing,46833.33
2024-09-30,CC-1100,Demand Generation,6010,Bonus,Sales & Marketing,4671.83
2024-09-30,CC-1100,Demand Generation,6020,Payroll Taxes & Benefits,Sales & Marketing,10558.56
2024-09-30,CC-1100,Demand Generation,6050,Contractor & Temp Labor,Sales & Marketing,16411.74
2024-09-30,CC-1100,Demand Generation,6100,Demand Generation,Sales & Marketing,190300.57
2024-09-30,CC-1100,Demand Generation,6110,Events & Field Marketing,Sales & Marketing,66137.09
2024-09-30,CC-1100,Demand Generation,6200,Software & Subscriptions,Sales & Marketing,1592.87
2024-09-30,CC-1100,Demand Generation,6300,Travel & Entertainment,Sales & Marketing,1306.16
2024-09-30,CC-1100,Demand Generation,6450,Training & Enablement,Sales & Marketing,232.60
2024-09-30,CC-1110,Product Marketing,6000,Salaries & Wages,Sales & Marketing,94591.67
2024-09-30,CC-1110,Product Marketing,6010,Bonus,Sales & Marketing,8417.67
2024-09-30,CC-1110,Product Marketing,6020,Payroll Taxes & Benefits,Sales & Marketing,21116.91
2024-09-30,CC-1110,Product Marketing,6120,Brand & Content,Sales & Marketing,48949.38
2024-09-30,CC-1110,Product Marketing,6200,Software & Subscriptions,Sales & Marketing,3539.27
2024-09-30,CC-1110,Product Marketing,6300,Travel & Entertainment,Sales & Marketing,2986.73
2024-09-30,CC-1200,Customer Success,6000,Salaries & Wages,Sales & Marketing,67910.00
2024-09-30,CC-1200,Customer Success,6000,Salaries & Wages,Subscription COGS,101865.00
2024-09-30,CC-1200,Customer Success,6010,Bonus,Sales & Marketing,6570.07
2024-09-30,CC-1200,Customer Success,6010,Bonus,Subscription COGS,9855.10
2024-09-30,CC-1200,Customer Success,6020,Payroll Taxes & Benefits,Sales & Marketing,15268.41
2024-09-30,CC-1200,Customer Success,6020,Payroll Taxes & Benefits,Subscription COGS,22902.62
2024-09-30,CC-1200,Customer Success,6200,Software & Subscriptions,Sales & Marketing,1317.74
2024-09-30,CC-1200,Customer Success,6200,Software & Subscriptions,Subscription COGS,1976.61
2024-09-30,CC-1200,Customer Success,6300,Travel & Entertainment,Sales & Marketing,953.51
2024-09-30,CC-1200,Customer Success,6300,Travel & Entertainment,Subscription COGS,1430.26
2024-09-30,CC-2000,Support,5010,Third-Party Data & APIs,Subscription COGS,1172.20
2024-09-30,CC-2000,Support,6000,Salaries & Wages,Subscription COGS,55033.33
2024-09-30,CC-2000,Support,6010,Bonus,Subscription COGS,5769.00
2024-09-30,CC-2000,Support,6020,Payroll Taxes & Benefits,Subscription COGS,12464.48
2024-09-30,CC-2000,Support,6200,Software & Subscriptions,Subscription COGS,760.45
2024-09-30,CC-2010,Cloud Operations,5000,Cloud Hosting,Subscription COGS,125995.40
2024-09-30,CC-2010,Cloud Operations,5010,Third-Party Data & APIs,Subscription COGS,709.16
2024-09-30,CC-2010,Cloud Operations,5020,Payment Processing Fees,Subscription COGS,8507.89
2024-09-30,CC-2010,Cloud Operations,6000,Salaries & Wages,Subscription COGS,51925.00
2024-09-30,CC-2010,Cloud Operations,6010,Bonus,Subscription COGS,4575.00
2024-09-30,CC-2010,Cloud Operations,6020,Payroll Taxes & Benefits,Subscription COGS,11582.50
2024-09-30,CC-2010,Cloud Operations,6050,Contractor & Temp Labor,Subscription COGS,15146.08
2024-09-30,CC-2010,Cloud Operations,6200,Software & Subscriptions,Subscription COGS,799.19
2024-09-30,CC-2010,Cloud Operations,6900,Other Operating Expense,Subscription COGS,131.77
2024-09-30,CC-2100,Professional Services,5030,Services Subcontractors,Services COGS,2642.50
2024-09-30,CC-2100,Professional Services,6000,Salaries & Wages,Services COGS,29441.67
2024-09-30,CC-2100,Professional Services,6010,Bonus,Services COGS,2708.33
2024-09-30,CC-2100,Professional Services,6020,Payroll Taxes & Benefits,Services COGS,6590.75
2024-09-30,CC-2100,Professional Services,6200,Software & Subscriptions,Services COGS,647.38
2024-09-30,CC-2100,Professional Services,6300,Travel & Entertainment,Services COGS,1394.44
2024-09-30,CC-3000,Engineering,6000,Salaries & Wages,Research & Development,338366.67
2024-09-30,CC-3000,Engineering,6010,Bonus,Research & Development,32989.42
2024-09-30,CC-3000,Engineering,6020,Payroll Taxes & Benefits,Research & Development,76128.00
2024-09-30,CC-3000,Engineering,6050,Contractor & Temp Labor,Research & Development,23236.64
2024-09-30,CC-3000,Engineering,6200,Software & Subscriptions,Research & Development,11384.86
2024-09-30,CC-3000,Engineering,6300,Travel & Entertainment,Research & Development,2032.74
2024-09-30,CC-3000,Engineering,6450,Training & Enablement,Research & Development,1606.19
2024-09-30,CC-3000,Engineering,6900,Other Operating Expense,Research & Development,874.25
2024-09-30,CC-3010,Quality & Release,6000,Salaries & Wages,Research & Development,40500.00
2024-09-30,CC-3010,Quality & Release,6010,Bonus,Research & Development,3240.00
2024-09-30,CC-3010,Quality & Release,6020,Payroll Taxes & Benefits,Research & Development,8966.70
2024-09-30,CC-3010,Quality & Release,6050,Contractor & Temp Labor,Research & Development,7658.46
2024-09-30,CC-3010,Quality & Release,6200,Software & Subscriptions,Research & Development,1466.58
2024-09-30,CC-3100,Product & Design,6000,Salaries & Wages,Research & Development,120850.00
2024-09-30,CC-3100,Product & Design,6010,Bonus,Research & Development,10807.67
2024-09-30,CC-3100,Product & Design,6020,Payroll Taxes & Benefits,Research & Development,26989.82
2024-09-30,CC-3100,Product & Design,6050,Contractor & Temp Labor,Research & Development,9547.52
2024-09-30,CC-3100,Product & Design,6200,Software & Subscriptions,Research & Development,3617.32
2024-09-30,CC-3100,Product & Design,6300,Travel & Entertainment,Research & Development,926.40
2024-09-30,CC-4000,Finance & Accounting,6000,Salaries & Wages,General & Administrative,48766.67
2024-09-30,CC-4000,Finance & Accounting,6010,Bonus,General & Administrative,4352.33
2024-09-30,CC-4000,Finance & Accounting,6020,Payroll Taxes & Benefits,General & Administrative,10889.40
2024-09-30,CC-4000,Finance & Accounting,6200,Software & Subscriptions,General & Administrative,1141.82
2024-09-30,CC-4000,Finance & Accounting,6300,Travel & Entertainment,General & Administrative,583.02
2024-09-30,CC-4000,Finance & Accounting,6400,Professional Fees,General & Administrative,54668.44
2024-09-30,CC-4000,Finance & Accounting,6440,Depreciation & Amortisation,General & Administrative,21113.28
2024-09-30,CC-4000,Finance & Accounting,6900,Other Operating Expense,General & Administrative,150.08
2024-09-30,CC-4010,People Operations,6000,Salaries & Wages,General & Administrative,48875.00
2024-09-30,CC-4010,People Operations,6010,Bonus,General & Administrative,4980.42
2024-09-30,CC-4010,People Operations,6020,Payroll Taxes & Benefits,General & Administrative,11040.36
2024-09-30,CC-4010,People Operations,6200,Software & Subscriptions,General & Administrative,725.87
2024-09-30,CC-4010,People Operations,6410,Recruiting Fees,General & Administrative,45829.35
2024-09-30,CC-4010,People Operations,6450,Training & Enablement,General & Administrative,151.67
2024-09-30,CC-4020,Legal & Corporate,6000,Salaries & Wages,General & Administrative,11300.00
2024-09-30,CC-4020,Legal & Corporate,6010,Bonus,General & Administrative,904.00
2024-09-30,CC-4020,Legal & Corporate,6020,Payroll Taxes & Benefits,General & Administrative,2501.82
2024-09-30,CC-4020,Legal & Corporate,6200,Software & Subscriptions,General & Administrative,340.59
2024-09-30,CC-4020,Legal & Corporate,6300,Travel & Entertainment,General & Administrative,194.28
2024-09-30,CC-4020,Legal & Corporate,6400,Professional Fees,General & Administrative,25838.90
2024-09-30,CC-4020,Legal & Corporate,6430,Insurance,General & Administrative,19295.71
2024-09-30,CC-4030,IT & Corporate Systems,6000,Salaries & Wages,General & Administrative,40958.33
2024-09-30,CC-4030,IT & Corporate Systems,6010,Bonus,General & Administrative,4880.08
2024-09-30,CC-4030,IT & Corporate Systems,6020,Payroll Taxes & Benefits,General & Administrative,9396.88
2024-09-30,CC-4030,IT & Corporate Systems,6050,Contractor & Temp Labor,General & Administrative,5522.71
2024-09-30,CC-4030,IT & Corporate Systems,6200,Software & Subscriptions,General & Administrative,535.09
2024-09-30,CC-4030,IT & Corporate Systems,6420,Facilities & Rent,General & Administrative,34068.32
2024-09-30,CC-4030,IT & Corporate Systems,6900,Other Operating Expense,General & Administrative,71.69
2024-09-30,CC-9000,Revenue,4000,Subscription Revenue,Subscription Revenue,-1794529.90
2024-09-30,CC-9000,Revenue,4010,Usage Revenue Above Commitment,Subscription Revenue,-38493.49
2024-09-30,CC-9000,Revenue,4100,Professional Services Revenue,Services Revenue,-9222.87
2024-09-30,CC-9000,Revenue,4110,Implementation Fee Revenue,Services Revenue,-49027.49
2024-10-31,CC-1000,Sales - SMB,6000,Salaries & Wages,Sales & Marketing,60333.33
2024-10-31,CC-1000,Sales - SMB,6020,Payroll Taxes & Benefits,Sales & Marketing,12368.33
2024-10-31,CC-1000,Sales - SMB,6030,Sales Commissions,Sales & Marketing,3448.32
2024-10-31,CC-1000,Sales - SMB,6040,Commission Amortisation,Sales & Marketing,1692.90
2024-10-31,CC-1000,Sales - SMB,6200,Software & Subscriptions,Sales & Marketing,2987.09
2024-10-31,CC-1000,Sales - SMB,6300,Travel & Entertainment,Sales & Marketing,4139.30
2024-10-31,CC-1000,Sales - SMB,6450,Training & Enablement,Sales & Marketing,345.28
2024-10-31,CC-1010,Sales - Mid-Market,6000,Salaries & Wages,Sales & Marketing,92941.67
2024-10-31,CC-1010,Sales - Mid-Market,6020,Payroll Taxes & Benefits,Sales & Marketing,19053.04
2024-10-31,CC-1010,Sales - Mid-Market,6030,Sales Commissions,Sales & Marketing,6583.15
2024-10-31,CC-1010,Sales - Mid-Market,6040,Commission Amortisation,Sales & Marketing,3231.89
2024-10-31,CC-1010,Sales - Mid-Market,6200,Software & Subscriptions,Sales & Marketing,4157.38
2024-10-31,CC-1010,Sales - Mid-Market,6300,Travel & Entertainment,Sales & Marketing,5385.44
2024-10-31,CC-1010,Sales - Mid-Market,6450,Training & Enablement,Sales & Marketing,516.56
2024-10-31,CC-1020,Sales - Enterprise,6000,Salaries & Wages,Sales & Marketing,58216.67
2024-10-31,CC-1020,Sales - Enterprise,6020,Payroll Taxes & Benefits,Sales & Marketing,11934.42
2024-10-31,CC-1020,Sales - Enterprise,6030,Sales Commissions,Sales & Marketing,5642.70
2024-10-31,CC-1020,Sales - Enterprise,6040,Commission Amortisation,Sales & Marketing,2770.19
2024-10-31,CC-1020,Sales - Enterprise,6200,Software & Subscriptions,Sales & Marketing,2247.80
2024-10-31,CC-1020,Sales - Enterprise,6300,Travel & Entertainment,Sales & Marketing,3190.41
2024-10-31,CC-1020,Sales - Enterprise,6450,Training & Enablement,Sales & Marketing,274.89
2024-10-31,CC-1030,Sales Development,6000,Salaries & Wages,Sales & Marketing,65541.67
2024-10-31,CC-1030,Sales Development,6020,Payroll Taxes & Benefits,Sales & Marketing,13436.04
2024-10-31,CC-1030,Sales Development,6200,Software & Subscriptions,Sales & Marketing,2564.10
2024-10-31,CC-1030,Sales Development,6300,Travel & Entertainment,Sales & Marketing,3578.36
2024-10-31,CC-1030,Sales Development,6450,Training & Enablement,Sales & Marketing,333.31
2024-10-31,CC-1040,Sales Operations,6000,Salaries & Wages,Sales & Marketing,38041.67
2024-10-31,CC-1040,Sales Operations,6020,Payroll Taxes & Benefits,Sales & Marketing,7798.54
2024-10-31,CC-1040,Sales Operations,6200,Software & Subscriptions,Sales & Marketing,1411.79
2024-10-31,CC-1040,Sales Operations,6300,Travel & Entertainment,Sales & Marketing,1943.99
2024-10-31,CC-1050,Solutions Engineering,6000,Salaries & Wages,Sales & Marketing,37050.00
2024-10-31,CC-1050,Solutions Engineering,6020,Payroll Taxes & Benefits,Sales & Marketing,7595.25
2024-10-31,CC-1050,Solutions Engineering,6200,Software & Subscriptions,Sales & Marketing,1585.52
2024-10-31,CC-1050,Solutions Engineering,6300,Travel & Entertainment,Sales & Marketing,2175.52
2024-10-31,CC-1060,Sales Leadership,6000,Salaries & Wages,Sales & Marketing,16366.67
2024-10-31,CC-1060,Sales Leadership,6020,Payroll Taxes & Benefits,Sales & Marketing,3355.17
2024-10-31,CC-1060,Sales Leadership,6200,Software & Subscriptions,Sales & Marketing,746.21
2024-10-31,CC-1060,Sales Leadership,6300,Travel & Entertainment,Sales & Marketing,1086.27
2024-10-31,CC-1060,Sales Leadership,6450,Training & Enablement,Sales & Marketing,95.59
2024-10-31,CC-1100,Demand Generation,6000,Salaries & Wages,Sales & Marketing,53941.67
2024-10-31,CC-1100,Demand Generation,6010,Bonus,Sales & Marketing,5240.50
2024-10-31,CC-1100,Demand Generation,6020,Payroll Taxes & Benefits,Sales & Marketing,12132.34
2024-10-31,CC-1100,Demand Generation,6050,Contractor & Temp Labor,Sales & Marketing,14606.80
2024-10-31,CC-1100,Demand Generation,6100,Demand Generation,Sales & Marketing,189306.80
2024-10-31,CC-1100,Demand Generation,6110,Events & Field Marketing,Sales & Marketing,73803.33
2024-10-31,CC-1100,Demand Generation,6200,Software & Subscriptions,Sales & Marketing,1920.92
2024-10-31,CC-1100,Demand Generation,6300,Travel & Entertainment,Sales & Marketing,1476.72
2024-10-31,CC-1100,Demand Generation,6450,Training & Enablement,Sales & Marketing,301.14
2024-10-31,CC-1110,Product Marketing,6000,Salaries & Wages,Sales & Marketing,94591.67
2024-10-31,CC-1110,Product Marketing,6010,Bonus,Sales & Marketing,8417.67
2024-10-31,CC-1110,Product Marketing,6020,Payroll Taxes & Benefits,Sales & Marketing,21116.91
2024-10-31,CC-1110,Product Marketing,6120,Brand & Content,Sales & Marketing,44899.37
2024-10-31,CC-1110,Product Marketing,6200,Software & Subscriptions,Sales & Marketing,3580.81
2024-10-31,CC-1110,Product Marketing,6300,Travel & Entertainment,Sales & Marketing,3150.00
2024-10-31,CC-1200,Customer Success,6000,Salaries & Wages,Sales & Marketing,71443.33
2024-10-31,CC-1200,Customer Success,6000,Salaries & Wages,Subscription COGS,107165.00
2024-10-31,CC-1200,Customer Success,6010,Bonus,Sales & Marketing,6852.73
2024-10-31,CC-1200,Customer Success,6010,Bonus,Subscription COGS,10279.10
2024-10-31,CC-1200,Customer Success,6020,Payroll Taxes & Benefits,Sales & Marketing,16050.69
2024-10-31,CC-1200,Customer Success,6020,Payroll Taxes & Benefits,Subscription COGS,24076.04
2024-10-31,CC-1200,Customer Success,6200,Software & Subscriptions,Sales & Marketing,1393.75
2024-10-31,CC-1200,Customer Success,6200,Software & Subscriptions,Subscription COGS,2090.62
2024-10-31,CC-1200,Customer Success,6300,Travel & Entertainment,Sales & Marketing,1002.49
2024-10-31,CC-1200,Customer Success,6300,Travel & Entertainment,Subscription COGS,1503.74
2024-10-31,CC-2000,Support,5010,Third-Party Data & APIs,Subscription COGS,1096.30
2024-10-31,CC-2000,Support,6000,Salaries & Wages,Subscription COGS,55033.33
2024-10-31,CC-2000,Support,6010,Bonus,Subscription COGS,5769.00
2024-10-31,CC-2000,Support,6020,Payroll Taxes & Benefits,Subscription COGS,12464.48
2024-10-31,CC-2000,Support,6200,Software & Subscriptions,Subscription COGS,823.44
2024-10-31,CC-2010,Cloud Operations,5000,Cloud Hosting,Subscription COGS,139091.40
2024-10-31,CC-2010,Cloud Operations,5010,Third-Party Data & APIs,Subscription COGS,731.87
2024-10-31,CC-2010,Cloud Operations,5020,Payment Processing Fees,Subscription COGS,10821.05
2024-10-31,CC-2010,Cloud Operations,6000,Salaries & Wages,Subscription COGS,51925.00
2024-10-31,CC-2010,Cloud Operations,6010,Bonus,Subscription COGS,4575.00
2024-10-31,CC-2010,Cloud Operations,6020,Payroll Taxes & Benefits,Subscription COGS,11582.50
2024-10-31,CC-2010,Cloud Operations,6050,Contractor & Temp Labor,Subscription COGS,12996.20
2024-10-31,CC-2010,Cloud Operations,6200,Software & Subscriptions,Subscription COGS,826.64
2024-10-31,CC-2010,Cloud Operations,6900,Other Operating Expense,Subscription COGS,126.36
2024-10-31,CC-2100,Professional Services,5030,Services Subcontractors,Services COGS,2594.08
2024-10-31,CC-2100,Professional Services,6000,Salaries & Wages,Services COGS,29441.67
2024-10-31,CC-2100,Professional Services,6010,Bonus,Services COGS,2708.33
2024-10-31,CC-2100,Professional Services,6020,Payroll Taxes & Benefits,Services COGS,6590.75
2024-10-31,CC-2100,Professional Services,6200,Software & Subscriptions,Services COGS,725.99
2024-10-31,CC-2100,Professional Services,6300,Travel & Entertainment,Services COGS,1372.56
2024-10-31,CC-3000,Engineering,6000,Salaries & Wages,Research & Development,330208.33
2024-10-31,CC-3000,Engineering,6010,Bonus,Research & Development,31297.83
2024-10-31,CC-3000,Engineering,6020,Payroll Taxes & Benefits,Research & Development,74108.76
2024-10-31,CC-3000,Engineering,6050,Contractor & Temp Labor,Research & Development,22155.41
2024-10-31,CC-3000,Engineering,6200,Software & Subscriptions,Research & Development,8537.88
2024-10-31,CC-3000,Engineering,6300,Travel & Entertainment,Research & Development,1822.70
2024-10-31,CC-3000,Engineering,6450,Training & Enablement,Research & Development,1449.10
2024-10-31,CC-3000,Engineering,6900,Other Operating Expense,Research & Development,901.69
2024-10-31,CC-3010,Quality & Release,6000,Salaries & Wages,Research & Development,46808.33
2024-10-31,CC-3010,Quality & Release,6010,Bonus,Research & Development,3744.67
2024-10-31,CC-3010,Quality & Release,6020,Payroll Taxes & Benefits,Research & Development,10363.36
2024-10-31,CC-3010,Quality & Release,6050,Contractor & Temp Labor,Research & Development,7948.04
2024-10-31,CC-3010,Quality & Release,6200,Software & Subscriptions,Research & Development,1668.66
2024-10-31,CC-3100,Product & Design,6000,Salaries & Wages,Research & Development,129208.33
2024-10-31,CC-3100,Product & Design,6010,Bonus,Research & Development,11476.33
2024-10-31,CC-3100,Product & Design,6020,Payroll Taxes & Benefits,Research & Development,28840.36
2024-10-31,CC-3100,Product & Design,6050,Contractor & Temp Labor,Research & Development,10079.85
2024-10-31,CC-3100,Product & Design,6200,Software & Subscriptions,Research & Development,3849.04
2024-10-31,CC-3100,Product & Design,6300,Travel & Entertainment,Research & Development,1004.17
2024-10-31,CC-4000,Finance & Accounting,6000,Salaries & Wages,General & Administrative,61716.67
2024-10-31,CC-4000,Finance & Accounting,6010,Bonus,General & Administrative,5906.33
2024-10-31,CC-4000,Finance & Accounting,6020,Payroll Taxes & Benefits,General & Administrative,13862.72
2024-10-31,CC-4000,Finance & Accounting,6200,Software & Subscriptions,General & Administrative,1312.31
2024-10-31,CC-4000,Finance & Accounting,6300,Travel & Entertainment,General & Administrative,647.02
2024-10-31,CC-4000,Finance & Accounting,6400,Professional Fees,General & Administrative,36805.69
2024-10-31,CC-4000,Finance & Accounting,6440,Depreciation & Amortisation,General & Administrative,21113.28
2024-10-31,CC-4000,Finance & Accounting,6900,Other Operating Expense,General & Administrative,156.36
2024-10-31,CC-4010,People Operations,6000,Salaries & Wages,General & Administrative,48875.00
2024-10-31,CC-4010,People Operations,6010,Bonus,General & Administrative,4980.42
2024-10-31,CC-4010,People Operations,6020,Payroll Taxes & Benefits,General & Administrative,11040.36
2024-10-31,CC-4010,People Operations,6200,Software & Subscriptions,General & Administrative,731.01
2024-10-31,CC-4010,People Operations,6410,Recruiting Fees,General & Administrative,40393.52
2024-10-31,CC-4010,People Operations,6450,Training & Enablement,General & Administrative,140.47
2024-10-31,CC-4020,Legal & Corporate,6000,Salaries & Wages,General & Administrative,11300.00
2024-10-31,CC-4020,Legal & Corporate,6010,Bonus,General & Administrative,904.00
2024-10-31,CC-4020,Legal & Corporate,6020,Payroll Taxes & Benefits,General & Administrative,2501.82
2024-10-31,CC-4020,Legal & Corporate,6200,Software & Subscriptions,General & Administrative,391.58
2024-10-31,CC-4020,Legal & Corporate,6300,Travel & Entertainment,General & Administrative,204.08
2024-10-31,CC-4020,Legal & Corporate,6400,Professional Fees,General & Administrative,19168.30
2024-10-31,CC-4020,Legal & Corporate,6430,Insurance,General & Administrative,17592.54
2024-10-31,CC-4030,IT & Corporate Systems,6000,Salaries & Wages,General & Administrative,40958.33
2024-10-31,CC-4030,IT & Corporate Systems,6010,Bonus,General & Administrative,4880.08
2024-10-31,CC-4030,IT & Corporate Systems,6020,Payroll Taxes & Benefits,General & Administrative,9396.88
2024-10-31,CC-4030,IT & Corporate Systems,6050,Contractor & Temp Labor,General & Administrative,5735.67
2024-10-31,CC-4030,IT & Corporate Systems,6200,Software & Subscriptions,General & Administrative,521.96
2024-10-31,CC-4030,IT & Corporate Systems,6420,Facilities & Rent,General & Administrative,35872.39
2024-10-31,CC-4030,IT & Corporate Systems,6900,Other Operating Expense,General & Administrative,68.56
2024-10-31,CC-9000,Revenue,4000,Subscription Revenue,Subscription Revenue,-1812520.96
2024-10-31,CC-9000,Revenue,4010,Usage Revenue Above Commitment,Subscription Revenue,-38879.41
2024-10-31,CC-9000,Revenue,4100,Professional Services Revenue,Services Revenue,-15903.15
2024-10-31,CC-9000,Revenue,4110,Implementation Fee Revenue,Services Revenue,-52330.05
2024-11-30,CC-1000,Sales - SMB,6000,Salaries & Wages,Sales & Marketing,60333.33
2024-11-30,CC-1000,Sales - SMB,6020,Payroll Taxes & Benefits,Sales & Marketing,12368.33
2024-11-30,CC-1000,Sales - SMB,6030,Sales Commissions,Sales & Marketing,6012.16
2024-11-30,CC-1000,Sales - SMB,6040,Commission Amortisation,Sales & Marketing,1933.22
2024-11-30,CC-1000,Sales - SMB,6200,Software & Subscriptions,Sales & Marketing,2763.22
2024-11-30,CC-1000,Sales - SMB,6300,Travel & Entertainment,Sales & Marketing,4076.52
2024-11-30,CC-1000,Sales - SMB,6450,Training & Enablement,Sales & Marketing,365.14
2024-11-30,CC-1010,Sales - Mid-Market,6000,Salaries & Wages,Sales & Marketing,92941.67
2024-11-30,CC-1010,Sales - Mid-Market,6020,Payroll Taxes & Benefits,Sales & Marketing,19053.04
2024-11-30,CC-1010,Sales - Mid-Market,6030,Sales Commissions,Sales & Marketing,11477.77
2024-11-30,CC-1010,Sales - Mid-Market,6040,Commission Amortisation,Sales & Marketing,3690.69
2024-11-30,CC-1010,Sales - Mid-Market,6200,Software & Subscriptions,Sales & Marketing,3840.29
2024-11-30,CC-1010,Sales - Mid-Market,6300,Travel & Entertainment,Sales & Marketing,5665.97
2024-11-30,CC-1010,Sales - Mid-Market,6450,Training & Enablement,Sales & Marketing,476.01
2024-11-30,CC-1020,Sales - Enterprise,6000,Salaries & Wages,Sales & Marketing,58216.67
2024-11-30,CC-1020,Sales - Enterprise,6020,Payroll Taxes & Benefits,Sales & Marketing,11934.42
2024-11-30,CC-1020,Sales - Enterprise,6030,Sales Commissions,Sales & Marketing,9838.09
2024-11-30,CC-1020,Sales - Enterprise,6040,Commission Amortisation,Sales & Marketing,3163.45
2024-11-30,CC-1020,Sales - Enterprise,6200,Software & Subscriptions,Sales & Marketing,2223.77
2024-11-30,CC-1020,Sales - Enterprise,6300,Travel & Entertainment,Sales & Marketing,3070.72
2024-11-30,CC-1020,Sales - Enterprise,6450,Training & Enablement,Sales & Marketing,253.02
2024-11-30,CC-1030,Sales Development,6000,Salaries & Wages,Sales & Marketing,65541.67
2024-11-30,CC-1030,Sales Development,6020,Payroll Taxes & Benefits,Sales & Marketing,13436.04
2024-11-30,CC-1030,Sales Development,6200,Software & Subscriptions,Sales & Marketing,2493.37
2024-11-30,CC-1030,Sales Development,6300,Travel & Entertainment,Sales & Marketing,3539.00
2024-11-30,CC-1030,Sales Development,6450,Training & Enablement,Sales & Marketing,300.14
2024-11-30,CC-1040,Sales Operations,6000,Salaries & Wages,Sales & Marketing,38041.67
2024-11-30,CC-1040,Sales Operations,6020,Payroll Taxes & Benefits,Sales & Marketing,7798.54
2024-11-30,CC-1040,Sales Operations,6200,Software & Subscriptions,Sales & Marketing,1342.61
2024-11-30,CC-1040,Sales Operations,6300,Travel & Entertainment,Sales & Marketing,2109.04
2024-11-30,CC-1050,Solutions Engineering,6000,Salaries & Wages,Sales & Marketing,37050.00
2024-11-30,CC-1050,Solutions Engineering,6020,Payroll Taxes & Benefits,Sales & Marketing,7595.25
2024-11-30,CC-1050,Solutions Engineering,6200,Software & Subscriptions,Sales & Marketing,1571.05
2024-11-30,CC-1050,Solutions Engineering,6300,Travel & Entertainment,Sales & Marketing,2081.03
2024-11-30,CC-1060,Sales Leadership,6000,Salaries & Wages,Sales & Marketing,16366.67
2024-11-30,CC-1060,Sales Leadership,6020,Payroll Taxes & Benefits,Sales & Marketing,3355.17
2024-11-30,CC-1060,Sales Leadership,6200,Software & Subscriptions,Sales & Marketing,752.66
2024-11-30,CC-1060,Sales Leadership,6300,Travel & Entertainment,Sales & Marketing,1059.28
2024-11-30,CC-1060,Sales Leadership,6450,Training & Enablement,Sales & Marketing,90.44
2024-11-30,CC-1100,Demand Generation,6000,Salaries & Wages,Sales & Marketing,61725.00
2024-11-30,CC-1100,Demand Generation,6010,Bonus,Sales & Marketing,5863.17
2024-11-30,CC-1100,Demand Generation,6020,Payroll Taxes & Benefits,Sales & Marketing,13855.57
2024-11-30,CC-1100,Demand Generation,6050,Contractor & Temp Labor,Sales & Marketing,15673.45
2024-11-30,CC-1100,Demand Generation,6100,Demand Generation,Sales & Marketing,159303.50
2024-11-30,CC-1100,Demand Generation,6110,Events & Field Marketing,Sales & Marketing,67094.25
2024-11-30,CC-1100,Demand Generation,6200,Software & Subscriptions,Sales & Marketing,2157.15
2024-11-30,CC-1100,Demand Generation,6300,Travel & Entertainment,Sales & Marketing,1891.38
2024-11-30,CC-1100,Demand Generation,6450,Training & Enablement,Sales & Marketing,314.28
2024-11-30,CC-1110,Product Marketing,6000,Salaries & Wages,Sales & Marketing,94591.67
2024-11-30,CC-1110,Product Marketing,6010,Bonus,Sales & Marketing,8417.67
2024-11-30,CC-1110,Product Marketing,6020,Payroll Taxes & Benefits,Sales & Marketing,21116.91
2024-11-30,CC-1110,Product Marketing,6120,Brand & Content,Sales & Marketing,46980.26
2024-11-30,CC-1110,Product Marketing,6200,Software & Subscriptions,Sales & Marketing,3444.12
2024-11-30,CC-1110,Product Marketing,6300,Travel & Entertainment,Sales & Marketing,2815.88
2024-11-30,CC-1200,Customer Success,6000,Salaries & Wages,Sales & Marketing,67760.00
2024-11-30,CC-1200,Customer Success,6000,Salaries & Wages,Subscription COGS,101640.00
2024-11-30,CC-1200,Customer Success,6010,Bonus,Sales & Marketing,6558.07
2024-11-30,CC-1200,Customer Success,6010,Bonus,Subscription COGS,9837.10
2024-11-30,CC-1200,Customer Success,6020,Payroll Taxes & Benefits,Sales & Marketing,15235.20
2024-11-30,CC-1200,Customer Success,6020,Payroll Taxes & Benefits,Subscription COGS,22852.81
2024-11-30,CC-1200,Customer Success,6200,Software & Subscriptions,Sales & Marketing,1175.41
2024-11-30,CC-1200,Customer Success,6200,Software & Subscriptions,Subscription COGS,1763.12
2024-11-30,CC-1200,Customer Success,6300,Travel & Entertainment,Sales & Marketing,944.45
2024-11-30,CC-1200,Customer Success,6300,Travel & Entertainment,Subscription COGS,1416.68
2024-11-30,CC-2000,Support,5010,Third-Party Data & APIs,Subscription COGS,1105.21
2024-11-30,CC-2000,Support,6000,Salaries & Wages,Subscription COGS,55033.33
2024-11-30,CC-2000,Support,6010,Bonus,Subscription COGS,5769.00
2024-11-30,CC-2000,Support,6020,Payroll Taxes & Benefits,Subscription COGS,12464.48
2024-11-30,CC-2000,Support,6200,Software & Subscriptions,Subscription COGS,787.66
2024-11-30,CC-2010,Cloud Operations,5000,Cloud Hosting,Subscription COGS,112923.03
2024-11-30,CC-2010,Cloud Operations,5010,Third-Party Data & APIs,Subscription COGS,761.34
2024-11-30,CC-2010,Cloud Operations,5020,Payment Processing Fees,Subscription COGS,8662.24
2024-11-30,CC-2010,Cloud Operations,6000,Salaries & Wages,Subscription COGS,51925.00
2024-11-30,CC-2010,Cloud Operations,6010,Bonus,Subscription COGS,4575.00
2024-11-30,CC-2010,Cloud Operations,6020,Payroll Taxes & Benefits,Subscription COGS,11582.50
2024-11-30,CC-2010,Cloud Operations,6050,Contractor & Temp Labor,Subscription COGS,15089.39
2024-11-30,CC-2010,Cloud Operations,6200,Software & Subscriptions,Subscription COGS,728.33
2024-11-30,CC-2010,Cloud Operations,6900,Other Operating Expense,Subscription COGS,129.46
2024-11-30,CC-2100,Professional Services,5030,Services Subcontractors,Services COGS,2829.82
2024-11-30,CC-2100,Professional Services,6000,Salaries & Wages,Services COGS,29441.67
2024-11-30,CC-2100,Professional Services,6010,Bonus,Services COGS,2708.33
2024-11-30,CC-2100,Professional Services,6020,Payroll Taxes & Benefits,Services COGS,6590.75
2024-11-30,CC-2100,Professional Services,6200,Software & Subscriptions,Services COGS,641.27
2024-11-30,CC-2100,Professional Services,6300,Travel & Entertainment,Services COGS,1423.89
2024-11-30,CC-3000,Engineering,6000,Salaries & Wages,Research & Development,317825.00
2024-11-30,CC-3000,Engineering,6010,Bonus,Research & Development,29951.17
2024-11-30,CC-3000,Engineering,6020,Payroll Taxes & Benefits,Research & Development,71294.11
2024-11-30,CC-3000,Engineering,6050,Contractor & Temp Labor,Research & Development,22657.59
2024-11-30,CC-3000,Engineering,6200,Software & Subscriptions,Research & Development,9047.63
2024-11-30,CC-3000,Engineering,6300,Travel & Entertainment,Research & Development,1957.25
2024-11-30,CC-3000,Engineering,6450,Training & Enablement,Research & Development,1525.95
2024-11-30,CC-3000,Engineering,6900,Other Operating Expense,Research & Development,864.24
2024-11-30,CC-3010,Quality & Release,6000,Salaries & Wages,Research & Development,46808.33
2024-11-30,CC-3010,Quality & Release,6010,Bonus,Research & Development,3744.67
2024-11-30,CC-3010,Quality & Release,6020,Payroll Taxes & Benefits,Research & Development,10363.36
2024-11-30,CC-3010,Quality & Release,6050,Contractor & Temp Labor,Research & Development,8361.12
2024-11-30,CC-3010,Quality & Release,6200,Software & Subscriptions,Research & Development,1805.40
2024-11-30,CC-3100,Product & Design,6000,Salaries & Wages,Research & Development,129208.33
2024-11-30,CC-3100,Product & Design,6010,Bonus,Research & Development,11476.33
2024-11-30,CC-3100,Product & Design,6020,Payroll Taxes & Benefits,Research & Development,28840.36
2024-11-30,CC-3100,Product & Design,6050,Contractor & Temp Labor,Research & Development,10017.74
2024-11-30,CC-3100,Product & Design,6200,Software & Subscriptions,Research & Development,3924.50
2024-11-30,CC-3100,Product & Design,6300,Travel & Entertainment,Research & Development,1035.47
2024-11-30,CC-4000,Finance & Accounting,6000,Salaries & Wages,General & Administrative,70708.33
2024-11-30,CC-4000,Finance & Accounting,6010,Bonus,General & Administrative,6625.67
2024-11-30,CC-4000,Finance & Accounting,6020,Payroll Taxes & Benefits,General & Administrative,15853.47
2024-11-30,CC-4000,Finance & Accounting,6200,Software & Subscriptions,General & Administrative,1610.10
2024-11-30,CC-4000,Finance & Accounting,6300,Travel & Entertainment,General & Administrative,724.09
2024-11-30,CC-4000,Finance & Accounting,6400,Professional Fees,General & Administrative,33639.14
2024-11-30,CC-4000,Finance & Accounting,6440,Depreciation & Amortisation,General & Administrative,21113.28
2024-11-30,CC-4000,Finance & Accounting,6900,Other Operating Expense,General & Administrative,184.42
2024-11-30,CC-4010,People Operations,6000,Salaries & Wages,General & Administrative,50050.00
2024-11-30,CC-4010,People Operations,6010,Bonus,General & Administrative,5577.08
2024-11-30,CC-4010,People Operations,6020,Payroll Taxes & Benefits,General & Administrative,11403.55
2024-11-30,CC-4010,People Operations,6200,Software & Subscriptions,General & Administrative,764.66
2024-11-30,CC-4010,People Operations,6410,Recruiting Fees,General & Administrative,29313.02
2024-11-30,CC-4010,People Operations,6450,Training & Enablement,General & Administrative,152.82
2024-11-30,CC-4020,Legal & Corporate,6000,Salaries & Wages,General & Administrative,11300.00
2024-11-30,CC-4020,Legal & Corporate,6010,Bonus,General & Administrative,904.00
2024-11-30,CC-4020,Legal & Corporate,6020,Payroll Taxes & Benefits,General & Administrative,2501.82
2024-11-30,CC-4020,Legal & Corporate,6200,Software & Subscriptions,General & Administrative,354.47
2024-11-30,CC-4020,Legal & Corporate,6300,Travel & Entertainment,General & Administrative,192.30
2024-11-30,CC-4020,Legal & Corporate,6400,Professional Fees,General & Administrative,19259.42
2024-11-30,CC-4020,Legal & Corporate,6430,Insurance,General & Administrative,17353.62
2024-11-30,CC-4030,IT & Corporate Systems,6000,Salaries & Wages,General & Administrative,40958.33
2024-11-30,CC-4030,IT & Corporate Systems,6010,Bonus,General & Administrative,4880.08
2024-11-30,CC-4030,IT & Corporate Systems,6020,Payroll Taxes & Benefits,General & Administrative,9396.88
2024-11-30,CC-4030,IT & Corporate Systems,6050,Contractor & Temp Labor,General & Administrative,5808.56
2024-11-30,CC-4030,IT & Corporate Systems,6200,Software & Subscriptions,General & Administrative,591.44
2024-11-30,CC-4030,IT & Corporate Systems,6420,Facilities & Rent,General & Administrative,33906.76
2024-11-30,CC-4030,IT & Corporate Systems,6900,Other Operating Expense,General & Administrative,68.44
2024-11-30,CC-9000,Revenue,4000,Subscription Revenue,Subscription Revenue,-1843563.14
2024-11-30,CC-9000,Revenue,4010,Usage Revenue Above Commitment,Subscription Revenue,-39545.28
2024-11-30,CC-9000,Revenue,4100,Professional Services Revenue,Services Revenue,-19908.23
2024-11-30,CC-9000,Revenue,4110,Implementation Fee Revenue,Services Revenue,-53059.05
2024-12-31,CC-1000,Sales - SMB,6000,Salaries & Wages,Sales & Marketing,60333.33
2024-12-31,CC-1000,Sales - SMB,6020,Payroll Taxes & Benefits,Sales & Marketing,12368.33
2024-12-31,CC-1000,Sales - SMB,6030,Sales Commissions,Sales & Marketing,11003.94
2024-12-31,CC-1000,Sales - SMB,6040,Commission Amortisation,Sales & Marketing,2373.08
2024-12-31,CC-1000,Sales - SMB,6200,Software & Subscriptions,Sales & Marketing,2911.20
2024-12-31,CC-1000,Sales - SMB,6300,Travel & Entertainment,Sales & Marketing,5788.46
2024-12-31,CC-1000,Sales - SMB,6450,Training & Enablement,Sales & Marketing,376.96
2024-12-31,CC-1010,Sales - Mid-Market,6000,Salaries & Wages,Sales & Marketing,92941.67
2024-12-31,CC-1010,Sales - Mid-Market,6020,Payroll Taxes & Benefits,Sales & Marketing,19053.04
2024-12-31,CC-1010,Sales - Mid-Market,6030,Sales Commissions,Sales & Marketing,21007.53
2024-12-31,CC-1010,Sales - Mid-Market,6040,Commission Amortisation,Sales & Marketing,4530.42
2024-12-31,CC-1010,Sales - Mid-Market,6200,Software & Subscriptions,Sales & Marketing,3847.77
2024-12-31,CC-1010,Sales - Mid-Market,6300,Travel & Entertainment,Sales & Marketing,7978.21
2024-12-31,CC-1010,Sales - Mid-Market,6450,Training & Enablement,Sales & Marketing,506.84
2024-12-31,CC-1020,Sales - Enterprise,6000,Salaries & Wages,Sales & Marketing,58216.67
2024-12-31,CC-1020,Sales - Enterprise,6020,Payroll Taxes & Benefits,Sales & Marketing,11934.42
2024-12-31,CC-1020,Sales - Enterprise,6030,Sales Commissions,Sales & Marketing,18006.45
2024-12-31,CC-1020,Sales - Enterprise,6040,Commission Amortisation,Sales & Marketing,3883.22
2024-12-31,CC-1020,Sales - Enterprise,6200,Software & Subscriptions,Sales & Marketing,2076.87
2024-12-31,CC-1020,Sales - Enterprise,6300,Travel & Entertainment,Sales & Marketing,3915.10
2024-12-31,CC-1020,Sales - Enterprise,6450,Training & Enablement,Sales & Marketing,255.35
2024-12-31,CC-1030,Sales Development,6000,Salaries & Wages,Sales & Marketing,65541.67
2024-12-31,CC-1030,Sales Development,6020,Payroll Taxes & Benefits,Sales & Marketing,13436.04
2024-12-31,CC-1030,Sales Development,6200,Software & Subscriptions,Sales & Marketing,2553.86
2024-12-31,CC-1030,Sales Development,6300,Travel & Entertainment,Sales & Marketing,4926.85
2024-12-31,CC-1030,Sales Development,6450,Training & Enablement,Sales & Marketing,368.75
2024-12-31,CC-1040,Sales Operations,6000,Salaries & Wages,Sales & Marketing,38041.67
2024-12-31,CC-1040,Sales Operations,6020,Payroll Taxes & Benefits,Sales & Marketing,7798.54
2024-12-31,CC-1040,Sales Operations,6200,Software & Subscriptions,Sales & Marketing,1458.17
2024-12-31,CC-1040,Sales Operations,6300,Travel & Entertainment,Sales & Marketing,2815.72
2024-12-31,CC-1050,Solutions Engineering,6000,Salaries & Wages,Sales & Marketing,37050.00
2024-12-31,CC-1050,Solutions Engineering,6020,Payroll Taxes & Benefits,Sales & Marketing,7595.25
2024-12-31,CC-1050,Solutions Engineering,6200,Software & Subscriptions,Sales & Marketing,1443.77
2024-12-31,CC-1050,Solutions Engineering,6300,Travel & Entertainment,Sales & Marketing,2671.88
2024-12-31,CC-1060,Sales Leadership,6000,Salaries & Wages,Sales & Marketing,16366.67
2024-12-31,CC-1060,Sales Leadership,6020,Payroll Taxes & Benefits,Sales & Marketing,3355.17
2024-12-31,CC-1060,Sales Leadership,6200,Software & Subscriptions,Sales & Marketing,708.23
2024-12-31,CC-1060,Sales Leadership,6300,Travel & Entertainment,Sales & Marketing,1385.16
2024-12-31,CC-1060,Sales Leadership,6450,Training & Enablement,Sales & Marketing,100.56
2024-12-31,CC-1100,Demand Generation,6000,Salaries & Wages,Sales & Marketing,61725.00
2024-12-31,CC-1100,Demand Generation,6010,Bonus,Sales & Marketing,5863.17
2024-12-31,CC-1100,Demand Generation,6020,Payroll Taxes & Benefits,Sales & Marketing,13855.57
2024-12-31,CC-1100,Demand Generation,6050,Contractor & Temp Labor,Sales & Marketing,14140.11
2024-12-31,CC-1100,Demand Generation,6100,Demand Generation,Sales & Marketing,163794.48
2024-12-31,CC-1100,Demand Generation,6110,Events & Field Marketing,Sales & Marketing,61284.76
2024-12-31,CC-1100,Demand Generation,6200,Software & Subscriptions,Sales & Marketing,2325.29
2024-12-31,CC-1100,Demand Generation,6300,Travel & Entertainment,Sales & Marketing,2467.40
2024-12-31,CC-1100,Demand Generation,6450,Training & Enablement,Sales & Marketing,307.23
2024-12-31,CC-1110,Product Marketing,6000,Salaries & Wages,Sales & Marketing,83983.33
2024-12-31,CC-1110,Product Marketing,6010,Bonus,Sales & Marketing,7569.00
2024-12-31,CC-1110,Product Marketing,6020,Payroll Taxes & Benefits,Sales & Marketing,18768.23
2024-12-31,CC-1110,Product Marketing,6120,Brand & Content,Sales & Marketing,43109.18
2024-12-31,CC-1110,Product Marketing,6200,Software & Subscriptions,Sales & Marketing,3337.15
2024-12-31,CC-1110,Product Marketing,6300,Travel & Entertainment,Sales & Marketing,3458.21
2024-12-31,CC-1200,Customer Success,6000,Salaries & Wages,Sales & Marketing,67760.00
2024-12-31,CC-1200,Customer Success,6000,Salaries & Wages,Subscription COGS,101640.00
2024-12-31,CC-1200,Customer Success,6010,Bonus,Sales & Marketing,6558.07
2024-12-31,CC-1200,Customer Success,6010,Bonus,Subscription COGS,9837.10
2024-12-31,CC-1200,Customer Success,6020,Payroll Taxes & Benefits,Sales & Marketing,15235.20
2024-12-31,CC-1200,Customer Success,6020,Payroll Taxes & Benefits,Subscription COGS,22852.81
2024-12-31,CC-1200,Customer Success,6200,Software & Subscriptions,Sales & Marketing,1132.93
2024-12-31,CC-1200,Customer Success,6200,Software & Subscriptions,Subscription COGS,1699.39
2024-12-31,CC-1200,Customer Success,6300,Travel & Entertainment,Sales & Marketing,1211.34
2024-12-31,CC-1200,Customer Success,6300,Travel & Entertainment,Subscription COGS,1817.01
2024-12-31,CC-2000,Support,5010,Third-Party Data & APIs,Subscription COGS,1151.83
2024-12-31,CC-2000,Support,6000,Salaries & Wages,Subscription COGS,55033.33
2024-12-31,CC-2000,Support,6010,Bonus,Subscription COGS,5769.00
2024-12-31,CC-2000,Support,6020,Payroll Taxes & Benefits,Subscription COGS,12464.48
2024-12-31,CC-2000,Support,6200,Software & Subscriptions,Subscription COGS,729.34
2024-12-31,CC-2010,Cloud Operations,5000,Cloud Hosting,Subscription COGS,123200.25
2024-12-31,CC-2010,Cloud Operations,5010,Third-Party Data & APIs,Subscription COGS,733.37
2024-12-31,CC-2010,Cloud Operations,5020,Payment Processing Fees,Subscription COGS,26490.12
2024-12-31,CC-2010,Cloud Operations,6000,Salaries & Wages,Subscription COGS,51925.00
2024-12-31,CC-2010,Cloud Operations,6010,Bonus,Subscription COGS,4575.00
2024-12-31,CC-2010,Cloud Operations,6020,Payroll Taxes & Benefits,Subscription COGS,11582.50
2024-12-31,CC-2010,Cloud Operations,6050,Contractor & Temp Labor,Subscription COGS,14556.46
2024-12-31,CC-2010,Cloud Operations,6200,Software & Subscriptions,Subscription COGS,867.14
2024-12-31,CC-2010,Cloud Operations,6900,Other Operating Expense,Subscription COGS,159.08
2024-12-31,CC-2100,Professional Services,5030,Services Subcontractors,Services COGS,3073.54
2024-12-31,CC-2100,Professional Services,6000,Salaries & Wages,Services COGS,34258.33
2024-12-31,CC-2100,Professional Services,6010,Bonus,Services COGS,3093.67
2024-12-31,CC-2100,Professional Services,6020,Payroll Taxes & Benefits,Services COGS,7657.16
2024-12-31,CC-2100,Professional Services,6200,Software & Subscriptions,Services COGS,740.96
2024-12-31,CC-2100,Professional Services,6300,Travel & Entertainment,Services COGS,2267.62
2024-12-31,CC-3000,Engineering,6000,Salaries & Wages,Research & Development,317825.00
2024-12-31,CC-3000,Engineering,6010,Bonus,Research & Development,29951.17
2024-12-31,CC-3000,Engineering,6020,Payroll Taxes & Benefits,Research & Development,71294.11
2024-12-31,CC-3000,Engineering,6050,Contractor & Temp Labor,Research & Development,25466.64
2024-12-31,CC-3000,Engineering,6200,Software & Subscriptions,Research & Development,9624.76
2024-12-31,CC-3000,Engineering,6300,Travel & Entertainment,Research & Development,2799.43
2024-12-31,CC-3000,Engineering,6450,Training & Enablement,Research & Development,1469.35
2024-12-31,CC-3000,Engineering,6900,Other Operating Expense,Research & Development,1353.46
2024-12-31,CC-3010,Quality & Release,6000,Salaries & Wages,Research & Development,46808.33
2024-12-31,CC-3010,Quality & Release,6010,Bonus,Research & Development,3744.67
2024-12-31,CC-3010,Quality & Release,6020,Payroll Taxes & Benefits,Research & Development,10363.36
2024-12-31,CC-3010,Quality & Release,6050,Contractor & Temp Labor,Research & Development,7893.12
2024-12-31,CC-3010,Quality & Release,6200,Software & Subscriptions,Research & Development,1707.34
2024-12-31,CC-3100,Product & Design,6000,Salaries & Wages,Research & Development,129208.33
2024-12-31,CC-3100,Product & Design,6010,Bonus,Research & Development,11476.33
2024-12-31,CC-3100,Product & Design,6020,Payroll Taxes & Benefits,Research & Development,28840.36
2024-12-31,CC-3100,Product & Design,6050,Contractor & Temp Labor,Research & Development,10238.41
2024-12-31,CC-3100,Product & Design,6200,Software & Subscriptions,Research & Development,3805.01
2024-12-31,CC-3100,Product & Design,6300,Travel & Entertainment,Research & Development,1515.53
2024-12-31,CC-4000,Finance & Accounting,6000,Salaries & Wages,General & Administrative,59433.33
2024-12-31,CC-4000,Finance & Accounting,6010,Bonus,General & Administrative,5272.67
2024-12-31,CC-4000,Finance & Accounting,6020,Payroll Taxes & Benefits,General & Administrative,13264.73
2024-12-31,CC-4000,Finance & Accounting,6200,Software & Subscriptions,General & Administrative,1374.12
2024-12-31,CC-4000,Finance & Accounting,6300,Travel & Entertainment,General & Administrative,901.38
2024-12-31,CC-4000,Finance & Accounting,6400,Professional Fees,General & Administrative,46780.50
2024-12-31,CC-4000,Finance & Accounting,6440,Depreciation & Amortisation,General & Administrative,21113.28
2024-12-31,CC-4000,Finance & Accounting,6900,Other Operating Expense,General & Administrative,223.38
2024-12-31,CC-4010,People Operations,6000,Salaries & Wages,General & Administrative,50050.00
2024-12-31,CC-4010,People Operations,6010,Bonus,General & Administrative,5577.08
2024-12-31,CC-4010,People Operations,6020,Payroll Taxes & Benefits,General & Administrative,11403.55
2024-12-31,CC-4010,People Operations,6200,Software & Subscriptions,General & Administrative,743.21
2024-12-31,CC-4010,People Operations,6410,Recruiting Fees,General & Administrative,9588.46
2024-12-31,CC-4010,People Operations,6450,Training & Enablement,General & Administrative,156.51
2024-12-31,CC-4020,Legal & Corporate,6000,Salaries & Wages,General & Administrative,11300.00
2024-12-31,CC-4020,Legal & Corporate,6010,Bonus,General & Administrative,904.00
2024-12-31,CC-4020,Legal & Corporate,6020,Payroll Taxes & Benefits,General & Administrative,2501.82
2024-12-31,CC-4020,Legal & Corporate,6200,Software & Subscriptions,General & Administrative,369.49
2024-12-31,CC-4020,Legal & Corporate,6300,Travel & Entertainment,General & Administrative,291.68
2024-12-31,CC-4020,Legal & Corporate,6400,Professional Fees,General & Administrative,23645.73
2024-12-31,CC-4020,Legal & Corporate,6430,Insurance,General & Administrative,18322.49
2024-12-31,CC-4030,IT & Corporate Systems,6000,Salaries & Wages,General & Administrative,40958.33
2024-12-31,CC-4030,IT & Corporate Systems,6010,Bonus,General & Administrative,4880.08
2024-12-31,CC-4030,IT & Corporate Systems,6020,Payroll Taxes & Benefits,General & Administrative,9396.88
2024-12-31,CC-4030,IT & Corporate Systems,6050,Contractor & Temp Labor,General & Administrative,6067.81
2024-12-31,CC-4030,IT & Corporate Systems,6200,Software & Subscriptions,General & Administrative,569.33
2024-12-31,CC-4030,IT & Corporate Systems,6420,Facilities & Rent,General & Administrative,34042.98
2024-12-31,CC-4030,IT & Corporate Systems,6900,Other Operating Expense,General & Administrative,93.83
2024-12-31,CC-9000,Revenue,4000,Subscription Revenue,Subscription Revenue,-1888468.55
2024-12-31,CC-9000,Revenue,4010,Usage Revenue Above Commitment,Subscription Revenue,-33089.22
2024-12-31,CC-9000,Revenue,4100,Professional Services Revenue,Services Revenue,-35087.65
2024-12-31,CC-9000,Revenue,4110,Implementation Fee Revenue,Services Revenue,-48275.17
2025-01-31,CC-1000,Sales - SMB,6000,Salaries & Wages,Sales & Marketing,60333.33
2025-01-31,CC-1000,Sales - SMB,6020,Payroll Taxes & Benefits,Sales & Marketing,12368.33
2025-01-31,CC-1000,Sales - SMB,6030,Sales Commissions,Sales & Marketing,7697.64
2025-01-31,CC-1000,Sales - SMB,6040,Commission Amortisation,Sales & Marketing,2680.78
2025-01-31,CC-1000,Sales - SMB,6200,Software & Subscriptions,Sales & Marketing,2845.90
2025-01-31,CC-1000,Sales - SMB,6300,Travel & Entertainment,Sales & Marketing,3885.12
2025-01-31,CC-1000,Sales - SMB,6450,Training & Enablement,Sales & Marketing,341.64
2025-01-31,CC-1010,Sales - Mid-Market,6000,Salaries & Wages,Sales & Marketing,92941.67
2025-01-31,CC-1010,Sales - Mid-Market,6020,Payroll Taxes & Benefits,Sales & Marketing,19053.04
2025-01-31,CC-1010,Sales - Mid-Market,6030,Sales Commissions,Sales & Marketing,14695.49
2025-01-31,CC-1010,Sales - Mid-Market,6040,Commission Amortisation,Sales & Marketing,5117.85
2025-01-31,CC-1010,Sales - Mid-Market,6200,Software & Subscriptions,Sales & Marketing,3774.33
2025-01-31,CC-1010,Sales - Mid-Market,6300,Travel & Entertainment,Sales & Marketing,5373.72
2025-01-31,CC-1010,Sales - Mid-Market,6450,Training & Enablement,Sales & Marketing,530.99
2025-01-31,CC-1020,Sales - Enterprise,6000,Salaries & Wages,Sales & Marketing,58216.67
2025-01-31,CC-1020,Sales - Enterprise,6020,Payroll Taxes & Benefits,Sales & Marketing,11934.42
2025-01-31,CC-1020,Sales - Enterprise,6030,Sales Commissions,Sales & Marketing,12596.14
2025-01-31,CC-1020,Sales - Enterprise,6040,Commission Amortisation,Sales & Marketing,4386.73
2025-01-31,CC-1020,Sales - Enterprise,6200,Software & Subscriptions,Sales & Marketing,2224.33
2025-01-31,CC-1020,Sales - Enterprise,6300,Travel & Entertainment,Sales & Marketing,3091.86
2025-01-31,CC-1020,Sales - Enterprise,6450,Training & Enablement,Sales & Marketing,265.34
2025-01-31,CC-1030,Sales Development,6000,Salaries & Wages,Sales & Marketing,65541.67
2025-01-31,CC-1030,Sales Development,6020,Payroll Taxes & Benefits,Sales & Marketing,13436.04
2025-01-31,CC-1030,Sales Development,6200,Software & Subscriptions,Sales & Marketing,2412.98
2025-01-31,CC-1030,Sales Development,6300,Travel & Entertainment,Sales & Marketing,3380.18
2025-01-31,CC-1030,Sales Development,6450,Training & Enablement,Sales & Marketing,293.43
2025-01-31,CC-1040,Sales Operations,6000,Salaries & Wages,Sales & Marketing,38041.67
2025-01-31,CC-1040,Sales Operations,6020,Payroll Taxes & Benefits,Sales & Marketing,7798.54
2025-01-31,CC-1040,Sales Operations,6200,Software & Subscriptions,Sales & Marketing,1555.48
2025-01-31,CC-1040,Sales Operations,6300,Travel & Entertainment,Sales & Marketing,2009.91
2025-01-31,CC-1050,Solutions Engineering,6000,Salaries & Wages,Sales & Marketing,37050.00
2025-01-31,CC-1050,Solutions Engineering,6020,Payroll Taxes & Benefits,Sales & Marketing,7595.25
2025-01-31,CC-1050,Solutions Engineering,6200,Software & Subscriptions,Sales & Marketing,1560.30
2025-01-31,CC-1050,Solutions Engineering,6300,Travel & Entertainment,Sales & Marketing,2241.19
2025-01-31,CC-1060,Sales Leadership,6000,Salaries & Wages,Sales & Marketing,16366.67
2025-01-31,CC-1060,Sales Leadership,6020,Payroll Taxes & Benefits,Sales & Marketing,3355.17
2025-01-31,CC-1060,Sales Leadership,6200,Software & Subscriptions,Sales & Marketing,723.36
2025-01-31,CC-1060,Sales Leadership,6300,Travel & Entertainment,Sales & Marketing,949.36
2025-01-31,CC-1060,Sales Leadership,6450,Training & Enablement,Sales & Marketing,92.23
2025-01-31,CC-1100,Demand Generation,6000,Salaries & Wages,Sales & Marketing,61725.00
2025-01-31,CC-1100,Demand Generation,6010,Bonus,Sales & Marketing,5863.17
2025-01-31,CC-1100,Demand Generation,6020,Payroll Taxes & Benefits,Sales & Marketing,13855.57
2025-01-31,CC-1100,Demand Generation,6050,Contractor & Temp Labor,Sales & Marketing,15781.28
2025-01-31,CC-1100,Demand Generation,6100,Demand Generation,Sales & Marketing,151109.79
2025-01-31,CC-1100,Demand Generation,6110,Events & Field Marketing,Sales & Marketing,59607.37
2025-01-31,CC-1100,Demand Generation,6200,Software & Subscriptions,Sales & Marketing,2243.53
2025-01-31,CC-1100,Demand Generation,6300,Travel & Entertainment,Sales & Marketing,1914.27
2025-01-31,CC-1100,Demand Generation,6450,Training & Enablement,Sales & Marketing,357.94
2025-01-31,CC-1110,Product Marketing,6000,Salaries & Wages,Sales & Marketing,83983.33
2025-01-31,CC-1110,Product Marketing,6010,Bonus,Sales & Marketing,7569.00
2025-01-31,CC-1110,Product Marketing,6020,Payroll Taxes & Benefits,Sales & Marketing,18768.23
2025-01-31,CC-1110,Product Marketing,6120,Brand & Content,Sales & Marketing,47305.40
2025-01-31,CC-1110,Product Marketing,6200,Software & Subscriptions,Sales & Marketing,3242.77
2025-01-31,CC-1110,Product Marketing,6300,Travel & Entertainment,Sales & Marketing,2618.55
2025-01-31,CC-1200,Customer Success,6000,Salaries & Wages,Sales & Marketing,67760.00
2025-01-31,CC-1200,Customer Success,6000,Salaries & Wages,Subscription COGS,101640.00
2025-01-31,CC-1200,Customer Success,6010,Bonus,Sales & Marketing,6558.07
2025-01-31,CC-1200,Customer Success,6010,Bonus,Subscription COGS,9837.10
2025-01-31,CC-1200,Customer Success,6020,Payroll Taxes & Benefits,Sales & Marketing,15235.20
2025-01-31,CC-1200,Customer Success,6020,Payroll Taxes & Benefits,Subscription COGS,22852.81
2025-01-31,CC-1200,Customer Success,6200,Software & Subscriptions,Sales & Marketing,1219.62
2025-01-31,CC-1200,Customer Success,6200,Software & Subscriptions,Subscription COGS,1829.43
2025-01-31,CC-1200,Customer Success,6300,Travel & Entertainment,Sales & Marketing,1003.81
2025-01-31,CC-1200,Customer Success,6300,Travel & Entertainment,Subscription COGS,1505.71
2025-01-31,CC-2000,Support,5010,Third-Party Data & APIs,Subscription COGS,1121.23
2025-01-31,CC-2000,Support,6000,Salaries & Wages,Subscription COGS,55033.33
2025-01-31,CC-2000,Support,6010,Bonus,Subscription COGS,5769.00
2025-01-31,CC-2000,Support,6020,Payroll Taxes & Benefits,Subscription COGS,12464.48
2025-01-31,CC-2000,Support,6200,Software & Subscriptions,Subscription COGS,773.03
2025-01-31,CC-2010,Cloud Operations,5000,Cloud Hosting,Subscription COGS,121517.60
2025-01-31,CC-2010,Cloud Operations,5010,Third-Party Data & APIs,Subscription COGS,741.43
2025-01-31,CC-2010,Cloud Operations,5020,Payment Processing Fees,Subscription COGS,13164.48
2025-01-31,CC-2010,Cloud Operations,6000,Salaries & Wages,Subscription COGS,51925.00
2025-01-31,CC-2010,Cloud Operations,6010,Bonus,Subscription COGS,4575.00
2025-01-31,CC-2010,Cloud Operations,6020,Payroll Taxes & Benefits,Subscription COGS,11582.50
2025-01-31,CC-2010,Cloud Operations,6050,Contractor & Temp Labor,Subscription COGS,13605.93
2025-01-31,CC-2010,Cloud Operations,6200,Software & Subscriptions,Subscription COGS,802.98
2025-01-31,CC-2010,Cloud Operations,6900,Other Operating Expense,Subscription COGS,125.11
2025-01-31,CC-2100,Professional Services,5030,Services Subcontractors,Services COGS,3364.97
2025-01-31,CC-2100,Professional Services,6000,Salaries & Wages,Services COGS,34258.33
2025-01-31,CC-2100,Professional Services,6010,Bonus,Services COGS,3093.67
2025-01-31,CC-2100,Professional Services,6020,Payroll Taxes & Benefits,Services COGS,7657.16
2025-01-31,CC-2100,Professional Services,6200,Software & Subscriptions,Services COGS,803.02
2025-01-31,CC-2100,Professional Services,6300,Travel & Entertainment,Services COGS,1954.23
2025-01-31,CC-3000,Engineering,6000,Salaries & Wages,Research & Development,317825.00
2025-01-31,CC-3000,Engineering,6010,Bonus,Research & Development,29951.17
2025-01-31,CC-3000,Engineering,6020,Payroll Taxes & Benefits,Research & Development,71294.11
2025-01-31,CC-3000,Engineering,6050,Contractor & Temp Labor,Research & Development,24846.86
2025-01-31,CC-3000,Engineering,6200,Software & Subscriptions,Research & Development,9477.22
2025-01-31,CC-3000,Engineering,6300,Travel & Entertainment,Research & Development,1909.13
2025-01-31,CC-3000,Engineering,6450,Training & Enablement,Research & Development,1627.84
2025-01-31,CC-3000,Engineering,6900,Other Operating Expense,Research & Development,969.00
2025-01-31,CC-3010,Quality & Release,6000,Salaries & Wages,Research & Development,46808.33
2025-01-31,CC-3010,Quality & Release,6010,Bonus,Research & Development,3744.67
2025-01-31,CC-3010,Quality & Release,6020,Payroll Taxes & Benefits,Research & Development,10363.36
2025-01-31,CC-3010,Quality & Release,6050,Contractor & Temp Labor,Research & Development,9218.32
2025-01-31,CC-3010,Quality & Release,6200,Software & Subscriptions,Research & Development,1693.41
2025-01-31,CC-3100,Product & Design,6000,Salaries & Wages,Research & Development,129208.33
2025-01-31,CC-3100,Product & Design,6010,Bonus,Research & Development,11476.33
2025-01-31,CC-3100,Product & Design,6020,Payroll Taxes & Benefits,Research & Development,28840.36
2025-01-31,CC-3100,Product & Design,6050,Contractor & Temp Labor,Research & Development,9850.34
2025-01-31,CC-3100,Product & Design,6200,Software & Subscriptions,Research & Development,3946.81
2025-01-31,CC-3100,Product & Design,6300,Travel & Entertainment,Research & Development,1030.66
2025-01-31,CC-4000,Finance & Accounting,6000,Salaries & Wages,General & Administrative,59433.33
2025-01-31,CC-4000,Finance & Accounting,6010,Bonus,General & Administrative,5272.67
2025-01-31,CC-4000,Finance & Accounting,6020,Payroll Taxes & Benefits,General & Administrative,13264.73
2025-01-31,CC-4000,Finance & Accounting,6200,Software & Subscriptions,General & Administrative,1369.19
2025-01-31,CC-4000,Finance & Accounting,6300,Travel & Entertainment,General & Administrative,689.74
2025-01-31,CC-4000,Finance & Accounting,6400,Professional Fees,General & Administrative,35039.52
2025-01-31,CC-4000,Finance & Accounting,6440,Depreciation & Amortisation,General & Administrative,21113.28
2025-01-31,CC-4000,Finance & Accounting,6900,Other Operating Expense,General & Administrative,161.24
2025-01-31,CC-4010,People Operations,6000,Salaries & Wages,General & Administrative,50050.00
2025-01-31,CC-4010,People Operations,6010,Bonus,General & Administrative,5577.08
2025-01-31,CC-4010,People Operations,6020,Payroll Taxes & Benefits,General & Administrative,11403.55
2025-01-31,CC-4010,People Operations,6200,Software & Subscriptions,General & Administrative,725.25
2025-01-31,CC-4010,People Operations,6450,Training & Enablement,General & Administrative,135.19
2025-01-31,CC-4020,Legal & Corporate,6000,Salaries & Wages,General & Administrative,11300.00
2025-01-31,CC-4020,Legal & Corporate,6010,Bonus,General & Administrative,904.00
2025-01-31,CC-4020,Legal & Corporate,6020,Payroll Taxes & Benefits,General & Administrative,2501.82
2025-01-31,CC-4020,Legal & Corporate,6200,Software & Subscriptions,General & Administrative,373.56
2025-01-31,CC-4020,Legal & Corporate,6300,Travel & Entertainment,General & Administrative,198.02
2025-01-31,CC-4020,Legal & Corporate,6400,Professional Fees,General & Administrative,19355.30
2025-01-31,CC-4020,Legal & Corporate,6430,Insurance,General & Administrative,18040.68
2025-01-31,CC-4030,IT & Corporate Systems,6000,Salaries & Wages,General & Administrative,40958.33
2025-01-31,CC-4030,IT & Corporate Systems,6010,Bonus,General & Administrative,4880.08
2025-01-31,CC-4030,IT & Corporate Systems,6020,Payroll Taxes & Benefits,General & Administrative,9396.88
2025-01-31,CC-4030,IT & Corporate Systems,6050,Contractor & Temp Labor,General & Administrative,6219.28
2025-01-31,CC-4030,IT & Corporate Systems,6200,Software & Subscriptions,General & Administrative,563.69
2025-01-31,CC-4030,IT & Corporate Systems,6420,Facilities & Rent,General & Administrative,31156.69
2025-01-31,CC-4030,IT & Corporate Systems,6900,Other Operating Expense,General & Administrative,65.21
2025-01-31,CC-9000,Revenue,4000,Subscription Revenue,Subscription Revenue,-1963148.74
2025-01-31,CC-9000,Revenue,4010,Usage Revenue Above Commitment,Subscription Revenue,-33544.45
2025-01-31,CC-9000,Revenue,4100,Professional Services Revenue,Services Revenue,-35352.50
2025-01-31,CC-9000,Revenue,4110,Implementation Fee Revenue,Services Revenue,-51984.91
2025-02-28,CC-1000,Sales - SMB,6000,Salaries & Wages,Sales & Marketing,60333.33
2025-02-28,CC-1000,Sales - SMB,6020,Payroll Taxes & Benefits,Sales & Marketing,12368.33
2025-02-28,CC-1000,Sales - SMB,6030,Sales Commissions,Sales & Marketing,5141.54
2025-02-28,CC-1000,Sales - SMB,6040,Commission Amortisation,Sales & Marketing,2886.30
2025-02-28,CC-1000,Sales - SMB,6200,Software & Subscriptions,Sales & Marketing,2635.94
2025-02-28,CC-1000,Sales - SMB,6300,Travel & Entertainment,Sales & Marketing,4089.92
2025-02-28,CC-1000,Sales - SMB,6450,Training & Enablement,Sales & Marketing,373.85
2025-02-28,CC-1010,Sales - Mid-Market,6000,Salaries & Wages,Sales & Marketing,110725.00
2025-02-28,CC-1010,Sales - Mid-Market,6020,Payroll Taxes & Benefits,Sales & Marketing,22698.62
2025-02-28,CC-1010,Sales - Mid-Market,6030,Sales Commissions,Sales & Marketing,9815.66
2025-02-28,CC-1010,Sales - Mid-Market,6040,Commission Amortisation,Sales & Marketing,5510.21
2025-02-28,CC-1010,Sales - Mid-Market,6200,Software & Subscriptions,Sales & Marketing,4697.37
2025-02-28,CC-1010,Sales - Mid-Market,6300,Travel & Entertainment,Sales & Marketing,7164.63
2025-02-28,CC-1010,Sales - Mid-Market,6450,Training & Enablement,Sales & Marketing,577.91
2025-02-28,CC-1020,Sales - Enterprise,6000,Salaries & Wages,Sales & Marketing,58216.67
2025-02-28,CC-1020,Sales - Enterprise,6020,Payroll Taxes & Benefits,Sales & Marketing,11934.42
2025-02-28,CC-1020,Sales - Enterprise,6030,Sales Commissions,Sales & Marketing,8413.43
2025-02-28,CC-1020,Sales - Enterprise,6040,Commission Amortisation,Sales & Marketing,4723.03
2025-02-28,CC-1020,Sales - Enterprise,6200,Software & Subscriptions,Sales & Marketing,2156.37
2025-02-28,CC-1020,Sales - Enterprise,6300,Travel & Entertainment,Sales & Marketing,3177.01
2025-02-28,CC-1020,Sales - Enterprise,6450,Training & Enablement,Sales & Marketing,269.56
2025-02-28,CC-1030,Sales Development,6000,Salaries & Wages,Sales & Marketing,65541.67
2025-02-28,CC-1030,Sales Development,6020,Payroll Taxes & Benefits,Sales & Marketing,13436.04
2025-02-28,CC-1030,Sales Development,6200,Software & Subscriptions,Sales & Marketing,2635.44
2025-02-28,CC-1030,Sales Development,6300,Travel & Entertainment,Sales & Marketing,3430.54
2025-02-28,CC-1030,Sales Development,6450,Training & Enablement,Sales & Marketing,313.17
2025-02-28,CC-1040,Sales Operations,6000,Salaries & Wages,Sales & Marketing,48758.33
2025-02-28,CC-1040,Sales Operations,6020,Payroll Taxes & Benefits,Sales & Marketing,9995.46
2025-02-28,CC-1040,Sales Operations,6200,Software & Subscriptions,Sales & Marketing,1936.21
2025-02-28,CC-1040,Sales Operations,6300,Travel & Entertainment,Sales & Marketing,2434.30
2025-02-28,CC-1050,Solutions Engineering,6000,Salaries & Wages,Sales & Marketing,37050.00
2025-02-28,CC-1050,Solutions Engineering,6020,Payroll Taxes & Benefits,Sales & Marketing,7595.25
2025-02-28,CC-1050,Solutions Engineering,6200,Software & Subscriptions,Sales & Marketing,1546.06
2025-02-28,CC-1050,Solutions Engineering,6300,Travel & Entertainment,Sales & Marketing,2072.72
2025-02-28,CC-1060,Sales Leadership,6000,Salaries & Wages,Sales & Marketing,16366.67
2025-02-28,CC-1060,Sales Leadership,6020,Payroll Taxes & Benefits,Sales & Marketing,3355.17
2025-02-28,CC-1060,Sales Leadership,6200,Software & Subscriptions,Sales & Marketing,788.71
2025-02-28,CC-1060,Sales Leadership,6300,Travel & Entertainment,Sales & Marketing,1105.03
2025-02-28,CC-1060,Sales Leadership,6450,Training & Enablement,Sales & Marketing,92.01
2025-02-28,CC-1100,Demand Generation,6000,Salaries & Wages,Sales & Marketing,71700.00
2025-02-28,CC-1100,Demand Generation,6010,Bonus,Sales & Marketing,6661.17
2025-02-28,CC-1100,Demand Generation,6020,Payroll Taxes & Benefits,Sales & Marketing,16064.04
2025-02-28,CC-1100,Demand Generation,6050,Contractor & Temp Labor,Sales & Marketing,15523.95
2025-02-28,CC-1100,Demand Generation,6100,Demand Generation,Sales & Marketing,154357.65
2025-02-28,CC-1100,Demand Generation,6110,Events & Field Marketing,Sales & Marketing,59510.14
2025-02-28,CC-1100,Demand Generation,6200,Software & Subscriptions,Sales & Marketing,2442.19
2025-02-28,CC-1100,Demand Generation,6300,Travel & Entertainment,Sales & Marketing,2153.98
2025-02-28,CC-1100,Demand Generation,6450,Training & Enablement,Sales & Marketing,328.99
2025-02-28,CC-1110,Product Marketing,6000,Salaries & Wages,Sales & Marketing,83983.33
2025-02-28,CC-1110,Product Marketing,6010,Bonus,Sales & Marketing,7569.00
2025-02-28,CC-1110,Product Marketing,6020,Payroll Taxes & Benefits,Sales & Marketing,18768.23
2025-02-28,CC-1110,Product Marketing,6120,Brand & Content,Sales & Marketing,42190.80
2025-02-28,CC-1110,Product Marketing,6200,Software & Subscriptions,Sales & Marketing,3032.05
2025-02-28,CC-1110,Product Marketing,6300,Travel & Entertainment,Sales & Marketing,2363.02
2025-02-28,CC-1200,Customer Success,6000,Salaries & Wages,Sales & Marketing,67760.00
2025-02-28,CC-1200,Customer Success,6000,Salaries & Wages,Subscription COGS,101640.00
2025-02-28,CC-1200,Customer Success,6010,Bonus,Sales & Marketing,6558.07
2025-02-28,CC-1200,Customer Success,6010,Bonus,Subscription COGS,9837.10
2025-02-28,CC-1200,Customer Success,6020,Payroll Taxes & Benefits,Sales & Marketing,15235.20
2025-02-28,CC-1200,Customer Success,6020,Payroll Taxes & Benefits,Subscription COGS,22852.81
2025-02-28,CC-1200,Customer Success,6200,Software & Subscriptions,Sales & Marketing,1181.51
2025-02-28,CC-1200,Customer Success,6200,Software & Subscriptions,Subscription COGS,1772.27
2025-02-28,CC-1200,Customer Success,6300,Travel & Entertainment,Sales & Marketing,861.59
2025-02-28,CC-1200,Customer Success,6300,Travel & Entertainment,Subscription COGS,1292.38
2025-02-28,CC-2000,Support,5010,Third-Party Data & APIs,Subscription COGS,1173.83
2025-02-28,CC-2000,Support,6000,Salaries & Wages,Subscription COGS,55033.33
2025-02-28,CC-2000,Support,6010,Bonus,Subscription COGS,5769.00
2025-02-28,CC-2000,Support,6020,Payroll Taxes & Benefits,Subscription COGS,12464.48
2025-02-28,CC-2000,Support,6200,Software & Subscriptions,Subscription COGS,755.55
2025-02-28,CC-2010,Cloud Operations,5000,Cloud Hosting,Subscription COGS,124327.14
2025-02-28,CC-2010,Cloud Operations,5010,Third-Party Data & APIs,Subscription COGS,723.58
2025-02-28,CC-2010,Cloud Operations,5020,Payment Processing Fees,Subscription COGS,14067.45
2025-02-28,CC-2010,Cloud Operations,6000,Salaries & Wages,Subscription COGS,51925.00
2025-02-28,CC-2010,Cloud Operations,6010,Bonus,Subscription COGS,4575.00
2025-02-28,CC-2010,Cloud Operations,6020,Payroll Taxes & Benefits,Subscription COGS,11582.50
2025-02-28,CC-2010,Cloud Operations,6050,Contractor & Temp Labor,Subscription COGS,13531.40
2025-02-28,CC-2010,Cloud Operations,6200,Software & Subscriptions,Subscription COGS,816.26
2025-02-28,CC-2010,Cloud Operations,6900,Other Operating Expense,Subscription COGS,121.69
2025-02-28,CC-2100,Professional Services,5030,Services Subcontractors,Services COGS,2727.89
2025-02-28,CC-2100,Professional Services,6000,Salaries & Wages,Services COGS,34258.33
2025-02-28,CC-2100,Professional Services,6010,Bonus,Services COGS,3093.67
2025-02-28,CC-2100,Professional Services,6020,Payroll Taxes & Benefits,Services COGS,7657.16
2025-02-28,CC-2100,Professional Services,6200,Software & Subscriptions,Services COGS,791.60
2025-02-28,CC-2100,Professional Services,6300,Travel & Entertainment,Services COGS,1626.98
2025-02-28,CC-3000,Engineering,6000,Salaries & Wages,Research & Development,331416.67
2025-02-28,CC-3000,Engineering,6010,Bonus,Research & Development,31038.50
2025-02-28,CC-3000,Engineering,6020,Payroll Taxes & Benefits,Research & Development,74303.31
2025-02-28,CC-3000,Engineering,6050,Contractor & Temp Labor,Research & Development,24389.64
2025-02-28,CC-3000,Engineering,6200,Software & Subscriptions,Research & Development,10582.79
2025-02-28,CC-3000,Engineering,6300,Travel & Entertainment,Research & Development,1995.47
2025-02-28,CC-3000,Engineering,6450,Training & Enablement,Research & Development,1531.10
2025-02-28,CC-3000,Engineering,6900,Other Operating Expense,Research & Development,1086.49
2025-02-28,CC-3010,Quality & Release,6000,Salaries & Wages,Research & Development,46808.33
2025-02-28,CC-3010,Quality & Release,6010,Bonus,Research & Development,3744.67
2025-02-28,CC-3010,Quality & Release,6020,Payroll Taxes & Benefits,Research & Development,10363.36
2025-02-28,CC-3010,Quality & Release,6050,Contractor & Temp Labor,Research & Development,7717.61
2025-02-28,CC-3010,Quality & Release,6200,Software & Subscriptions,Research & Development,1655.17
2025-02-28,CC-3100,Product & Design,6000,Salaries & Wages,Research & Development,138483.33
2025-02-28,CC-3100,Product & Design,6010,Bonus,Research & Development,12589.33
2025-02-28,CC-3100,Product & Design,6020,Payroll Taxes & Benefits,Research & Development,30969.90
2025-02-28,CC-3100,Product & Design,6050,Contractor & Temp Labor,Research & Development,10492.88
2025-02-28,CC-3100,Product & Design,6200,Software & Subscriptions,Research & Development,4208.04
2025-02-28,CC-3100,Product & Design,6300,Travel & Entertainment,Research & Development,1046.54
2025-02-28,CC-4000,Finance & Accounting,6000,Salaries & Wages,General & Administrative,59433.33
2025-02-28,CC-4000,Finance & Accounting,6010,Bonus,General & Administrative,5272.67
2025-02-28,CC-4000,Finance & Accounting,6020,Payroll Taxes & Benefits,General & Administrative,13264.73
2025-02-28,CC-4000,Finance & Accounting,6200,Software & Subscriptions,General & Administrative,1236.33
2025-02-28,CC-4000,Finance & Accounting,6300,Travel & Entertainment,General & Administrative,785.71
2025-02-28,CC-4000,Finance & Accounting,6400,Professional Fees,General & Administrative,35714.24
2025-02-28,CC-4000,Finance & Accounting,6440,Depreciation & Amortisation,General & Administrative,21113.28
2025-02-28,CC-4000,Finance & Accounting,6900,Other Operating Expense,General & Administrative,158.79
2025-02-28,CC-4010,People Operations,6000,Salaries & Wages,General & Administrative,50050.00
2025-02-28,CC-4010,People Operations,6010,Bonus,General & Administrative,5577.08
2025-02-28,CC-4010,People Operations,6020,Payroll Taxes & Benefits,General & Administrative,11403.55
2025-02-28,CC-4010,People Operations,6200,Software & Subscriptions,General & Administrative,707.05
2025-02-28,CC-4010,People Operations,6410,Recruiting Fees,General & Administrative,62400.18
2025-02-28,CC-4010,People Operations,6450,Training & Enablement,General & Administrative,134.43
2025-02-28,CC-4020,Legal & Corporate,6000,Salaries & Wages,General & Administrative,11300.00
2025-02-28,CC-4020,Legal & Corporate,6010,Bonus,General & Administrative,904.00
2025-02-28,CC-4020,Legal & Corporate,6020,Payroll Taxes & Benefits,General & Administrative,2501.82
2025-02-28,CC-4020,Legal & Corporate,6200,Software & Subscriptions,General & Administrative,396.25
2025-02-28,CC-4020,Legal & Corporate,6300,Travel & Entertainment,General & Administrative,199.11
2025-02-28,CC-4020,Legal & Corporate,6400,Professional Fees,General & Administrative,20678.04
2025-02-28,CC-4020,Legal & Corporate,6430,Insurance,General & Administrative,17423.86
2025-02-28,CC-4030,IT & Corporate Systems,6000,Salaries & Wages,General & Administrative,40958.33
2025-02-28,CC-4030,IT & Corporate Systems,6010,Bonus,General & Administrative,4880.08
2025-02-28,CC-4030,IT & Corporate Systems,6020,Payroll Taxes & Benefits,General & Administrative,9396.88
2025-02-28,CC-4030,IT & Corporate Systems,6050,Contractor & Temp Labor,General & Administrative,6027.06
2025-02-28,CC-4030,IT & Corporate Systems,6200,Software & Subscriptions,General & Administrative,544.24
2025-02-28,CC-4030,IT & Corporate Systems,6420,Facilities & Rent,General & Administrative,36445.04
2025-02-28,CC-4030,IT & Corporate Systems,6900,Other Operating Expense,General & Administrative,76.09
2025-02-28,CC-9000,Revenue,4000,Subscription Revenue,Subscription Revenue,-2013273.85
2025-02-28,CC-9000,Revenue,4010,Usage Revenue Above Commitment,Subscription Revenue,-36590.07
2025-02-28,CC-9000,Revenue,4100,Professional Services Revenue,Services Revenue,-34696.12
2025-02-28,CC-9000,Revenue,4110,Implementation Fee Revenue,Services Revenue,-51905.78
2025-03-31,CC-1000,Sales - SMB,6000,Salaries & Wages,Sales & Marketing,60333.33
2025-03-31,CC-1000,Sales - SMB,6020,Payroll Taxes & Benefits,Sales & Marketing,12368.33
2025-03-31,CC-1000,Sales - SMB,6030,Sales Commissions,Sales & Marketing,5154.61
2025-03-31,CC-1000,Sales - SMB,6040,Commission Amortisation,Sales & Marketing,3092.34
2025-03-31,CC-1000,Sales - SMB,6200,Software & Subscriptions,Sales & Marketing,3108.35
2025-03-31,CC-1000,Sales - SMB,6300,Travel & Entertainment,Sales & Marketing,3905.07
2025-03-31,CC-1000,Sales - SMB,6450,Training & Enablement,Sales & Marketing,359.07
2025-03-31,CC-1010,Sales - Mid-Market,6000,Salaries & Wages,Sales & Marketing,94708.33
2025-03-31,CC-1010,Sales - Mid-Market,6020,Payroll Taxes & Benefits,Sales & Marketing,19415.21
2025-03-31,CC-1010,Sales - Mid-Market,6030,Sales Commissions,Sales & Marketing,9840.62
2025-03-31,CC-1010,Sales - Mid-Market,6040,Commission Amortisation,Sales & Marketing,5903.56
2025-03-31,CC-1010,Sales - Mid-Market,6200,Software & Subscriptions,Sales & Marketing,3986.58
2025-03-31,CC-1010,Sales - Mid-Market,6300,Travel & Entertainment,Sales & Marketing,5545.21
2025-03-31,CC-1010,Sales - Mid-Market,6450,Training & Enablement,Sales & Marketing,444.02
2025-03-31,CC-1020,Sales - Enterprise,6000,Salaries & Wages,Sales & Marketing,58216.67
2025-03-31,CC-1020,Sales - Enterprise,6020,Payroll Taxes & Benefits,Sales & Marketing,11934.42
2025-03-31,CC-1020,Sales - Enterprise,6030,Sales Commissions,Sales & Marketing,8434.82
2025-03-31,CC-1020,Sales - Enterprise,6040,Commission Amortisation,Sales & Marketing,5060.20
2025-03-31,CC-1020,Sales - Enterprise,6200,Software & Subscriptions,Sales & Marketing,2208.13
2025-03-31,CC-1020,Sales - Enterprise,6300,Travel & Entertainment,Sales & Marketing,3061.80
2025-03-31,CC-1020,Sales - Enterprise,6450,Training & Enablement,Sales & Marketing,265.62
2025-03-31,CC-1030,Sales Development,6000,Salaries & Wages,Sales & Marketing,52525.00
2025-03-31,CC-1030,Sales Development,6020,Payroll Taxes & Benefits,Sales & Marketing,10767.62
2025-03-31,CC-1030,Sales Development,6200,Software & Subscriptions,Sales & Marketing,2195.37
2025-03-31,CC-1030,Sales Development,6300,Travel & Entertainment,Sales & Marketing,2860.16
2025-03-31,CC-1030,Sales Development,6450,Training & Enablement,Sales & Marketing,286.46
2025-03-31,CC-1040,Sales Operations,6000,Salaries & Wages,Sales & Marketing,48758.33
2025-03-31,CC-1040,Sales Operations,6020,Payroll Taxes & Benefits,Sales & Marketing,9995.46
2025-03-31,CC-1040,Sales Operations,6200,Software & Subscriptions,Sales & Marketing,1784.79
2025-03-31,CC-1040,Sales Operations,6300,Travel & Entertainment,Sales & Marketing,2315.10
2025-03-31,CC-1050,Solutions Engineering,6000,Salaries & Wages,Sales & Marketing,37050.00
2025-03-31,CC-1050,Solutions Engineering,6020,Payroll Taxes & Benefits,Sales & Marketing,7595.25
2025-03-31,CC-1050,Solutions Engineering,6200,Software & Subscriptions,Sales & Marketing,1432.08
2025-03-31,CC-1050,Solutions Engineering,6300,Travel & Entertainment,Sales & Marketing,2054.55
2025-03-31,CC-1060,Sales Leadership,6000,Salaries & Wages,Sales & Marketing,16366.67
2025-03-31,CC-1060,Sales Leadership,6020,Payroll Taxes & Benefits,Sales & Marketing,3355.17
2025-03-31,CC-1060,Sales Leadership,6200,Software & Subscriptions,Sales & Marketing,725.86
2025-03-31,CC-1060,Sales Leadership,6300,Travel & Entertainment,Sales & Marketing,963.85
2025-03-31,CC-1060,Sales Leadership,6450,Training & Enablement,Sales & Marketing,83.28
2025-03-31,CC-1100,Demand Generation,6000,Salaries & Wages,Sales & Marketing,71700.00
2025-03-31,CC-1100,Demand Generation,6010,Bonus,Sales & Marketing,6661.17
2025-03-31,CC-1100,Demand Generation,6020,Payroll Taxes & Benefits,Sales & Marketing,16064.04
2025-03-31,CC-1100,Demand Generation,6050,Contractor & Temp Labor,Sales & Marketing,15358.62
2025-03-31,CC-1100,Demand Generation,6100,Demand Generation,Sales & Marketing,192280.65
2025-03-31,CC-1100,Demand Generation,6110,Events & Field Marketing,Sales & Marketing,87184.96
2025-03-31,CC-1100,Demand Generation,6200,Software & Subscriptions,Sales & Marketing,2690.92
2025-03-31,CC-1100,Demand Generation,6300,Travel & Entertainment,Sales & Marketing,2092.30
2025-03-31,CC-1100,Demand Generation,6450,Training & Enablement,Sales & Marketing,328.93
2025-03-31,CC-1110,Product Marketing,6000,Salaries & Wages,Sales & Marketing,75616.67
2025-03-31,CC-1110,Product Marketing,6010,Bonus,Sales & Marketing,6899.67
2025-03-31,CC-1110,Product Marketing,6020,Payroll Taxes & Benefits,Sales & Marketing,16915.85
2025-03-31,CC-1110,Product Marketing,6120,Brand & Content,Sales & Marketing,60273.22
2025-03-31,CC-1110,Product Marketing,6200,Software & Subscriptions,Sales & Marketing,2935.30
2025-03-31,CC-1110,Product Marketing,6300,Travel & Entertainment,Sales & Marketing,2416.92
2025-03-31,CC-1200,Customer Success,6000,Salaries & Wages,Sales & Marketing,74716.67
2025-03-31,CC-1200,Customer Success,6000,Salaries & Wages,Subscription COGS,112075.00
2025-03-31,CC-1200,Customer Success,6010,Bonus,Sales & Marketing,7114.60
2025-03-31,CC-1200,Customer Success,6010,Bonus,Subscription COGS,10671.90
2025-03-31,CC-1200,Customer Success,6020,Payroll Taxes & Benefits,Sales & Marketing,16775.41
2025-03-31,CC-1200,Customer Success,6020,Payroll Taxes & Benefits,Subscription COGS,25163.11
2025-03-31,CC-1200,Customer Success,6200,Software & Subscriptions,Sales & Marketing,1397.52
2025-03-31,CC-1200,Customer Success,6200,Software & Subscriptions,Subscription COGS,2096.28
2025-03-31,CC-1200,Customer Success,6300,Travel & Entertainment,Sales & Marketing,1059.99
2025-03-31,CC-1200,Customer Success,6300,Travel & Entertainment,Subscription COGS,1589.98
2025-03-31,CC-2000,Support,5010,Third-Party Data & APIs,Subscription COGS,1179.42
2025-03-31,CC-2000,Support,6000,Salaries & Wages,Subscription COGS,55033.33
2025-03-31,CC-2000,Support,6010,Bonus,Subscription COGS,5769.00
2025-03-31,CC-2000,Support,6020,Payroll Taxes & Benefits,Subscription COGS,12464.48
2025-03-31,CC-2000,Support,6200,Software & Subscriptions,Subscription COGS,854.27
2025-03-31,CC-2010,Cloud Operations,5000,Cloud Hosting,Subscription COGS,137859.23
2025-03-31,CC-2010,Cloud Operations,5010,Third-Party Data & APIs,Subscription COGS,843.24
2025-03-31,CC-2010,Cloud Operations,5020,Payment Processing Fees,Subscription COGS,20825.01
2025-03-31,CC-2010,Cloud Operations,6000,Salaries & Wages,Subscription COGS,51925.00
2025-03-31,CC-2010,Cloud Operations,6010,Bonus,Subscription COGS,4575.00
2025-03-31,CC-2010,Cloud Operations,6020,Payroll Taxes & Benefits,Subscription COGS,11582.50
2025-03-31,CC-2010,Cloud Operations,6050,Contractor & Temp Labor,Subscription COGS,15323.45
2025-03-31,CC-2010,Cloud Operations,6200,Software & Subscriptions,Subscription COGS,761.59
2025-03-31,CC-2010,Cloud Operations,6900,Other Operating Expense,Subscription COGS,131.80
2025-03-31,CC-2100,Professional Services,5030,Services Subcontractors,Services COGS,3199.12
2025-03-31,CC-2100,Professional Services,6000,Salaries & Wages,Services COGS,34258.33
2025-03-31,CC-2100,Professional Services,6010,Bonus,Services COGS,3093.67
2025-03-31,CC-2100,Professional Services,6020,Payroll Taxes & Benefits,Services COGS,7657.16
2025-03-31,CC-2100,Professional Services,6200,Software & Subscriptions,Services COGS,795.41
2025-03-31,CC-2100,Professional Services,6300,Travel & Entertainment,Services COGS,1915.87
2025-03-31,CC-3000,Engineering,6000,Salaries & Wages,Research & Development,325275.00
2025-03-31,CC-3000,Engineering,6010,Bonus,Research & Development,30547.17
2025-03-31,CC-3000,Engineering,6020,Payroll Taxes & Benefits,Research & Development,72943.54
2025-03-31,CC-3000,Engineering,6050,Contractor & Temp Labor,Research & Development,23013.56
2025-03-31,CC-3000,Engineering,6200,Software & Subscriptions,Research & Development,9207.21
2025-03-31,CC-3000,Engineering,6300,Travel & Entertainment,Research & Development,2145.46
2025-03-31,CC-3000,Engineering,6450,Training & Enablement,Research & Development,1402.54
2025-03-31,CC-3000,Engineering,6900,Other Operating Expense,Research & Development,916.51
2025-03-31,CC-3010,Quality & Release,6000,Salaries & Wages,Research & Development,46808.33
2025-03-31,CC-3010,Quality & Release,6010,Bonus,Research & Development,3744.67
2025-03-31,CC-3010,Quality & Release,6020,Payroll Taxes & Benefits,Research & Development,10363.36
2025-03-31,CC-3010,Quality & Release,6050,Contractor & Temp Labor,Research & Development,8038.36
2025-03-31,CC-3010,Quality & Release,6200,Software & Subscriptions,Research & Development,1681.89
2025-03-31,CC-3100,Product & Design,6000,Salaries & Wages,Research & Development,129350.00
2025-03-31,CC-3100,Product & Design,6010,Bonus,Research & Development,11493.33
2025-03-31,CC-3100,Product & Design,6020,Payroll Taxes & Benefits,Research & Development,28872.88
2025-03-31,CC-3100,Product & Design,6050,Contractor & Temp Labor,Research & Development,9203.73
2025-03-31,CC-3100,Product & Design,6200,Software & Subscriptions,Research & Development,4002.06
2025-03-31,CC-3100,Product & Design,6300,Travel & Entertainment,Research & Development,928.37
2025-03-31,CC-4000,Finance & Accounting,6000,Salaries & Wages,General & Administrative,59433.33
2025-03-31,CC-4000,Finance & Accounting,6010,Bonus,General & Administrative,5272.67
2025-03-31,CC-4000,Finance & Accounting,6020,Payroll Taxes & Benefits,General & Administrative,13264.73
2025-03-31,CC-4000,Finance & Accounting,6200,Software & Subscriptions,General & Administrative,1318.73
2025-03-31,CC-4000,Finance & Accounting,6300,Travel & Entertainment,General & Administrative,729.67
2025-03-31,CC-4000,Finance & Accounting,6400,Professional Fees,General & Administrative,84589.36
2025-03-31,CC-4000,Finance & Accounting,6440,Depreciation & Amortisation,General & Administrative,21113.28
2025-03-31,CC-4000,Finance & Accounting,6900,Other Operating Expense,General & Administrative,158.79
2025-03-31,CC-4010,People Operations,6000,Salaries & Wages,General & Administrative,58750.00
2025-03-31,CC-4010,People Operations,6010,Bonus,General & Administrative,6273.08
2025-03-31,CC-4010,People Operations,6020,Payroll Taxes & Benefits,General & Administrative,13329.73
2025-03-31,CC-4010,People Operations,6200,Software & Subscriptions,General & Administrative,1064.22
2025-03-31,CC-4010,People Operations,6410,Recruiting Fees,General & Administrative,29169.14
2025-03-31,CC-4010,People Operations,6450,Training & Enablement,General & Administrative,188.82
2025-03-31,CC-4020,Legal & Corporate,6000,Salaries & Wages,General & Administrative,11300.00
2025-03-31,CC-4020,Legal & Corporate,6010,Bonus,General & Administrative,904.00
2025-03-31,CC-4020,Legal & Corporate,6020,Payroll Taxes & Benefits,General & Administrative,2501.82
2025-03-31,CC-4020,Legal & Corporate,6200,Software & Subscriptions,General & Administrative,397.03
2025-03-31,CC-4020,Legal & Corporate,6300,Travel & Entertainment,General & Administrative,200.09
2025-03-31,CC-4020,Legal & Corporate,6400,Professional Fees,General & Administrative,47053.05
2025-03-31,CC-4020,Legal & Corporate,6430,Insurance,General & Administrative,18306.31
2025-03-31,CC-4030,IT & Corporate Systems,6000,Salaries & Wages,General & Administrative,51225.00
2025-03-31,CC-4030,IT & Corporate Systems,6010,Bonus,General & Administrative,5701.42
2025-03-31,CC-4030,IT & Corporate Systems,6020,Payroll Taxes & Benefits,General & Administrative,11669.92
2025-03-31,CC-4030,IT & Corporate Systems,6050,Contractor & Temp Labor,General & Administrative,5864.63
2025-03-31,CC-4030,IT & Corporate Systems,6200,Software & Subscriptions,General & Administrative,726.80
2025-03-31,CC-4030,IT & Corporate Systems,6420,Facilities & Rent,General & Administrative,35746.22
2025-03-31,CC-4030,IT & Corporate Systems,6900,Other Operating Expense,General & Administrative,92.55
2025-03-31,CC-9000,Revenue,4000,Subscription Revenue,Subscription Revenue,-2038362.43
2025-03-31,CC-9000,Revenue,4010,Usage Revenue Above Commitment,Subscription Revenue,-43723.81
2025-03-31,CC-9000,Revenue,4100,Professional Services Revenue,Services Revenue,-19870.49
2025-03-31,CC-9000,Revenue,4110,Implementation Fee Revenue,Services Revenue,-53654.58
2025-04-30,CC-1000,Sales - SMB,6000,Salaries & Wages,Sales & Marketing,76683.33
2025-04-30,CC-1000,Sales - SMB,6020,Payroll Taxes & Benefits,Sales & Marketing,15720.08
2025-04-30,CC-1000,Sales - SMB,6030,Sales Commissions,Sales & Marketing,5282.57
2025-04-30,CC-1000,Sales - SMB,6040,Commission Amortisation,Sales & Marketing,3303.50
2025-04-30,CC-1000,Sales - SMB,6200,Software & Subscriptions,Sales & Marketing,3584.97
2025-04-30,CC-1000,Sales - SMB,6300,Travel & Entertainment,Sales & Marketing,4763.95
2025-04-30,CC-1000,Sales - SMB,6450,Training & Enablement,Sales & Marketing,447.78
2025-04-30,CC-1010,Sales - Mid-Market,6000,Salaries & Wages,Sales & Marketing,103225.00
2025-04-30,CC-1010,Sales - Mid-Market,6020,Payroll Taxes & Benefits,Sales & Marketing,21161.12
2025-04-30,CC-1010,Sales - Mid-Market,6030,Sales Commissions,Sales & Marketing,10084.91
2025-04-30,CC-1010,Sales - Mid-Market,6040,Commission Amortisation,Sales & Marketing,6306.69
2025-04-30,CC-1010,Sales - Mid-Market,6200,Software & Subscriptions,Sales & Marketing,4552.59
2025-04-30,CC-1010,Sales - Mid-Market,6300,Travel & Entertainment,Sales & Marketing,5902.87
2025-04-30,CC-1010,Sales - Mid-Market,6450,Training & Enablement,Sales & Marketing,534.08
2025-04-30,CC-1020,Sales - Enterprise,6000,Salaries & Wages,Sales & Marketing,66858.33
2025-04-30,CC-1020,Sales - Enterprise,6020,Payroll Taxes & Benefits,Sales & Marketing,13705.96
2025-04-30,CC-1020,Sales - Enterprise,6030,Sales Commissions,Sales & Marketing,8644.21
2025-04-30,CC-1020,Sales - Enterprise,6040,Commission Amortisation,Sales & Marketing,5405.73
2025-04-30,CC-1020,Sales - Enterprise,6200,Software & Subscriptions,Sales & Marketing,2336.19
2025-04-30,CC-1020,Sales - Enterprise,6300,Travel & Entertainment,Sales & Marketing,3582.78
2025-04-30,CC-1020,Sales - Enterprise,6450,Training & Enablement,Sales & Marketing,281.08
2025-04-30,CC-1030,Sales Development,6000,Salaries & Wages,Sales & Marketing,52525.00
2025-04-30,CC-1030,Sales Development,6020,Payroll Taxes & Benefits,Sales & Marketing,10767.62
2025-04-30,CC-1030,Sales Development,6200,Software & Subscriptions,Sales & Marketing,2246.33
2025-04-30,CC-1030,Sales Development,6300,Travel & Entertainment,Sales & Marketing,2998.14
2025-04-30,CC-1030,Sales Development,6450,Training & Enablement,Sales & Marketing,271.41
2025-04-30,CC-1040,Sales Operations,6000,Salaries & Wages,Sales & Marketing,48758.33
2025-04-30,CC-1040,Sales Operations,6020,Payroll Taxes & Benefits,Sales & Marketing,9995.46
2025-04-30,CC-1040,Sales Operations,6200,Software & Subscriptions,Sales & Marketing,1822.70
2025-04-30,CC-1040,Sales Operations,6300,Travel & Entertainment,Sales & Marketing,2390.21
2025-04-30,CC-1050,Solutions Engineering,6000,Salaries & Wages,Sales & Marketing,37050.00
2025-04-30,CC-1050,Solutions Engineering,6020,Payroll Taxes & Benefits,Sales & Marketing,7595.25
2025-04-30,CC-1050,Solutions Engineering,6200,Software & Subscriptions,Sales & Marketing,1240.20
2025-04-30,CC-1050,Solutions Engineering,6300,Travel & Entertainment,Sales & Marketing,2142.30
2025-04-30,CC-1060,Sales Leadership,6000,Salaries & Wages,Sales & Marketing,16366.67
2025-04-30,CC-1060,Sales Leadership,6020,Payroll Taxes & Benefits,Sales & Marketing,3355.17
2025-04-30,CC-1060,Sales Leadership,6200,Software & Subscriptions,Sales & Marketing,718.01
2025-04-30,CC-1060,Sales Leadership,6300,Travel & Entertainment,Sales & Marketing,1042.77
2025-04-30,CC-1060,Sales Leadership,6450,Training & Enablement,Sales & Marketing,93.13
2025-04-30,CC-1100,Demand Generation,6000,Salaries & Wages,Sales & Marketing,79216.67
2025-04-30,CC-1100,Demand Generation,6010,Bonus,Sales & Marketing,7262.50
2025-04-30,CC-1100,Demand Generation,6020,Payroll Taxes & Benefits,Sales & Marketing,17728.23
2025-04-30,CC-1100,Demand Generation,6050,Contractor & Temp Labor,Sales & Marketing,14646.74
2025-04-30,CC-1100,Demand Generation,6100,Demand Generation,Sales & Marketing,188392.30
2025-04-30,CC-1100,Demand Generation,6110,Events & Field Marketing,Sales & Marketing,77306.37
2025-04-30,CC-1100,Demand Generation,6200,Software & Subscriptions,Sales & Marketing,2918.66
2025-04-30,CC-1100,Demand Generation,6300,Travel & Entertainment,Sales & Marketing,2477.49
2025-04-30,CC-1100,Demand Generation,6450,Training & Enablement,Sales & Marketing,427.45
2025-04-30,CC-1110,Product Marketing,6000,Salaries & Wages,Sales & Marketing,75616.67
2025-04-30,CC-1110,Product Marketing,6010,Bonus,Sales & Marketing,6899.67
2025-04-30,CC-1110,Product Marketing,6020,Payroll Taxes & Benefits,Sales & Marketing,16915.85
2025-04-30,CC-1110,Product Marketing,6120,Brand & Content,Sales & Marketing,49410.01
2025-04-30,CC-1110,Product Marketing,6200,Software & Subscriptions,Sales & Marketing,2972.82
2025-04-30,CC-1110,Product Marketing,6300,Travel & Entertainment,Sales & Marketing,2430.28
2025-04-30,CC-1200,Customer Success,6000,Salaries & Wages,Sales & Marketing,75576.67
2025-04-30,CC-1200,Customer Success,6000,Salaries & Wages,Subscription COGS,113365.00
2025-04-30,CC-1200,Customer Success,6010,Bonus,Sales & Marketing,7183.40
2025-04-30,CC-1200,Customer Success,6010,Bonus,Subscription COGS,10775.10
2025-04-30,CC-1200,Customer Success,6020,Payroll Taxes & Benefits,Sales & Marketing,16965.81
2025-04-30,CC-1200,Customer Success,6020,Payroll Taxes & Benefits,Subscription COGS,25448.72
2025-04-30,CC-1200,Customer Success,6200,Software & Subscriptions,Sales & Marketing,1243.72
2025-04-30,CC-1200,Customer Success,6200,Software & Subscriptions,Subscription COGS,1865.58
2025-04-30,CC-1200,Customer Success,6300,Travel & Entertainment,Sales & Marketing,968.01
2025-04-30,CC-1200,Customer Success,6300,Travel & Entertainment,Subscription COGS,1452.02
2025-04-30,CC-2000,Support,5010,Third-Party Data & APIs,Subscription COGS,1081.58
2025-04-30,CC-2000,Support,6000,Salaries & Wages,Subscription COGS,55033.33
2025-04-30,CC-2000,Support,6010,Bonus,Subscription COGS,5769.00
2025-04-30,CC-2000,Support,6020,Payroll Taxes & Benefits,Subscription COGS,12464.48
2025-04-30,CC-2000,Support,6200,Software & Subscriptions,Subscription COGS,734.24
2025-04-30,CC-2010,Cloud Operations,5000,Cloud Hosting,Subscription COGS,138565.25
2025-04-30,CC-2010,Cloud Operations,5010,Third-Party Data & APIs,Subscription COGS,802.06
2025-04-30,CC-2010,Cloud Operations,5020,Payment Processing Fees,Subscription COGS,7915.93
2025-04-30,CC-2010,Cloud Operations,6000,Salaries & Wages,Subscription COGS,65233.33
2025-04-30,CC-2010,Cloud Operations,6010,Bonus,Subscription COGS,6571.25
2025-04-30,CC-2010,Cloud Operations,6020,Payroll Taxes & Benefits,Subscription COGS,14719.94
2025-04-30,CC-2010,Cloud Operations,6050,Contractor & Temp Labor,Subscription COGS,14652.74
2025-04-30,CC-2010,Cloud Operations,6200,Software & Subscriptions,Subscription COGS,967.40
2025-04-30,CC-2010,Cloud Operations,6900,Other Operating Expense,Subscription COGS,144.01
2025-04-30,CC-2100,Professional Services,5030,Services Subcontractors,Services COGS,3095.18
2025-04-30,CC-2100,Professional Services,6000,Salaries & Wages,Services COGS,34258.33
2025-04-30,CC-2100,Professional Services,6010,Bonus,Services COGS,3093.67
2025-04-30,CC-2100,Professional Services,6020,Payroll Taxes & Benefits,Services COGS,7657.16
2025-04-30,CC-2100,Professional Services,6200,Software & Subscriptions,Services COGS,825.79
2025-04-30,CC-2100,Professional Services,6300,Travel & Entertainment,Services COGS,1695.99
2025-04-30,CC-3000,Engineering,6000,Salaries & Wages,Research & Development,336916.67
2025-04-30,CC-3000,Engineering,6010,Bonus,Research & Development,32293.42
2025-04-30,CC-3000,Engineering,6020,Payroll Taxes & Benefits,Research & Development,75688.07
2025-04-30,CC-3000,Engineering,6050,Contractor & Temp Labor,Research & Development,24040.34
2025-04-30,CC-3000,Engineering,6200,Software & Subscriptions,Research & Development,10887.90
2025-04-30,CC-3000,Engineering,6300,Travel & Entertainment,Research & Development,2064.54
2025-04-30,CC-3000,Engineering,6450,Training & Enablement,Research & Development,1479.79
2025-04-30,CC-3000,Engineering,6900,Other Operating Expense,Research & Development,1056.95
2025-04-30,CC-3010,Quality & Release,6000,Salaries & Wages,Research & Development,46808.33
2025-04-30,CC-3010,Quality & Release,6010,Bonus,Research & Development,3744.67
2025-04-30,CC-3010,Quality & Release,6020,Payroll Taxes & Benefits,Research & Development,10363.36
2025-04-30,CC-3010,Quality & Release,6050,Contractor & Temp Labor,Research & Development,7380.67
2025-04-30,CC-3010,Quality & Release,6200,Software & Subscriptions,Research & Development,1520.08
2025-04-30,CC-3100,Product & Design,6000,Salaries & Wages,Research & Development,136325.00
2025-04-30,CC-3100,Product & Design,6010,Bonus,Research & Development,12051.33
2025-04-30,CC-3100,Product & Design,6020,Payroll Taxes & Benefits,Research & Development,30417.15
2025-04-30,CC-3100,Product & Design,6050,Contractor & Temp Labor,Research & Development,9421.29
2025-04-30,CC-3100,Product & Design,6200,Software & Subscriptions,Research & Development,4211.89
2025-04-30,CC-3100,Product & Design,6300,Travel & Entertainment,Research & Development,1118.42
2025-04-30,CC-4000,Finance & Accounting,6000,Salaries & Wages,General & Administrative,49575.00
2025-04-30,CC-4000,Finance & Accounting,6010,Bonus,General & Administrative,4484.00
2025-04-30,CC-4000,Finance & Accounting,6020,Payroll Taxes & Benefits,General & Administrative,11082.09
2025-04-30,CC-4000,Finance & Accounting,6200,Software & Subscriptions,General & Administrative,1048.53
2025-04-30,CC-4000,Finance & Accounting,6300,Travel & Entertainment,General & Administrative,624.56
2025-04-30,CC-4000,Finance & Accounting,6400,Professional Fees,General & Administrative,78672.41
2025-04-30,CC-4000,Finance & Accounting,6440,Depreciation & Amortisation,General & Administrative,21113.28
2025-04-30,CC-4000,Finance & Accounting,6900,Other Operating Expense,General & Administrative,139.88
2025-04-30,CC-4010,People Operations,6000,Salaries & Wages,General & Administrative,58750.00
2025-04-30,CC-4010,People Operations,6010,Bonus,General & Administrative,6273.08
2025-04-30,CC-4010,People Operations,6020,Payroll Taxes & Benefits,General & Administrative,13329.73
2025-04-30,CC-4010,People Operations,6200,Software & Subscriptions,General & Administrative,932.53
2025-04-30,CC-4010,People Operations,6410,Recruiting Fees,General & Administrative,60194.77
2025-04-30,CC-4010,People Operations,6450,Training & Enablement,General & Administrative,180.22
2025-04-30,CC-4020,Legal & Corporate,6000,Salaries & Wages,General & Administrative,11300.00
2025-04-30,CC-4020,Legal & Corporate,6010,Bonus,General & Administrative,904.00
2025-04-30,CC-4020,Legal & Corporate,6020,Payroll Taxes & Benefits,General & Administrative,2501.82
2025-04-30,CC-4020,Legal & Corporate,6200,Software & Subscriptions,General & Administrative,357.00
2025-04-30,CC-4020,Legal & Corporate,6300,Travel & Entertainment,General & Administrative,204.72
2025-04-30,CC-4020,Legal & Corporate,6400,Professional Fees,General & Administrative,42577.64
2025-04-30,CC-4020,Legal & Corporate,6430,Insurance,General & Administrative,18998.61
2025-04-30,CC-4030,IT & Corporate Systems,6000,Salaries & Wages,General & Administrative,51225.00
2025-04-30,CC-4030,IT & Corporate Systems,6010,Bonus,General & Administrative,5701.42
2025-04-30,CC-4030,IT & Corporate Systems,6020,Payroll Taxes & Benefits,General & Administrative,11669.92
2025-04-30,CC-4030,IT & Corporate Systems,6050,Contractor & Temp Labor,General & Administrative,6047.00
2025-04-30,CC-4030,IT & Corporate Systems,6200,Software & Subscriptions,General & Administrative,736.32
2025-04-30,CC-4030,IT & Corporate Systems,6420,Facilities & Rent,General & Administrative,38939.69
2025-04-30,CC-4030,IT & Corporate Systems,6900,Other Operating Expense,General & Administrative,90.23
2025-04-30,CC-9000,Revenue,4000,Subscription Revenue,Subscription Revenue,-2084652.59
2025-04-30,CC-9000,Revenue,4010,Usage Revenue Above Commitment,Subscription Revenue,-44716.76
2025-04-30,CC-9000,Revenue,4100,Professional Services Revenue,Services Revenue,-13729.87
2025-04-30,CC-9000,Revenue,4110,Implementation Fee Revenue,Services Revenue,-54145.53
2025-05-31,CC-1000,Sales - SMB,6000,Salaries & Wages,Sales & Marketing,69433.33
2025-05-31,CC-1000,Sales - SMB,6020,Payroll Taxes & Benefits,Sales & Marketing,14233.83
2025-05-31,CC-1000,Sales - SMB,6030,Sales Commissions,Sales & Marketing,3230.39
2025-05-31,CC-1000,Sales - SMB,6040,Commission Amortisation,Sales & Marketing,3432.63
2025-05-31,CC-1000,Sales - SMB,6200,Software & Subscriptions,Sales & Marketing,3662.13
2025-05-31,CC-1000,Sales - SMB,6300,Travel & Entertainment,Sales & Marketing,4567.53
2025-05-31,CC-1000,Sales - SMB,6450,Training & Enablement,Sales & Marketing,376.17
2025-05-31,CC-1010,Sales - Mid-Market,6000,Salaries & Wages,Sales & Marketing,87475.00
2025-05-31,CC-1010,Sales - Mid-Market,6020,Payroll Taxes & Benefits,Sales & Marketing,17932.38
2025-05-31,CC-1010,Sales - Mid-Market,6030,Sales Commissions,Sales & Marketing,6167.11
2025-05-31,CC-1010,Sales - Mid-Market,6040,Commission Amortisation,Sales & Marketing,6553.21
2025-05-31,CC-1010,Sales - Mid-Market,6200,Software & Subscriptions,Sales & Marketing,3686.64
2025-05-31,CC-1010,Sales - Mid-Market,6300,Travel & Entertainment,Sales & Marketing,4870.74
2025-05-31,CC-1010,Sales - Mid-Market,6450,Training & Enablement,Sales & Marketing,425.97
2025-05-31,CC-1020,Sales - Enterprise,6000,Salaries & Wages,Sales & Marketing,66858.33
2025-05-31,CC-1020,Sales - Enterprise,6020,Payroll Taxes & Benefits,Sales & Marketing,13705.96
2025-05-31,CC-1020,Sales - Enterprise,6030,Sales Commissions,Sales & Marketing,5286.09
2025-05-31,CC-1020,Sales - Enterprise,6040,Commission Amortisation,Sales & Marketing,5617.03
2025-05-31,CC-1020,Sales - Enterprise,6200,Software & Subscriptions,Sales & Marketing,2564.43
2025-05-31,CC-1020,Sales - Enterprise,6300,Travel & Entertainment,Sales & Marketing,3747.97
2025-05-31,CC-1020,Sales - Enterprise,6450,Training & Enablement,Sales & Marketing,335.65
2025-05-31,CC-1030,Sales Development,6000,Salaries & Wages,Sales & Marketing,41791.67
2025-05-31,CC-1030,Sales Development,6020,Payroll Taxes & Benefits,Sales & Marketing,8567.29
2025-05-31,CC-1030,Sales Development,6200,Software & Subscriptions,Sales & Marketing,1701.09
2025-05-31,CC-1030,Sales Development,6300,Travel & Entertainment,Sales & Marketing,2521.30
2025-05-31,CC-1030,Sales Development,6450,Training & Enablement,Sales & Marketing,209.42
2025-05-31,CC-1040,Sales Operations,6000,Salaries & Wages,Sales & Marketing,60266.67
2025-05-31,CC-1040,Sales Operations,6020,Payroll Taxes & Benefits,Sales & Marketing,12354.67
2025-05-31,CC-1040,Sales Operations,6200,Software & Subscriptions,Sales & Marketing,2185.75
2025-05-31,CC-1040,Sales Operations,6300,Travel & Entertainment,Sales & Marketing,2961.60
2025-05-31,CC-1050,Solutions Engineering,6000,Salaries & Wages,Sales & Marketing,37050.00
2025-05-31,CC-1050,Solutions Engineering,6020,Payroll Taxes & Benefits,Sales & Marketing,7595.25
2025-05-31,CC-1050,Solutions Engineering,6200,Software & Subscriptions,Sales & Marketing,1344.05
2025-05-31,CC-1050,Solutions Engineering,6300,Travel & Entertainment,Sales & Marketing,2048.15
2025-05-31,CC-1060,Sales Leadership,6000,Salaries & Wages,Sales & Marketing,16366.67
2025-05-31,CC-1060,Sales Leadership,6020,Payroll Taxes & Benefits,Sales & Marketing,3355.17
2025-05-31,CC-1060,Sales Leadership,6200,Software & Subscriptions,Sales & Marketing,695.48
2025-05-31,CC-1060,Sales Leadership,6300,Travel & Entertainment,Sales & Marketing,1040.45
2025-05-31,CC-1060,Sales Leadership,6450,Training & Enablement,Sales & Marketing,86.40
2025-05-31,CC-1100,Demand Generation,6000,Salaries & Wages,Sales & Marketing,91925.00
2025-05-31,CC-1100,Demand Generation,6010,Bonus,Sales & Marketing,8787.50
2025-05-31,CC-1100,Demand Generation,6020,Payroll Taxes & Benefits,Sales & Marketing,20646.06
2025-05-31,CC-1100,Demand Generation,6050,Contractor & Temp Labor,Sales & Marketing,15357.47
2025-05-31,CC-1100,Demand Generation,6100,Demand Generation,Sales & Marketing,188538.79
2025-05-31,CC-1100,Demand Generation,6110,Events & Field Marketing,Sales & Marketing,81900.89
2025-05-31,CC-1100,Demand Generation,6200,Software & Subscriptions,Sales & Marketing,2882.11
2025-05-31,CC-1100,Demand Generation,6300,Travel & Entertainment,Sales & Marketing,2776.05
2025-05-31,CC-1100,Demand Generation,6450,Training & Enablement,Sales & Marketing,443.75
2025-05-31,CC-1110,Product Marketing,6000,Salaries & Wages,Sales & Marketing,67916.67
2025-05-31,CC-1110,Product Marketing,6010,Bonus,Sales & Marketing,6283.67
2025-05-31,CC-1110,Product Marketing,6020,Payroll Taxes & Benefits,Sales & Marketing,15211.07
2025-05-31,CC-1110,Product Marketing,6120,Brand & Content,Sales & Marketing,46976.97
2025-05-31,CC-1110,Product Marketing,6200,Software & Subscriptions,Sales & Marketing,2565.64
2025-05-31,CC-1110,Product Marketing,6300,Travel & Entertainment,Sales & Marketing,2285.04
2025-05-31,CC-1200,Customer Success,6000,Salaries & Wages,Sales & Marketing,72783.33
2025-05-31,CC-1200,Customer Success,6000,Salaries & Wages,Subscription COGS,109175.00
2025-05-31,CC-1200,Customer Success,6010,Bonus,Sales & Marketing,6959.93
2025-05-31,CC-1200,Customer Success,6010,Bonus,Subscription COGS,10439.90
2025-05-31,CC-1200,Customer Success,6020,Payroll Taxes & Benefits,Sales & Marketing,16347.37
2025-05-31,CC-1200,Customer Success,6020,Payroll Taxes & Benefits,Subscription COGS,24521.05
2025-05-31,CC-1200,Customer Success,6200,Software & Subscriptions,Sales & Marketing,1178.68
2025-05-31,CC-1200,Customer Success,6200,Software & Subscriptions,Subscription COGS,1768.03
2025-05-31,CC-1200,Customer Success,6300,Travel & Entertainment,Sales & Marketing,987.49
2025-05-31,CC-1200,Customer Success,6300,Travel & Entertainment,Subscription COGS,1481.23
2025-05-31,CC-2000,Support,5010,Third-Party Data & APIs,Subscription COGS,1026.96
2025-05-31,CC-2000,Support,6000,Salaries & Wages,Subscription COGS,63208.33
2025-05-31,CC-2000,Support,6010,Bonus,Subscription COGS,6423.00
2025-05-31,CC-2000,Support,6020,Payroll Taxes & Benefits,Subscription COGS,14274.42
2025-05-31,CC-2000,Support,6200,Software & Subscriptions,Subscription COGS,912.43
2025-05-31,CC-2010,Cloud Operations,5000,Cloud Hosting,Subscription COGS,126530.64
2025-05-31,CC-2010,Cloud Operations,5010,Third-Party Data & APIs,Subscription COGS,754.06
2025-05-31,CC-2010,Cloud Operations,5020,Payment Processing Fees,Subscription COGS,10606.59
2025-05-31,CC-2010,Cloud Operations,6000,Salaries & Wages,Subscription COGS,65233.33
2025-05-31,CC-2010,Cloud Operations,6010,Bonus,Subscription COGS,6571.25
2025-05-31,CC-2010,Cloud Operations,6020,Payroll Taxes & Benefits,Subscription COGS,14719.94
2025-05-31,CC-2010,Cloud Operations,6050,Contractor & Temp Labor,Subscription COGS,15574.84
2025-05-31,CC-2010,Cloud Operations,6200,Software & Subscriptions,Subscription COGS,869.60
2025-05-31,CC-2010,Cloud Operations,6900,Other Operating Expense,Subscription COGS,137.67
2025-05-31,CC-2100,Professional Services,5030,Services Subcontractors,Services COGS,3855.97
2025-05-31,CC-2100,Professional Services,6000,Salaries & Wages,Services COGS,40583.33
2025-05-31,CC-2100,Professional Services,6010,Bonus,Services COGS,3599.67
2025-05-31,CC-2100,Professional Services,6020,Payroll Taxes & Benefits,Services COGS,9057.51
2025-05-31,CC-2100,Professional Services,6200,Software & Subscriptions,Services COGS,929.94
2025-05-31,CC-2100,Professional Services,6300,Travel & Entertainment,Services COGS,1939.19
2025-05-31,CC-3000,Engineering,6000,Salaries & Wages,Research & Development,347208.33
2025-05-31,CC-3000,Engineering,6010,Bonus,Research & Development,33116.75
2025-05-31,CC-3000,Engineering,6020,Payroll Taxes & Benefits,Research & Development,77966.64
2025-05-31,CC-3000,Engineering,6050,Contractor & Temp Labor,Research & Development,23976.09
2025-05-31,CC-3000,Engineering,6200,Software & Subscriptions,Research & Development,10176.35
2025-05-31,CC-3000,Engineering,6300,Travel & Entertainment,Research & Development,2029.70
2025-05-31,CC-3000,Engineering,6450,Training & Enablement,Research & Development,1623.53
2025-05-31,CC-3000,Engineering,6900,Other Operating Expense,Research & Development,999.59
2025-05-31,CC-3010,Quality & Release,6000,Salaries & Wages,Research & Development,46808.33
2025-05-31,CC-3010,Quality & Release,6010,Bonus,Research & Development,3744.67
2025-05-31,CC-3010,Quality & Release,6020,Payroll Taxes & Benefits,Research & Development,10363.36
2025-05-31,CC-3010,Quality & Release,6050,Contractor & Temp Labor,Research & Development,8349.16
2025-05-31,CC-3010,Quality & Release,6200,Software & Subscriptions,Research & Development,1510.39
2025-05-31,CC-3100,Product & Design,6000,Salaries & Wages,Research & Development,136325.00
2025-05-31,CC-3100,Product & Design,6010,Bonus,Research & Development,12051.33
2025-05-31,CC-3100,Product & Design,6020,Payroll Taxes & Benefits,Research & Development,30417.15
2025-05-31,CC-3100,Product & Design,6050,Contractor & Temp Labor,Research & Development,10213.84
2025-05-31,CC-3100,Product & Design,6200,Software & Subscriptions,Research & Development,4135.65
2025-05-31,CC-3100,Product & Design,6300,Travel & Entertainment,Research & Development,1056.98
2025-05-31,CC-4000,Finance & Accounting,6000,Salaries & Wages,General & Administrative,49575.00
2025-05-31,CC-4000,Finance & Accounting,6010,Bonus,General & Administrative,4484.00
2025-05-31,CC-4000,Finance & Accounting,6020,Payroll Taxes & Benefits,General & Administrative,11082.09
2025-05-31,CC-4000,Finance & Accounting,6200,Software & Subscriptions,General & Administrative,1116.86
2025-05-31,CC-4000,Finance & Accounting,6300,Travel & Entertainment,General & Administrative,601.99
2025-05-31,CC-4000,Finance & Accounting,6400,Professional Fees,General & Administrative,31485.11
2025-05-31,CC-4000,Finance & Accounting,6440,Depreciation & Amortisation,General & Administrative,21113.28
2025-05-31,CC-4000,Finance & Accounting,6900,Other Operating Expense,General & Administrative,149.78
2025-05-31,CC-4010,People Operations,6000,Salaries & Wages,General & Administrative,58750.00
2025-05-31,CC-4010,People Operations,6010,Bonus,General & Administrative,6273.08
2025-05-31,CC-4010,People Operations,6020,Payroll Taxes & Benefits,General & Administrative,13329.73
2025-05-31,CC-4010,People Operations,6200,Software & Subscriptions,General & Administrative,889.27
2025-05-31,CC-4010,People Operations,6410,Recruiting Fees,General & Administrative,48162.71
2025-05-31,CC-4010,People Operations,6450,Training & Enablement,General & Administrative,194.62
2025-05-31,CC-4020,Legal & Corporate,6000,Salaries & Wages,General & Administrative,11300.00
2025-05-31,CC-4020,Legal & Corporate,6010,Bonus,General & Administrative,904.00
2025-05-31,CC-4020,Legal & Corporate,6020,Payroll Taxes & Benefits,General & Administrative,2501.82
2025-05-31,CC-4020,Legal & Corporate,6200,Software & Subscriptions,General & Administrative,357.27
2025-05-31,CC-4020,Legal & Corporate,6300,Travel & Entertainment,General & Administrative,203.77
2025-05-31,CC-4020,Legal & Corporate,6400,Professional Fees,General & Administrative,19839.62
2025-05-31,CC-4020,Legal & Corporate,6430,Insurance,General & Administrative,19043.48
2025-05-31,CC-4030,IT & Corporate Systems,6000,Salaries & Wages,General & Administrative,51225.00
2025-05-31,CC-4030,IT & Corporate Systems,6010,Bonus,General & Administrative,5701.42
2025-05-31,CC-4030,IT & Corporate Systems,6020,Payroll Taxes & Benefits,General & Administrative,11669.92
2025-05-31,CC-4030,IT & Corporate Systems,6050,Contractor & Temp Labor,General & Administrative,5876.93
2025-05-31,CC-4030,IT & Corporate Systems,6200,Software & Subscriptions,General & Administrative,748.45
2025-05-31,CC-4030,IT & Corporate Systems,6420,Facilities & Rent,General & Administrative,36187.69
2025-05-31,CC-4030,IT & Corporate Systems,6900,Other Operating Expense,General & Administrative,100.49
2025-05-31,CC-9000,Revenue,4000,Subscription Revenue,Subscription Revenue,-2133628.99
2025-05-31,CC-9000,Revenue,4010,Usage Revenue Above Commitment,Subscription Revenue,-45767.32
2025-05-31,CC-9000,Revenue,4100,Professional Services Revenue,Services Revenue,-11989.04
2025-05-31,CC-9000,Revenue,4110,Implementation Fee Revenue,Services Revenue,-51129.96
2025-06-30,CC-1000,Sales - SMB,6000,Salaries & Wages,Sales & Marketing,69433.33
2025-06-30,CC-1000,Sales - SMB,6020,Payroll Taxes & Benefits,Sales & Marketing,14233.83
2025-06-30,CC-1000,Sales - SMB,6030,Sales Commissions,Sales & Marketing,5369.14
2025-06-30,CC-1000,Sales - SMB,6040,Commission Amortisation,Sales & Marketing,3647.25
2025-06-30,CC-1000,Sales - SMB,6200,Software & Subscriptions,Sales & Marketing,3219.05
2025-06-30,CC-1000,Sales - SMB,6300,Travel & Entertainment,Sales & Marketing,4531.35
2025-06-30,CC-1000,Sales - SMB,6450,Training & Enablement,Sales & Marketing,399.10
2025-06-30,CC-1010,Sales - Mid-Market,6000,Salaries & Wages,Sales & Marketing,87475.00
2025-06-30,CC-1010,Sales - Mid-Market,6020,Payroll Taxes & Benefits,Sales & Marketing,17932.38
2025-06-30,CC-1010,Sales - Mid-Market,6030,Sales Commissions,Sales & Marketing,10250.18
2025-06-30,CC-1010,Sales - Mid-Market,6040,Commission Amortisation,Sales & Marketing,6962.94
2025-06-30,CC-1010,Sales - Mid-Market,6200,Software & Subscriptions,Sales & Marketing,3593.59
2025-06-30,CC-1010,Sales - Mid-Market,6300,Travel & Entertainment,Sales & Marketing,5251.57
2025-06-30,CC-1010,Sales - Mid-Market,6450,Training & Enablement,Sales & Marketing,462.43
2025-06-30,CC-1020,Sales - Enterprise,6000,Salaries & Wages,Sales & Marketing,66858.33
2025-06-30,CC-1020,Sales - Enterprise,6020,Payroll Taxes & Benefits,Sales & Marketing,13705.96
2025-06-30,CC-1020,Sales - Enterprise,6030,Sales Commissions,Sales & Marketing,8785.87
2025-06-30,CC-1020,Sales - Enterprise,6040,Commission Amortisation,Sales & Marketing,5968.23
2025-06-30,CC-1020,Sales - Enterprise,6200,Software & Subscriptions,Sales & Marketing,2490.87
2025-06-30,CC-1020,Sales - Enterprise,6300,Travel & Entertainment,Sales & Marketing,3826.42
2025-06-30,CC-1020,Sales - Enterprise,6450,Training & Enablement,Sales & Marketing,294.65
2025-06-30,CC-1030,Sales Development,6000,Salaries & Wages,Sales & Marketing,41791.67
2025-06-30,CC-1030,Sales Development,6020,Payroll Taxes & Benefits,Sales & Marketing,8567.29
2025-06-30,CC-1030,Sales Development,6200,Software & Subscriptions,Sales & Marketing,1972.26
2025-06-30,CC-1030,Sales Development,6300,Travel & Entertainment,Sales & Marketing,2627.15
2025-06-30,CC-1030,Sales Development,6450,Training & Enablement,Sales & Marketing,239.60
2025-06-30,CC-1040,Sales Operations,6000,Salaries & Wages,Sales & Marketing,46516.67
2025-06-30,CC-1040,Sales Operations,6020,Payroll Taxes & Benefits,Sales & Marketing,9535.92
2025-06-30,CC-1040,Sales Operations,6200,Software & Subscriptions,Sales & Marketing,1636.36
2025-06-30,CC-1040,Sales Operations,6300,Travel & Entertainment,Sales & Marketing,2787.11
2025-06-30,CC-1050,Solutions Engineering,6000,Salaries & Wages,Sales & Marketing,37050.00
2025-06-30,CC-1050,Solutions Engineering,6020,Payroll Taxes & Benefits,Sales & Marketing,7595.25
2025-06-30,CC-1050,Solutions Engineering,6200,Software & Subscriptions,Sales & Marketing,1399.71
2025-06-30,CC-1050,Solutions Engineering,6300,Travel & Entertainment,Sales & Marketing,1915.54
2025-06-30,CC-1060,Sales Leadership,6000,Salaries & Wages,Sales & Marketing,16366.67
2025-06-30,CC-1060,Sales Leadership,6020,Payroll Taxes & Benefits,Sales & Marketing,3355.17
2025-06-30,CC-1060,Sales Leadership,6200,Software & Subscriptions,Sales & Marketing,679.93
2025-06-30,CC-1060,Sales Leadership,6300,Travel & Entertainment,Sales & Marketing,964.68
2025-06-30,CC-1060,Sales Leadership,6450,Training & Enablement,Sales & Marketing,90.77
2025-06-30,CC-1100,Demand Generation,6000,Salaries & Wages,Sales & Marketing,84050.00
2025-06-30,CC-1100,Demand Generation,6010,Bonus,Sales & Marketing,8157.50
2025-06-30,CC-1100,Demand Generation,6020,Payroll Taxes & Benefits,Sales & Marketing,18902.54
2025-06-30,CC-1100,Demand Generation,6050,Contractor & Temp Labor,Sales & Marketing,15731.83
2025-06-30,CC-1100,Demand Generation,6100,Demand Generation,Sales & Marketing,201781.79
2025-06-30,CC-1100,Demand Generation,6110,Events & Field Marketing,Sales & Marketing,72931.43
2025-06-30,CC-1100,Demand Generation,6200,Software & Subscriptions,Sales & Marketing,2527.03
2025-06-30,CC-1100,Demand Generation,6300,Travel & Entertainment,Sales & Marketing,2580.86
2025-06-30,CC-1100,Demand Generation,6450,Training & Enablement,Sales & Marketing,403.60
2025-06-30,CC-1110,Product Marketing,6000,Salaries & Wages,Sales & Marketing,67916.67
2025-06-30,CC-1110,Product Marketing,6010,Bonus,Sales & Marketing,6283.67
2025-06-30,CC-1110,Product Marketing,6020,Payroll Taxes & Benefits,Sales & Marketing,15211.07
2025-06-30,CC-1110,Product Marketing,6120,Brand & Content,Sales & Marketing,53815.57
2025-06-30,CC-1110,Product Marketing,6200,Software & Subscriptions,Sales & Marketing,2513.63
2025-06-30,CC-1110,Product Marketing,6300,Travel & Entertainment,Sales & Marketing,2078.34
2025-06-30,CC-1200,Customer Success,6000,Salaries & Wages,Sales & Marketing,76843.33
2025-06-30,CC-1200,Customer Success,6000,Salaries & Wages,Subscription COGS,115265.00
2025-06-30,CC-1200,Customer Success,6010,Bonus,Sales & Marketing,7447.13
2025-06-30,CC-1200,Customer Success,6010,Bonus,Subscription COGS,11170.70
2025-06-30,CC-1200,Customer Success,6020,Payroll Taxes & Benefits,Sales & Marketing,17279.55
2025-06-30,CC-1200,Customer Success,6020,Payroll Taxes & Benefits,Subscription COGS,25919.32
2025-06-30,CC-1200,Customer Success,6200,Software & Subscriptions,Sales & Marketing,1263.01
2025-06-30,CC-1200,Customer Success,6200,Software & Subscriptions,Subscription COGS,1894.52
2025-06-30,CC-1200,Customer Success,6300,Travel & Entertainment,Sales & Marketing,1125.04
2025-06-30,CC-1200,Customer Success,6300,Travel & Entertainment,Subscription COGS,1687.56
2025-06-30,CC-2000,Support,5010,Third-Party Data & APIs,Subscription COGS,1059.40
2025-06-30,CC-2000,Support,6000,Salaries & Wages,Subscription COGS,63208.33
2025-06-30,CC-2000,Support,6010,Bonus,Subscription COGS,6423.00
2025-06-30,CC-2000,Support,6020,Payroll Taxes & Benefits,Subscription COGS,14274.42
2025-06-30,CC-2000,Support,6200,Software & Subscriptions,Subscription COGS,866.61
2025-06-30,CC-2010,Cloud Operations,5000,Cloud Hosting,Subscription COGS,141127.59
2025-06-30,CC-2010,Cloud Operations,5010,Third-Party Data & APIs,Subscription COGS,759.34
2025-06-30,CC-2010,Cloud Operations,5020,Payment Processing Fees,Subscription COGS,15089.60
2025-06-30,CC-2010,Cloud Operations,6000,Salaries & Wages,Subscription COGS,54708.33
2025-06-30,CC-2010,Cloud Operations,6010,Bonus,Subscription COGS,5308.25
2025-06-30,CC-2010,Cloud Operations,6020,Payroll Taxes & Benefits,Subscription COGS,12303.40
2025-06-30,CC-2010,Cloud Operations,6050,Contractor & Temp Labor,Subscription COGS,14879.43
2025-06-30,CC-2010,Cloud Operations,6200,Software & Subscriptions,Subscription COGS,762.85
2025-06-30,CC-2010,Cloud Operations,6900,Other Operating Expense,Subscription COGS,134.22
2025-06-30,CC-2100,Professional Services,5030,Services Subcontractors,Services COGS,3379.54
2025-06-30,CC-2100,Professional Services,6000,Salaries & Wages,Services COGS,40050.00
2025-06-30,CC-2100,Professional Services,6010,Bonus,Services COGS,3557.00
2025-06-30,CC-2100,Professional Services,6020,Payroll Taxes & Benefits,Services COGS,8939.43
2025-06-30,CC-2100,Professional Services,6200,Software & Subscriptions,Services COGS,1032.08
2025-06-30,CC-2100,Professional Services,6300,Travel & Entertainment,Services COGS,2003.54
2025-06-30,CC-3000,Engineering,6000,Salaries & Wages,Research & Development,340175.00
2025-06-30,CC-3000,Engineering,6010,Bonus,Research & Development,32554.08
2025-06-30,CC-3000,Engineering,6020,Payroll Taxes & Benefits,Research & Development,76409.46
2025-06-30,CC-3000,Engineering,6050,Contractor & Temp Labor,Research & Development,22902.52
2025-06-30,CC-3000,Engineering,6200,Software & Subscriptions,Research & Development,9738.35
2025-06-30,CC-3000,Engineering,6300,Travel & Entertainment,Research & Development,2123.06
2025-06-30,CC-3000,Engineering,6450,Training & Enablement,Research & Development,1553.93
2025-06-30,CC-3000,Engineering,6900,Other Operating Expense,Research & Development,962.26
2025-06-30,CC-3010,Quality & Release,6000,Salaries & Wages,Research & Development,46808.33
2025-06-30,CC-3010,Quality & Release,6010,Bonus,Research & Development,3744.67
2025-06-30,CC-3010,Quality & Release,6020,Payroll Taxes & Benefits,Research & Development,10363.36
2025-06-30,CC-3010,Quality & Release,6050,Contractor & Temp Labor,Research & Development,8152.99
2025-06-30,CC-3010,Quality & Release,6200,Software & Subscriptions,Research & Development,1674.46
2025-06-30,CC-3100,Product & Design,6000,Salaries & Wages,Research & Development,136325.00
2025-06-30,CC-3100,Product & Design,6010,Bonus,Research & Development,12051.33
2025-06-30,CC-3100,Product & Design,6020,Payroll Taxes & Benefits,Research & Development,30417.15
2025-06-30,CC-3100,Product & Design,6050,Contractor & Temp Labor,Research & Development,9949.49
2025-06-30,CC-3100,Product & Design,6200,Software & Subscriptions,Research & Development,4267.87
2025-06-30,CC-3100,Product & Design,6300,Travel & Entertainment,Research & Development,1116.07
2025-06-30,CC-4000,Finance & Accounting,6000,Salaries & Wages,General & Administrative,49575.00
2025-06-30,CC-4000,Finance & Accounting,6010,Bonus,General & Administrative,4484.00
2025-06-30,CC-4000,Finance & Accounting,6020,Payroll Taxes & Benefits,General & Administrative,11082.09
2025-06-30,CC-4000,Finance & Accounting,6200,Software & Subscriptions,General & Administrative,994.24
2025-06-30,CC-4000,Finance & Accounting,6300,Travel & Entertainment,General & Administrative,592.84
2025-06-30,CC-4000,Finance & Accounting,6400,Professional Fees,General & Administrative,37487.37
2025-06-30,CC-4000,Finance & Accounting,6440,Depreciation & Amortisation,General & Administrative,21113.28
2025-06-30,CC-4000,Finance & Accounting,6900,Other Operating Expense,General & Administrative,134.85
2025-06-30,CC-4010,People Operations,6000,Salaries & Wages,General & Administrative,58750.00
2025-06-30,CC-4010,People Operations,6010,Bonus,General & Administrative,6273.08
2025-06-30,CC-4010,People Operations,6020,Payroll Taxes & Benefits,General & Administrative,13329.73
2025-06-30,CC-4010,People Operations,6200,Software & Subscriptions,General & Administrative,1031.85
2025-06-30,CC-4010,People Operations,6410,Recruiting Fees,General & Administrative,23953.98
2025-06-30,CC-4010,People Operations,6450,Training & Enablement,General & Administrative,180.04
2025-06-30,CC-4020,Legal & Corporate,6000,Salaries & Wages,General & Administrative,11300.00
2025-06-30,CC-4020,Legal & Corporate,6010,Bonus,General & Administrative,904.00
2025-06-30,CC-4020,Legal & Corporate,6020,Payroll Taxes & Benefits,General & Administrative,2501.82
2025-06-30,CC-4020,Legal & Corporate,6200,Software & Subscriptions,General & Administrative,369.56
2025-06-30,CC-4020,Legal & Corporate,6300,Travel & Entertainment,General & Administrative,200.01
2025-06-30,CC-4020,Legal & Corporate,6400,Professional Fees,General & Administrative,18652.58
2025-06-30,CC-4020,Legal & Corporate,6430,Insurance,General & Administrative,16931.78
2025-06-30,CC-4030,IT & Corporate Systems,6000,Salaries & Wages,General & Administrative,51225.00
2025-06-30,CC-4030,IT & Corporate Systems,6010,Bonus,General & Administrative,5701.42
2025-06-30,CC-4030,IT & Corporate Systems,6020,Payroll Taxes & Benefits,General & Administrative,11669.92
2025-06-30,CC-4030,IT & Corporate Systems,6050,Contractor & Temp Labor,General & Administrative,6220.24
2025-06-30,CC-4030,IT & Corporate Systems,6200,Software & Subscriptions,General & Administrative,767.93
2025-06-30,CC-4030,IT & Corporate Systems,6420,Facilities & Rent,General & Administrative,32150.16
2025-06-30,CC-4030,IT & Corporate Systems,6900,Other Operating Expense,General & Administrative,92.72
2025-06-30,CC-9000,Revenue,4000,Subscription Revenue,Subscription Revenue,-2151862.86
2025-06-30,CC-9000,Revenue,4010,Usage Revenue Above Commitment,Subscription Revenue,-58009.14
2025-06-30,CC-9000,Revenue,4100,Professional Services Revenue,Services Revenue,-10449.30
2025-06-30,CC-9000,Revenue,4110,Implementation Fee Revenue,Services Revenue,-48794.35
2025-07-31,CC-1000,Sales - SMB,6000,Salaries & Wages,Sales & Marketing,69433.33
2025-07-31,CC-1000,Sales - SMB,6020,Payroll Taxes & Benefits,Sales & Marketing,14233.83
2025-07-31,CC-1000,Sales - SMB,6030,Sales Commissions,Sales & Marketing,2697.53
2025-07-31,CC-1000,Sales - SMB,6040,Commission Amortisation,Sales & Marketing,3755.08
2025-07-31,CC-1000,Sales - SMB,6200,Software & Subscriptions,Sales & Marketing,3384.18
2025-07-31,CC-1000,Sales - SMB,6300,Travel & Entertainment,Sales & Marketing,4170.14
2025-07-31,CC-1000,Sales - SMB,6450,Training & Enablement,Sales & Marketing,395.89
2025-07-31,CC-1010,Sales - Mid-Market,6000,Salaries & Wages,Sales & Marketing,87475.00
2025-07-31,CC-1010,Sales - Mid-Market,6020,Payroll Taxes & Benefits,Sales & Marketing,17932.38
2025-07-31,CC-1010,Sales - Mid-Market,6030,Sales Commissions,Sales & Marketing,5149.84
2025-07-31,CC-1010,Sales - Mid-Market,6040,Commission Amortisation,Sales & Marketing,7168.79
2025-07-31,CC-1010,Sales - Mid-Market,6200,Software & Subscriptions,Sales & Marketing,3760.08
2025-07-31,CC-1010,Sales - Mid-Market,6300,Travel & Entertainment,Sales & Marketing,4904.77
2025-07-31,CC-1010,Sales - Mid-Market,6450,Training & Enablement,Sales & Marketing,479.50
2025-07-31,CC-1020,Sales - Enterprise,6000,Salaries & Wages,Sales & Marketing,66858.33
2025-07-31,CC-1020,Sales - Enterprise,6020,Payroll Taxes & Benefits,Sales & Marketing,13705.96
2025-07-31,CC-1020,Sales - Enterprise,6030,Sales Commissions,Sales & Marketing,4414.15
2025-07-31,CC-1020,Sales - Enterprise,6040,Commission Amortisation,Sales & Marketing,6144.68
2025-07-31,CC-1020,Sales - Enterprise,6200,Software & Subscriptions,Sales & Marketing,2471.62
2025-07-31,CC-1020,Sales - Enterprise,6300,Travel & Entertainment,Sales & Marketing,3641.43
2025-07-31,CC-1020,Sales - Enterprise,6450,Training & Enablement,Sales & Marketing,299.72
2025-07-31,CC-1030,Sales Development,6000,Salaries & Wages,Sales & Marketing,41791.67
2025-07-31,CC-1030,Sales Development,6020,Payroll Taxes & Benefits,Sales & Marketing,8567.29
2025-07-31,CC-1030,Sales Development,6200,Software & Subscriptions,Sales & Marketing,1777.01
2025-07-31,CC-1030,Sales Development,6300,Travel & Entertainment,Sales & Marketing,2451.98
2025-07-31,CC-1030,Sales Development,6450,Training & Enablement,Sales & Marketing,225.12
2025-07-31,CC-1040,Sales Operations,6000,Salaries & Wages,Sales & Marketing,52175.00
2025-07-31,CC-1040,Sales Operations,6020,Payroll Taxes & Benefits,Sales & Marketing,10695.88
2025-07-31,CC-1040,Sales Operations,6200,Software & Subscriptions,Sales & Marketing,2166.37
2025-07-31,CC-1040,Sales Operations,6300,Travel & Entertainment,Sales & Marketing,3155.33
2025-07-31,CC-1050,Solutions Engineering,6000,Salaries & Wages,Sales & Marketing,37050.00
2025-07-31,CC-1050,Solutions Engineering,6020,Payroll Taxes & Benefits,Sales & Marketing,7595.25
2025-07-31,CC-1050,Solutions Engineering,6200,Software & Subscriptions,Sales & Marketing,1531.31
2025-07-31,CC-1050,Solutions Engineering,6300,Travel & Entertainment,Sales & Marketing,1927.58
2025-07-31,CC-1060,Sales Leadership,6000,Salaries & Wages,Sales & Marketing,27900.00
2025-07-31,CC-1060,Sales Leadership,6020,Payroll Taxes & Benefits,Sales & Marketing,5719.50
2025-07-31,CC-1060,Sales Leadership,6200,Software & Subscriptions,Sales & Marketing,1088.14
2025-07-31,CC-1060,Sales Leadership,6300,Travel & Entertainment,Sales & Marketing,1598.58
2025-07-31,CC-1060,Sales Leadership,6450,Training & Enablement,Sales & Marketing,129.76
2025-07-31,CC-1100,Demand Generation,6000,Salaries & Wages,Sales & Marketing,84050.00
2025-07-31,CC-1100,Demand Generation,6010,Bonus,Sales & Marketing,8157.50
2025-07-31,CC-1100,Demand Generation,6020,Payroll Taxes & Benefits,Sales & Marketing,18902.54
2025-07-31,CC-1100,Demand Generation,6050,Contractor & Temp Labor,Sales & Marketing,14741.06
2025-07-31,CC-1100,Demand Generation,6100,Demand Generation,Sales & Marketing,168006.48
2025-07-31,CC-1100,Demand Generation,6110,Events & Field Marketing,Sales & Marketing,64640.37
2025-07-31,CC-1100,Demand Generation,6200,Software & Subscriptions,Sales & Marketing,2737.92
2025-07-31,CC-1100,Demand Generation,6300,Travel & Entertainment,Sales & Marketing,2458.79
2025-07-31,CC-1100,Demand Generation,6450,Training & Enablement,Sales & Marketing,401.70
2025-07-31,CC-1110,Product Marketing,6000,Salaries & Wages,Sales & Marketing,67916.67
2025-07-31,CC-1110,Product Marketing,6010,Bonus,Sales & Marketing,6283.67
2025-07-31,CC-1110,Product Marketing,6020,Payroll Taxes & Benefits,Sales & Marketing,15211.07
2025-07-31,CC-1110,Product Marketing,6120,Brand & Content,Sales & Marketing,42690.13
2025-07-31,CC-1110,Product Marketing,6200,Software & Subscriptions,Sales & Marketing,2467.36
2025-07-31,CC-1110,Product Marketing,6300,Travel & Entertainment,Sales & Marketing,2188.85
2025-07-31,CC-1200,Customer Success,6000,Salaries & Wages,Sales & Marketing,78836.67
2025-07-31,CC-1200,Customer Success,6000,Salaries & Wages,Subscription COGS,118255.00
2025-07-31,CC-1200,Customer Success,6010,Bonus,Sales & Marketing,7776.47
2025-07-31,CC-1200,Customer Success,6010,Bonus,Subscription COGS,11664.70
2025-07-31,CC-1200,Customer Success,6020,Payroll Taxes & Benefits,Sales & Marketing,17755.69
2025-07-31,CC-1200,Customer Success,6020,Payroll Taxes & Benefits,Subscription COGS,26633.54
2025-07-31,CC-1200,Customer Success,6200,Software & Subscriptions,Sales & Marketing,1401.05
2025-07-31,CC-1200,Customer Success,6200,Software & Subscriptions,Subscription COGS,2101.57
2025-07-31,CC-1200,Customer Success,6300,Travel & Entertainment,Sales & Marketing,1127.41
2025-07-31,CC-1200,Customer Success,6300,Travel & Entertainment,Subscription COGS,1691.11
2025-07-31,CC-2000,Support,5010,Third-Party Data & APIs,Subscription COGS,1125.95
2025-07-31,CC-2000,Support,6000,Salaries & Wages,Subscription COGS,63208.33
2025-07-31,CC-2000,Support,6010,Bonus,Subscription COGS,6423.00
2025-07-31,CC-2000,Support,6020,Payroll Taxes & Benefits,Subscription COGS,14274.42
2025-07-31,CC-2000,Support,6200,Software & Subscriptions,Subscription COGS,1068.11
2025-07-31,CC-2010,Cloud Operations,5000,Cloud Hosting,Subscription COGS,136596.99
2025-07-31,CC-2010,Cloud Operations,5010,Third-Party Data & APIs,Subscription COGS,784.90
2025-07-31,CC-2010,Cloud Operations,5020,Payment Processing Fees,Subscription COGS,11404.17
2025-07-31,CC-2010,Cloud Operations,6000,Salaries & Wages,Subscription COGS,54708.33
2025-07-31,CC-2010,Cloud Operations,6010,Bonus,Subscription COGS,5308.25
2025-07-31,CC-2010,Cloud Operations,6020,Payroll Taxes & Benefits,Subscription COGS,12303.40
2025-07-31,CC-2010,Cloud Operations,6050,Contractor & Temp Labor,Subscription COGS,13939.44
2025-07-31,CC-2010,Cloud Operations,6200,Software & Subscriptions,Subscription COGS,776.25
2025-07-31,CC-2010,Cloud Operations,6900,Other Operating Expense,Subscription COGS,112.24
2025-07-31,CC-2100,Professional Services,5030,Services Subcontractors,Services COGS,3794.61
2025-07-31,CC-2100,Professional Services,6000,Salaries & Wages,Services COGS,42308.33
2025-07-31,CC-2100,Professional Services,6010,Bonus,Services COGS,3737.67
2025-07-31,CC-2100,Professional Services,6020,Payroll Taxes & Benefits,Services COGS,9439.43
2025-07-31,CC-2100,Professional Services,6200,Software & Subscriptions,Services COGS,899.17
2025-07-31,CC-2100,Professional Services,6300,Travel & Entertainment,Services COGS,1893.57
2025-07-31,CC-3000,Engineering,6000,Salaries & Wages,Research & Development,340175.00
2025-07-31,CC-3000,Engineering,6010,Bonus,Research & Development,32554.08
2025-07-31,CC-3000,Engineering,6020,Payroll Taxes & Benefits,Research & Development,76409.46
2025-07-31,CC-3000,Engineering,6050,Contractor & Temp Labor,Research & Development,23624.71
2025-07-31,CC-3000,Engineering,6200,Software & Subscriptions,Research & Development,11422.46
2025-07-31,CC-3000,Engineering,6300,Travel & Entertainment,Research & Development,2245.21
2025-07-31,CC-3000,Engineering,6450,Training & Enablement,Research & Development,1513.67
2025-07-31,CC-3000,Engineering,6900,Other Operating Expense,Research & Development,1013.91
2025-07-31,CC-3010,Quality & Release,6000,Salaries & Wages,Research & Development,46808.33
2025-07-31,CC-3010,Quality & Release,6010,Bonus,Research & Development,3744.67
2025-07-31,CC-3010,Quality & Release,6020,Payroll Taxes & Benefits,Research & Development,10363.36
2025-07-31,CC-3010,Quality & Release,6050,Contractor & Temp Labor,Research & Development,8150.83
2025-07-31,CC-3010,Quality & Release,6200,Software & Subscriptions,Research & Development,1704.79
2025-07-31,CC-3100,Product & Design,6000,Salaries & Wages,Research & Development,136325.00
2025-07-31,CC-3100,Product & Design,6010,Bonus,Research & Development,12051.33
2025-07-31,CC-3100,Product & Design,6020,Payroll Taxes & Benefits,Research & Development,30417.15
2025-07-31,CC-3100,Product & Design,6050,Contractor & Temp Labor,Research & Development,10918.79
2025-07-31,CC-3100,Product & Design,6200,Software & Subscriptions,Research & Development,3884.37
2025-07-31,CC-3100,Product & Design,6300,Travel & Entertainment,Research & Development,1177.21
2025-07-31,CC-4000,Finance & Accounting,6000,Salaries & Wages,General & Administrative,49575.00
2025-07-31,CC-4000,Finance & Accounting,6010,Bonus,General & Administrative,4484.00
2025-07-31,CC-4000,Finance & Accounting,6020,Payroll Taxes & Benefits,General & Administrative,11082.09
2025-07-31,CC-4000,Finance & Accounting,6200,Software & Subscriptions,General & Administrative,1023.05
2025-07-31,CC-4000,Finance & Accounting,6300,Travel & Entertainment,General & Administrative,606.15
2025-07-31,CC-4000,Finance & Accounting,6400,Professional Fees,General & Administrative,34724.32
2025-07-31,CC-4000,Finance & Accounting,6440,Depreciation & Amortisation,General & Administrative,21113.28
2025-07-31,CC-4000,Finance & Accounting,6900,Other Operating Expense,General & Administrative,129.42
2025-07-31,CC-4010,People Operations,6000,Salaries & Wages,General & Administrative,58750.00
2025-07-31,CC-4010,People Operations,6010,Bonus,General & Administrative,6273.08
2025-07-31,CC-4010,People Operations,6020,Payroll Taxes & Benefits,General & Administrative,13329.73
2025-07-31,CC-4010,People Operations,6200,Software & Subscriptions,General & Administrative,936.22
2025-07-31,CC-4010,People Operations,6410,Recruiting Fees,General & Administrative,38624.08
2025-07-31,CC-4010,People Operations,6450,Training & Enablement,General & Administrative,176.15
2025-07-31,CC-4020,Legal & Corporate,6000,Salaries & Wages,General & Administrative,17383.33
2025-07-31,CC-4020,Legal & Corporate,6010,Bonus,General & Administrative,1390.67
2025-07-31,CC-4020,Legal & Corporate,6020,Payroll Taxes & Benefits,General & Administrative,3848.67
2025-07-31,CC-4020,Legal & Corporate,6200,Software & Subscriptions,General & Administrative,516.53
2025-07-31,CC-4020,Legal & Corporate,6300,Travel & Entertainment,General & Administrative,298.62
2025-07-31,CC-4020,Legal & Corporate,6400,Professional Fees,General & Administrative,18476.19
2025-07-31,CC-4020,Legal & Corporate,6430,Insurance,General & Administrative,17795.80
2025-07-31,CC-4030,IT & Corporate Systems,6000,Salaries & Wages,General & Administrative,51225.00
2025-07-31,CC-4030,IT & Corporate Systems,6010,Bonus,General & Administrative,5701.42
2025-07-31,CC-4030,IT & Corporate Systems,6020,Payroll Taxes & Benefits,General & Administrative,11669.92
2025-07-31,CC-4030,IT & Corporate Systems,6050,Contractor & Temp Labor,General & Administrative,5935.95
2025-07-31,CC-4030,IT & Corporate Systems,6200,Software & Subscriptions,General & Administrative,764.73
2025-07-31,CC-4030,IT & Corporate Systems,6420,Facilities & Rent,General & Administrative,36568.66
2025-07-31,CC-4030,IT & Corporate Systems,6900,Other Operating Expense,General & Administrative,101.15
2025-07-31,CC-9000,Revenue,4000,Subscription Revenue,Subscription Revenue,-2179803.07
2025-07-31,CC-9000,Revenue,4010,Usage Revenue Above Commitment,Subscription Revenue,-61178.81
2025-07-31,CC-9000,Revenue,4100,Professional Services Revenue,Services Revenue,-9026.41
2025-07-31,CC-9000,Revenue,4110,Implementation Fee Revenue,Services Revenue,-48426.26
2025-08-31,CC-1000,Sales - SMB,6000,Salaries & Wages,Sales & Marketing,69433.33
2025-08-31,CC-1000,Sales - SMB,6020,Payroll Taxes & Benefits,Sales & Marketing,14233.83
2025-08-31,CC-1000,Sales - SMB,6030,Sales Commissions,Sales & Marketing,3497.53
2025-08-31,CC-1000,Sales - SMB,6040,Commission Amortisation,Sales & Marketing,3894.89
2025-08-31,CC-1000,Sales - SMB,6200,Software & Subscriptions,Sales & Marketing,3134.35
2025-08-31,CC-1000,Sales - SMB,6300,Travel & Entertainment,Sales & Marketing,4128.40
2025-08-31,CC-1000,Sales - SMB,6450,Training & Enablement,Sales & Marketing,454.49
2025-08-31,CC-1010,Sales - Mid-Market,6000,Salaries & Wages,Sales & Marketing,97658.33
2025-08-31,CC-1010,Sales - Mid-Market,6020,Payroll Taxes & Benefits,Sales & Marketing,20019.96
2025-08-31,CC-1010,Sales - Mid-Market,6030,Sales Commissions,Sales & Marketing,6677.10
2025-08-31,CC-1010,Sales - Mid-Market,6040,Commission Amortisation,Sales & Marketing,7435.69
2025-08-31,CC-1010,Sales - Mid-Market,6200,Software & Subscriptions,Sales & Marketing,3868.19
2025-08-31,CC-1010,Sales - Mid-Market,6300,Travel & Entertainment,Sales & Marketing,5211.10
2025-08-31,CC-1010,Sales - Mid-Market,6450,Training & Enablement,Sales & Marketing,470.56
2025-08-31,CC-1020,Sales - Enterprise,6000,Salaries & Wages,Sales & Marketing,67966.67
2025-08-31,CC-1020,Sales - Enterprise,6020,Payroll Taxes & Benefits,Sales & Marketing,13933.17
2025-08-31,CC-1020,Sales - Enterprise,6030,Sales Commissions,Sales & Marketing,5723.23
2025-08-31,CC-1020,Sales - Enterprise,6040,Commission Amortisation,Sales & Marketing,6373.45
2025-08-31,CC-1020,Sales - Enterprise,6200,Software & Subscriptions,Sales & Marketing,2526.33
2025-08-31,CC-1020,Sales - Enterprise,6300,Travel & Entertainment,Sales & Marketing,3588.83
2025-08-31,CC-1020,Sales - Enterprise,6450,Training & Enablement,Sales & Marketing,332.50
2025-08-31,CC-1030,Sales Development,6000,Salaries & Wages,Sales & Marketing,41791.67
2025-08-31,CC-1030,Sales Development,6020,Payroll Taxes & Benefits,Sales & Marketing,8567.29
2025-08-31,CC-1030,Sales Development,6200,Software & Subscriptions,Sales & Marketing,1961.85
2025-08-31,CC-1030,Sales Development,6300,Travel & Entertainment,Sales & Marketing,2835.12
2025-08-31,CC-1030,Sales Development,6450,Training & Enablement,Sales & Marketing,216.03
2025-08-31,CC-1040,Sales Operations,6000,Salaries & Wages,Sales & Marketing,40666.67
2025-08-31,CC-1040,Sales Operations,6020,Payroll Taxes & Benefits,Sales & Marketing,8336.67
2025-08-31,CC-1040,Sales Operations,6200,Software & Subscriptions,Sales & Marketing,1861.59
2025-08-31,CC-1040,Sales Operations,6300,Travel & Entertainment,Sales & Marketing,2601.16
2025-08-31,CC-1050,Solutions Engineering,6000,Salaries & Wages,Sales & Marketing,37050.00
2025-08-31,CC-1050,Solutions Engineering,6020,Payroll Taxes & Benefits,Sales & Marketing,7595.25
2025-08-31,CC-1050,Solutions Engineering,6200,Software & Subscriptions,Sales & Marketing,1402.33
2025-08-31,CC-1050,Solutions Engineering,6300,Travel & Entertainment,Sales & Marketing,1997.70
2025-08-31,CC-1060,Sales Leadership,6000,Salaries & Wages,Sales & Marketing,27900.00
2025-08-31,CC-1060,Sales Leadership,6020,Payroll Taxes & Benefits,Sales & Marketing,5719.50
2025-08-31,CC-1060,Sales Leadership,6200,Software & Subscriptions,Sales & Marketing,1075.36
2025-08-31,CC-1060,Sales Leadership,6300,Travel & Entertainment,Sales & Marketing,1447.43
2025-08-31,CC-1060,Sales Leadership,6450,Training & Enablement,Sales & Marketing,134.15
2025-08-31,CC-1100,Demand Generation,6000,Salaries & Wages,Sales & Marketing,84050.00
2025-08-31,CC-1100,Demand Generation,6010,Bonus,Sales & Marketing,8157.50
2025-08-31,CC-1100,Demand Generation,6020,Payroll Taxes & Benefits,Sales & Marketing,18902.54
2025-08-31,CC-1100,Demand Generation,6050,Contractor & Temp Labor,Sales & Marketing,13694.96
2025-08-31,CC-1100,Demand Generation,6100,Demand Generation,Sales & Marketing,154550.97
2025-08-31,CC-1100,Demand Generation,6110,Events & Field Marketing,Sales & Marketing,68288.48
2025-08-31,CC-1100,Demand Generation,6200,Software & Subscriptions,Sales & Marketing,3145.05
2025-08-31,CC-1100,Demand Generation,6300,Travel & Entertainment,Sales & Marketing,2214.05
2025-08-31,CC-1100,Demand Generation,6450,Training & Enablement,Sales & Marketing,373.74
2025-08-31,CC-1110,Product Marketing,6000,Salaries & Wages,Sales & Marketing,76400.00
2025-08-31,CC-1110,Product Marketing,6010,Bonus,Sales & Marketing,6962.33
2025-08-31,CC-1110,Product Marketing,6020,Payroll Taxes & Benefits,Sales & Marketing,17089.28
2025-08-31,CC-1110,Product Marketing,6120,Brand & Content,Sales & Marketing,40691.06
2025-08-31,CC-1110,Product Marketing,6200,Software & Subscriptions,Sales & Marketing,3083.56
2025-08-31,CC-1110,Product Marketing,6300,Travel & Entertainment,Sales & Marketing,2090.47
2025-08-31,CC-1200,Customer Success,6000,Salaries & Wages,Sales & Marketing,76393.33
2025-08-31,CC-1200,Customer Success,6000,Salaries & Wages,Subscription COGS,114590.00
2025-08-31,CC-1200,Customer Success,6010,Bonus,Sales & Marketing,7581.00
2025-08-31,CC-1200,Customer Success,6010,Bonus,Subscription COGS,11371.50
2025-08-31,CC-1200,Customer Success,6020,Payroll Taxes & Benefits,Sales & Marketing,17214.74
2025-08-31,CC-1200,Customer Success,6020,Payroll Taxes & Benefits,Subscription COGS,25822.11
2025-08-31,CC-1200,Customer Success,6200,Software & Subscriptions,Sales & Marketing,1267.94
2025-08-31,CC-1200,Customer Success,6200,Software & Subscriptions,Subscription COGS,1901.90
2025-08-31,CC-1200,Customer Success,6300,Travel & Entertainment,Sales & Marketing,946.86
2025-08-31,CC-1200,Customer Success,6300,Travel & Entertainment,Subscription COGS,1420.30
2025-08-31,CC-2000,Support,5010,Third-Party Data & APIs,Subscription COGS,1277.84
2025-08-31,CC-2000,Support,6000,Salaries & Wages,Subscription COGS,69091.67
2025-08-31,CC-2000,Support,6010,Bonus,Subscription COGS,6893.67
2025-08-31,CC-2000,Support,6020,Payroll Taxes & Benefits,Subscription COGS,15576.99
2025-08-31,CC-2000,Support,6200,Software & Subscriptions,Subscription COGS,1005.37
2025-08-31,CC-2010,Cloud Operations,5000,Cloud Hosting,Subscription COGS,130378.36
2025-08-31,CC-2010,Cloud Operations,5010,Third-Party Data & APIs,Subscription COGS,795.82
2025-08-31,CC-2010,Cloud Operations,5020,Payment Processing Fees,Subscription COGS,7516.14
2025-08-31,CC-2010,Cloud Operations,6000,Salaries & Wages,Subscription COGS,54708.33
2025-08-31,CC-2010,Cloud Operations,6010,Bonus,Subscription COGS,5308.25
2025-08-31,CC-2010,Cloud Operations,6020,Payroll Taxes & Benefits,Subscription COGS,12303.40
2025-08-31,CC-2010,Cloud Operations,6050,Contractor & Temp Labor,Subscription COGS,15342.09
2025-08-31,CC-2010,Cloud Operations,6200,Software & Subscriptions,Subscription COGS,819.87
2025-08-31,CC-2010,Cloud Operations,6900,Other Operating Expense,Subscription COGS,118.62
2025-08-31,CC-2100,Professional Services,5030,Services Subcontractors,Services COGS,3683.83
2025-08-31,CC-2100,Professional Services,6000,Salaries & Wages,Services COGS,42308.33
2025-08-31,CC-2100,Professional Services,6010,Bonus,Services COGS,3737.67
2025-08-31,CC-2100,Professional Services,6020,Payroll Taxes & Benefits,Services COGS,9439.43
2025-08-31,CC-2100,Professional Services,6200,Software & Subscriptions,Services COGS,917.78
2025-08-31,CC-2100,Professional Services,6300,Travel & Entertainment,Services COGS,1947.73
2025-08-31,CC-3000,Engineering,6000,Salaries & Wages,Research & Development,349891.67
2025-08-31,CC-3000,Engineering,6010,Bonus,Research & Development,33331.42
2025-08-31,CC-3000,Engineering,6020,Payroll Taxes & Benefits,Research & Development,78560.73
2025-08-31,CC-3000,Engineering,6050,Contractor & Temp Labor,Research & Development,24455.01
2025-08-31,CC-3000,Engineering,6200,Software & Subscriptions,Research & Development,10561.78
2025-08-31,CC-3000,Engineering,6300,Travel & Entertainment,Research & Development,2374.65
2025-08-31,CC-3000,Engineering,6450,Training & Enablement,Research & Development,1691.54
2025-08-31,CC-3000,Engineering,6900,Other Operating Expense,Research & Development,910.22
2025-08-31,CC-3010,Quality & Release,6000,Salaries & Wages,Research & Development,46808.33
2025-08-31,CC-3010,Quality & Release,6010,Bonus,Research & Development,3744.67
2025-08-31,CC-3010,Quality & Release,6020,Payroll Taxes & Benefits,Research & Development,10363.36
2025-08-31,CC-3010,Quality & Release,6050,Contractor & Temp Labor,Research & Development,7708.60
2025-08-31,CC-3010,Quality & Release,6200,Software & Subscriptions,Research & Development,1662.70
2025-08-31,CC-3100,Product & Design,6000,Salaries & Wages,Research & Development,146175.00
2025-08-31,CC-3100,Product & Design,6010,Bonus,Research & Development,13233.33
2025-08-31,CC-3100,Product & Design,6020,Payroll Taxes & Benefits,Research & Development,32678.71
2025-08-31,CC-3100,Product & Design,6050,Contractor & Temp Labor,Research & Development,10089.18
2025-08-31,CC-3100,Product & Design,6200,Software & Subscriptions,Research & Development,4439.47
2025-08-31,CC-3100,Product & Design,6300,Travel & Entertainment,Research & Development,1149.85
2025-08-31,CC-4000,Finance & Accounting,6000,Salaries & Wages,General & Administrative,49575.00
2025-08-31,CC-4000,Finance & Accounting,6010,Bonus,General & Administrative,4484.00
2025-08-31,CC-4000,Finance & Accounting,6020,Payroll Taxes & Benefits,General & Administrative,11082.09
2025-08-31,CC-4000,Finance & Accounting,6200,Software & Subscriptions,General & Administrative,1234.23
2025-08-31,CC-4000,Finance & Accounting,6300,Travel & Entertainment,General & Administrative,578.44
2025-08-31,CC-4000,Finance & Accounting,6400,Professional Fees,General & Administrative,33454.99
2025-08-31,CC-4000,Finance & Accounting,6440,Depreciation & Amortisation,General & Administrative,21113.28
2025-08-31,CC-4000,Finance & Accounting,6900,Other Operating Expense,General & Administrative,124.83
2025-08-31,CC-4010,People Operations,6000,Salaries & Wages,General & Administrative,58750.00
2025-08-31,CC-4010,People Operations,6010,Bonus,General & Administrative,6273.08
2025-08-31,CC-4010,People Operations,6020,Payroll Taxes & Benefits,General & Administrative,13329.73
2025-08-31,CC-4010,People Operations,6200,Software & Subscriptions,General & Administrative,932.47
2025-08-31,CC-4010,People Operations,6410,Recruiting Fees,General & Administrative,44460.77
2025-08-31,CC-4010,People Operations,6450,Training & Enablement,General & Administrative,199.72
2025-08-31,CC-4020,Legal & Corporate,6000,Salaries & Wages,General & Administrative,17383.33
2025-08-31,CC-4020,Legal & Corporate,6010,Bonus,General & Administrative,1390.67
2025-08-31,CC-4020,Legal & Corporate,6020,Payroll Taxes & Benefits,General & Administrative,3848.67
2025-08-31,CC-4020,Legal & Corporate,6200,Software & Subscriptions,General & Administrative,518.34
2025-08-31,CC-4020,Legal & Corporate,6300,Travel & Entertainment,General & Administrative,265.37
2025-08-31,CC-4020,Legal & Corporate,6400,Professional Fees,General & Administrative,18443.23
2025-08-31,CC-4020,Legal & Corporate,6430,Insurance,General & Administrative,19730.96
2025-08-31,CC-4030,IT & Corporate Systems,6000,Salaries & Wages,General & Administrative,51225.00
2025-08-31,CC-4030,IT & Corporate Systems,6010,Bonus,General & Administrative,5701.42
2025-08-31,CC-4030,IT & Corporate Systems,6020,Payroll Taxes & Benefits,General & Administrative,11669.92
2025-08-31,CC-4030,IT & Corporate Systems,6050,Contractor & Temp Labor,General & Administrative,6162.41
2025-08-31,CC-4030,IT & Corporate Systems,6200,Software & Subscriptions,General & Administrative,731.97
2025-08-31,CC-4030,IT & Corporate Systems,6420,Facilities & Rent,General & Administrative,38764.85
2025-08-31,CC-4030,IT & Corporate Systems,6900,Other Operating Expense,General & Administrative,89.52
2025-08-31,CC-9000,Revenue,4000,Subscription Revenue,Subscription Revenue,-2215407.44
2025-08-31,CC-9000,Revenue,4010,Usage Revenue Above Commitment,Subscription Revenue,-61195.08
2025-08-31,CC-9000,Revenue,4100,Professional Services Revenue,Services Revenue,-8374.08
2025-08-31,CC-9000,Revenue,4110,Implementation Fee Revenue,Services Revenue,-48225.40
2025-09-30,CC-1000,Sales - SMB,6000,Salaries & Wages,Sales & Marketing,80266.67
2025-09-30,CC-1000,Sales - SMB,6020,Payroll Taxes & Benefits,Sales & Marketing,16454.67
2025-09-30,CC-1000,Sales - SMB,6030,Sales Commissions,Sales & Marketing,6058.18
2025-09-30,CC-1000,Sales - SMB,6040,Commission Amortisation,Sales & Marketing,4137.05
2025-09-30,CC-1000,Sales - SMB,6200,Software & Subscriptions,Sales & Marketing,3475.63
2025-09-30,CC-1000,Sales - SMB,6300,Travel & Entertainment,Sales & Marketing,4794.11
2025-09-30,CC-1000,Sales - SMB,6450,Training & Enablement,Sales & Marketing,463.10
2025-09-30,CC-1010,Sales - Mid-Market,6000,Salaries & Wages,Sales & Marketing,97658.33
2025-09-30,CC-1010,Sales - Mid-Market,6020,Payroll Taxes & Benefits,Sales & Marketing,20019.96
2025-09-30,CC-1010,Sales - Mid-Market,6030,Sales Commissions,Sales & Marketing,11565.61
2025-09-30,CC-1010,Sales - Mid-Market,6040,Commission Amortisation,Sales & Marketing,7898.00
2025-09-30,CC-1010,Sales - Mid-Market,6200,Software & Subscriptions,Sales & Marketing,4362.71
2025-09-30,CC-1010,Sales - Mid-Market,6300,Travel & Entertainment,Sales & Marketing,5681.83
2025-09-30,CC-1010,Sales - Mid-Market,6450,Training & Enablement,Sales & Marketing,468.58
2025-09-30,CC-1020,Sales - Enterprise,6000,Salaries & Wages,Sales & Marketing,67966.67
2025-09-30,CC-1020,Sales - Enterprise,6020,Payroll Taxes & Benefits,Sales & Marketing,13933.17
2025-09-30,CC-1020,Sales - Enterprise,6030,Sales Commissions,Sales & Marketing,9913.38
2025-09-30,CC-1020,Sales - Enterprise,6040,Commission Amortisation,Sales & Marketing,6769.72
2025-09-30,CC-1020,Sales - Enterprise,6200,Software & Subscriptions,Sales & Marketing,2603.79
2025-09-30,CC-1020,Sales - Enterprise,6300,Travel & Entertainment,Sales & Marketing,3463.28
2025-09-30,CC-1020,Sales - Enterprise,6450,Training & Enablement,Sales & Marketing,328.26
2025-09-30,CC-1030,Sales Development,6000,Salaries & Wages,Sales & Marketing,41791.67
2025-09-30,CC-1030,Sales Development,6020,Payroll Taxes & Benefits,Sales & Marketing,8567.29
2025-09-30,CC-1030,Sales Development,6200,Software & Subscriptions,Sales & Marketing,1646.43
2025-09-30,CC-1030,Sales Development,6300,Travel & Entertainment,Sales & Marketing,2462.32
2025-09-30,CC-1030,Sales Development,6450,Training & Enablement,Sales & Marketing,222.48
2025-09-30,CC-1040,Sales Operations,6000,Salaries & Wages,Sales & Marketing,40666.67
2025-09-30,CC-1040,Sales Operations,6020,Payroll Taxes & Benefits,Sales & Marketing,8336.67
2025-09-30,CC-1040,Sales Operations,6200,Software & Subscriptions,Sales & Marketing,1964.03
2025-09-30,CC-1040,Sales Operations,6300,Travel & Entertainment,Sales & Marketing,2463.90
2025-09-30,CC-1050,Solutions Engineering,6000,Salaries & Wages,Sales & Marketing,29183.33
2025-09-30,CC-1050,Solutions Engineering,6020,Payroll Taxes & Benefits,Sales & Marketing,5982.58
2025-09-30,CC-1050,Solutions Engineering,6200,Software & Subscriptions,Sales & Marketing,1173.93
2025-09-30,CC-1050,Solutions Engineering,6300,Travel & Entertainment,Sales & Marketing,1610.49
2025-09-30,CC-1060,Sales Leadership,6000,Salaries & Wages,Sales & Marketing,27900.00
2025-09-30,CC-1060,Sales Leadership,6020,Payroll Taxes & Benefits,Sales & Marketing,5719.50
2025-09-30,CC-1060,Sales Leadership,6200,Software & Subscriptions,Sales & Marketing,1065.46
2025-09-30,CC-1060,Sales Leadership,6300,Travel & Entertainment,Sales & Marketing,1592.05
2025-09-30,CC-1060,Sales Leadership,6450,Training & Enablement,Sales & Marketing,128.28
2025-09-30,CC-1100,Demand Generation,6000,Salaries & Wages,Sales & Marketing,84050.00
2025-09-30,CC-1100,Demand Generation,6010,Bonus,Sales & Marketing,8157.50
2025-09-30,CC-1100,Demand Generation,6020,Payroll Taxes & Benefits,Sales & Marketing,18902.54
2025-09-30,CC-1100,Demand Generation,6050,Contractor & Temp Labor,Sales & Marketing,14856.25
2025-09-30,CC-1100,Demand Generation,6100,Demand Generation,Sales & Marketing,201684.40
2025-09-30,CC-1100,Demand Generation,6110,Events & Field Marketing,Sales & Marketing,74338.98
2025-09-30,CC-1100,Demand Generation,6200,Software & Subscriptions,Sales & Marketing,2981.82
2025-09-30,CC-1100,Demand Generation,6300,Travel & Entertainment,Sales & Marketing,2314.67
2025-09-30,CC-1100,Demand Generation,6450,Training & Enablement,Sales & Marketing,396.33
2025-09-30,CC-1110,Product Marketing,6000,Salaries & Wages,Sales & Marketing,69675.00
2025-09-30,CC-1110,Product Marketing,6010,Bonus,Sales & Marketing,6424.33
2025-09-30,CC-1110,Product Marketing,6020,Payroll Taxes & Benefits,Sales & Marketing,15600.36
2025-09-30,CC-1110,Product Marketing,6120,Brand & Content,Sales & Marketing,52578.47
2025-09-30,CC-1110,Product Marketing,6200,Software & Subscriptions,Sales & Marketing,2661.00
2025-09-30,CC-1110,Product Marketing,6300,Travel & Entertainment,Sales & Marketing,2283.44
2025-09-30,CC-1200,Customer Success,6000,Salaries & Wages,Sales & Marketing,80676.67
2025-09-30,CC-1200,Customer Success,6000,Salaries & Wages,Subscription COGS,121015.00
2025-09-30,CC-1200,Customer Success,6010,Bonus,Sales & Marketing,8095.00
2025-09-30,CC-1200,Customer Success,6010,Bonus,Subscription COGS,12142.50
2025-09-30,CC-1200,Customer Success,6020,Payroll Taxes & Benefits,Sales & Marketing,18198.19
2025-09-30,CC-1200,Customer Success,6020,Payroll Taxes & Benefits,Subscription COGS,27297.29
2025-09-30,CC-1200,Customer Success,6200,Software & Subscriptions,Sales & Marketing,1351.34
2025-09-30,CC-1200,Customer Success,6200,Software & Subscriptions,Subscription COGS,2027.01
2025-09-30,CC-1200,Customer Success,6300,Travel & Entertainment,Sales & Marketing,1036.56
2025-09-30,CC-1200,Customer Success,6300,Travel & Entertainment,Subscription COGS,1554.84
2025-09-30,CC-2000,Support,5010,Third-Party Data & APIs,Subscription COGS,1297.80
2025-09-30,CC-2000,Support,6000,Salaries & Wages,Subscription COGS,62616.67
2025-09-30,CC-2000,Support,6010,Bonus,Subscription COGS,6375.67
2025-09-30,CC-2000,Support,6020,Payroll Taxes & Benefits,Subscription COGS,14143.43
2025-09-30,CC-2000,Support,6200,Software & Subscriptions,Subscription COGS,989.78
2025-09-30,CC-2010,Cloud Operations,5000,Cloud Hosting,Subscription COGS,133398.18
2025-09-30,CC-2010,Cloud Operations,5010,Third-Party Data & APIs,Subscription COGS,770.48
2025-09-30,CC-2010,Cloud Operations,5020,Payment Processing Fees,Subscription COGS,11199.41
2025-09-30,CC-2010,Cloud Operations,6000,Salaries & Wages,Subscription COGS,54708.33
2025-09-30,CC-2010,Cloud Operations,6010,Bonus,Subscription COGS,5308.25
2025-09-30,CC-2010,Cloud Operations,6020,Payroll Taxes & Benefits,Subscription COGS,12303.40
2025-09-30,CC-2010,Cloud Operations,6050,Contractor & Temp Labor,Subscription COGS,14703.86
2025-09-30,CC-2010,Cloud Operations,6200,Software & Subscriptions,Subscription COGS,801.65
2025-09-30,CC-2010,Cloud Operations,6900,Other Operating Expense,Subscription COGS,125.92
2025-09-30,CC-2100,Professional Services,5030,Services Subcontractors,Services COGS,3528.51
2025-09-30,CC-2100,Professional Services,6000,Salaries & Wages,Services COGS,42308.33
2025-09-30,CC-2100,Professional Services,6010,Bonus,Services COGS,3737.67
2025-09-30,CC-2100,Professional Services,6020,Payroll Taxes & Benefits,Services COGS,9439.43
2025-09-30,CC-2100,Professional Services,6200,Software & Subscriptions,Services COGS,1007.74
2025-09-30,CC-2100,Professional Services,6300,Travel & Entertainment,Services COGS,2420.41
2025-09-30,CC-3000,Engineering,6000,Salaries & Wages,Research & Development,352858.33
2025-09-30,CC-3000,Engineering,6010,Bonus,Research & Development,33568.75
2025-09-30,CC-3000,Engineering,6020,Payroll Taxes & Benefits,Research & Development,79217.55
2025-09-30,CC-3000,Engineering,6050,Contractor & Temp Labor,Research & Development,24421.27
2025-09-30,CC-3000,Engineering,6200,Software & Subscriptions,Research & Development,9835.28
2025-09-30,CC-3000,Engineering,6300,Travel & Entertainment,Research & Development,2083.70
2025-09-30,CC-3000,Engineering,6450,Training & Enablement,Research & Development,1420.37
2025-09-30,CC-3000,Engineering,6900,Other Operating Expense,Research & Development,1027.31
2025-09-30,CC-3010,Quality & Release,6000,Salaries & Wages,Research & Development,46808.33
2025-09-30,CC-3010,Quality & Release,6010,Bonus,Research & Development,3744.67
2025-09-30,CC-3010,Quality & Release,6020,Payroll Taxes & Benefits,Research & Development,10363.36
2025-09-30,CC-3010,Quality & Release,6050,Contractor & Temp Labor,Research & Development,8563.56
2025-09-30,CC-3010,Quality & Release,6200,Software & Subscriptions,Research & Development,1590.91
2025-09-30,CC-3100,Product & Design,6000,Salaries & Wages,Research & Development,137416.67
2025-09-30,CC-3100,Product & Design,6010,Bonus,Research & Development,12532.67
2025-09-30,CC-3100,Product & Design,6020,Payroll Taxes & Benefits,Research & Development,30739.61
2025-09-30,CC-3100,Product & Design,6050,Contractor & Temp Labor,Research & Development,9081.83
2025-09-30,CC-3100,Product & Design,6200,Software & Subscriptions,Research & Development,3909.95
2025-09-30,CC-3100,Product & Design,6300,Travel & Entertainment,Research & Development,1042.24
2025-09-30,CC-4000,Finance & Accounting,6000,Salaries & Wages,General & Administrative,49575.00
2025-09-30,CC-4000,Finance & Accounting,6010,Bonus,General & Administrative,4484.00
2025-09-30,CC-4000,Finance & Accounting,6020,Payroll Taxes & Benefits,General & Administrative,11082.09
2025-09-30,CC-4000,Finance & Accounting,6200,Software & Subscriptions,General & Administrative,1017.94
2025-09-30,CC-4000,Finance & Accounting,6300,Travel & Entertainment,General & Administrative,575.27
2025-09-30,CC-4000,Finance & Accounting,6400,Professional Fees,General & Administrative,53160.91
2025-09-30,CC-4000,Finance & Accounting,6440,Depreciation & Amortisation,General & Administrative,21113.28
2025-09-30,CC-4000,Finance & Accounting,6900,Other Operating Expense,General & Administrative,137.75
2025-09-30,CC-4010,People Operations,6000,Salaries & Wages,General & Administrative,58750.00
2025-09-30,CC-4010,People Operations,6010,Bonus,General & Administrative,6273.08
2025-09-30,CC-4010,People Operations,6020,Payroll Taxes & Benefits,General & Administrative,13329.73
2025-09-30,CC-4010,People Operations,6200,Software & Subscriptions,General & Administrative,966.74
2025-09-30,CC-4010,People Operations,6410,Recruiting Fees,General & Administrative,25119.59
2025-09-30,CC-4010,People Operations,6450,Training & Enablement,General & Administrative,199.38
2025-09-30,CC-4020,Legal & Corporate,6000,Salaries & Wages,General & Administrative,17383.33
2025-09-30,CC-4020,Legal & Corporate,6010,Bonus,General & Administrative,1390.67
2025-09-30,CC-4020,Legal & Corporate,6020,Payroll Taxes & Benefits,General & Administrative,3848.67
2025-09-30,CC-4020,Legal & Corporate,6200,Software & Subscriptions,General & Administrative,565.64
2025-09-30,CC-4020,Legal & Corporate,6300,Travel & Entertainment,General & Administrative,310.36
2025-09-30,CC-4020,Legal & Corporate,6400,Professional Fees,General & Administrative,30982.20
2025-09-30,CC-4020,Legal & Corporate,6430,Insurance,General & Administrative,19508.50
2025-09-30,CC-4030,IT & Corporate Systems,6000,Salaries & Wages,General & Administrative,51225.00
2025-09-30,CC-4030,IT & Corporate Systems,6010,Bonus,General & Administrative,5701.42
2025-09-30,CC-4030,IT & Corporate Systems,6020,Payroll Taxes & Benefits,General & Administrative,11669.92
2025-09-30,CC-4030,IT & Corporate Systems,6050,Contractor & Temp Labor,General & Administrative,5490.26
2025-09-30,CC-4030,IT & Corporate Systems,6200,Software & Subscriptions,General & Administrative,704.34
2025-09-30,CC-4030,IT & Corporate Systems,6420,Facilities & Rent,General & Administrative,34178.34
2025-09-30,CC-4030,IT & Corporate Systems,6900,Other Operating Expense,General & Administrative,95.22
2025-09-30,CC-9000,Revenue,4000,Subscription Revenue,Subscription Revenue,-2255515.49
2025-09-30,CC-9000,Revenue,4010,Usage Revenue Above Commitment,Subscription Revenue,-48381.84
2025-09-30,CC-9000,Revenue,4100,Professional Services Revenue,Services Revenue,-6682.47
2025-09-30,CC-9000,Revenue,4110,Implementation Fee Revenue,Services Revenue,-46728.80
2025-10-31,CC-1000,Sales - SMB,6000,Salaries & Wages,Sales & Marketing,80266.67
2025-10-31,CC-1000,Sales - SMB,6020,Payroll Taxes & Benefits,Sales & Marketing,16454.67
2025-10-31,CC-1000,Sales - SMB,6030,Sales Commissions,Sales & Marketing,3916.18
2025-10-31,CC-1000,Sales - SMB,6040,Commission Amortisation,Sales & Marketing,4293.59
2025-10-31,CC-1000,Sales - SMB,6200,Software & Subscriptions,Sales & Marketing,3736.13
2025-10-31,CC-1000,Sales - SMB,6300,Travel & Entertainment,Sales & Marketing,5424.69
2025-10-31,CC-1000,Sales - SMB,6450,Training & Enablement,Sales & Marketing,438.85
2025-10-31,CC-1010,Sales - Mid-Market,6000,Salaries & Wages,Sales & Marketing,106808.33
2025-10-31,CC-1010,Sales - Mid-Market,6020,Payroll Taxes & Benefits,Sales & Marketing,21895.71
2025-10-31,CC-1010,Sales - Mid-Market,6030,Sales Commissions,Sales & Marketing,7476.35
2025-10-31,CC-1010,Sales - Mid-Market,6040,Commission Amortisation,Sales & Marketing,8196.85
2025-10-31,CC-1010,Sales - Mid-Market,6200,Software & Subscriptions,Sales & Marketing,4468.66
2025-10-31,CC-1010,Sales - Mid-Market,6300,Travel & Entertainment,Sales & Marketing,6192.71
2025-10-31,CC-1010,Sales - Mid-Market,6450,Training & Enablement,Sales & Marketing,511.81
2025-10-31,CC-1020,Sales - Enterprise,6000,Salaries & Wages,Sales & Marketing,67966.67
2025-10-31,CC-1020,Sales - Enterprise,6020,Payroll Taxes & Benefits,Sales & Marketing,13933.17
2025-10-31,CC-1020,Sales - Enterprise,6030,Sales Commissions,Sales & Marketing,6408.30
2025-10-31,CC-1020,Sales - Enterprise,6040,Commission Amortisation,Sales & Marketing,7025.88
2025-10-31,CC-1020,Sales - Enterprise,6200,Software & Subscriptions,Sales & Marketing,2426.34
2025-10-31,CC-1020,Sales - Enterprise,6300,Travel & Entertainment,Sales & Marketing,3315.36
2025-10-31,CC-1020,Sales - Enterprise,6450,Training & Enablement,Sales & Marketing,320.26
2025-10-31,CC-1030,Sales Development,6000,Salaries & Wages,Sales & Marketing,54216.67
2025-10-31,CC-1030,Sales Development,6020,Payroll Taxes & Benefits,Sales & Marketing,11114.42
2025-10-31,CC-1030,Sales Development,6200,Software & Subscriptions,Sales & Marketing,2306.62
2025-10-31,CC-1030,Sales Development,6300,Travel & Entertainment,Sales & Marketing,2826.52
2025-10-31,CC-1030,Sales Development,6450,Training & Enablement,Sales & Marketing,244.48
2025-10-31,CC-1040,Sales Operations,6000,Salaries & Wages,Sales & Marketing,35008.33
2025-10-31,CC-1040,Sales Operations,6020,Payroll Taxes & Benefits,Sales & Marketing,7176.71
2025-10-31,CC-1040,Sales Operations,6200,Software & Subscriptions,Sales & Marketing,1421.35
2025-10-31,CC-1040,Sales Operations,6300,Travel & Entertainment,Sales & Marketing,2318.65
2025-10-31,CC-1050,Solutions Engineering,6000,Salaries & Wages,Sales & Marketing,29183.33
2025-10-31,CC-1050,Solutions Engineering,6020,Payroll Taxes & Benefits,Sales & Marketing,5982.58
2025-10-31,CC-1050,Solutions Engineering,6200,Software & Subscriptions,Sales & Marketing,1208.82
2025-10-31,CC-1050,Solutions Engineering,6300,Travel & Entertainment,Sales & Marketing,1530.88
2025-10-31,CC-1060,Sales Leadership,6000,Salaries & Wages,Sales & Marketing,27900.00
2025-10-31,CC-1060,Sales Leadership,6020,Payroll Taxes & Benefits,Sales & Marketing,5719.50
2025-10-31,CC-1060,Sales Leadership,6200,Software & Subscriptions,Sales & Marketing,1064.34
2025-10-31,CC-1060,Sales Leadership,6300,Travel & Entertainment,Sales & Marketing,1588.79
2025-10-31,CC-1060,Sales Leadership,6450,Training & Enablement,Sales & Marketing,128.48
2025-10-31,CC-1100,Demand Generation,6000,Salaries & Wages,Sales & Marketing,84050.00
2025-10-31,CC-1100,Demand Generation,6010,Bonus,Sales & Marketing,8157.50
2025-10-31,CC-1100,Demand Generation,6020,Payroll Taxes & Benefits,Sales & Marketing,18902.54
2025-10-31,CC-1100,Demand Generation,6050,Contractor & Temp Labor,Sales & Marketing,14828.40
2025-10-31,CC-1100,Demand Generation,6100,Demand Generation,Sales & Marketing,192067.85
2025-10-31,CC-1100,Demand Generation,6110,Events & Field Marketing,Sales & Marketing,78489.13
2025-10-31,CC-1100,Demand Generation,6200,Software & Subscriptions,Sales & Marketing,2601.87
2025-10-31,CC-1100,Demand Generation,6300,Travel & Entertainment,Sales & Marketing,2351.87
2025-10-31,CC-1100,Demand Generation,6450,Training & Enablement,Sales & Marketing,397.63
2025-10-31,CC-1110,Product Marketing,6000,Salaries & Wages,Sales & Marketing,69675.00
2025-10-31,CC-1110,Product Marketing,6010,Bonus,Sales & Marketing,6424.33
2025-10-31,CC-1110,Product Marketing,6020,Payroll Taxes & Benefits,Sales & Marketing,15600.36
2025-10-31,CC-1110,Product Marketing,6120,Brand & Content,Sales & Marketing,58550.10
2025-10-31,CC-1110,Product Marketing,6200,Software & Subscriptions,Sales & Marketing,2676.02
2025-10-31,CC-1110,Product Marketing,6300,Travel & Entertainment,Sales & Marketing,2064.66
2025-10-31,CC-1200,Customer Success,6000,Salaries & Wages,Sales & Marketing,80676.67
2025-10-31,CC-1200,Customer Success,6000,Salaries & Wages,Subscription COGS,121015.00
2025-10-31,CC-1200,Customer Success,6010,Bonus,Sales & Marketing,8095.00
2025-10-31,CC-1200,Customer Success,6010,Bonus,Subscription COGS,12142.50
2025-10-31,CC-1200,Customer Success,6020,Payroll Taxes & Benefits,Sales & Marketing,18198.19
2025-10-31,CC-1200,Customer Success,6020,Payroll Taxes & Benefits,Subscription COGS,27297.29
2025-10-31,CC-1200,Customer Success,6200,Software & Subscriptions,Sales & Marketing,1247.27
2025-10-31,CC-1200,Customer Success,6200,Software & Subscriptions,Subscription COGS,1870.90
2025-10-31,CC-1200,Customer Success,6300,Travel & Entertainment,Sales & Marketing,1089.55
2025-10-31,CC-1200,Customer Success,6300,Travel & Entertainment,Subscription COGS,1634.32
2025-10-31,CC-2000,Support,5010,Third-Party Data & APIs,Subscription COGS,1254.95
2025-10-31,CC-2000,Support,6000,Salaries & Wages,Subscription COGS,62616.67
2025-10-31,CC-2000,Support,6010,Bonus,Subscription COGS,6375.67
2025-10-31,CC-2000,Support,6020,Payroll Taxes & Benefits,Subscription COGS,14143.43
2025-10-31,CC-2000,Support,6200,Software & Subscriptions,Subscription COGS,937.91
2025-10-31,CC-2010,Cloud Operations,5000,Cloud Hosting,Subscription COGS,147193.11
2025-10-31,CC-2010,Cloud Operations,5010,Third-Party Data & APIs,Subscription COGS,782.81
2025-10-31,CC-2010,Cloud Operations,5020,Payment Processing Fees,Subscription COGS,15752.22
2025-10-31,CC-2010,Cloud Operations,6000,Salaries & Wages,Subscription COGS,54708.33
2025-10-31,CC-2010,Cloud Operations,6010,Bonus,Subscription COGS,5308.25
2025-10-31,CC-2010,Cloud Operations,6020,Payroll Taxes & Benefits,Subscription COGS,12303.40
2025-10-31,CC-2010,Cloud Operations,6050,Contractor & Temp Labor,Subscription COGS,14178.49
2025-10-31,CC-2010,Cloud Operations,6200,Software & Subscriptions,Subscription COGS,863.59
2025-10-31,CC-2010,Cloud Operations,6900,Other Operating Expense,Subscription COGS,119.15
2025-10-31,CC-2100,Professional Services,5030,Services Subcontractors,Services COGS,3506.63
2025-10-31,CC-2100,Professional Services,6000,Salaries & Wages,Services COGS,42308.33
2025-10-31,CC-2100,Professional Services,6010,Bonus,Services COGS,3737.67
2025-10-31,CC-2100,Professional Services,6020,Payroll Taxes & Benefits,Services COGS,9439.43
2025-10-31,CC-2100,Professional Services,6200,Software & Subscriptions,Services COGS,1007.57
2025-10-31,CC-2100,Professional Services,6300,Travel & Entertainment,Services COGS,1927.86
2025-10-31,CC-3000,Engineering,6000,Salaries & Wages,Research & Development,358900.00
2025-10-31,CC-3000,Engineering,6010,Bonus,Research & Development,34052.08
2025-10-31,CC-3000,Engineering,6020,Payroll Taxes & Benefits,Research & Development,80555.18
2025-10-31,CC-3000,Engineering,6050,Contractor & Temp Labor,Research & Development,23728.51
2025-10-31,CC-3000,Engineering,6200,Software & Subscriptions,Research & Development,10461.54
2025-10-31,CC-3000,Engineering,6300,Travel & Entertainment,Research & Development,2235.57
2025-10-31,CC-3000,Engineering,6450,Training & Enablement,Research & Development,1783.17
2025-10-31,CC-3000,Engineering,6900,Other Operating Expense,Research & Development,1046.32
2025-10-31,CC-3010,Quality & Release,6000,Salaries & Wages,Research & Development,68958.33
2025-10-31,CC-3010,Quality & Release,6010,Bonus,Research & Development,8617.67
2025-10-31,CC-3010,Quality & Release,6020,Payroll Taxes & Benefits,Research & Development,15903.08
2025-10-31,CC-3010,Quality & Release,6050,Contractor & Temp Labor,Research & Development,8092.04
2025-10-31,CC-3010,Quality & Release,6200,Software & Subscriptions,Research & Development,1985.20
2025-10-31,CC-3100,Product & Design,6000,Salaries & Wages,Research & Development,155675.00
2025-10-31,CC-3100,Product & Design,6010,Bonus,Research & Development,13993.33
2025-10-31,CC-3100,Product & Design,6020,Payroll Taxes & Benefits,Research & Development,34782.01
2025-10-31,CC-3100,Product & Design,6050,Contractor & Temp Labor,Research & Development,8670.70
2025-10-31,CC-3100,Product & Design,6200,Software & Subscriptions,Research & Development,4823.68
2025-10-31,CC-3100,Product & Design,6300,Travel & Entertainment,Research & Development,1222.39
2025-10-31,CC-4000,Finance & Accounting,6000,Salaries & Wages,General & Administrative,60308.33
2025-10-31,CC-4000,Finance & Accounting,6010,Bonus,General & Administrative,5342.67
2025-10-31,CC-4000,Finance & Accounting,6020,Payroll Taxes & Benefits,General & Administrative,13458.45
2025-10-31,CC-4000,Finance & Accounting,6200,Software & Subscriptions,General & Administrative,1283.43
2025-10-31,CC-4000,Finance & Accounting,6300,Travel & Entertainment,General & Administrative,640.91
2025-10-31,CC-4000,Finance & Accounting,6400,Professional Fees,General & Administrative,36074.30
2025-10-31,CC-4000,Finance & Accounting,6440,Depreciation & Amortisation,General & Administrative,21113.28
2025-10-31,CC-4000,Finance & Accounting,6900,Other Operating Expense,General & Administrative,160.63
2025-10-31,CC-4010,People Operations,6000,Salaries & Wages,General & Administrative,58750.00
2025-10-31,CC-4010,People Operations,6010,Bonus,General & Administrative,6273.08
2025-10-31,CC-4010,People Operations,6020,Payroll Taxes & Benefits,General & Administrative,13329.73
2025-10-31,CC-4010,People Operations,6200,Software & Subscriptions,General & Administrative,917.15
2025-10-31,CC-4010,People Operations,6410,Recruiting Fees,General & Administrative,48639.92
2025-10-31,CC-4010,People Operations,6450,Training & Enablement,General & Administrative,185.58
2025-10-31,CC-4020,Legal & Corporate,6000,Salaries & Wages,General & Administrative,17383.33
2025-10-31,CC-4020,Legal & Corporate,6010,Bonus,General & Administrative,1390.67
2025-10-31,CC-4020,Legal & Corporate,6020,Payroll Taxes & Benefits,General & Administrative,3848.67
2025-10-31,CC-4020,Legal & Corporate,6200,Software & Subscriptions,General & Administrative,519.90
2025-10-31,CC-4020,Legal & Corporate,6300,Travel & Entertainment,General & Administrative,301.72
2025-10-31,CC-4020,Legal & Corporate,6400,Professional Fees,General & Administrative,18196.97
2025-10-31,CC-4020,Legal & Corporate,6430,Insurance,General & Administrative,18111.81
2025-10-31,CC-4030,IT & Corporate Systems,6000,Salaries & Wages,General & Administrative,51225.00
2025-10-31,CC-4030,IT & Corporate Systems,6010,Bonus,General & Administrative,5701.42
2025-10-31,CC-4030,IT & Corporate Systems,6020,Payroll Taxes & Benefits,General & Administrative,11669.92
2025-10-31,CC-4030,IT & Corporate Systems,6050,Contractor & Temp Labor,General & Administrative,5738.45
2025-10-31,CC-4030,IT & Corporate Systems,6200,Software & Subscriptions,General & Administrative,725.50
2025-10-31,CC-4030,IT & Corporate Systems,6420,Facilities & Rent,General & Administrative,37979.62
2025-10-31,CC-4030,IT & Corporate Systems,6900,Other Operating Expense,General & Administrative,92.63
2025-10-31,CC-9000,Revenue,4000,Subscription Revenue,Subscription Revenue,-2282055.57
2025-10-31,CC-9000,Revenue,4010,Usage Revenue Above Commitment,Subscription Revenue,-48951.14
2025-10-31,CC-9000,Revenue,4100,Professional Services Revenue,Services Revenue,-9512.11
2025-10-31,CC-9000,Revenue,4110,Implementation Fee Revenue,Services Revenue,-41312.84
2025-11-30,CC-1000,Sales - SMB,6000,Salaries & Wages,Sales & Marketing,71075.00
2025-11-30,CC-1000,Sales - SMB,6020,Payroll Taxes & Benefits,Sales & Marketing,14570.38
2025-11-30,CC-1000,Sales - SMB,6030,Sales Commissions,Sales & Marketing,9365.62
2025-11-30,CC-1000,Sales - SMB,6040,Commission Amortisation,Sales & Marketing,4667.96
2025-11-30,CC-1000,Sales - SMB,6200,Software & Subscriptions,Sales & Marketing,3027.22
2025-11-30,CC-1000,Sales - SMB,6300,Travel & Entertainment,Sales & Marketing,4987.88
2025-11-30,CC-1000,Sales - SMB,6450,Training & Enablement,Sales & Marketing,409.02
2025-11-30,CC-1010,Sales - Mid-Market,6000,Salaries & Wages,Sales & Marketing,98375.00
2025-11-30,CC-1010,Sales - Mid-Market,6020,Payroll Taxes & Benefits,Sales & Marketing,20166.88
2025-11-30,CC-1010,Sales - Mid-Market,6030,Sales Commissions,Sales & Marketing,17879.82
2025-11-30,CC-1010,Sales - Mid-Market,6040,Commission Amortisation,Sales & Marketing,8911.56
2025-11-30,CC-1010,Sales - Mid-Market,6200,Software & Subscriptions,Sales & Marketing,4266.91
2025-11-30,CC-1010,Sales - Mid-Market,6300,Travel & Entertainment,Sales & Marketing,5855.78
2025-11-30,CC-1010,Sales - Mid-Market,6450,Training & Enablement,Sales & Marketing,506.09
2025-11-30,CC-1020,Sales - Enterprise,6000,Salaries & Wages,Sales & Marketing,67966.67
2025-11-30,CC-1020,Sales - Enterprise,6020,Payroll Taxes & Benefits,Sales & Marketing,13933.17
2025-11-30,CC-1020,Sales - Enterprise,6030,Sales Commissions,Sales & Marketing,15325.56
2025-11-30,CC-1020,Sales - Enterprise,6040,Commission Amortisation,Sales & Marketing,7638.48
2025-11-30,CC-1020,Sales - Enterprise,6200,Software & Subscriptions,Sales & Marketing,2714.26
2025-11-30,CC-1020,Sales - Enterprise,6300,Travel & Entertainment,Sales & Marketing,3614.07
2025-11-30,CC-1020,Sales - Enterprise,6450,Training & Enablement,Sales & Marketing,327.75
2025-11-30,CC-1030,Sales Development,6000,Salaries & Wages,Sales & Marketing,54216.67
2025-11-30,CC-1030,Sales Development,6020,Payroll Taxes & Benefits,Sales & Marketing,11114.42
2025-11-30,CC-1030,Sales Development,6200,Software & Subscriptions,Sales & Marketing,2236.74
2025-11-30,CC-1030,Sales Development,6300,Travel & Entertainment,Sales & Marketing,3161.03
2025-11-30,CC-1030,Sales Development,6450,Training & Enablement,Sales & Marketing,285.61
2025-11-30,CC-1040,Sales Operations,6000,Salaries & Wages,Sales & Marketing,35008.33
2025-11-30,CC-1040,Sales Operations,6020,Payroll Taxes & Benefits,Sales & Marketing,7176.71
2025-11-30,CC-1040,Sales Operations,6200,Software & Subscriptions,Sales & Marketing,1437.11
2025-11-30,CC-1040,Sales Operations,6300,Travel & Entertainment,Sales & Marketing,2053.24
2025-11-30,CC-1050,Solutions Engineering,6000,Salaries & Wages,Sales & Marketing,29183.33
2025-11-30,CC-1050,Solutions Engineering,6020,Payroll Taxes & Benefits,Sales & Marketing,5982.58
2025-11-30,CC-1050,Solutions Engineering,6200,Software & Subscriptions,Sales & Marketing,1025.63
2025-11-30,CC-1050,Solutions Engineering,6300,Travel & Entertainment,Sales & Marketing,1481.39
2025-11-30,CC-1060,Sales Leadership,6000,Salaries & Wages,Sales & Marketing,27900.00
2025-11-30,CC-1060,Sales Leadership,6020,Payroll Taxes & Benefits,Sales & Marketing,5719.50
2025-11-30,CC-1060,Sales Leadership,6200,Software & Subscriptions,Sales & Marketing,1162.14
2025-11-30,CC-1060,Sales Leadership,6300,Travel & Entertainment,Sales & Marketing,1449.30
2025-11-30,CC-1060,Sales Leadership,6450,Training & Enablement,Sales & Marketing,139.18
2025-11-30,CC-1100,Demand Generation,6000,Salaries & Wages,Sales & Marketing,98141.67
2025-11-30,CC-1100,Demand Generation,6010,Bonus,Sales & Marketing,9848.50
2025-11-30,CC-1100,Demand Generation,6020,Payroll Taxes & Benefits,Sales & Marketing,22137.98
2025-11-30,CC-1100,Demand Generation,6050,Contractor & Temp Labor,Sales & Marketing,12948.86
2025-11-30,CC-1100,Demand Generation,6100,Demand Generation,Sales & Marketing,185590.40
2025-11-30,CC-1100,Demand Generation,6110,Events & Field Marketing,Sales & Marketing,73239.91
2025-11-30,CC-1100,Demand Generation,6200,Software & Subscriptions,Sales & Marketing,3227.02
2025-11-30,CC-1100,Demand Generation,6300,Travel & Entertainment,Sales & Marketing,2591.77
2025-11-30,CC-1100,Demand Generation,6450,Training & Enablement,Sales & Marketing,433.07
2025-11-30,CC-1110,Product Marketing,6000,Salaries & Wages,Sales & Marketing,69675.00
2025-11-30,CC-1110,Product Marketing,6010,Bonus,Sales & Marketing,6424.33
2025-11-30,CC-1110,Product Marketing,6020,Payroll Taxes & Benefits,Sales & Marketing,15600.36
2025-11-30,CC-1110,Product Marketing,6120,Brand & Content,Sales & Marketing,51222.54
2025-11-30,CC-1110,Product Marketing,6200,Software & Subscriptions,Sales & Marketing,2709.39
2025-11-30,CC-1110,Product Marketing,6300,Travel & Entertainment,Sales & Marketing,2043.97
2025-11-30,CC-1200,Customer Success,6000,Salaries & Wages,Sales & Marketing,84296.67
2025-11-30,CC-1200,Customer Success,6000,Salaries & Wages,Subscription COGS,126445.00
2025-11-30,CC-1200,Customer Success,6010,Bonus,Sales & Marketing,8384.60
2025-11-30,CC-1200,Customer Success,6010,Bonus,Subscription COGS,12576.90
2025-11-30,CC-1200,Customer Success,6020,Payroll Taxes & Benefits,Sales & Marketing,18999.66
2025-11-30,CC-1200,Customer Success,6020,Payroll Taxes & Benefits,Subscription COGS,28499.49
2025-11-30,CC-1200,Customer Success,6200,Software & Subscriptions,Sales & Marketing,1237.39
2025-11-30,CC-1200,Customer Success,6200,Software & Subscriptions,Subscription COGS,1856.08
2025-11-30,CC-1200,Customer Success,6300,Travel & Entertainment,Sales & Marketing,1076.82
2025-11-30,CC-1200,Customer Success,6300,Travel & Entertainment,Subscription COGS,1615.22
2025-11-30,CC-2000,Support,5010,Third-Party Data & APIs,Subscription COGS,1042.68
2025-11-30,CC-2000,Support,6000,Salaries & Wages,Subscription COGS,70750.00
2025-11-30,CC-2000,Support,6010,Bonus,Subscription COGS,7026.33
2025-11-30,CC-2000,Support,6020,Payroll Taxes & Benefits,Subscription COGS,15944.15
2025-11-30,CC-2000,Support,6200,Software & Subscriptions,Subscription COGS,1060.39
2025-11-30,CC-2010,Cloud Operations,5000,Cloud Hosting,Subscription COGS,148172.37
2025-11-30,CC-2010,Cloud Operations,5010,Third-Party Data & APIs,Subscription COGS,796.72
2025-11-30,CC-2010,Cloud Operations,5020,Payment Processing Fees,Subscription COGS,12625.98
2025-11-30,CC-2010,Cloud Operations,6000,Salaries & Wages,Subscription COGS,54708.33
2025-11-30,CC-2010,Cloud Operations,6010,Bonus,Subscription COGS,5308.25
2025-11-30,CC-2010,Cloud Operations,6020,Payroll Taxes & Benefits,Subscription COGS,12303.40
2025-11-30,CC-2010,Cloud Operations,6050,Contractor & Temp Labor,Subscription COGS,15177.61
2025-11-30,CC-2010,Cloud Operations,6200,Software & Subscriptions,Subscription COGS,793.79
2025-11-30,CC-2010,Cloud Operations,6900,Other Operating Expense,Subscription COGS,121.16
2025-11-30,CC-2100,Professional Services,5030,Services Subcontractors,Services COGS,4571.69
2025-11-30,CC-2100,Professional Services,6000,Salaries & Wages,Services COGS,51191.67
2025-11-30,CC-2100,Professional Services,6010,Bonus,Services COGS,4803.67
2025-11-30,CC-2100,Professional Services,6020,Payroll Taxes & Benefits,Services COGS,11479.04
2025-11-30,CC-2100,Professional Services,6200,Software & Subscriptions,Services COGS,1083.18
2025-11-30,CC-2100,Professional Services,6300,Travel & Entertainment,Services COGS,2257.21
2025-11-30,CC-3000,Engineering,6000,Salaries & Wages,Research & Development,338616.67
2025-11-30,CC-3000,Engineering,6010,Bonus,Research & Development,32045.75
2025-11-30,CC-3000,Engineering,6020,Payroll Taxes & Benefits,Research & Development,75985.80
2025-11-30,CC-3000,Engineering,6050,Contractor & Temp Labor,Research & Development,23468.46
2025-11-30,CC-3000,Engineering,6200,Software & Subscriptions,Research & Development,10696.13
2025-11-30,CC-3000,Engineering,6300,Travel & Entertainment,Research & Development,2115.25
2025-11-30,CC-3000,Engineering,6450,Training & Enablement,Research & Development,1647.73
2025-11-30,CC-3000,Engineering,6900,Other Operating Expense,Research & Development,952.09
2025-11-30,CC-3010,Quality & Release,6000,Salaries & Wages,Research & Development,68958.33
2025-11-30,CC-3010,Quality & Release,6010,Bonus,Research & Development,8617.67
2025-11-30,CC-3010,Quality & Release,6020,Payroll Taxes & Benefits,Research & Development,15903.08
2025-11-30,CC-3010,Quality & Release,6050,Contractor & Temp Labor,Research & Development,7891.06
2025-11-30,CC-3010,Quality & Release,6200,Software & Subscriptions,Research & Development,1894.61
2025-11-30,CC-3100,Product & Design,6000,Salaries & Wages,Research & Development,155900.00
2025-11-30,CC-3100,Product & Design,6010,Bonus,Research & Development,14020.33
2025-11-30,CC-3100,Product & Design,6020,Payroll Taxes & Benefits,Research & Development,34833.67
2025-11-30,CC-3100,Product & Design,6050,Contractor & Temp Labor,Research & Development,9959.85
2025-11-30,CC-3100,Product & Design,6200,Software & Subscriptions,Research & Development,4808.10
2025-11-30,CC-3100,Product & Design,6300,Travel & Entertainment,Research & Development,1224.43
2025-11-30,CC-4000,Finance & Accounting,6000,Salaries & Wages,General & Administrative,60308.33
2025-11-30,CC-4000,Finance & Accounting,6010,Bonus,General & Administrative,5342.67
2025-11-30,CC-4000,Finance & Accounting,6020,Payroll Taxes & Benefits,General & Administrative,13458.45
2025-11-30,CC-4000,Finance & Accounting,6200,Software & Subscriptions,General & Administrative,1234.11
2025-11-30,CC-4000,Finance & Accounting,6300,Travel & Entertainment,General & Administrative,727.14
2025-11-30,CC-4000,Finance & Accounting,6400,Professional Fees,General & Administrative,38202.22
2025-11-30,CC-4000,Finance & Accounting,6440,Depreciation & Amortisation,General & Administrative,21113.28
2025-11-30,CC-4000,Finance & Accounting,6900,Other Operating Expense,General & Administrative,152.27
2025-11-30,CC-4010,People Operations,6000,Salaries & Wages,General & Administrative,58750.00
2025-11-30,CC-4010,People Operations,6010,Bonus,General & Administrative,6273.08
2025-11-30,CC-4010,People Operations,6020,Payroll Taxes & Benefits,General & Administrative,13329.73
2025-11-30,CC-4010,People Operations,6200,Software & Subscriptions,General & Administrative,861.65
2025-11-30,CC-4010,People Operations,6410,Recruiting Fees,General & Administrative,36164.03
2025-11-30,CC-4010,People Operations,6450,Training & Enablement,General & Administrative,189.57
2025-11-30,CC-4020,Legal & Corporate,6000,Salaries & Wages,General & Administrative,17383.33
2025-11-30,CC-4020,Legal & Corporate,6010,Bonus,General & Administrative,1390.67
2025-11-30,CC-4020,Legal & Corporate,6020,Payroll Taxes & Benefits,General & Administrative,3848.67
2025-11-30,CC-4020,Legal & Corporate,6200,Software & Subscriptions,General & Administrative,564.89
2025-11-30,CC-4020,Legal & Corporate,6300,Travel & Entertainment,General & Administrative,303.29
2025-11-30,CC-4020,Legal & Corporate,6400,Professional Fees,General & Administrative,19771.29
2025-11-30,CC-4020,Legal & Corporate,6430,Insurance,General & Administrative,20458.35
2025-11-30,CC-4030,IT & Corporate Systems,6000,Salaries & Wages,General & Administrative,51225.00
2025-11-30,CC-4030,IT & Corporate Systems,6010,Bonus,General & Administrative,5701.42
2025-11-30,CC-4030,IT & Corporate Systems,6020,Payroll Taxes & Benefits,General & Administrative,11669.92
2025-11-30,CC-4030,IT & Corporate Systems,6050,Contractor & Temp Labor,General & Administrative,5660.66
2025-11-30,CC-4030,IT & Corporate Systems,6200,Software & Subscriptions,General & Administrative,746.72
2025-11-30,CC-4030,IT & Corporate Systems,6420,Facilities & Rent,General & Administrative,35914.95
2025-11-30,CC-4030,IT & Corporate Systems,6900,Other Operating Expense,General & Administrative,92.80
2025-11-30,CC-9000,Revenue,4000,Subscription Revenue,Subscription Revenue,-2322433.84
2025-11-30,CC-9000,Revenue,4010,Usage Revenue Above Commitment,Subscription Revenue,-49817.27
2025-11-30,CC-9000,Revenue,4100,Professional Services Revenue,Services Revenue,-21648.69
2025-11-30,CC-9000,Revenue,4110,Implementation Fee Revenue,Services Revenue,-48540.00
2025-12-31,CC-1000,Sales - SMB,6000,Salaries & Wages,Sales & Marketing,71075.00
2025-12-31,CC-1000,Sales - SMB,6020,Payroll Taxes & Benefits,Sales & Marketing,14570.38
2025-12-31,CC-1000,Sales - SMB,6030,Sales Commissions,Sales & Marketing,6616.28
2025-12-31,CC-1000,Sales - SMB,6040,Commission Amortisation,Sales & Marketing,4932.43
2025-12-31,CC-1000,Sales - SMB,6200,Software & Subscriptions,Sales & Marketing,3354.74
2025-12-31,CC-1000,Sales - SMB,6300,Travel & Entertainment,Sales & Marketing,6099.91
2025-12-31,CC-1000,Sales - SMB,6450,Training & Enablement,Sales & Marketing,405.08
2025-12-31,CC-1010,Sales - Mid-Market,6000,Salaries & Wages,Sales & Marketing,98375.00
2025-12-31,CC-1010,Sales - Mid-Market,6020,Payroll Taxes & Benefits,Sales & Marketing,20166.88
2025-12-31,CC-1010,Sales - Mid-Market,6030,Sales Commissions,Sales & Marketing,12631.08
2025-12-31,CC-1010,Sales - Mid-Market,6040,Commission Amortisation,Sales & Marketing,9416.46
2025-12-31,CC-1010,Sales - Mid-Market,6200,Software & Subscriptions,Sales & Marketing,3810.59
2025-12-31,CC-1010,Sales - Mid-Market,6300,Travel & Entertainment,Sales & Marketing,7080.74
2025-12-31,CC-1010,Sales - Mid-Market,6450,Training & Enablement,Sales & Marketing,522.07
2025-12-31,CC-1020,Sales - Enterprise,6000,Salaries & Wages,Sales & Marketing,67966.67
2025-12-31,CC-1020,Sales - Enterprise,6020,Payroll Taxes & Benefits,Sales & Marketing,13933.17
2025-12-31,CC-1020,Sales - Enterprise,6030,Sales Commissions,Sales & Marketing,10826.64
2025-12-31,CC-1020,Sales - Enterprise,6040,Commission Amortisation,Sales & Marketing,8071.25
2025-12-31,CC-1020,Sales - Enterprise,6200,Software & Subscriptions,Sales & Marketing,2623.01
2025-12-31,CC-1020,Sales - Enterprise,6300,Travel & Entertainment,Sales & Marketing,5062.29
2025-12-31,CC-1020,Sales - Enterprise,6450,Training & Enablement,Sales & Marketing,304.33
2025-12-31,CC-1030,Sales Development,6000,Salaries & Wages,Sales & Marketing,54216.67
2025-12-31,CC-1030,Sales Development,6020,Payroll Taxes & Benefits,Sales & Marketing,11114.42
2025-12-31,CC-1030,Sales Development,6200,Software & Subscriptions,Sales & Marketing,2162.42
2025-12-31,CC-1030,Sales Development,6300,Travel & Entertainment,Sales & Marketing,4059.76
2025-12-31,CC-1030,Sales Development,6450,Training & Enablement,Sales & Marketing,287.04
2025-12-31,CC-1040,Sales Operations,6000,Salaries & Wages,Sales & Marketing,35008.33
2025-12-31,CC-1040,Sales Operations,6020,Payroll Taxes & Benefits,Sales & Marketing,7176.71
2025-12-31,CC-1040,Sales Operations,6200,Software & Subscriptions,Sales & Marketing,1506.42
2025-12-31,CC-1040,Sales Operations,6300,Travel & Entertainment,Sales & Marketing,2889.01
2025-12-31,CC-1050,Solutions Engineering,6000,Salaries & Wages,Sales & Marketing,29183.33
2025-12-31,CC-1050,Solutions Engineering,6020,Payroll Taxes & Benefits,Sales & Marketing,5982.58
2025-12-31,CC-1050,Solutions Engineering,6200,Software & Subscriptions,Sales & Marketing,1051.51
2025-12-31,CC-1050,Solutions Engineering,6300,Travel & Entertainment,Sales & Marketing,2239.28
2025-12-31,CC-1060,Sales Leadership,6000,Salaries & Wages,Sales & Marketing,27900.00
2025-12-31,CC-1060,Sales Leadership,6020,Payroll Taxes & Benefits,Sales & Marketing,5719.50
2025-12-31,CC-1060,Sales Leadership,6200,Software & Subscriptions,Sales & Marketing,1081.43
2025-12-31,CC-1060,Sales Leadership,6300,Travel & Entertainment,Sales & Marketing,2085.08
2025-12-31,CC-1060,Sales Leadership,6450,Training & Enablement,Sales & Marketing,132.10
2025-12-31,CC-1100,Demand Generation,6000,Salaries & Wages,Sales & Marketing,98141.67
2025-12-31,CC-1100,Demand Generation,6010,Bonus,Sales & Marketing,9848.50
2025-12-31,CC-1100,Demand Generation,6020,Payroll Taxes & Benefits,Sales & Marketing,22137.98
2025-12-31,CC-1100,Demand Generation,6050,Contractor & Temp Labor,Sales & Marketing,14118.55
2025-12-31,CC-1100,Demand Generation,6100,Demand Generation,Sales & Marketing,175441.53
2025-12-31,CC-1100,Demand Generation,6110,Events & Field Marketing,Sales & Marketing,68902.42
2025-12-31,CC-1100,Demand Generation,6200,Software & Subscriptions,Sales & Marketing,3062.82
2025-12-31,CC-1100,Demand Generation,6300,Travel & Entertainment,Sales & Marketing,3272.03
2025-12-31,CC-1100,Demand Generation,6450,Training & Enablement,Sales & Marketing,448.71
2025-12-31,CC-1110,Product Marketing,6000,Salaries & Wages,Sales & Marketing,69675.00
2025-12-31,CC-1110,Product Marketing,6010,Bonus,Sales & Marketing,6424.33
2025-12-31,CC-1110,Product Marketing,6020,Payroll Taxes & Benefits,Sales & Marketing,15600.36
2025-12-31,CC-1110,Product Marketing,6120,Brand & Content,Sales & Marketing,48243.02
2025-12-31,CC-1110,Product Marketing,6200,Software & Subscriptions,Sales & Marketing,2518.55
2025-12-31,CC-1110,Product Marketing,6300,Travel & Entertainment,Sales & Marketing,2794.65
2025-12-31,CC-1200,Customer Success,6000,Salaries & Wages,Sales & Marketing,80050.00
2025-12-31,CC-1200,Customer Success,6000,Salaries & Wages,Subscription COGS,120075.00
2025-12-31,CC-1200,Customer Success,6010,Bonus,Sales & Marketing,7875.00
2025-12-31,CC-1200,Customer Success,6010,Bonus,Subscription COGS,11812.50
2025-12-31,CC-1200,Customer Success,6020,Payroll Taxes & Benefits,Sales & Marketing,18024.62
2025-12-31,CC-1200,Customer Success,6020,Payroll Taxes & Benefits,Subscription COGS,27036.94
2025-12-31,CC-1200,Customer Success,6200,Software & Subscriptions,Sales & Marketing,1274.35
2025-12-31,CC-1200,Customer Success,6200,Software & Subscriptions,Subscription COGS,1911.52
2025-12-31,CC-1200,Customer Success,6300,Travel & Entertainment,Sales & Marketing,1359.55
2025-12-31,CC-1200,Customer Success,6300,Travel & Entertainment,Subscription COGS,2039.33
2025-12-31,CC-2000,Support,5010,Third-Party Data & APIs,Subscription COGS,1323.96
2025-12-31,CC-2000,Support,6000,Salaries & Wages,Subscription COGS,77141.67
2025-12-31,CC-2000,Support,6010,Bonus,Subscription COGS,7537.67
2025-12-31,CC-2000,Support,6020,Payroll Taxes & Benefits,Subscription COGS,17359.26
2025-12-31,CC-2000,Support,6200,Software & Subscriptions,Subscription COGS,1095.58
2025-12-31,CC-2010,Cloud Operations,5000,Cloud Hosting,Subscription COGS,145028.22
2025-12-31,CC-2010,Cloud Operations,5010,Third-Party Data & APIs,Subscription COGS,797.39
2025-12-31,CC-2010,Cloud Operations,5020,Payment Processing Fees,Subscription COGS,31429.08
2025-12-31,CC-2010,Cloud Operations,6000,Salaries & Wages,Subscription COGS,48016.67
2025-12-31,CC-2010,Cloud Operations,6010,Bonus,Subscription COGS,4772.92
2025-12-31,CC-2010,Cloud Operations,6020,Payroll Taxes & Benefits,Subscription COGS,10821.86
2025-12-31,CC-2010,Cloud Operations,6050,Contractor & Temp Labor,Subscription COGS,13810.78
2025-12-31,CC-2010,Cloud Operations,6200,Software & Subscriptions,Subscription COGS,757.57
2025-12-31,CC-2010,Cloud Operations,6900,Other Operating Expense,Subscription COGS,132.43
2025-12-31,CC-2100,Professional Services,5030,Services Subcontractors,Services COGS,3648.39
2025-12-31,CC-2100,Professional Services,6000,Salaries & Wages,Services COGS,42366.67
2025-12-31,CC-2100,Professional Services,6010,Bonus,Services COGS,3744.67
2025-12-31,CC-2100,Professional Services,6020,Payroll Taxes & Benefits,Services COGS,9452.82
2025-12-31,CC-2100,Professional Services,6200,Software & Subscriptions,Services COGS,929.26
2025-12-31,CC-2100,Professional Services,6300,Travel & Entertainment,Services COGS,2769.42
2025-12-31,CC-3000,Engineering,6000,Salaries & Wages,Research & Development,338616.67
2025-12-31,CC-3000,Engineering,6010,Bonus,Research & Development,32045.75
2025-12-31,CC-3000,Engineering,6020,Payroll Taxes & Benefits,Research & Development,75985.80
2025-12-31,CC-3000,Engineering,6050,Contractor & Temp Labor,Research & Development,23445.45
2025-12-31,CC-3000,Engineering,6200,Software & Subscriptions,Research & Development,10085.03
2025-12-31,CC-3000,Engineering,6300,Travel & Entertainment,Research & Development,2885.79
2025-12-31,CC-3000,Engineering,6450,Training & Enablement,Research & Development,1580.46
2025-12-31,CC-3000,Engineering,6900,Other Operating Expense,Research & Development,1357.53
2025-12-31,CC-3010,Quality & Release,6000,Salaries & Wages,Research & Development,73783.33
2025-12-31,CC-3010,Quality & Release,6010,Bonus,Research & Development,9003.67
2025-12-31,CC-3010,Quality & Release,6020,Payroll Taxes & Benefits,Research & Development,16971.33
2025-12-31,CC-3010,Quality & Release,6050,Contractor & Temp Labor,Research & Development,7709.80
2025-12-31,CC-3010,Quality & Release,6200,Software & Subscriptions,Research & Development,2309.13
2025-12-31,CC-3100,Product & Design,6000,Salaries & Wages,Research & Development,151891.67
2025-12-31,CC-3100,Product & Design,6010,Bonus,Research & Development,13699.67
2025-12-31,CC-3100,Product & Design,6020,Payroll Taxes & Benefits,Research & Development,33946.22
2025-12-31,CC-3100,Product & Design,6050,Contractor & Temp Labor,Research & Development,10291.70
2025-12-31,CC-3100,Product & Design,6200,Software & Subscriptions,Research & Development,4181.77
2025-12-31,CC-3100,Product & Design,6300,Travel & Entertainment,Research & Development,1466.21
2025-12-31,CC-4000,Finance & Accounting,6000,Salaries & Wages,General & Administrative,60308.33
2025-12-31,CC-4000,Finance & Accounting,6010,Bonus,General & Administrative,5342.67
2025-12-31,CC-4000,Finance & Accounting,6020,Payroll Taxes & Benefits,General & Administrative,13458.45
2025-12-31,CC-4000,Finance & Accounting,6200,Software & Subscriptions,General & Administrative,1282.97
2025-12-31,CC-4000,Finance & Accounting,6300,Travel & Entertainment,General & Administrative,968.82
2025-12-31,CC-4000,Finance & Accounting,6400,Professional Fees,General & Administrative,52756.72
2025-12-31,CC-4000,Finance & Accounting,6440,Depreciation & Amortisation,General & Administrative,21113.28
2025-12-31,CC-4000,Finance & Accounting,6900,Other Operating Expense,General & Administrative,235.94
2025-12-31,CC-4010,People Operations,6000,Salaries & Wages,General & Administrative,58750.00
2025-12-31,CC-4010,People Operations,6010,Bonus,General & Administrative,6273.08
2025-12-31,CC-4010,People Operations,6020,Payroll Taxes & Benefits,General & Administrative,13329.73
2025-12-31,CC-4010,People Operations,6200,Software & Subscriptions,General & Administrative,979.53
2025-12-31,CC-4010,People Operations,6410,Recruiting Fees,General & Administrative,18901.94
2025-12-31,CC-4010,People Operations,6450,Training & Enablement,General & Administrative,182.24
2025-12-31,CC-4020,Legal & Corporate,6000,Salaries & Wages,General & Administrative,17383.33
2025-12-31,CC-4020,Legal & Corporate,6010,Bonus,General & Administrative,1390.67
2025-12-31,CC-4020,Legal & Corporate,6020,Payroll Taxes & Benefits,General & Administrative,3848.67
2025-12-31,CC-4020,Legal & Corporate,6200,Software & Subscriptions,General & Administrative,588.80
2025-12-31,CC-4020,Legal & Corporate,6300,Travel & Entertainment,General & Administrative,387.17
2025-12-31,CC-4020,Legal & Corporate,6400,Professional Fees,General & Administrative,26914.47
2025-12-31,CC-4020,Legal & Corporate,6430,Insurance,General & Administrative,19072.36
2025-12-31,CC-4030,IT & Corporate Systems,6000,Salaries & Wages,General & Administrative,51225.00
2025-12-31,CC-4030,IT & Corporate Systems,6010,Bonus,General & Administrative,5701.42
2025-12-31,CC-4030,IT & Corporate Systems,6020,Payroll Taxes & Benefits,General & Administrative,11669.92
2025-12-31,CC-4030,IT & Corporate Systems,6050,Contractor & Temp Labor,General & Administrative,5382.26
2025-12-31,CC-4030,IT & Corporate Systems,6200,Software & Subscriptions,General & Administrative,768.55
2025-12-31,CC-4030,IT & Corporate Systems,6420,Facilities & Rent,General & Administrative,35003.21
2025-12-31,CC-4030,IT & Corporate Systems,6900,Other Operating Expense,General & Administrative,130.33
2025-12-31,CC-9000,Revenue,4000,Subscription Revenue,Subscription Revenue,-2383418.35
2025-12-31,CC-9000,Revenue,4010,Usage Revenue Above Commitment,Subscription Revenue,-41761.60
2025-12-31,CC-9000,Revenue,4100,Professional Services Revenue,Services Revenue,-26735.69
2025-12-31,CC-9000,Revenue,4110,Implementation Fee Revenue,Services Revenue,-49659.36
2026-01-31,CC-1000,Sales - SMB,6000,Salaries & Wages,Sales & Marketing,71075.00
2026-01-31,CC-1000,Sales - SMB,6020,Payroll Taxes & Benefits,Sales & Marketing,14570.38
2026-01-31,CC-1000,Sales - SMB,6030,Sales Commissions,Sales & Marketing,3988.16
2026-01-31,CC-1000,Sales - SMB,6040,Commission Amortisation,Sales & Marketing,5091.85
2026-01-31,CC-1000,Sales - SMB,6200,Software & Subscriptions,Sales & Marketing,3556.91
2026-01-31,CC-1000,Sales - SMB,6300,Travel & Entertainment,Sales & Marketing,4939.33
2026-01-31,CC-1000,Sales - SMB,6450,Training & Enablement,Sales & Marketing,359.79
2026-01-31,CC-1010,Sales - Mid-Market,6000,Salaries & Wages,Sales & Marketing,105091.67
2026-01-31,CC-1010,Sales - Mid-Market,6020,Payroll Taxes & Benefits,Sales & Marketing,21543.79
2026-01-31,CC-1010,Sales - Mid-Market,6030,Sales Commissions,Sales & Marketing,7613.75
2026-01-31,CC-1010,Sales - Mid-Market,6040,Commission Amortisation,Sales & Marketing,9720.81
2026-01-31,CC-1010,Sales - Mid-Market,6200,Software & Subscriptions,Sales & Marketing,4967.29
2026-01-31,CC-1010,Sales - Mid-Market,6300,Travel & Entertainment,Sales & Marketing,6670.10
2026-01-31,CC-1010,Sales - Mid-Market,6450,Training & Enablement,Sales & Marketing,555.19
2026-01-31,CC-1020,Sales - Enterprise,6000,Salaries & Wages,Sales & Marketing,67966.67
2026-01-31,CC-1020,Sales - Enterprise,6020,Payroll Taxes & Benefits,Sales & Marketing,13933.17
2026-01-31,CC-1020,Sales - Enterprise,6030,Sales Commissions,Sales & Marketing,6526.07
2026-01-31,CC-1020,Sales - Enterprise,6040,Commission Amortisation,Sales & Marketing,8332.12
2026-01-31,CC-1020,Sales - Enterprise,6200,Software & Subscriptions,Sales & Marketing,2433.70
2026-01-31,CC-1020,Sales - Enterprise,6300,Travel & Entertainment,Sales & Marketing,3558.87
2026-01-31,CC-1020,Sales - Enterprise,6450,Training & Enablement,Sales & Marketing,304.01
2026-01-31,CC-1030,Sales Development,6000,Salaries & Wages,Sales & Marketing,63058.33
2026-01-31,CC-1030,Sales Development,6020,Payroll Taxes & Benefits,Sales & Marketing,12926.96
2026-01-31,CC-1030,Sales Development,6200,Software & Subscriptions,Sales & Marketing,2655.97
2026-01-31,CC-1030,Sales Development,6300,Travel & Entertainment,Sales & Marketing,3575.62
2026-01-31,CC-1030,Sales Development,6450,Training & Enablement,Sales & Marketing,301.08
2026-01-31,CC-1040,Sales Operations,6000,Salaries & Wages,Sales & Marketing,35008.33
2026-01-31,CC-1040,Sales Operations,6020,Payroll Taxes & Benefits,Sales & Marketing,7176.71
2026-01-31,CC-1040,Sales Operations,6200,Software & Subscriptions,Sales & Marketing,1571.19
2026-01-31,CC-1040,Sales Operations,6300,Travel & Entertainment,Sales & Marketing,1945.90
2026-01-31,CC-1050,Solutions Engineering,6000,Salaries & Wages,Sales & Marketing,29183.33
2026-01-31,CC-1050,Solutions Engineering,6020,Payroll Taxes & Benefits,Sales & Marketing,5982.58
2026-01-31,CC-1050,Solutions Engineering,6200,Software & Subscriptions,Sales & Marketing,1015.26
2026-01-31,CC-1050,Solutions Engineering,6300,Travel & Entertainment,Sales & Marketing,1679.33
2026-01-31,CC-1060,Sales Leadership,6000,Salaries & Wages,Sales & Marketing,36675.00
2026-01-31,CC-1060,Sales Leadership,6020,Payroll Taxes & Benefits,Sales & Marketing,7518.38
2026-01-31,CC-1060,Sales Leadership,6200,Software & Subscriptions,Sales & Marketing,1376.43
2026-01-31,CC-1060,Sales Leadership,6300,Travel & Entertainment,Sales & Marketing,2107.89
2026-01-31,CC-1060,Sales Leadership,6450,Training & Enablement,Sales & Marketing,182.97
2026-01-31,CC-1100,Demand Generation,6000,Salaries & Wages,Sales & Marketing,98141.67
2026-01-31,CC-1100,Demand Generation,6010,Bonus,Sales & Marketing,9848.50
2026-01-31,CC-1100,Demand Generation,6020,Payroll Taxes & Benefits,Sales & Marketing,22137.98
2026-01-31,CC-1100,Demand Generation,6050,Contractor & Temp Labor,Sales & Marketing,15248.33
2026-01-31,CC-1100,Demand Generation,6100,Demand Generation,Sales & Marketing,90648.07
2026-01-31,CC-1100,Demand Generation,6110,Events & Field Marketing,Sales & Marketing,38030.31
2026-01-31,CC-1100,Demand Generation,6200,Software & Subscriptions,Sales & Marketing,3180.16
2026-01-31,CC-1100,Demand Generation,6300,Travel & Entertainment,Sales & Marketing,2629.79
2026-01-31,CC-1100,Demand Generation,6450,Training & Enablement,Sales & Marketing,414.99
2026-01-31,CC-1110,Product Marketing,6000,Salaries & Wages,Sales & Marketing,69675.00
2026-01-31,CC-1110,Product Marketing,6010,Bonus,Sales & Marketing,6424.33
2026-01-31,CC-1110,Product Marketing,6020,Payroll Taxes & Benefits,Sales & Marketing,15600.36
2026-01-31,CC-1110,Product Marketing,6120,Brand & Content,Sales & Marketing,25152.59
2026-01-31,CC-1110,Product Marketing,6200,Software & Subscriptions,Sales & Marketing,2565.31
2026-01-31,CC-1110,Product Marketing,6300,Travel & Entertainment,Sales & Marketing,2005.63
2026-01-31,CC-1200,Customer Success,6000,Salaries & Wages,Sales & Marketing,84483.33
2026-01-31,CC-1200,Customer Success,6000,Salaries & Wages,Subscription COGS,126725.00
2026-01-31,CC-1200,Customer Success,6010,Bonus,Sales & Marketing,8229.67
2026-01-31,CC-1200,Customer Success,6010,Bonus,Subscription COGS,12344.50
2026-01-31,CC-1200,Customer Success,6020,Payroll Taxes & Benefits,Sales & Marketing,19006.17
2026-01-31,CC-1200,Customer Success,6020,Payroll Taxes & Benefits,Subscription COGS,28509.25
2026-01-31,CC-1200,Customer Success,6200,Software & Subscriptions,Sales & Marketing,1506.37
2026-01-31,CC-1200,Customer Success,6200,Software & Subscriptions,Subscription COGS,2259.56
2026-01-31,CC-1200,Customer Success,6300,Travel & Entertainment,Sales & Marketing,1069.70
2026-01-31,CC-1200,Customer Success,6300,Travel & Entertainment,Subscription COGS,1604.55
2026-01-31,CC-2000,Support,5010,Third-Party Data & APIs,Subscription COGS,1198.84
2026-01-31,CC-2000,Support,6000,Salaries & Wages,Subscription COGS,77141.67
2026-01-31,CC-2000,Support,6010,Bonus,Subscription COGS,7537.67
2026-01-31,CC-2000,Support,6020,Payroll Taxes & Benefits,Subscription COGS,17359.26
2026-01-31,CC-2000,Support,6200,Software & Subscriptions,Subscription COGS,1202.57
2026-01-31,CC-2010,Cloud Operations,5000,Cloud Hosting,Subscription COGS,130228.14
2026-01-31,CC-2010,Cloud Operations,5010,Third-Party Data & APIs,Subscription COGS,819.94
2026-01-31,CC-2010,Cloud Operations,5020,Payment Processing Fees,Subscription COGS,18777.19
2026-01-31,CC-2010,Cloud Operations,6000,Salaries & Wages,Subscription COGS,34708.33
2026-01-31,CC-2010,Cloud Operations,6010,Bonus,Subscription COGS,2776.67
2026-01-31,CC-2010,Cloud Operations,6020,Payroll Taxes & Benefits,Subscription COGS,7684.42
2026-01-31,CC-2010,Cloud Operations,6050,Contractor & Temp Labor,Subscription COGS,14030.05
2026-01-31,CC-2010,Cloud Operations,6200,Software & Subscriptions,Subscription COGS,518.77
2026-01-31,CC-2010,Cloud Operations,6900,Other Operating Expense,Subscription COGS,88.92
2026-01-31,CC-2100,Professional Services,5030,Services Subcontractors,Services COGS,3920.94
2026-01-31,CC-2100,Professional Services,6000,Salaries & Wages,Services COGS,42366.67
2026-01-31,CC-2100,Professional Services,6010,Bonus,Services COGS,3744.67
2026-01-31,CC-2100,Professional Services,6020,Payroll Taxes & Benefits,Services COGS,9452.82
2026-01-31,CC-2100,Professional Services,6200,Software & Subscriptions,Services COGS,1024.53
2026-01-31,CC-2100,Professional Services,6300,Travel & Entertainment,Services COGS,1969.16
2026-01-31,CC-3000,Engineering,6000,Salaries & Wages,Research & Development,332958.33
2026-01-31,CC-3000,Engineering,6010,Bonus,Research & Development,30697.08
2026-01-31,CC-3000,Engineering,6020,Payroll Taxes & Benefits,Research & Development,74549.36
2026-01-31,CC-3000,Engineering,6050,Contractor & Temp Labor,Research & Development,25662.63
2026-01-31,CC-3000,Engineering,6200,Software & Subscriptions,Research & Development,10768.49
2026-01-31,CC-3000,Engineering,6300,Travel & Entertainment,Research & Development,2151.09
2026-01-31,CC-3000,Engineering,6450,Training & Enablement,Research & Development,1613.23
2026-01-31,CC-3000,Engineering,6900,Other Operating Expense,Research & Development,956.98
2026-01-31,CC-3010,Quality & Release,6000,Salaries & Wages,Research & Development,73783.33
2026-01-31,CC-3010,Quality & Release,6010,Bonus,Research & Development,9003.67
2026-01-31,CC-3010,Quality & Release,6020,Payroll Taxes & Benefits,Research & Development,16971.33
2026-01-31,CC-3010,Quality & Release,6050,Contractor & Temp Labor,Research & Development,8252.61
2026-01-31,CC-3010,Quality & Release,6200,Software & Subscriptions,Research & Development,2238.18
2026-01-31,CC-3100,Product & Design,6000,Salaries & Wages,Research & Development,151891.67
2026-01-31,CC-3100,Product & Design,6010,Bonus,Research & Development,13699.67
2026-01-31,CC-3100,Product & Design,6020,Payroll Taxes & Benefits,Research & Development,33946.22
2026-01-31,CC-3100,Product & Design,6050,Contractor & Temp Labor,Research & Development,9140.98
2026-01-31,CC-3100,Product & Design,6200,Software & Subscriptions,Research & Development,4701.34
2026-01-31,CC-3100,Product & Design,6300,Travel & Entertainment,Research & Development,1158.93
2026-01-31,CC-4000,Finance & Accounting,6000,Salaries & Wages,General & Administrative,60308.33
2026-01-31,CC-4000,Finance & Accounting,6010,Bonus,General & Administrative,5342.67
2026-01-31,CC-4000,Finance & Accounting,6020,Payroll Taxes & Benefits,General & Administrative,13458.45
2026-01-31,CC-4000,Finance & Accounting,6200,Software & Subscriptions,General & Administrative,1284.85
2026-01-31,CC-4000,Finance & Accounting,6300,Travel & Entertainment,General & Administrative,723.62
2026-01-31,CC-4000,Finance & Accounting,6400,Professional Fees,General & Administrative,35429.06
2026-01-31,CC-4000,Finance & Accounting,6440,Depreciation & Amortisation,General & Administrative,21113.28
2026-01-31,CC-4000,Finance & Accounting,6900,Other Operating Expense,General & Administrative,173.82
2026-01-31,CC-4010,People Operations,6000,Salaries & Wages,General & Administrative,58750.00
2026-01-31,CC-4010,People Operations,6010,Bonus,General & Administrative,6273.08
2026-01-31,CC-4010,People Operations,6020,Payroll Taxes & Benefits,General & Administrative,13329.73
2026-01-31,CC-4010,People Operations,6200,Software & Subscriptions,General & Administrative,870.47
2026-01-31,CC-4010,People Operations,6410,Recruiting Fees,General & Administrative,41419.48
2026-01-31,CC-4010,People Operations,6450,Training & Enablement,General & Administrative,206.32
2026-01-31,CC-4020,Legal & Corporate,6000,Salaries & Wages,General & Administrative,17383.33
2026-01-31,CC-4020,Legal & Corporate,6010,Bonus,General & Administrative,1390.67
2026-01-31,CC-4020,Legal & Corporate,6020,Payroll Taxes & Benefits,General & Administrative,3848.67
2026-01-31,CC-4020,Legal & Corporate,6200,Software & Subscriptions,General & Administrative,558.07
2026-01-31,CC-4020,Legal & Corporate,6300,Travel & Entertainment,General & Administrative,308.31
2026-01-31,CC-4020,Legal & Corporate,6400,Professional Fees,General & Administrative,18593.74
2026-01-31,CC-4020,Legal & Corporate,6430,Insurance,General & Administrative,16996.42
2026-01-31,CC-4030,IT & Corporate Systems,6000,Salaries & Wages,General & Administrative,51225.00
2026-01-31,CC-4030,IT & Corporate Systems,6010,Bonus,General & Administrative,5701.42
2026-01-31,CC-4030,IT & Corporate Systems,6020,Payroll Taxes & Benefits,General & Administrative,11669.92
2026-01-31,CC-4030,IT & Corporate Systems,6050,Contractor & Temp Labor,General & Administrative,5679.02
2026-01-31,CC-4030,IT & Corporate Systems,6200,Software & Subscriptions,General & Administrative,739.13
2026-01-31,CC-4030,IT & Corporate Systems,6420,Facilities & Rent,General & Administrative,39343.09
2026-01-31,CC-4030,IT & Corporate Systems,6900,Other Operating Expense,General & Administrative,93.10
2026-01-31,CC-9000,Revenue,4000,Subscription Revenue,Subscription Revenue,-2443982.83
2026-01-31,CC-9000,Revenue,4010,Usage Revenue Above Commitment,Subscription Revenue,-41760.49
2026-01-31,CC-9000,Revenue,4100,Professional Services Revenue,Services Revenue,-26567.18
2026-01-31,CC-9000,Revenue,4110,Implementation Fee Revenue,Services Revenue,-44140.37
2026-02-28,CC-1000,Sales - SMB,6000,Salaries & Wages,Sales & Marketing,80033.33
2026-02-28,CC-1000,Sales - SMB,6020,Payroll Taxes & Benefits,Sales & Marketing,16406.83
2026-02-28,CC-1000,Sales - SMB,6030,Sales Commissions,Sales & Marketing,3427.60
2026-02-28,CC-1000,Sales - SMB,6040,Commission Amortisation,Sales & Marketing,5228.86
2026-02-28,CC-1000,Sales - SMB,6200,Software & Subscriptions,Sales & Marketing,4024.31
2026-02-28,CC-1000,Sales - SMB,6300,Travel & Entertainment,Sales & Marketing,5045.22
2026-02-28,CC-1000,Sales - SMB,6450,Training & Enablement,Sales & Marketing,444.90
2026-02-28,CC-1010,Sales - Mid-Market,6000,Salaries & Wages,Sales & Marketing,106250.00
2026-02-28,CC-1010,Sales - Mid-Market,6020,Payroll Taxes & Benefits,Sales & Marketing,21781.25
2026-02-28,CC-1010,Sales - Mid-Market,6030,Sales Commissions,Sales & Marketing,6543.59
2026-02-28,CC-1010,Sales - Mid-Market,6040,Commission Amortisation,Sales & Marketing,9982.37
2026-02-28,CC-1010,Sales - Mid-Market,6200,Software & Subscriptions,Sales & Marketing,4307.26
2026-02-28,CC-1010,Sales - Mid-Market,6300,Travel & Entertainment,Sales & Marketing,6537.39
2026-02-28,CC-1010,Sales - Mid-Market,6450,Training & Enablement,Sales & Marketing,497.38
2026-02-28,CC-1020,Sales - Enterprise,6000,Salaries & Wages,Sales & Marketing,67966.67
2026-02-28,CC-1020,Sales - Enterprise,6020,Payroll Taxes & Benefits,Sales & Marketing,13933.17
2026-02-28,CC-1020,Sales - Enterprise,6030,Sales Commissions,Sales & Marketing,5608.79
2026-02-28,CC-1020,Sales - Enterprise,6040,Commission Amortisation,Sales & Marketing,8556.32
2026-02-28,CC-1020,Sales - Enterprise,6200,Software & Subscriptions,Sales & Marketing,2586.55
2026-02-28,CC-1020,Sales - Enterprise,6300,Travel & Entertainment,Sales & Marketing,3297.68
2026-02-28,CC-1020,Sales - Enterprise,6450,Training & Enablement,Sales & Marketing,326.39
2026-02-28,CC-1030,Sales Development,6000,Salaries & Wages,Sales & Marketing,71558.33
2026-02-28,CC-1030,Sales Development,6020,Payroll Taxes & Benefits,Sales & Marketing,14669.46
2026-02-28,CC-1030,Sales Development,6200,Software & Subscriptions,Sales & Marketing,2847.02
2026-02-28,CC-1030,Sales Development,6300,Travel & Entertainment,Sales & Marketing,4421.07
2026-02-28,CC-1030,Sales Development,6450,Training & Enablement,Sales & Marketing,338.51
2026-02-28,CC-1040,Sales Operations,6000,Salaries & Wages,Sales & Marketing,24291.67
2026-02-28,CC-1040,Sales Operations,6020,Payroll Taxes & Benefits,Sales & Marketing,4979.79
2026-02-28,CC-1040,Sales Operations,6200,Software & Subscriptions,Sales & Marketing,1036.81
2026-02-28,CC-1040,Sales Operations,6300,Travel & Entertainment,Sales & Marketing,1530.93
2026-02-28,CC-1050,Solutions Engineering,6000,Salaries & Wages,Sales & Marketing,29183.33
2026-02-28,CC-1050,Solutions Engineering,6020,Payroll Taxes & Benefits,Sales & Marketing,5982.58
2026-02-28,CC-1050,Solutions Engineering,6200,Software & Subscriptions,Sales & Marketing,1024.71
2026-02-28,CC-1050,Solutions Engineering,6300,Travel & Entertainment,Sales & Marketing,1392.68
2026-02-28,CC-1060,Sales Leadership,6000,Salaries & Wages,Sales & Marketing,28333.33
2026-02-28,CC-1060,Sales Leadership,6020,Payroll Taxes & Benefits,Sales & Marketing,5808.33
2026-02-28,CC-1060,Sales Leadership,6200,Software & Subscriptions,Sales & Marketing,1042.72
2026-02-28,CC-1060,Sales Leadership,6300,Travel & Entertainment,Sales & Marketing,1506.48
2026-02-28,CC-1060,Sales Leadership,6450,Training & Enablement,Sales & Marketing,154.75
2026-02-28,CC-1100,Demand Generation,6000,Salaries & Wages,Sales & Marketing,98141.67
2026-02-28,CC-1100,Demand Generation,6010,Bonus,Sales & Marketing,9848.50
2026-02-28,CC-1100,Demand Generation,6020,Payroll Taxes & Benefits,Sales & Marketing,22137.98
2026-02-28,CC-1100,Demand Generation,6050,Contractor & Temp Labor,Sales & Marketing,15343.42
2026-02-28,CC-1100,Demand Generation,6100,Demand Generation,Sales & Marketing,106598.60
2026-02-28,CC-1100,Demand Generation,6110,Events & Field Marketing,Sales & Marketing,40133.11
2026-02-28,CC-1100,Demand Generation,6200,Software & Subscriptions,Sales & Marketing,3345.05
2026-02-28,CC-1100,Demand Generation,6300,Travel & Entertainment,Sales & Marketing,2527.94
2026-02-28,CC-1100,Demand Generation,6450,Training & Enablement,Sales & Marketing,429.66
2026-02-28,CC-1110,Product Marketing,6000,Salaries & Wages,Sales & Marketing,69675.00
2026-02-28,CC-1110,Product Marketing,6010,Bonus,Sales & Marketing,6424.33
2026-02-28,CC-1110,Product Marketing,6020,Payroll Taxes & Benefits,Sales & Marketing,15600.36
2026-02-28,CC-1110,Product Marketing,6120,Brand & Content,Sales & Marketing,32488.07
2026-02-28,CC-1110,Product Marketing,6200,Software & Subscriptions,Sales & Marketing,2490.58
2026-02-28,CC-1110,Product Marketing,6300,Travel & Entertainment,Sales & Marketing,2043.57
2026-02-28,CC-1200,Customer Success,6000,Salaries & Wages,Sales & Marketing,81930.00
2026-02-28,CC-1200,Customer Success,6000,Salaries & Wages,Subscription COGS,122895.00
2026-02-28,CC-1200,Customer Success,6010,Bonus,Sales & Marketing,8016.87
2026-02-28,CC-1200,Customer Success,6010,Bonus,Subscription COGS,12025.30
2026-02-28,CC-1200,Customer Success,6020,Payroll Taxes & Benefits,Sales & Marketing,18439.11
2026-02-28,CC-1200,Customer Success,6020,Payroll Taxes & Benefits,Subscription COGS,27658.66
2026-02-28,CC-1200,Customer Success,6200,Software & Subscriptions,Sales & Marketing,1407.85
2026-02-28,CC-1200,Customer Success,6200,Software & Subscriptions,Subscription COGS,2111.78
2026-02-28,CC-1200,Customer Success,6300,Travel & Entertainment,Sales & Marketing,1114.75
2026-02-28,CC-1200,Customer Success,6300,Travel & Entertainment,Subscription COGS,1672.12
2026-02-28,CC-2000,Support,5010,Third-Party Data & APIs,Subscription COGS,1239.77
2026-02-28,CC-2000,Support,6000,Salaries & Wages,Subscription COGS,77141.67
2026-02-28,CC-2000,Support,6010,Bonus,Subscription COGS,7537.67
2026-02-28,CC-2000,Support,6020,Payroll Taxes & Benefits,Subscription COGS,17359.26
2026-02-28,CC-2000,Support,6200,Software & Subscriptions,Subscription COGS,1289.15
2026-02-28,CC-2010,Cloud Operations,5000,Cloud Hosting,Subscription COGS,136643.01
2026-02-28,CC-2010,Cloud Operations,5010,Third-Party Data & APIs,Subscription COGS,777.64
2026-02-28,CC-2010,Cloud Operations,5020,Payment Processing Fees,Subscription COGS,15855.41
2026-02-28,CC-2010,Cloud Operations,6000,Salaries & Wages,Subscription COGS,41333.33
2026-02-28,CC-2010,Cloud Operations,6010,Bonus,Subscription COGS,3306.67
2026-02-28,CC-2010,Cloud Operations,6020,Payroll Taxes & Benefits,Subscription COGS,9151.20
2026-02-28,CC-2010,Cloud Operations,6050,Contractor & Temp Labor,Subscription COGS,13995.50
2026-02-28,CC-2010,Cloud Operations,6200,Software & Subscriptions,Subscription COGS,682.53
2026-02-28,CC-2010,Cloud Operations,6900,Other Operating Expense,Subscription COGS,113.86
2026-02-28,CC-2100,Professional Services,5030,Services Subcontractors,Services COGS,4120.50
2026-02-28,CC-2100,Professional Services,6000,Salaries & Wages,Services COGS,42366.67
2026-02-28,CC-2100,Professional Services,6010,Bonus,Services COGS,3744.67
2026-02-28,CC-2100,Professional Services,6020,Payroll Taxes & Benefits,Services COGS,9452.82
2026-02-28,CC-2100,Professional Services,6200,Software & Subscriptions,Services COGS,931.64
2026-02-28,CC-2100,Professional Services,6300,Travel & Entertainment,Services COGS,1853.86
2026-02-28,CC-3000,Engineering,6000,Salaries & Wages,Research & Development,340841.67
2026-02-28,CC-3000,Engineering,6010,Bonus,Research & Development,31327.75
2026-02-28,CC-3000,Engineering,6020,Payroll Taxes & Benefits,Research & Development,76294.73
2026-02-28,CC-3000,Engineering,6050,Contractor & Temp Labor,Research & Development,22910.97
2026-02-28,CC-3000,Engineering,6200,Software & Subscriptions,Research & Development,9104.04
2026-02-28,CC-3000,Engineering,6300,Travel & Entertainment,Research & Development,2180.23
2026-02-28,CC-3000,Engineering,6450,Training & Enablement,Research & Development,1746.42
2026-02-28,CC-3000,Engineering,6900,Other Operating Expense,Research & Development,957.46
2026-02-28,CC-3010,Quality & Release,6000,Salaries & Wages,Research & Development,73783.33
2026-02-28,CC-3010,Quality & Release,6010,Bonus,Research & Development,9003.67
2026-02-28,CC-3010,Quality & Release,6020,Payroll Taxes & Benefits,Research & Development,16971.33
2026-02-28,CC-3010,Quality & Release,6050,Contractor & Temp Labor,Research & Development,8242.82
2026-02-28,CC-3010,Quality & Release,6200,Software & Subscriptions,Research & Development,2133.00
2026-02-28,CC-3100,Product & Design,6000,Salaries & Wages,Research & Development,151891.67
2026-02-28,CC-3100,Product & Design,6010,Bonus,Research & Development,13699.67
2026-02-28,CC-3100,Product & Design,6020,Payroll Taxes & Benefits,Research & Development,33946.22
2026-02-28,CC-3100,Product & Design,6050,Contractor & Temp Labor,Research & Development,10335.63
2026-02-28,CC-3100,Product & Design,6200,Software & Subscriptions,Research & Development,4254.97
2026-02-28,CC-3100,Product & Design,6300,Travel & Entertainment,Research & Development,1170.93
2026-02-28,CC-4000,Finance & Accounting,6000,Salaries & Wages,General & Administrative,60308.33
2026-02-28,CC-4000,Finance & Accounting,6010,Bonus,General & Administrative,5342.67
2026-02-28,CC-4000,Finance & Accounting,6020,Payroll Taxes & Benefits,General & Administrative,13458.45
2026-02-28,CC-4000,Finance & Accounting,6200,Software & Subscriptions,General & Administrative,1324.49
2026-02-28,CC-4000,Finance & Accounting,6300,Travel & Entertainment,General & Administrative,712.88
2026-02-28,CC-4000,Finance & Accounting,6400,Professional Fees,General & Administrative,35941.23
2026-02-28,CC-4000,Finance & Accounting,6440,Depreciation & Amortisation,General & Administrative,21113.28
2026-02-28,CC-4000,Finance & Accounting,6900,Other Operating Expense,General & Administrative,156.72
2026-02-28,CC-4010,People Operations,6000,Salaries & Wages,General & Administrative,69408.33
2026-02-28,CC-4010,People Operations,6010,Bonus,General & Administrative,7125.75
2026-02-28,CC-4010,People Operations,6020,Payroll Taxes & Benefits,General & Administrative,15689.49
2026-02-28,CC-4010,People Operations,6200,Software & Subscriptions,General & Administrative,1157.99
2026-02-28,CC-4010,People Operations,6410,Recruiting Fees,General & Administrative,59207.51
2026-02-28,CC-4010,People Operations,6450,Training & Enablement,General & Administrative,226.80
2026-02-28,CC-4020,Legal & Corporate,6000,Salaries & Wages,General & Administrative,17383.33
2026-02-28,CC-4020,Legal & Corporate,6010,Bonus,General & Administrative,1390.67
2026-02-28,CC-4020,Legal & Corporate,6020,Payroll Taxes & Benefits,General & Administrative,3848.67
2026-02-28,CC-4020,Legal & Corporate,6200,Software & Subscriptions,General & Administrative,597.34
2026-02-28,CC-4020,Legal & Corporate,6300,Travel & Entertainment,General & Administrative,287.07
2026-02-28,CC-4020,Legal & Corporate,6400,Professional Fees,General & Administrative,19522.37
2026-02-28,CC-4020,Legal & Corporate,6430,Insurance,General & Administrative,16065.88
2026-02-28,CC-4030,IT & Corporate Systems,6000,Salaries & Wages,General & Administrative,51225.00
2026-02-28,CC-4030,IT & Corporate Systems,6010,Bonus,General & Administrative,5701.42
2026-02-28,CC-4030,IT & Corporate Systems,6020,Payroll Taxes & Benefits,General & Administrative,11669.92
2026-02-28,CC-4030,IT & Corporate Systems,6050,Contractor & Temp Labor,General & Administrative,5719.22
2026-02-28,CC-4030,IT & Corporate Systems,6200,Software & Subscriptions,General & Administrative,814.31
2026-02-28,CC-4030,IT & Corporate Systems,6420,Facilities & Rent,General & Administrative,36897.50
2026-02-28,CC-4030,IT & Corporate Systems,6900,Other Operating Expense,General & Administrative,97.24
2026-02-28,CC-9000,Revenue,4000,Subscription Revenue,Subscription Revenue,-2470488.59
2026-02-28,CC-9000,Revenue,4010,Usage Revenue Above Commitment,Subscription Revenue,-44899.68
2026-02-28,CC-9000,Revenue,4100,Professional Services Revenue,Services Revenue,-16214.27
2026-02-28,CC-9000,Revenue,4110,Implementation Fee Revenue,Services Revenue,-42738.26
2026-03-31,CC-1000,Sales - SMB,6000,Salaries & Wages,Sales & Marketing,111458.33
2026-03-31,CC-1000,Sales - SMB,6020,Payroll Taxes & Benefits,Sales & Marketing,22848.96
2026-03-31,CC-1000,Sales - SMB,6030,Sales Commissions,Sales & Marketing,4431.35
2026-03-31,CC-1000,Sales - SMB,6040,Commission Amortisation,Sales & Marketing,5406.00
2026-03-31,CC-1000,Sales - SMB,6200,Software & Subscriptions,Sales & Marketing,4798.74
2026-03-31,CC-1000,Sales - SMB,6300,Travel & Entertainment,Sales & Marketing,6134.46
2026-03-31,CC-1000,Sales - SMB,6450,Training & Enablement,Sales & Marketing,541.04
2026-03-31,CC-1010,Sales - Mid-Market,6000,Salaries & Wages,Sales & Marketing,110808.33
2026-03-31,CC-1010,Sales - Mid-Market,6020,Payroll Taxes & Benefits,Sales & Marketing,22715.71
2026-03-31,CC-1010,Sales - Mid-Market,6030,Sales Commissions,Sales & Marketing,8459.85
2026-03-31,CC-1010,Sales - Mid-Market,6040,Commission Amortisation,Sales & Marketing,10320.54
2026-03-31,CC-1010,Sales - Mid-Market,6200,Software & Subscriptions,Sales & Marketing,4238.97
2026-03-31,CC-1010,Sales - Mid-Market,6300,Travel & Entertainment,Sales & Marketing,6582.45
2026-03-31,CC-1010,Sales - Mid-Market,6450,Training & Enablement,Sales & Marketing,564.88
2026-03-31,CC-1020,Sales - Enterprise,6000,Salaries & Wages,Sales & Marketing,67966.67
2026-03-31,CC-1020,Sales - Enterprise,6020,Payroll Taxes & Benefits,Sales & Marketing,13933.17
2026-03-31,CC-1020,Sales - Enterprise,6030,Sales Commissions,Sales & Marketing,7251.30
2026-03-31,CC-1020,Sales - Enterprise,6040,Commission Amortisation,Sales & Marketing,8846.18
2026-03-31,CC-1020,Sales - Enterprise,6200,Software & Subscriptions,Sales & Marketing,2543.08
2026-03-31,CC-1020,Sales - Enterprise,6300,Travel & Entertainment,Sales & Marketing,3353.53
2026-03-31,CC-1020,Sales - Enterprise,6450,Training & Enablement,Sales & Marketing,319.08
2026-03-31,CC-1030,Sales Development,6000,Salaries & Wages,Sales & Marketing,66216.67
2026-03-31,CC-1030,Sales Development,6020,Payroll Taxes & Benefits,Sales & Marketing,13574.42
2026-03-31,CC-1030,Sales Development,6200,Software & Subscriptions,Sales & Marketing,2621.23
2026-03-31,CC-1030,Sales Development,6300,Travel & Entertainment,Sales & Marketing,3430.58
2026-03-31,CC-1030,Sales Development,6450,Training & Enablement,Sales & Marketing,309.63
2026-03-31,CC-1040,Sales Operations,6000,Salaries & Wages,Sales & Marketing,24291.67
2026-03-31,CC-1040,Sales Operations,6020,Payroll Taxes & Benefits,Sales & Marketing,4979.79
2026-03-31,CC-1040,Sales Operations,6200,Software & Subscriptions,Sales & Marketing,1063.43
2026-03-31,CC-1040,Sales Operations,6300,Travel & Entertainment,Sales & Marketing,1565.92
2026-03-31,CC-1050,Solutions Engineering,6000,Salaries & Wages,Sales & Marketing,40091.67
2026-03-31,CC-1050,Solutions Engineering,6020,Payroll Taxes & Benefits,Sales & Marketing,8218.79
2026-03-31,CC-1050,Solutions Engineering,6200,Software & Subscriptions,Sales & Marketing,1460.18
2026-03-31,CC-1050,Solutions Engineering,6300,Travel & Entertainment,Sales & Marketing,2022.05
2026-03-31,CC-1060,Sales Leadership,6000,Salaries & Wages,Sales & Marketing,28333.33
2026-03-31,CC-1060,Sales Leadership,6020,Payroll Taxes & Benefits,Sales & Marketing,5808.33
2026-03-31,CC-1060,Sales Leadership,6200,Software & Subscriptions,Sales & Marketing,1067.89
2026-03-31,CC-1060,Sales Leadership,6300,Travel & Entertainment,Sales & Marketing,1746.64
2026-03-31,CC-1060,Sales Leadership,6450,Training & Enablement,Sales & Marketing,133.76
2026-03-31,CC-1100,Demand Generation,6000,Salaries & Wages,Sales & Marketing,98141.67
2026-03-31,CC-1100,Demand Generation,6010,Bonus,Sales & Marketing,9848.50
2026-03-31,CC-1100,Demand Generation,6020,Payroll Taxes & Benefits,Sales & Marketing,22137.98
2026-03-31,CC-1100,Demand Generation,6050,Contractor & Temp Labor,Sales & Marketing,14355.65
2026-03-31,CC-1100,Demand Generation,6100,Demand Generation,Sales & Marketing,122405.58
2026-03-31,CC-1100,Demand Generation,6110,Events & Field Marketing,Sales & Marketing,55943.15
2026-03-31,CC-1100,Demand Generation,6200,Software & Subscriptions,Sales & Marketing,3269.73
2026-03-31,CC-1100,Demand Generation,6300,Travel & Entertainment,Sales & Marketing,2987.24
2026-03-31,CC-1100,Demand Generation,6450,Training & Enablement,Sales & Marketing,431.98
2026-03-31,CC-1110,Product Marketing,6000,Salaries & Wages,Sales & Marketing,69675.00
2026-03-31,CC-1110,Product Marketing,6010,Bonus,Sales & Marketing,6424.33
2026-03-31,CC-1110,Product Marketing,6020,Payroll Taxes & Benefits,Sales & Marketing,15600.36
2026-03-31,CC-1110,Product Marketing,6120,Brand & Content,Sales & Marketing,31658.09
2026-03-31,CC-1110,Product Marketing,6200,Software & Subscriptions,Sales & Marketing,2538.42
2026-03-31,CC-1110,Product Marketing,6300,Travel & Entertainment,Sales & Marketing,2072.96
2026-03-31,CC-1200,Customer Success,6000,Salaries & Wages,Sales & Marketing,85180.00
2026-03-31,CC-1200,Customer Success,6000,Salaries & Wages,Subscription COGS,127770.00
2026-03-31,CC-1200,Customer Success,6010,Bonus,Sales & Marketing,8276.87
2026-03-31,CC-1200,Customer Success,6010,Bonus,Subscription COGS,12415.30
2026-03-31,CC-1200,Customer Success,6020,Payroll Taxes & Benefits,Sales & Marketing,19158.66
2026-03-31,CC-1200,Customer Success,6020,Payroll Taxes & Benefits,Subscription COGS,28737.99
2026-03-31,CC-1200,Customer Success,6200,Software & Subscriptions,Sales & Marketing,1425.03
2026-03-31,CC-1200,Customer Success,6200,Software & Subscriptions,Subscription COGS,2137.54
2026-03-31,CC-1200,Customer Success,6300,Travel & Entertainment,Sales & Marketing,1039.45
2026-03-31,CC-1200,Customer Success,6300,Travel & Entertainment,Subscription COGS,1559.18
2026-03-31,CC-2000,Support,5010,Third-Party Data & APIs,Subscription COGS,1105.89
2026-03-31,CC-2000,Support,6000,Salaries & Wages,Subscription COGS,69008.33
2026-03-31,CC-2000,Support,6010,Bonus,Subscription COGS,6887.00
2026-03-31,CC-2000,Support,6020,Payroll Taxes & Benefits,Subscription COGS,15558.54
2026-03-31,CC-2000,Support,6200,Software & Subscriptions,Subscription COGS,1071.69
2026-03-31,CC-2010,Cloud Operations,5000,Cloud Hosting,Subscription COGS,147946.76
2026-03-31,CC-2010,Cloud Operations,5010,Third-Party Data & APIs,Subscription COGS,833.88
2026-03-31,CC-2010,Cloud Operations,5020,Payment Processing Fees,Subscription COGS,21657.43
2026-03-31,CC-2010,Cloud Operations,6000,Salaries & Wages,Subscription COGS,52183.33
2026-03-31,CC-2010,Cloud Operations,6010,Bonus,Subscription COGS,4608.67
2026-03-31,CC-2010,Cloud Operations,6020,Payroll Taxes & Benefits,Subscription COGS,11642.36
2026-03-31,CC-2010,Cloud Operations,6050,Contractor & Temp Labor,Subscription COGS,13314.94
2026-03-31,CC-2010,Cloud Operations,6200,Software & Subscriptions,Subscription COGS,720.47
2026-03-31,CC-2010,Cloud Operations,6900,Other Operating Expense,Subscription COGS,139.21
2026-03-31,CC-2100,Professional Services,5030,Services Subcontractors,Services COGS,4075.33
2026-03-31,CC-2100,Professional Services,6000,Salaries & Wages,Services COGS,47616.67
2026-03-31,CC-2100,Professional Services,6010,Bonus,Services COGS,4164.67
2026-03-31,CC-2100,Professional Services,6020,Payroll Taxes & Benefits,Services COGS,10615.17
2026-03-31,CC-2100,Professional Services,6200,Software & Subscriptions,Services COGS,1022.03
2026-03-31,CC-2100,Professional Services,6300,Travel & Entertainment,Services COGS,2437.08
2026-03-31,CC-3000,Engineering,6000,Salaries & Wages,Research & Development,340841.67
2026-03-31,CC-3000,Engineering,6010,Bonus,Research & Development,31327.75
2026-03-31,CC-3000,Engineering,6020,Payroll Taxes & Benefits,Research & Development,76294.73
2026-03-31,CC-3000,Engineering,6050,Contractor & Temp Labor,Research & Development,22761.29
2026-03-31,CC-3000,Engineering,6200,Software & Subscriptions,Research & Development,9631.68
2026-03-31,CC-3000,Engineering,6300,Travel & Entertainment,Research & Development,2069.83
2026-03-31,CC-3000,Engineering,6450,Training & Enablement,Research & Development,1597.20
2026-03-31,CC-3000,Engineering,6900,Other Operating Expense,Research & Development,1005.44
2026-03-31,CC-3010,Quality & Release,6000,Salaries & Wages,Research & Development,63658.33
2026-03-31,CC-3010,Quality & Release,6010,Bonus,Research & Development,8193.67
2026-03-31,CC-3010,Quality & Release,6020,Payroll Taxes & Benefits,Research & Development,14729.66
2026-03-31,CC-3010,Quality & Release,6050,Contractor & Temp Labor,Research & Development,9421.60
2026-03-31,CC-3010,Quality & Release,6200,Software & Subscriptions,Research & Development,2023.80
2026-03-31,CC-3100,Product & Design,6000,Salaries & Wages,Research & Development,167941.67
2026-03-31,CC-3100,Product & Design,6010,Bonus,Research & Development,17230.67
2026-03-31,CC-3100,Product & Design,6020,Payroll Taxes & Benefits,Research & Development,37960.33
2026-03-31,CC-3100,Product & Design,6050,Contractor & Temp Labor,Research & Development,9494.92
2026-03-31,CC-3100,Product & Design,6200,Software & Subscriptions,Research & Development,4678.62
2026-03-31,CC-3100,Product & Design,6300,Travel & Entertainment,Research & Development,1233.99
2026-03-31,CC-4000,Finance & Accounting,6000,Salaries & Wages,General & Administrative,81541.67
2026-03-31,CC-4000,Finance & Accounting,6010,Bonus,General & Administrative,8527.67
2026-03-31,CC-4000,Finance & Accounting,6020,Payroll Taxes & Benefits,General & Administrative,18464.21
2026-03-31,CC-4000,Finance & Accounting,6200,Software & Subscriptions,General & Administrative,1537.77
2026-03-31,CC-4000,Finance & Accounting,6300,Travel & Entertainment,General & Administrative,714.52
2026-03-31,CC-4000,Finance & Accounting,6400,Professional Fees,General & Administrative,81964.34
2026-03-31,CC-4000,Finance & Accounting,6440,Depreciation & Amortisation,General & Administrative,21113.28
2026-03-31,CC-4000,Finance & Accounting,6900,Other Operating Expense,General & Administrative,193.89
2026-03-31,CC-4010,People Operations,6000,Salaries & Wages,General & Administrative,69408.33
2026-03-31,CC-4010,People Operations,6010,Bonus,General & Administrative,7125.75
2026-03-31,CC-4010,People Operations,6020,Payroll Taxes & Benefits,General & Administrative,15689.49
2026-03-31,CC-4010,People Operations,6200,Software & Subscriptions,General & Administrative,1099.93
2026-03-31,CC-4010,People Operations,6410,Recruiting Fees,General & Administrative,83601.72
2026-03-31,CC-4010,People Operations,6450,Training & Enablement,General & Administrative,223.96
2026-03-31,CC-4020,Legal & Corporate,6000,Salaries & Wages,General & Administrative,17383.33
2026-03-31,CC-4020,Legal & Corporate,6010,Bonus,General & Administrative,1390.67
2026-03-31,CC-4020,Legal & Corporate,6020,Payroll Taxes & Benefits,General & Administrative,3848.67
2026-03-31,CC-4020,Legal & Corporate,6200,Software & Subscriptions,General & Administrative,591.05
2026-03-31,CC-4020,Legal & Corporate,6300,Travel & Entertainment,General & Administrative,296.40
2026-03-31,CC-4020,Legal & Corporate,6400,Professional Fees,General & Administrative,51836.44
2026-03-31,CC-4020,Legal & Corporate,6430,Insurance,General & Administrative,20341.56
2026-03-31,CC-4030,IT & Corporate Systems,6000,Salaries & Wages,General & Administrative,51225.00
2026-03-31,CC-4030,IT & Corporate Systems,6010,Bonus,General & Administrative,5701.42
2026-03-31,CC-4030,IT & Corporate Systems,6020,Payroll Taxes & Benefits,General & Administrative,11669.92
2026-03-31,CC-4030,IT & Corporate Systems,6050,Contractor & Temp Labor,General & Administrative,5620.37
2026-03-31,CC-4030,IT & Corporate Systems,6200,Software & Subscriptions,General & Administrative,774.50
2026-03-31,CC-4030,IT & Corporate Systems,6420,Facilities & Rent,General & Administrative,37773.88
2026-03-31,CC-4030,IT & Corporate Systems,6900,Other Operating Expense,General & Administrative,94.38
2026-03-31,CC-9000,Revenue,4000,Subscription Revenue,Subscription Revenue,-2480084.87
2026-03-31,CC-9000,Revenue,4010,Usage Revenue Above Commitment,Subscription Revenue,-53198.96
2026-03-31,CC-9000,Revenue,4100,Professional Services Revenue,Services Revenue,-15494.69
2026-03-31,CC-9000,Revenue,4110,Implementation Fee Revenue,Services Revenue,-41341.30
2026-04-30,CC-1000,Sales - SMB,6000,Salaries & Wages,Sales & Marketing,100775.00
2026-04-30,CC-1000,Sales - SMB,6020,Payroll Taxes & Benefits,Sales & Marketing,20658.88
2026-04-30,CC-1000,Sales - SMB,6030,Sales Commissions,Sales & Marketing,7660.54
2026-04-30,CC-1000,Sales - SMB,6040,Commission Amortisation,Sales & Marketing,5712.21
2026-04-30,CC-1000,Sales - SMB,6200,Software & Subscriptions,Sales & Marketing,4275.02
2026-04-30,CC-1000,Sales - SMB,6300,Travel & Entertainment,Sales & Marketing,5873.28
2026-04-30,CC-1000,Sales - SMB,6450,Training & Enablement,Sales & Marketing,497.63
2026-04-30,CC-1010,Sales - Mid-Market,6000,Salaries & Wages,Sales & Marketing,101458.33
2026-04-30,CC-1010,Sales - Mid-Market,6020,Payroll Taxes & Benefits,Sales & Marketing,20798.96
2026-04-30,CC-1010,Sales - Mid-Market,6030,Sales Commissions,Sales & Marketing,14624.68
2026-04-30,CC-1010,Sales - Mid-Market,6040,Commission Amortisation,Sales & Marketing,10905.13
2026-04-30,CC-1010,Sales - Mid-Market,6200,Software & Subscriptions,Sales & Marketing,4335.17
2026-04-30,CC-1010,Sales - Mid-Market,6300,Travel & Entertainment,Sales & Marketing,6102.96
2026-04-30,CC-1010,Sales - Mid-Market,6450,Training & Enablement,Sales & Marketing,515.76
2026-04-30,CC-1020,Sales - Enterprise,6000,Salaries & Wages,Sales & Marketing,79541.67
2026-04-30,CC-1020,Sales - Enterprise,6020,Payroll Taxes & Benefits,Sales & Marketing,16306.04
2026-04-30,CC-1020,Sales - Enterprise,6030,Sales Commissions,Sales & Marketing,12535.44
2026-04-30,CC-1020,Sales - Enterprise,6040,Commission Amortisation,Sales & Marketing,9347.25
2026-04-30,CC-1020,Sales - Enterprise,6200,Software & Subscriptions,Sales & Marketing,2820.53
2026-04-30,CC-1020,Sales - Enterprise,6300,Travel & Entertainment,Sales & Marketing,3771.90
2026-04-30,CC-1020,Sales - Enterprise,6450,Training & Enablement,Sales & Marketing,352.20
2026-04-30,CC-1030,Sales Development,6000,Salaries & Wages,Sales & Marketing,66216.67
2026-04-30,CC-1030,Sales Development,6020,Payroll Taxes & Benefits,Sales & Marketing,13574.42
2026-04-30,CC-1030,Sales Development,6200,Software & Subscriptions,Sales & Marketing,2815.86
2026-04-30,CC-1030,Sales Development,6300,Travel & Entertainment,Sales & Marketing,3592.22
2026-04-30,CC-1030,Sales Development,6450,Training & Enablement,Sales & Marketing,323.62
2026-04-30,CC-1040,Sales Operations,6000,Salaries & Wages,Sales & Marketing,24291.67
2026-04-30,CC-1040,Sales Operations,6020,Payroll Taxes & Benefits,Sales & Marketing,4979.79
2026-04-30,CC-1040,Sales Operations,6200,Software & Subscriptions,Sales & Marketing,1041.48
2026-04-30,CC-1040,Sales Operations,6300,Travel & Entertainment,Sales & Marketing,1434.70
2026-04-30,CC-1050,Solutions Engineering,6000,Salaries & Wages,Sales & Marketing,48166.67
2026-04-30,CC-1050,Solutions Engineering,6020,Payroll Taxes & Benefits,Sales & Marketing,9874.17
2026-04-30,CC-1050,Solutions Engineering,6200,Software & Subscriptions,Sales & Marketing,1373.93
2026-04-30,CC-1050,Solutions Engineering,6300,Travel & Entertainment,Sales & Marketing,2121.27
2026-04-30,CC-1060,Sales Leadership,6000,Salaries & Wages,Sales & Marketing,17541.67
2026-04-30,CC-1060,Sales Leadership,6020,Payroll Taxes & Benefits,Sales & Marketing,3596.04
2026-04-30,CC-1060,Sales Leadership,6200,Software & Subscriptions,Sales & Marketing,703.86
2026-04-30,CC-1060,Sales Leadership,6300,Travel & Entertainment,Sales & Marketing,1001.44
2026-04-30,CC-1060,Sales Leadership,6450,Training & Enablement,Sales & Marketing,88.21
2026-04-30,CC-1100,Demand Generation,6000,Salaries & Wages,Sales & Marketing,106991.67
2026-04-30,CC-1100,Demand Generation,6010,Bonus,Sales & Marketing,10556.50
2026-04-30,CC-1100,Demand Generation,6020,Payroll Taxes & Benefits,Sales & Marketing,24097.37
2026-04-30,CC-1100,Demand Generation,6050,Contractor & Temp Labor,Sales & Marketing,15352.67
2026-04-30,CC-1100,Demand Generation,6100,Demand Generation,Sales & Marketing,198965.58
2026-04-30,CC-1100,Demand Generation,6110,Events & Field Marketing,Sales & Marketing,68441.18
2026-04-30,CC-1100,Demand Generation,6200,Software & Subscriptions,Sales & Marketing,3527.13
2026-04-30,CC-1100,Demand Generation,6300,Travel & Entertainment,Sales & Marketing,2919.91
2026-04-30,CC-1100,Demand Generation,6450,Training & Enablement,Sales & Marketing,453.07
2026-04-30,CC-1110,Product Marketing,6000,Salaries & Wages,Sales & Marketing,69675.00
2026-04-30,CC-1110,Product Marketing,6010,Bonus,Sales & Marketing,6424.33
2026-04-30,CC-1110,Product Marketing,6020,Payroll Taxes & Benefits,Sales & Marketing,15600.36
2026-04-30,CC-1110,Product Marketing,6120,Brand & Content,Sales & Marketing,46462.08
2026-04-30,CC-1110,Product Marketing,6200,Software & Subscriptions,Sales & Marketing,2668.93
2026-04-30,CC-1110,Product Marketing,6300,Travel & Entertainment,Sales & Marketing,2024.04
2026-04-30,CC-1200,Customer Success,6000,Salaries & Wages,Sales & Marketing,87950.00
2026-04-30,CC-1200,Customer Success,6000,Salaries & Wages,Subscription COGS,131925.00
2026-04-30,CC-1200,Customer Success,6010,Bonus,Sales & Marketing,8887.90
2026-04-30,CC-1200,Customer Success,6010,Bonus,Subscription COGS,13331.85
2026-04-30,CC-1200,Customer Success,6020,Payroll Taxes & Benefits,Sales & Marketing,19851.77
2026-04-30,CC-1200,Customer Success,6020,Payroll Taxes & Benefits,Subscription COGS,29777.65
2026-04-30,CC-1200,Customer Success,6200,Software & Subscriptions,Sales & Marketing,1341.10
2026-04-30,CC-1200,Customer Success,6200,Software & Subscriptions,Subscription COGS,2011.66
2026-04-30,CC-1200,Customer Success,6300,Travel & Entertainment,Sales & Marketing,1056.66
2026-04-30,CC-1200,Customer Success,6300,Travel & Entertainment,Subscription COGS,1584.99
2026-04-30,CC-2000,Support,5010,Third-Party Data & APIs,Subscription COGS,1132.78
2026-04-30,CC-2000,Support,6000,Salaries & Wages,Subscription COGS,60833.33
2026-04-30,CC-2000,Support,6010,Bonus,Subscription COGS,6233.00
2026-04-30,CC-2000,Support,6020,Payroll Taxes & Benefits,Subscription COGS,13748.60
2026-04-30,CC-2000,Support,6200,Software & Subscriptions,Subscription COGS,924.21
2026-04-30,CC-2010,Cloud Operations,5000,Cloud Hosting,Subscription COGS,129971.45
2026-04-30,CC-2010,Cloud Operations,5010,Third-Party Data & APIs,Subscription COGS,809.90
2026-04-30,CC-2010,Cloud Operations,5020,Payment Processing Fees,Subscription COGS,10881.64
2026-04-30,CC-2010,Cloud Operations,6000,Salaries & Wages,Subscription COGS,56916.67
2026-04-30,CC-2010,Cloud Operations,6010,Bonus,Subscription COGS,4987.33
2026-04-30,CC-2010,Cloud Operations,6020,Payroll Taxes & Benefits,Subscription COGS,12690.32
2026-04-30,CC-2010,Cloud Operations,6050,Contractor & Temp Labor,Subscription COGS,15666.94
2026-04-30,CC-2010,Cloud Operations,6200,Software & Subscriptions,Subscription COGS,842.62
2026-04-30,CC-2010,Cloud Operations,6900,Other Operating Expense,Subscription COGS,139.42
2026-04-30,CC-2100,Professional Services,5030,Services Subcontractors,Services COGS,4134.21
2026-04-30,CC-2100,Professional Services,6000,Salaries & Wages,Services COGS,47616.67
2026-04-30,CC-2100,Professional Services,6010,Bonus,Services COGS,4164.67
2026-04-30,CC-2100,Professional Services,6020,Payroll Taxes & Benefits,Services COGS,10615.17
2026-04-30,CC-2100,Professional Services,6200,Software & Subscriptions,Services COGS,1052.14
2026-04-30,CC-2100,Professional Services,6300,Travel & Entertainment,Services COGS,2273.98
2026-04-30,CC-3000,Engineering,6000,Salaries & Wages,Research & Development,340841.67
2026-04-30,CC-3000,Engineering,6010,Bonus,Research & Development,31327.75
2026-04-30,CC-3000,Engineering,6020,Payroll Taxes & Benefits,Research & Development,76294.73
2026-04-30,CC-3000,Engineering,6050,Contractor & Temp Labor,Research & Development,21312.50
2026-04-30,CC-3000,Engineering,6200,Software & Subscriptions,Research & Development,11301.44
2026-04-30,CC-3000,Engineering,6300,Travel & Entertainment,Research & Development,2122.33
2026-04-30,CC-3000,Engineering,6450,Training & Enablement,Research & Development,1591.59
2026-04-30,CC-3000,Engineering,6900,Other Operating Expense,Research & Development,1017.83
2026-04-30,CC-3010,Quality & Release,6000,Salaries & Wages,Research & Development,63658.33
2026-04-30,CC-3010,Quality & Release,6010,Bonus,Research & Development,8193.67
2026-04-30,CC-3010,Quality & Release,6020,Payroll Taxes & Benefits,Research & Development,14729.66
2026-04-30,CC-3010,Quality & Release,6050,Contractor & Temp Labor,Research & Development,8190.71
2026-04-30,CC-3010,Quality & Release,6200,Software & Subscriptions,Research & Development,1841.79
2026-04-30,CC-3100,Product & Design,6000,Salaries & Wages,Research & Development,165683.33
2026-04-30,CC-3100,Product & Design,6010,Bonus,Research & Development,16679.00
2026-04-30,CC-3100,Product & Design,6020,Payroll Taxes & Benefits,Research & Development,37384.28
2026-04-30,CC-3100,Product & Design,6050,Contractor & Temp Labor,Research & Development,9786.90
2026-04-30,CC-3100,Product & Design,6200,Software & Subscriptions,Research & Development,4716.82
2026-04-30,CC-3100,Product & Design,6300,Travel & Entertainment,Research & Development,1169.85
2026-04-30,CC-4000,Finance & Accounting,6000,Salaries & Wages,General & Administrative,81541.67
2026-04-30,CC-4000,Finance & Accounting,6010,Bonus,General & Administrative,8527.67
2026-04-30,CC-4000,Finance & Accounting,6020,Payroll Taxes & Benefits,General & Administrative,18464.21
2026-04-30,CC-4000,Finance & Accounting,6200,Software & Subscriptions,General & Administrative,1524.43
2026-04-30,CC-4000,Finance & Accounting,6300,Travel & Entertainment,General & Administrative,858.29
2026-04-30,CC-4000,Finance & Accounting,6400,Professional Fees,General & Administrative,77596.75
2026-04-30,CC-4000,Finance & Accounting,6440,Depreciation & Amortisation,General & Administrative,21113.28
2026-04-30,CC-4000,Finance & Accounting,6900,Other Operating Expense,General & Administrative,194.84
2026-04-30,CC-4010,People Operations,6000,Salaries & Wages,General & Administrative,69408.33
2026-04-30,CC-4010,People Operations,6010,Bonus,General & Administrative,7125.75
2026-04-30,CC-4010,People Operations,6020,Payroll Taxes & Benefits,General & Administrative,15689.49
2026-04-30,CC-4010,People Operations,6200,Software & Subscriptions,General & Administrative,1113.85
2026-04-30,CC-4010,People Operations,6410,Recruiting Fees,General & Administrative,58665.12
2026-04-30,CC-4010,People Operations,6450,Training & Enablement,General & Administrative,229.29
2026-04-30,CC-4020,Legal & Corporate,6000,Salaries & Wages,General & Administrative,11908.33
2026-04-30,CC-4020,Legal & Corporate,6010,Bonus,General & Administrative,952.67
2026-04-30,CC-4020,Legal & Corporate,6020,Payroll Taxes & Benefits,General & Administrative,2636.51
2026-04-30,CC-4020,Legal & Corporate,6200,Software & Subscriptions,General & Administrative,391.37
2026-04-30,CC-4020,Legal & Corporate,6300,Travel & Entertainment,General & Administrative,188.51
2026-04-30,CC-4020,Legal & Corporate,6400,Professional Fees,General & Administrative,42036.01
2026-04-30,CC-4020,Legal & Corporate,6430,Insurance,General & Administrative,19450.54
2026-04-30,CC-4030,IT & Corporate Systems,6000,Salaries & Wages,General & Administrative,51225.00
2026-04-30,CC-4030,IT & Corporate Systems,6010,Bonus,General & Administrative,5701.42
2026-04-30,CC-4030,IT & Corporate Systems,6020,Payroll Taxes & Benefits,General & Administrative,11669.92
2026-04-30,CC-4030,IT & Corporate Systems,6050,Contractor & Temp Labor,General & Administrative,5994.31
2026-04-30,CC-4030,IT & Corporate Systems,6200,Software & Subscriptions,General & Administrative,765.08
2026-04-30,CC-4030,IT & Corporate Systems,6420,Facilities & Rent,General & Administrative,39444.48
2026-04-30,CC-4030,IT & Corporate Systems,6900,Other Operating Expense,General & Administrative,86.92
2026-04-30,CC-9000,Revenue,4000,Subscription Revenue,Subscription Revenue,-2506304.24
2026-04-30,CC-9000,Revenue,4010,Usage Revenue Above Commitment,Subscription Revenue,-53761.38
2026-04-30,CC-9000,Revenue,4100,Professional Services Revenue,Services Revenue,-11857.03
2026-04-30,CC-9000,Revenue,4110,Implementation Fee Revenue,Services Revenue,-39051.97
2026-05-31,CC-1000,Sales - SMB,6000,Salaries & Wages,Sales & Marketing,100775.00
2026-05-31,CC-1000,Sales - SMB,6020,Payroll Taxes & Benefits,Sales & Marketing,20658.88
2026-05-31,CC-1000,Sales - SMB,6030,Sales Commissions,Sales & Marketing,5448.26
2026-05-31,CC-1000,Sales - SMB,6040,Commission Amortisation,Sales & Marketing,5929.99
2026-05-31,CC-1000,Sales - SMB,6200,Software & Subscriptions,Sales & Marketing,4225.23
2026-05-31,CC-1000,Sales - SMB,6300,Travel & Entertainment,Sales & Marketing,5913.66
2026-05-31,CC-1000,Sales - SMB,6450,Training & Enablement,Sales & Marketing,486.12
2026-05-31,CC-1010,Sales - Mid-Market,6000,Salaries & Wages,Sales & Marketing,91275.00
2026-05-31,CC-1010,Sales - Mid-Market,6020,Payroll Taxes & Benefits,Sales & Marketing,18711.38
2026-05-31,CC-1010,Sales - Mid-Market,6030,Sales Commissions,Sales & Marketing,10401.22
2026-05-31,CC-1010,Sales - Mid-Market,6040,Commission Amortisation,Sales & Marketing,11320.90
2026-05-31,CC-1010,Sales - Mid-Market,6200,Software & Subscriptions,Sales & Marketing,3344.97
2026-05-31,CC-1010,Sales - Mid-Market,6300,Travel & Entertainment,Sales & Marketing,5458.26
2026-05-31,CC-1010,Sales - Mid-Market,6450,Training & Enablement,Sales & Marketing,474.47
2026-05-31,CC-1020,Sales - Enterprise,6000,Salaries & Wages,Sales & Marketing,70016.67
2026-05-31,CC-1020,Sales - Enterprise,6020,Payroll Taxes & Benefits,Sales & Marketing,14353.42
2026-05-31,CC-1020,Sales - Enterprise,6030,Sales Commissions,Sales & Marketing,8915.33
2026-05-31,CC-1020,Sales - Enterprise,6040,Commission Amortisation,Sales & Marketing,9703.62
2026-05-31,CC-1020,Sales - Enterprise,6200,Software & Subscriptions,Sales & Marketing,2358.87
2026-05-31,CC-1020,Sales - Enterprise,6300,Travel & Entertainment,Sales & Marketing,3707.82
2026-05-31,CC-1020,Sales - Enterprise,6450,Training & Enablement,Sales & Marketing,318.70
2026-05-31,CC-1030,Sales Development,6000,Salaries & Wages,Sales & Marketing,66216.67
2026-05-31,CC-1030,Sales Development,6020,Payroll Taxes & Benefits,Sales & Marketing,13574.42
2026-05-31,CC-1030,Sales Development,6200,Software & Subscriptions,Sales & Marketing,2556.58
2026-05-31,CC-1030,Sales Development,6300,Travel & Entertainment,Sales & Marketing,3319.53
2026-05-31,CC-1030,Sales Development,6450,Training & Enablement,Sales & Marketing,341.12
2026-05-31,CC-1040,Sales Operations,6000,Salaries & Wages,Sales & Marketing,24291.67
2026-05-31,CC-1040,Sales Operations,6020,Payroll Taxes & Benefits,Sales & Marketing,4979.79
2026-05-31,CC-1040,Sales Operations,6200,Software & Subscriptions,Sales & Marketing,1043.18
2026-05-31,CC-1040,Sales Operations,6300,Travel & Entertainment,Sales & Marketing,1511.72
2026-05-31,CC-1050,Solutions Engineering,6000,Salaries & Wages,Sales & Marketing,40441.67
2026-05-31,CC-1050,Solutions Engineering,6020,Payroll Taxes & Benefits,Sales & Marketing,8290.54
2026-05-31,CC-1050,Solutions Engineering,6200,Software & Subscriptions,Sales & Marketing,1085.94
2026-05-31,CC-1050,Solutions Engineering,6300,Travel & Entertainment,Sales & Marketing,1519.74
2026-05-31,CC-1060,Sales Leadership,6000,Salaries & Wages,Sales & Marketing,17541.67
2026-05-31,CC-1060,Sales Leadership,6020,Payroll Taxes & Benefits,Sales & Marketing,3596.04
2026-05-31,CC-1060,Sales Leadership,6200,Software & Subscriptions,Sales & Marketing,771.30
2026-05-31,CC-1060,Sales Leadership,6300,Travel & Entertainment,Sales & Marketing,1110.56
2026-05-31,CC-1060,Sales Leadership,6450,Training & Enablement,Sales & Marketing,91.20
2026-05-31,CC-1100,Demand Generation,6000,Salaries & Wages,Sales & Marketing,97016.67
2026-05-31,CC-1100,Demand Generation,6010,Bonus,Sales & Marketing,9758.50
2026-05-31,CC-1100,Demand Generation,6020,Payroll Taxes & Benefits,Sales & Marketing,21888.91
2026-05-31,CC-1100,Demand Generation,6050,Contractor & Temp Labor,Sales & Marketing,13560.38
2026-05-31,CC-1100,Demand Generation,6100,Demand Generation,Sales & Marketing,194679.45
2026-05-31,CC-1100,Demand Generation,6110,Events & Field Marketing,Sales & Marketing,71895.71
2026-05-31,CC-1100,Demand Generation,6200,Software & Subscriptions,Sales & Marketing,3212.88
2026-05-31,CC-1100,Demand Generation,6300,Travel & Entertainment,Sales & Marketing,2962.01
2026-05-31,CC-1100,Demand Generation,6450,Training & Enablement,Sales & Marketing,439.85
2026-05-31,CC-1110,Product Marketing,6000,Salaries & Wages,Sales & Marketing,69675.00
2026-05-31,CC-1110,Product Marketing,6010,Bonus,Sales & Marketing,6424.33
2026-05-31,CC-1110,Product Marketing,6020,Payroll Taxes & Benefits,Sales & Marketing,15600.36
2026-05-31,CC-1110,Product Marketing,6120,Brand & Content,Sales & Marketing,53610.49
2026-05-31,CC-1110,Product Marketing,6200,Software & Subscriptions,Sales & Marketing,2525.51
2026-05-31,CC-1110,Product Marketing,6300,Travel & Entertainment,Sales & Marketing,1806.66
2026-05-31,CC-1200,Customer Success,6000,Salaries & Wages,Sales & Marketing,88913.33
2026-05-31,CC-1200,Customer Success,6000,Salaries & Wages,Subscription COGS,133370.00
2026-05-31,CC-1200,Customer Success,6010,Bonus,Sales & Marketing,9125.63
2026-05-31,CC-1200,Customer Success,6010,Bonus,Subscription COGS,13688.45
2026-05-31,CC-1200,Customer Success,6020,Payroll Taxes & Benefits,Sales & Marketing,20097.99
2026-05-31,CC-1200,Customer Success,6020,Payroll Taxes & Benefits,Subscription COGS,30146.98
2026-05-31,CC-1200,Customer Success,6200,Software & Subscriptions,Sales & Marketing,1262.51
2026-05-31,CC-1200,Customer Success,6200,Software & Subscriptions,Subscription COGS,1893.77
2026-05-31,CC-1200,Customer Success,6300,Travel & Entertainment,Sales & Marketing,1141.20
2026-05-31,CC-1200,Customer Success,6300,Travel & Entertainment,Subscription COGS,1711.80
2026-05-31,CC-2000,Support,5010,Third-Party Data & APIs,Subscription COGS,1167.06
2026-05-31,CC-2000,Support,6000,Salaries & Wages,Subscription COGS,60833.33
2026-05-31,CC-2000,Support,6010,Bonus,Subscription COGS,6233.00
2026-05-31,CC-2000,Support,6020,Payroll Taxes & Benefits,Subscription COGS,13748.60
2026-05-31,CC-2000,Support,6200,Software & Subscriptions,Subscription COGS,900.76
2026-05-31,CC-2010,Cloud Operations,5000,Cloud Hosting,Subscription COGS,159965.32
2026-05-31,CC-2010,Cloud Operations,5010,Third-Party Data & APIs,Subscription COGS,746.34
2026-05-31,CC-2010,Cloud Operations,5020,Payment Processing Fees,Subscription COGS,11477.54
2026-05-31,CC-2010,Cloud Operations,6000,Salaries & Wages,Subscription COGS,50291.67
2026-05-31,CC-2010,Cloud Operations,6010,Bonus,Subscription COGS,4457.33
2026-05-31,CC-2010,Cloud Operations,6020,Payroll Taxes & Benefits,Subscription COGS,11223.54
2026-05-31,CC-2010,Cloud Operations,6050,Contractor & Temp Labor,Subscription COGS,14288.66
2026-05-31,CC-2010,Cloud Operations,6200,Software & Subscriptions,Subscription COGS,772.71
2026-05-31,CC-2010,Cloud Operations,6900,Other Operating Expense,Subscription COGS,128.89
2026-05-31,CC-2100,Professional Services,5030,Services Subcontractors,Services COGS,4234.51
2026-05-31,CC-2100,Professional Services,6000,Salaries & Wages,Services COGS,47616.67
2026-05-31,CC-2100,Professional Services,6010,Bonus,Services COGS,4164.67
2026-05-31,CC-2100,Professional Services,6020,Payroll Taxes & Benefits,Services COGS,10615.17
2026-05-31,CC-2100,Professional Services,6200,Software & Subscriptions,Services COGS,1053.02
2026-05-31,CC-2100,Professional Services,6300,Travel & Entertainment,Services COGS,2232.98
2026-05-31,CC-3000,Engineering,6000,Salaries & Wages,Research & Development,348841.67
2026-05-31,CC-3000,Engineering,6010,Bonus,Research & Development,31967.75
2026-05-31,CC-3000,Engineering,6020,Payroll Taxes & Benefits,Research & Development,78065.93
2026-05-31,CC-3000,Engineering,6050,Contractor & Temp Labor,Research & Development,22902.20
2026-05-31,CC-3000,Engineering,6200,Software & Subscriptions,Research & Development,11039.27
2026-05-31,CC-3000,Engineering,6300,Travel & Entertainment,Research & Development,2122.06
2026-05-31,CC-3000,Engineering,6450,Training & Enablement,Research & Development,1614.92
2026-05-31,CC-3000,Engineering,6900,Other Operating Expense,Research & Development,1081.88
2026-05-31,CC-3010,Quality & Release,6000,Salaries & Wages,Research & Development,63658.33
2026-05-31,CC-3010,Quality & Release,6010,Bonus,Research & Development,8193.67
2026-05-31,CC-3010,Quality & Release,6020,Payroll Taxes & Benefits,Research & Development,14729.66
2026-05-31,CC-3010,Quality & Release,6050,Contractor & Temp Labor,Research & Development,8505.58
2026-05-31,CC-3010,Quality & Release,6200,Software & Subscriptions,Research & Development,1855.05
2026-05-31,CC-3100,Product & Design,6000,Salaries & Wages,Research & Development,165683.33
2026-05-31,CC-3100,Product & Design,6010,Bonus,Research & Development,16679.00
2026-05-31,CC-3100,Product & Design,6020,Payroll Taxes & Benefits,Research & Development,37384.28
2026-05-31,CC-3100,Product & Design,6050,Contractor & Temp Labor,Research & Development,9999.27
2026-05-31,CC-3100,Product & Design,6200,Software & Subscriptions,Research & Development,4192.58
2026-05-31,CC-3100,Product & Design,6300,Travel & Entertainment,Research & Development,1263.43
2026-05-31,CC-4000,Finance & Accounting,6000,Salaries & Wages,General & Administrative,96466.67
2026-05-31,CC-4000,Finance & Accounting,6010,Bonus,General & Administrative,10318.67
2026-05-31,CC-4000,Finance & Accounting,6020,Payroll Taxes & Benefits,General & Administrative,21890.99
2026-05-31,CC-4000,Finance & Accounting,6200,Software & Subscriptions,General & Administrative,1720.32
2026-05-31,CC-4000,Finance & Accounting,6300,Travel & Entertainment,General & Administrative,849.00
2026-05-31,CC-4000,Finance & Accounting,6400,Professional Fees,General & Administrative,35060.33
2026-05-31,CC-4000,Finance & Accounting,6440,Depreciation & Amortisation,General & Administrative,21113.28
2026-05-31,CC-4000,Finance & Accounting,6900,Other Operating Expense,General & Administrative,215.68
2026-05-31,CC-4010,People Operations,6000,Salaries & Wages,General & Administrative,69408.33
2026-05-31,CC-4010,People Operations,6010,Bonus,General & Administrative,7125.75
2026-05-31,CC-4010,People Operations,6020,Payroll Taxes & Benefits,General & Administrative,15689.49
2026-05-31,CC-4010,People Operations,6200,Software & Subscriptions,General & Administrative,1180.52
2026-05-31,CC-4010,People Operations,6410,Recruiting Fees,General & Administrative,23847.59
2026-05-31,CC-4010,People Operations,6450,Training & Enablement,General & Administrative,222.86
2026-05-31,CC-4020,Legal & Corporate,6000,Salaries & Wages,General & Administrative,11908.33
2026-05-31,CC-4020,Legal & Corporate,6010,Bonus,General & Administrative,952.67
2026-05-31,CC-4020,Legal & Corporate,6020,Payroll Taxes & Benefits,General & Administrative,2636.51
2026-05-31,CC-4020,Legal & Corporate,6200,Software & Subscriptions,General & Administrative,358.07
2026-05-31,CC-4020,Legal & Corporate,6300,Travel & Entertainment,General & Administrative,202.46
2026-05-31,CC-4020,Legal & Corporate,6400,Professional Fees,General & Administrative,18221.18
2026-05-31,CC-4020,Legal & Corporate,6430,Insurance,General & Administrative,18433.18
2026-05-31,CC-4030,IT & Corporate Systems,6000,Salaries & Wages,General & Administrative,51225.00
2026-05-31,CC-4030,IT & Corporate Systems,6010,Bonus,General & Administrative,5701.42
2026-05-31,CC-4030,IT & Corporate Systems,6020,Payroll Taxes & Benefits,General & Administrative,11669.92
2026-05-31,CC-4030,IT & Corporate Systems,6050,Contractor & Temp Labor,General & Administrative,5804.62
2026-05-31,CC-4030,IT & Corporate Systems,6200,Software & Subscriptions,General & Administrative,679.84
2026-05-31,CC-4030,IT & Corporate Systems,6420,Facilities & Rent,General & Administrative,37623.47
2026-05-31,CC-4030,IT & Corporate Systems,6900,Other Operating Expense,General & Administrative,89.65
2026-05-31,CC-9000,Revenue,4000,Subscription Revenue,Subscription Revenue,-2543188.10
2026-05-31,CC-9000,Revenue,4010,Usage Revenue Above Commitment,Subscription Revenue,-54552.55
2026-05-31,CC-9000,Revenue,4100,Professional Services Revenue,Services Revenue,-9139.95
2026-05-31,CC-9000,Revenue,4110,Implementation Fee Revenue,Services Revenue,-37296.66
2026-06-30,CC-1000,Sales - SMB,6000,Salaries & Wages,Sales & Marketing,100775.00
2026-06-30,CC-1000,Sales - SMB,6020,Payroll Taxes & Benefits,Sales & Marketing,20658.88
2026-06-30,CC-1000,Sales - SMB,6030,Sales Commissions,Sales & Marketing,6356.55
2026-06-30,CC-1000,Sales - SMB,6040,Commission Amortisation,Sales & Marketing,6184.08
2026-06-30,CC-1000,Sales - SMB,6200,Software & Subscriptions,Sales & Marketing,4380.92
2026-06-30,CC-1000,Sales - SMB,6300,Travel & Entertainment,Sales & Marketing,5522.37
2026-06-30,CC-1000,Sales - SMB,6450,Training & Enablement,Sales & Marketing,544.05
2026-06-30,CC-1010,Sales - Mid-Market,6000,Salaries & Wages,Sales & Marketing,91275.00
2026-06-30,CC-1010,Sales - Mid-Market,6020,Payroll Taxes & Benefits,Sales & Marketing,18711.38
2026-06-30,CC-1010,Sales - Mid-Market,6030,Sales Commissions,Sales & Marketing,12135.24
2026-06-30,CC-1010,Sales - Mid-Market,6040,Commission Amortisation,Sales & Marketing,11805.98
2026-06-30,CC-1010,Sales - Mid-Market,6200,Software & Subscriptions,Sales & Marketing,3640.08
2026-06-30,CC-1010,Sales - Mid-Market,6300,Travel & Entertainment,Sales & Marketing,5299.38
2026-06-30,CC-1010,Sales - Mid-Market,6450,Training & Enablement,Sales & Marketing,489.81
2026-06-30,CC-1020,Sales - Enterprise,6000,Salaries & Wages,Sales & Marketing,70016.67
2026-06-30,CC-1020,Sales - Enterprise,6020,Payroll Taxes & Benefits,Sales & Marketing,14353.42
2026-06-30,CC-1020,Sales - Enterprise,6030,Sales Commissions,Sales & Marketing,10401.63
2026-06-30,CC-1020,Sales - Enterprise,6040,Commission Amortisation,Sales & Marketing,10119.41
2026-06-30,CC-1020,Sales - Enterprise,6200,Software & Subscriptions,Sales & Marketing,2373.35
2026-06-30,CC-1020,Sales - Enterprise,6300,Travel & Entertainment,Sales & Marketing,3425.28
2026-06-30,CC-1020,Sales - Enterprise,6450,Training & Enablement,Sales & Marketing,302.78
2026-06-30,CC-1030,Sales Development,6000,Salaries & Wages,Sales & Marketing,66216.67
2026-06-30,CC-1030,Sales Development,6020,Payroll Taxes & Benefits,Sales & Marketing,13574.42
2026-06-30,CC-1030,Sales Development,6200,Software & Subscriptions,Sales & Marketing,2712.70
2026-06-30,CC-1030,Sales Development,6300,Travel & Entertainment,Sales & Marketing,3342.77
2026-06-30,CC-1030,Sales Development,6450,Training & Enablement,Sales & Marketing,319.40
2026-06-30,CC-1040,Sales Operations,6000,Salaries & Wages,Sales & Marketing,33000.00
2026-06-30,CC-1040,Sales Operations,6020,Payroll Taxes & Benefits,Sales & Marketing,6765.00
2026-06-30,CC-1040,Sales Operations,6200,Software & Subscriptions,Sales & Marketing,1366.71
2026-06-30,CC-1040,Sales Operations,6300,Travel & Entertainment,Sales & Marketing,2073.28
2026-06-30,CC-1050,Solutions Engineering,6000,Salaries & Wages,Sales & Marketing,40441.67
2026-06-30,CC-1050,Solutions Engineering,6020,Payroll Taxes & Benefits,Sales & Marketing,8290.54
2026-06-30,CC-1050,Solutions Engineering,6200,Software & Subscriptions,Sales & Marketing,1087.51
2026-06-30,CC-1050,Solutions Engineering,6300,Travel & Entertainment,Sales & Marketing,1626.59
2026-06-30,CC-1060,Sales Leadership,6000,Salaries & Wages,Sales & Marketing,17541.67
2026-06-30,CC-1060,Sales Leadership,6020,Payroll Taxes & Benefits,Sales & Marketing,3596.04
2026-06-30,CC-1060,Sales Leadership,6200,Software & Subscriptions,Sales & Marketing,777.11
2026-06-30,CC-1060,Sales Leadership,6300,Travel & Entertainment,Sales & Marketing,1082.11
2026-06-30,CC-1060,Sales Leadership,6450,Training & Enablement,Sales & Marketing,80.81
2026-06-30,CC-1100,Demand Generation,6000,Salaries & Wages,Sales & Marketing,97016.67
2026-06-30,CC-1100,Demand Generation,6010,Bonus,Sales & Marketing,9758.50
2026-06-30,CC-1100,Demand Generation,6020,Payroll Taxes & Benefits,Sales & Marketing,21888.91
2026-06-30,CC-1100,Demand Generation,6050,Contractor & Temp Labor,Sales & Marketing,16277.62
2026-06-30,CC-1100,Demand Generation,6100,Demand Generation,Sales & Marketing,197803.79
2026-06-30,CC-1100,Demand Generation,6110,Events & Field Marketing,Sales & Marketing,75416.61
2026-06-30,CC-1100,Demand Generation,6200,Software & Subscriptions,Sales & Marketing,3195.70
2026-06-30,CC-1100,Demand Generation,6300,Travel & Entertainment,Sales & Marketing,2917.81
2026-06-30,CC-1100,Demand Generation,6450,Training & Enablement,Sales & Marketing,457.54
2026-06-30,CC-1110,Product Marketing,6000,Salaries & Wages,Sales & Marketing,69675.00
2026-06-30,CC-1110,Product Marketing,6010,Bonus,Sales & Marketing,6424.33
2026-06-30,CC-1110,Product Marketing,6020,Payroll Taxes & Benefits,Sales & Marketing,15600.36
2026-06-30,CC-1110,Product Marketing,6120,Brand & Content,Sales & Marketing,47807.49
2026-06-30,CC-1110,Product Marketing,6200,Software & Subscriptions,Sales & Marketing,2481.69
2026-06-30,CC-1110,Product Marketing,6300,Travel & Entertainment,Sales & Marketing,2035.38
2026-06-30,CC-1200,Customer Success,6000,Salaries & Wages,Sales & Marketing,86043.33
2026-06-30,CC-1200,Customer Success,6000,Salaries & Wages,Subscription COGS,129065.00
2026-06-30,CC-1200,Customer Success,6010,Bonus,Sales & Marketing,8896.03
2026-06-30,CC-1200,Customer Success,6010,Bonus,Subscription COGS,13344.05
2026-06-30,CC-1200,Customer Success,6020,Payroll Taxes & Benefits,Sales & Marketing,19462.57
2026-06-30,CC-1200,Customer Success,6020,Payroll Taxes & Benefits,Subscription COGS,29193.86
2026-06-30,CC-1200,Customer Success,6200,Software & Subscriptions,Sales & Marketing,1241.23
2026-06-30,CC-1200,Customer Success,6200,Software & Subscriptions,Subscription COGS,1861.85
2026-06-30,CC-1200,Customer Success,6300,Travel & Entertainment,Sales & Marketing,1059.43
2026-06-30,CC-1200,Customer Success,6300,Travel & Entertainment,Subscription COGS,1589.15
2026-06-30,CC-2000,Support,5010,Third-Party Data & APIs,Subscription COGS,1346.20
2026-06-30,CC-2000,Support,6000,Salaries & Wages,Subscription COGS,60833.33
2026-06-30,CC-2000,Support,6010,Bonus,Subscription COGS,6233.00
2026-06-30,CC-2000,Support,6020,Payroll Taxes & Benefits,Subscription COGS,13748.60
2026-06-30,CC-2000,Support,6200,Software & Subscriptions,Subscription COGS,884.95
2026-06-30,CC-2010,Cloud Operations,5000,Cloud Hosting,Subscription COGS,172425.66
2026-06-30,CC-2010,Cloud Operations,5010,Third-Party Data & APIs,Subscription COGS,820.62
2026-06-30,CC-2010,Cloud Operations,5020,Payment Processing Fees,Subscription COGS,19142.64
2026-06-30,CC-2010,Cloud Operations,6000,Salaries & Wages,Subscription COGS,50291.67
2026-06-30,CC-2010,Cloud Operations,6010,Bonus,Subscription COGS,4457.33
2026-06-30,CC-2010,Cloud Operations,6020,Payroll Taxes & Benefits,Subscription COGS,11223.54
2026-06-30,CC-2010,Cloud Operations,6050,Contractor & Temp Labor,Subscription COGS,13482.92
2026-06-30,CC-2010,Cloud Operations,6200,Software & Subscriptions,Subscription COGS,794.92
2026-06-30,CC-2010,Cloud Operations,6900,Other Operating Expense,Subscription COGS,118.76
2026-06-30,CC-2100,Professional Services,5030,Services Subcontractors,Services COGS,4267.53
2026-06-30,CC-2100,Professional Services,6000,Salaries & Wages,Services COGS,47616.67
2026-06-30,CC-2100,Professional Services,6010,Bonus,Services COGS,4164.67
2026-06-30,CC-2100,Professional Services,6020,Payroll Taxes & Benefits,Services COGS,10615.17
2026-06-30,CC-2100,Professional Services,6200,Software & Subscriptions,Services COGS,1037.10
2026-06-30,CC-2100,Professional Services,6300,Travel & Entertainment,Services COGS,1949.16
2026-06-30,CC-3000,Engineering,6000,Salaries & Wages,Research & Development,348841.67
2026-06-30,CC-3000,Engineering,6010,Bonus,Research & Development,31967.75
2026-06-30,CC-3000,Engineering,6020,Payroll Taxes & Benefits,Research & Development,78065.93
2026-06-30,CC-3000,Engineering,6050,Contractor & Temp Labor,Research & Development,22428.32
2026-06-30,CC-3000,Engineering,6200,Software & Subscriptions,Research & Development,10335.21
2026-06-30,CC-3000,Engineering,6300,Travel & Entertainment,Research & Development,2183.67
2026-06-30,CC-3000,Engineering,6450,Training & Enablement,Research & Development,1559.54
2026-06-30,CC-3000,Engineering,6900,Other Operating Expense,Research & Development,1010.62
2026-06-30,CC-3010,Quality & Release,6000,Salaries & Wages,Research & Development,63658.33
2026-06-30,CC-3010,Quality & Release,6010,Bonus,Research & Development,8193.67
2026-06-30,CC-3010,Quality & Release,6020,Payroll Taxes & Benefits,Research & Development,14729.66
2026-06-30,CC-3010,Quality & Release,6050,Contractor & Temp Labor,Research & Development,7891.68
2026-06-30,CC-3010,Quality & Release,6200,Software & Subscriptions,Research & Development,1784.87
2026-06-30,CC-3100,Product & Design,6000,Salaries & Wages,Research & Development,165683.33
2026-06-30,CC-3100,Product & Design,6010,Bonus,Research & Development,16679.00
2026-06-30,CC-3100,Product & Design,6020,Payroll Taxes & Benefits,Research & Development,37384.28
2026-06-30,CC-3100,Product & Design,6050,Contractor & Temp Labor,Research & Development,10052.63
2026-06-30,CC-3100,Product & Design,6200,Software & Subscriptions,Research & Development,3967.99
2026-06-30,CC-3100,Product & Design,6300,Travel & Entertainment,Research & Development,1101.39
2026-06-30,CC-4000,Finance & Accounting,6000,Salaries & Wages,General & Administrative,96466.67
2026-06-30,CC-4000,Finance & Accounting,6010,Bonus,General & Administrative,10318.67
2026-06-30,CC-4000,Finance & Accounting,6020,Payroll Taxes & Benefits,General & Administrative,21890.99
2026-06-30,CC-4000,Finance & Accounting,6200,Software & Subscriptions,General & Administrative,1753.53
2026-06-30,CC-4000,Finance & Accounting,6300,Travel & Entertainment,General & Administrative,869.41
2026-06-30,CC-4000,Finance & Accounting,6400,Professional Fees,General & Administrative,35940.06
2026-06-30,CC-4000,Finance & Accounting,6440,Depreciation & Amortisation,General & Administrative,21113.28
2026-06-30,CC-4000,Finance & Accounting,6900,Other Operating Expense,General & Administrative,209.08
2026-06-30,CC-4010,People Operations,6000,Salaries & Wages,General & Administrative,69408.33
2026-06-30,CC-4010,People Operations,6010,Bonus,General & Administrative,7125.75
2026-06-30,CC-4010,People Operations,6020,Payroll Taxes & Benefits,General & Administrative,15689.49
2026-06-30,CC-4010,People Operations,6200,Software & Subscriptions,General & Administrative,1116.54
2026-06-30,CC-4010,People Operations,6410,Recruiting Fees,General & Administrative,7183.63
2026-06-30,CC-4010,People Operations,6450,Training & Enablement,General & Administrative,226.24
2026-06-30,CC-4020,Legal & Corporate,6000,Salaries & Wages,General & Administrative,11908.33
2026-06-30,CC-4020,Legal & Corporate,6010,Bonus,General & Administrative,952.67
2026-06-30,CC-4020,Legal & Corporate,6020,Payroll Taxes & Benefits,General & Administrative,2636.51
2026-06-30,CC-4020,Legal & Corporate,6200,Software & Subscriptions,General & Administrative,388.69
2026-06-30,CC-4020,Legal & Corporate,6300,Travel & Entertainment,General & Administrative,197.16
2026-06-30,CC-4020,Legal & Corporate,6400,Professional Fees,General & Administrative,18574.22
2026-06-30,CC-4020,Legal & Corporate,6430,Insurance,General & Administrative,18558.11
2026-06-30,CC-4030,IT & Corporate Systems,6000,Salaries & Wages,General & Administrative,51225.00
2026-06-30,CC-4030,IT & Corporate Systems,6010,Bonus,General & Administrative,5701.42
2026-06-30,CC-4030,IT & Corporate Systems,6020,Payroll Taxes & Benefits,General & Administrative,11669.92
2026-06-30,CC-4030,IT & Corporate Systems,6050,Contractor & Temp Labor,General & Administrative,6493.77
2026-06-30,CC-4030,IT & Corporate Systems,6200,Software & Subscriptions,General & Administrative,743.04
2026-06-30,CC-4030,IT & Corporate Systems,6420,Facilities & Rent,General & Administrative,34582.21
2026-06-30,CC-4030,IT & Corporate Systems,6900,Other Operating Expense,General & Administrative,89.88
2026-06-30,CC-9000,Revenue,4000,Subscription Revenue,Subscription Revenue,-2598498.53
2026-06-30,CC-9000,Revenue,4010,Usage Revenue Above Commitment,Subscription Revenue,-70049.38
2026-06-30,CC-9000,Revenue,4100,Professional Services Revenue,Services Revenue,-12423.32
2026-06-30,CC-9000,Revenue,4110,Implementation Fee Revenue,Services Revenue,-38299.46
