opportunity_id,account_id,segment,rep_id,created_date,expected_close_date,actual_close_date,stage,stage_probability,deal_type,contract_term_months,pipeline_value,acv,tcv,status,loss_reason,lead_source,provisioned_flag
OPP-000001,CUST-00352,SMB,REP-028,2024-01-16,2024-02-01,2024-01-31,Closed Won,1.00,Expansion,1,1857.61,1857.61,154.80,Won,,Inbound - Paid,true
OPP-000002,CUST-00366,Mid-Market,REP-010,2023-11-30,2024-01-01,2023-12-31,Closed Won,1.00,Expansion,12,7203.16,7203.16,7203.16,Won,,Inbound - Paid,true
OPP-000003,CUST-00375,Mid-Market,REP-023,2023-09-28,2024-01-05,2024-01-31,Closed Won,1.00,Expansion,12,22513.99,22513.99,22513.99,Won,,Inbound - Paid,true
OPP-000004,CUST-00377,Mid-Market,REP-010,2023-12-31,2024-02-07,2024-01-31,Closed Won,1.00,Expansion,12,6699.10,6699.10,6699.10,Won,,Trade Show / Event,true
OPP-000005,CUST-00378,Mid-Market,REP-023,2023-12-24,2024-01-26,2024-01-31,Closed Won,1.00,Expansion,12,15813.45,15813.45,15813.45,Won,,Outbound - SDR,true
OPP-000006,CUST-00481,SMB,REP-016,2024-01-15,2024-02-02,2024-01-31,Closed Won,1.00,Expansion,1,3804.34,3804.34,317.03,Won,,Trade Show / Event,true
OPP-000007,CUST-00664,Mid-Market,REP-026,2023-11-20,2023-12-27,2023-12-31,Closed Won,1.00,Expansion,12,5230.73,5230.73,5230.73,Won,,Outbound - SDR,true
OPP-000008,CUST-00699,Mid-Market,REP-018,2023-11-28,2023-12-31,2023-12-31,Closed Won,1.00,Expansion,12,27293.31,27293.31,27293.31,Won,,Inbound - Paid,true
OPP-000009,CUST-00725,Enterprise,REP-029,2023-10-17,2024-01-15,2023-12-31,Closed Won,1.00,Expansion,12,17807.58,17807.58,17807.58,Won,,Outbound - SDR,true
OPP-000010,CUST-00759,SMB,REP-030,2023-12-08,2023-12-30,2024-01-31,Closed Won,1.00,Expansion,1,8322.85,8322.85,693.57,Won,,Trade Show / Event,true
OPP-000011,CUST-00804,SMB,REP-016,2024-01-06,2024-01-24,2024-01-31,Closed Won,1.00,Expansion,1,1397.25,1397.25,116.44,Won,,Partner / Referral,true
OPP-000012,CUST-00865,SMB,REP-031,2024-01-18,2024-01-31,2024-01-31,Closed Won,1.00,Expansion,1,4859.01,4859.01,404.92,Won,,Outbound - SDR,true
OPP-000013,CUST-00970,SMB,REP-028,2024-01-23,2024-01-30,2024-01-31,Closed Won,1.00,Expansion,1,4610.92,4610.92,384.24,Won,,Partner / Referral,true
OPP-000014,CUST-01016,Mid-Market,REP-023,2023-11-14,2024-02-07,2024-01-31,Closed Won,1.00,Expansion,12,4531.90,4531.90,4531.90,Won,,Inbound - Organic,true
OPP-000015,CUST-01060,Mid-Market,REP-026,2023-12-14,2024-01-23,2024-01-31,Closed Won,1.00,Expansion,12,9401.34,9401.34,9401.34,Won,,Trade Show / Event,true
OPP-000016,CUST-01067,Mid-Market,REP-010,2023-09-24,2024-01-01,2024-01-31,Closed Won,1.00,Expansion,12,4237.83,4237.83,4237.83,Won,,Trade Show / Event,true
OPP-000017,CUST-01069,Mid-Market,REP-023,2023-08-23,2023-12-25,2024-01-31,Closed Won,1.00,Expansion,12,1445.67,1445.67,1445.67,Won,,Outbound - SDR,true
OPP-000018,CUST-01071,Mid-Market,REP-010,2023-08-29,2024-03-30,2024-01-31,Closed Won,1.00,Expansion,12,16055.68,16055.68,16055.68,Won,,Outbound - SDR,true
OPP-000019,CUST-01073,Mid-Market,REP-032,2023-11-25,2024-01-05,2024-01-31,Closed Won,1.00,Expansion,12,1923.26,1923.26,1923.26,Won,,Inbound - Paid,true
OPP-000020,ACCT-P-000020,SMB,REP-030,2023-12-28,2024-01-22,2024-01-31,Closed Won,1.00,New Logo,1,14756.17,14756.17,1229.68,Won,,Inbound - Paid,false
OPP-000021,ACCT-P-000021,SMB,REP-030,2023-11-07,2024-01-03,2023-12-31,Closed Won,1.00,New Logo,12,8211.65,8211.65,8211.65,Won,,Partner / Referral,false
OPP-000022,CUST-01128,SMB,REP-028,2023-12-27,2024-01-13,2024-01-31,Closed Won,1.00,New Logo,1,14471.64,14471.64,1205.97,Won,,Inbound - Paid,true
OPP-000023,CUST-01278,Mid-Market,REP-010,2023-09-29,2023-12-14,2024-01-31,Closed Won,1.00,Expansion,12,9220.09,9220.09,9220.09,Won,,Outbound - SDR,true
OPP-000024,CUST-01136,SMB,REP-005,2024-01-02,2024-01-23,2024-02-03,Closed Won,1.00,New Logo,12,8882.60,8882.60,8882.60,Won,,Inbound - Paid,true
OPP-000025,CUST-01282,Mid-Market,REP-032,2023-12-18,2024-02-01,2024-02-05,Closed Won,1.00,New Logo,12,42528.67,42528.67,42528.67,Won,,Trade Show / Event,true
OPP-000026,CUST-01135,SMB,REP-031,2023-12-23,2024-01-07,2024-01-06,Closed Won,1.00,New Logo,1,3207.36,3207.36,267.28,Won,,Inbound - Organic,true
OPP-000027,CUST-01026,Mid-Market,REP-007,2024-01-02,2024-02-19,2024-02-07,Closed Won,1.00,Renewal Uplift,12,1531.08,1531.08,1531.08,Won,,Trade Show / Event,true
OPP-000028,CUST-01280,Mid-Market,REP-007,2023-11-17,2024-02-06,2024-02-07,Closed Won,1.00,New Logo,12,14124.93,14124.93,14124.93,Won,,Outbound - SDR,true
OPP-000029,CUST-00658,Mid-Market,REP-010,2024-01-03,2024-01-31,2024-02-10,Closed Won,1.00,Renewal Uplift,12,622.02,622.02,622.02,Won,,Inbound - Paid,true
OPP-000030,CUST-01281,Mid-Market,REP-032,2023-11-21,2024-02-14,2024-02-10,Closed Won,1.00,New Logo,12,43601.86,43601.86,43601.86,Won,,Inbound - Organic,true
OPP-000031,CUST-00442,SMB,REP-031,2024-01-28,2024-02-10,2024-02-11,Closed Won,1.00,Renewal Uplift,12,254.07,254.07,254.07,Won,,Inbound - Organic,true
OPP-000032,CUST-00657,Mid-Market,REP-032,2024-01-01,2024-02-08,2024-02-11,Closed Won,1.00,Renewal Uplift,12,1802.41,1802.41,1802.41,Won,,Partner / Referral,true
OPP-000033,CUST-00358,Mid-Market,REP-007,2023-12-04,2024-02-12,2024-02-13,Closed Won,1.00,Renewal Uplift,12,729.15,729.15,729.15,Won,,Partner / Referral,true
OPP-000034,CUST-01139,SMB,REP-030,2023-12-05,2024-01-18,2024-01-15,Closed Won,1.00,New Logo,1,3300.84,3300.84,275.07,Won,,Partner / Referral,true
OPP-000035,CUST-00661,Mid-Market,REP-007,2023-11-14,2024-02-25,2024-02-19,Closed Won,1.00,Renewal Uplift,12,1010.62,1010.62,1010.62,Won,,Outbound - SDR,true
OPP-000036,CUST-01141,SMB,REP-028,2024-01-31,2024-02-22,2024-02-20,Closed Won,1.00,New Logo,1,7168.51,7168.51,597.38,Won,,Outbound - SDR,true
OPP-000037,CUST-01279,Mid-Market,REP-026,2023-12-21,2024-02-25,2024-02-20,Closed Won,1.00,New Logo,12,32049.88,32049.88,32049.88,Won,,Inbound - Organic,true
OPP-000038,CUST-01138,SMB,REP-028,2024-02-02,2024-02-24,2024-02-22,Closed Won,1.00,New Logo,12,5882.43,5882.43,5882.43,Won,,Outbound - SDR,true
OPP-000039,CUST-01023,Mid-Market,REP-026,2023-11-27,2024-01-19,2024-02-23,Closed Won,1.00,Renewal Uplift,12,1024.46,1024.46,1024.46,Won,,Inbound - Paid,true
OPP-000040,CUST-00440,SMB,REP-005,2023-12-16,2024-02-04,2024-02-24,Closed Won,1.00,Renewal Uplift,12,218.23,218.23,218.23,Won,,Partner / Referral,true
OPP-000041,CUST-01133,SMB,REP-028,2024-02-03,2024-02-23,2024-02-24,Closed Won,1.00,New Logo,1,11248.51,11248.51,937.38,Won,,Inbound - Paid,true
OPP-000042,CUST-01134,SMB,REP-028,2024-01-14,2024-02-17,2024-02-24,Closed Won,1.00,New Logo,1,13352.13,13352.13,1112.68,Won,,Trade Show / Event,true
OPP-000043,CUST-01143,SMB,REP-028,2024-01-03,2024-01-19,2024-01-24,Closed Won,1.00,New Logo,1,8141.72,8141.72,678.48,Won,,Inbound - Organic,true
OPP-000044,CUST-00359,Mid-Market,REP-010,2023-12-17,2024-01-10,2024-01-25,Closed Won,1.00,Renewal Uplift,12,925.23,925.23,925.23,Won,,Partner / Referral,true
OPP-000045,CUST-01137,SMB,REP-028,2024-01-24,2024-02-19,2024-02-25,Closed Won,1.00,New Logo,12,2784.29,2784.29,2784.29,Won,,Partner / Referral,true
OPP-000046,CUST-01140,SMB,REP-030,2024-02-02,2024-02-27,2024-02-25,Closed Won,1.00,New Logo,1,7668.82,7668.82,639.07,Won,,Outbound - SDR,true
OPP-000047,CUST-01027,Mid-Market,REP-007,2023-10-19,2024-01-28,2024-02-26,Closed Won,1.00,Renewal Uplift,12,12460.24,12460.24,12460.24,Won,,Inbound - Paid,true
OPP-000048,CUST-00357,Mid-Market,REP-023,2024-01-11,2024-02-08,2024-02-27,Closed Won,1.00,Renewal Uplift,12,2576.42,2576.42,2576.42,Won,,Partner / Referral,true
OPP-000049,CUST-01142,SMB,REP-028,2024-01-22,2024-02-05,2024-02-27,Closed Won,1.00,New Logo,1,3161.84,3161.84,263.49,Won,,Inbound - Organic,true
OPP-000050,CUST-00656,Mid-Market,REP-010,2024-01-23,2024-02-23,2024-02-28,Closed Won,1.00,Renewal Uplift,12,1089.10,1089.10,1089.10,Won,,Partner / Referral,true
OPP-000051,CUST-00769,SMB,REP-030,2023-12-18,2024-03-05,2024-02-28,Closed Won,1.00,Renewal Uplift,12,107.13,107.13,107.13,Won,,Inbound - Paid,true
OPP-000052,CUST-01323,Enterprise,REP-014,2023-09-23,2024-01-02,2024-01-28,Closed Won,1.00,New Logo,36,149726.01,149726.01,449178.03,Won,,Inbound - Organic,true
OPP-000053,CUST-00054,Mid-Market,REP-023,2023-11-17,2024-01-16,2024-01-29,Closed Won,1.00,Expansion,12,6624.01,6624.01,6624.01,Won,,Outbound - SDR,true
OPP-000054,CUST-00158,Mid-Market,REP-023,2024-02-04,2024-02-23,2024-02-29,Closed Won,1.00,Expansion,1,6845.21,6845.21,570.43,Won,,Inbound - Organic,true
OPP-000055,CUST-00178,Mid-Market,REP-032,2023-10-20,2024-02-16,2024-02-29,Closed Won,1.00,Expansion,12,3250.76,3250.76,3250.76,Won,,Outbound - SDR,true
OPP-000056,CUST-00322,SMB,REP-030,2023-12-15,2024-03-02,2024-02-29,Closed Won,1.00,Expansion,1,801.76,801.76,66.81,Won,,Partner / Referral,true
OPP-000057,CUST-00361,Mid-Market,REP-010,2023-10-08,2023-12-08,2024-02-29,Closed Won,1.00,Expansion,12,3642.42,3642.42,3642.42,Won,,Inbound - Paid,true
OPP-000058,CUST-00362,Mid-Market,REP-007,2024-01-05,2024-02-28,2024-02-29,Closed Won,1.00,Expansion,12,8505.04,8505.04,8505.04,Won,,Inbound - Paid,true
OPP-000059,CUST-00398,Mid-Market,REP-032,2024-01-20,2024-02-15,2024-02-29,Closed Won,1.00,Expansion,12,11415.65,11415.65,11415.65,Won,,Trade Show / Event,true
OPP-000060,CUST-00403,Mid-Market,REP-026,2023-12-23,2024-03-15,2024-02-29,Closed Won,1.00,Expansion,12,80078.47,80078.47,80078.47,Won,,Inbound - Organic,true
OPP-000061,CUST-00630,SMB,REP-031,2024-02-04,2024-02-19,2024-02-29,Closed Won,1.00,Expansion,1,3137.39,3137.39,261.45,Won,,Outbound - SDR,true
OPP-000062,CUST-00653,Mid-Market,REP-007,2023-12-12,2024-01-31,2024-01-29,Closed Won,1.00,Expansion,12,6894.04,6894.04,6894.04,Won,,Outbound - SDR,true
OPP-000063,CUST-00655,Mid-Market,REP-023,2024-02-18,2024-02-25,2024-02-29,Closed Won,1.00,Expansion,1,5722.28,5722.28,476.86,Won,,Inbound - Organic,true
OPP-000064,CUST-00678,Mid-Market,REP-010,2023-08-17,2024-02-10,2024-01-29,Closed Won,1.00,Expansion,12,11360.20,11360.20,11360.20,Won,,Inbound - Paid,true
OPP-000065,CUST-00684,Mid-Market,REP-032,2023-12-09,2024-01-11,2024-02-29,Closed Won,1.00,Expansion,12,7719.26,7719.26,7719.26,Won,,Trade Show / Event,true
OPP-000066,CUST-00687,Mid-Market,REP-018,2023-12-14,2024-02-19,2024-02-29,Closed Won,1.00,Expansion,24,1526.63,1526.63,3053.26,Won,,Outbound - SDR,true
OPP-000067,CUST-00691,Mid-Market,REP-032,2024-01-20,2024-02-19,2024-02-29,Closed Won,1.00,Expansion,12,10976.11,10976.11,10976.11,Won,,Inbound - Organic,true
OPP-000068,CUST-00763,SMB,REP-030,2024-02-05,2024-02-26,2024-02-29,Closed Won,1.00,Expansion,1,3566.23,3566.23,297.19,Won,,Trade Show / Event,true
OPP-000069,CUST-00782,SMB,REP-031,2024-01-15,2024-01-27,2024-01-29,Closed Won,1.00,Expansion,1,6408.74,6408.74,534.06,Won,,Inbound - Paid,true
OPP-000070,CUST-00824,SMB,REP-005,2024-02-09,2024-02-26,2024-02-29,Closed Won,1.00,Expansion,12,3794.50,3794.50,3794.50,Won,,Outbound - SDR,true
OPP-000071,CUST-00877,SMB,REP-005,2024-01-14,2024-01-21,2024-01-29,Closed Won,1.00,Expansion,12,744.70,744.70,744.70,Won,,Inbound - Paid,true
OPP-000072,CUST-01006,SMB,REP-030,2024-01-25,2024-02-17,2024-02-29,Closed Won,1.00,Expansion,1,645.59,645.59,53.80,Won,,Outbound - SDR,true
OPP-000073,CUST-01045,Mid-Market,REP-032,2023-12-18,2024-02-03,2024-02-29,Closed Won,1.00,Expansion,12,18629.73,18629.73,18629.73,Won,,Outbound - SDR,true
OPP-000074,CUST-01055,Mid-Market,REP-023,2023-10-27,2024-03-12,2024-02-29,Closed Won,1.00,Expansion,12,33107.00,33107.00,33107.00,Won,,Partner / Referral,true
OPP-000075,CUST-00455,SMB,REP-028,2024-01-24,2024-01-31,2024-02-01,Closed Won,1.00,Renewal Uplift,12,640.63,640.63,640.63,Won,,Outbound - SDR,true
OPP-000076,CUST-01106,Enterprise,REP-029,2023-11-20,2024-01-01,2024-03-01,Closed Won,1.00,Renewal Uplift,12,5162.21,5162.21,5162.21,Won,,Partner / Referral,true
OPP-000077,CUST-01157,SMB,REP-034,2024-01-13,2024-02-21,2024-03-03,Closed Won,1.00,New Logo,1,8738.86,8738.86,728.24,Won,,Partner / Referral,true
OPP-000078,CUST-01154,SMB,REP-031,2024-01-31,2024-02-29,2024-03-04,Closed Won,1.00,New Logo,1,7381.46,7381.46,615.12,Won,,Inbound - Organic,true
OPP-000079,CUST-00663,Mid-Market,REP-032,2023-12-18,2024-02-27,2024-03-08,Closed Won,1.00,Renewal Uplift,24,1679.81,1679.81,3359.62,Won,,Outbound - SDR,true
OPP-000080,CUST-00790,SMB,REP-030,2024-02-20,2024-03-04,2024-03-08,Closed Won,1.00,Renewal Uplift,12,357.25,357.25,357.25,Won,,Inbound - Paid,true
OPP-000081,CUST-01285,Mid-Market,REP-018,2023-12-24,2024-02-24,2024-03-09,Closed Won,1.00,New Logo,12,32476.68,32476.68,32476.68,Won,,Inbound - Organic,true
OPP-000082,CUST-00224,SMB,REP-030,2024-02-14,2024-03-03,2024-03-10,Closed Won,1.00,Renewal Uplift,12,98.11,98.11,98.11,Won,,Inbound - Organic,true
OPP-000083,CUST-00800,SMB,REP-030,2024-02-29,2024-03-08,2024-03-10,Closed Won,1.00,Renewal Uplift,12,630.72,630.72,630.72,Won,,Inbound - Paid,true
OPP-000084,CUST-00362,Mid-Market,REP-007,2023-11-30,2024-03-23,2024-03-11,Closed Won,1.00,Renewal Uplift,12,1672.83,1672.83,1672.83,Won,,Partner / Referral,true
OPP-000085,CUST-00465,SMB,REP-031,2024-02-13,2024-03-08,2024-03-11,Closed Won,1.00,Renewal Uplift,12,253.22,253.22,253.22,Won,,Trade Show / Event,true
OPP-000086,CUST-01029,Mid-Market,REP-023,2023-11-21,2024-01-19,2024-02-11,Closed Won,1.00,Renewal Uplift,12,1089.30,1089.30,1089.30,Won,,Outbound - SDR,true
OPP-000087,CUST-00668,Mid-Market,REP-026,2024-01-11,2024-02-06,2024-02-13,Closed Won,1.00,Renewal Uplift,12,1297.56,1297.56,1297.56,Won,,Outbound - SDR,true
OPP-000088,CUST-00667,Mid-Market,REP-026,2024-02-22,2024-03-08,2024-03-15,Closed Won,1.00,Renewal Uplift,12,851.24,851.24,851.24,Won,,Inbound - Paid,true
OPP-000089,CUST-01149,SMB,REP-030,2024-02-14,2024-03-11,2024-03-17,Closed Won,1.00,New Logo,1,7507.29,7507.29,625.61,Won,,Partner / Referral,true
OPP-000090,CUST-01160,SMB,REP-005,2024-01-31,2024-02-09,2024-02-18,Closed Won,1.00,New Logo,1,10863.51,10863.51,905.29,Won,,Inbound - Paid,true
OPP-000091,CUST-01036,Mid-Market,REP-032,2023-10-09,2024-03-29,2024-03-19,Closed Won,1.00,Renewal Uplift,12,3236.72,3236.72,3236.72,Won,,Inbound - Organic,true
OPP-000092,CUST-01161,SMB,REP-028,2024-01-23,2024-02-19,2024-02-19,Closed Won,1.00,New Logo,1,5761.71,5761.71,480.14,Won,,Partner / Referral,true
OPP-000093,CUST-00164,Mid-Market,REP-032,2024-01-04,2024-02-09,2024-02-20,Closed Won,1.00,Renewal Uplift,12,807.33,807.33,807.33,Won,,Partner / Referral,true
OPP-000094,CUST-01324,Enterprise,REP-033,2023-11-11,2024-03-27,2024-03-21,Closed Won,1.00,New Logo,36,432632.39,432632.39,1297897.17,Won,,Trade Show / Event,true
OPP-000095,CUST-00227,SMB,REP-030,2024-01-22,2024-02-15,2024-02-22,Closed Won,1.00,Renewal Uplift,12,153.56,153.56,153.56,Won,,Outbound - SDR,true
OPP-000096,CUST-01146,SMB,REP-030,2024-01-28,2024-02-11,2024-02-25,Closed Won,1.00,New Logo,12,9757.80,9757.80,9757.80,Won,,Outbound - SDR,true
OPP-000097,CUST-00161,Mid-Market,REP-032,2024-01-29,2024-02-28,2024-03-26,Closed Won,1.00,Renewal Uplift,12,538.19,538.19,538.19,Won,,Partner / Referral,true
OPP-000098,CUST-01153,SMB,REP-031,2024-03-11,2024-03-24,2024-03-26,Closed Won,1.00,New Logo,1,18490.21,18490.21,1540.85,Won,,Inbound - Paid,true
OPP-000099,CUST-01159,SMB,REP-034,2024-01-20,2024-03-28,2024-03-26,Closed Won,1.00,New Logo,1,2650.06,2650.06,220.84,Won,,Trade Show / Event,true
OPP-000100,CUST-00226,SMB,REP-030,2024-03-13,2024-03-30,2024-03-27,Closed Won,1.00,Renewal Uplift,12,130.36,130.36,130.36,Won,,Inbound - Paid,true
OPP-000101,CUST-01105,Enterprise,REP-033,2023-08-19,2024-01-31,2024-03-27,Closed Won,1.00,Renewal Uplift,12,4317.99,4317.99,4317.99,Won,,Partner / Referral,true
OPP-000102,CUST-01147,SMB,REP-005,2024-02-25,2024-03-23,2024-03-27,Closed Won,1.00,New Logo,1,5157.46,5157.46,429.79,Won,,Outbound - SDR,true
OPP-000103,CUST-01148,SMB,REP-030,2024-02-11,2024-03-28,2024-03-27,Closed Won,1.00,New Logo,1,9906.93,9906.93,825.58,Won,,Outbound - SDR,true
OPP-000104,CUST-01156,SMB,REP-031,2024-03-12,2024-03-29,2024-03-27,Closed Won,1.00,New Logo,12,5390.45,5390.45,5390.45,Won,,Trade Show / Event,true
OPP-000105,CUST-01158,SMB,REP-030,2024-02-22,2024-03-10,2024-03-27,Closed Won,1.00,New Logo,1,2341.37,2341.37,195.11,Won,,Outbound - SDR,true
OPP-000106,CUST-00075,SMB,REP-035,2024-01-08,2024-02-20,2024-02-28,Closed Won,1.00,Renewal Uplift,12,234.04,234.04,234.04,Won,,Inbound - Organic,true
OPP-000107,CUST-00461,SMB,REP-005,2024-03-10,2024-03-26,2024-03-28,Closed Won,1.00,Renewal Uplift,12,57.27,57.27,57.27,Won,,Outbound - SDR,true
OPP-000108,CUST-00665,Mid-Market,REP-032,2024-01-24,2024-03-05,2024-02-28,Closed Won,1.00,Renewal Uplift,12,2026.81,2026.81,2026.81,Won,,Trade Show / Event,true
OPP-000109,CUST-00727,Enterprise,REP-029,2024-01-16,2024-02-26,2024-03-28,Closed Won,1.00,Renewal Uplift,12,8736.40,8736.40,8736.40,Won,,Inbound - Paid,true
OPP-000110,CUST-01144,SMB,REP-005,2024-03-07,2024-03-29,2024-03-28,Closed Won,1.00,New Logo,1,1267.76,1267.76,105.65,Won,,Outbound - SDR,true
OPP-000111,CUST-01151,SMB,REP-034,2024-03-14,2024-03-27,2024-03-28,Closed Won,1.00,New Logo,12,2812.26,2812.26,2812.26,Won,,Inbound - Paid,true
OPP-000112,CUST-01283,Mid-Market,REP-026,2024-02-12,2024-03-19,2024-03-28,Closed Won,1.00,New Logo,12,15651.82,15651.82,15651.82,Won,,Inbound - Paid,true
OPP-000113,CUST-00361,Mid-Market,REP-023,2024-02-16,2024-03-28,2024-03-29,Closed Won,1.00,Renewal Uplift,12,1419.47,1419.47,1419.47,Won,,Outbound - SDR,true
OPP-000114,CUST-00469,SMB,REP-005,2024-02-22,2024-03-31,2024-03-29,Closed Won,1.00,Renewal Uplift,12,63.79,63.79,63.79,Won,,Inbound - Organic,true
OPP-000115,CUST-01145,SMB,REP-030,2024-03-09,2024-03-22,2024-03-29,Closed Won,1.00,New Logo,1,4624.49,4624.49,385.37,Won,,Outbound - SDR,true
OPP-000116,CUST-01150,SMB,REP-031,2024-02-12,2024-03-11,2024-03-29,Closed Won,1.00,New Logo,1,10450.20,10450.20,870.85,Won,,Partner / Referral,true
OPP-000117,CUST-01286,Mid-Market,REP-007,2024-02-23,2024-03-24,2024-03-29,Closed Won,1.00,New Logo,12,21631.59,21631.59,21631.59,Won,,Inbound - Organic,true
OPP-000118,CUST-00788,SMB,REP-030,2023-12-13,2024-02-03,2024-01-30,Closed Won,1.00,Renewal Uplift,12,172.91,172.91,172.91,Won,,Inbound - Paid,true
OPP-000119,CUST-01152,SMB,REP-005,2024-01-22,2024-01-29,2024-01-30,Closed Won,1.00,New Logo,1,15348.98,15348.98,1279.08,Won,,Trade Show / Event,true
OPP-000120,CUST-01287,Mid-Market,REP-032,2023-11-26,2024-02-07,2024-01-30,Closed Won,1.00,New Logo,12,16695.10,16695.10,16695.10,Won,,Inbound - Paid,true
OPP-000121,CUST-00246,SMB,REP-031,2024-03-04,2024-03-28,2024-03-31,Closed Won,1.00,Expansion,1,818.52,818.52,68.21,Won,,Outbound - SDR,true
OPP-000122,CUST-00390,Mid-Market,REP-023,2024-02-06,2024-03-31,2024-03-31,Closed Won,1.00,Expansion,1,14858.23,14858.23,1238.19,Won,,Inbound - Organic,true
OPP-000123,CUST-00397,Mid-Market,REP-023,2023-09-22,2024-01-06,2024-03-31,Closed Won,1.00,Expansion,36,6664.02,6664.02,19992.06,Won,,Trade Show / Event,true
OPP-000124,CUST-00412,Enterprise,REP-033,2023-08-04,2024-05-30,2024-03-31,Closed Won,1.00,Expansion,36,18633.56,18633.56,55900.68,Won,,Inbound - Organic,true
OPP-000125,CUST-00475,SMB,REP-030,2024-03-04,2024-03-24,2024-03-31,Closed Won,1.00,Renewal Uplift,12,221.44,221.44,221.44,Won,,Outbound - SDR,true
OPP-000126,CUST-00677,Mid-Market,REP-018,2024-03-02,2024-03-30,2024-03-31,Closed Won,1.00,Expansion,12,22020.27,22020.27,22020.27,Won,,Trade Show / Event,true
OPP-000127,CUST-00678,Mid-Market,REP-018,2023-12-01,2024-02-06,2024-03-31,Closed Won,1.00,Expansion,12,13029.90,13029.90,13029.90,Won,,Partner / Referral,true
OPP-000128,CUST-00685,Mid-Market,REP-026,2023-11-13,2024-03-07,2024-03-31,Closed Won,1.00,Expansion,12,4069.79,4069.79,4069.79,Won,,Inbound - Paid,true
OPP-000129,CUST-00706,Mid-Market,REP-010,2024-01-16,2024-02-20,2024-02-29,Closed Won,1.00,Expansion,12,14449.03,14449.03,14449.03,Won,,Inbound - Paid,true
OPP-000130,CUST-00734,Enterprise,REP-033,2023-12-29,2024-02-07,2024-02-29,Closed Won,1.00,Expansion,24,19055.47,19055.47,38110.94,Won,,Outbound - SDR,true
OPP-000131,CUST-00834,SMB,REP-030,2024-03-09,2024-03-29,2024-03-31,Closed Won,1.00,Expansion,1,4379.93,4379.93,364.99,Won,,Inbound - Organic,true
OPP-000132,CUST-00883,SMB,REP-031,2024-03-04,2024-03-20,2024-03-31,Closed Won,1.00,Expansion,1,2401.55,2401.55,200.13,Won,,Inbound - Paid,true
OPP-000133,CUST-00971,SMB,REP-031,2024-02-25,2024-04-01,2024-03-31,Closed Won,1.00,Expansion,12,1905.04,1905.04,1905.04,Won,,Outbound - SDR,true
OPP-000134,CUST-01006,SMB,REP-031,2024-03-09,2024-03-28,2024-03-31,Closed Won,1.00,Expansion,1,7488.86,7488.86,624.07,Won,,Inbound - Organic,true
OPP-000135,CUST-01018,Mid-Market,REP-023,2024-01-01,2024-02-19,2024-02-29,Closed Won,1.00,Expansion,12,17157.03,17157.03,17157.03,Won,,Trade Show / Event,true
OPP-000136,CUST-01029,Mid-Market,REP-023,2024-03-07,2024-03-22,2024-03-31,Closed Won,1.00,Expansion,12,4010.63,4010.63,4010.63,Won,,Outbound - SDR,true
OPP-000137,CUST-01031,Mid-Market,REP-023,2024-01-17,2024-02-21,2024-02-29,Closed Won,1.00,Expansion,12,8399.19,8399.19,8399.19,Won,,Outbound - SDR,true
OPP-000138,CUST-01075,Mid-Market,REP-032,2024-02-18,2024-03-30,2024-03-31,Closed Won,1.00,Expansion,12,5727.19,5727.19,5727.19,Won,,Trade Show / Event,true
OPP-000139,CUST-01079,Mid-Market,REP-032,2024-02-27,2024-03-11,2024-03-31,Closed Won,1.00,Expansion,12,11066.84,11066.84,11066.84,Won,,Outbound - SDR,true
OPP-000140,CUST-01081,Mid-Market,REP-023,2024-02-19,2024-03-29,2024-03-31,Closed Won,1.00,Expansion,12,18742.69,18742.69,18742.69,Won,,Inbound - Organic,true
OPP-000141,CUST-01107,Enterprise,REP-014,2023-09-21,2024-02-02,2024-02-29,Closed Won,1.00,Expansion,36,33780.03,33780.03,101340.09,Won,,Inbound - Paid,true
OPP-000142,CUST-01117,Enterprise,REP-029,2023-10-17,2024-02-25,2024-02-29,Closed Won,1.00,Expansion,24,30738.44,30738.44,61476.88,Won,,Partner / Referral,true
OPP-000143,CUST-01155,SMB,REP-005,2024-02-14,2024-03-13,2024-03-31,Closed Won,1.00,New Logo,1,3830.31,3830.31,319.19,Won,,Inbound - Paid,true
OPP-000144,CUST-01284,Mid-Market,REP-032,2024-01-09,2024-04-05,2024-03-31,Closed Won,1.00,New Logo,12,15817.97,15817.97,15817.97,Won,,Partner / Referral,true
OPP-000145,CUST-01324,Enterprise,REP-029,2023-10-28,2024-02-13,2024-03-31,Closed Won,1.00,Expansion,36,157047.89,157047.89,471143.67,Won,,Partner / Referral,true
OPP-000146,CUST-00822,SMB,REP-030,2024-03-13,2024-03-31,2024-04-01,Closed Won,1.00,Renewal Uplift,12,170.60,170.60,170.60,Won,,Outbound - SDR,true
OPP-000147,CUST-01169,SMB,REP-034,2024-02-23,2024-03-01,2024-03-01,Closed Won,1.00,New Logo,12,7443.29,7443.29,7443.29,Won,,Outbound - SDR,true
OPP-000148,CUST-01163,SMB,REP-031,2024-02-18,2024-02-25,2024-03-02,Closed Won,1.00,New Logo,1,5946.18,5946.18,495.52,Won,,Inbound - Paid,true
OPP-000149,CUST-00824,SMB,REP-031,2024-03-21,2024-04-11,2024-04-05,Closed Won,1.00,Renewal Uplift,12,312.10,312.10,312.10,Won,,Inbound - Organic,true
OPP-000150,CUST-01167,SMB,REP-034,2024-03-07,2024-03-27,2024-04-07,Closed Won,1.00,New Logo,1,3034.13,3034.13,252.84,Won,,Partner / Referral,true
OPP-000151,CUST-00829,SMB,REP-031,2024-03-23,2024-04-06,2024-04-11,Closed Won,1.00,Renewal Uplift,12,718.68,718.68,718.68,Won,,Inbound - Organic,true
OPP-000152,CUST-01325,Enterprise,REP-029,2024-02-01,2024-04-01,2024-04-15,Closed Won,1.00,New Logo,24,99911.96,99911.96,199823.92,Won,,Inbound - Organic,true
OPP-000153,CUST-01162,SMB,REP-031,2024-04-08,2024-04-15,2024-04-17,Closed Won,1.00,New Logo,12,3648.73,3648.73,3648.73,Won,,Inbound - Organic,true
OPP-000154,CUST-01168,SMB,REP-031,2024-03-26,2024-04-14,2024-04-19,Closed Won,1.00,New Logo,12,3872.15,3872.15,3872.15,Won,,Inbound - Organic,true
OPP-000155,CUST-00165,Mid-Market,REP-023,2023-12-19,2024-04-19,2024-04-20,Closed Won,1.00,Renewal Uplift,12,1343.50,1343.50,1343.50,Won,,Outbound - SDR,true
OPP-000156,CUST-00236,SMB,REP-030,2024-04-03,2024-04-19,2024-04-21,Closed Won,1.00,Renewal Uplift,12,60.01,60.01,60.01,Won,,Trade Show / Event,true
OPP-000157,CUST-00827,SMB,REP-031,2024-03-01,2024-03-12,2024-03-22,Closed Won,1.00,Renewal Uplift,12,269.74,269.74,269.74,Won,,Inbound - Paid,true
OPP-000158,CUST-00672,Mid-Market,REP-026,2024-03-26,2024-04-16,2024-04-24,Closed Won,1.00,Renewal Uplift,12,842.95,842.95,842.95,Won,,Inbound - Paid,true
OPP-000159,CUST-00485,SMB,REP-034,2024-03-11,2024-03-19,2024-03-25,Closed Won,1.00,Renewal Uplift,12,357.03,357.03,357.03,Won,,Inbound - Paid,true
OPP-000160,ACCT-P-000160,Mid-Market,REP-010,2024-02-15,2024-04-15,2024-04-25,Closed Won,1.00,New Logo,12,10816.12,10816.12,10816.12,Won,,Inbound - Organic,false
OPP-000161,CUST-01290,Mid-Market,REP-007,2024-01-25,2024-04-02,2024-04-25,Closed Won,1.00,New Logo,36,44183.91,44183.91,132551.73,Won,,Outbound - SDR,true
OPP-000162,CUST-00483,SMB,REP-034,2024-03-16,2024-03-23,2024-03-26,Closed Won,1.00,Renewal Uplift,12,181.07,181.07,181.07,Won,,Outbound - SDR,true
OPP-000163,CUST-00823,SMB,REP-030,2024-03-26,2024-04-22,2024-04-26,Closed Won,1.00,Renewal Uplift,12,267.67,267.67,267.67,Won,,Partner / Referral,true
OPP-000164,CUST-01165,SMB,REP-036,2024-03-18,2024-05-02,2024-04-26,Closed Won,1.00,New Logo,1,4023.83,4023.83,335.32,Won,,Trade Show / Event,true
OPP-000165,CUST-01172,SMB,REP-031,2024-03-27,2024-05-06,2024-04-26,Closed Won,1.00,New Logo,1,2007.56,2007.56,167.30,Won,,Outbound - SDR,true
OPP-000166,CUST-00492,SMB,REP-031,2024-02-25,2024-03-30,2024-03-27,Closed Won,1.00,Renewal Uplift,12,164.38,164.38,164.38,Won,,Outbound - SDR,true
OPP-000167,CUST-00673,Mid-Market,REP-007,2024-01-21,2024-02-24,2024-02-28,Closed Won,1.00,Renewal Uplift,12,2692.19,2692.19,2692.19,Won,,Outbound - SDR,true
OPP-000168,CUST-00674,Mid-Market,REP-032,2024-03-07,2024-04-21,2024-04-28,Closed Won,1.00,Renewal Uplift,12,2647.33,2647.33,2647.33,Won,,Outbound - SDR,true
OPP-000169,CUST-01170,SMB,REP-005,2023-11-17,2024-02-23,2024-02-28,Closed Won,1.00,New Logo,1,3743.80,3743.80,311.98,Won,,Partner / Referral,true
OPP-000170,CUST-01288,Mid-Market,REP-032,2024-03-10,2024-04-28,2024-04-28,Closed Won,1.00,New Logo,12,11204.09,11204.09,11204.09,Won,,Inbound - Paid,true
OPP-000171,CUST-00488,SMB,REP-035,2024-03-01,2024-03-23,2024-03-29,Closed Won,1.00,Renewal Uplift,12,195.66,195.66,195.66,Won,,Trade Show / Event,true
OPP-000172,CUST-00054,Mid-Market,REP-018,2023-08-02,2024-04-09,2024-03-30,Closed Won,1.00,Expansion,12,6123.63,6123.63,6123.63,Won,,Inbound - Paid,true
OPP-000173,CUST-00055,Mid-Market,REP-026,2023-11-29,2024-03-08,2024-02-29,Closed Won,1.00,Expansion,12,26384.02,26384.02,26384.02,Won,,Inbound - Organic,true
OPP-000174,CUST-00176,Mid-Market,REP-026,2024-01-30,2024-04-26,2024-04-30,Closed Won,1.00,Expansion,12,6257.34,6257.34,6257.34,Won,,Inbound - Organic,true
OPP-000175,CUST-00378,Mid-Market,REP-032,2023-12-23,2024-02-16,2024-02-29,Closed Won,1.00,Expansion,12,10458.73,10458.73,10458.73,Won,,Partner / Referral,true
OPP-000176,CUST-00382,Mid-Market,REP-007,2024-02-05,2024-04-09,2024-04-30,Closed Won,1.00,Expansion,12,7684.90,7684.90,7684.90,Won,,Partner / Referral,true
OPP-000177,CUST-00385,Mid-Market,REP-023,2024-02-29,2024-04-25,2024-04-30,Closed Won,1.00,Expansion,12,7451.05,7451.05,7451.05,Won,,Partner / Referral,true
OPP-000178,CUST-00609,SMB,REP-031,2024-02-13,2024-02-27,2024-02-29,Closed Won,1.00,Expansion,1,4358.09,4358.09,363.17,Won,,Inbound - Paid,true
OPP-000179,CUST-00716,Mid-Market,REP-023,2024-02-17,2024-04-04,2024-03-30,Closed Won,1.00,Expansion,12,35232.08,35232.08,35232.08,Won,,Outbound - SDR,true
OPP-000180,CUST-00728,Enterprise,REP-029,2023-09-01,2024-03-17,2024-04-30,Closed Won,1.00,Expansion,24,6006.16,6006.16,12012.32,Won,,Inbound - Paid,true
OPP-000181,CUST-00735,Enterprise,REP-014,2023-09-20,2024-05-20,2024-04-30,Closed Won,1.00,Expansion,24,26972.12,26972.12,53944.24,Won,,Inbound - Paid,true
OPP-000182,CUST-00735,Enterprise,REP-033,2023-08-01,2024-03-11,2024-03-30,Closed Won,1.00,Expansion,24,51606.67,51606.67,103213.34,Won,,Inbound - Organic,true
OPP-000183,CUST-00736,Enterprise,REP-029,2023-11-03,2024-02-20,2024-04-30,Closed Won,1.00,Expansion,12,69969.34,69969.34,69969.34,Won,,Inbound - Organic,true
OPP-000184,CUST-00872,SMB,REP-034,2024-04-18,2024-04-26,2024-04-30,Closed Won,1.00,Expansion,1,1052.43,1052.43,87.70,Won,,Outbound - SDR,true
OPP-000185,CUST-00879,SMB,REP-031,2024-04-03,2024-04-27,2024-04-30,Closed Won,1.00,Expansion,1,4332.08,4332.08,361.01,Won,,Outbound - SDR,true
OPP-000186,CUST-01028,Mid-Market,REP-010,2024-02-24,2024-04-11,2024-04-30,Closed Won,1.00,Expansion,12,3159.70,3159.70,3159.70,Won,,Inbound - Paid,true
OPP-000187,CUST-01069,Mid-Market,REP-023,2024-03-06,2024-04-17,2024-04-30,Closed Won,1.00,Expansion,12,1445.68,1445.68,1445.68,Won,,Inbound - Organic,true
OPP-000188,CUST-01086,Mid-Market,REP-023,2024-01-16,2024-04-23,2024-04-30,Closed Won,1.00,Expansion,12,33088.41,33088.41,33088.41,Won,,Inbound - Paid,true
OPP-000189,CUST-01090,Mid-Market,REP-032,2024-03-13,2024-04-20,2024-04-30,Closed Won,1.00,Expansion,12,13223.12,13223.12,13223.12,Won,,Partner / Referral,true
OPP-000190,CUST-01118,Enterprise,REP-029,2024-02-10,2024-04-14,2024-04-30,Closed Won,1.00,Expansion,36,13008.28,13008.28,39024.83,Won,,Partner / Referral,true
OPP-000191,CUST-01164,SMB,REP-030,2024-04-10,2024-05-04,2024-04-30,Closed Won,1.00,New Logo,1,3695.72,3695.72,307.98,Won,,Partner / Referral,true
OPP-000192,CUST-01166,SMB,REP-031,2024-03-23,2024-04-29,2024-04-30,Closed Won,1.00,New Logo,1,4682.36,4682.36,390.20,Won,,Trade Show / Event,true
OPP-000193,CUST-01171,SMB,REP-037,2024-04-10,2024-05-01,2024-04-30,Closed Won,1.00,New Logo,1,8250.72,8250.72,687.56,Won,,Partner / Referral,true
OPP-000194,CUST-01279,Mid-Market,REP-010,2024-03-11,2024-04-21,2024-04-30,Closed Won,1.00,Expansion,12,59826.45,59826.45,59826.45,Won,,Inbound - Organic,true
OPP-000195,CUST-01322,Enterprise,REP-033,2024-01-29,2024-03-24,2024-04-30,Closed Won,1.00,Expansion,36,94008.43,94008.43,282025.29,Won,,Trade Show / Event,true
OPP-000196,CUST-01323,Enterprise,REP-029,2024-02-03,2024-03-19,2024-03-30,Closed Won,1.00,Expansion,36,4478.99,4478.99,13436.97,Won,,Outbound - SDR,true
OPP-000197,CUST-00255,SMB,REP-031,2024-02-26,2024-03-29,2024-05-01,Closed Won,1.00,Renewal Uplift,12,86.22,86.22,86.22,Won,,Inbound - Paid,true
OPP-000198,CUST-00835,SMB,REP-036,2024-02-10,2024-05-08,2024-05-01,Closed Won,1.00,Renewal Uplift,12,341.93,341.93,341.93,Won,,Inbound - Organic,true
OPP-000199,CUST-00847,SMB,REP-030,2024-04-08,2024-04-28,2024-05-01,Closed Won,1.00,Renewal Uplift,12,165.60,165.60,165.60,Won,,Inbound - Paid,true
OPP-000200,ACCT-P-000200,SMB,REP-031,2024-04-03,2024-04-26,2024-05-01,Closed Won,1.00,New Logo,1,9235.32,9235.32,769.61,Won,,Trade Show / Event,false
OPP-000201,CUST-00838,SMB,REP-031,2024-03-19,2024-05-10,2024-05-03,Closed Won,1.00,Renewal Uplift,12,279.68,279.68,279.68,Won,,Partner / Referral,true
OPP-000202,CUST-01178,SMB,REP-035,2024-03-30,2024-04-25,2024-05-03,Closed Won,1.00,New Logo,1,7533.64,7533.64,627.80,Won,,Inbound - Paid,true
OPP-000203,CUST-01293,Mid-Market,REP-026,2024-04-07,2024-04-30,2024-05-05,Closed Won,1.00,New Logo,24,40314.72,40314.72,80629.44,Won,,Inbound - Organic,true
OPP-000204,CUST-01182,SMB,REP-031,2024-04-01,2024-04-30,2024-05-08,Closed Won,1.00,New Logo,1,13042.68,13042.68,1086.89,Won,,Inbound - Paid,true
OPP-000205,CUST-01176,SMB,REP-030,2024-03-20,2024-05-03,2024-05-10,Closed Won,1.00,New Logo,1,2100.85,2100.85,175.07,Won,,Trade Show / Event,true
OPP-000206,CUST-00049,Mid-Market,REP-018,2024-01-07,2024-04-21,2024-04-13,Closed Won,1.00,Renewal Uplift,24,499.70,499.70,999.40,Won,,Partner / Referral,true
OPP-000207,CUST-00500,SMB,REP-034,2024-03-12,2024-04-18,2024-04-14,Closed Won,1.00,Renewal Uplift,12,147.85,147.85,147.85,Won,,Inbound - Paid,true
OPP-000208,CUST-01326,Enterprise,REP-029,2024-01-25,2024-04-29,2024-05-14,Closed Won,1.00,New Logo,24,180761.79,180761.79,361523.58,Won,,Outbound - SDR,true
OPP-000209,CUST-00844,SMB,REP-030,2024-04-05,2024-05-04,2024-05-15,Closed Won,1.00,Renewal Uplift,12,500.97,500.97,500.97,Won,,Partner / Referral,true
OPP-000210,CUST-01181,SMB,REP-030,2024-03-29,2024-05-12,2024-05-17,Closed Won,1.00,New Logo,12,21812.88,21812.88,21812.88,Won,,Inbound - Organic,true
OPP-000211,CUST-01174,SMB,REP-034,2024-02-25,2024-03-09,2024-03-18,Closed Won,1.00,New Logo,12,3186.98,3186.98,3186.98,Won,,Inbound - Organic,true
OPP-000212,CUST-01292,Mid-Market,REP-007,2024-03-30,2024-05-12,2024-05-20,Closed Won,1.00,New Logo,12,41263.23,41263.23,41263.23,Won,,Inbound - Organic,true
OPP-000213,CUST-00095,SMB,REP-005,2024-04-09,2024-04-24,2024-04-23,Closed Won,1.00,Renewal Uplift,12,382.01,382.01,382.01,Won,,Trade Show / Event,true
OPP-000214,CUST-00373,Mid-Market,REP-023,2024-04-11,2024-05-15,2024-05-26,Closed Won,1.00,Renewal Uplift,12,679.01,679.01,679.01,Won,,Trade Show / Event,true
OPP-000215,CUST-01179,SMB,REP-030,2024-04-12,2024-04-22,2024-04-26,Closed Won,1.00,New Logo,1,13249.25,13249.25,1104.10,Won,,Partner / Referral,true
OPP-000216,CUST-00374,Mid-Market,REP-023,2024-02-26,2024-05-31,2024-05-27,Closed Won,1.00,Renewal Uplift,12,458.85,458.85,458.85,Won,,Inbound - Paid,true
OPP-000217,CUST-01291,Mid-Market,REP-007,2024-03-28,2024-04-21,2024-04-27,Closed Won,1.00,New Logo,12,13596.75,13596.75,13596.75,Won,,Outbound - SDR,true
OPP-000218,CUST-00248,SMB,REP-031,2024-05-04,2024-05-26,2024-05-28,Closed Won,1.00,Renewal Uplift,12,83.96,83.96,83.96,Won,,Inbound - Organic,true
OPP-000219,CUST-00253,SMB,REP-036,2024-04-25,2024-06-02,2024-05-28,Closed Won,1.00,Renewal Uplift,12,194.67,194.67,194.67,Won,,Outbound - SDR,true
OPP-000220,CUST-00677,Mid-Market,REP-026,2024-02-29,2024-05-10,2024-05-28,Closed Won,1.00,Renewal Uplift,12,2455.13,2455.13,2455.13,Won,,Inbound - Paid,true
OPP-000221,CUST-00842,SMB,REP-030,2024-05-03,2024-05-28,2024-05-28,Closed Won,1.00,Renewal Uplift,12,142.96,142.96,142.96,Won,,Outbound - SDR,true
OPP-000222,CUST-01175,SMB,REP-005,2024-01-19,2024-05-17,2024-04-28,Closed Won,1.00,New Logo,1,6913.53,6913.53,576.13,Won,,Outbound - SDR,true
OPP-000223,CUST-01180,SMB,REP-031,2024-04-25,2024-05-21,2024-05-29,Closed Won,1.00,New Logo,12,8091.20,8091.20,8091.20,Won,,Inbound - Paid,true
OPP-000224,CUST-01177,SMB,REP-031,2024-05-17,2024-05-27,2024-05-30,Closed Won,1.00,New Logo,12,6332.95,6332.95,6332.95,Won,,Outbound - SDR,true
OPP-000225,CUST-00188,Mid-Market,REP-032,2024-05-14,2024-05-23,2024-05-31,Closed Won,1.00,Expansion,12,6576.47,6576.47,6576.47,Won,,Inbound - Organic,true
OPP-000226,CUST-00293,SMB,REP-031,2024-05-24,2024-05-31,2024-05-31,Closed Won,1.00,Expansion,1,676.86,676.86,56.41,Won,,Trade Show / Event,true
OPP-000227,CUST-00404,Mid-Market,REP-007,2024-03-15,2024-05-04,2024-04-30,Closed Won,1.00,Expansion,12,5265.47,5265.47,5265.47,Won,,Outbound - SDR,true
OPP-000228,CUST-00679,Mid-Market,REP-032,2023-10-20,2024-04-19,2024-04-30,Closed Won,1.00,Renewal Uplift,12,2008.48,2008.48,2008.48,Won,,Trade Show / Event,true
OPP-000229,CUST-00706,Mid-Market,REP-010,2024-02-06,2024-04-29,2024-04-30,Closed Won,1.00,Expansion,12,8143.48,8143.48,8143.48,Won,,Outbound - SDR,true
OPP-000230,CUST-00715,Mid-Market,REP-007,2024-02-14,2024-05-05,2024-05-31,Closed Won,1.00,Expansion,12,7878.48,7878.48,7878.48,Won,,Inbound - Organic,true
OPP-000231,CUST-00720,Mid-Market,REP-026,2024-03-18,2024-04-11,2024-04-30,Closed Won,1.00,Expansion,12,9773.46,9773.46,9773.46,Won,,Inbound - Organic,true
OPP-000232,CUST-00837,SMB,REP-030,2024-05-12,2024-06-02,2024-05-31,Closed Won,1.00,Renewal Uplift,12,145.47,145.47,145.47,Won,,Outbound - SDR,true
OPP-000233,CUST-00890,SMB,REP-030,2024-05-19,2024-05-31,2024-05-31,Closed Won,1.00,Expansion,1,824.88,824.88,68.74,Won,,Partner / Referral,true
OPP-000234,CUST-01021,Mid-Market,REP-032,2024-04-14,2024-05-24,2024-05-31,Closed Won,1.00,Expansion,12,33762.89,33762.89,33762.89,Won,,Inbound - Paid,true
OPP-000235,CUST-01026,Mid-Market,REP-026,2024-05-02,2024-06-08,2024-05-31,Closed Won,1.00,Expansion,12,20479.28,20479.28,20479.28,Won,,Partner / Referral,true
OPP-000236,CUST-01066,Mid-Market,REP-026,2024-04-21,2024-06-09,2024-05-31,Closed Won,1.00,Expansion,12,11018.05,11018.05,11018.05,Won,,Outbound - SDR,true
OPP-000237,CUST-01067,Mid-Market,REP-010,2024-03-28,2024-06-08,2024-05-31,Closed Won,1.00,Expansion,12,7474.65,7474.65,7474.65,Won,,Inbound - Paid,true
OPP-000238,CUST-01092,Mid-Market,REP-026,2024-04-14,2024-05-26,2024-05-31,Closed Won,1.00,Expansion,24,4925.26,4925.26,9850.52,Won,,Partner / Referral,true
OPP-000239,CUST-01097,Mid-Market,REP-023,2024-01-13,2024-05-19,2024-05-31,Closed Won,1.00,Expansion,12,14458.15,14458.15,14458.15,Won,,Inbound - Organic,true
OPP-000240,CUST-01111,Enterprise,REP-014,2023-12-09,2024-03-02,2024-04-30,Closed Won,1.00,Expansion,12,68119.32,68119.32,68119.32,Won,,Inbound - Organic,true
OPP-000241,CUST-01183,SMB,REP-030,2024-05-26,2024-06-02,2024-05-31,Closed Won,1.00,New Logo,1,11252.68,11252.68,937.72,Won,,Partner / Referral,true
OPP-000242,CUST-00100,SMB,REP-035,2024-05-18,2024-05-28,2024-06-02,Closed Won,1.00,Renewal Uplift,24,142.90,142.90,285.80,Won,,Inbound - Organic,true
OPP-000243,CUST-00270,SMB,REP-030,2024-04-17,2024-04-27,2024-05-04,Closed Won,1.00,Renewal Uplift,12,86.28,86.28,86.28,Won,,Partner / Referral,true
OPP-000244,CUST-00857,SMB,REP-038,2024-05-02,2024-05-28,2024-06-04,Closed Won,1.00,Renewal Uplift,12,119.02,119.02,119.02,Won,,Outbound - SDR,true
OPP-000245,CUST-01110,Enterprise,REP-029,2024-02-06,2024-05-10,2024-06-04,Closed Won,1.00,Renewal Uplift,12,7165.97,7165.97,7165.97,Won,,Partner / Referral,true
OPP-000246,CUST-01295,Mid-Market,REP-026,2024-03-07,2024-05-08,2024-05-04,Closed Won,1.00,New Logo,12,24683.73,24683.73,24683.73,Won,,Inbound - Organic,true
OPP-000247,CUST-01327,Enterprise,REP-029,2023-12-18,2024-03-04,2024-05-06,Closed Won,1.00,New Logo,12,225501.43,225501.43,225501.43,Won,,Partner / Referral,true
OPP-000248,CUST-01193,SMB,REP-031,2024-05-01,2024-06-05,2024-06-07,Closed Won,1.00,New Logo,1,7930.56,7930.56,660.88,Won,,Trade Show / Event,true
OPP-000249,CUST-01194,SMB,REP-030,2024-04-28,2024-05-24,2024-06-08,Closed Won,1.00,New Logo,12,3224.82,3224.82,3224.82,Won,,Outbound - SDR,true
OPP-000250,CUST-00375,Mid-Market,REP-010,2024-03-13,2024-06-15,2024-06-09,Closed Won,1.00,Renewal Uplift,12,2004.41,2004.41,2004.41,Won,,Outbound - SDR,true
OPP-000251,CUST-01055,Mid-Market,REP-023,2024-03-20,2024-05-15,2024-06-09,Closed Won,1.00,Renewal Uplift,12,2512.89,2512.89,2512.89,Won,,Inbound - Organic,true
OPP-000252,CUST-00377,Mid-Market,REP-023,2024-04-21,2024-06-23,2024-06-10,Closed Won,1.00,Renewal Uplift,12,295.19,295.19,295.19,Won,,Inbound - Paid,true
OPP-000253,CUST-01187,SMB,REP-036,2024-04-19,2024-05-06,2024-05-11,Closed Won,1.00,New Logo,1,5451.23,5451.23,454.27,Won,,Trade Show / Event,true
OPP-000254,CUST-00866,SMB,REP-031,2024-05-01,2024-06-04,2024-06-13,Closed Won,1.00,Renewal Uplift,12,304.30,304.30,304.30,Won,,Outbound - SDR,true
OPP-000255,ACCT-P-000255,SMB,REP-030,2024-04-15,2024-05-04,2024-05-13,Closed Won,1.00,New Logo,12,9831.64,9831.64,9831.64,Won,,Inbound - Paid,false
OPP-000256,CUST-01054,Mid-Market,REP-007,2024-04-06,2024-06-14,2024-06-14,Closed Won,1.00,Renewal Uplift,12,7173.12,7173.12,7173.12,Won,,Inbound - Paid,true
OPP-000257,CUST-01189,SMB,REP-031,2024-06-15,2024-06-22,2024-06-20,Closed Won,1.00,New Logo,12,1240.52,1240.52,1240.52,Won,,Inbound - Organic,true
OPP-000258,CUST-00858,SMB,REP-030,2024-05-03,2024-05-16,2024-05-21,Closed Won,1.00,Renewal Uplift,12,156.47,156.47,156.47,Won,,Outbound - SDR,true
OPP-000259,CUST-01185,SMB,REP-030,2024-02-28,2024-07-17,2024-06-25,Closed Won,1.00,New Logo,1,3135.44,3135.44,261.29,Won,,Outbound - SDR,true
OPP-000260,CUST-01196,SMB,REP-037,2024-05-30,2024-06-22,2024-06-25,Closed Won,1.00,New Logo,12,11988.81,11988.81,11988.81,Won,,Inbound - Organic,true
OPP-000261,CUST-01294,Mid-Market,REP-032,2024-05-01,2024-06-05,2024-06-25,Closed Won,1.00,New Logo,12,22809.82,22809.82,22809.82,Won,,Inbound - Organic,true
OPP-000262,CUST-01296,Mid-Market,REP-018,2024-04-18,2024-06-14,2024-06-25,Closed Won,1.00,New Logo,1,14988.29,14988.29,1249.02,Won,,Inbound - Paid,true
OPP-000263,CUST-00170,Mid-Market,REP-039,2024-04-11,2024-05-11,2024-06-26,Closed Won,1.00,Renewal Uplift,12,1027.56,1027.56,1027.56,Won,,Outbound - SDR,true
OPP-000264,CUST-01186,SMB,REP-031,2024-05-09,2024-05-26,2024-05-26,Closed Won,1.00,New Logo,12,24243.94,24243.94,24243.94,Won,,Inbound - Paid,true
OPP-000265,CUST-01190,SMB,REP-030,2024-05-28,2024-06-23,2024-06-26,Closed Won,1.00,New Logo,1,14205.03,14205.03,1183.75,Won,,Inbound - Organic,true
OPP-000266,CUST-01191,SMB,REP-031,2024-03-04,2024-06-24,2024-06-26,Closed Won,1.00,New Logo,12,9409.47,9409.47,9409.47,Won,,Outbound - SDR,true
OPP-000267,CUST-00020,SMB,REP-037,2024-06-22,2024-06-29,2024-06-27,Closed Won,1.00,Renewal Uplift,12,252.82,252.82,252.82,Won,,Outbound - SDR,true
OPP-000268,CUST-00863,SMB,REP-030,2024-03-29,2024-06-16,2024-06-27,Closed Won,1.00,Renewal Uplift,12,169.05,169.05,169.05,Won,,Outbound - SDR,true
OPP-000269,CUST-00099,SMB,REP-035,2024-05-11,2024-05-25,2024-05-28,Closed Won,1.00,Renewal Uplift,12,148.94,148.94,148.94,Won,,Partner / Referral,true
OPP-000270,CUST-00378,Mid-Market,REP-032,2024-02-07,2024-05-20,2024-05-28,Closed Won,1.00,Renewal Uplift,12,1976.72,1976.72,1976.72,Won,,Outbound - SDR,true
OPP-000271,CUST-00851,SMB,REP-037,2024-06-01,2024-06-22,2024-06-28,Closed Won,1.00,Renewal Uplift,12,430.91,430.91,430.91,Won,,Inbound - Paid,true
OPP-000272,CUST-01188,SMB,REP-030,2024-03-23,2024-05-28,2024-05-28,Closed Won,1.00,New Logo,1,9338.72,9338.72,778.23,Won,,Outbound - SDR,true
OPP-000273,CUST-00050,Mid-Market,REP-007,2024-05-03,2024-06-01,2024-06-29,Closed Won,1.00,Renewal Uplift,12,2815.86,2815.86,2815.86,Won,,Inbound - Organic,true
OPP-000274,CUST-00682,Mid-Market,REP-026,2024-05-05,2024-06-01,2024-06-29,Closed Won,1.00,Renewal Uplift,12,3892.66,3892.66,3892.66,Won,,Inbound - Paid,true
OPP-000275,ACCT-P-000275,SMB,REP-030,2024-06-04,2024-06-23,2024-06-29,Closed Won,1.00,New Logo,1,6659.50,6659.50,554.96,Won,,Outbound - SDR,false
OPP-000276,CUST-01297,Mid-Market,REP-010,2024-04-03,2024-05-22,2024-05-29,Closed Won,1.00,New Logo,12,28926.85,28926.85,28926.85,Won,,Trade Show / Event,true
OPP-000277,CUST-00046,Mid-Market,REP-007,2024-05-01,2024-06-04,2024-06-30,Closed Won,1.00,Expansion,12,28511.97,28511.97,28511.97,Won,,Inbound - Paid,true
OPP-000278,CUST-00185,Mid-Market,REP-026,2024-02-01,2024-05-15,2024-04-30,Closed Won,1.00,Expansion,12,14625.19,14625.19,14625.19,Won,,Partner / Referral,true
OPP-000279,CUST-00258,SMB,REP-031,2024-04-29,2024-05-30,2024-06-30,Closed Won,1.00,Renewal Uplift,12,73.64,73.64,73.64,Won,,Trade Show / Event,true
OPP-000280,CUST-00367,Mid-Market,REP-023,2024-04-08,2024-06-08,2024-06-30,Closed Won,1.00,Expansion,24,16088.96,16088.96,32177.92,Won,,Inbound - Paid,true
OPP-000281,CUST-00603,SMB,REP-034,2024-04-09,2024-04-25,2024-04-30,Closed Won,1.00,Expansion,12,3517.32,3517.32,3517.32,Won,,Inbound - Paid,true
OPP-000282,CUST-00685,Mid-Market,REP-032,2024-04-17,2024-06-17,2024-06-30,Closed Won,1.00,Renewal Uplift,12,455.81,455.81,455.81,Won,,Inbound - Paid,true
OPP-000283,CUST-00737,Enterprise,REP-014,2023-12-30,2024-05-17,2024-06-30,Closed Won,1.00,Expansion,12,176772.85,176772.85,176772.85,Won,,Trade Show / Event,true
OPP-000284,CUST-00865,SMB,REP-030,2024-05-23,2024-06-25,2024-06-30,Closed Won,1.00,Expansion,1,2279.10,2279.10,189.92,Won,,Trade Show / Event,true
OPP-000285,CUST-01029,Mid-Market,REP-026,2024-03-27,2024-06-22,2024-06-30,Closed Won,1.00,Expansion,12,6943.81,6943.81,6943.81,Won,,Partner / Referral,true
OPP-000286,CUST-01065,Mid-Market,REP-010,2024-04-16,2024-06-15,2024-06-30,Closed Won,1.00,Expansion,12,9978.12,9978.12,9978.12,Won,,Inbound - Organic,true
OPP-000287,CUST-01195,SMB,REP-030,2024-06-17,2024-06-27,2024-06-30,Closed Won,1.00,New Logo,1,10920.11,10920.11,910.01,Won,,Partner / Referral,true
OPP-000288,CUST-01296,Mid-Market,REP-023,2024-02-04,2024-05-26,2024-06-30,Closed Won,1.00,Expansion,1,24623.62,24623.62,2051.97,Won,,Inbound - Paid,true
OPP-000289,CUST-00366,Mid-Market,REP-010,2024-03-14,2024-07-26,2024-07-01,Closed Won,1.00,Renewal Uplift,12,1517.98,1517.98,1517.98,Won,,Outbound - SDR,true
OPP-000290,CUST-00532,SMB,REP-037,2024-06-22,2024-07-02,2024-07-06,Closed Won,1.00,Renewal Uplift,12,86.21,86.21,86.21,Won,,Inbound - Organic,true
OPP-000291,CUST-00275,SMB,REP-030,2024-06-28,2024-07-10,2024-07-11,Closed Won,1.00,Renewal Uplift,12,98.91,98.91,98.91,Won,,Partner / Referral,true
OPP-000292,CUST-01203,SMB,REP-038,2024-06-17,2024-07-11,2024-07-13,Closed Won,1.00,New Logo,1,6736.55,6736.55,561.38,Won,,Inbound - Organic,true
OPP-000293,CUST-00279,SMB,REP-038,2024-06-27,2024-07-11,2024-07-14,Closed Won,1.00,Renewal Uplift,12,284.41,284.41,284.41,Won,,Inbound - Organic,true
OPP-000294,CUST-01197,SMB,REP-030,2024-05-15,2024-06-18,2024-06-15,Closed Won,1.00,New Logo,1,10213.25,10213.25,851.10,Won,,Inbound - Organic,true
OPP-000295,CUST-01202,SMB,REP-030,2024-06-26,2024-07-14,2024-07-16,Closed Won,1.00,New Logo,1,8414.36,8414.36,701.20,Won,,Inbound - Organic,true
OPP-000296,CUST-00690,Mid-Market,REP-018,2024-06-21,2024-07-09,2024-07-18,Closed Won,1.00,Renewal Uplift,12,1186.51,1186.51,1186.51,Won,,Inbound - Paid,true
OPP-000297,CUST-01201,SMB,REP-037,2024-06-10,2024-07-25,2024-07-25,Closed Won,1.00,New Logo,1,7270.30,7270.30,605.86,Won,,Inbound - Organic,true
OPP-000298,CUST-01200,SMB,REP-030,2024-04-25,2024-05-19,2024-05-26,Closed Won,1.00,New Logo,1,5574.96,5574.96,464.58,Won,,Inbound - Paid,true
OPP-000299,CUST-01298,Mid-Market,REP-010,2024-04-08,2024-06-20,2024-06-26,Closed Won,1.00,New Logo,12,78363.46,78363.46,78363.46,Won,,Inbound - Paid,true
OPP-000300,CUST-01299,Mid-Market,REP-010,2024-05-09,2024-06-11,2024-06-26,Closed Won,1.00,New Logo,12,26069.23,26069.23,26069.23,Won,,Inbound - Organic,true
OPP-000301,CUST-01198,SMB,REP-031,2024-06-14,2024-06-26,2024-06-27,Closed Won,1.00,New Logo,12,2584.05,2584.05,2584.05,Won,,Outbound - SDR,true
OPP-000302,CUST-01204,SMB,REP-030,2024-07-13,2024-07-24,2024-07-27,Closed Won,1.00,New Logo,1,6755.22,6755.22,562.94,Won,,Outbound - SDR,true
OPP-000303,CUST-00382,Mid-Market,REP-032,2024-05-13,2024-07-18,2024-07-28,Closed Won,1.00,Renewal Uplift,12,2859.70,2859.70,2859.70,Won,,Inbound - Organic,true
OPP-000304,CUST-01060,Mid-Market,REP-023,2024-05-11,2024-07-17,2024-07-28,Closed Won,1.00,Renewal Uplift,12,1102.37,1102.37,1102.37,Won,,Outbound - SDR,true
OPP-000305,CUST-00052,Mid-Market,REP-023,2024-04-07,2024-07-29,2024-06-29,Closed Won,1.00,Renewal Uplift,12,1416.65,1416.65,1416.65,Won,,Outbound - SDR,true
OPP-000306,CUST-00172,Mid-Market,REP-018,2024-05-09,2024-07-15,2024-07-29,Closed Won,1.00,Renewal Uplift,12,2170.27,2170.27,2170.27,Won,,Outbound - SDR,true
OPP-000307,CUST-01199,SMB,REP-031,2024-06-10,2024-06-20,2024-06-30,Closed Won,1.00,New Logo,1,5857.39,5857.39,488.12,Won,,Partner / Referral,true
OPP-000308,CUST-00056,Mid-Market,REP-018,2024-02-11,2024-06-10,2024-07-31,Closed Won,1.00,Expansion,12,5725.28,5725.28,5725.28,Won,,Inbound - Paid,true
OPP-000309,CUST-00183,Mid-Market,REP-018,2024-04-23,2024-08-14,2024-07-31,Closed Won,1.00,Expansion,12,5135.04,5135.04,5135.04,Won,,Inbound - Paid,true
OPP-000310,CUST-00358,Mid-Market,REP-010,2024-06-19,2024-07-16,2024-07-31,Closed Won,1.00,Expansion,12,7966.90,7966.90,7966.90,Won,,Trade Show / Event,true
OPP-000311,CUST-00384,Mid-Market,REP-026,2024-05-07,2024-07-29,2024-07-31,Closed Won,1.00,Expansion,12,5859.85,5859.85,5859.85,Won,,Partner / Referral,true
OPP-000312,CUST-00393,Mid-Market,REP-026,2024-06-10,2024-06-29,2024-06-30,Closed Won,1.00,Expansion,12,6468.67,6468.67,6468.67,Won,,Inbound - Paid,true
OPP-000313,CUST-00398,Mid-Market,REP-026,2024-04-28,2024-07-22,2024-07-31,Closed Won,1.00,Expansion,12,18265.05,18265.05,18265.05,Won,,Inbound - Paid,true
OPP-000314,CUST-00656,Mid-Market,REP-026,2024-05-10,2024-08-18,2024-07-31,Closed Won,1.00,Expansion,12,10375.56,10375.56,10375.56,Won,,Trade Show / Event,true
OPP-000315,CUST-00668,Mid-Market,REP-026,2024-04-20,2024-06-20,2024-07-31,Closed Won,1.00,Expansion,12,12130.34,12130.34,12130.34,Won,,Partner / Referral,true
OPP-000316,CUST-00687,Mid-Market,REP-010,2024-04-13,2024-06-08,2024-07-31,Closed Won,1.00,Renewal Uplift,24,395.18,395.18,790.36,Won,,Inbound - Organic,true
OPP-000317,CUST-00909,SMB,REP-031,2024-07-21,2024-07-28,2024-07-31,Closed Won,1.00,Expansion,12,5115.62,5115.62,5115.62,Won,,Inbound - Paid,true
OPP-000318,CUST-00913,SMB,REP-038,2024-07-09,2024-07-28,2024-07-31,Closed Won,1.00,Expansion,1,3532.34,3532.34,294.36,Won,,Inbound - Organic,true
OPP-000319,CUST-01017,Mid-Market,REP-018,2024-06-10,2024-07-17,2024-07-31,Closed Won,1.00,Expansion,12,10107.16,10107.16,10107.16,Won,,Outbound - SDR,true
OPP-000320,CUST-01026,Mid-Market,REP-010,2024-04-21,2024-06-22,2024-06-30,Closed Won,1.00,Expansion,12,25355.29,25355.29,25355.29,Won,,Inbound - Organic,true
OPP-000321,CUST-01033,Mid-Market,REP-007,2024-05-25,2024-06-23,2024-06-30,Closed Won,1.00,Expansion,1,23193.33,23193.33,1932.78,Won,,Outbound - SDR,true
OPP-000322,CUST-01097,Mid-Market,REP-010,2024-02-12,2024-07-07,2024-07-31,Closed Won,1.00,Expansion,12,54940.96,54940.96,54940.96,Won,,Outbound - SDR,true
OPP-000323,CUST-01120,Enterprise,REP-014,2024-04-22,2024-07-30,2024-07-31,Closed Won,1.00,Expansion,12,26895.80,26895.80,26895.80,Won,,Trade Show / Event,true
OPP-000324,CUST-01141,SMB,REP-030,2024-05-17,2024-06-22,2024-06-30,Closed Won,1.00,Expansion,1,2606.73,2606.73,217.23,Won,,Partner / Referral,true
OPP-000325,CUST-01159,SMB,REP-038,2024-05-20,2024-05-31,2024-05-31,Closed Won,1.00,Expansion,1,1325.02,1325.02,110.42,Won,,Inbound - Organic,true
OPP-000326,CUST-01285,Mid-Market,REP-032,2024-03-10,2024-06-23,2024-07-31,Closed Won,1.00,Expansion,12,41333.96,41333.96,41333.96,Won,,Inbound - Paid,true
OPP-000327,CUST-01298,Mid-Market,REP-007,2023-10-27,2024-04-20,2024-05-31,Closed Won,1.00,Expansion,12,146723.06,146723.06,146723.06,Won,,Outbound - SDR,true
OPP-000328,CUST-01300,Mid-Market,REP-032,2024-06-11,2024-07-18,2024-07-31,Closed Won,1.00,New Logo,12,15096.82,15096.82,15096.82,Won,,Trade Show / Event,true
OPP-000329,CUST-00898,SMB,REP-031,2024-07-05,2024-08-21,2024-08-08,Closed Won,1.00,Renewal Uplift,12,75.83,75.83,75.83,Won,,Partner / Referral,true
OPP-000330,CUST-00694,Mid-Market,REP-010,2024-03-21,2024-08-25,2024-08-12,Closed Won,1.00,Renewal Uplift,12,1106.42,1106.42,1106.42,Won,,Inbound - Organic,true
OPP-000331,CUST-00175,Mid-Market,REP-039,2024-05-13,2024-06-29,2024-07-14,Closed Won,1.00,Renewal Uplift,12,351.35,351.35,351.35,Won,,Inbound - Organic,true
OPP-000332,CUST-00691,Mid-Market,REP-032,2024-06-05,2024-08-28,2024-08-14,Closed Won,1.00,Renewal Uplift,12,563.86,563.86,563.86,Won,,Inbound - Paid,true
OPP-000333,CUST-01208,SMB,REP-038,2024-07-30,2024-08-15,2024-08-14,Closed Won,1.00,New Logo,1,1285.16,1285.16,107.10,Won,,Inbound - Paid,true
OPP-000334,CUST-01211,SMB,REP-031,2024-06-24,2024-07-10,2024-07-15,Closed Won,1.00,New Logo,1,2789.83,2789.83,232.49,Won,,Outbound - SDR,true
OPP-000335,CUST-01212,SMB,REP-035,2024-06-02,2024-09-04,2024-08-18,Closed Won,1.00,New Logo,12,9885.03,9885.03,9885.03,Won,,Outbound - SDR,true
OPP-000336,CUST-01210,SMB,REP-031,2024-08-04,2024-08-11,2024-08-20,Closed Won,1.00,New Logo,1,5656.51,5656.51,471.38,Won,,Partner / Referral,true
OPP-000337,CUST-01206,SMB,REP-038,2024-06-10,2024-08-18,2024-08-22,Closed Won,1.00,New Logo,12,5842.05,5842.05,5842.05,Won,,Outbound - SDR,true
OPP-000338,CUST-01207,SMB,REP-030,2024-08-07,2024-08-24,2024-08-23,Closed Won,1.00,New Logo,12,11112.96,11112.96,11112.96,Won,,Trade Show / Event,true
OPP-000339,CUST-01302,Mid-Market,REP-032,2024-07-07,2024-08-15,2024-08-26,Closed Won,1.00,New Logo,12,25138.98,25138.98,25138.98,Won,,Trade Show / Event,true
OPP-000340,CUST-01064,Mid-Market,REP-026,2024-07-14,2024-08-17,2024-08-27,Closed Won,1.00,Renewal Uplift,12,1181.96,1181.96,1181.96,Won,,Trade Show / Event,true
OPP-000341,CUST-01066,Mid-Market,REP-032,2024-07-05,2024-08-17,2024-08-28,Closed Won,1.00,Renewal Uplift,12,1057.77,1057.77,1057.77,Won,,Inbound - Paid,true
OPP-000342,CUST-01303,Mid-Market,REP-018,2024-07-05,2024-08-16,2024-08-28,Closed Won,1.00,New Logo,12,9460.31,9460.31,9460.31,Won,,Partner / Referral,true
OPP-000343,CUST-00385,Mid-Market,REP-026,2024-05-17,2024-08-25,2024-08-29,Closed Won,1.00,Renewal Uplift,12,1412.81,1412.81,1412.81,Won,,Outbound - SDR,true
OPP-000344,ACCT-P-000344,SMB,REP-031,2024-07-19,2024-08-25,2024-08-29,Closed Won,1.00,New Logo,1,6458.46,6458.46,538.21,Won,,Inbound - Organic,false
OPP-000345,CUST-01301,Mid-Market,REP-026,2024-07-09,2024-08-10,2024-08-29,Closed Won,1.00,New Logo,12,59903.73,59903.73,59903.73,Won,,Inbound - Paid,true
OPP-000346,CUST-00053,Mid-Market,REP-026,2024-06-27,2024-08-14,2024-08-31,Closed Won,1.00,Renewal Uplift,12,1170.05,1170.05,1170.05,Won,,Inbound - Organic,true
OPP-000347,CUST-00056,Mid-Market,REP-039,2024-05-26,2024-07-16,2024-08-31,Closed Won,1.00,Expansion,12,5240.29,5240.29,5240.29,Won,,Inbound - Paid,true
OPP-000348,CUST-00158,Mid-Market,REP-032,2024-07-01,2024-08-16,2024-08-31,Closed Won,1.00,Expansion,1,3881.67,3881.67,323.47,Won,,Inbound - Organic,true
OPP-000349,CUST-00180,Mid-Market,REP-018,2024-07-07,2024-07-23,2024-07-31,Closed Won,1.00,Expansion,12,26669.62,26669.62,26669.62,Won,,Outbound - SDR,true
OPP-000350,CUST-00384,Mid-Market,REP-018,2024-06-19,2024-08-03,2024-08-31,Closed Won,1.00,Renewal Uplift,12,1823.26,1823.26,1823.26,Won,,Inbound - Organic,true
OPP-000351,CUST-00387,Mid-Market,REP-026,2024-06-07,2024-08-07,2024-07-31,Closed Won,1.00,Expansion,12,10453.57,10453.57,10453.57,Won,,Partner / Referral,true
OPP-000352,CUST-00633,SMB,REP-030,2024-08-17,2024-08-26,2024-08-31,Closed Won,1.00,Expansion,1,583.47,583.47,48.62,Won,,Inbound - Paid,true
OPP-000353,CUST-00657,Mid-Market,REP-026,2024-06-07,2024-07-29,2024-07-31,Closed Won,1.00,Expansion,12,19302.48,19302.48,19302.48,Won,,Inbound - Paid,true
OPP-000354,CUST-00709,Mid-Market,REP-018,2024-03-26,2024-11-02,2024-08-31,Closed Won,1.00,Expansion,12,18721.83,18721.83,18721.83,Won,,Trade Show / Event,true
OPP-000355,CUST-01022,Mid-Market,REP-018,2024-06-15,2024-08-20,2024-08-31,Closed Won,1.00,Expansion,36,27653.04,27653.04,82959.12,Won,,Outbound - SDR,true
OPP-000356,CUST-01063,Mid-Market,REP-023,2024-07-08,2024-08-02,2024-07-31,Closed Won,1.00,Expansion,36,13269.71,13269.71,39809.13,Won,,Partner / Referral,true
OPP-000357,CUST-01078,Mid-Market,REP-032,2024-06-21,2024-08-01,2024-08-31,Closed Won,1.00,Expansion,12,7357.42,7357.42,7357.42,Won,,Trade Show / Event,true
OPP-000358,CUST-01083,Mid-Market,REP-026,2024-04-16,2024-07-04,2024-07-31,Closed Won,1.00,Expansion,12,7923.38,7923.38,7923.38,Won,,Partner / Referral,true
OPP-000359,CUST-01093,Mid-Market,REP-032,2024-07-16,2024-08-16,2024-08-31,Closed Won,1.00,Expansion,12,40740.79,40740.79,40740.79,Won,,Inbound - Paid,true
OPP-000360,CUST-01095,Mid-Market,REP-026,2024-06-14,2024-07-18,2024-07-31,Closed Won,1.00,Expansion,12,8803.81,8803.81,8803.81,Won,,Inbound - Paid,true
OPP-000361,CUST-01101,Enterprise,REP-033,2024-03-18,2024-07-12,2024-08-31,Closed Won,1.00,Expansion,12,51013.55,51013.55,51013.55,Won,,Partner / Referral,true
OPP-000362,CUST-01119,Enterprise,REP-029,2024-04-07,2024-10-09,2024-08-31,Closed Won,1.00,Expansion,12,2013.17,2013.17,2013.17,Won,,Outbound - SDR,true
OPP-000363,ACCT-P-000363,SMB,REP-030,2024-08-21,2024-08-28,2024-08-31,Closed Won,1.00,New Logo,1,11239.22,11239.22,936.60,Won,,Outbound - SDR,false
OPP-000364,CUST-01278,Mid-Market,REP-026,2024-03-04,2024-09-27,2024-08-31,Closed Won,1.00,Expansion,12,26123.57,26123.57,26123.57,Won,,Trade Show / Event,true
OPP-000365,CUST-01323,Enterprise,REP-033,2024-06-06,2024-08-19,2024-08-31,Closed Won,1.00,Expansion,36,15571.94,15571.94,46715.82,Won,,Outbound - SDR,true
OPP-000366,CUST-01213,SMB,REP-037,2024-08-16,2024-08-28,2024-09-01,Closed Won,1.00,New Logo,1,7817.16,7817.16,651.43,Won,,Inbound - Paid,true
OPP-000367,CUST-01215,SMB,REP-030,2024-07-18,2024-08-25,2024-09-03,Closed Won,1.00,New Logo,12,2690.68,2690.68,2690.68,Won,,Inbound - Organic,true
OPP-000368,CUST-01068,Mid-Market,REP-026,2024-07-26,2024-08-24,2024-09-06,Closed Won,1.00,Renewal Uplift,12,1880.61,1880.61,1880.61,Won,,Inbound - Paid,true
OPP-000369,CUST-00697,Mid-Market,REP-032,2024-06-29,2024-08-01,2024-09-11,Closed Won,1.00,Renewal Uplift,36,3897.68,3897.68,11693.04,Won,,Inbound - Paid,true
OPP-000370,CUST-00297,SMB,REP-031,2024-09-01,2024-09-10,2024-09-14,Closed Won,1.00,Renewal Uplift,12,229.61,229.61,229.61,Won,,Inbound - Paid,true
OPP-000371,CUST-01072,Mid-Market,REP-026,2024-08-18,2024-09-14,2024-09-14,Closed Won,1.00,Renewal Uplift,12,2085.99,2085.99,2085.99,Won,,Trade Show / Event,true
OPP-000372,CUST-01218,SMB,REP-031,2024-08-21,2024-09-13,2024-09-15,Closed Won,1.00,New Logo,1,3217.24,3217.24,268.10,Won,,Inbound - Organic,true
OPP-000373,CUST-00026,SMB,REP-030,2024-09-06,2024-09-20,2024-09-19,Closed Won,1.00,Renewal Uplift,12,75.10,75.10,75.10,Won,,Inbound - Paid,true
OPP-000374,CUST-01224,SMB,REP-038,2024-08-07,2024-09-19,2024-09-20,Closed Won,1.00,New Logo,1,6243.71,6243.71,520.31,Won,,Inbound - Paid,true
OPP-000375,CUST-01222,SMB,REP-038,2024-08-17,2024-09-29,2024-09-21,Closed Won,1.00,New Logo,1,9739.71,9739.71,811.64,Won,,Trade Show / Event,true
OPP-000376,CUST-01216,SMB,REP-030,2024-09-11,2024-09-18,2024-09-23,Closed Won,1.00,New Logo,1,8381.54,8381.54,698.46,Won,,Outbound - SDR,true
OPP-000377,CUST-01220,SMB,REP-030,2024-07-14,2024-07-21,2024-07-25,Closed Won,1.00,New Logo,1,7621.06,7621.06,635.09,Won,,Inbound - Organic,true
OPP-000378,CUST-01305,Mid-Market,REP-010,2024-05-02,2024-07-16,2024-09-25,Closed Won,1.00,New Logo,36,21992.07,21992.07,65976.21,Won,,Inbound - Organic,true
OPP-000379,CUST-01328,Enterprise,REP-044,2024-07-16,2024-09-20,2024-09-25,Closed Won,1.00,New Logo,12,174091.51,174091.51,174091.51,Won,,Inbound - Organic,true
OPP-000380,CUST-01221,SMB,REP-038,2024-08-13,2024-08-20,2024-08-26,Closed Won,1.00,New Logo,1,1370.77,1370.77,114.23,Won,,Inbound - Paid,true
OPP-000381,CUST-00387,Mid-Market,REP-026,2024-08-26,2024-09-13,2024-09-27,Closed Won,1.00,Renewal Uplift,12,1064.01,1064.01,1064.01,Won,,Inbound - Paid,true
OPP-000382,CUST-00909,SMB,REP-030,2024-09-13,2024-09-25,2024-09-27,Closed Won,1.00,Renewal Uplift,12,409.27,409.27,409.27,Won,,Inbound - Paid,true
OPP-000383,CUST-01304,Mid-Market,REP-018,2024-08-02,2024-09-24,2024-09-27,Closed Won,1.00,New Logo,12,19598.96,19598.96,19598.96,Won,,Trade Show / Event,true
OPP-000384,CUST-00176,Mid-Market,REP-032,2024-05-23,2024-10-18,2024-09-28,Closed Won,1.00,Renewal Uplift,12,550.69,550.69,550.69,Won,,Inbound - Organic,true
OPP-000385,CUST-00386,Mid-Market,REP-026,2024-08-04,2024-09-24,2024-09-28,Closed Won,1.00,Renewal Uplift,12,877.92,877.92,877.92,Won,,Outbound - SDR,true
OPP-000386,CUST-01219,SMB,REP-038,2024-09-12,2024-09-24,2024-09-28,Closed Won,1.00,New Logo,1,7257.68,7257.68,604.81,Won,,Partner / Referral,true
OPP-000387,CUST-01306,Mid-Market,REP-026,2024-08-07,2024-09-07,2024-09-28,Closed Won,1.00,New Logo,12,17884.26,17884.26,17884.26,Won,,Inbound - Organic,true
OPP-000388,CUST-01069,Mid-Market,REP-026,2024-07-12,2024-10-10,2024-09-29,Closed Won,1.00,Renewal Uplift,12,1000.29,1000.29,1000.29,Won,,Inbound - Paid,true
OPP-000389,CUST-01114,Enterprise,REP-014,2024-01-30,2024-09-25,2024-09-29,Closed Won,1.00,Renewal Uplift,12,4894.90,4894.90,4894.90,Won,,Inbound - Paid,true
OPP-000390,CUST-01217,SMB,REP-030,2024-08-27,2024-09-15,2024-09-29,Closed Won,1.00,New Logo,1,4311.46,4311.46,359.28,Won,,Partner / Referral,true
OPP-000391,CUST-00195,SMB,REP-038,2024-06-24,2024-09-08,2024-08-30,Closed Won,1.00,Expansion,1,693.80,693.80,57.82,Won,,Inbound - Paid,true
OPP-000392,CUST-00358,Mid-Market,REP-039,2024-08-16,2024-09-23,2024-09-30,Closed Won,1.00,Expansion,12,7836.97,7836.97,7836.97,Won,,Partner / Referral,true
OPP-000393,CUST-00369,Mid-Market,REP-040,2024-08-07,2024-09-18,2024-09-30,Closed Won,1.00,Expansion,12,3873.22,3873.22,3873.22,Won,,Inbound - Paid,true
OPP-000394,CUST-00492,SMB,REP-031,2024-09-02,2024-09-18,2024-09-30,Closed Won,1.00,Expansion,12,1729.94,1729.94,1729.94,Won,,Outbound - SDR,true
OPP-000395,CUST-00637,SMB,REP-030,2024-08-11,2024-08-25,2024-08-30,Closed Won,1.00,Expansion,1,715.75,715.75,59.65,Won,,Inbound - Organic,true
OPP-000396,CUST-00671,Mid-Market,REP-039,2024-07-01,2024-09-18,2024-09-30,Closed Won,1.00,Expansion,36,35249.13,35249.13,105747.39,Won,,Inbound - Paid,true
OPP-000397,CUST-00699,Mid-Market,REP-039,2024-06-25,2024-09-11,2024-08-30,Closed Won,1.00,Renewal Uplift,12,3524.24,3524.24,3524.24,Won,,Outbound - SDR,true
OPP-000398,CUST-00824,SMB,REP-031,2024-09-16,2024-10-01,2024-09-30,Closed Won,1.00,Expansion,12,3919.39,3919.39,3919.39,Won,,Outbound - SDR,true
OPP-000399,CUST-01024,Mid-Market,REP-039,2024-07-20,2024-08-21,2024-09-30,Closed Won,1.00,Expansion,12,3665.00,3665.00,3665.00,Won,,Trade Show / Event,true
OPP-000400,CUST-01073,Mid-Market,REP-018,2024-07-12,2024-08-28,2024-08-30,Closed Won,1.00,Renewal Uplift,12,569.50,569.50,569.50,Won,,Inbound - Paid,true
OPP-000401,CUST-01081,Mid-Market,REP-026,2024-08-01,2024-09-20,2024-09-30,Closed Won,1.00,Expansion,12,26579.40,26579.40,26579.40,Won,,Partner / Referral,true
OPP-000402,CUST-01100,Mid-Market,REP-026,2024-06-10,2024-08-17,2024-09-30,Closed Won,1.00,Expansion,12,20061.89,20061.89,20061.89,Won,,Trade Show / Event,true
OPP-000403,CUST-01106,Enterprise,REP-042,2024-02-05,2024-07-10,2024-09-30,Closed Won,1.00,Expansion,12,7725.42,7725.42,7725.42,Won,,Outbound - SDR,true
OPP-000404,CUST-01118,Enterprise,REP-045,2024-07-10,2024-09-30,2024-09-30,Closed Won,1.00,Expansion,36,13011.30,13011.30,39033.90,Won,,Partner / Referral,true
OPP-000405,CUST-01127,SMB,REP-031,2024-05-29,2024-08-02,2024-07-30,Closed Won,1.00,Expansion,1,4901.94,4901.94,408.49,Won,,Outbound - SDR,true
OPP-000406,CUST-01142,SMB,REP-030,2024-06-26,2024-09-16,2024-09-30,Closed Won,1.00,Expansion,1,632.37,632.37,52.70,Won,,Trade Show / Event,true
OPP-000407,CUST-01150,SMB,REP-030,2024-08-11,2024-08-25,2024-08-30,Closed Won,1.00,Expansion,1,4180.07,4180.07,348.34,Won,,Partner / Referral,true
OPP-000408,CUST-01214,SMB,REP-038,2024-09-03,2024-10-02,2024-09-30,Closed Won,1.00,New Logo,12,4815.71,4815.71,4815.71,Won,,Partner / Referral,true
OPP-000409,CUST-01223,SMB,REP-037,2024-08-20,2024-09-08,2024-09-30,Closed Won,1.00,New Logo,1,4736.19,4736.19,394.68,Won,,Inbound - Paid,true
OPP-000410,CUST-01283,Mid-Market,REP-039,2024-06-12,2024-08-27,2024-09-30,Closed Won,1.00,Expansion,12,8943.90,8943.90,8943.90,Won,,Inbound - Organic,true
OPP-000411,CUST-01292,Mid-Market,REP-032,2024-08-07,2024-09-25,2024-09-30,Closed Won,1.00,Expansion,12,3311.74,3311.74,3311.74,Won,,Inbound - Paid,true
OPP-000412,CUST-01234,SMB,REP-038,2024-07-02,2024-09-03,2024-09-01,Closed Won,1.00,New Logo,1,4475.50,4475.50,372.96,Won,,Inbound - Organic,true
OPP-000413,CUST-01308,Mid-Market,REP-010,2024-08-08,2024-10-06,2024-10-02,Closed Won,1.00,New Logo,12,12951.60,12951.60,12951.60,Won,,Outbound - SDR,true
OPP-000414,CUST-01230,SMB,REP-038,2024-09-11,2024-09-20,2024-10-03,Closed Won,1.00,New Logo,12,14714.25,14714.25,14714.25,Won,,Outbound - SDR,true
OPP-000415,CUST-00704,Mid-Market,REP-026,2024-06-16,2024-10-08,2024-10-04,Closed Won,1.00,Renewal Uplift,12,239.03,239.03,239.03,Won,,Inbound - Paid,true
OPP-000416,CUST-00587,SMB,REP-037,2024-10-01,2024-10-08,2024-10-10,Closed Won,1.00,Renewal Uplift,12,80.13,80.13,80.13,Won,,Partner / Referral,true
OPP-000417,CUST-01226,SMB,REP-037,2024-09-27,2024-10-08,2024-10-11,Closed Won,1.00,New Logo,1,7898.62,7898.62,658.22,Won,,Inbound - Paid,true
OPP-000418,CUST-00178,Mid-Market,REP-039,2024-08-01,2024-09-10,2024-10-12,Closed Won,1.00,Renewal Uplift,12,316.06,316.06,316.06,Won,,Trade Show / Event,true
OPP-000419,CUST-00935,SMB,REP-038,2024-09-21,2024-10-21,2024-10-15,Closed Won,1.00,Renewal Uplift,12,339.56,339.56,339.56,Won,,Partner / Referral,true
OPP-000420,CUST-01235,SMB,REP-030,2024-10-01,2024-10-15,2024-10-17,Closed Won,1.00,New Logo,12,6420.14,6420.14,6420.14,Won,,Inbound - Organic,true
OPP-000421,CUST-01309,Mid-Market,REP-026,2024-08-23,2024-11-04,2024-10-20,Closed Won,1.00,New Logo,12,28390.52,28390.52,28390.52,Won,,Partner / Referral,true
OPP-000422,CUST-00393,Mid-Market,REP-039,2024-07-11,2024-08-21,2024-10-22,Closed Won,1.00,Renewal Uplift,12,734.01,734.01,734.01,Won,,Inbound - Organic,true
OPP-000423,CUST-01227,SMB,REP-038,2024-09-24,2024-10-28,2024-10-24,Closed Won,1.00,New Logo,1,15389.66,15389.66,1282.47,Won,,Outbound - SDR,true
OPP-000424,CUST-00706,Mid-Market,REP-039,2024-09-06,2024-09-27,2024-10-26,Closed Won,1.00,Renewal Uplift,12,1668.98,1668.98,1668.98,Won,,Outbound - SDR,true
OPP-000425,CUST-01232,SMB,REP-038,2024-10-07,2024-10-26,2024-10-26,Closed Won,1.00,New Logo,1,9137.98,9137.98,761.50,Won,,Inbound - Organic,true
OPP-000426,CUST-01236,SMB,REP-030,2024-10-02,2024-10-23,2024-10-26,Closed Won,1.00,New Logo,1,8011.78,8011.78,667.65,Won,,Partner / Referral,true
OPP-000427,CUST-01329,Enterprise,REP-029,2024-05-01,2024-09-18,2024-08-26,Closed Won,1.00,New Logo,12,252620.63,252620.63,252620.63,Won,,Outbound - SDR,true
OPP-000428,CUST-01225,SMB,REP-038,2024-10-08,2024-10-18,2024-10-27,Closed Won,1.00,New Logo,1,7997.13,7997.13,666.43,Won,,Outbound - SDR,true
OPP-000429,CUST-01231,SMB,REP-038,2024-10-13,2024-10-27,2024-10-28,Closed Won,1.00,New Logo,1,10110.83,10110.83,842.57,Won,,Inbound - Paid,true
OPP-000430,CUST-01229,SMB,REP-038,2024-10-21,2024-10-28,2024-10-29,Closed Won,1.00,New Logo,12,11806.39,11806.39,11806.39,Won,,Outbound - SDR,true
OPP-000431,CUST-01233,SMB,REP-035,2024-10-18,2024-10-30,2024-10-29,Closed Won,1.00,New Logo,12,2691.63,2691.63,2691.63,Won,,Partner / Referral,true
OPP-000432,CUST-01307,Mid-Market,REP-010,2024-09-25,2024-10-27,2024-10-29,Closed Won,1.00,New Logo,12,34422.65,34422.65,34422.65,Won,,Inbound - Paid,true
OPP-000433,CUST-01228,SMB,REP-030,2024-10-08,2024-10-23,2024-10-30,Closed Won,1.00,New Logo,1,5426.21,5426.21,452.18,Won,,Trade Show / Event,true
OPP-000434,CUST-00046,Mid-Market,REP-040,2024-09-09,2024-10-16,2024-10-31,Closed Won,1.00,Expansion,12,4320.00,4320.00,4320.00,Won,,Outbound - SDR,true
OPP-000435,CUST-00048,Mid-Market,REP-026,2024-09-19,2024-11-06,2024-10-31,Closed Won,1.00,Expansion,12,4152.62,4152.62,4152.62,Won,,Outbound - SDR,true
OPP-000436,CUST-00050,Mid-Market,REP-018,2024-09-29,2024-10-24,2024-10-31,Closed Won,1.00,Expansion,12,13127.80,13127.80,13127.80,Won,,Outbound - SDR,true
OPP-000437,CUST-00055,Mid-Market,REP-039,2024-09-17,2024-10-20,2024-10-31,Closed Won,1.00,Renewal Uplift,12,2993.16,2993.16,2993.16,Won,,Partner / Referral,true
OPP-000438,CUST-00187,Mid-Market,REP-026,2024-07-25,2024-08-22,2024-08-31,Closed Won,1.00,Expansion,12,9673.70,9673.70,9673.70,Won,,Inbound - Organic,true
OPP-000439,CUST-00191,Enterprise,REP-029,2024-07-21,2024-09-14,2024-09-30,Closed Won,1.00,Expansion,12,15637.48,15637.48,15637.48,Won,,Outbound - SDR,true
OPP-000440,CUST-00331,SMB,REP-038,2024-10-17,2024-10-29,2024-10-31,Closed Won,1.00,Expansion,12,1169.48,1169.48,1169.48,Won,,Inbound - Organic,true
OPP-000441,CUST-00357,Mid-Market,REP-032,2024-10-03,2024-10-25,2024-10-31,Closed Won,1.00,Expansion,12,5966.62,5966.62,5966.62,Won,,Trade Show / Event,true
OPP-000442,CUST-00374,Mid-Market,REP-032,2024-08-23,2024-10-06,2024-10-31,Closed Won,1.00,Expansion,12,9893.15,9893.15,9893.15,Won,,Outbound - SDR,true
OPP-000443,CUST-00395,Mid-Market,REP-026,2024-08-28,2024-11-15,2024-10-31,Closed Won,1.00,Expansion,12,5155.19,5155.19,5155.19,Won,,Partner / Referral,true
OPP-000444,CUST-00399,Mid-Market,REP-010,2024-09-21,2024-10-29,2024-10-31,Closed Won,1.00,Expansion,12,4287.33,4287.33,4287.33,Won,,Partner / Referral,true
OPP-000445,CUST-00672,Mid-Market,REP-039,2024-08-26,2024-09-13,2024-09-30,Closed Won,1.00,Expansion,12,10254.25,10254.25,10254.25,Won,,Trade Show / Event,true
OPP-000446,CUST-00677,Mid-Market,REP-032,2024-09-05,2024-10-02,2024-10-31,Closed Won,1.00,Expansion,12,8041.29,8041.29,8041.29,Won,,Partner / Referral,true
OPP-000447,CUST-00717,Mid-Market,REP-032,2024-09-08,2024-10-25,2024-10-31,Closed Won,1.00,Expansion,12,6502.95,6502.95,6502.95,Won,,Partner / Referral,true
OPP-000448,CUST-00864,SMB,REP-038,2024-08-03,2024-09-15,2024-09-30,Closed Won,1.00,Expansion,1,1447.84,1447.84,120.65,Won,,Partner / Referral,true
OPP-000449,CUST-00963,SMB,REP-037,2024-09-20,2024-10-13,2024-10-31,Closed Won,1.00,Expansion,1,4468.47,4468.47,372.37,Won,,Partner / Referral,true
OPP-000450,CUST-01028,Mid-Market,REP-026,2024-09-16,2024-10-22,2024-10-31,Closed Won,1.00,Expansion,12,10303.45,10303.45,10303.45,Won,,Outbound - SDR,true
OPP-000451,CUST-01033,Mid-Market,REP-010,2024-07-20,2024-09-30,2024-10-31,Closed Won,1.00,Expansion,1,5522.23,5522.23,460.19,Won,,Inbound - Paid,true
OPP-000452,CUST-01082,Mid-Market,REP-018,2024-08-18,2024-09-27,2024-09-30,Closed Won,1.00,Expansion,12,29268.64,29268.64,29268.64,Won,,Partner / Referral,true
OPP-000453,CUST-01091,Mid-Market,REP-010,2024-09-22,2024-11-03,2024-10-31,Closed Won,1.00,Expansion,12,7708.69,7708.69,7708.69,Won,,Inbound - Paid,true
OPP-000454,CUST-01124,SMB,REP-038,2024-08-11,2024-10-12,2024-09-30,Closed Won,1.00,Expansion,1,1158.07,1158.07,96.51,Won,,Inbound - Paid,true
OPP-000455,CUST-01161,SMB,REP-038,2024-10-04,2024-10-27,2024-10-31,Closed Won,1.00,Expansion,1,6273.86,6273.86,522.82,Won,,Outbound - SDR,true
OPP-000456,CUST-01277,Mid-Market,REP-041,2024-10-10,2024-10-27,2024-10-31,Closed Won,1.00,Expansion,12,9666.78,9666.78,9666.78,Won,,Inbound - Organic,true
OPP-000457,CUST-01286,Mid-Market,REP-039,2024-09-08,2024-10-25,2024-10-31,Closed Won,1.00,Expansion,12,3889.58,3889.58,3889.58,Won,,Outbound - SDR,true
OPP-000458,CUST-01296,Mid-Market,REP-039,2024-09-18,2024-10-27,2024-10-31,Closed Won,1.00,Expansion,1,13084.60,13084.60,1090.38,Won,,Partner / Referral,true
OPP-000459,CUST-00372,Mid-Market,REP-041,2024-07-25,2024-09-15,2024-10-01,Closed Won,1.00,Renewal Uplift,12,631.53,631.53,631.53,Won,,Inbound - Paid,true
OPP-000460,CUST-00603,SMB,REP-038,2024-10-20,2024-10-27,2024-11-02,Closed Won,1.00,Renewal Uplift,12,414.15,414.15,414.15,Won,,Inbound - Paid,true
OPP-000461,CUST-01241,SMB,REP-038,2024-08-26,2024-09-26,2024-10-03,Closed Won,1.00,New Logo,12,23237.60,23237.60,23237.60,Won,,Outbound - SDR,true
OPP-000462,CUST-01313,Mid-Market,REP-026,2024-09-05,2024-11-04,2024-11-04,Closed Won,1.00,New Logo,12,20330.04,20330.04,20330.04,Won,,Inbound - Organic,true
OPP-000463,CUST-01237,SMB,REP-030,2024-10-20,2024-11-07,2024-11-06,Closed Won,1.00,New Logo,1,10103.30,10103.30,841.94,Won,,Outbound - SDR,true
OPP-000464,CUST-01244,SMB,REP-043,2024-10-10,2024-11-06,2024-11-07,Closed Won,1.00,New Logo,1,3947.22,3947.22,328.94,Won,,Partner / Referral,true
OPP-000465,CUST-01310,Mid-Market,REP-041,2024-10-14,2024-11-13,2024-11-09,Closed Won,1.00,New Logo,12,32304.46,32304.46,32304.46,Won,,Trade Show / Event,true
OPP-000466,CUST-01243,SMB,REP-030,2024-10-14,2024-11-07,2024-11-16,Closed Won,1.00,New Logo,12,10959.25,10959.25,10959.25,Won,,Outbound - SDR,true
OPP-000467,CUST-01247,SMB,REP-037,2024-10-11,2024-10-18,2024-10-18,Closed Won,1.00,New Logo,1,4540.42,4540.42,378.37,Won,,Trade Show / Event,true
OPP-000468,CUST-00397,Mid-Market,REP-032,2024-08-15,2024-10-22,2024-11-20,Closed Won,1.00,Renewal Uplift,24,1472.57,1472.57,2945.14,Won,,Partner / Referral,true
OPP-000469,CUST-00592,SMB,REP-038,2024-09-27,2024-11-17,2024-11-23,Closed Won,1.00,Renewal Uplift,12,338.47,338.47,338.47,Won,,Inbound - Organic,true
OPP-000470,CUST-01311,Mid-Market,REP-018,2024-06-13,2024-12-11,2024-10-23,Closed Won,1.00,New Logo,12,16800.38,16800.38,16800.38,Won,,Inbound - Paid,true
OPP-000471,CUST-01239,SMB,REP-037,2024-09-24,2024-11-07,2024-11-24,Closed Won,1.00,New Logo,1,8414.39,8414.39,701.20,Won,,Outbound - SDR,true
OPP-000472,CUST-00132,SMB,REP-030,2024-10-25,2024-11-23,2024-11-25,Closed Won,1.00,Renewal Uplift,12,120.92,120.92,120.92,Won,,Inbound - Paid,true
OPP-000473,CUST-00183,Mid-Market,REP-041,2024-11-02,2024-11-23,2024-11-25,Closed Won,1.00,Renewal Uplift,12,567.13,567.13,567.13,Won,,Inbound - Paid,true
OPP-000474,CUST-00599,SMB,REP-038,2024-09-14,2024-10-20,2024-10-25,Closed Won,1.00,Renewal Uplift,12,83.77,83.77,83.77,Won,,Outbound - SDR,true
OPP-000475,CUST-00607,SMB,REP-038,2024-10-23,2024-11-15,2024-11-25,Closed Won,1.00,Renewal Uplift,12,706.47,706.47,706.47,Won,,Inbound - Organic,true
OPP-000476,CUST-01330,Enterprise,REP-029,2024-09-16,2024-10-28,2024-11-25,Closed Won,1.00,New Logo,24,227905.81,227905.81,455811.62,Won,,Inbound - Paid,true
OPP-000477,CUST-00395,Mid-Market,REP-026,2024-10-08,2024-11-14,2024-11-26,Closed Won,1.00,Renewal Uplift,12,632.71,632.71,632.71,Won,,Outbound - SDR,true
OPP-000478,CUST-01240,SMB,REP-038,2024-10-15,2024-11-20,2024-11-26,Closed Won,1.00,New Logo,12,10867.92,10867.92,10867.92,Won,,Inbound - Organic,true
OPP-000479,ACCT-P-000479,SMB,REP-035,2024-11-09,2024-11-27,2024-11-26,Closed Won,1.00,New Logo,1,7074.47,7074.47,589.54,Won,,Partner / Referral,false
OPP-000480,CUST-00736,Enterprise,REP-029,2024-06-18,2024-11-11,2024-11-27,Closed Won,1.00,Renewal Uplift,12,8186.34,8186.34,8186.34,Won,,Inbound - Paid,true
OPP-000481,CUST-01238,SMB,REP-038,2024-10-01,2024-10-17,2024-10-27,Closed Won,1.00,New Logo,1,5367.88,5367.88,447.32,Won,,Inbound - Organic,true
OPP-000482,CUST-01245,SMB,REP-043,2024-10-19,2024-11-25,2024-11-27,Closed Won,1.00,New Logo,1,11116.31,11116.31,926.36,Won,,Trade Show / Event,true
OPP-000483,CUST-01242,SMB,REP-038,2024-11-07,2024-11-23,2024-11-28,Closed Won,1.00,New Logo,12,11381.97,11381.97,11381.97,Won,,Inbound - Paid,true
OPP-000484,CUST-00707,Mid-Market,REP-018,2024-08-05,2024-11-06,2024-10-29,Closed Won,1.00,Renewal Uplift,12,505.22,505.22,505.22,Won,,Trade Show / Event,true
OPP-000485,CUST-00046,Mid-Market,REP-040,2024-09-19,2024-10-12,2024-10-30,Closed Won,1.00,Expansion,12,21081.58,21081.58,21081.58,Won,,Trade Show / Event,true
OPP-000486,CUST-00048,Mid-Market,REP-018,2024-09-22,2024-11-26,2024-11-30,Closed Won,1.00,Expansion,12,2768.41,2768.41,2768.41,Won,,Trade Show / Event,true
OPP-000487,CUST-00182,Mid-Market,REP-026,2024-09-18,2024-10-15,2024-10-30,Closed Won,1.00,Renewal Uplift,12,778.82,778.82,778.82,Won,,Inbound - Paid,true
OPP-000488,CUST-00184,Mid-Market,REP-039,2024-06-24,2024-08-18,2024-09-30,Closed Won,1.00,Expansion,12,6831.10,6831.10,6831.10,Won,,Inbound - Organic,true
OPP-000489,CUST-00651,Mid-Market,REP-032,2024-09-29,2024-11-14,2024-11-30,Closed Won,1.00,Expansion,24,9691.96,9691.96,19383.92,Won,,Inbound - Organic,true
OPP-000490,CUST-00654,Mid-Market,REP-018,2024-10-10,2024-11-12,2024-11-30,Closed Won,1.00,Expansion,24,4303.54,4303.54,8607.08,Won,,Partner / Referral,true
OPP-000491,CUST-00684,Mid-Market,REP-041,2024-10-12,2024-11-11,2024-11-30,Closed Won,1.00,Expansion,12,4062.78,4062.78,4062.78,Won,,Inbound - Paid,true
OPP-000492,CUST-00716,Mid-Market,REP-039,2024-07-30,2024-11-01,2024-11-30,Closed Won,1.00,Expansion,12,8252.59,8252.59,8252.59,Won,,Partner / Referral,true
OPP-000493,CUST-00725,Enterprise,REP-029,2024-07-06,2024-10-02,2024-10-30,Closed Won,1.00,Expansion,12,18603.46,18603.46,18603.46,Won,,Outbound - SDR,true
OPP-000494,CUST-00736,Enterprise,REP-029,2024-07-06,2024-10-02,2024-11-30,Closed Won,1.00,Expansion,12,13760.08,13760.08,13760.08,Won,,Inbound - Organic,true
OPP-000495,CUST-00807,SMB,REP-037,2024-10-12,2024-11-26,2024-11-30,Closed Won,1.00,Expansion,1,838.18,838.18,69.85,Won,,Outbound - SDR,true
OPP-000496,CUST-00919,SMB,REP-038,2024-09-09,2024-10-10,2024-10-30,Closed Won,1.00,Expansion,1,3026.75,3026.75,252.23,Won,,Outbound - SDR,true
OPP-000497,CUST-01018,Mid-Market,REP-026,2024-11-01,2024-12-04,2024-11-30,Closed Won,1.00,Expansion,12,39675.62,39675.62,39675.62,Won,,Partner / Referral,true
OPP-000498,CUST-01021,Mid-Market,REP-026,2024-08-20,2024-09-30,2024-09-30,Closed Won,1.00,Expansion,12,10432.37,10432.37,10432.37,Won,,Inbound - Paid,true
OPP-000499,CUST-01047,Mid-Market,REP-032,2024-09-03,2024-10-31,2024-11-30,Closed Won,1.00,Expansion,24,16833.64,16833.64,33667.28,Won,,Inbound - Organic,true
OPP-000500,CUST-01080,Mid-Market,REP-026,2024-10-12,2024-11-25,2024-11-30,Closed Won,1.00,Expansion,12,5803.36,5803.36,5803.36,Won,,Outbound - SDR,true
OPP-000501,CUST-01082,Mid-Market,REP-026,2024-09-03,2024-09-30,2024-10-30,Closed Won,1.00,Expansion,12,39512.66,39512.66,39512.66,Won,,Partner / Referral,true
OPP-000502,CUST-01087,Mid-Market,REP-010,2024-10-06,2024-11-13,2024-11-30,Closed Won,1.00,Expansion,12,119603.93,119603.93,119603.93,Won,,Outbound - SDR,true
OPP-000503,CUST-01096,Mid-Market,REP-039,2024-10-02,2024-11-25,2024-11-30,Closed Won,1.00,Expansion,12,9964.02,9964.02,9964.02,Won,,Inbound - Organic,true
OPP-000504,CUST-01099,Mid-Market,REP-026,2024-09-26,2024-10-25,2024-10-30,Closed Won,1.00,Expansion,12,6607.32,6607.32,6607.32,Won,,Inbound - Organic,true
OPP-000505,CUST-01155,SMB,REP-030,2024-10-14,2024-10-21,2024-10-30,Closed Won,1.00,Expansion,1,784.37,784.37,65.36,Won,,Inbound - Paid,true
OPP-000506,CUST-01224,SMB,REP-037,2024-11-14,2024-11-25,2024-11-30,Closed Won,1.00,Expansion,1,2141.63,2141.63,178.47,Won,,Inbound - Paid,true
OPP-000507,CUST-01298,Mid-Market,REP-026,2024-08-19,2025-01-06,2024-11-30,Closed Won,1.00,Expansion,12,6669.24,6669.24,6669.24,Won,,Inbound - Organic,true
OPP-000508,CUST-01308,Mid-Market,REP-026,2024-10-25,2024-12-05,2024-11-30,Closed Won,1.00,Expansion,12,15829.73,15829.73,15829.73,Won,,Partner / Referral,true
OPP-000509,CUST-01312,Mid-Market,REP-039,2024-06-05,2024-12-29,2024-11-30,Closed Won,1.00,New Logo,12,14501.07,14501.07,14501.07,Won,,Partner / Referral,true
OPP-000510,CUST-00331,SMB,REP-037,2024-11-17,2024-12-02,2024-12-01,Closed Won,1.00,Renewal Uplift,12,325.61,325.61,325.61,Won,,Inbound - Paid,true
OPP-000511,CUST-00614,SMB,REP-030,2024-10-26,2024-12-01,2024-12-01,Closed Won,1.00,Renewal Uplift,12,206.69,206.69,206.69,Won,,Outbound - SDR,true
OPP-000512,CUST-00979,SMB,REP-037,2024-11-08,2024-11-25,2024-12-01,Closed Won,1.00,Renewal Uplift,12,350.83,350.83,350.83,Won,,Inbound - Organic,true
OPP-000513,CUST-01266,SMB,REP-038,2024-11-04,2024-11-23,2024-12-01,Closed Won,1.00,New Logo,12,15956.40,15956.40,15956.40,Won,,Inbound - Organic,true
OPP-000514,CUST-00987,SMB,REP-038,2024-10-19,2024-11-04,2024-11-07,Closed Won,1.00,Renewal Uplift,12,94.04,94.04,94.04,Won,,Outbound - SDR,true
OPP-000515,CUST-01267,SMB,REP-035,2024-11-18,2024-12-09,2024-12-08,Closed Won,1.00,New Logo,12,5478.63,5478.63,5478.63,Won,,Partner / Referral,true
OPP-000516,CUST-00399,Mid-Market,REP-039,2024-10-23,2024-12-27,2024-12-09,Closed Won,1.00,Renewal Uplift,12,335.47,335.47,335.47,Won,,Inbound - Organic,true
OPP-000517,CUST-01259,SMB,REP-030,2024-10-07,2024-12-09,2024-12-09,Closed Won,1.00,New Logo,1,7625.13,7625.13,635.43,Won,,Inbound - Organic,true
OPP-000518,CUST-01321,Mid-Market,REP-040,2024-10-18,2024-11-27,2024-12-09,Closed Won,1.00,New Logo,12,27517.70,27517.70,27517.70,Won,,Inbound - Organic,true
OPP-000519,CUST-00971,SMB,REP-043,2024-10-28,2024-11-04,2024-11-10,Closed Won,1.00,Renewal Uplift,12,346.79,346.79,346.79,Won,,Inbound - Paid,true
OPP-000520,CUST-00975,SMB,REP-038,2024-11-24,2024-12-06,2024-12-10,Closed Won,1.00,Renewal Uplift,12,190.29,190.29,190.29,Won,,Inbound - Paid,true
OPP-000521,CUST-01263,SMB,REP-037,2024-11-25,2024-12-09,2024-12-11,Closed Won,1.00,New Logo,1,6111.16,6111.16,509.26,Won,,Partner / Referral,true
OPP-000522,CUST-01262,SMB,REP-038,2024-10-28,2024-11-09,2024-11-12,Closed Won,1.00,New Logo,12,12270.87,12270.87,12270.87,Won,,Inbound - Organic,true
OPP-000523,CUST-00327,SMB,REP-038,2024-12-02,2024-12-12,2024-12-13,Closed Won,1.00,Renewal Uplift,12,124.97,124.97,124.97,Won,,Inbound - Paid,true
OPP-000524,CUST-01261,SMB,REP-030,2024-11-20,2024-12-15,2024-12-14,Closed Won,1.00,New Logo,1,7252.91,7252.91,604.41,Won,,Outbound - SDR,true
OPP-000525,CUST-01264,SMB,REP-030,2024-10-08,2024-11-13,2024-11-14,Closed Won,1.00,New Logo,1,9621.71,9621.71,801.81,Won,,Partner / Referral,true
OPP-000526,CUST-01274,SMB,REP-037,2024-10-16,2024-11-12,2024-11-14,Closed Won,1.00,New Logo,1,3921.80,3921.80,326.82,Won,,Outbound - SDR,true
OPP-000527,CUST-01255,SMB,REP-038,2024-09-17,2024-10-03,2024-10-15,Closed Won,1.00,New Logo,12,4548.75,4548.75,4548.75,Won,,Outbound - SDR,true
OPP-000528,CUST-00059,Mid-Market,REP-032,2024-09-13,2024-11-25,2024-12-17,Closed Won,1.00,Renewal Uplift,12,594.79,594.79,594.79,Won,,Partner / Referral,true
OPP-000529,CUST-00146,SMB,REP-038,2024-11-24,2024-12-12,2024-12-17,Closed Won,1.00,Renewal Uplift,12,162.26,162.26,162.26,Won,,Inbound - Organic,true
OPP-000530,CUST-01257,SMB,REP-030,2024-11-02,2024-11-29,2024-12-17,Closed Won,1.00,New Logo,1,11055.59,11055.59,921.30,Won,,Inbound - Paid,true
OPP-000531,CUST-00715,Mid-Market,REP-032,2024-10-04,2024-11-05,2024-11-18,Closed Won,1.00,Renewal Uplift,12,1167.28,1167.28,1167.28,Won,,Outbound - SDR,true
OPP-000532,CUST-01249,SMB,REP-030,2024-11-12,2024-12-09,2024-12-19,Closed Won,1.00,New Logo,1,5563.49,5563.49,463.62,Won,,Inbound - Organic,true
OPP-000533,CUST-01273,SMB,REP-030,2024-12-03,2024-12-16,2024-12-19,Closed Won,1.00,New Logo,1,2717.81,2717.81,226.48,Won,,Inbound - Organic,true
OPP-000534,CUST-00184,Mid-Market,REP-041,2024-08-30,2024-10-27,2024-11-22,Closed Won,1.00,Renewal Uplift,12,660.88,660.88,660.88,Won,,Inbound - Organic,true
OPP-000535,CUST-01097,Mid-Market,REP-026,2024-10-16,2024-12-26,2024-12-22,Closed Won,1.00,Renewal Uplift,12,2420.06,2420.06,2420.06,Won,,Inbound - Organic,true
OPP-000536,CUST-01265,SMB,REP-038,2024-11-27,2024-12-24,2024-12-22,Closed Won,1.00,New Logo,1,6591.11,6591.11,549.26,Won,,Inbound - Organic,true
OPP-000537,CUST-01270,SMB,REP-038,2024-11-26,2024-12-10,2024-12-22,Closed Won,1.00,New Logo,12,8133.41,8133.41,8133.41,Won,,Inbound - Paid,true
OPP-000538,CUST-01260,SMB,REP-030,2024-12-14,2024-12-21,2024-12-23,Closed Won,1.00,New Logo,12,7245.00,7245.00,7245.00,Won,,Outbound - SDR,true
OPP-000539,CUST-00720,Mid-Market,REP-010,2024-10-13,2024-12-15,2024-12-24,Closed Won,1.00,Renewal Uplift,12,2581.96,2581.96,2581.96,Won,,Inbound - Paid,true
OPP-000540,CUST-01252,SMB,REP-038,2024-11-07,2024-12-25,2024-12-24,Closed Won,1.00,New Logo,12,1278.54,1278.54,1278.54,Won,,Trade Show / Event,true
OPP-000541,CUST-00992,SMB,REP-030,2024-12-02,2024-12-19,2024-12-25,Closed Won,1.00,Renewal Uplift,12,222.33,222.33,222.33,Won,,Inbound - Paid,true
OPP-000542,CUST-01253,SMB,REP-037,2024-11-21,2024-12-23,2024-12-25,Closed Won,1.00,New Logo,1,11522.54,11522.54,960.21,Won,,Trade Show / Event,true
OPP-000543,CUST-01315,Mid-Market,REP-010,2024-05-29,2024-09-23,2024-10-25,Closed Won,1.00,New Logo,12,49215.05,49215.05,49215.05,Won,,Inbound - Organic,true
OPP-000544,CUST-00712,Mid-Market,REP-026,2024-07-16,2025-01-18,2024-11-26,Closed Won,1.00,Renewal Uplift,12,290.65,290.65,290.65,Won,,Inbound - Organic,true
OPP-000545,CUST-01269,SMB,REP-038,2024-12-09,2024-12-25,2024-12-26,Closed Won,1.00,New Logo,1,5305.07,5305.07,442.09,Won,,Trade Show / Event,true
OPP-000546,CUST-00185,Mid-Market,REP-010,2024-10-28,2024-12-14,2024-12-27,Closed Won,1.00,Renewal Uplift,12,1122.52,1122.52,1122.52,Won,,Outbound - SDR,true
OPP-000547,CUST-01258,SMB,REP-038,2024-11-18,2024-11-25,2024-11-27,Closed Won,1.00,New Logo,12,12604.83,12604.83,12604.83,Won,,Partner / Referral,true
OPP-000548,CUST-01331,Enterprise,REP-029,2024-09-21,2024-12-10,2024-12-27,Closed Won,1.00,New Logo,24,593709.32,593709.32,1187418.64,Won,,Outbound - SDR,true
OPP-000549,CUST-01332,Enterprise,REP-029,2024-10-24,2024-12-07,2024-12-27,Closed Won,1.00,New Logo,24,111094.29,111094.29,222188.58,Won,,Outbound - SDR,true
OPP-000550,CUST-01086,Mid-Market,REP-041,2024-10-02,2024-11-12,2024-11-28,Closed Won,1.00,Renewal Uplift,12,2468.51,2468.51,2468.51,Won,,Trade Show / Event,true
OPP-000551,CUST-01100,Mid-Market,REP-032,2024-12-11,2024-12-26,2024-12-28,Closed Won,1.00,Renewal Uplift,12,967.88,967.88,967.88,Won,,Trade Show / Event,true
OPP-000552,CUST-01119,Enterprise,REP-029,2024-10-23,2024-12-18,2024-12-28,Closed Won,1.00,Renewal Uplift,12,7032.26,7032.26,7032.26,Won,,Inbound - Paid,true
OPP-000553,CUST-01251,SMB,REP-038,2024-11-23,2024-12-27,2024-12-28,Closed Won,1.00,New Logo,1,10838.75,10838.75,903.23,Won,,Inbound - Paid,true
OPP-000554,CUST-01272,SMB,REP-038,2024-12-14,2024-12-29,2024-12-28,Closed Won,1.00,New Logo,12,6183.12,6183.12,6183.12,Won,,Outbound - SDR,true
OPP-000555,CUST-01317,Mid-Market,REP-041,2024-09-02,2025-01-04,2024-12-28,Closed Won,1.00,New Logo,1,101652.91,101652.91,8471.08,Won,,Outbound - SDR,true
OPP-000556,CUST-00404,Mid-Market,REP-032,2024-10-28,2025-01-15,2024-12-29,Closed Won,1.00,Renewal Uplift,12,1097.85,1097.85,1097.85,Won,,Inbound - Paid,true
OPP-000557,CUST-00972,SMB,REP-038,2024-11-06,2024-12-20,2024-12-29,Closed Won,1.00,Renewal Uplift,12,98.49,98.49,98.49,Won,,Outbound - SDR,true
OPP-000558,CUST-01094,Mid-Market,REP-018,2024-08-28,2024-12-31,2024-12-29,Closed Won,1.00,Renewal Uplift,12,2672.85,2672.85,2672.85,Won,,Inbound - Organic,true
OPP-000559,CUST-01256,SMB,REP-038,2024-11-30,2024-12-30,2024-12-29,Closed Won,1.00,New Logo,1,5639.28,5639.28,469.94,Won,,Outbound - SDR,true
OPP-000560,CUST-01318,Mid-Market,REP-026,2024-10-30,2024-11-30,2024-12-29,Closed Won,1.00,New Logo,12,22808.96,22808.96,22808.96,Won,,Partner / Referral,true
OPP-000561,CUST-01320,Mid-Market,REP-039,2024-07-22,2024-12-24,2024-12-29,Closed Won,1.00,New Logo,12,12895.75,12895.75,12895.75,Won,,Outbound - SDR,true
OPP-000562,CUST-00186,Mid-Market,REP-026,2024-12-02,2024-12-24,2024-12-30,Closed Won,1.00,Renewal Uplift,24,973.09,973.09,1946.18,Won,,Inbound - Organic,true
OPP-000563,CUST-00187,Mid-Market,REP-026,2024-09-26,2024-11-26,2024-12-30,Closed Won,1.00,Renewal Uplift,12,725.48,725.48,725.48,Won,,Inbound - Organic,true
OPP-000564,CUST-00994,SMB,REP-030,2024-11-30,2024-12-27,2024-12-30,Closed Won,1.00,Renewal Uplift,12,175.07,175.07,175.07,Won,,Partner / Referral,true
OPP-000565,CUST-01093,Mid-Market,REP-039,2024-11-04,2024-12-17,2024-12-30,Closed Won,1.00,Renewal Uplift,12,4505.43,4505.43,4505.43,Won,,Inbound - Organic,true
OPP-000566,CUST-01248,SMB,REP-030,2024-12-16,2024-12-30,2024-12-30,Closed Won,1.00,New Logo,12,4316.50,4316.50,4316.50,Won,,Partner / Referral,true
OPP-000567,CUST-01254,SMB,REP-043,2024-11-05,2024-11-24,2024-11-30,Closed Won,1.00,New Logo,1,9785.49,9785.49,815.46,Won,,Partner / Referral,true
OPP-000568,CUST-01316,Mid-Market,REP-032,2024-08-18,2025-01-04,2024-12-30,Closed Won,1.00,New Logo,12,13074.78,13074.78,13074.78,Won,,Trade Show / Event,true
OPP-000569,CUST-01319,Mid-Market,REP-032,2024-09-20,2024-11-04,2024-11-30,Closed Won,1.00,New Logo,12,51963.01,51963.01,51963.01,Won,,Inbound - Organic,true
OPP-000570,CUST-00048,Mid-Market,REP-040,2024-11-21,2024-12-11,2024-12-31,Closed Won,1.00,Expansion,12,17994.68,17994.68,17994.68,Won,,Outbound - SDR,true
OPP-000571,CUST-00058,Mid-Market,REP-040,2024-11-06,2024-12-16,2024-12-31,Closed Won,1.00,Expansion,24,6980.79,6980.79,13961.58,Won,,Inbound - Paid,true
OPP-000572,CUST-00169,Mid-Market,REP-041,2024-12-04,2024-12-25,2024-12-31,Closed Won,1.00,Expansion,12,13622.50,13622.50,13622.50,Won,,Trade Show / Event,true
OPP-000573,CUST-00188,Mid-Market,REP-039,2024-10-29,2024-11-20,2024-11-30,Closed Won,1.00,Renewal Uplift,12,549.08,549.08,549.08,Won,,Inbound - Organic,true
OPP-000574,CUST-00366,Mid-Market,REP-039,2024-11-05,2024-12-21,2024-12-31,Closed Won,1.00,Expansion,12,3013.77,3013.77,3013.77,Won,,Outbound - SDR,true
OPP-000575,CUST-00382,Mid-Market,REP-026,2024-11-19,2024-12-16,2024-12-31,Closed Won,1.00,Expansion,12,8016.21,8016.21,8016.21,Won,,Trade Show / Event,true
OPP-000576,CUST-00427,SMB,REP-043,2024-12-19,2024-12-27,2024-12-31,Closed Won,1.00,Expansion,1,1649.96,1649.96,137.50,Won,,Outbound - SDR,true
OPP-000577,CUST-00656,Mid-Market,REP-026,2024-09-30,2024-12-14,2024-12-31,Closed Won,1.00,Expansion,12,24641.93,24641.93,24641.93,Won,,Inbound - Organic,true
OPP-000578,CUST-00671,Mid-Market,REP-041,2024-11-22,2024-12-18,2024-12-31,Closed Won,1.00,Expansion,36,9913.81,9913.81,29741.43,Won,,Partner / Referral,true
OPP-000579,CUST-00678,Mid-Market,REP-032,2024-11-22,2024-12-24,2024-12-31,Closed Won,1.00,Expansion,12,10126.94,10126.94,10126.94,Won,,Partner / Referral,true
OPP-000580,CUST-00684,Mid-Market,REP-041,2024-09-04,2024-11-26,2024-11-30,Closed Won,1.00,Expansion,12,9344.41,9344.41,9344.41,Won,,Trade Show / Event,true
OPP-000581,CUST-00706,Mid-Market,REP-041,2024-12-10,2025-01-08,2024-12-31,Closed Won,1.00,Expansion,12,63653.05,63653.05,63653.05,Won,,Trade Show / Event,true
OPP-000582,CUST-00716,Mid-Market,REP-026,2024-08-10,2024-10-29,2024-10-31,Closed Won,1.00,Renewal Uplift,12,2413.50,2413.50,2413.50,Won,,Outbound - SDR,true
OPP-000583,CUST-00800,SMB,REP-037,2024-12-06,2025-01-07,2024-12-31,Closed Won,1.00,Expansion,12,6684.76,6684.76,6684.76,Won,,Inbound - Organic,true
OPP-000584,CUST-00830,SMB,REP-030,2024-12-19,2025-01-01,2024-12-31,Closed Won,1.00,Expansion,12,638.19,638.19,638.19,Won,,Inbound - Organic,true
OPP-000585,CUST-01002,SMB,REP-030,2024-12-18,2024-12-28,2024-12-31,Closed Won,1.00,Renewal Uplift,12,120.65,120.65,120.65,Won,,Inbound - Organic,true
OPP-000586,CUST-01009,SMB,REP-030,2024-11-20,2025-01-02,2024-12-31,Closed Won,1.00,Renewal Uplift,12,275.24,275.24,275.24,Won,,Inbound - Organic,true
OPP-000587,CUST-01033,Mid-Market,REP-040,2024-11-25,2025-01-13,2024-12-31,Closed Won,1.00,Expansion,1,15903.99,15903.99,1325.33,Won,,Inbound - Organic,true
OPP-000588,CUST-01086,Mid-Market,REP-032,2024-10-28,2024-12-02,2024-12-31,Closed Won,1.00,Expansion,12,7413.31,7413.31,7413.31,Won,,Partner / Referral,true
OPP-000589,CUST-01094,Mid-Market,REP-032,2024-08-31,2024-11-29,2024-11-30,Closed Won,1.00,Expansion,12,20090.23,20090.23,20090.23,Won,,Trade Show / Event,true
OPP-000590,CUST-01135,SMB,REP-038,2024-12-14,2024-12-26,2024-12-31,Closed Won,1.00,Expansion,1,1924.42,1924.42,160.37,Won,,Inbound - Organic,true
OPP-000591,CUST-01250,SMB,REP-038,2024-12-16,2024-12-26,2024-12-31,Closed Won,1.00,New Logo,1,6234.30,6234.30,519.52,Won,,Inbound - Paid,true
OPP-000592,CUST-01268,SMB,REP-038,2024-11-07,2024-11-25,2024-11-30,Closed Won,1.00,New Logo,1,2799.62,2799.62,233.30,Won,,Inbound - Paid,true
OPP-000593,CUST-01271,SMB,REP-038,2024-12-12,2024-12-27,2024-12-31,Closed Won,1.00,New Logo,1,3513.68,3513.68,292.81,Won,,Inbound - Paid,true
OPP-000594,CUST-01279,Mid-Market,REP-026,2024-11-05,2024-12-30,2024-12-31,Closed Won,1.00,Expansion,12,36750.53,36750.53,36750.53,Won,,Trade Show / Event,true
OPP-000595,CUST-01281,Mid-Market,REP-010,2024-09-01,2024-12-12,2024-12-31,Closed Won,1.00,Expansion,12,10173.77,10173.77,10173.77,Won,,Outbound - SDR,true
OPP-000596,CUST-01281,Mid-Market,REP-018,2024-10-04,2024-12-10,2024-12-31,Closed Won,1.00,Expansion,12,7980.45,7980.45,7980.45,Won,,Partner / Referral,true
OPP-000597,CUST-01283,Mid-Market,REP-032,2024-09-05,2024-12-08,2024-12-31,Closed Won,1.00,Expansion,12,9838.28,9838.28,9838.28,Won,,Inbound - Paid,true
OPP-000598,CUST-01288,Mid-Market,REP-018,2024-12-05,2025-01-02,2024-12-31,Closed Won,1.00,Expansion,12,4481.64,4481.64,4481.64,Won,,Partner / Referral,true
OPP-000599,CUST-01292,Mid-Market,REP-039,2024-11-14,2024-12-28,2024-12-31,Closed Won,1.00,Expansion,12,13246.92,13246.92,13246.92,Won,,Outbound - SDR,true
OPP-000600,CUST-01293,Mid-Market,REP-010,2024-08-24,2024-12-29,2024-11-30,Closed Won,1.00,Expansion,24,11857.27,11857.27,23714.54,Won,,Partner / Referral,true
OPP-000601,CUST-01304,Mid-Market,REP-039,2024-10-07,2024-12-21,2024-12-31,Closed Won,1.00,Expansion,12,7021.71,7021.71,7021.71,Won,,Inbound - Paid,true
OPP-000602,CUST-01306,Mid-Market,REP-018,2024-06-27,2024-12-28,2024-12-31,Closed Won,1.00,Expansion,12,10659.76,10659.76,10659.76,Won,,Inbound - Paid,true
OPP-000603,CUST-01312,Mid-Market,REP-039,2024-11-27,2024-12-26,2024-12-31,Closed Won,1.00,Expansion,12,31233.06,31233.06,31233.06,Won,,Trade Show / Event,true
OPP-000604,CUST-01314,Mid-Market,REP-039,2024-09-03,2024-11-16,2024-11-30,Closed Won,1.00,New Logo,12,44860.78,44860.78,44860.78,Won,,Outbound - SDR,true
OPP-000605,CUST-00693,Mid-Market,REP-010,2024-11-14,2025-01-04,2025-01-01,Closed Won,1.00,Renewal Uplift,12,385.53,385.53,385.53,Won,,Outbound - SDR,true
OPP-000606,CUST-01129,SMB,REP-038,2024-11-08,2025-01-01,2025-01-04,Closed Won,1.00,Renewal Uplift,12,433.12,433.12,433.12,Won,,Outbound - SDR,true
OPP-000607,CUST-00422,SMB,REP-037,2024-09-12,2024-11-23,2024-12-05,Closed Won,1.00,Renewal Uplift,12,490.11,490.11,490.11,Won,,Partner / Referral,true
OPP-000608,CUST-01335,SMB,REP-037,2024-11-24,2024-12-05,2024-12-07,Closed Won,1.00,New Logo,12,9104.12,9104.12,9104.12,Won,,Partner / Referral,true
OPP-000609,CUST-01021,Mid-Market,REP-018,2024-12-07,2024-12-27,2025-01-10,Closed Won,1.00,Renewal Uplift,12,4557.91,4557.91,4557.91,Won,,Inbound - Organic,true
OPP-000610,CUST-01126,SMB,REP-038,2024-12-01,2024-12-25,2025-01-10,Closed Won,1.00,Renewal Uplift,12,355.71,355.71,355.71,Won,,Inbound - Organic,true
OPP-000611,CUST-01338,SMB,REP-038,2024-12-01,2025-01-01,2025-01-10,Closed Won,1.00,New Logo,12,15019.88,15019.88,15019.88,Won,,Trade Show / Event,true
OPP-000612,CUST-00356,Mid-Market,REP-041,2024-09-20,2024-12-06,2024-12-13,Closed Won,1.00,Renewal Uplift,12,727.48,727.48,727.48,Won,,Inbound - Paid,true
OPP-000613,CUST-01334,SMB,REP-038,2024-12-27,2025-01-12,2025-01-14,Closed Won,1.00,New Logo,1,18352.86,18352.86,1529.40,Won,,Inbound - Paid,true
OPP-000614,CUST-01340,SMB,REP-038,2024-11-10,2024-11-17,2024-11-17,Closed Won,1.00,New Logo,1,7710.16,7710.16,642.51,Won,,Inbound - Organic,true
OPP-000615,CUST-00725,Enterprise,REP-044,2024-07-14,2024-11-26,2024-12-22,Closed Won,1.00,Renewal Uplift,12,2952.38,2952.38,2952.38,Won,,Inbound - Paid,true
OPP-000616,CUST-00060,SMB,REP-038,2025-01-08,2025-01-31,2025-01-25,Closed Won,1.00,Renewal Uplift,12,495.53,495.53,495.53,Won,,Inbound - Paid,true
OPP-000617,CUST-00156,Mid-Market,REP-018,2024-12-28,2025-01-29,2025-01-26,Closed Won,1.00,Renewal Uplift,12,1488.35,1488.35,1488.35,Won,,Outbound - SDR,true
OPP-000618,CUST-01513,Mid-Market,REP-039,2025-01-05,2025-01-22,2025-01-26,Closed Won,1.00,New Logo,12,26440.61,26440.61,26440.61,Won,,Inbound - Paid,true
OPP-000619,CUST-01514,Mid-Market,REP-026,2024-12-19,2025-01-15,2025-01-26,Closed Won,1.00,New Logo,12,35636.40,35636.40,35636.40,Won,,Outbound - SDR,true
OPP-000620,CUST-01019,Mid-Market,REP-026,2024-11-26,2025-01-16,2025-01-27,Closed Won,1.00,Renewal Uplift,24,1366.17,1366.17,2732.34,Won,,Inbound - Paid,true
OPP-000621,CUST-01337,SMB,REP-043,2025-01-11,2025-01-23,2025-01-27,Closed Won,1.00,New Logo,1,3744.26,3744.26,312.02,Won,,Partner / Referral,true
OPP-000622,CUST-01344,SMB,REP-030,2024-12-03,2024-12-21,2024-12-27,Closed Won,1.00,New Logo,1,9252.53,9252.53,771.04,Won,,Outbound - SDR,true
OPP-000623,CUST-01511,Mid-Market,REP-041,2024-12-13,2025-01-14,2025-01-27,Closed Won,1.00,New Logo,12,50924.84,50924.84,50924.84,Won,,Partner / Referral,true
OPP-000624,CUST-00653,Mid-Market,REP-041,2024-11-26,2025-01-18,2025-01-28,Closed Won,1.00,Renewal Uplift,12,1483.99,1483.99,1483.99,Won,,Partner / Referral,true
OPP-000625,CUST-01333,SMB,REP-038,2025-01-17,2025-01-30,2025-01-28,Closed Won,1.00,New Logo,12,6979.13,6979.13,6979.13,Won,,Trade Show / Event,true
OPP-000626,CUST-01341,SMB,REP-038,2025-01-17,2025-01-30,2025-01-28,Closed Won,1.00,New Logo,1,10721.78,10721.78,893.48,Won,,Inbound - Organic,true
OPP-000627,CUST-01342,SMB,REP-038,2024-11-07,2024-11-26,2024-11-28,Closed Won,1.00,New Logo,1,9153.22,9153.22,762.77,Won,,Inbound - Organic,true
OPP-000628,CUST-01343,SMB,REP-038,2024-12-14,2024-12-28,2024-12-28,Closed Won,1.00,New Logo,1,4344.82,4344.82,362.07,Won,,Inbound - Organic,true
OPP-000629,CUST-01336,SMB,REP-030,2025-01-19,2025-01-28,2025-01-29,Closed Won,1.00,New Logo,12,6046.08,6046.08,6046.08,Won,,Outbound - SDR,true
OPP-000630,CUST-01339,SMB,REP-037,2024-12-21,2024-12-28,2024-12-29,Closed Won,1.00,New Logo,1,8429.25,8429.25,702.44,Won,,Trade Show / Event,true
OPP-000631,CUST-01101,Enterprise,REP-029,2024-10-11,2025-01-02,2025-01-30,Closed Won,1.00,Renewal Uplift,12,4478.31,4478.31,4478.31,Won,,Outbound - SDR,true
OPP-000632,CUST-01275,Mid-Market,REP-041,2024-07-24,2024-12-27,2025-01-30,Closed Won,1.00,Renewal Uplift,12,1942.13,1942.13,1942.13,Won,,Inbound - Paid,true
OPP-000633,CUST-01512,Mid-Market,REP-039,2024-12-06,2025-01-26,2025-01-30,Closed Won,1.00,New Logo,12,48958.64,48958.64,48958.64,Won,,Outbound - SDR,true
OPP-000634,CUST-00148,SMB,REP-030,2024-12-17,2024-12-27,2024-12-31,Closed Won,1.00,Expansion,1,745.57,745.57,62.13,Won,,Outbound - SDR,true
OPP-000635,CUST-00165,Mid-Market,REP-039,2024-07-24,2025-01-23,2025-01-31,Closed Won,1.00,Expansion,12,9329.25,9329.25,9329.25,Won,,Partner / Referral,true
OPP-000636,CUST-00188,Mid-Market,REP-018,2024-12-19,2025-01-27,2025-01-31,Closed Won,1.00,Expansion,12,6259.01,6259.01,6259.01,Won,,Partner / Referral,true
OPP-000637,CUST-00354,Mid-Market,REP-039,2024-09-11,2025-02-20,2025-01-31,Closed Won,1.00,Expansion,12,4809.51,4809.51,4809.51,Won,,Trade Show / Event,true
OPP-000638,CUST-00375,Mid-Market,REP-026,2024-11-20,2024-12-28,2024-12-31,Closed Won,1.00,Expansion,12,8744.48,8744.48,8744.48,Won,,Inbound - Organic,true
OPP-000639,CUST-00378,Mid-Market,REP-039,2024-10-01,2025-02-23,2025-01-31,Closed Won,1.00,Expansion,12,16604.46,16604.46,16604.46,Won,,Partner / Referral,true
OPP-000640,CUST-00672,Mid-Market,REP-032,2024-11-06,2025-01-30,2025-01-31,Closed Won,1.00,Expansion,12,15198.70,15198.70,15198.70,Won,,Inbound - Organic,true
OPP-000641,CUST-00673,Mid-Market,REP-039,2024-12-30,2025-01-22,2025-01-31,Closed Won,1.00,Expansion,12,6561.62,6561.62,6561.62,Won,,Partner / Referral,true
OPP-000642,CUST-00690,Mid-Market,REP-041,2024-12-27,2025-01-21,2025-01-31,Closed Won,1.00,Expansion,12,12272.07,12272.07,12272.07,Won,,Trade Show / Event,true
OPP-000643,CUST-00694,Mid-Market,REP-039,2024-11-25,2025-02-11,2025-01-31,Closed Won,1.00,Expansion,12,10211.83,10211.83,10211.83,Won,,Outbound - SDR,true
OPP-000644,CUST-00888,SMB,REP-037,2024-12-31,2025-02-01,2025-01-31,Closed Won,1.00,Expansion,12,5952.51,5952.51,5952.51,Won,,Partner / Referral,true
OPP-000645,CUST-01017,Mid-Market,REP-018,2024-10-24,2025-02-14,2025-01-31,Closed Won,1.00,Expansion,12,15700.75,15700.75,15700.75,Won,,Outbound - SDR,true
OPP-000646,CUST-01085,Mid-Market,REP-026,2024-11-03,2024-12-20,2025-01-31,Closed Won,1.00,Expansion,12,10063.26,10063.26,10063.26,Won,,Inbound - Organic,true
OPP-000647,CUST-01094,Mid-Market,REP-041,2024-11-20,2025-02-07,2025-01-31,Closed Won,1.00,Expansion,12,13944.99,13944.99,13944.99,Won,,Inbound - Paid,true
OPP-000648,CUST-01205,SMB,REP-043,2024-12-25,2025-01-08,2025-01-31,Closed Won,1.00,Expansion,1,645.85,645.85,53.82,Won,,Outbound - SDR,true
OPP-000649,CUST-01307,Mid-Market,REP-010,2024-12-13,2025-01-18,2025-01-31,Closed Won,1.00,Expansion,12,1434.28,1434.28,1434.28,Won,,Inbound - Paid,true
OPP-000650,CUST-01327,Enterprise,REP-045,2024-09-15,2025-01-14,2025-01-31,Closed Won,1.00,Expansion,12,46816.55,46816.55,46816.55,Won,,Inbound - Paid,true
OPP-000651,CUST-01345,SMB,REP-038,2025-01-07,2025-01-25,2025-01-31,Closed Won,1.00,New Logo,1,10103.05,10103.05,841.92,Won,,Inbound - Paid,true
OPP-000652,CUST-01558,Enterprise,REP-044,2024-11-01,2025-02-05,2025-01-31,Closed Won,1.00,New Logo,12,339495.88,339495.88,339495.88,Won,,Trade Show / Event,true
OPP-000653,CUST-01558,Enterprise,REP-044,2024-04-06,2025-02-26,2025-01-31,Closed Won,1.00,Expansion,12,143571.85,143571.85,143571.85,Won,,Outbound - SDR,true
OPP-000654,CUST-00726,Enterprise,REP-044,2024-11-19,2025-01-23,2025-02-01,Closed Won,1.00,Renewal Uplift,36,3446.41,3446.41,10339.23,Won,,Trade Show / Event,true
OPP-000655,CUST-00208,SMB,REP-038,2025-01-23,2025-01-31,2025-02-02,Closed Won,1.00,Renewal Uplift,12,149.60,149.60,149.60,Won,,Inbound - Organic,true
OPP-000656,CUST-01350,SMB,REP-030,2025-01-12,2025-02-04,2025-02-02,Closed Won,1.00,New Logo,12,17188.53,17188.53,17188.53,Won,,Partner / Referral,true
OPP-000657,CUST-01559,Enterprise,REP-045,2024-12-13,2025-01-27,2025-02-02,Closed Won,1.00,New Logo,12,126450.17,126450.17,126450.17,Won,,Inbound - Organic,true
OPP-000658,CUST-01355,SMB,REP-038,2025-01-14,2025-01-30,2025-02-03,Closed Won,1.00,New Logo,12,6212.29,6212.29,6212.29,Won,,Partner / Referral,true
OPP-000659,CUST-01282,Mid-Market,REP-041,2024-12-10,2025-01-19,2025-02-05,Closed Won,1.00,Renewal Uplift,12,1713.80,1713.80,1713.80,Won,,Outbound - SDR,true
OPP-000660,CUST-01518,Mid-Market,REP-041,2024-11-11,2025-02-09,2025-02-05,Closed Won,1.00,New Logo,12,35792.58,35792.58,35792.58,Won,,Inbound - Paid,true
OPP-000661,CUST-01026,Mid-Market,REP-018,2024-11-24,2025-01-13,2025-02-07,Closed Won,1.00,Renewal Uplift,12,3407.70,3407.70,3407.70,Won,,Partner / Referral,true
OPP-000662,CUST-01103,Enterprise,REP-044,2024-10-12,2025-01-29,2025-02-07,Closed Won,1.00,Renewal Uplift,36,6147.30,6147.30,18441.90,Won,,Inbound - Paid,true
OPP-000663,CUST-01351,SMB,REP-037,2025-01-15,2025-02-05,2025-02-07,Closed Won,1.00,New Logo,1,8832.36,8832.36,736.03,Won,,Inbound - Organic,true
OPP-000664,CUST-01358,SMB,REP-038,2024-12-19,2025-01-10,2025-02-09,Closed Won,1.00,New Logo,12,29384.56,29384.56,29384.56,Won,,Inbound - Paid,true
OPP-000665,CUST-01281,Mid-Market,REP-041,2024-12-21,2025-01-14,2025-02-10,Closed Won,1.00,Renewal Uplift,12,2032.56,2032.56,2032.56,Won,,Partner / Referral,true
OPP-000666,CUST-00442,SMB,REP-035,2025-01-16,2025-02-11,2025-02-11,Closed Won,1.00,Renewal Uplift,12,277.88,277.88,277.88,Won,,Inbound - Paid,true
OPP-000667,CUST-00657,Mid-Market,REP-026,2024-12-05,2025-02-22,2025-02-11,Closed Won,1.00,Renewal Uplift,12,2205.36,2205.36,2205.36,Won,,Inbound - Paid,true
OPP-000668,CUST-01346,SMB,REP-043,2025-01-31,2025-02-11,2025-02-14,Closed Won,1.00,New Logo,1,5322.45,5322.45,443.54,Won,,Inbound - Organic,true
OPP-000669,CUST-01024,Mid-Market,REP-026,2024-12-06,2025-01-31,2025-01-17,Closed Won,1.00,Renewal Uplift,12,330.76,330.76,330.76,Won,,Inbound - Organic,true
OPP-000670,CUST-01279,Mid-Market,REP-026,2024-12-31,2025-02-21,2025-02-20,Closed Won,1.00,Renewal Uplift,12,3803.78,3803.78,3803.78,Won,,Partner / Referral,true
OPP-000671,CUST-01356,SMB,REP-037,2025-01-08,2025-02-14,2025-02-20,Closed Won,1.00,New Logo,1,22288.30,22288.30,1857.36,Won,,Outbound - SDR,true
OPP-000672,CUST-01023,Mid-Market,REP-039,2025-01-15,2025-03-03,2025-02-23,Closed Won,1.00,Renewal Uplift,12,933.88,933.88,933.88,Won,,Inbound - Paid,true
OPP-000673,CUST-01104,Enterprise,REP-029,2024-10-11,2025-02-15,2025-02-23,Closed Won,1.00,Renewal Uplift,36,2355.39,2355.39,7066.17,Won,,Partner / Referral,true
OPP-000674,CUST-01516,Mid-Market,REP-039,2024-08-29,2024-10-14,2024-12-23,Closed Won,1.00,New Logo,12,67262.14,67262.14,67262.14,Won,,Inbound - Organic,true
OPP-000675,CUST-00440,SMB,REP-038,2024-12-23,2025-02-05,2025-01-24,Closed Won,1.00,Renewal Uplift,12,194.22,194.22,194.22,Won,,Inbound - Paid,true
OPP-000676,CUST-01348,SMB,REP-030,2025-02-17,2025-02-25,2025-02-25,Closed Won,1.00,New Logo,1,8768.19,8768.19,730.68,Won,,Inbound - Organic,true
OPP-000677,CUST-01349,SMB,REP-030,2025-01-30,2025-02-26,2025-02-25,Closed Won,1.00,New Logo,1,9592.80,9592.80,799.40,Won,,Trade Show / Event,true
OPP-000678,CUST-01353,SMB,REP-030,2025-02-13,2025-02-21,2025-02-25,Closed Won,1.00,New Logo,12,7768.48,7768.48,7768.48,Won,,Inbound - Paid,true
OPP-000679,CUST-01357,SMB,REP-043,2025-02-13,2025-02-21,2025-02-25,Closed Won,1.00,New Logo,1,3458.60,3458.60,288.22,Won,,Inbound - Paid,true
OPP-000680,CUST-01027,Mid-Market,REP-040,2024-12-21,2025-02-02,2025-01-26,Closed Won,1.00,Renewal Uplift,12,11564.42,11564.42,11564.42,Won,,Inbound - Paid,true
OPP-000681,CUST-01352,SMB,REP-037,2025-01-31,2025-02-22,2025-02-26,Closed Won,1.00,New Logo,1,2594.58,2594.58,216.22,Won,,Inbound - Paid,true
OPP-000682,CUST-01515,Mid-Market,REP-018,2024-12-05,2024-12-28,2025-01-26,Closed Won,1.00,New Logo,24,32017.62,32017.62,64035.24,Won,,Inbound - Paid,true
OPP-000683,CUST-01517,Mid-Market,REP-039,2025-01-07,2025-02-19,2025-02-26,Closed Won,1.00,New Logo,24,10316.58,10316.58,20633.16,Won,,Outbound - SDR,true
OPP-000684,CUST-01347,SMB,REP-030,2025-02-08,2025-02-25,2025-02-27,Closed Won,1.00,New Logo,1,2022.20,2022.20,168.52,Won,,Outbound - SDR,true
OPP-000685,CUST-00055,Mid-Market,REP-010,2025-01-17,2025-03-08,2025-02-28,Closed Won,1.00,Expansion,12,27443.23,27443.23,27443.23,Won,,Outbound - SDR,true
OPP-000686,CUST-00367,Mid-Market,REP-018,2024-11-10,2025-01-27,2025-02-28,Closed Won,1.00,Expansion,24,11420.14,11420.14,22840.28,Won,,Inbound - Organic,true
OPP-000687,CUST-00370,Mid-Market,REP-026,2025-02-13,2025-02-27,2025-02-28,Closed Won,1.00,Expansion,36,25217.48,25217.48,75652.44,Won,,Partner / Referral,true
OPP-000688,CUST-00372,Mid-Market,REP-018,2024-11-15,2024-12-14,2024-12-28,Closed Won,1.00,Expansion,12,4904.92,4904.92,4904.92,Won,,Inbound - Paid,true
OPP-000689,CUST-00605,SMB,REP-037,2025-01-28,2025-02-18,2025-02-28,Closed Won,1.00,Expansion,1,3925.57,3925.57,327.13,Won,,Outbound - SDR,true
OPP-000690,CUST-00661,Mid-Market,REP-041,2024-12-27,2025-02-18,2025-02-28,Closed Won,1.00,Expansion,12,7463.70,7463.70,7463.70,Won,,Outbound - SDR,true
OPP-000691,CUST-00706,Mid-Market,REP-041,2025-01-02,2025-03-13,2025-02-28,Closed Won,1.00,Expansion,12,40578.82,40578.82,40578.82,Won,,Inbound - Paid,true
OPP-000692,CUST-00735,Enterprise,REP-044,2024-10-24,2025-01-20,2025-01-28,Closed Won,1.00,Expansion,24,53979.27,53979.27,107958.54,Won,,Outbound - SDR,true
OPP-000693,CUST-00738,Enterprise,REP-029,2024-11-30,2025-02-14,2025-02-28,Closed Won,1.00,Expansion,36,42523.56,42523.56,127570.68,Won,,Inbound - Organic,true
OPP-000694,CUST-00778,SMB,REP-030,2025-01-16,2025-02-05,2025-02-28,Closed Won,1.00,Renewal Uplift,12,856.88,856.88,856.88,Won,,Inbound - Paid,true
OPP-000695,CUST-00822,SMB,REP-043,2025-02-17,2025-02-25,2025-02-28,Closed Won,1.00,Expansion,12,2037.50,2037.50,2037.50,Won,,Inbound - Paid,true
OPP-000696,CUST-00931,SMB,REP-038,2025-02-17,2025-02-24,2025-02-28,Closed Won,1.00,Expansion,1,1768.36,1768.36,147.36,Won,,Inbound - Paid,true
OPP-000697,CUST-01026,Mid-Market,REP-032,2024-11-23,2025-01-17,2025-02-28,Closed Won,1.00,Expansion,12,10276.63,10276.63,10276.63,Won,,Partner / Referral,true
OPP-000698,CUST-01037,Mid-Market,REP-041,2024-11-15,2024-12-16,2025-01-28,Closed Won,1.00,Expansion,24,5397.82,5397.82,10795.64,Won,,Outbound - SDR,true
OPP-000699,CUST-01052,Mid-Market,REP-040,2025-01-23,2025-03-02,2025-02-28,Closed Won,1.00,Expansion,24,64514.32,64514.32,129028.64,Won,,Trade Show / Event,true
OPP-000700,CUST-01054,Mid-Market,REP-039,2025-01-18,2025-02-03,2025-02-28,Closed Won,1.00,Expansion,12,14391.13,14391.13,14391.13,Won,,Partner / Referral,true
OPP-000701,CUST-01063,Mid-Market,REP-039,2025-01-25,2025-02-17,2025-02-28,Closed Won,1.00,Expansion,36,8138.75,8138.75,24416.25,Won,,Outbound - SDR,true
OPP-000702,CUST-01067,Mid-Market,REP-032,2025-01-21,2025-03-04,2025-02-28,Closed Won,1.00,Expansion,12,12816.88,12816.88,12816.88,Won,,Outbound - SDR,true
OPP-000703,CUST-01171,SMB,REP-043,2025-02-06,2025-03-02,2025-02-28,Closed Won,1.00,Expansion,1,3300.28,3300.28,275.02,Won,,Outbound - SDR,true
OPP-000704,CUST-01229,SMB,REP-038,2024-12-20,2025-02-19,2025-02-28,Closed Won,1.00,Expansion,12,983.87,983.87,983.87,Won,,Trade Show / Event,true
OPP-000705,CUST-01245,SMB,REP-038,2024-12-30,2025-01-18,2025-01-28,Closed Won,1.00,Expansion,1,4446.52,4446.52,370.54,Won,,Trade Show / Event,true
OPP-000706,CUST-01285,Mid-Market,REP-026,2024-09-24,2025-02-18,2025-02-28,Closed Won,1.00,Expansion,12,29524.25,29524.25,29524.25,Won,,Outbound - SDR,true
OPP-000707,CUST-01291,Mid-Market,REP-039,2025-01-15,2025-02-21,2025-02-28,Closed Won,1.00,Expansion,12,5438.70,5438.70,5438.70,Won,,Trade Show / Event,true
OPP-000708,CUST-01296,Mid-Market,REP-026,2025-01-04,2025-01-19,2025-01-28,Closed Won,1.00,Expansion,1,11030.72,11030.72,919.23,Won,,Partner / Referral,true
OPP-000709,CUST-01299,Mid-Market,REP-039,2024-12-16,2025-02-13,2025-02-28,Closed Won,1.00,Expansion,12,5213.85,5213.85,5213.85,Won,,Outbound - SDR,true
OPP-000710,CUST-01303,Mid-Market,REP-010,2024-11-23,2025-02-03,2025-02-28,Closed Won,1.00,Expansion,12,8653.55,8653.55,8653.55,Won,,Inbound - Organic,true
OPP-000711,CUST-01354,SMB,REP-038,2025-01-05,2025-01-25,2025-01-28,Closed Won,1.00,New Logo,1,2930.40,2930.40,244.20,Won,,Inbound - Organic,true
OPP-000712,CUST-00455,SMB,REP-030,2025-01-14,2025-02-23,2025-03-01,Closed Won,1.00,Renewal Uplift,12,838.52,838.52,838.52,Won,,Trade Show / Event,true
OPP-000713,CUST-01372,SMB,REP-035,2025-01-13,2025-02-01,2025-02-01,Closed Won,1.00,New Logo,1,10077.84,10077.84,839.82,Won,,Inbound - Paid,true
OPP-000714,CUST-01520,Mid-Market,REP-039,2024-10-29,2024-12-17,2025-01-01,Closed Won,1.00,New Logo,12,59010.19,59010.19,59010.19,Won,,Outbound - SDR,true
OPP-000715,CUST-01366,SMB,REP-038,2024-12-22,2025-02-02,2025-02-04,Closed Won,1.00,New Logo,1,8871.01,8871.01,739.25,Won,,Partner / Referral,true
OPP-000716,CUST-01521,Mid-Market,REP-026,2024-12-10,2025-03-06,2025-03-05,Closed Won,1.00,New Logo,24,53708.60,53708.60,107417.20,Won,,Partner / Referral,true
OPP-000717,CUST-00783,SMB,REP-038,2025-02-15,2025-03-01,2025-03-06,Closed Won,1.00,Renewal Uplift,12,296.92,296.92,296.92,Won,,Inbound - Paid,true
OPP-000718,CUST-00790,SMB,REP-038,2025-01-27,2025-02-10,2025-02-08,Closed Won,1.00,Renewal Uplift,12,442.40,442.40,442.40,Won,,Inbound - Paid,true
OPP-000719,CUST-01030,Mid-Market,REP-041,2024-12-24,2025-03-16,2025-03-08,Closed Won,1.00,Renewal Uplift,12,2088.33,2088.33,2088.33,Won,,Inbound - Paid,true
OPP-000720,CUST-01285,Mid-Market,REP-041,2025-01-24,2025-02-12,2025-03-09,Closed Won,1.00,Renewal Uplift,12,2295.53,2295.53,2295.53,Won,,Outbound - SDR,true
OPP-000721,CUST-00224,SMB,REP-038,2024-12-21,2025-01-31,2025-02-10,Closed Won,1.00,Renewal Uplift,12,107.78,107.78,107.78,Won,,Inbound - Paid,true
OPP-000722,CUST-00664,Mid-Market,REP-010,2024-12-24,2025-04-12,2025-03-12,Closed Won,1.00,Renewal Uplift,12,735.62,735.62,735.62,Won,,Trade Show / Event,true
OPP-000723,CUST-01367,SMB,REP-038,2025-02-08,2025-02-15,2025-02-12,Closed Won,1.00,New Logo,1,13278.57,13278.57,1106.55,Won,,Inbound - Organic,true
OPP-000724,CUST-00668,Mid-Market,REP-047,2024-12-02,2025-02-14,2025-02-13,Closed Won,1.00,Renewal Uplift,12,1446.60,1446.60,1446.60,Won,,Partner / Referral,true
OPP-000725,CUST-01376,SMB,REP-037,2025-02-27,2025-03-14,2025-03-14,Closed Won,1.00,New Logo,1,10573.19,10573.19,881.10,Won,,Partner / Referral,true
OPP-000726,CUST-00667,Mid-Market,REP-010,2024-11-23,2025-01-06,2025-03-15,Closed Won,1.00,Renewal Uplift,12,867.69,867.69,867.69,Won,,Outbound - SDR,true
OPP-000727,CUST-01560,Enterprise,REP-045,2024-07-03,2024-11-04,2025-03-15,Closed Won,1.00,New Logo,12,60097.26,60097.26,60097.26,Won,,Inbound - Paid,true
OPP-000728,CUST-01361,SMB,REP-037,2025-02-21,2025-03-13,2025-03-16,Closed Won,1.00,New Logo,1,9016.49,9016.49,751.37,Won,,Partner / Referral,true
OPP-000729,CUST-01364,SMB,REP-043,2025-02-14,2025-03-15,2025-03-16,Closed Won,1.00,New Logo,1,6313.76,6313.76,526.15,Won,,Inbound - Organic,true
OPP-000730,CUST-01360,SMB,REP-037,2025-02-26,2025-03-17,2025-03-17,Closed Won,1.00,New Logo,1,6327.60,6327.60,527.30,Won,,Trade Show / Event,true
OPP-000731,CUST-00084,SMB,REP-038,2025-02-01,2025-02-11,2025-02-18,Closed Won,1.00,Renewal Uplift,12,317.87,317.87,317.87,Won,,Inbound - Paid,true
OPP-000732,CUST-00802,SMB,REP-043,2025-01-29,2025-02-11,2025-02-20,Closed Won,1.00,Renewal Uplift,12,259.06,259.06,259.06,Won,,Inbound - Organic,true
OPP-000733,ACCT-P-000733,SMB,REP-030,2025-03-01,2025-03-15,2025-03-20,Closed Won,1.00,New Logo,1,10874.57,10874.57,906.21,Won,,Inbound - Organic,false
OPP-000734,CUST-01522,Mid-Market,REP-032,2024-12-29,2025-03-05,2025-03-20,Closed Won,1.00,New Logo,12,78127.04,78127.04,78127.04,Won,,Inbound - Organic,true
OPP-000735,CUST-01369,SMB,REP-038,2025-03-16,2025-03-23,2025-03-21,Closed Won,1.00,New Logo,1,6726.84,6726.84,560.57,Won,,Inbound - Organic,true
OPP-000736,CUST-01370,SMB,REP-038,2025-01-26,2025-02-14,2025-02-23,Closed Won,1.00,New Logo,12,7566.17,7566.17,7566.17,Won,,Inbound - Organic,true
OPP-000737,CUST-01377,SMB,REP-038,2024-12-18,2025-01-10,2025-01-24,Closed Won,1.00,New Logo,1,9324.55,9324.55,777.05,Won,,Outbound - SDR,true
OPP-000738,CUST-00233,SMB,REP-035,2025-02-03,2025-03-08,2025-03-26,Closed Won,1.00,Renewal Uplift,12,214.26,214.26,214.26,Won,,Outbound - SDR,true
OPP-000739,CUST-00364,Mid-Market,REP-026,2024-11-24,2025-03-29,2025-03-26,Closed Won,1.00,Renewal Uplift,12,1536.80,1536.80,1536.80,Won,,Inbound - Paid,true
OPP-000740,CUST-01371,SMB,REP-030,2025-01-11,2025-03-06,2025-03-26,Closed Won,1.00,New Logo,12,2365.94,2365.94,2365.94,Won,,Partner / Referral,true
OPP-000741,CUST-01374,SMB,REP-030,2025-02-13,2025-03-22,2025-03-26,Closed Won,1.00,New Logo,1,2617.03,2617.03,218.09,Won,,Outbound - SDR,true
OPP-000742,CUST-01523,Mid-Market,REP-026,2025-02-16,2025-03-27,2025-03-26,Closed Won,1.00,New Logo,12,35785.90,35785.90,35785.90,Won,,Inbound - Organic,true
OPP-000743,CUST-01105,Enterprise,REP-014,2025-01-07,2025-03-22,2025-03-27,Closed Won,1.00,Renewal Uplift,12,5850.61,5850.61,5850.61,Won,,Inbound - Organic,true
OPP-000744,CUST-00075,SMB,REP-038,2025-02-18,2025-04-04,2025-03-28,Closed Won,1.00,Renewal Uplift,12,256.69,256.69,256.69,Won,,Trade Show / Event,true
OPP-000745,CUST-00461,SMB,REP-030,2025-02-05,2025-04-01,2025-03-28,Closed Won,1.00,Renewal Uplift,12,63.84,63.84,63.84,Won,,Outbound - SDR,true
OPP-000746,CUST-00462,SMB,REP-030,2025-02-08,2025-02-28,2025-02-28,Closed Won,1.00,Renewal Uplift,12,515.14,515.14,515.14,Won,,Partner / Referral,true
OPP-000747,CUST-00665,Mid-Market,REP-032,2025-01-01,2025-02-14,2025-02-28,Closed Won,1.00,Renewal Uplift,12,2397.32,2397.32,2397.32,Won,,Inbound - Paid,true
OPP-000748,CUST-01283,Mid-Market,REP-010,2024-12-20,2025-03-14,2025-03-28,Closed Won,1.00,Renewal Uplift,12,1170.74,1170.74,1170.74,Won,,Partner / Referral,true
OPP-000749,CUST-01365,SMB,REP-037,2025-02-14,2025-03-02,2025-02-28,Closed Won,1.00,New Logo,1,4838.03,4838.03,403.17,Won,,Inbound - Organic,true
OPP-000750,CUST-01373,SMB,REP-037,2025-03-13,2025-03-28,2025-03-28,Closed Won,1.00,New Logo,1,4963.27,4963.27,413.61,Won,,Inbound - Organic,true
OPP-000751,CUST-01379,SMB,REP-043,2025-03-01,2025-04-01,2025-03-28,Closed Won,1.00,New Logo,12,12518.57,12518.57,12518.57,Won,,Inbound - Organic,true
OPP-000752,CUST-01519,Mid-Market,REP-047,2024-12-28,2025-03-16,2025-03-28,Closed Won,1.00,New Logo,24,28331.28,28331.28,56662.56,Won,,Inbound - Paid,true
OPP-000753,CUST-00361,Mid-Market,REP-041,2025-01-13,2025-03-11,2025-03-29,Closed Won,1.00,Renewal Uplift,12,1567.77,1567.77,1567.77,Won,,Outbound - SDR,true
OPP-000754,CUST-01286,Mid-Market,REP-026,2024-12-24,2025-02-26,2025-02-28,Closed Won,1.00,Renewal Uplift,12,1049.22,1049.22,1049.22,Won,,Outbound - SDR,true
OPP-000755,CUST-01359,SMB,REP-030,2025-01-19,2025-02-08,2025-02-28,Closed Won,1.00,New Logo,12,13347.23,13347.23,13347.23,Won,,Inbound - Organic,true
OPP-000756,CUST-01287,Mid-Market,REP-026,2025-01-09,2025-03-27,2025-03-30,Closed Won,1.00,Renewal Uplift,12,843.25,843.25,843.25,Won,,Trade Show / Event,true
OPP-000757,CUST-01362,SMB,REP-038,2025-01-15,2025-03-08,2025-03-30,Closed Won,1.00,New Logo,1,8558.01,8558.01,713.17,Won,,Outbound - SDR,true
OPP-000758,CUST-01363,SMB,REP-043,2025-02-27,2025-03-27,2025-03-30,Closed Won,1.00,New Logo,1,2193.82,2193.82,182.82,Won,,Trade Show / Event,true
OPP-000759,CUST-01368,SMB,REP-037,2025-01-18,2025-02-20,2025-02-28,Closed Won,1.00,New Logo,1,7691.06,7691.06,640.92,Won,,Outbound - SDR,true
OPP-000760,CUST-01375,SMB,REP-035,2025-03-08,2025-03-27,2025-03-30,Closed Won,1.00,New Logo,1,11591.65,11591.65,965.97,Won,,Partner / Referral,true
OPP-000761,CUST-00253,SMB,REP-038,2025-03-07,2025-03-30,2025-03-31,Closed Won,1.00,Expansion,12,2036.74,2036.74,2036.74,Won,,Trade Show / Event,true
OPP-000762,CUST-00387,Mid-Market,REP-010,2025-03-16,2025-03-27,2025-03-31,Closed Won,1.00,Expansion,12,10785.78,10785.78,10785.78,Won,,Partner / Referral,true
OPP-000763,CUST-00475,SMB,REP-038,2025-02-13,2025-03-03,2025-02-28,Closed Won,1.00,Renewal Uplift,12,179.52,179.52,179.52,Won,,Trade Show / Event,true
OPP-000764,CUST-00679,Mid-Market,REP-039,2025-01-19,2025-03-10,2025-03-31,Closed Won,1.00,Expansion,12,49026.14,49026.14,49026.14,Won,,Inbound - Paid,true
OPP-000765,CUST-00704,Mid-Market,REP-041,2025-02-06,2025-03-26,2025-03-31,Closed Won,1.00,Expansion,12,7049.21,7049.21,7049.21,Won,,Outbound - SDR,true
OPP-000766,CUST-01033,Mid-Market,REP-047,2025-02-02,2025-03-20,2025-03-31,Closed Won,1.00,Expansion,1,9421.67,9421.67,785.14,Won,,Inbound - Organic,true
OPP-000767,CUST-01068,Mid-Market,REP-026,2025-01-15,2025-03-23,2025-03-31,Closed Won,1.00,Expansion,12,5745.14,5745.14,5745.14,Won,,Inbound - Paid,true
OPP-000768,CUST-01072,Mid-Market,REP-047,2025-01-29,2025-03-08,2025-03-31,Closed Won,1.00,Expansion,12,21483.71,21483.71,21483.71,Won,,Outbound - SDR,true
OPP-000769,CUST-01093,Mid-Market,REP-039,2024-12-08,2025-03-14,2025-02-28,Closed Won,1.00,Expansion,12,37736.83,37736.83,37736.83,Won,,Inbound - Paid,true
OPP-000770,CUST-01110,Enterprise,REP-014,2024-12-04,2025-01-26,2025-02-28,Closed Won,1.00,Expansion,12,14149.99,14149.99,14149.99,Won,,Inbound - Paid,true
OPP-000771,CUST-01221,SMB,REP-030,2025-02-28,2025-03-28,2025-03-31,Closed Won,1.00,Expansion,1,685.39,685.39,57.12,Won,,Outbound - SDR,true
OPP-000772,CUST-01306,Mid-Market,REP-047,2024-12-28,2025-04-09,2025-03-31,Closed Won,1.00,Expansion,12,7153.71,7153.71,7153.71,Won,,Inbound - Paid,true
OPP-000773,CUST-01307,Mid-Market,REP-039,2024-11-06,2025-03-21,2025-03-31,Closed Won,1.00,Expansion,12,27251.26,27251.26,27251.26,Won,,Inbound - Paid,true
OPP-000774,CUST-01315,Mid-Market,REP-032,2025-01-04,2025-03-29,2025-03-31,Closed Won,1.00,Expansion,12,27068.28,27068.28,27068.28,Won,,Outbound - SDR,true
OPP-000775,CUST-01319,Mid-Market,REP-039,2025-01-22,2025-02-26,2025-02-28,Closed Won,1.00,Expansion,12,9237.87,9237.87,9237.87,Won,,Inbound - Organic,true
OPP-000776,CUST-01514,Mid-Market,REP-032,2025-02-12,2025-03-19,2025-03-31,Closed Won,1.00,Expansion,12,41780.61,41780.61,41780.61,Won,,Inbound - Paid,true
OPP-000777,CUST-00494,SMB,REP-038,2025-03-23,2025-03-30,2025-04-01,Closed Won,1.00,Renewal Uplift,12,366.58,366.58,366.58,Won,,Trade Show / Event,true
OPP-000778,CUST-01385,SMB,REP-038,2025-04-01,2025-04-08,2025-04-17,Closed Won,1.00,New Logo,1,9456.49,9456.49,788.04,Won,,Outbound - SDR,true
OPP-000779,CUST-00165,Mid-Market,REP-041,2025-02-20,2025-03-20,2025-03-20,Closed Won,1.00,Renewal Uplift,12,1318.84,1318.84,1318.84,Won,,Inbound - Organic,true
OPP-000780,CUST-01381,SMB,REP-038,2025-03-16,2025-04-11,2025-04-21,Closed Won,1.00,New Logo,1,9399.46,9399.46,783.29,Won,,Inbound - Organic,true
OPP-000781,CUST-01525,Mid-Market,REP-010,2025-02-06,2025-04-25,2025-04-22,Closed Won,1.00,New Logo,12,18402.04,18402.04,18402.04,Won,,Inbound - Paid,true
OPP-000782,CUST-01391,SMB,REP-037,2025-04-08,2025-04-29,2025-04-23,Closed Won,1.00,New Logo,1,5070.57,5070.57,422.55,Won,,Inbound - Paid,true
OPP-000783,CUST-00166,Mid-Market,REP-047,2025-02-21,2025-04-17,2025-04-24,Closed Won,1.00,Renewal Uplift,24,1494.84,1494.84,2989.68,Won,,Inbound - Organic,true
OPP-000784,CUST-00485,SMB,REP-038,2025-04-06,2025-04-27,2025-04-25,Closed Won,1.00,Renewal Uplift,12,505.20,505.20,505.20,Won,,Inbound - Organic,true
OPP-000785,CUST-00671,Mid-Market,REP-047,2024-12-22,2025-04-11,2025-04-25,Closed Won,1.00,Renewal Uplift,24,2061.41,2061.41,4122.82,Won,,Inbound - Paid,true
OPP-000786,CUST-01387,SMB,REP-038,2025-04-01,2025-04-24,2025-04-25,Closed Won,1.00,New Logo,1,11395.71,11395.71,949.64,Won,,Inbound - Organic,true
OPP-000787,CUST-01392,SMB,REP-038,2025-04-16,2025-04-24,2025-04-25,Closed Won,1.00,New Logo,1,6041.13,6041.13,503.43,Won,,Outbound - SDR,true
OPP-000788,CUST-00367,Mid-Market,REP-041,2025-04-10,2025-04-22,2025-04-26,Closed Won,1.00,Renewal Uplift,24,1685.15,1685.15,3370.30,Won,,Trade Show / Event,true
OPP-000789,CUST-00483,SMB,REP-043,2025-04-02,2025-04-24,2025-04-26,Closed Won,1.00,Renewal Uplift,12,219.68,219.68,219.68,Won,,Partner / Referral,true
OPP-000790,CUST-01386,SMB,REP-038,2025-04-04,2025-04-20,2025-04-26,Closed Won,1.00,New Logo,1,4380.46,4380.46,365.04,Won,,Inbound - Paid,true
OPP-000791,CUST-00048,Mid-Market,REP-041,2025-04-03,2025-04-20,2025-04-27,Closed Won,1.00,Renewal Uplift,12,3752.21,3752.21,3752.21,Won,,Trade Show / Event,true
OPP-000792,CUST-00369,Mid-Market,REP-041,2025-02-11,2025-04-16,2025-04-27,Closed Won,1.00,Renewal Uplift,12,1707.28,1707.28,1707.28,Won,,Inbound - Organic,true
OPP-000793,CUST-01380,SMB,REP-043,2025-03-30,2025-04-21,2025-04-27,Closed Won,1.00,New Logo,1,9595.18,9595.18,799.60,Won,,Outbound - SDR,true
OPP-000794,CUST-01382,SMB,REP-035,2025-04-20,2025-04-27,2025-04-27,Closed Won,1.00,New Logo,1,11621.13,11621.13,968.43,Won,,Inbound - Paid,true
OPP-000795,CUST-00674,Mid-Market,REP-041,2025-03-18,2025-04-29,2025-04-28,Closed Won,1.00,Renewal Uplift,12,2519.62,2519.62,2519.62,Won,,Outbound - SDR,true
OPP-000796,CUST-01390,SMB,REP-035,2025-02-16,2025-03-27,2025-03-28,Closed Won,1.00,New Logo,1,20190.91,20190.91,1682.58,Won,,Inbound - Paid,true
OPP-000797,CUST-01524,Mid-Market,REP-049,2025-02-21,2025-05-08,2025-04-28,Closed Won,1.00,New Logo,12,71237.34,71237.34,71237.34,Won,,Inbound - Organic,true
OPP-000798,CUST-00488,SMB,REP-048,2025-03-29,2025-04-27,2025-04-29,Closed Won,1.00,Renewal Uplift,12,214.36,214.36,214.36,Won,,Trade Show / Event,true
OPP-000799,CUST-01383,SMB,REP-030,2025-04-03,2025-04-21,2025-04-29,Closed Won,1.00,New Logo,1,1902.27,1902.27,158.52,Won,,Outbound - SDR,true
OPP-000800,CUST-01384,SMB,REP-038,2025-03-21,2025-04-30,2025-04-29,Closed Won,1.00,New Logo,12,11591.61,11591.61,11591.61,Won,,Outbound - SDR,true
OPP-000801,CUST-01389,SMB,REP-038,2025-03-03,2025-04-01,2025-03-29,Closed Won,1.00,New Logo,12,2763.56,2763.56,2763.56,Won,,Partner / Referral,true
OPP-000802,CUST-00049,Mid-Market,REP-010,2025-01-27,2025-03-24,2025-03-30,Closed Won,1.00,Expansion,24,4197.49,4197.49,8394.98,Won,,Trade Show / Event,true
OPP-000803,CUST-00172,Mid-Market,REP-039,2025-02-21,2025-03-20,2025-03-30,Closed Won,1.00,Expansion,12,18657.21,18657.21,18657.21,Won,,Partner / Referral,true
OPP-000804,CUST-00190,Enterprise,REP-045,2024-07-30,2025-04-23,2025-04-30,Closed Won,1.00,Expansion,36,75128.32,75128.32,225384.96,Won,,Inbound - Paid,true
OPP-000805,CUST-00357,Mid-Market,REP-039,2025-03-13,2025-04-25,2025-04-30,Closed Won,1.00,Expansion,12,8523.46,8523.46,8523.46,Won,,Partner / Referral,true
OPP-000806,CUST-00415,Enterprise,REP-045,2024-10-21,2025-05-14,2025-04-30,Closed Won,1.00,Expansion,24,5741.18,5741.18,11482.36,Won,,Outbound - SDR,true
OPP-000807,CUST-00488,SMB,REP-035,2025-04-15,2025-05-01,2025-04-30,Closed Won,1.00,Expansion,12,895.41,895.41,895.41,Won,,Inbound - Organic,true
OPP-000808,CUST-00662,Mid-Market,REP-026,2025-02-06,2025-03-20,2025-03-30,Closed Won,1.00,Expansion,12,22361.97,22361.97,22361.97,Won,,Trade Show / Event,true
OPP-000809,CUST-00697,Mid-Market,REP-026,2025-03-04,2025-05-01,2025-04-30,Closed Won,1.00,Expansion,36,51266.22,51266.22,153798.66,Won,,Inbound - Paid,true
OPP-000810,CUST-00728,Enterprise,REP-014,2025-01-08,2025-03-13,2025-03-30,Closed Won,1.00,Expansion,24,17510.23,17510.23,35020.46,Won,,Inbound - Organic,true
OPP-000811,CUST-00734,Enterprise,REP-044,2025-01-10,2025-03-30,2025-03-30,Closed Won,1.00,Expansion,36,4917.85,4917.85,14753.55,Won,,Trade Show / Event,true
OPP-000812,CUST-00736,Enterprise,REP-045,2024-10-18,2025-04-09,2025-04-30,Closed Won,1.00,Expansion,12,14403.93,14403.93,14403.93,Won,,Inbound - Paid,true
OPP-000813,CUST-00737,Enterprise,REP-045,2024-12-15,2025-04-03,2025-04-30,Closed Won,1.00,Expansion,12,183475.23,183475.23,183475.23,Won,,Outbound - SDR,true
OPP-000814,CUST-00931,SMB,REP-030,2025-02-11,2025-02-23,2025-02-28,Closed Won,1.00,Expansion,1,3753.77,3753.77,312.81,Won,,Partner / Referral,true
OPP-000815,CUST-01049,Mid-Market,REP-041,2025-02-28,2025-04-16,2025-04-30,Closed Won,1.00,Expansion,24,9443.30,9443.30,18886.60,Won,,Partner / Referral,true
OPP-000816,CUST-01086,Mid-Market,REP-026,2025-03-24,2025-04-18,2025-04-30,Closed Won,1.00,Expansion,12,9148.53,9148.53,9148.53,Won,,Inbound - Organic,true
OPP-000817,CUST-01086,Mid-Market,REP-026,2025-01-19,2025-04-04,2025-03-30,Closed Won,1.00,Expansion,12,26835.70,26835.70,26835.70,Won,,Outbound - SDR,true
OPP-000818,CUST-01097,Mid-Market,REP-010,2025-02-04,2025-04-23,2025-04-30,Closed Won,1.00,Expansion,12,31124.51,31124.51,31124.51,Won,,Partner / Referral,true
OPP-000819,CUST-01127,SMB,REP-038,2025-03-14,2025-03-27,2025-03-30,Closed Won,1.00,Expansion,1,5417.93,5417.93,451.49,Won,,Outbound - SDR,true
OPP-000820,CUST-01190,SMB,REP-030,2025-04-01,2025-04-27,2025-04-30,Closed Won,1.00,Expansion,1,5069.06,5069.06,422.42,Won,,Inbound - Organic,true
OPP-000821,CUST-01194,SMB,REP-038,2025-03-02,2025-05-02,2025-04-30,Closed Won,1.00,Expansion,12,644.96,644.96,644.96,Won,,Outbound - SDR,true
OPP-000822,CUST-01195,SMB,REP-038,2025-03-15,2025-03-28,2025-03-30,Closed Won,1.00,Expansion,1,4881.93,4881.93,406.83,Won,,Inbound - Organic,true
OPP-000823,CUST-01235,SMB,REP-043,2025-04-14,2025-04-27,2025-04-30,Closed Won,1.00,Expansion,12,2824.86,2824.86,2824.86,Won,,Outbound - SDR,true
OPP-000824,CUST-01261,SMB,REP-030,2025-03-24,2025-04-27,2025-04-30,Closed Won,1.00,Expansion,1,2030.81,2030.81,169.23,Won,,Inbound - Paid,true
OPP-000825,CUST-01286,Mid-Market,REP-026,2024-12-29,2025-03-04,2025-03-30,Closed Won,1.00,Expansion,12,4038.23,4038.23,4038.23,Won,,Partner / Referral,true
OPP-000826,CUST-01299,Mid-Market,REP-026,2024-11-28,2025-01-20,2025-03-30,Closed Won,1.00,Expansion,12,6256.62,6256.62,6256.62,Won,,Outbound - SDR,true
OPP-000827,CUST-01309,Mid-Market,REP-032,2025-02-23,2025-03-19,2025-03-30,Closed Won,1.00,Expansion,12,10242.96,10242.96,10242.96,Won,,Partner / Referral,true
OPP-000828,CUST-01312,Mid-Market,REP-026,2025-02-12,2025-04-24,2025-04-30,Closed Won,1.00,Expansion,12,11933.16,11933.16,11933.16,Won,,Inbound - Organic,true
OPP-000829,CUST-01320,Mid-Market,REP-010,2024-12-27,2025-02-17,2025-03-30,Closed Won,1.00,Expansion,12,15196.09,15196.09,15196.09,Won,,Inbound - Organic,true
OPP-000830,CUST-01325,Enterprise,REP-029,2024-12-18,2025-02-20,2025-03-30,Closed Won,1.00,Expansion,24,26550.03,26550.03,53100.06,Won,,Inbound - Organic,true
OPP-000831,CUST-01388,SMB,REP-030,2025-04-14,2025-04-27,2025-04-30,Closed Won,1.00,New Logo,1,3701.04,3701.04,308.42,Won,,Outbound - SDR,true
OPP-000832,CUST-01514,Mid-Market,REP-041,2025-04-10,2025-04-29,2025-04-30,Closed Won,1.00,Expansion,12,9214.60,9214.60,9214.60,Won,,Partner / Referral,true
OPP-000833,CUST-01526,Mid-Market,REP-032,2025-03-29,2025-04-14,2025-04-30,Closed Won,1.00,New Logo,12,94866.06,94866.06,94866.06,Won,,Outbound - SDR,true
OPP-000834,CUST-00847,SMB,REP-038,2025-04-24,2025-05-01,2025-05-01,Closed Won,1.00,Renewal Uplift,12,125.03,125.03,125.03,Won,,Inbound - Paid,true
OPP-000835,CUST-01401,SMB,REP-030,2025-02-18,2025-03-13,2025-04-01,Closed Won,1.00,New Logo,1,9298.77,9298.77,774.90,Won,,Inbound - Paid,true
OPP-000836,CUST-00838,SMB,REP-038,2025-03-12,2025-04-30,2025-05-03,Closed Won,1.00,Renewal Uplift,12,318.29,318.29,318.29,Won,,Partner / Referral,true
OPP-000837,CUST-00730,Enterprise,REP-029,2024-12-12,2025-04-25,2025-04-07,Closed Won,1.00,Renewal Uplift,36,6027.25,6027.25,18081.75,Won,,Outbound - SDR,true
OPP-000838,CUST-01403,SMB,REP-038,2025-05-03,2025-05-10,2025-05-07,Closed Won,1.00,New Logo,1,10826.11,10826.11,902.18,Won,,Inbound - Paid,true
OPP-000839,CUST-01400,SMB,REP-030,2025-03-14,2025-04-03,2025-04-11,Closed Won,1.00,New Logo,1,7277.55,7277.55,606.46,Won,,Outbound - SDR,true
OPP-000840,CUST-01528,Mid-Market,REP-010,2025-03-13,2025-03-31,2025-04-11,Closed Won,1.00,New Logo,36,30604.84,30604.84,91814.52,Won,,Inbound - Paid,true
OPP-000841,CUST-01395,SMB,REP-038,2025-04-11,2025-04-29,2025-05-12,Closed Won,1.00,New Logo,12,8000.43,8000.43,8000.43,Won,,Inbound - Paid,true
OPP-000842,CUST-00839,SMB,REP-038,2025-04-19,2025-04-28,2025-05-13,Closed Won,1.00,Renewal Uplift,36,346.87,346.87,1040.61,Won,,Inbound - Organic,true
OPP-000843,CUST-00500,SMB,REP-030,2025-02-01,2025-02-24,2025-03-14,Closed Won,1.00,Renewal Uplift,12,141.17,141.17,141.17,Won,,Outbound - SDR,true
OPP-000844,CUST-01529,Mid-Market,REP-039,2025-04-06,2025-04-23,2025-05-18,Closed Won,1.00,New Logo,12,74289.27,74289.27,74289.27,Won,,Partner / Referral,true
OPP-000845,CUST-01402,SMB,REP-038,2025-01-09,2025-04-24,2025-04-19,Closed Won,1.00,New Logo,12,3597.65,3597.65,3597.65,Won,,Trade Show / Event,true
OPP-000846,CUST-00095,SMB,REP-038,2025-05-02,2025-05-23,2025-05-23,Closed Won,1.00,Renewal Uplift,12,363.15,363.15,363.15,Won,,Inbound - Paid,true
OPP-000847,CUST-01397,SMB,REP-037,2025-04-28,2025-05-24,2025-05-26,Closed Won,1.00,New Logo,1,3008.91,3008.91,250.74,Won,,Inbound - Paid,true
OPP-000848,CUST-01527,Mid-Market,REP-032,2024-12-27,2025-07-22,2025-05-26,Closed Won,1.00,New Logo,12,50170.68,50170.68,50170.68,Won,,Partner / Referral,true
OPP-000849,CUST-00374,Mid-Market,REP-026,2025-01-15,2025-05-02,2025-04-27,Closed Won,1.00,Renewal Uplift,12,786.46,786.46,786.46,Won,,Outbound - SDR,true
OPP-000850,CUST-01048,Mid-Market,REP-049,2025-04-14,2025-05-15,2025-05-27,Closed Won,1.00,Renewal Uplift,12,424.89,424.89,424.89,Won,,Outbound - SDR,true
OPP-000851,CUST-01049,Mid-Market,REP-039,2025-01-31,2025-06-10,2025-05-27,Closed Won,1.00,Renewal Uplift,24,1605.49,1605.49,3210.98,Won,,Partner / Referral,true
OPP-000852,CUST-01291,Mid-Market,REP-026,2025-02-04,2025-04-02,2025-03-27,Closed Won,1.00,Renewal Uplift,12,683.23,683.23,683.23,Won,,Outbound - SDR,true
OPP-000853,CUST-01393,SMB,REP-038,2025-05-13,2025-05-27,2025-05-27,Closed Won,1.00,New Logo,12,13142.18,13142.18,13142.18,Won,,Inbound - Paid,true
OPP-000854,CUST-00248,SMB,REP-038,2025-04-17,2025-04-28,2025-04-28,Closed Won,1.00,Renewal Uplift,12,110.42,110.42,110.42,Won,,Inbound - Paid,true
OPP-000855,CUST-00502,SMB,REP-038,2025-04-14,2025-04-28,2025-04-28,Closed Won,1.00,Renewal Uplift,12,106.79,106.79,106.79,Won,,Inbound - Organic,true
OPP-000856,CUST-00678,Mid-Market,REP-010,2025-02-02,2025-06-06,2025-05-28,Closed Won,1.00,Renewal Uplift,12,1836.16,1836.16,1836.16,Won,,Outbound - SDR,true
OPP-000857,CUST-01396,SMB,REP-038,2025-05-11,2025-05-28,2025-05-28,Closed Won,1.00,New Logo,1,20719.06,20719.06,1726.59,Won,,Inbound - Organic,true
OPP-000858,CUST-01398,SMB,REP-038,2025-05-10,2025-05-26,2025-05-28,Closed Won,1.00,New Logo,1,3732.63,3732.63,311.05,Won,,Inbound - Organic,true
OPP-000859,CUST-01404,SMB,REP-030,2025-04-14,2025-05-18,2025-05-28,Closed Won,1.00,New Logo,1,16708.85,16708.85,1392.40,Won,,Partner / Referral,true
OPP-000860,CUST-01399,SMB,REP-048,2025-02-07,2025-04-17,2025-04-29,Closed Won,1.00,New Logo,1,4274.56,4274.56,356.21,Won,,Partner / Referral,true
OPP-000861,CUST-01405,SMB,REP-037,2025-04-10,2025-06-06,2025-05-30,Closed Won,1.00,New Logo,12,5850.24,5850.24,5850.24,Won,,Inbound - Organic,true
OPP-000862,CUST-00054,Mid-Market,REP-032,2025-03-07,2025-06-21,2025-05-31,Closed Won,1.00,Expansion,12,6123.41,6123.41,6123.41,Won,,Trade Show / Event,true
OPP-000863,CUST-00180,Mid-Market,REP-039,2025-02-27,2025-05-09,2025-05-31,Closed Won,1.00,Expansion,12,26668.75,26668.75,26668.75,Won,,Outbound - SDR,true
OPP-000864,CUST-00183,Mid-Market,REP-026,2025-04-19,2025-05-27,2025-05-31,Closed Won,1.00,Expansion,12,7055.24,7055.24,7055.24,Won,,Inbound - Organic,true
OPP-000865,CUST-00399,Mid-Market,REP-010,2025-02-23,2025-06-02,2025-05-31,Closed Won,1.00,Expansion,12,4019.43,4019.43,4019.43,Won,,Trade Show / Event,true
OPP-000866,CUST-00404,Mid-Market,REP-010,2025-02-18,2025-04-29,2025-05-31,Closed Won,1.00,Expansion,12,10952.18,10952.18,10952.18,Won,,Inbound - Paid,true
OPP-000867,CUST-00407,Mid-Market,REP-047,2025-03-16,2025-04-15,2025-05-31,Closed Won,1.00,Expansion,12,4592.95,4592.95,4592.95,Won,,Inbound - Organic,true
OPP-000868,CUST-00679,Mid-Market,REP-039,2024-12-27,2025-05-07,2025-05-31,Closed Won,1.00,Renewal Uplift,12,3254.69,3254.69,3254.69,Won,,Outbound - SDR,true
OPP-000869,CUST-00696,Mid-Market,REP-039,2025-03-31,2025-05-09,2025-05-31,Closed Won,1.00,Expansion,12,6362.02,6362.02,6362.02,Won,,Outbound - SDR,true
OPP-000870,CUST-00702,Mid-Market,REP-039,2025-01-14,2025-04-08,2025-04-30,Closed Won,1.00,Expansion,12,11610.18,11610.18,11610.18,Won,,Outbound - SDR,true
OPP-000871,CUST-00722,Mid-Market,REP-032,2025-04-14,2025-06-03,2025-05-31,Closed Won,1.00,Expansion,12,21903.85,21903.85,21903.85,Won,,Inbound - Organic,true
OPP-000872,CUST-00735,Enterprise,REP-029,2024-03-20,2025-01-11,2025-05-31,Closed Won,1.00,Expansion,24,12269.59,12269.59,24539.18,Won,,Outbound - SDR,true
OPP-000873,CUST-00738,Enterprise,REP-044,2025-02-05,2025-07-13,2025-05-31,Closed Won,1.00,Expansion,36,10799.64,10799.64,32398.92,Won,,Inbound - Paid,true
OPP-000874,CUST-00837,SMB,REP-038,2025-05-09,2025-05-27,2025-05-31,Closed Won,1.00,Renewal Uplift,12,201.27,201.27,201.27,Won,,Partner / Referral,true
OPP-000875,CUST-00925,SMB,REP-030,2025-03-02,2025-03-31,2025-03-31,Closed Won,1.00,Expansion,1,5036.51,5036.51,419.71,Won,,Inbound - Paid,true
OPP-000876,CUST-01059,Mid-Market,REP-010,2025-05-07,2025-06-08,2025-05-31,Closed Won,1.00,Expansion,12,14003.46,14003.46,14003.46,Won,,Inbound - Paid,true
OPP-000877,CUST-01063,Mid-Market,REP-047,2025-04-01,2025-05-09,2025-05-31,Closed Won,1.00,Expansion,36,13623.57,13623.57,40870.71,Won,,Inbound - Paid,true
OPP-000878,CUST-01096,Mid-Market,REP-039,2025-04-16,2025-05-17,2025-05-31,Closed Won,1.00,Expansion,12,8438.90,8438.90,8438.90,Won,,Inbound - Paid,true
OPP-000879,CUST-01181,SMB,REP-030,2025-04-28,2025-05-31,2025-05-31,Closed Won,1.00,Expansion,12,1982.99,1982.99,1982.99,Won,,Inbound - Organic,true
OPP-000880,CUST-01299,Mid-Market,REP-010,2025-03-11,2025-05-02,2025-05-31,Closed Won,1.00,Expansion,12,15015.88,15015.88,15015.88,Won,,Inbound - Organic,true
OPP-000881,CUST-01301,Mid-Market,REP-041,2025-03-03,2025-05-18,2025-04-30,Closed Won,1.00,Expansion,12,8757.11,8757.11,8757.11,Won,,Inbound - Organic,true
OPP-000882,CUST-01394,SMB,REP-038,2025-05-14,2025-05-24,2025-05-31,Closed Won,1.00,New Logo,1,4564.53,4564.53,380.38,Won,,Inbound - Paid,true
OPP-000883,CUST-01410,SMB,REP-035,2025-04-01,2025-05-24,2025-06-01,Closed Won,1.00,New Logo,1,15797.38,15797.38,1316.45,Won,,Inbound - Paid,true
OPP-000884,CUST-01412,SMB,REP-038,2025-05-14,2025-06-01,2025-06-01,Closed Won,1.00,New Logo,12,10011.92,10011.92,10011.92,Won,,Partner / Referral,true
OPP-000885,CUST-01420,SMB,REP-030,2025-05-21,2025-05-28,2025-06-01,Closed Won,1.00,New Logo,1,10621.83,10621.83,885.15,Won,,Inbound - Organic,true
OPP-000886,CUST-01533,Mid-Market,REP-010,2025-04-22,2025-06-10,2025-06-01,Closed Won,1.00,New Logo,12,28056.13,28056.13,28056.13,Won,,Trade Show / Event,true
OPP-000887,CUST-01561,Enterprise,REP-014,2024-12-13,2025-04-30,2025-06-02,Closed Won,1.00,New Logo,12,77274.94,77274.94,77274.94,Won,,Inbound - Paid,true
OPP-000888,CUST-00684,Mid-Market,REP-049,2025-04-18,2025-06-04,2025-06-03,Closed Won,1.00,Renewal Uplift,12,1489.91,1489.91,1489.91,Won,,Outbound - SDR,true
OPP-000889,CUST-01053,Mid-Market,REP-032,2025-03-08,2025-06-16,2025-06-04,Closed Won,1.00,Renewal Uplift,12,1776.76,1776.76,1776.76,Won,,Inbound - Paid,true
OPP-000890,CUST-01110,Enterprise,REP-045,2024-11-16,2025-04-08,2025-06-04,Closed Won,1.00,Renewal Uplift,12,8479.37,8479.37,8479.37,Won,,Inbound - Organic,true
OPP-000891,CUST-01295,Mid-Market,REP-049,2025-02-13,2025-05-03,2025-05-04,Closed Won,1.00,Renewal Uplift,12,1130.56,1130.56,1130.56,Won,,Outbound - SDR,true
OPP-000892,CUST-00104,SMB,REP-038,2025-04-06,2025-06-04,2025-06-05,Closed Won,1.00,Renewal Uplift,12,141.49,141.49,141.49,Won,,Inbound - Paid,true
OPP-000893,CUST-01055,Mid-Market,REP-049,2025-04-02,2025-05-28,2025-06-09,Closed Won,1.00,Renewal Uplift,12,2531.88,2531.88,2531.88,Won,,Partner / Referral,true
OPP-000894,CUST-00021,SMB,REP-038,2025-05-10,2025-06-03,2025-06-10,Closed Won,1.00,Renewal Uplift,12,76.18,76.18,76.18,Won,,Inbound - Paid,true
OPP-000895,CUST-01054,Mid-Market,REP-026,2025-04-21,2025-05-15,2025-05-14,Closed Won,1.00,Renewal Uplift,12,7654.77,7654.77,7654.77,Won,,Outbound - SDR,true
OPP-000896,CUST-01413,SMB,REP-037,2025-04-04,2025-05-08,2025-06-14,Closed Won,1.00,New Logo,12,11211.56,11211.56,11211.56,Won,,Partner / Referral,true
OPP-000897,CUST-01415,SMB,REP-030,2025-06-01,2025-06-16,2025-06-15,Closed Won,1.00,New Logo,12,7174.20,7174.20,7174.20,Won,,Inbound - Paid,true
OPP-000898,CUST-01408,SMB,REP-038,2025-05-27,2025-06-18,2025-06-17,Closed Won,1.00,New Logo,1,15534.51,15534.51,1294.54,Won,,Inbound - Paid,true
OPP-000899,CUST-01531,Mid-Market,REP-010,2025-05-16,2025-06-13,2025-06-19,Closed Won,1.00,New Logo,12,24236.03,24236.03,24236.03,Won,,Inbound - Paid,true
OPP-000900,CUST-00858,SMB,REP-030,2025-05-31,2025-06-17,2025-06-21,Closed Won,1.00,Renewal Uplift,12,198.82,198.82,198.82,Won,,Inbound - Organic,true
OPP-000901,CUST-00529,SMB,REP-030,2025-05-27,2025-06-22,2025-06-24,Closed Won,1.00,Renewal Uplift,12,109.96,109.96,109.96,Won,,Inbound - Organic,true
OPP-000902,CUST-01406,SMB,REP-038,2025-05-06,2025-05-29,2025-05-24,Closed Won,1.00,New Logo,1,14615.83,14615.83,1217.99,Won,,Inbound - Paid,true
OPP-000903,CUST-01294,Mid-Market,REP-032,2025-02-27,2025-07-04,2025-06-25,Closed Won,1.00,Renewal Uplift,12,1058.46,1058.46,1058.46,Won,,Inbound - Paid,true
OPP-000904,CUST-01532,Mid-Market,REP-032,2025-03-14,2025-07-07,2025-06-25,Closed Won,1.00,New Logo,12,40863.41,40863.41,40863.41,Won,,Inbound - Organic,true
OPP-000905,CUST-01191,SMB,REP-038,2025-05-18,2025-06-20,2025-06-26,Closed Won,1.00,Renewal Uplift,12,339.70,339.70,339.70,Won,,Partner / Referral,true
OPP-000906,CUST-01411,SMB,REP-038,2025-04-29,2025-05-16,2025-05-27,Closed Won,1.00,New Logo,12,8109.09,8109.09,8109.09,Won,,Outbound - SDR,true
OPP-000907,CUST-01417,SMB,REP-030,2025-06-04,2025-06-22,2025-06-27,Closed Won,1.00,New Logo,12,11010.35,11010.35,11010.35,Won,,Inbound - Paid,true
OPP-000908,CUST-01418,SMB,REP-030,2025-04-28,2025-05-26,2025-05-27,Closed Won,1.00,New Logo,1,17653.07,17653.07,1471.09,Won,,Outbound - SDR,true
OPP-000909,CUST-00099,SMB,REP-037,2025-04-18,2025-05-10,2025-05-28,Closed Won,1.00,Renewal Uplift,12,160.30,160.30,160.30,Won,,Outbound - SDR,true
OPP-000910,CUST-00851,SMB,REP-038,2025-04-28,2025-05-16,2025-05-28,Closed Won,1.00,Renewal Uplift,12,477.14,477.14,477.14,Won,,Outbound - SDR,true
OPP-000911,CUST-01419,SMB,REP-038,2025-06-16,2025-06-23,2025-06-28,Closed Won,1.00,New Logo,1,13603.35,13603.35,1133.61,Won,,Inbound - Organic,true
OPP-000912,CUST-01407,SMB,REP-030,2025-04-16,2025-05-12,2025-05-29,Closed Won,1.00,New Logo,1,7846.11,7846.11,653.85,Won,,Inbound - Paid,true
OPP-000913,CUST-01414,SMB,REP-030,2025-06-09,2025-06-30,2025-06-29,Closed Won,1.00,New Logo,1,21220.79,21220.79,1768.40,Won,,Partner / Referral,true
OPP-000914,CUST-00059,Mid-Market,REP-010,2025-03-31,2025-06-07,2025-05-30,Closed Won,1.00,Expansion,12,5758.06,5758.06,5758.06,Won,,Inbound - Organic,true
OPP-000915,CUST-00258,SMB,REP-030,2025-05-15,2025-05-26,2025-05-30,Closed Won,1.00,Renewal Uplift,12,114.87,114.87,114.87,Won,,Partner / Referral,true
OPP-000916,CUST-00356,Mid-Market,REP-049,2025-02-28,2025-06-09,2025-06-30,Closed Won,1.00,Expansion,12,4847.58,4847.58,4847.58,Won,,Outbound - SDR,true
OPP-000917,CUST-00401,Mid-Market,REP-039,2025-03-14,2025-05-31,2025-06-30,Closed Won,1.00,Expansion,24,3551.85,3551.85,7103.70,Won,,Trade Show / Event,true
OPP-000918,CUST-00720,Mid-Market,REP-039,2025-05-19,2025-06-14,2025-06-30,Closed Won,1.00,Expansion,12,10135.35,10135.35,10135.35,Won,,Inbound - Paid,true
OPP-000919,CUST-00722,Mid-Market,REP-047,2025-03-09,2025-06-14,2025-06-30,Closed Won,1.00,Expansion,12,6799.18,6799.18,6799.18,Won,,Inbound - Organic,true
OPP-000920,CUST-00739,SMB,REP-038,2025-06-06,2025-06-26,2025-06-30,Closed Won,1.00,Expansion,12,1963.10,1963.10,1963.10,Won,,Inbound - Organic,true
OPP-000921,CUST-00829,SMB,REP-038,2025-04-06,2025-04-28,2025-04-30,Closed Won,1.00,Expansion,12,3883.57,3883.57,3883.57,Won,,Inbound - Organic,true
OPP-000922,CUST-00887,SMB,REP-038,2025-06-09,2025-06-22,2025-06-30,Closed Won,1.00,Expansion,1,2044.62,2044.62,170.38,Won,,Inbound - Organic,true
OPP-000923,CUST-01024,Mid-Market,REP-039,2025-05-07,2025-06-27,2025-06-30,Closed Won,1.00,Expansion,12,3797.28,3797.28,3797.28,Won,,Partner / Referral,true
OPP-000924,CUST-01026,Mid-Market,REP-039,2025-03-21,2025-05-04,2025-04-30,Closed Won,1.00,Expansion,12,10709.42,10709.42,10709.42,Won,,Inbound - Organic,true
OPP-000925,CUST-01055,Mid-Market,REP-039,2025-04-07,2025-07-19,2025-06-30,Closed Won,1.00,Expansion,12,28771.85,28771.85,28771.85,Won,,Inbound - Paid,true
OPP-000926,CUST-01059,Mid-Market,REP-010,2025-05-02,2025-06-17,2025-06-30,Closed Won,1.00,Expansion,12,12335.66,12335.66,12335.66,Won,,Partner / Referral,true
OPP-000927,CUST-01060,Mid-Market,REP-047,2025-05-03,2025-06-20,2025-06-30,Closed Won,1.00,Expansion,12,5798.24,5798.24,5798.24,Won,,Trade Show / Event,true
OPP-000928,CUST-01066,Mid-Market,REP-049,2025-04-18,2025-06-14,2025-06-30,Closed Won,1.00,Expansion,12,9444.71,9444.71,9444.71,Won,,Inbound - Organic,true
OPP-000929,CUST-01083,Mid-Market,REP-039,2025-05-25,2025-07-11,2025-06-30,Closed Won,1.00,Expansion,12,8179.45,8179.45,8179.45,Won,,Inbound - Organic,true
OPP-000930,CUST-01087,Mid-Market,REP-026,2025-03-20,2025-05-04,2025-05-30,Closed Won,1.00,Expansion,12,5053.62,5053.62,5053.62,Won,,Outbound - SDR,true
OPP-000931,CUST-01087,Mid-Market,REP-032,2025-05-02,2025-06-09,2025-06-30,Closed Won,1.00,Expansion,12,9854.84,9854.84,9854.84,Won,,Trade Show / Event,true
OPP-000932,CUST-01097,Mid-Market,REP-039,2025-05-24,2025-06-20,2025-06-30,Closed Won,1.00,Expansion,12,8532.83,8532.83,8532.83,Won,,Outbound - SDR,true
OPP-000933,CUST-01281,Mid-Market,REP-010,2025-04-21,2025-06-25,2025-06-30,Closed Won,1.00,Expansion,12,39213.52,39213.52,39213.52,Won,,Outbound - SDR,true
OPP-000934,CUST-01302,Mid-Market,REP-047,2025-02-05,2025-06-30,2025-06-30,Closed Won,1.00,Expansion,12,1571.18,1571.18,1571.18,Won,,Inbound - Paid,true
OPP-000935,CUST-01309,Mid-Market,REP-039,2025-03-26,2025-04-20,2025-04-30,Closed Won,1.00,Expansion,12,23907.80,23907.80,23907.80,Won,,Inbound - Organic,true
OPP-000936,CUST-01321,Mid-Market,REP-049,2025-04-23,2025-05-26,2025-05-30,Closed Won,1.00,Expansion,12,24408.38,24408.38,24408.38,Won,,Inbound - Organic,true
OPP-000937,CUST-01345,SMB,REP-038,2025-06-15,2025-06-27,2025-06-30,Closed Won,1.00,Expansion,1,4580.05,4580.05,381.67,Won,,Trade Show / Event,true
OPP-000938,CUST-01409,SMB,REP-038,2025-06-15,2025-06-30,2025-06-30,Closed Won,1.00,New Logo,1,17863.75,17863.75,1488.65,Won,,Inbound - Paid,true
OPP-000939,CUST-01416,SMB,REP-038,2025-05-17,2025-06-03,2025-06-30,Closed Won,1.00,New Logo,1,11503.10,11503.10,958.59,Won,,Inbound - Paid,true
OPP-000940,CUST-01520,Mid-Market,REP-026,2025-02-19,2025-05-16,2025-06-30,Closed Won,1.00,Expansion,12,40375.39,40375.39,40375.39,Won,,Outbound - SDR,true
OPP-000941,CUST-01530,Mid-Market,REP-039,2025-05-22,2025-06-12,2025-06-30,Closed Won,1.00,New Logo,12,37904.36,37904.36,37904.36,Won,,Inbound - Paid,true
OPP-000942,CUST-00366,Mid-Market,REP-032,2025-03-28,2025-05-26,2025-06-01,Closed Won,1.00,Renewal Uplift,12,1523.73,1523.73,1523.73,Won,,Outbound - SDR,true
OPP-000943,CUST-01429,SMB,REP-038,2025-06-17,2025-06-26,2025-07-01,Closed Won,1.00,New Logo,12,2650.18,2650.18,2650.18,Won,,Inbound - Paid,true
OPP-000944,CUST-01424,SMB,REP-038,2025-06-19,2025-06-26,2025-07-04,Closed Won,1.00,New Logo,1,6623.50,6623.50,551.96,Won,,Inbound - Paid,true
OPP-000945,CUST-01425,SMB,REP-038,2025-06-09,2025-07-05,2025-07-08,Closed Won,1.00,New Logo,1,6368.39,6368.39,530.70,Won,,Inbound - Paid,true
OPP-000946,CUST-00275,SMB,REP-038,2025-07-02,2025-07-11,2025-07-11,Closed Won,1.00,Renewal Uplift,12,87.69,87.69,87.69,Won,,Outbound - SDR,true
OPP-000947,CUST-01427,SMB,REP-038,2025-06-21,2025-07-05,2025-07-12,Closed Won,1.00,New Logo,12,4410.18,4410.18,4410.18,Won,,Inbound - Organic,true
OPP-000948,CUST-01535,Mid-Market,REP-039,2025-04-20,2025-06-19,2025-06-14,Closed Won,1.00,New Logo,12,33485.74,33485.74,33485.74,Won,,Inbound - Organic,true
OPP-000949,CUST-00381,Mid-Market,REP-039,2025-05-06,2025-06-08,2025-07-17,Closed Won,1.00,Renewal Uplift,12,1096.85,1096.85,1096.85,Won,,Trade Show / Event,true
OPP-000950,CUST-00690,Mid-Market,REP-047,2025-01-23,2025-06-03,2025-07-18,Closed Won,1.00,Renewal Uplift,12,1950.03,1950.03,1950.03,Won,,Outbound - SDR,true
OPP-000951,CUST-01536,Mid-Market,REP-010,2025-05-03,2025-07-18,2025-07-19,Closed Won,1.00,New Logo,12,23550.92,23550.92,23550.92,Won,,Inbound - Organic,true
OPP-000952,CUST-01428,SMB,REP-038,2025-05-25,2025-06-19,2025-06-22,Closed Won,1.00,New Logo,1,4009.12,4009.12,334.09,Won,,Inbound - Organic,true
OPP-000953,CUST-01423,SMB,REP-030,2025-05-20,2025-07-03,2025-06-23,Closed Won,1.00,New Logo,1,5660.77,5660.77,471.73,Won,,Inbound - Organic,true
OPP-000954,CUST-01299,Mid-Market,REP-039,2025-05-25,2025-06-22,2025-07-26,Closed Won,1.00,Renewal Uplift,12,1839.50,1839.50,1839.50,Won,,Inbound - Paid,true
OPP-000955,CUST-00274,SMB,REP-038,2025-04-16,2025-06-22,2025-06-27,Closed Won,1.00,Renewal Uplift,12,195.26,195.26,195.26,Won,,Trade Show / Event,true
OPP-000956,CUST-00688,Mid-Market,REP-039,2025-04-30,2025-07-13,2025-07-27,Closed Won,1.00,Renewal Uplift,12,1924.48,1924.48,1924.48,Won,,Outbound - SDR,true
OPP-000957,CUST-01059,Mid-Market,REP-026,2025-05-10,2025-07-11,2025-07-27,Closed Won,1.00,Renewal Uplift,12,1445.80,1445.80,1445.80,Won,,Trade Show / Event,true
OPP-000958,CUST-01422,SMB,REP-038,2025-06-08,2025-08-07,2025-07-27,Closed Won,1.00,New Logo,24,8605.96,8605.96,17211.92,Won,,Trade Show / Event,true
OPP-000959,CUST-01426,SMB,REP-030,2025-07-11,2025-07-26,2025-07-27,Closed Won,1.00,New Logo,1,7169.72,7169.72,597.48,Won,,Outbound - SDR,true
OPP-000960,CUST-01060,Mid-Market,REP-047,2025-03-26,2025-06-08,2025-07-28,Closed Won,1.00,Renewal Uplift,12,1018.06,1018.06,1018.06,Won,,Outbound - SDR,true
OPP-000961,CUST-01534,Mid-Market,REP-047,2024-11-25,2025-09-10,2025-07-28,Closed Won,1.00,New Logo,12,27778.32,27778.32,27778.32,Won,,Inbound - Paid,true
OPP-000962,CUST-00172,Mid-Market,REP-049,2025-05-27,2025-07-25,2025-07-29,Closed Won,1.00,Renewal Uplift,12,1665.12,1665.12,1665.12,Won,,Partner / Referral,true
OPP-000963,CUST-01421,SMB,REP-038,2025-06-18,2025-06-28,2025-06-29,Closed Won,1.00,New Logo,1,11489.05,11489.05,957.42,Won,,Trade Show / Event,true
OPP-000964,CUST-00049,Mid-Market,REP-039,2025-06-25,2025-07-17,2025-07-31,Closed Won,1.00,Expansion,24,6300.36,6300.36,12600.72,Won,,Outbound - SDR,true
OPP-000965,CUST-00156,Mid-Market,REP-039,2025-02-01,2025-04-05,2025-06-30,Closed Won,1.00,Expansion,12,12251.21,12251.21,12251.21,Won,,Inbound - Paid,true
OPP-000966,CUST-00184,Mid-Market,REP-049,2025-06-22,2025-07-12,2025-07-31,Closed Won,1.00,Expansion,12,9219.00,9219.00,9219.00,Won,,Partner / Referral,true
OPP-000967,CUST-00357,Mid-Market,REP-010,2025-05-20,2025-07-13,2025-07-31,Closed Won,1.00,Expansion,12,24206.64,24206.64,24206.64,Won,,Trade Show / Event,true
OPP-000968,CUST-00372,Mid-Market,REP-049,2025-07-07,2025-08-05,2025-07-31,Closed Won,1.00,Expansion,12,7847.87,7847.87,7847.87,Won,,Outbound - SDR,true
OPP-000969,CUST-00699,Mid-Market,REP-047,2025-03-26,2025-06-19,2025-06-30,Closed Won,1.00,Expansion,12,28582.50,28582.50,28582.50,Won,,Inbound - Paid,true
OPP-000970,CUST-00720,Mid-Market,REP-026,2025-05-06,2025-07-28,2025-07-31,Closed Won,1.00,Expansion,12,66402.48,66402.48,66402.48,Won,,Partner / Referral,true
OPP-000971,CUST-00732,Enterprise,REP-044,2025-05-15,2025-07-19,2025-07-31,Closed Won,1.00,Renewal Uplift,12,6964.12,6964.12,6964.12,Won,,Inbound - Paid,true
OPP-000972,CUST-00865,SMB,REP-048,2025-07-16,2025-07-25,2025-07-31,Closed Won,1.00,Expansion,1,6559.67,6559.67,546.64,Won,,Inbound - Paid,true
OPP-000973,CUST-01064,Mid-Market,REP-026,2025-04-16,2025-06-20,2025-06-30,Closed Won,1.00,Expansion,12,9879.75,9879.75,9879.75,Won,,Outbound - SDR,true
OPP-000974,CUST-01069,Mid-Market,REP-049,2025-04-19,2025-07-19,2025-07-31,Closed Won,1.00,Expansion,12,5983.08,5983.08,5983.08,Won,,Outbound - SDR,true
OPP-000975,CUST-01083,Mid-Market,REP-026,2025-05-30,2025-07-11,2025-07-31,Closed Won,1.00,Expansion,12,57256.09,57256.09,57256.09,Won,,Inbound - Paid,true
OPP-000976,CUST-01085,Mid-Market,REP-047,2025-05-16,2025-06-23,2025-06-30,Closed Won,1.00,Expansion,12,6037.96,6037.96,6037.96,Won,,Inbound - Organic,true
OPP-000977,CUST-01099,Mid-Market,REP-039,2025-07-03,2025-08-01,2025-07-31,Closed Won,1.00,Expansion,12,13765.16,13765.16,13765.16,Won,,Partner / Referral,true
OPP-000978,CUST-01190,SMB,REP-038,2025-06-12,2025-07-22,2025-07-31,Closed Won,1.00,Expansion,1,1774.17,1774.17,147.85,Won,,Partner / Referral,true
OPP-000979,CUST-01210,SMB,REP-030,2025-06-14,2025-07-17,2025-07-31,Closed Won,1.00,Expansion,1,1174.78,1174.78,97.90,Won,,Inbound - Organic,true
OPP-000980,CUST-01264,SMB,REP-038,2025-06-03,2025-06-22,2025-06-30,Closed Won,1.00,Expansion,1,1159.61,1159.61,96.63,Won,,Partner / Referral,true
OPP-000981,CUST-01307,Mid-Market,REP-049,2025-02-17,2025-07-16,2025-07-31,Closed Won,1.00,Expansion,12,5737.11,5737.11,5737.11,Won,,Inbound - Paid,true
OPP-000982,CUST-01313,Mid-Market,REP-026,2025-05-19,2025-07-16,2025-07-31,Closed Won,1.00,Expansion,12,8132.02,8132.02,8132.02,Won,,Outbound - SDR,true
OPP-000983,CUST-01344,SMB,REP-038,2025-06-28,2025-07-25,2025-07-31,Closed Won,1.00,Expansion,1,6405.60,6405.60,533.80,Won,,Outbound - SDR,true
OPP-000984,CUST-01430,SMB,REP-038,2025-07-09,2025-07-27,2025-07-31,Closed Won,1.00,New Logo,12,5801.02,5801.02,5801.02,Won,,Partner / Referral,true
OPP-000985,CUST-01515,Mid-Market,REP-010,2025-06-06,2025-07-12,2025-07-31,Closed Won,1.00,Expansion,24,3201.77,3201.77,6403.54,Won,,Inbound - Paid,true
OPP-000986,CUST-01517,Mid-Market,REP-010,2025-05-14,2025-06-25,2025-06-30,Closed Won,1.00,Expansion,24,8963.81,8963.81,17927.62,Won,,Inbound - Paid,true
OPP-000987,CUST-01431,SMB,REP-037,2025-06-17,2025-06-28,2025-07-01,Closed Won,1.00,New Logo,12,7808.03,7808.03,7808.03,Won,,Inbound - Organic,true
OPP-000988,CUST-01433,SMB,REP-038,2025-07-05,2025-07-30,2025-08-01,Closed Won,1.00,New Logo,1,8991.15,8991.15,749.26,Won,,Inbound - Paid,true
OPP-000989,CUST-01538,Mid-Market,REP-049,2025-06-07,2025-07-09,2025-08-01,Closed Won,1.00,New Logo,12,56113.53,56113.53,56113.53,Won,,Partner / Referral,true
OPP-000990,CUST-01439,SMB,REP-038,2025-07-21,2025-07-30,2025-08-05,Closed Won,1.00,New Logo,12,8885.52,8885.52,8885.52,Won,,Outbound - SDR,true
OPP-000991,CUST-01436,SMB,REP-030,2025-07-25,2025-08-10,2025-08-06,Closed Won,1.00,New Logo,1,8743.44,8743.44,728.62,Won,,Inbound - Organic,true
OPP-000992,CUST-01537,Mid-Market,REP-047,2025-04-21,2025-05-30,2025-06-06,Closed Won,1.00,New Logo,24,60230.76,60230.76,120461.52,Won,,Outbound - SDR,true
OPP-000993,CUST-00549,SMB,REP-038,2025-08-01,2025-08-08,2025-08-08,Closed Won,1.00,Renewal Uplift,12,97.45,97.45,97.45,Won,,Partner / Referral,true
OPP-000994,CUST-00898,SMB,REP-038,2025-04-10,2025-05-10,2025-06-08,Closed Won,1.00,Renewal Uplift,12,88.09,88.09,88.09,Won,,Outbound - SDR,true
OPP-000995,CUST-01065,Mid-Market,REP-010,2025-05-05,2025-08-21,2025-08-09,Closed Won,1.00,Renewal Uplift,12,1154.79,1154.79,1154.79,Won,,Partner / Referral,true
OPP-000996,CUST-00694,Mid-Market,REP-039,2024-12-18,2025-09-28,2025-08-12,Closed Won,1.00,Renewal Uplift,12,1069.75,1069.75,1069.75,Won,,Inbound - Organic,true
OPP-000997,CUST-01437,SMB,REP-038,2025-05-29,2025-07-04,2025-07-16,Closed Won,1.00,New Logo,12,16051.23,16051.23,16051.23,Won,,Outbound - SDR,true
OPP-000998,CUST-00283,SMB,REP-037,2025-06-25,2025-09-06,2025-08-26,Closed Won,1.00,Renewal Uplift,12,128.73,128.73,128.73,Won,,Trade Show / Event,true
OPP-000999,CUST-00174,Mid-Market,REP-047,2025-06-10,2025-08-19,2025-08-27,Closed Won,1.00,Renewal Uplift,12,1641.11,1641.11,1641.11,Won,,Partner / Referral,true
OPP-001000,CUST-01432,SMB,REP-038,2025-07-25,2025-08-22,2025-08-27,Closed Won,1.00,New Logo,1,24580.27,24580.27,2048.36,Won,,Outbound - SDR,true
OPP-001001,CUST-01434,SMB,REP-030,2025-07-25,2025-08-31,2025-08-27,Closed Won,1.00,New Logo,1,14076.34,14076.34,1173.03,Won,,Partner / Referral,true
OPP-001002,CUST-01435,SMB,REP-030,2025-05-19,2025-07-08,2025-08-28,Closed Won,1.00,New Logo,12,2150.07,2150.07,2150.07,Won,,Outbound - SDR,true
OPP-001003,CUST-01438,SMB,REP-038,2025-07-09,2025-07-27,2025-07-28,Closed Won,1.00,New Logo,12,9879.51,9879.51,9879.51,Won,,Inbound - Paid,true
OPP-001004,CUST-01301,Mid-Market,REP-032,2025-01-10,2025-05-11,2025-06-29,Closed Won,1.00,Renewal Uplift,12,2899.53,2899.53,2899.53,Won,,Inbound - Paid,true
OPP-001005,CUST-01539,Mid-Market,REP-032,2025-07-11,2025-08-11,2025-08-29,Closed Won,1.00,New Logo,12,36799.48,36799.48,36799.48,Won,,Partner / Referral,true
OPP-001006,CUST-01440,SMB,REP-030,2025-08-04,2025-08-27,2025-08-30,Closed Won,1.00,New Logo,12,4041.37,4041.37,4041.37,Won,,Outbound - SDR,true
OPP-001007,CUST-00048,Mid-Market,REP-039,2025-05-24,2025-09-01,2025-08-31,Closed Won,1.00,Expansion,12,18848.92,18848.92,18848.92,Won,,Trade Show / Event,true
OPP-001008,CUST-00053,Mid-Market,REP-039,2025-06-20,2025-08-18,2025-08-31,Closed Won,1.00,Renewal Uplift,12,1009.99,1009.99,1009.99,Won,,Trade Show / Event,true
OPP-001009,CUST-00121,SMB,REP-038,2025-07-30,2025-08-26,2025-08-31,Closed Won,1.00,Expansion,1,729.72,729.72,60.81,Won,,Inbound - Paid,true
OPP-001010,CUST-00359,Mid-Market,REP-047,2025-03-18,2025-09-14,2025-08-31,Closed Won,1.00,Expansion,12,10003.64,10003.64,10003.64,Won,,Inbound - Organic,true
OPP-001011,CUST-00367,Mid-Market,REP-049,2025-07-21,2025-08-27,2025-08-31,Closed Won,1.00,Expansion,24,16761.40,16761.40,33522.80,Won,,Outbound - SDR,true
OPP-001012,CUST-00367,Mid-Market,REP-026,2025-06-27,2025-07-27,2025-07-31,Closed Won,1.00,Expansion,24,11897.44,11897.44,23794.88,Won,,Inbound - Organic,true
OPP-001013,CUST-00671,Mid-Market,REP-049,2025-07-14,2025-08-14,2025-08-31,Closed Won,1.00,Expansion,24,7496.79,7496.79,14993.58,Won,,Inbound - Paid,true
OPP-001014,CUST-00802,SMB,REP-038,2025-08-21,2025-08-29,2025-08-31,Closed Won,1.00,Expansion,12,3022.58,3022.58,3022.58,Won,,Inbound - Paid,true
OPP-001015,CUST-00946,SMB,REP-030,2025-07-22,2025-09-02,2025-08-31,Closed Won,1.00,Expansion,1,4064.19,4064.19,338.68,Won,,Trade Show / Event,true
OPP-001016,CUST-01013,SMB,REP-030,2025-08-04,2025-08-24,2025-08-31,Closed Won,1.00,Expansion,1,661.44,661.44,55.12,Won,,Inbound - Paid,true
OPP-001017,CUST-01018,Mid-Market,REP-039,2025-05-19,2025-07-09,2025-07-31,Closed Won,1.00,Expansion,12,28951.93,28951.93,28951.93,Won,,Partner / Referral,true
OPP-001018,CUST-01021,Mid-Market,REP-047,2025-06-24,2025-07-21,2025-07-31,Closed Won,1.00,Expansion,12,10849.48,10849.48,10849.48,Won,,Inbound - Paid,true
OPP-001019,CUST-01067,Mid-Market,REP-032,2025-07-14,2025-08-02,2025-08-31,Closed Won,1.00,Expansion,12,10511.46,10511.46,10511.46,Won,,Outbound - SDR,true
OPP-001020,CUST-01067,Mid-Market,REP-049,2025-05-24,2025-06-21,2025-06-30,Closed Won,1.00,Expansion,12,9810.70,9810.70,9810.70,Won,,Outbound - SDR,true
OPP-001021,CUST-01079,Mid-Market,REP-047,2025-05-30,2025-09-02,2025-08-31,Closed Won,1.00,Expansion,12,11268.43,11268.43,11268.43,Won,,Partner / Referral,true
OPP-001022,CUST-01104,Enterprise,REP-029,2025-04-21,2025-07-30,2025-08-31,Closed Won,1.00,Expansion,36,14428.17,14428.17,43284.51,Won,,Inbound - Paid,true
OPP-001023,CUST-01114,Enterprise,REP-045,2025-03-24,2025-08-09,2025-08-31,Closed Won,1.00,Expansion,12,39503.25,39503.25,39503.25,Won,,Inbound - Organic,true
OPP-001024,CUST-01230,SMB,REP-030,2025-07-15,2025-08-12,2025-08-31,Closed Won,1.00,Expansion,12,5885.70,5885.70,5885.70,Won,,Inbound - Paid,true
OPP-001025,CUST-01231,SMB,REP-048,2025-08-06,2025-08-24,2025-08-31,Closed Won,1.00,Expansion,1,4621.06,4621.06,385.09,Won,,Outbound - SDR,true
OPP-001026,CUST-01236,SMB,REP-038,2025-08-11,2025-09-01,2025-08-31,Closed Won,1.00,Expansion,1,4540.01,4540.01,378.33,Won,,Inbound - Paid,true
OPP-001027,CUST-01314,Mid-Market,REP-047,2025-05-05,2025-07-27,2025-08-31,Closed Won,1.00,Expansion,12,9843.14,9843.14,9843.14,Won,,Inbound - Paid,true
OPP-001028,CUST-01316,Mid-Market,REP-032,2025-06-25,2025-08-03,2025-08-31,Closed Won,1.00,Expansion,12,27015.17,27015.17,27015.17,Won,,Partner / Referral,true
OPP-001029,CUST-01316,Mid-Market,REP-039,2025-07-14,2025-09-05,2025-08-31,Closed Won,1.00,Expansion,12,15974.18,15974.18,15974.18,Won,,Inbound - Paid,true
OPP-001030,CUST-01335,SMB,REP-030,2025-08-11,2025-09-02,2025-08-31,Closed Won,1.00,Expansion,12,569.01,569.01,569.01,Won,,Inbound - Paid,true
OPP-001031,CUST-01335,SMB,REP-030,2025-08-18,2025-08-29,2025-08-31,Closed Won,1.00,Expansion,12,3869.25,3869.25,3869.25,Won,,Inbound - Organic,true
OPP-001032,CUST-01396,SMB,REP-038,2025-05-27,2025-07-25,2025-08-31,Closed Won,1.00,Expansion,1,4504.14,4504.14,375.35,Won,,Inbound - Organic,true
OPP-001033,CUST-01523,Mid-Market,REP-026,2025-03-10,2025-07-04,2025-07-31,Closed Won,1.00,Expansion,12,14314.36,14314.36,14314.36,Won,,Inbound - Organic,true
OPP-001034,CUST-00290,SMB,REP-030,2025-06-21,2025-08-09,2025-08-01,Closed Won,1.00,Renewal Uplift,12,200.84,200.84,200.84,Won,,Outbound - SDR,true
OPP-001035,CUST-01541,Mid-Market,REP-026,2025-05-12,2025-08-30,2025-09-02,Closed Won,1.00,New Logo,12,93806.61,93806.61,93806.61,Won,,Inbound - Organic,true
OPP-001036,CUST-01445,SMB,REP-038,2025-08-05,2025-09-11,2025-09-03,Closed Won,1.00,New Logo,12,10529.20,10529.20,10529.20,Won,,Outbound - SDR,true
OPP-001037,CUST-01446,SMB,REP-030,2025-05-26,2025-07-29,2025-09-07,Closed Won,1.00,New Logo,1,3517.62,3517.62,293.13,Won,,Partner / Referral,true
OPP-001038,CUST-01450,SMB,REP-037,2025-07-31,2025-09-08,2025-09-12,Closed Won,1.00,New Logo,1,9557.47,9557.47,796.46,Won,,Inbound - Organic,true
OPP-001039,CUST-01072,Mid-Market,REP-049,2025-05-28,2025-08-06,2025-08-14,Closed Won,1.00,Renewal Uplift,12,2505.65,2505.65,2505.65,Won,,Inbound - Paid,true
OPP-001040,CUST-01449,SMB,REP-035,2025-09-01,2025-09-08,2025-09-16,Closed Won,1.00,New Logo,1,2044.34,2044.34,170.36,Won,,Partner / Referral,true
OPP-001041,CUST-00915,SMB,REP-038,2025-07-10,2025-09-22,2025-09-19,Closed Won,1.00,Renewal Uplift,12,276.92,276.92,276.92,Won,,Inbound - Paid,true
OPP-001042,CUST-01540,Mid-Market,REP-032,2025-04-19,2025-07-19,2025-08-22,Closed Won,1.00,New Logo,12,14193.40,14193.40,14193.40,Won,,Inbound - Organic,true
OPP-001043,CUST-01452,SMB,REP-037,2025-09-15,2025-09-23,2025-09-24,Closed Won,1.00,New Logo,12,6765.88,6765.88,6765.88,Won,,Inbound - Organic,true
OPP-001044,CUST-01328,Enterprise,REP-029,2025-06-21,2025-10-19,2025-09-25,Closed Won,1.00,Renewal Uplift,12,6600.58,6600.58,6600.58,Won,,Partner / Referral,true
OPP-001045,CUST-01542,Mid-Market,REP-049,2025-08-01,2025-08-23,2025-08-25,Closed Won,1.00,New Logo,12,39234.64,39234.64,39234.64,Won,,Trade Show / Event,true
OPP-001046,CUST-01441,SMB,REP-038,2025-09-07,2025-09-23,2025-09-26,Closed Won,1.00,New Logo,1,7629.44,7629.44,635.79,Won,,Outbound - SDR,true
OPP-001047,CUST-01442,SMB,REP-038,2025-08-25,2025-09-24,2025-09-26,Closed Won,1.00,New Logo,1,5029.84,5029.84,419.15,Won,,Partner / Referral,true
OPP-001048,CUST-01444,SMB,REP-037,2025-08-23,2025-09-24,2025-09-26,Closed Won,1.00,New Logo,1,17236.20,17236.20,1436.35,Won,,Inbound - Paid,true
OPP-001049,CUST-01447,SMB,REP-037,2025-09-14,2025-09-25,2025-09-26,Closed Won,1.00,New Logo,1,1962.39,1962.39,163.53,Won,,Inbound - Paid,true
OPP-001050,CUST-00387,Mid-Market,REP-010,2025-04-16,2025-07-16,2025-07-27,Closed Won,1.00,Renewal Uplift,12,1163.50,1163.50,1163.50,Won,,Inbound - Organic,true
OPP-001051,CUST-01443,SMB,REP-037,2025-06-16,2025-09-15,2025-09-27,Closed Won,1.00,New Logo,12,2149.27,2149.27,2149.27,Won,,Partner / Referral,true
OPP-001052,CUST-01448,SMB,REP-038,2025-07-08,2025-07-28,2025-08-27,Closed Won,1.00,New Logo,12,8255.64,8255.64,8255.64,Won,,Partner / Referral,true
OPP-001053,CUST-00176,Mid-Market,REP-046,2025-05-24,2025-08-24,2025-08-28,Closed Won,1.00,Renewal Uplift,12,592.73,592.73,592.73,Won,,Trade Show / Event,true
OPP-001054,CUST-01306,Mid-Market,REP-026,2025-09-01,2025-09-18,2025-09-28,Closed Won,1.00,Renewal Uplift,12,831.70,831.70,831.70,Won,,Inbound - Paid,true
OPP-001055,CUST-01451,SMB,REP-030,2025-08-09,2025-10-02,2025-09-28,Closed Won,1.00,New Logo,12,3721.34,3721.34,3721.34,Won,,Partner / Referral,true
OPP-001056,CUST-01069,Mid-Market,REP-026,2025-05-02,2025-10-10,2025-09-29,Closed Won,1.00,Renewal Uplift,12,1102.95,1102.95,1102.95,Won,,Inbound - Organic,true
OPP-001057,CUST-00185,Mid-Market,REP-049,2025-05-04,2025-09-30,2025-08-30,Closed Won,1.00,Expansion,12,16273.78,16273.78,16273.78,Won,,Outbound - SDR,true
OPP-001058,CUST-00188,Mid-Market,REP-047,2025-08-03,2025-09-17,2025-09-30,Closed Won,1.00,Expansion,12,9299.10,9299.10,9299.10,Won,,Inbound - Organic,true
OPP-001059,CUST-00274,SMB,REP-030,2025-09-14,2025-09-28,2025-09-30,Closed Won,1.00,Expansion,12,1846.13,1846.13,1846.13,Won,,Outbound - SDR,true
OPP-001060,CUST-00389,Mid-Market,REP-049,2025-08-11,2025-09-23,2025-09-30,Closed Won,1.00,Expansion,12,7880.59,7880.59,7880.59,Won,,Outbound - SDR,true
OPP-001061,CUST-00403,Mid-Market,REP-026,2025-08-13,2025-09-12,2025-09-30,Closed Won,1.00,Expansion,12,14829.53,14829.53,14829.53,Won,,Inbound - Organic,true
OPP-001062,CUST-00672,Mid-Market,REP-049,2025-07-27,2025-08-27,2025-08-30,Closed Won,1.00,Expansion,12,10254.43,10254.43,10254.43,Won,,Inbound - Organic,true
OPP-001063,CUST-00699,Mid-Market,REP-047,2025-07-14,2025-10-22,2025-09-30,Closed Won,1.00,Renewal Uplift,12,2767.85,2767.85,2767.85,Won,,Inbound - Organic,true
OPP-001064,CUST-00704,Mid-Market,REP-039,2025-09-01,2025-09-15,2025-09-30,Closed Won,1.00,Expansion,12,2791.05,2791.05,2791.05,Won,,Partner / Referral,true
OPP-001065,CUST-00719,Mid-Market,REP-026,2025-02-11,2025-11-14,2025-09-30,Closed Won,1.00,Expansion,12,24281.12,24281.12,24281.12,Won,,Trade Show / Event,true
OPP-001066,CUST-00742,SMB,REP-037,2025-08-17,2025-08-29,2025-08-30,Closed Won,1.00,Expansion,1,3434.03,3434.03,286.17,Won,,Inbound - Organic,true
OPP-001067,CUST-00916,SMB,REP-030,2025-09-18,2025-10-01,2025-09-30,Closed Won,1.00,Renewal Uplift,12,302.45,302.45,302.45,Won,,Partner / Referral,true
OPP-001068,CUST-00954,SMB,REP-037,2025-09-21,2025-09-29,2025-09-30,Closed Won,1.00,Expansion,12,4602.26,4602.26,4602.26,Won,,Outbound - SDR,true
OPP-001069,CUST-01028,Mid-Market,REP-026,2025-07-04,2025-09-18,2025-09-30,Closed Won,1.00,Expansion,12,20169.52,20169.52,20169.52,Won,,Partner / Referral,true
OPP-001070,CUST-01083,Mid-Market,REP-010,2025-05-28,2025-09-09,2025-09-30,Closed Won,1.00,Expansion,12,7896.41,7896.41,7896.41,Won,,Partner / Referral,true
OPP-001071,CUST-01086,Mid-Market,REP-026,2025-08-19,2025-09-05,2025-09-30,Closed Won,1.00,Expansion,12,7743.26,7743.26,7743.26,Won,,Outbound - SDR,true
OPP-001072,CUST-01094,Mid-Market,REP-032,2025-08-11,2025-09-19,2025-09-30,Closed Won,1.00,Expansion,12,31108.06,31108.06,31108.06,Won,,Inbound - Organic,true
OPP-001073,CUST-01153,SMB,REP-038,2025-09-19,2025-09-26,2025-09-30,Closed Won,1.00,Expansion,1,7642.63,7642.63,636.89,Won,,Inbound - Paid,true
OPP-001074,CUST-01174,SMB,REP-038,2025-08-09,2025-09-27,2025-09-30,Closed Won,1.00,Expansion,12,1577.30,1577.30,1577.30,Won,,Inbound - Paid,true
OPP-001075,CUST-01188,SMB,REP-035,2025-07-29,2025-09-08,2025-09-30,Closed Won,1.00,Expansion,1,4377.20,4377.20,364.77,Won,,Outbound - SDR,true
OPP-001076,CUST-01238,SMB,REP-038,2025-07-14,2025-08-04,2025-08-30,Closed Won,1.00,Expansion,1,3578.59,3578.59,298.22,Won,,Trade Show / Event,true
OPP-001077,CUST-01281,Mid-Market,REP-049,2025-08-18,2025-10-02,2025-09-30,Closed Won,1.00,Expansion,12,8281.44,8281.44,8281.44,Won,,Trade Show / Event,true
OPP-001078,CUST-01305,Mid-Market,REP-032,2025-08-24,2025-09-12,2025-09-30,Closed Won,1.00,Expansion,36,10840.99,10840.99,32522.97,Won,,Trade Show / Event,true
OPP-001079,CUST-01321,Mid-Market,REP-026,2025-09-08,2025-09-20,2025-09-30,Closed Won,1.00,Expansion,12,17899.47,17899.47,17899.47,Won,,Outbound - SDR,true
OPP-001080,CUST-01328,Enterprise,REP-045,2025-06-25,2025-09-21,2025-09-30,Closed Won,1.00,Expansion,12,13962.26,13962.26,13962.26,Won,,Inbound - Organic,true
OPP-001081,CUST-01398,SMB,REP-035,2025-09-02,2025-09-23,2025-09-30,Closed Won,1.00,Expansion,1,622.10,622.10,51.84,Won,,Partner / Referral,true
OPP-001082,CUST-01453,SMB,REP-038,2025-07-10,2025-07-26,2025-07-30,Closed Won,1.00,New Logo,1,5889.21,5889.21,490.77,Won,,Inbound - Organic,true
OPP-001083,CUST-01516,Mid-Market,REP-047,2025-08-08,2025-09-09,2025-09-30,Closed Won,1.00,Expansion,12,10017.76,10017.76,10017.76,Won,,Partner / Referral,true
OPP-001084,CUST-01531,Mid-Market,REP-010,2025-08-21,2025-09-19,2025-09-30,Closed Won,1.00,Expansion,12,9694.42,9694.42,9694.42,Won,,Partner / Referral,true
OPP-001085,CUST-01540,Mid-Market,REP-039,2025-07-07,2025-09-06,2025-09-30,Closed Won,1.00,Expansion,12,18560.60,18560.60,18560.60,Won,,Inbound - Organic,true
OPP-001086,CUST-01558,Enterprise,REP-029,2025-09-02,2025-09-23,2025-09-30,Closed Won,1.00,Expansion,12,14763.58,14763.58,14763.58,Won,,Trade Show / Event,true
OPP-001087,CUST-01456,SMB,REP-038,2025-08-06,2025-09-05,2025-09-02,Closed Won,1.00,New Logo,12,3309.20,3309.20,3309.20,Won,,Inbound - Paid,true
OPP-001088,CUST-01459,SMB,REP-038,2025-08-03,2025-09-10,2025-10-02,Closed Won,1.00,New Logo,12,11721.03,11721.03,11721.03,Won,,Inbound - Paid,true
OPP-001089,CUST-01562,Enterprise,REP-044,2025-07-09,2025-09-25,2025-10-02,Closed Won,1.00,New Logo,36,65671.54,65671.54,197014.62,Won,,Partner / Referral,true
OPP-001090,CUST-01230,SMB,REP-038,2025-08-31,2025-09-28,2025-10-03,Closed Won,1.00,Renewal Uplift,12,701.90,701.90,701.90,Won,,Partner / Referral,true
OPP-001091,CUST-01455,SMB,REP-038,2025-08-11,2025-09-01,2025-09-03,Closed Won,1.00,New Logo,24,20829.90,20829.90,41659.80,Won,,Inbound - Paid,true
OPP-001092,CUST-00704,Mid-Market,REP-047,2025-07-28,2025-09-28,2025-10-04,Closed Won,1.00,Renewal Uplift,12,346.09,346.09,346.09,Won,,Inbound - Paid,true
OPP-001093,CUST-00180,Mid-Market,REP-039,2025-06-27,2025-08-14,2025-09-06,Closed Won,1.00,Renewal Uplift,12,3141.12,3141.12,3141.12,Won,,Partner / Referral,true
OPP-001094,ACCT-P-001094,SMB,REP-038,2025-09-06,2025-10-02,2025-10-07,Closed Won,1.00,New Logo,1,7001.74,7001.74,583.48,Won,,Inbound - Paid,false
OPP-001095,CUST-01544,Mid-Market,REP-039,2025-04-17,2025-09-26,2025-10-08,Closed Won,1.00,New Logo,24,45865.58,45865.58,91731.16,Won,,Inbound - Paid,true
OPP-001096,CUST-01461,SMB,REP-038,2025-09-11,2025-09-30,2025-10-13,Closed Won,1.00,New Logo,1,9806.41,9806.41,817.20,Won,,Outbound - SDR,true
OPP-001097,CUST-00703,Mid-Market,REP-032,2025-09-01,2025-10-07,2025-10-14,Closed Won,1.00,Renewal Uplift,12,490.40,490.40,490.40,Won,,Inbound - Organic,true
OPP-001098,CUST-01235,SMB,REP-048,2025-10-07,2025-10-15,2025-10-17,Closed Won,1.00,Renewal Uplift,12,329.80,329.80,329.80,Won,,Partner / Referral,true
OPP-001099,CUST-01079,Mid-Market,REP-049,2025-07-14,2025-08-12,2025-08-19,Closed Won,1.00,Renewal Uplift,12,859.16,859.16,859.16,Won,,Partner / Referral,true
OPP-001100,CUST-01309,Mid-Market,REP-047,2025-08-15,2025-09-19,2025-09-20,Closed Won,1.00,Renewal Uplift,12,2097.09,2097.09,2097.09,Won,,Partner / Referral,true
OPP-001101,CUST-01115,Enterprise,REP-029,2025-02-23,2025-09-16,2025-10-22,Closed Won,1.00,Renewal Uplift,36,12132.96,12132.96,36398.89,Won,,Outbound - SDR,true
OPP-001102,CUST-00706,Mid-Market,REP-010,2025-06-02,2025-08-23,2025-09-26,Closed Won,1.00,Renewal Uplift,12,3692.77,3692.77,3692.77,Won,,Trade Show / Event,true
OPP-001103,CUST-00943,SMB,REP-030,2025-09-28,2025-10-24,2025-10-26,Closed Won,1.00,Renewal Uplift,12,584.00,584.00,584.00,Won,,Outbound - SDR,true
OPP-001104,CUST-01465,SMB,REP-038,2025-09-25,2025-10-28,2025-10-26,Closed Won,1.00,New Logo,12,3574.96,3574.96,3574.96,Won,,Outbound - SDR,true
OPP-001105,CUST-01460,SMB,REP-037,2025-08-13,2025-09-25,2025-10-27,Closed Won,1.00,New Logo,1,19769.28,19769.28,1647.44,Won,,Partner / Referral,true
OPP-001106,CUST-00585,SMB,REP-037,2025-09-11,2025-10-19,2025-10-28,Closed Won,1.00,Renewal Uplift,12,223.32,223.32,223.32,Won,,Outbound - SDR,true
OPP-001107,ACCT-P-001107,SMB,REP-030,2025-09-11,2025-09-22,2025-09-28,Closed Won,1.00,New Logo,12,8662.98,8662.98,8662.98,Won,,Inbound - Organic,false
OPP-001108,CUST-01458,SMB,REP-030,2025-10-15,2025-10-25,2025-10-28,Closed Won,1.00,New Logo,12,5521.01,5521.01,5521.01,Won,,Trade Show / Event,true
OPP-001109,CUST-00029,SMB,REP-030,2025-07-26,2025-09-23,2025-09-29,Closed Won,1.00,Renewal Uplift,12,174.53,174.53,174.53,Won,,Inbound - Organic,true
OPP-001110,CUST-01307,Mid-Market,REP-049,2025-09-17,2025-10-26,2025-10-29,Closed Won,1.00,Renewal Uplift,12,3310.35,3310.35,3310.35,Won,,Partner / Referral,true
OPP-001111,CUST-01462,SMB,REP-037,2025-09-16,2025-09-23,2025-09-29,Closed Won,1.00,New Logo,1,2183.64,2183.64,181.97,Won,,Inbound - Paid,true
OPP-001112,CUST-01545,Mid-Market,REP-049,2025-08-16,2025-09-20,2025-09-29,Closed Won,1.00,New Logo,12,47369.04,47369.04,47369.04,Won,,Inbound - Organic,true
OPP-001113,CUST-00179,Mid-Market,REP-047,2025-10-03,2025-10-18,2025-10-30,Closed Won,1.00,Renewal Uplift,12,925.74,925.74,925.74,Won,,Inbound - Organic,true
OPP-001114,CUST-01457,SMB,REP-038,2025-09-01,2025-10-04,2025-09-30,Closed Won,1.00,New Logo,1,7150.67,7150.67,595.89,Won,,Inbound - Paid,true
OPP-001115,CUST-00055,Mid-Market,REP-049,2025-10-07,2025-11-04,2025-10-31,Closed Won,1.00,Renewal Uplift,12,2640.88,2640.88,2640.88,Won,,Inbound - Paid,true
OPP-001116,CUST-00169,Mid-Market,REP-032,2025-08-06,2025-11-17,2025-10-31,Closed Won,1.00,Expansion,12,14196.22,14196.22,14196.22,Won,,Outbound - SDR,true
OPP-001117,CUST-00191,Enterprise,REP-045,2025-05-14,2025-08-24,2025-08-31,Closed Won,1.00,Expansion,12,19380.14,19380.14,19380.14,Won,,Inbound - Paid,true
OPP-001118,CUST-00359,Mid-Market,REP-049,2025-08-18,2025-09-29,2025-10-31,Closed Won,1.00,Expansion,12,10688.91,10688.91,10688.91,Won,,Inbound - Organic,true
OPP-001119,CUST-00366,Mid-Market,REP-010,2025-04-19,2025-09-14,2025-09-30,Closed Won,1.00,Expansion,12,4704.06,4704.06,4704.06,Won,,Inbound - Organic,true
OPP-001120,CUST-00462,SMB,REP-035,2025-09-14,2025-09-28,2025-09-30,Closed Won,1.00,Expansion,12,4932.08,4932.08,4932.08,Won,,Inbound - Paid,true
OPP-001121,CUST-00672,Mid-Market,REP-026,2025-09-22,2025-10-15,2025-10-31,Closed Won,1.00,Expansion,12,15198.98,15198.98,15198.98,Won,,Inbound - Organic,true
OPP-001122,CUST-00687,Mid-Market,REP-039,2025-08-04,2025-11-08,2025-10-31,Closed Won,1.00,Expansion,24,5044.71,5044.71,10089.42,Won,,Trade Show / Event,true
OPP-001123,CUST-00702,Mid-Market,REP-010,2025-07-06,2025-07-30,2025-08-31,Closed Won,1.00,Expansion,12,12290.76,12290.76,12290.76,Won,,Inbound - Paid,true
OPP-001124,CUST-00716,Mid-Market,REP-046,2025-07-17,2025-10-12,2025-10-31,Closed Won,1.00,Expansion,12,25344.24,25344.24,25344.24,Won,,Outbound - SDR,true
OPP-001125,CUST-00829,SMB,REP-030,2025-09-05,2025-10-03,2025-09-30,Closed Won,1.00,Expansion,12,9838.37,9838.37,9838.37,Won,,Partner / Referral,true
OPP-001126,CUST-00947,SMB,REP-037,2025-10-19,2025-10-27,2025-10-31,Closed Won,1.00,Expansion,12,2291.44,2291.44,2291.44,Won,,Inbound - Paid,true
OPP-001127,CUST-01017,Mid-Market,REP-039,2025-09-11,2025-09-30,2025-09-30,Closed Won,1.00,Expansion,12,25130.47,25130.47,25130.47,Won,,Trade Show / Event,true
OPP-001128,CUST-01017,Mid-Market,REP-039,2025-08-09,2025-09-15,2025-09-30,Closed Won,1.00,Expansion,12,25517.09,25517.09,25517.09,Won,,Outbound - SDR,true
OPP-001129,CUST-01028,Mid-Market,REP-047,2025-07-08,2025-10-23,2025-10-31,Closed Won,1.00,Expansion,12,10723.47,10723.47,10723.47,Won,,Trade Show / Event,true
OPP-001130,CUST-01196,SMB,REP-030,2025-08-31,2025-09-19,2025-09-30,Closed Won,1.00,Expansion,12,2569.15,2569.15,2569.15,Won,,Trade Show / Event,true
OPP-001131,CUST-01262,SMB,REP-030,2025-10-13,2025-10-20,2025-10-31,Closed Won,1.00,Expansion,12,3868.70,3868.70,3868.70,Won,,Inbound - Paid,true
OPP-001132,CUST-01270,SMB,REP-038,2025-10-12,2025-10-24,2025-10-31,Closed Won,1.00,Expansion,12,3309.58,3309.58,3309.58,Won,,Outbound - SDR,true
OPP-001133,CUST-01279,Mid-Market,REP-047,2025-08-18,2025-10-20,2025-10-31,Closed Won,1.00,Expansion,12,38273.04,38273.04,38273.04,Won,,Inbound - Organic,true
OPP-001134,CUST-01294,Mid-Market,REP-032,2025-08-14,2025-09-27,2025-09-30,Closed Won,1.00,Expansion,12,26040.02,26040.02,26040.02,Won,,Inbound - Paid,true
OPP-001135,CUST-01294,Mid-Market,REP-032,2025-03-20,2025-10-17,2025-09-30,Closed Won,1.00,Expansion,12,10016.84,10016.84,10016.84,Won,,Outbound - SDR,true
OPP-001136,CUST-01326,Enterprise,REP-014,2025-08-02,2025-11-13,2025-10-31,Closed Won,1.00,Expansion,24,4896.19,4896.19,9792.38,Won,,Inbound - Paid,true
OPP-001137,CUST-01463,SMB,REP-035,2025-08-18,2025-10-13,2025-10-31,Closed Won,1.00,New Logo,1,15221.46,15221.46,1268.45,Won,,Inbound - Paid,true
OPP-001138,CUST-01466,SMB,REP-038,2025-10-05,2025-10-21,2025-10-31,Closed Won,1.00,New Logo,1,12482.75,12482.75,1040.23,Won,,Trade Show / Event,true
OPP-001139,CUST-01522,Mid-Market,REP-039,2025-09-11,2025-10-20,2025-10-31,Closed Won,1.00,Expansion,12,32813.35,32813.35,32813.35,Won,,Inbound - Paid,true
OPP-001140,CUST-01524,Mid-Market,REP-039,2025-06-17,2025-08-13,2025-08-31,Closed Won,1.00,Expansion,12,23193.55,23193.55,23193.55,Won,,Inbound - Paid,true
OPP-001141,CUST-01531,Mid-Market,REP-032,2025-08-10,2025-11-02,2025-10-31,Closed Won,1.00,Expansion,12,16997.30,16997.30,16997.30,Won,,Inbound - Organic,true
OPP-001142,CUST-01532,Mid-Market,REP-047,2025-07-09,2025-10-04,2025-09-30,Closed Won,1.00,Expansion,12,54721.70,54721.70,54721.70,Won,,Inbound - Paid,true
OPP-001143,CUST-01541,Mid-Market,REP-049,2025-08-15,2025-09-18,2025-09-30,Closed Won,1.00,Expansion,12,46327.19,46327.19,46327.19,Won,,Inbound - Paid,true
OPP-001144,CUST-01543,Mid-Market,REP-049,2025-08-05,2025-09-14,2025-09-30,Closed Won,1.00,New Logo,12,171831.18,171831.18,171831.18,Won,,Inbound - Paid,true
OPP-001145,CUST-00372,Mid-Market,REP-026,2025-09-16,2025-10-10,2025-11-01,Closed Won,1.00,Renewal Uplift,12,837.76,837.76,837.76,Won,,Inbound - Paid,true
OPP-001146,CUST-00603,SMB,REP-038,2025-08-13,2025-10-18,2025-11-02,Closed Won,1.00,Renewal Uplift,12,358.17,358.17,358.17,Won,,Partner / Referral,true
OPP-001147,CUST-01472,SMB,REP-038,2025-09-03,2025-09-23,2025-10-03,Closed Won,1.00,New Logo,12,2591.99,2591.99,2591.99,Won,,Outbound - SDR,true
OPP-001148,CUST-01471,SMB,REP-030,2025-09-20,2025-10-08,2025-10-04,Closed Won,1.00,New Logo,12,21707.49,21707.49,21707.49,Won,,Inbound - Paid,true
OPP-001149,CUST-01467,SMB,REP-030,2025-10-13,2025-11-02,2025-11-05,Closed Won,1.00,New Logo,1,5659.77,5659.77,471.65,Won,,Outbound - SDR,true
OPP-001150,CUST-01546,Mid-Market,REP-047,2025-06-04,2025-11-13,2025-10-11,Closed Won,1.00,New Logo,12,34512.23,34512.23,34512.23,Won,,Inbound - Organic,true
OPP-001151,CUST-01085,Mid-Market,REP-026,2025-09-21,2025-11-07,2025-11-15,Closed Won,1.00,Renewal Uplift,12,1465.52,1465.52,1465.52,Won,,Trade Show / Event,true
OPP-001152,CUST-01243,SMB,REP-038,2025-11-02,2025-11-12,2025-11-16,Closed Won,1.00,Renewal Uplift,12,617.14,617.14,617.14,Won,,Partner / Referral,true
OPP-001153,CUST-00956,SMB,REP-030,2025-10-29,2025-11-11,2025-11-17,Closed Won,1.00,Renewal Uplift,12,229.53,229.53,229.53,Won,,Inbound - Organic,true
OPP-001154,CUST-01468,SMB,REP-030,2025-09-11,2025-10-25,2025-10-19,Closed Won,1.00,New Logo,12,16734.91,16734.91,16734.91,Won,,Inbound - Paid,true
OPP-001155,CUST-01081,Mid-Market,REP-039,2025-10-10,2025-11-10,2025-11-21,Closed Won,1.00,Renewal Uplift,12,2999.54,2999.54,2999.54,Won,,Inbound - Paid,true
OPP-001156,CUST-00592,SMB,REP-037,2025-09-09,2025-09-20,2025-09-23,Closed Won,1.00,Renewal Uplift,12,286.50,286.50,286.50,Won,,Inbound - Organic,true
OPP-001157,CUST-01473,SMB,REP-038,2025-11-11,2025-11-20,2025-11-24,Closed Won,1.00,New Logo,12,2787.58,2787.58,2787.58,Won,,Outbound - SDR,true
OPP-001158,CUST-00181,Mid-Market,REP-049,2025-10-02,2025-11-18,2025-11-25,Closed Won,1.00,Renewal Uplift,12,656.59,656.59,656.59,Won,,Outbound - SDR,true
OPP-001159,CUST-00183,Mid-Market,REP-049,2025-03-27,2025-11-29,2025-11-25,Closed Won,1.00,Renewal Uplift,12,747.83,747.83,747.83,Won,,Inbound - Paid,true
OPP-001160,CUST-00599,SMB,REP-048,2025-10-12,2025-10-26,2025-10-25,Closed Won,1.00,Renewal Uplift,12,88.77,88.77,88.77,Won,,Outbound - SDR,true
OPP-001161,CUST-01469,SMB,REP-038,2025-11-02,2025-11-17,2025-11-25,Closed Won,1.00,New Logo,12,6010.63,6010.63,6010.63,Won,,Partner / Referral,true
OPP-001162,CUST-01479,SMB,REP-038,2025-11-16,2025-11-23,2025-11-25,Closed Won,1.00,New Logo,12,7335.04,7335.04,7335.04,Won,,Outbound - SDR,true
OPP-001163,CUST-01549,Mid-Market,REP-049,2025-10-06,2025-11-28,2025-11-25,Closed Won,1.00,New Logo,12,31389.66,31389.66,31389.66,Won,,Partner / Referral,true
OPP-001164,CUST-00395,Mid-Market,REP-010,2025-10-17,2025-11-15,2025-11-26,Closed Won,1.00,Renewal Uplift,12,713.82,713.82,713.82,Won,,Inbound - Paid,true
OPP-001165,CUST-01083,Mid-Market,REP-026,2025-08-15,2025-10-13,2025-10-26,Closed Won,1.00,Renewal Uplift,12,1737.13,1737.13,1737.13,Won,,Trade Show / Event,true
OPP-001166,CUST-01240,SMB,REP-038,2025-10-08,2025-10-23,2025-10-26,Closed Won,1.00,Renewal Uplift,12,436.95,436.95,436.95,Won,,Partner / Referral,true
OPP-001167,CUST-00736,Enterprise,REP-014,2025-07-19,2025-11-05,2025-11-27,Closed Won,1.00,Renewal Uplift,12,5548.46,5548.46,5548.46,Won,,Outbound - SDR,true
OPP-001168,CUST-01470,SMB,REP-038,2025-09-04,2025-09-17,2025-09-27,Closed Won,1.00,New Logo,1,6897.67,6897.67,574.81,Won,,Inbound - Paid,true
OPP-001169,CUST-01476,SMB,REP-030,2025-11-04,2025-11-15,2025-11-27,Closed Won,1.00,New Logo,1,3955.59,3955.59,329.63,Won,,Trade Show / Event,true
OPP-001170,CUST-01477,SMB,REP-037,2025-11-16,2025-11-23,2025-11-27,Closed Won,1.00,New Logo,1,20644.72,20644.72,1720.39,Won,,Inbound - Paid,true
OPP-001171,CUST-01242,SMB,REP-030,2025-11-05,2025-12-02,2025-11-28,Closed Won,1.00,Renewal Uplift,12,351.70,351.70,351.70,Won,,Inbound - Paid,true
OPP-001172,CUST-01475,SMB,REP-038,2025-08-04,2025-10-31,2025-10-28,Closed Won,1.00,New Logo,1,2642.88,2642.88,220.24,Won,,Inbound - Organic,true
OPP-001173,CUST-01478,SMB,REP-038,2025-11-10,2025-12-03,2025-11-28,Closed Won,1.00,New Logo,1,4292.19,4292.19,357.68,Won,,Inbound - Paid,true
OPP-001174,CUST-01563,Enterprise,REP-044,2025-07-29,2025-10-23,2025-11-28,Closed Won,1.00,New Logo,12,437562.54,437562.54,437562.54,Won,,Inbound - Paid,true
OPP-001175,CUST-01547,Mid-Market,REP-049,2025-09-10,2025-12-17,2025-11-29,Closed Won,1.00,New Logo,12,83374.15,83374.15,83374.15,Won,,Trade Show / Event,true
OPP-001176,CUST-00182,Mid-Market,REP-026,2025-10-04,2025-10-29,2025-10-30,Closed Won,1.00,Renewal Uplift,12,1275.50,1275.50,1275.50,Won,,Inbound - Organic,true
OPP-001177,CUST-00184,Mid-Market,REP-049,2025-09-12,2025-12-14,2025-11-30,Closed Won,1.00,Expansion,12,7095.10,7095.10,7095.10,Won,,Outbound - SDR,true
OPP-001178,CUST-00359,Mid-Market,REP-026,2025-07-10,2025-10-10,2025-11-30,Closed Won,1.00,Expansion,12,3741.12,3741.12,3741.12,Won,,Trade Show / Event,true
OPP-001179,CUST-00366,Mid-Market,REP-026,2025-10-11,2025-11-09,2025-11-30,Closed Won,1.00,Expansion,12,6272.08,6272.08,6272.08,Won,,Inbound - Paid,true
OPP-001180,CUST-00674,Mid-Market,REP-026,2025-08-01,2025-11-28,2025-10-30,Closed Won,1.00,Expansion,12,4988.93,4988.93,4988.93,Won,,Inbound - Paid,true
OPP-001181,CUST-00674,Mid-Market,REP-049,2025-09-24,2025-12-01,2025-11-30,Closed Won,1.00,Expansion,12,27139.78,27139.78,27139.78,Won,,Inbound - Paid,true
OPP-001182,CUST-00684,Mid-Market,REP-049,2025-09-14,2025-12-05,2025-11-30,Closed Won,1.00,Expansion,12,10662.15,10662.15,10662.15,Won,,Inbound - Paid,true
OPP-001183,CUST-00731,Enterprise,REP-014,2025-08-21,2025-12-15,2025-11-30,Closed Won,1.00,Expansion,24,8096.38,8096.38,16192.76,Won,,Inbound - Organic,true
OPP-001184,CUST-00759,SMB,REP-038,2025-10-17,2025-11-06,2025-11-30,Closed Won,1.00,Expansion,1,7767.99,7767.99,647.33,Won,,Outbound - SDR,true
OPP-001185,CUST-01017,Mid-Market,REP-026,2025-10-04,2025-12-02,2025-11-30,Closed Won,1.00,Expansion,12,10577.55,10577.55,10577.55,Won,,Outbound - SDR,true
OPP-001186,CUST-01029,Mid-Market,REP-049,2025-10-11,2025-11-12,2025-11-30,Closed Won,1.00,Expansion,12,1438.48,1438.48,1438.48,Won,,Outbound - SDR,true
OPP-001187,CUST-01100,Mid-Market,REP-039,2025-09-27,2025-12-14,2025-11-30,Closed Won,1.00,Expansion,12,2954.08,2954.08,2954.08,Won,,Outbound - SDR,true
OPP-001188,CUST-01100,Mid-Market,REP-049,2025-10-07,2025-11-04,2025-11-30,Closed Won,1.00,Expansion,12,7738.71,7738.71,7738.71,Won,,Trade Show / Event,true
OPP-001189,CUST-01129,SMB,REP-030,2025-11-16,2025-11-28,2025-11-30,Closed Won,1.00,Expansion,12,4730.57,4730.57,4730.57,Won,,Trade Show / Event,true
OPP-001190,CUST-01134,SMB,REP-030,2025-10-31,2025-11-24,2025-11-30,Closed Won,1.00,Expansion,1,5340.86,5340.86,445.07,Won,,Trade Show / Event,true
OPP-001191,CUST-01282,Mid-Market,REP-049,2025-10-16,2025-11-30,2025-11-30,Closed Won,1.00,Expansion,12,17695.92,17695.92,17695.92,Won,,Inbound - Paid,true
OPP-001192,CUST-01296,Mid-Market,REP-010,2025-09-02,2025-11-03,2025-11-30,Closed Won,1.00,Expansion,1,21840.07,21840.07,1820.01,Won,,Inbound - Organic,true
OPP-001193,CUST-01298,Mid-Market,REP-039,2025-10-27,2025-12-13,2025-11-30,Closed Won,1.00,Expansion,12,13055.54,13055.54,13055.54,Won,,Trade Show / Event,true
OPP-001194,CUST-01318,Mid-Market,REP-032,2025-10-17,2025-12-06,2025-11-30,Closed Won,1.00,Expansion,12,10000.48,10000.48,10000.48,Won,,Inbound - Paid,true
OPP-001195,CUST-01325,Enterprise,REP-029,2025-09-12,2025-12-09,2025-11-30,Closed Won,1.00,Expansion,24,11178.96,11178.96,22357.92,Won,,Inbound - Paid,true
OPP-001196,CUST-01332,Enterprise,REP-029,2025-08-19,2026-01-10,2025-11-30,Closed Won,1.00,Expansion,24,37428.42,37428.42,74856.84,Won,,Inbound - Paid,true
OPP-001197,CUST-01358,SMB,REP-030,2025-09-21,2025-10-19,2025-11-30,Closed Won,1.00,Expansion,12,7835.88,7835.88,7835.88,Won,,Partner / Referral,true
OPP-001198,CUST-01367,SMB,REP-038,2025-11-15,2025-12-01,2025-11-30,Closed Won,1.00,Expansion,1,3753.71,3753.71,312.81,Won,,Inbound - Paid,true
OPP-001199,CUST-01474,SMB,REP-030,2025-10-29,2025-11-22,2025-11-30,Closed Won,1.00,New Logo,1,22591.40,22591.40,1882.62,Won,,Inbound - Paid,true
OPP-001200,CUST-01533,Mid-Market,REP-047,2025-09-04,2025-10-31,2025-10-30,Closed Won,1.00,Expansion,12,50140.32,50140.32,50140.32,Won,,Inbound - Organic,true
OPP-001201,CUST-01548,Mid-Market,REP-010,2025-10-05,2025-11-01,2025-11-30,Closed Won,1.00,New Logo,12,60508.82,60508.82,60508.82,Won,,Inbound - Organic,true
OPP-001202,CUST-01560,Enterprise,REP-045,2025-09-07,2025-11-08,2025-11-30,Closed Won,1.00,Expansion,12,39651.76,39651.76,39651.76,Won,,Trade Show / Event,true
OPP-001203,CUST-00331,SMB,REP-038,2025-10-30,2025-11-30,2025-12-01,Closed Won,1.00,Renewal Uplift,12,296.65,296.65,296.65,Won,,Trade Show / Event,true
OPP-001204,CUST-01087,Mid-Market,REP-049,2024-11-05,2025-12-23,2025-11-01,Closed Won,1.00,Renewal Uplift,12,11015.36,11015.36,11015.36,Won,,Outbound - SDR,true
OPP-001205,CUST-01120,Enterprise,REP-014,2025-09-30,2025-11-09,2025-12-01,Closed Won,1.00,Renewal Uplift,12,6432.65,6432.65,6432.65,Won,,Inbound - Organic,true
OPP-001206,CUST-01510,SMB,REP-037,2025-09-29,2025-11-17,2025-12-02,Closed Won,1.00,New Logo,1,6681.23,6681.23,556.77,Won,,Outbound - SDR,true
OPP-001207,CUST-01500,SMB,REP-038,2025-11-17,2025-11-29,2025-12-03,Closed Won,1.00,New Logo,1,6728.98,6728.98,560.75,Won,,Inbound - Organic,true
OPP-001208,CUST-01557,Mid-Market,REP-049,2025-10-18,2025-12-08,2025-12-04,Closed Won,1.00,New Logo,24,11880.61,11880.61,23761.22,Won,,Trade Show / Event,true
OPP-001209,CUST-00150,SMB,REP-038,2025-10-21,2025-11-01,2025-11-05,Closed Won,1.00,Renewal Uplift,12,179.54,179.54,179.54,Won,,Outbound - SDR,true
OPP-001210,CUST-01486,SMB,REP-030,2025-10-25,2025-11-04,2025-11-06,Closed Won,1.00,New Logo,1,8472.98,8472.98,706.08,Won,,Outbound - SDR,true
OPP-001211,CUST-01501,SMB,REP-038,2025-10-28,2025-11-09,2025-11-07,Closed Won,1.00,New Logo,12,2686.05,2686.05,2686.05,Won,,Outbound - SDR,true
OPP-001212,CUST-01321,Mid-Market,REP-039,2025-09-29,2025-12-17,2025-12-09,Closed Won,1.00,Renewal Uplift,12,2133.71,2133.71,2133.71,Won,,Inbound - Paid,true
OPP-001213,CUST-01480,SMB,REP-037,2025-09-14,2025-10-04,2025-10-10,Closed Won,1.00,New Logo,12,4855.32,4855.32,4855.32,Won,,Outbound - SDR,true
OPP-001214,CUST-01481,SMB,REP-038,2025-11-27,2025-12-06,2025-12-11,Closed Won,1.00,New Logo,1,6126.51,6126.51,510.54,Won,,Outbound - SDR,true
OPP-001215,CUST-00191,Enterprise,REP-029,2025-07-28,2025-11-08,2025-11-12,Closed Won,1.00,Renewal Uplift,12,2296.51,2296.51,2296.51,Won,,Trade Show / Event,true
OPP-001216,CUST-00976,SMB,REP-030,2025-11-04,2025-11-25,2025-12-12,Closed Won,1.00,Renewal Uplift,12,493.69,493.69,493.69,Won,,Partner / Referral,true
OPP-001217,CUST-00327,SMB,REP-030,2025-11-28,2025-12-11,2025-12-13,Closed Won,1.00,Renewal Uplift,12,80.21,80.21,80.21,Won,,Partner / Referral,true
OPP-001218,CUST-01504,SMB,REP-035,2025-11-01,2025-11-11,2025-11-14,Closed Won,1.00,New Logo,12,13056.27,13056.27,13056.27,Won,,Partner / Referral,true
OPP-001219,CUST-01564,Enterprise,REP-045,2025-08-14,2025-10-14,2025-12-14,Closed Won,1.00,New Logo,12,200082.40,200082.40,200082.40,Won,,Trade Show / Event,true
OPP-001220,CUST-01509,SMB,REP-035,2025-10-21,2025-11-14,2025-12-15,Closed Won,1.00,New Logo,1,5476.78,5476.78,456.40,Won,,Inbound - Paid,true
OPP-001221,CUST-01553,Mid-Market,REP-039,2025-07-18,2025-11-06,2025-12-16,Closed Won,1.00,New Logo,12,19085.11,19085.11,19085.11,Won,,Inbound - Paid,true
OPP-001222,CUST-00058,Mid-Market,REP-039,2025-10-09,2025-12-02,2025-12-17,Closed Won,1.00,Renewal Uplift,24,1802.39,1802.39,3604.78,Won,,Inbound - Paid,true
OPP-001223,CUST-00059,Mid-Market,REP-026,2025-08-22,2025-12-21,2025-12-17,Closed Won,1.00,Renewal Uplift,12,629.57,629.57,629.57,Won,,Inbound - Paid,true
OPP-001224,CUST-00146,SMB,REP-037,2025-11-26,2025-12-17,2025-12-17,Closed Won,1.00,Renewal Uplift,12,158.03,158.03,158.03,Won,,Partner / Referral,true
OPP-001225,CUST-01488,SMB,REP-038,2025-11-01,2025-11-15,2025-11-17,Closed Won,1.00,New Logo,1,5634.60,5634.60,469.55,Won,,Inbound - Organic,true
OPP-001226,CUST-01495,SMB,REP-038,2025-11-20,2025-12-12,2025-12-18,Closed Won,1.00,New Logo,12,11361.63,11361.63,11361.63,Won,,Outbound - SDR,true
OPP-001227,CUST-01497,SMB,REP-038,2025-10-25,2025-12-16,2025-12-18,Closed Won,1.00,New Logo,12,18000.96,18000.96,18000.96,Won,,Outbound - SDR,true
OPP-001228,CUST-01498,SMB,REP-038,2025-09-13,2025-10-14,2025-10-19,Closed Won,1.00,New Logo,1,8847.97,8847.97,737.33,Won,,Inbound - Organic,true
OPP-001229,CUST-01502,SMB,REP-038,2025-12-08,2025-12-18,2025-12-20,Closed Won,1.00,New Logo,1,6321.59,6321.59,526.80,Won,,Partner / Referral,true
OPP-001230,CUST-01097,Mid-Market,REP-049,2025-08-13,2025-10-31,2025-12-22,Closed Won,1.00,Renewal Uplift,12,2886.89,2886.89,2886.89,Won,,Inbound - Paid,true
OPP-001231,CUST-01505,SMB,REP-030,2025-11-29,2025-12-20,2025-12-22,Closed Won,1.00,New Logo,1,5042.42,5042.42,420.20,Won,,Inbound - Paid,true
OPP-001232,CUST-01554,Mid-Market,REP-039,2025-08-31,2025-11-05,2025-11-22,Closed Won,1.00,New Logo,24,30259.48,30259.48,60518.96,Won,,Inbound - Organic,true
OPP-001233,CUST-01260,SMB,REP-030,2025-11-20,2025-12-23,2025-12-23,Closed Won,1.00,Renewal Uplift,12,348.48,348.48,348.48,Won,,Outbound - SDR,true
OPP-001234,CUST-01484,SMB,REP-030,2025-11-13,2025-11-21,2025-11-24,Closed Won,1.00,New Logo,36,4167.71,4167.71,12503.13,Won,,Partner / Referral,true
OPP-001235,CUST-00619,SMB,REP-038,2025-10-22,2025-11-21,2025-11-25,Closed Won,1.00,Renewal Uplift,12,46.13,46.13,46.13,Won,,Outbound - SDR,true
OPP-001236,CUST-00712,Mid-Market,REP-026,2025-10-31,2025-12-18,2025-12-26,Closed Won,1.00,Renewal Uplift,12,268.44,268.44,268.44,Won,,Outbound - SDR,true
OPP-001237,CUST-01552,Mid-Market,REP-049,2025-09-09,2025-11-16,2025-12-26,Closed Won,1.00,New Logo,12,53299.29,53299.29,53299.29,Won,,Trade Show / Event,true
OPP-001238,CUST-01556,Mid-Market,REP-039,2025-10-30,2026-01-01,2025-12-26,Closed Won,1.00,New Logo,12,37370.68,37370.68,37370.68,Won,,Inbound - Organic,true
OPP-001239,CUST-00140,SMB,REP-038,2025-12-09,2025-12-23,2025-12-27,Closed Won,1.00,Renewal Uplift,12,189.85,189.85,189.85,Won,,Outbound - SDR,true
OPP-001240,CUST-00185,Mid-Market,REP-039,2025-11-02,2026-01-01,2025-12-27,Closed Won,1.00,Renewal Uplift,12,2282.57,2282.57,2282.57,Won,,Inbound - Paid,true
OPP-001241,CUST-00723,Mid-Market,REP-049,2025-10-22,2026-01-21,2025-12-27,Closed Won,1.00,Renewal Uplift,12,380.36,380.36,380.36,Won,,Outbound - SDR,true
OPP-001242,CUST-01493,SMB,REP-038,2025-12-01,2025-12-20,2025-12-27,Closed Won,1.00,New Logo,1,14949.34,14949.34,1245.78,Won,,Inbound - Organic,true
OPP-001243,CUST-01508,SMB,REP-030,2025-10-14,2025-12-20,2025-12-27,Closed Won,1.00,New Logo,12,8240.41,8240.41,8240.41,Won,,Trade Show / Event,true
OPP-001244,CUST-01086,Mid-Market,REP-026,2025-05-21,2025-12-04,2025-12-28,Closed Won,1.00,Renewal Uplift,12,2582.85,2582.85,2582.85,Won,,Inbound - Paid,true
OPP-001245,CUST-01099,Mid-Market,REP-032,2025-11-12,2026-01-02,2025-12-28,Closed Won,1.00,Renewal Uplift,12,1467.35,1467.35,1467.35,Won,,Inbound - Organic,true
OPP-001246,CUST-01100,Mid-Market,REP-032,2025-12-09,2025-12-16,2025-12-28,Closed Won,1.00,Renewal Uplift,12,1120.18,1120.18,1120.18,Won,,Outbound - SDR,true
OPP-001247,CUST-01119,Enterprise,REP-014,2025-10-24,2025-11-24,2025-11-28,Closed Won,1.00,Renewal Uplift,12,5466.47,5466.47,5466.47,Won,,Inbound - Paid,true
OPP-001248,CUST-01490,SMB,REP-038,2025-10-12,2025-11-29,2025-11-28,Closed Won,1.00,New Logo,1,25721.65,25721.65,2143.47,Won,,Inbound - Paid,true
OPP-001249,CUST-01503,SMB,REP-038,2025-11-13,2025-11-20,2025-11-28,Closed Won,1.00,New Logo,1,6358.33,6358.33,529.86,Won,,Outbound - SDR,true
OPP-001250,CUST-01555,Mid-Market,REP-010,2025-11-26,2025-12-12,2025-12-28,Closed Won,1.00,New Logo,24,32528.73,32528.73,65057.46,Won,,Inbound - Organic,true
OPP-001251,CUST-00404,Mid-Market,REP-032,2025-10-27,2025-12-20,2025-12-29,Closed Won,1.00,Renewal Uplift,12,1190.75,1190.75,1190.75,Won,,Partner / Referral,true
OPP-001252,CUST-00738,Enterprise,REP-044,2025-08-31,2025-11-18,2025-11-29,Closed Won,1.00,Renewal Uplift,36,7177.56,7177.56,21532.68,Won,,Partner / Referral,true
OPP-001253,CUST-00972,SMB,REP-030,2025-12-09,2025-12-22,2025-12-29,Closed Won,1.00,Renewal Uplift,12,97.20,97.20,97.20,Won,,Outbound - SDR,true
OPP-001254,CUST-01092,Mid-Market,REP-010,2025-11-05,2025-12-23,2025-12-29,Closed Won,1.00,Renewal Uplift,24,627.78,627.78,1255.56,Won,,Outbound - SDR,true
OPP-001255,CUST-01094,Mid-Market,REP-039,2025-08-20,2025-11-04,2025-11-29,Closed Won,1.00,Renewal Uplift,12,4500.31,4500.31,4500.31,Won,,Outbound - SDR,true
OPP-001256,CUST-01318,Mid-Market,REP-049,2025-07-22,2025-09-14,2025-10-29,Closed Won,1.00,Renewal Uplift,12,1362.01,1362.01,1362.01,Won,,Outbound - SDR,true
OPP-001257,CUST-01320,Mid-Market,REP-049,2025-10-13,2026-01-08,2025-12-29,Closed Won,1.00,Renewal Uplift,12,514.49,514.49,514.49,Won,,Inbound - Paid,true
OPP-001258,CUST-01485,SMB,REP-038,2025-11-29,2025-12-29,2025-12-29,Closed Won,1.00,New Logo,1,9243.11,9243.11,770.26,Won,,Inbound - Organic,true
OPP-001259,CUST-01489,SMB,REP-048,2025-11-23,2025-12-16,2025-12-29,Closed Won,1.00,New Logo,1,13785.14,13785.14,1148.76,Won,,Inbound - Organic,true
OPP-001260,CUST-01491,SMB,REP-048,2025-11-17,2025-12-20,2025-12-29,Closed Won,1.00,New Logo,12,14018.72,14018.72,14018.72,Won,,Trade Show / Event,true
OPP-001261,CUST-01494,SMB,REP-030,2025-11-28,2025-12-25,2025-12-29,Closed Won,1.00,New Logo,12,8137.33,8137.33,8137.33,Won,,Inbound - Paid,true
OPP-001262,CUST-01496,SMB,REP-030,2025-11-22,2025-12-18,2025-12-29,Closed Won,1.00,New Logo,12,4746.41,4746.41,4746.41,Won,,Outbound - SDR,true
OPP-001263,CUST-01507,SMB,REP-030,2025-09-27,2025-12-03,2025-11-29,Closed Won,1.00,New Logo,1,3636.40,3636.40,303.03,Won,,Outbound - SDR,true
OPP-001264,CUST-01550,Mid-Market,REP-039,2025-10-31,2026-01-21,2025-12-29,Closed Won,1.00,New Logo,12,18076.03,18076.03,18076.03,Won,,Inbound - Organic,true
OPP-001265,CUST-01093,Mid-Market,REP-049,2025-10-11,2026-01-24,2025-12-30,Closed Won,1.00,Renewal Uplift,12,5397.47,5397.47,5397.47,Won,,Outbound - SDR,true
OPP-001266,CUST-01483,SMB,REP-035,2025-12-03,2025-12-30,2025-12-30,Closed Won,1.00,New Logo,1,2175.37,2175.37,181.28,Won,,Inbound - Organic,true
OPP-001267,CUST-01499,SMB,REP-035,2025-11-12,2025-11-26,2025-11-30,Closed Won,1.00,New Logo,1,14018.72,14018.72,1168.23,Won,,Outbound - SDR,true
OPP-001268,CUST-01506,SMB,REP-038,2025-12-19,2025-12-27,2025-12-30,Closed Won,1.00,New Logo,1,8110.21,8110.21,675.85,Won,,Inbound - Paid,true
OPP-001269,CUST-00188,Mid-Market,REP-049,2025-11-23,2026-01-03,2025-12-31,Closed Won,1.00,Renewal Uplift,12,825.33,825.33,825.33,Won,,Partner / Referral,true
OPP-001270,CUST-00381,Mid-Market,REP-026,2025-11-06,2026-01-10,2025-12-31,Closed Won,1.00,Expansion,12,14128.70,14128.70,14128.70,Won,,Inbound - Organic,true
OPP-001271,CUST-00405,Mid-Market,REP-026,2025-09-26,2025-12-11,2025-12-31,Closed Won,1.00,Renewal Uplift,12,1406.83,1406.83,1406.83,Won,,Outbound - SDR,true
OPP-001272,CUST-00651,Mid-Market,REP-032,2025-09-28,2025-11-26,2025-11-30,Closed Won,1.00,Expansion,24,12922.62,12922.62,25845.24,Won,,Partner / Referral,true
OPP-001273,CUST-00663,Mid-Market,REP-026,2025-10-21,2025-11-21,2025-12-31,Closed Won,1.00,Expansion,24,14987.85,14987.85,29975.70,Won,,Outbound - SDR,true
OPP-001274,CUST-00669,Mid-Market,REP-049,2025-11-15,2025-12-17,2025-12-31,Closed Won,1.00,Expansion,12,5087.42,5087.42,5087.42,Won,,Outbound - SDR,true
OPP-001275,CUST-00716,Mid-Market,REP-032,2025-12-02,2025-12-25,2025-12-31,Closed Won,1.00,Renewal Uplift,12,2686.76,2686.76,2686.76,Won,,Trade Show / Event,true
OPP-001276,CUST-00737,Enterprise,REP-029,2025-11-11,2025-12-18,2025-12-31,Closed Won,1.00,Renewal Uplift,12,15793.91,15793.91,15793.91,Won,,Inbound - Organic,true
OPP-001277,CUST-00864,SMB,REP-038,2025-11-05,2025-12-05,2025-11-30,Closed Won,1.00,Expansion,1,683.81,683.81,56.98,Won,,Inbound - Paid,true
OPP-001278,CUST-01002,SMB,REP-038,2025-11-20,2025-12-26,2025-12-31,Closed Won,1.00,Renewal Uplift,12,187.99,187.99,187.99,Won,,Outbound - SDR,true
OPP-001279,CUST-01009,SMB,REP-038,2025-11-10,2025-12-13,2025-12-31,Closed Won,1.00,Renewal Uplift,12,300.79,300.79,300.79,Won,,Partner / Referral,true
OPP-001280,CUST-01054,Mid-Market,REP-010,2025-11-09,2026-01-08,2025-12-31,Closed Won,1.00,Expansion,12,15022.00,15022.00,15022.00,Won,,Outbound - SDR,true
OPP-001281,CUST-01069,Mid-Market,REP-026,2025-09-24,2025-11-15,2025-11-30,Closed Won,1.00,Expansion,12,1541.83,1541.83,1541.83,Won,,Outbound - SDR,true
OPP-001282,CUST-01094,Mid-Market,REP-049,2025-06-16,2025-12-20,2025-12-31,Closed Won,1.00,Expansion,12,4051.30,4051.30,4051.30,Won,,Inbound - Paid,true
OPP-001283,CUST-01275,Mid-Market,REP-039,2025-10-27,2025-12-23,2025-12-31,Closed Won,1.00,Expansion,12,6616.47,6616.47,6616.47,Won,,Inbound - Paid,true
OPP-001284,CUST-01287,Mid-Market,REP-039,2025-02-24,2025-10-19,2025-12-31,Closed Won,1.00,Expansion,12,9325.72,9325.72,9325.72,Won,,Inbound - Paid,true
OPP-001285,CUST-01290,Mid-Market,REP-039,2025-11-16,2025-12-30,2025-12-31,Closed Won,1.00,Expansion,36,9553.27,9553.27,28659.81,Won,,Trade Show / Event,true
OPP-001286,CUST-01306,Mid-Market,REP-026,2025-09-29,2025-10-22,2025-10-31,Closed Won,1.00,Expansion,12,35233.25,35233.25,35233.25,Won,,Partner / Referral,true
OPP-001287,CUST-01318,Mid-Market,REP-050,2025-11-08,2026-01-03,2025-12-31,Closed Won,1.00,Expansion,12,14610.54,14610.54,14610.54,Won,,Inbound - Paid,true
OPP-001288,CUST-01360,SMB,REP-037,2025-12-03,2026-01-04,2025-12-31,Closed Won,1.00,Expansion,1,1898.28,1898.28,158.19,Won,,Partner / Referral,true
OPP-001289,CUST-01376,SMB,REP-035,2025-09-18,2025-11-17,2025-10-31,Closed Won,1.00,Expansion,1,3516.63,3516.63,293.05,Won,,Inbound - Organic,true
OPP-001290,CUST-01440,SMB,REP-038,2025-12-02,2025-12-29,2025-12-31,Closed Won,1.00,Expansion,12,2020.68,2020.68,2020.68,Won,,Partner / Referral,true
OPP-001291,CUST-01442,SMB,REP-038,2025-12-15,2025-12-24,2025-12-31,Closed Won,1.00,Expansion,1,2011.93,2011.93,167.66,Won,,Inbound - Paid,true
OPP-001292,CUST-01482,SMB,REP-048,2025-11-20,2025-12-09,2025-12-31,Closed Won,1.00,New Logo,12,26253.72,26253.72,26253.72,Won,,Inbound - Organic,true
OPP-001293,CUST-01487,SMB,REP-038,2025-12-14,2025-12-28,2025-12-31,Closed Won,1.00,New Logo,1,10153.87,10153.87,846.16,Won,,Inbound - Paid,true
OPP-001294,CUST-01492,SMB,REP-038,2025-11-10,2025-12-21,2025-12-31,Closed Won,1.00,New Logo,1,9136.88,9136.88,761.40,Won,,Inbound - Organic,true
OPP-001295,CUST-01530,Mid-Market,REP-046,2025-10-22,2026-01-11,2025-12-31,Closed Won,1.00,Expansion,12,15411.59,15411.59,15411.59,Won,,Outbound - SDR,true
OPP-001296,CUST-01540,Mid-Market,REP-026,2025-11-13,2025-12-13,2025-12-31,Closed Won,1.00,Expansion,12,6550.80,6550.80,6550.80,Won,,Partner / Referral,true
OPP-001297,CUST-01540,Mid-Market,REP-046,2025-10-24,2025-11-20,2025-12-31,Closed Won,1.00,Expansion,12,15721.92,15721.92,15721.92,Won,,Outbound - SDR,true
OPP-001298,CUST-01551,Mid-Market,REP-039,2025-11-23,2025-12-29,2025-12-31,Closed Won,1.00,New Logo,12,43430.50,43430.50,43430.50,Won,,Inbound - Organic,true
OPP-001299,CUST-01552,Mid-Market,REP-032,2025-10-05,2025-12-23,2025-12-31,Closed Won,1.00,Expansion,12,79089.27,79089.27,79089.27,Won,,Outbound - SDR,true
OPP-001300,CUST-01018,Mid-Market,REP-032,2025-11-06,2025-12-10,2026-01-02,Closed Won,1.00,Renewal Uplift,12,7064.60,7064.60,7064.60,Won,,Inbound - Organic,true
OPP-001301,CUST-01102,Enterprise,REP-029,2025-09-22,2025-11-21,2026-01-02,Closed Won,1.00,Renewal Uplift,12,12506.80,12506.80,12506.80,Won,,Trade Show / Event,true
OPP-001302,CUST-01565,SMB,REP-038,2025-12-15,2026-01-10,2026-01-03,Closed Won,1.00,New Logo,12,13160.21,13160.21,13160.21,Won,,Partner / Referral,true
OPP-001303,CUST-01129,SMB,REP-038,2025-11-22,2026-01-05,2026-01-04,Closed Won,1.00,Renewal Uplift,12,548.38,548.38,548.38,Won,,Inbound - Paid,true
OPP-001304,CUST-00356,Mid-Market,REP-010,2025-12-19,2026-01-13,2026-01-13,Closed Won,1.00,Renewal Uplift,12,858.60,858.60,858.60,Won,,Inbound - Organic,true
OPP-001305,CUST-01566,SMB,REP-030,2025-12-27,2026-01-11,2026-01-14,Closed Won,1.00,New Logo,1,5420.47,5420.47,451.70,Won,,Inbound - Organic,true
OPP-001306,CUST-01573,SMB,REP-038,2025-11-15,2025-12-24,2025-12-15,Closed Won,1.00,New Logo,1,5158.80,5158.80,429.90,Won,,Inbound - Organic,true
OPP-001307,CUST-00741,SMB,REP-038,2025-11-06,2026-01-03,2026-01-17,Closed Won,1.00,Renewal Uplift,12,216.58,216.58,216.58,Won,,Trade Show / Event,true
OPP-001308,CUST-00757,SMB,REP-037,2025-12-14,2026-01-09,2026-01-17,Closed Won,1.00,Renewal Uplift,12,426.11,426.11,426.11,Won,,Trade Show / Event,true
OPP-001309,CUST-01572,SMB,REP-038,2025-12-14,2026-01-08,2026-01-19,Closed Won,1.00,New Logo,1,3506.42,3506.42,292.20,Won,,Partner / Referral,true
OPP-001310,CUST-00725,Enterprise,REP-045,2025-10-02,2026-01-04,2026-01-22,Closed Won,1.00,Renewal Uplift,12,4080.89,4080.89,4080.89,Won,,Inbound - Organic,true
OPP-001311,CUST-01622,Mid-Market,REP-026,2025-11-10,2026-01-29,2026-01-22,Closed Won,1.00,New Logo,24,52581.64,52581.64,105163.28,Won,,Outbound - SDR,true
OPP-001312,CUST-00156,Mid-Market,REP-026,2025-10-15,2026-01-20,2026-01-26,Closed Won,1.00,Renewal Uplift,12,1107.34,1107.34,1107.34,Won,,Outbound - SDR,true
OPP-001313,CUST-01022,Mid-Market,REP-049,2025-12-10,2026-01-29,2026-01-26,Closed Won,1.00,Renewal Uplift,24,1662.13,1662.13,3324.26,Won,,Inbound - Paid,true
OPP-001314,CUST-01570,SMB,REP-030,2026-01-09,2026-01-21,2026-01-26,Closed Won,1.00,New Logo,1,4350.77,4350.77,362.56,Won,,Inbound - Organic,true
OPP-001315,CUST-01621,Mid-Market,REP-046,2025-09-30,2025-11-24,2025-11-26,Closed Won,1.00,New Logo,24,143225.66,143225.66,286451.32,Won,,Inbound - Organic,true
OPP-001316,CUST-00653,Mid-Market,REP-010,2025-12-23,2026-01-16,2026-01-28,Closed Won,1.00,Renewal Uplift,12,1475.43,1475.43,1475.43,Won,,Inbound - Organic,true
OPP-001317,CUST-00739,SMB,REP-038,2026-01-19,2026-01-26,2026-01-29,Closed Won,1.00,Renewal Uplift,12,500.57,500.57,500.57,Won,,Trade Show / Event,true
OPP-001318,CUST-01336,SMB,REP-038,2025-10-30,2025-11-22,2025-11-29,Closed Won,1.00,Renewal Uplift,12,238.83,238.83,238.83,Won,,Partner / Referral,true
OPP-001319,CUST-00654,Mid-Market,REP-032,2025-10-05,2025-12-24,2026-01-30,Closed Won,1.00,Renewal Uplift,24,1060.71,1060.71,2121.42,Won,,Inbound - Paid,true
OPP-001320,CUST-01101,Enterprise,REP-014,2025-10-29,2026-01-16,2026-01-30,Closed Won,1.00,Renewal Uplift,12,5181.66,5181.66,5181.66,Won,,Outbound - SDR,true
OPP-001321,CUST-01275,Mid-Market,REP-026,2025-10-28,2026-01-07,2025-12-30,Closed Won,1.00,Renewal Uplift,12,1863.18,1863.18,1863.18,Won,,Inbound - Organic,true
OPP-001322,CUST-01512,Mid-Market,REP-049,2025-11-10,2025-12-24,2025-12-30,Closed Won,1.00,Renewal Uplift,12,1889.73,1889.73,1889.73,Won,,Outbound - SDR,true
OPP-001323,CUST-01568,SMB,REP-035,2025-12-27,2026-01-31,2026-01-30,Closed Won,1.00,New Logo,12,10820.02,10820.02,10820.02,Won,,Trade Show / Event,true
OPP-001324,CUST-01571,SMB,REP-038,2025-12-28,2026-02-05,2026-01-30,Closed Won,1.00,New Logo,1,7353.25,7353.25,612.77,Won,,Trade Show / Event,true
OPP-001325,CUST-00166,Mid-Market,REP-026,2025-11-11,2026-02-10,2026-01-31,Closed Won,1.00,Expansion,24,2513.73,2513.73,5027.46,Won,,Inbound - Paid,true
OPP-001326,CUST-00373,Mid-Market,REP-026,2025-12-29,2026-02-01,2026-01-31,Closed Won,1.00,Expansion,12,8397.48,8397.48,8397.48,Won,,Inbound - Organic,true
OPP-001327,CUST-00699,Mid-Market,REP-026,2025-12-17,2026-02-12,2026-01-31,Closed Won,1.00,Expansion,12,29593.38,29593.38,29593.38,Won,,Partner / Referral,true
OPP-001328,CUST-00734,Enterprise,REP-014,2025-11-26,2025-12-23,2025-12-31,Closed Won,1.00,Expansion,36,10345.84,10345.84,31037.52,Won,,Outbound - SDR,true
OPP-001329,CUST-01017,Mid-Market,REP-049,2025-08-08,2025-12-18,2026-01-31,Closed Won,1.00,Renewal Uplift,12,2960.13,2960.13,2960.13,Won,,Trade Show / Event,true
OPP-001330,CUST-01018,Mid-Market,REP-010,2025-12-26,2026-02-04,2026-01-31,Closed Won,1.00,Expansion,12,24662.76,24662.76,24662.76,Won,,Inbound - Paid,true
OPP-001331,CUST-01024,Mid-Market,REP-050,2025-07-27,2025-12-09,2026-01-31,Closed Won,1.00,Expansion,12,9824.26,9824.26,9824.26,Won,,Inbound - Paid,true
OPP-001332,CUST-01032,Mid-Market,REP-049,2025-10-04,2026-01-04,2025-12-31,Closed Won,1.00,Expansion,12,1082.56,1082.56,1082.56,Won,,Outbound - SDR,true
OPP-001333,CUST-01060,Mid-Market,REP-010,2025-10-29,2026-02-25,2026-01-31,Closed Won,1.00,Expansion,12,12710.02,12710.02,12710.02,Won,,Inbound - Paid,true
OPP-001334,CUST-01317,Mid-Market,REP-026,2025-10-08,2026-02-06,2026-01-31,Closed Won,1.00,Expansion,1,40661.17,40661.17,3388.43,Won,,Partner / Referral,true
OPP-001335,CUST-01362,SMB,REP-035,2025-11-22,2025-11-29,2025-11-30,Closed Won,1.00,Expansion,1,1316.62,1316.62,109.72,Won,,Outbound - SDR,true
OPP-001336,CUST-01381,SMB,REP-038,2025-12-18,2026-02-08,2026-01-31,Closed Won,1.00,Expansion,1,3759.78,3759.78,313.31,Won,,Inbound - Organic,true
OPP-001337,CUST-01405,SMB,REP-038,2026-01-17,2026-01-31,2026-01-31,Closed Won,1.00,Expansion,12,3510.14,3510.14,3510.14,Won,,Inbound - Organic,true
OPP-001338,CUST-01490,SMB,REP-030,2026-01-11,2026-01-19,2026-01-31,Closed Won,1.00,Expansion,1,5144.33,5144.33,428.69,Won,,Inbound - Paid,true
OPP-001339,CUST-01514,Mid-Market,REP-049,2026-01-08,2026-01-17,2026-01-31,Closed Won,1.00,Expansion,12,30966.81,30966.81,30966.81,Won,,Outbound - SDR,true
OPP-001340,CUST-01547,Mid-Market,REP-039,2025-12-08,2026-01-17,2026-01-31,Closed Won,1.00,Expansion,12,111593.09,111593.09,111593.09,Won,,Outbound - SDR,true
OPP-001341,CUST-01558,Enterprise,REP-045,2025-06-02,2026-03-19,2026-01-31,Closed Won,1.00,Renewal Uplift,12,17681.76,17681.76,17681.76,Won,,Partner / Referral,true
OPP-001342,CUST-01567,SMB,REP-048,2026-01-02,2026-01-30,2026-01-31,Closed Won,1.00,New Logo,1,13978.93,13978.93,1164.91,Won,,Partner / Referral,true
OPP-001343,CUST-01569,SMB,REP-038,2025-09-20,2025-12-01,2025-11-30,Closed Won,1.00,New Logo,1,6879.69,6879.69,573.31,Won,,Inbound - Paid,true
OPP-001344,CUST-01559,Enterprise,REP-029,2025-11-14,2026-01-03,2026-02-02,Closed Won,1.00,Renewal Uplift,12,5374.33,5374.33,5374.33,Won,,Inbound - Organic,true
OPP-001345,CUST-01576,SMB,REP-038,2026-01-07,2026-01-29,2026-02-02,Closed Won,1.00,New Logo,1,8455.14,8455.14,704.59,Won,,Inbound - Paid,true
OPP-001346,CUST-01355,SMB,REP-037,2026-01-23,2026-02-04,2026-02-03,Closed Won,1.00,Renewal Uplift,12,361.98,361.98,361.98,Won,,Inbound - Organic,true
OPP-001347,CUST-01579,SMB,REP-048,2025-12-31,2026-02-04,2026-02-04,Closed Won,1.00,New Logo,12,11568.15,11568.15,11568.15,Won,,Partner / Referral,true
OPP-001348,CUST-01580,SMB,REP-030,2025-12-11,2026-01-04,2026-02-04,Closed Won,1.00,New Logo,1,3666.78,3666.78,305.56,Won,,Partner / Referral,true
OPP-001349,CUST-01358,SMB,REP-030,2026-01-06,2026-02-15,2026-02-09,Closed Won,1.00,Renewal Uplift,12,929.08,929.08,929.08,Won,,Outbound - SDR,true
OPP-001350,CUST-00657,Mid-Market,REP-049,2025-10-27,2026-01-19,2026-02-11,Closed Won,1.00,Renewal Uplift,12,2043.81,2043.81,2043.81,Won,,Outbound - SDR,true
OPP-001351,CUST-01624,Mid-Market,REP-050,2025-12-02,2026-02-08,2026-02-13,Closed Won,1.00,New Logo,12,32800.60,32800.60,32800.60,Won,,Outbound - SDR,true
OPP-001352,CUST-01575,SMB,REP-038,2025-12-22,2026-01-03,2026-01-16,Closed Won,1.00,New Logo,1,3813.55,3813.55,317.80,Won,,Outbound - SDR,true
OPP-001353,CUST-01636,Enterprise,REP-045,2025-10-01,2026-01-01,2026-01-16,Closed Won,1.00,New Logo,24,164833.52,164833.52,329667.04,Won,,Outbound - SDR,true
OPP-001354,CUST-01023,Mid-Market,REP-050,2026-01-01,2026-02-06,2026-02-23,Closed Won,1.00,Renewal Uplift,12,1231.10,1231.10,1231.10,Won,,Partner / Referral,true
OPP-001355,CUST-01574,SMB,REP-038,2026-01-29,2026-02-26,2026-02-25,Closed Won,1.00,New Logo,12,3926.45,3926.45,3926.45,Won,,Trade Show / Event,true
OPP-001356,CUST-01623,Mid-Market,REP-049,2025-10-27,2026-02-25,2026-02-25,Closed Won,1.00,New Logo,12,85482.10,85482.10,85482.10,Won,,Inbound - Organic,true
OPP-001357,CUST-01027,Mid-Market,REP-026,2025-11-24,2025-12-15,2025-12-26,Closed Won,1.00,Renewal Uplift,12,14009.43,14009.43,14009.43,Won,,Inbound - Organic,true
OPP-001358,CUST-01578,SMB,REP-048,2026-02-14,2026-02-22,2026-02-26,Closed Won,1.00,New Logo,12,3684.31,3684.31,3684.31,Won,,Inbound - Paid,true
OPP-001359,CUST-01581,SMB,REP-037,2026-01-06,2026-02-06,2026-02-26,Closed Won,1.00,New Logo,12,9581.24,9581.24,9581.24,Won,,Trade Show / Event,true
OPP-001360,CUST-00357,Mid-Market,REP-050,2025-11-06,2026-01-12,2026-02-27,Closed Won,1.00,Renewal Uplift,12,2081.88,2081.88,2081.88,Won,,Partner / Referral,true
OPP-001361,CUST-00767,SMB,REP-038,2026-01-09,2026-02-17,2026-02-27,Closed Won,1.00,Renewal Uplift,12,304.37,304.37,304.37,Won,,Inbound - Organic,true
OPP-001362,CUST-00055,Mid-Market,REP-010,2026-01-04,2026-02-24,2026-02-28,Closed Won,1.00,Expansion,12,28377.34,28377.34,28377.34,Won,,Outbound - SDR,true
OPP-001363,CUST-00070,SMB,REP-038,2026-01-29,2026-03-12,2026-02-28,Closed Won,1.00,Renewal Uplift,12,187.29,187.29,187.29,Won,,Outbound - SDR,true
OPP-001364,CUST-00156,Mid-Market,REP-049,2026-01-04,2026-02-08,2026-02-28,Closed Won,1.00,Expansion,12,7437.01,7437.01,7437.01,Won,,Inbound - Paid,true
OPP-001365,CUST-00356,Mid-Market,REP-032,2025-10-02,2026-03-22,2026-02-28,Closed Won,1.00,Expansion,12,10069.48,10069.48,10069.48,Won,,Inbound - Organic,true
OPP-001366,CUST-00416,Enterprise,REP-044,2026-01-18,2026-02-15,2026-02-28,Closed Won,1.00,Expansion,24,31842.09,31842.09,63684.18,Won,,Inbound - Organic,true
OPP-001367,CUST-00778,SMB,REP-038,2026-02-07,2026-03-02,2026-02-28,Closed Won,1.00,Renewal Uplift,12,811.20,811.20,811.20,Won,,Inbound - Organic,true
OPP-001368,CUST-00782,SMB,REP-030,2026-02-01,2026-02-18,2026-02-28,Closed Won,1.00,Expansion,1,8075.03,8075.03,672.92,Won,,Trade Show / Event,true
OPP-001369,CUST-01059,Mid-Market,REP-026,2025-12-05,2026-03-06,2026-02-28,Closed Won,1.00,Expansion,12,5322.80,5322.80,5322.80,Won,,Inbound - Paid,true
OPP-001370,CUST-01264,SMB,REP-048,2026-01-27,2026-02-19,2026-02-28,Closed Won,1.00,Expansion,1,3848.69,3848.69,320.72,Won,,Outbound - SDR,true
OPP-001371,CUST-01281,Mid-Market,REP-026,2025-10-10,2025-12-04,2025-12-28,Closed Won,1.00,Expansion,12,30164.25,30164.25,30164.25,Won,,Partner / Referral,true
OPP-001372,CUST-01304,Mid-Market,REP-049,2025-12-12,2026-02-28,2026-02-28,Closed Won,1.00,Expansion,12,7839.75,7839.75,7839.75,Won,,Inbound - Paid,true
OPP-001373,CUST-01318,Mid-Market,REP-026,2026-01-08,2026-02-16,2026-02-28,Closed Won,1.00,Expansion,12,3522.39,3522.39,3522.39,Won,,Inbound - Organic,true
OPP-001374,CUST-01319,Mid-Market,REP-049,2025-11-08,2026-02-09,2026-02-28,Closed Won,1.00,Expansion,12,2309.39,2309.39,2309.39,Won,,Outbound - SDR,true
OPP-001375,CUST-01344,SMB,REP-038,2025-12-20,2025-12-27,2025-12-28,Closed Won,1.00,Expansion,1,6263.25,6263.25,521.94,Won,,Inbound - Organic,true
OPP-001376,CUST-01420,SMB,REP-030,2026-01-31,2026-02-24,2026-02-28,Closed Won,1.00,Expansion,1,5664.97,5664.97,472.08,Won,,Inbound - Organic,true
OPP-001377,CUST-01428,SMB,REP-030,2026-02-04,2026-02-28,2026-02-28,Closed Won,1.00,Expansion,1,1336.37,1336.37,111.36,Won,,Outbound - SDR,true
OPP-001378,CUST-01524,Mid-Market,REP-039,2025-12-01,2026-03-12,2026-02-28,Closed Won,1.00,Expansion,12,53013.84,53013.84,53013.84,Won,,Outbound - SDR,true
OPP-001379,CUST-01531,Mid-Market,REP-039,2026-01-27,2026-02-14,2026-02-28,Closed Won,1.00,Expansion,12,29504.73,29504.73,29504.73,Won,,Outbound - SDR,true
OPP-001380,CUST-01540,Mid-Market,REP-039,2025-09-27,2026-02-14,2026-02-28,Closed Won,1.00,Expansion,12,4494.63,4494.63,4494.63,Won,,Inbound - Paid,true
OPP-001381,CUST-01577,SMB,REP-030,2026-01-19,2026-03-09,2026-02-28,Closed Won,1.00,New Logo,12,5446.14,5446.14,5446.14,Won,,Inbound - Paid,true
OPP-001382,CUST-01106,Enterprise,REP-029,2026-01-03,2026-02-28,2026-03-01,Closed Won,1.00,Renewal Uplift,12,5240.02,5240.02,5240.02,Won,,Partner / Referral,true
OPP-001383,CUST-01594,SMB,REP-038,2025-12-29,2026-01-30,2026-02-01,Closed Won,1.00,New Logo,1,7121.04,7121.04,593.42,Won,,Trade Show / Event,true
OPP-001384,CUST-01625,Mid-Market,REP-039,2026-01-07,2026-02-20,2026-03-04,Closed Won,1.00,New Logo,36,35321.08,35321.08,105963.24,Won,,Outbound - SDR,true
OPP-001385,CUST-01584,SMB,REP-038,2026-02-01,2026-03-07,2026-03-06,Closed Won,1.00,New Logo,12,9644.32,9644.32,9644.32,Won,,Trade Show / Event,true
OPP-001386,CUST-01591,SMB,REP-038,2026-02-20,2026-03-06,2026-03-06,Closed Won,1.00,New Logo,12,4168.63,4168.63,4168.63,Won,,Outbound - SDR,true
OPP-001387,CUST-01586,SMB,REP-038,2026-01-22,2026-03-10,2026-03-07,Closed Won,1.00,New Logo,1,16154.83,16154.83,1346.24,Won,,Inbound - Organic,true
OPP-001388,CUST-00663,Mid-Market,REP-050,2026-02-01,2026-03-02,2026-03-08,Closed Won,1.00,Renewal Uplift,24,2698.39,2698.39,5396.78,Won,,Partner / Referral,true
OPP-001389,CUST-00790,SMB,REP-048,2026-02-08,2026-02-26,2026-03-08,Closed Won,1.00,Renewal Uplift,12,356.76,356.76,356.76,Won,,Inbound - Organic,true
OPP-001390,CUST-01628,Mid-Market,REP-049,2025-11-28,2026-02-16,2026-02-08,Closed Won,1.00,New Logo,12,31166.55,31166.55,31166.55,Won,,Partner / Referral,true
OPP-001391,CUST-01285,Mid-Market,REP-039,2025-12-30,2026-01-28,2026-02-09,Closed Won,1.00,Renewal Uplift,12,2283.30,2283.30,2283.30,Won,,Trade Show / Event,true
OPP-001392,CUST-00224,SMB,REP-038,2026-02-27,2026-03-08,2026-03-10,Closed Won,1.00,Renewal Uplift,12,88.77,88.77,88.77,Won,,Trade Show / Event,true
OPP-001393,CUST-01588,SMB,REP-030,2026-02-09,2026-02-28,2026-03-10,Closed Won,1.00,New Logo,12,3354.87,3354.87,3354.87,Won,,Inbound - Organic,true
OPP-001394,CUST-00362,Mid-Market,REP-032,2026-01-26,2026-03-11,2026-03-11,Closed Won,1.00,Renewal Uplift,12,2339.40,2339.40,2339.40,Won,,Inbound - Paid,true
OPP-001395,CUST-01029,Mid-Market,REP-026,2026-01-10,2026-02-25,2026-03-11,Closed Won,1.00,Renewal Uplift,12,1903.07,1903.07,1903.07,Won,,Trade Show / Event,true
OPP-001396,CUST-00668,Mid-Market,REP-050,2025-12-24,2026-02-13,2026-03-13,Closed Won,1.00,Renewal Uplift,12,1445.65,1445.65,1445.65,Won,,Inbound - Organic,true
OPP-001397,CUST-01583,SMB,REP-048,2026-01-25,2026-03-12,2026-03-14,Closed Won,1.00,New Logo,1,7345.02,7345.02,612.09,Won,,Inbound - Paid,true
OPP-001398,CUST-00667,Mid-Market,REP-010,2026-01-23,2026-02-28,2026-03-15,Closed Won,1.00,Renewal Uplift,12,943.34,943.34,943.34,Won,,Inbound - Paid,true
OPP-001399,CUST-01036,Mid-Market,REP-010,2026-01-04,2026-02-06,2026-02-19,Closed Won,1.00,Renewal Uplift,12,3029.98,3029.98,3029.98,Won,,Inbound - Paid,true
OPP-001400,CUST-01522,Mid-Market,REP-049,2025-10-27,2026-01-27,2026-02-20,Closed Won,1.00,Renewal Uplift,12,4415.72,4415.72,4415.72,Won,,Partner / Referral,true
OPP-001401,CUST-00786,SMB,REP-038,2026-02-17,2026-03-26,2026-03-22,Closed Won,1.00,Renewal Uplift,12,512.46,512.46,512.46,Won,,Inbound - Organic,true
OPP-001402,CUST-01593,SMB,REP-030,2026-02-03,2026-03-18,2026-03-22,Closed Won,1.00,New Logo,12,7815.08,7815.08,7815.08,Won,,Inbound - Organic,true
OPP-001403,CUST-01589,SMB,REP-038,2026-01-17,2026-02-19,2026-02-25,Closed Won,1.00,New Logo,12,8228.09,8228.09,8228.09,Won,,Outbound - SDR,true
OPP-001404,CUST-01371,SMB,REP-038,2025-12-15,2026-02-08,2026-02-26,Closed Won,1.00,Renewal Uplift,12,127.93,127.93,127.93,Won,,Partner / Referral,true
OPP-001405,CUST-01587,SMB,REP-035,2026-01-19,2026-03-21,2026-03-26,Closed Won,1.00,New Logo,1,3022.04,3022.04,251.84,Won,,Outbound - SDR,true
OPP-001406,CUST-00226,SMB,REP-030,2026-01-11,2026-02-20,2026-02-27,Closed Won,1.00,Renewal Uplift,12,158.32,158.32,158.32,Won,,Inbound - Organic,true
OPP-001407,CUST-00662,Mid-Market,REP-039,2026-01-19,2026-03-11,2026-03-27,Closed Won,1.00,Renewal Uplift,12,2314.62,2314.62,2314.62,Won,,Inbound - Organic,true
OPP-001408,CUST-01105,Enterprise,REP-029,2025-07-02,2026-04-06,2026-03-27,Closed Won,1.00,Renewal Uplift,12,5130.91,5130.91,5130.91,Won,,Inbound - Paid,true
OPP-001409,CUST-01156,SMB,REP-038,2026-01-09,2026-01-24,2026-01-27,Closed Won,1.00,Renewal Uplift,12,189.87,189.87,189.87,Won,,Partner / Referral,true
OPP-001410,CUST-01582,SMB,REP-037,2026-02-26,2026-03-25,2026-03-27,Closed Won,1.00,New Logo,1,3837.71,3837.71,319.81,Won,,Outbound - SDR,true
OPP-001411,CUST-00461,SMB,REP-038,2026-03-10,2026-03-26,2026-03-28,Closed Won,1.00,Renewal Uplift,12,90.46,90.46,90.46,Won,,Inbound - Organic,true
OPP-001412,CUST-00665,Mid-Market,REP-032,2026-02-01,2026-03-17,2026-03-28,Closed Won,1.00,Renewal Uplift,12,2426.76,2426.76,2426.76,Won,,Inbound - Organic,true
OPP-001413,CUST-01379,SMB,REP-037,2026-02-20,2026-04-11,2026-03-28,Closed Won,1.00,Renewal Uplift,12,604.53,604.53,604.53,Won,,Inbound - Paid,true
OPP-001414,CUST-01585,SMB,REP-038,2026-03-08,2026-03-21,2026-03-28,Closed Won,1.00,New Logo,1,11426.40,11426.40,952.20,Won,,Inbound - Paid,true
OPP-001415,CUST-01590,SMB,REP-038,2026-03-09,2026-03-18,2026-03-28,Closed Won,1.00,New Logo,1,21116.81,21116.81,1759.73,Won,,Partner / Referral,true
OPP-001416,CUST-00361,Mid-Market,REP-039,2026-02-09,2026-03-23,2026-03-29,Closed Won,1.00,Renewal Uplift,12,1878.51,1878.51,1878.51,Won,,Outbound - SDR,true
OPP-001417,CUST-01592,SMB,REP-038,2026-03-18,2026-03-26,2026-03-29,Closed Won,1.00,New Logo,1,19548.26,19548.26,1629.02,Won,,Trade Show / Event,true
OPP-001418,CUST-01627,Mid-Market,REP-010,2026-03-02,2026-03-30,2026-03-29,Closed Won,1.00,New Logo,12,34872.90,34872.90,34872.90,Won,,Partner / Referral,true
OPP-001419,CUST-01626,Mid-Market,REP-039,2026-01-07,2026-03-05,2026-03-30,Closed Won,1.00,New Logo,12,56244.42,56244.42,56244.42,Won,,Outbound - SDR,true
OPP-001420,CUST-00378,Mid-Market,REP-050,2025-10-21,2026-02-10,2026-02-28,Closed Won,1.00,Expansion,12,16604.28,16604.28,16604.28,Won,,Inbound - Paid,true
OPP-001421,CUST-00394,Mid-Market,REP-051,2025-12-06,2026-04-06,2026-03-31,Closed Won,1.00,Expansion,1,10877.94,10877.94,906.50,Won,,Inbound - Paid,true
OPP-001422,CUST-00405,Mid-Market,REP-010,2026-02-20,2026-03-24,2026-03-31,Closed Won,1.00,Expansion,12,7611.11,7611.11,7611.11,Won,,Inbound - Paid,true
OPP-001423,CUST-00475,SMB,REP-035,2026-03-05,2026-04-08,2026-03-31,Closed Won,1.00,Renewal Uplift,12,238.14,238.14,238.14,Won,,Partner / Referral,true
OPP-001424,CUST-00671,Mid-Market,REP-032,2026-02-18,2026-04-02,2026-03-31,Closed Won,1.00,Expansion,24,21594.48,21594.48,43188.96,Won,,Outbound - SDR,true
OPP-001425,CUST-00764,SMB,REP-038,2026-02-20,2026-02-28,2026-02-28,Closed Won,1.00,Expansion,1,5198.75,5198.75,433.23,Won,,Inbound - Paid,true
OPP-001426,CUST-01055,Mid-Market,REP-050,2026-02-09,2026-03-12,2026-03-31,Closed Won,1.00,Expansion,12,6760.76,6760.76,6760.76,Won,,Inbound - Organic,true
OPP-001427,CUST-01083,Mid-Market,REP-026,2025-12-20,2026-02-26,2026-03-31,Closed Won,1.00,Expansion,12,5567.67,5567.67,5567.67,Won,,Inbound - Paid,true
OPP-001428,CUST-01083,Mid-Market,REP-039,2025-12-24,2026-03-14,2026-03-31,Closed Won,1.00,Expansion,12,8147.83,8147.83,8147.83,Won,,Outbound - SDR,true
OPP-001429,CUST-01293,Mid-Market,REP-050,2026-02-26,2026-03-20,2026-03-31,Closed Won,1.00,Expansion,24,8300.09,8300.09,16600.18,Won,,Inbound - Paid,true
OPP-001430,CUST-01312,Mid-Market,REP-051,2026-03-14,2026-03-21,2026-03-31,Closed Won,1.00,Expansion,12,11933.66,11933.66,11933.66,Won,,Outbound - SDR,true
OPP-001431,CUST-01358,SMB,REP-038,2026-02-05,2026-02-25,2026-02-28,Closed Won,1.00,Expansion,12,7065.72,7065.72,7065.72,Won,,Inbound - Organic,true
OPP-001432,CUST-01406,SMB,REP-038,2026-01-09,2026-01-19,2026-01-31,Closed Won,1.00,Expansion,1,5083.77,5083.77,423.65,Won,,Inbound - Paid,true
OPP-001433,CUST-01417,SMB,REP-038,2026-03-22,2026-03-29,2026-03-31,Closed Won,1.00,Expansion,12,4992.28,4992.28,4992.28,Won,,Outbound - SDR,true
OPP-001434,CUST-01417,SMB,REP-030,2026-03-12,2026-03-30,2026-03-31,Closed Won,1.00,Expansion,12,6240.35,6240.35,6240.35,Won,,Outbound - SDR,true
OPP-001435,CUST-01420,SMB,REP-035,2026-02-12,2026-03-01,2026-02-28,Closed Won,1.00,Expansion,1,6514.72,6514.72,542.89,Won,,Outbound - SDR,true
OPP-001436,CUST-01504,SMB,REP-030,2026-02-02,2026-02-20,2026-02-28,Closed Won,1.00,Expansion,12,5035.78,5035.78,5035.78,Won,,Outbound - SDR,true
OPP-001437,CUST-01542,Mid-Market,REP-032,2025-09-24,2026-02-05,2026-02-28,Closed Won,1.00,Expansion,12,9122.69,9122.69,9122.69,Won,,Inbound - Organic,true
OPP-001438,CUST-01544,Mid-Market,REP-026,2026-02-12,2026-04-07,2026-03-31,Closed Won,1.00,Expansion,24,41025.53,41025.53,82051.06,Won,,Inbound - Paid,true
OPP-001439,CUST-01627,Mid-Market,REP-026,2025-12-17,2026-03-04,2026-02-28,Closed Won,1.00,Expansion,12,52309.34,52309.34,52309.34,Won,,Inbound - Organic,true
OPP-001440,CUST-01637,Enterprise,REP-014,2025-11-25,2026-04-04,2026-03-31,Closed Won,1.00,New Logo,12,122294.13,122294.13,122294.13,Won,,Trade Show / Event,true
OPP-001441,CUST-00494,SMB,REP-030,2026-03-18,2026-03-28,2026-04-01,Closed Won,1.00,Renewal Uplift,12,479.09,479.09,479.09,Won,,Outbound - SDR,true
OPP-001442,CUST-00822,SMB,REP-038,2026-02-04,2026-03-19,2026-04-01,Closed Won,1.00,Renewal Uplift,12,229.52,229.52,229.52,Won,,Outbound - SDR,true
OPP-001443,CUST-01080,Mid-Market,REP-026,2026-02-08,2026-03-15,2026-04-01,Closed Won,1.00,Renewal Uplift,12,1704.67,1704.67,1704.67,Won,,Trade Show / Event,true
OPP-001444,CUST-01601,SMB,REP-030,2026-03-13,2026-03-29,2026-04-01,Closed Won,1.00,New Logo,1,3722.63,3722.63,310.22,Won,,Inbound - Organic,true
OPP-001445,CUST-00370,Mid-Market,REP-026,2026-02-20,2026-03-28,2026-04-03,Closed Won,1.00,Renewal Uplift,24,2698.30,2698.30,5396.60,Won,,Inbound - Paid,true
OPP-001446,CUST-01044,Mid-Market,REP-032,2026-02-27,2026-04-10,2026-04-08,Closed Won,1.00,Renewal Uplift,12,516.23,516.23,516.23,Won,,Partner / Referral,true
OPP-001447,CUST-01630,Mid-Market,REP-050,2026-01-02,2026-04-14,2026-04-09,Closed Won,1.00,New Logo,12,38751.38,38751.38,38751.38,Won,,Inbound - Paid,true
OPP-001448,CUST-01602,SMB,REP-038,2026-04-04,2026-04-11,2026-04-10,Closed Won,1.00,New Logo,12,18404.20,18404.20,18404.20,Won,,Outbound - SDR,true
OPP-001449,CUST-00829,SMB,REP-048,2026-03-30,2026-04-07,2026-04-11,Closed Won,1.00,Renewal Uplift,12,905.19,905.19,905.19,Won,,Outbound - SDR,true
OPP-001450,CUST-01595,SMB,REP-038,2025-12-28,2026-03-24,2026-04-13,Closed Won,1.00,New Logo,1,7516.75,7516.75,626.40,Won,,Inbound - Paid,true
OPP-001451,ACCT-P-001451,SMB,REP-030,2026-04-11,2026-04-18,2026-04-15,Closed Won,1.00,New Logo,12,14316.79,14316.79,14316.79,Won,,Inbound - Organic,false
OPP-001452,CUST-00236,SMB,REP-030,2026-03-27,2026-04-13,2026-04-21,Closed Won,1.00,Renewal Uplift,12,55.38,55.38,55.38,Won,,Inbound - Paid,true
OPP-001453,CUST-00827,SMB,REP-038,2026-04-13,2026-04-20,2026-04-22,Closed Won,1.00,Renewal Uplift,12,311.66,311.66,311.66,Won,,Partner / Referral,true
OPP-001454,CUST-01525,Mid-Market,REP-039,2025-11-01,2026-03-05,2026-02-22,Closed Won,1.00,Renewal Uplift,12,925.36,925.36,925.36,Won,,Outbound - SDR,true
OPP-001455,CUST-01629,Mid-Market,REP-032,2026-02-03,2026-04-20,2026-04-23,Closed Won,1.00,New Logo,12,23461.21,23461.21,23461.21,Won,,Partner / Referral,true
OPP-001456,CUST-00672,Mid-Market,REP-010,2026-02-09,2026-03-19,2026-04-24,Closed Won,1.00,Renewal Uplift,12,833.20,833.20,833.20,Won,,Trade Show / Event,true
OPP-001457,CUST-00369,Mid-Market,REP-026,2026-02-11,2026-03-30,2026-04-27,Closed Won,1.00,Renewal Uplift,12,1334.93,1334.93,1334.93,Won,,Inbound - Paid,true
OPP-001458,CUST-01596,SMB,REP-038,2026-04-12,2026-04-23,2026-04-27,Closed Won,1.00,New Logo,1,10274.37,10274.37,856.20,Won,,Inbound - Paid,true
OPP-001459,CUST-01599,SMB,REP-038,2026-03-20,2026-04-22,2026-04-27,Closed Won,1.00,New Logo,1,5136.30,5136.30,428.03,Won,,Trade Show / Event,true
OPP-001460,CUST-01524,Mid-Market,REP-050,2026-03-10,2026-04-11,2026-04-28,Closed Won,1.00,Renewal Uplift,12,7106.64,7106.64,7106.64,Won,,Inbound - Organic,true
OPP-001461,CUST-01597,SMB,REP-030,2026-04-11,2026-04-25,2026-04-28,Closed Won,1.00,New Logo,1,5509.19,5509.19,459.10,Won,,Inbound - Paid,true
OPP-001462,CUST-01598,SMB,REP-048,2026-04-13,2026-04-24,2026-04-28,Closed Won,1.00,New Logo,1,6692.23,6692.23,557.69,Won,,Inbound - Organic,true
OPP-001463,CUST-00050,Mid-Market,REP-051,2026-02-21,2026-04-29,2026-04-30,Closed Won,1.00,Expansion,12,17065.58,17065.58,17065.58,Won,,Outbound - SDR,true
OPP-001464,CUST-00175,Mid-Market,REP-032,2026-03-09,2026-04-30,2026-04-30,Closed Won,1.00,Expansion,12,6032.29,6032.29,6032.29,Won,,Inbound - Paid,true
OPP-001465,CUST-00412,Enterprise,REP-014,2025-12-17,2026-04-18,2026-04-30,Closed Won,1.00,Expansion,36,11202.92,11202.92,33608.76,Won,,Inbound - Paid,true
OPP-001466,CUST-00653,Mid-Market,REP-026,2026-03-05,2026-04-19,2026-04-30,Closed Won,1.00,Expansion,12,17960.97,17960.97,17960.97,Won,,Inbound - Paid,true
OPP-001467,CUST-00697,Mid-Market,REP-026,2026-03-15,2026-04-28,2026-04-30,Closed Won,1.00,Expansion,36,53689.71,53689.71,161069.13,Won,,Outbound - SDR,true
OPP-001468,CUST-00706,Mid-Market,REP-010,2025-10-05,2026-03-27,2026-04-30,Closed Won,1.00,Expansion,12,7215.66,7215.66,7215.66,Won,,Inbound - Organic,true
OPP-001469,CUST-00736,Enterprise,REP-044,2025-11-20,2026-02-17,2026-04-30,Closed Won,1.00,Expansion,12,14841.12,14841.12,14841.12,Won,,Partner / Referral,true
OPP-001470,CUST-00972,SMB,REP-030,2026-02-15,2026-03-04,2026-03-30,Closed Won,1.00,Expansion,12,975.70,975.70,975.70,Won,,Inbound - Paid,true
OPP-001471,CUST-01100,Mid-Market,REP-051,2026-03-07,2026-05-03,2026-04-30,Closed Won,1.00,Expansion,12,7983.22,7983.22,7983.22,Won,,Trade Show / Event,true
OPP-001472,CUST-01104,Enterprise,REP-044,2026-02-02,2026-04-26,2026-04-30,Closed Won,1.00,Expansion,36,39109.35,39109.35,117328.05,Won,,Partner / Referral,true
OPP-001473,CUST-01309,Mid-Market,REP-026,2026-04-02,2026-04-23,2026-04-30,Closed Won,1.00,Expansion,12,17095.09,17095.09,17095.09,Won,,Inbound - Paid,true
OPP-001474,CUST-01312,Mid-Market,REP-010,2026-03-21,2026-04-20,2026-04-30,Closed Won,1.00,Expansion,12,18294.44,18294.44,18294.44,Won,,Inbound - Organic,true
OPP-001475,CUST-01314,Mid-Market,REP-026,2026-01-25,2026-04-04,2026-03-30,Closed Won,1.00,Expansion,12,12778.81,12778.81,12778.81,Won,,Inbound - Organic,true
OPP-001476,CUST-01372,SMB,REP-038,2026-04-16,2026-04-29,2026-04-30,Closed Won,1.00,Expansion,1,4031.14,4031.14,335.93,Won,,Outbound - SDR,true
OPP-001477,CUST-01381,SMB,REP-038,2026-04-13,2026-04-23,2026-04-30,Closed Won,1.00,Expansion,1,1012.25,1012.25,84.35,Won,,Inbound - Organic,true
OPP-001478,CUST-01438,SMB,REP-030,2026-03-29,2026-04-11,2026-04-30,Closed Won,1.00,Expansion,12,5269.07,5269.07,5269.07,Won,,Partner / Referral,true
OPP-001479,CUST-01460,SMB,REP-037,2026-04-04,2026-04-21,2026-04-30,Closed Won,1.00,Expansion,1,4161.95,4161.95,346.83,Won,,Inbound - Paid,true
OPP-001480,CUST-01519,Mid-Market,REP-026,2026-02-24,2026-04-22,2026-04-30,Closed Won,1.00,Expansion,24,18132.02,18132.02,36264.04,Won,,Outbound - SDR,true
OPP-001481,CUST-01521,Mid-Market,REP-026,2026-01-15,2026-05-12,2026-04-30,Closed Won,1.00,Expansion,24,9141.89,9141.89,18283.78,Won,,Inbound - Organic,true
OPP-001482,CUST-01542,Mid-Market,REP-039,2026-02-23,2026-05-17,2026-04-30,Closed Won,1.00,Expansion,12,90541.47,90541.47,90541.47,Won,,Outbound - SDR,true
OPP-001483,CUST-01547,Mid-Market,REP-032,2026-04-01,2026-04-29,2026-04-30,Closed Won,1.00,Expansion,12,15401.96,15401.96,15401.96,Won,,Inbound - Organic,true
OPP-001484,CUST-01561,Enterprise,REP-029,2025-12-03,2026-04-07,2026-03-30,Closed Won,1.00,Expansion,12,21706.37,21706.37,21706.37,Won,,Inbound - Paid,true
OPP-001485,CUST-01563,Enterprise,REP-029,2025-12-22,2026-03-31,2026-04-30,Closed Won,1.00,Expansion,12,295891.09,295891.09,295891.09,Won,,Inbound - Paid,true
OPP-001486,CUST-01622,Mid-Market,REP-050,2025-09-26,2026-03-28,2026-03-30,Closed Won,1.00,Expansion,24,56492.36,56492.36,112984.72,Won,,Inbound - Paid,true
OPP-001487,CUST-00835,SMB,REP-035,2026-03-03,2026-03-30,2026-04-01,Closed Won,1.00,Renewal Uplift,12,333.47,333.47,333.47,Won,,Outbound - SDR,true
OPP-001488,CUST-00847,SMB,REP-038,2026-04-07,2026-04-28,2026-05-01,Closed Won,1.00,Renewal Uplift,12,154.00,154.00,154.00,Won,,Inbound - Paid,true
OPP-001489,CUST-01606,SMB,REP-035,2026-04-21,2026-04-28,2026-05-01,Closed Won,1.00,New Logo,12,15370.24,15370.24,15370.24,Won,,Partner / Referral,true
OPP-001490,CUST-00838,SMB,REP-037,2026-03-19,2026-05-13,2026-05-03,Closed Won,1.00,Renewal Uplift,12,219.83,219.83,219.83,Won,,Outbound - SDR,true
OPP-001491,CUST-01293,Mid-Market,REP-050,2026-02-15,2026-05-12,2026-05-05,Closed Won,1.00,Renewal Uplift,24,2520.16,2520.16,5040.32,Won,,Partner / Referral,true
OPP-001492,CUST-00500,SMB,REP-038,2026-04-22,2026-05-18,2026-05-14,Closed Won,1.00,Renewal Uplift,12,200.78,200.78,200.78,Won,,Outbound - SDR,true
OPP-001493,CUST-00844,SMB,REP-038,2026-03-26,2026-05-06,2026-05-15,Closed Won,1.00,Renewal Uplift,12,522.75,522.75,522.75,Won,,Inbound - Organic,true
OPP-001494,CUST-01631,Mid-Market,REP-026,2026-03-04,2026-04-16,2026-05-15,Closed Won,1.00,New Logo,12,45583.56,45583.56,45583.56,Won,,Inbound - Organic,true
OPP-001495,CUST-01605,SMB,REP-030,2026-02-04,2026-03-18,2026-04-17,Closed Won,1.00,New Logo,1,3726.72,3726.72,310.56,Won,,Inbound - Organic,true
OPP-001496,CUST-01608,SMB,REP-037,2026-04-16,2026-05-10,2026-05-17,Closed Won,1.00,New Logo,12,4482.95,4482.95,4482.95,Won,,Outbound - SDR,true
OPP-001497,CUST-01610,SMB,REP-038,2026-04-19,2026-05-08,2026-05-24,Closed Won,1.00,New Logo,1,15977.52,15977.52,1331.46,Won,,Partner / Referral,true
OPP-001498,CUST-01632,Mid-Market,REP-050,2026-03-01,2026-04-07,2026-04-24,Closed Won,1.00,New Logo,12,40335.04,40335.04,40335.04,Won,,Inbound - Paid,true
OPP-001499,CUST-01603,SMB,REP-038,2026-03-09,2026-05-05,2026-05-25,Closed Won,1.00,New Logo,12,17936.57,17936.57,17936.57,Won,,Inbound - Organic,true
OPP-001500,CUST-01527,Mid-Market,REP-039,2026-03-28,2026-06-02,2026-05-26,Closed Won,1.00,Renewal Uplift,12,1565.41,1565.41,1565.41,Won,,Partner / Referral,true
OPP-001501,CUST-01604,SMB,REP-038,2026-04-29,2026-05-22,2026-05-27,Closed Won,1.00,New Logo,1,9854.29,9854.29,821.19,Won,,Trade Show / Event,true
OPP-001502,CUST-00253,SMB,REP-030,2026-04-11,2026-05-28,2026-05-28,Closed Won,1.00,Renewal Uplift,12,212.86,212.86,212.86,Won,,Partner / Referral,true
OPP-001503,CUST-00502,SMB,REP-038,2026-03-13,2026-05-07,2026-05-28,Closed Won,1.00,Renewal Uplift,12,152.68,152.68,152.68,Won,,Outbound - SDR,true
OPP-001504,CUST-00833,SMB,REP-030,2026-05-10,2026-05-18,2026-05-28,Closed Won,1.00,Renewal Uplift,12,400.17,400.17,400.17,Won,,Inbound - Organic,true
OPP-001505,CUST-01609,SMB,REP-038,2026-05-11,2026-05-26,2026-05-28,Closed Won,1.00,New Logo,1,4942.07,4942.07,411.84,Won,,Inbound - Paid,true
OPP-001506,CUST-01607,SMB,REP-037,2026-04-29,2026-05-21,2026-05-29,Closed Won,1.00,New Logo,12,12654.16,12654.16,12654.16,Won,,Inbound - Organic,true
OPP-001507,CUST-00044,Mid-Market,REP-032,2026-03-29,2026-06-01,2026-05-31,Closed Won,1.00,Expansion,12,10070.85,10070.85,10070.85,Won,,Trade Show / Event,true
OPP-001508,CUST-00185,Mid-Market,REP-050,2026-04-04,2026-06-19,2026-05-31,Closed Won,1.00,Expansion,12,22497.66,22497.66,22497.66,Won,,Inbound - Organic,true
OPP-001509,CUST-00187,Mid-Market,REP-039,2026-03-18,2026-04-04,2026-04-30,Closed Won,1.00,Expansion,12,10000.98,10000.98,10000.98,Won,,Inbound - Organic,true
OPP-001510,CUST-00188,Mid-Market,REP-039,2026-03-09,2026-04-30,2026-04-30,Closed Won,1.00,Expansion,12,9629.67,9629.67,9629.67,Won,,Partner / Referral,true
OPP-001511,CUST-00191,Enterprise,REP-044,2026-02-22,2026-05-17,2026-05-31,Closed Won,1.00,Expansion,12,20298.44,20298.44,20298.44,Won,,Outbound - SDR,true
OPP-001512,CUST-00248,SMB,REP-048,2026-03-24,2026-05-05,2026-04-30,Closed Won,1.00,Expansion,12,2865.45,2865.45,2865.45,Won,,Inbound - Organic,true
OPP-001513,CUST-00303,SMB,REP-030,2026-04-03,2026-04-23,2026-04-30,Closed Won,1.00,Expansion,12,1332.55,1332.55,1332.55,Won,,Partner / Referral,true
OPP-001514,CUST-00381,Mid-Market,REP-026,2025-12-06,2026-06-30,2026-05-31,Closed Won,1.00,Expansion,12,24018.79,24018.79,24018.79,Won,,Partner / Referral,true
OPP-001515,CUST-00389,Mid-Market,REP-039,2026-03-03,2026-04-07,2026-05-31,Closed Won,1.00,Expansion,12,7881.05,7881.05,7881.05,Won,,Inbound - Paid,true
OPP-001516,CUST-00679,Mid-Market,REP-051,2026-03-18,2026-04-19,2026-05-31,Closed Won,1.00,Renewal Uplift,12,4121.84,4121.84,4121.84,Won,,Partner / Referral,true
OPP-001517,CUST-00687,Mid-Market,REP-026,2026-04-22,2026-06-12,2026-05-31,Closed Won,1.00,Expansion,24,7264.39,7264.39,14528.78,Won,,Outbound - SDR,true
OPP-001518,CUST-00736,Enterprise,REP-044,2025-11-29,2026-03-24,2026-05-31,Closed Won,1.00,Expansion,12,75466.39,75466.39,75466.39,Won,,Inbound - Organic,true
OPP-001519,CUST-00737,Enterprise,REP-044,2026-02-11,2026-06-03,2026-05-31,Closed Won,1.00,Expansion,12,189547.99,189547.99,189547.99,Won,,Inbound - Paid,true
OPP-001520,CUST-00792,SMB,REP-038,2026-05-06,2026-05-30,2026-05-31,Closed Won,1.00,Expansion,1,2368.53,2368.53,197.38,Won,,Partner / Referral,true
OPP-001521,CUST-00837,SMB,REP-037,2026-04-29,2026-06-09,2026-05-31,Closed Won,1.00,Renewal Uplift,12,179.74,179.74,179.74,Won,,Outbound - SDR,true
OPP-001522,CUST-00863,SMB,REP-038,2026-05-01,2026-05-21,2026-05-31,Closed Won,1.00,Expansion,12,2110.52,2110.52,2110.52,Won,,Inbound - Organic,true
OPP-001523,CUST-00919,SMB,REP-030,2026-05-09,2026-06-01,2026-05-31,Closed Won,1.00,Expansion,1,1352.25,1352.25,112.69,Won,,Inbound - Paid,true
OPP-001524,CUST-00964,SMB,REP-035,2026-03-27,2026-05-14,2026-05-31,Closed Won,1.00,Expansion,1,1320.07,1320.07,110.01,Won,,Inbound - Paid,true
OPP-001525,CUST-01017,Mid-Market,REP-050,2026-02-18,2026-05-03,2026-04-30,Closed Won,1.00,Expansion,12,26702.44,26702.44,26702.44,Won,,Inbound - Organic,true
OPP-001526,CUST-01037,Mid-Market,REP-051,2025-08-03,2026-03-23,2026-04-30,Closed Won,1.00,Expansion,24,4048.60,4048.60,8097.20,Won,,Outbound - SDR,true
OPP-001527,CUST-01059,Mid-Market,REP-050,2026-04-30,2026-06-01,2026-05-31,Closed Won,1.00,Expansion,12,5523.18,5523.18,5523.18,Won,,Partner / Referral,true
OPP-001528,CUST-01078,Mid-Market,REP-039,2026-03-10,2026-05-10,2026-05-31,Closed Won,1.00,Expansion,12,13868.20,13868.20,13868.20,Won,,Inbound - Organic,true
OPP-001529,CUST-01079,Mid-Market,REP-010,2026-03-11,2026-06-24,2026-05-31,Closed Won,1.00,Expansion,12,11611.38,11611.38,11611.38,Won,,Inbound - Organic,true
OPP-001530,CUST-01085,Mid-Market,REP-010,2026-03-25,2026-05-24,2026-05-31,Closed Won,1.00,Expansion,12,10500.55,10500.55,10500.55,Won,,Outbound - SDR,true
OPP-001531,CUST-01086,Mid-Market,REP-052,2026-03-02,2026-04-14,2026-04-30,Closed Won,1.00,Expansion,12,27867.93,27867.93,27867.93,Won,,Trade Show / Event,true
OPP-001532,CUST-01101,Enterprise,REP-029,2025-12-15,2026-04-06,2026-04-30,Closed Won,1.00,Expansion,12,54430.05,54430.05,54430.05,Won,,Inbound - Organic,true
OPP-001533,CUST-01191,SMB,REP-038,2026-04-09,2026-05-09,2026-05-31,Closed Won,1.00,Expansion,12,4419.81,4419.81,4419.81,Won,,Inbound - Organic,true
OPP-001534,CUST-01291,Mid-Market,REP-026,2026-03-27,2026-05-11,2026-05-31,Closed Won,1.00,Expansion,12,4898.41,4898.41,4898.41,Won,,Partner / Referral,true
OPP-001535,CUST-01306,Mid-Market,REP-052,2026-04-21,2026-05-26,2026-05-31,Closed Won,1.00,Expansion,12,21580.36,21580.36,21580.36,Won,,Outbound - SDR,true
OPP-001536,CUST-01317,Mid-Market,REP-039,2026-03-24,2026-04-28,2026-04-30,Closed Won,1.00,Expansion,1,231069.09,231069.09,19255.76,Won,,Outbound - SDR,true
OPP-001537,CUST-01322,Enterprise,REP-044,2026-04-19,2026-05-26,2026-05-31,Closed Won,1.00,Expansion,36,67119.10,67119.10,201357.30,Won,,Outbound - SDR,true
OPP-001538,CUST-01392,SMB,REP-035,2026-04-05,2026-05-04,2026-04-30,Closed Won,1.00,Expansion,1,2819.19,2819.19,234.93,Won,,Outbound - SDR,true
OPP-001539,CUST-01434,SMB,REP-038,2026-04-30,2026-06-07,2026-05-31,Closed Won,1.00,Expansion,1,5050.13,5050.13,420.84,Won,,Outbound - SDR,true
OPP-001540,CUST-01480,SMB,REP-037,2026-01-29,2026-03-24,2026-03-31,Closed Won,1.00,Expansion,12,2219.58,2219.58,2219.58,Won,,Trade Show / Event,true
OPP-001541,CUST-01524,Mid-Market,REP-026,2026-02-01,2026-04-01,2026-03-31,Closed Won,1.00,Expansion,12,38202.71,38202.71,38202.71,Won,,Inbound - Organic,true
OPP-001542,CUST-01539,Mid-Market,REP-050,2026-01-23,2026-03-09,2026-03-31,Closed Won,1.00,Expansion,12,5018.11,5018.11,5018.11,Won,,Trade Show / Event,true
OPP-001543,CUST-01554,Mid-Market,REP-051,2026-02-16,2026-05-28,2026-05-31,Closed Won,1.00,Expansion,24,34582.26,34582.26,69164.52,Won,,Partner / Referral,true
OPP-001544,CUST-01558,Enterprise,REP-045,2026-03-03,2026-04-28,2026-05-31,Closed Won,1.00,Expansion,12,65785.21,65785.21,65785.21,Won,,Inbound - Paid,true
OPP-001545,CUST-01561,Enterprise,REP-045,2026-02-17,2026-05-16,2026-05-31,Closed Won,1.00,Expansion,12,30909.98,30909.98,30909.98,Won,,Partner / Referral,true
OPP-001546,CUST-01593,SMB,REP-038,2026-05-10,2026-05-30,2026-05-31,Closed Won,1.00,Expansion,12,4262.77,4262.77,4262.77,Won,,Inbound - Paid,true
OPP-001547,CUST-01638,Enterprise,REP-029,2025-09-28,2026-02-21,2026-06-01,Closed Won,1.00,New Logo,36,431755.66,431755.66,1295266.98,Won,,Inbound - Paid,true
OPP-001548,CUST-01561,Enterprise,REP-045,2026-02-07,2026-04-18,2026-06-02,Closed Won,1.00,Renewal Uplift,12,3469.46,3469.46,3469.46,Won,,Inbound - Organic,true
OPP-001549,CUST-00684,Mid-Market,REP-026,2026-03-11,2026-05-09,2026-06-03,Closed Won,1.00,Renewal Uplift,12,1557.05,1557.05,1557.05,Won,,Outbound - SDR,true
OPP-001550,CUST-00270,SMB,REP-038,2026-04-24,2026-06-08,2026-06-04,Closed Won,1.00,Renewal Uplift,12,133.11,133.11,133.11,Won,,Outbound - SDR,true
OPP-001551,CUST-01620,SMB,REP-030,2026-04-24,2026-06-06,2026-06-04,Closed Won,1.00,New Logo,1,3751.39,3751.39,312.62,Won,,Inbound - Organic,true
OPP-001552,CUST-01617,SMB,REP-030,2026-05-03,2026-06-14,2026-06-08,Closed Won,1.00,New Logo,1,4445.16,4445.16,370.43,Won,,Inbound - Organic,true
OPP-001553,CUST-00375,Mid-Market,REP-051,2026-04-03,2026-06-12,2026-06-09,Closed Won,1.00,Renewal Uplift,12,1990.33,1990.33,1990.33,Won,,Inbound - Paid,true
OPP-001554,CUST-01055,Mid-Market,REP-050,2026-04-19,2026-05-31,2026-06-09,Closed Won,1.00,Renewal Uplift,12,2233.73,2233.73,2233.73,Won,,Inbound - Organic,true
OPP-001555,CUST-00021,SMB,REP-038,2026-05-19,2026-06-12,2026-06-10,Closed Won,1.00,Renewal Uplift,12,54.30,54.30,54.30,Won,,Inbound - Paid,true
OPP-001556,ACCT-P-001556,Mid-Market,REP-026,2026-02-23,2026-04-25,2026-05-10,Closed Won,1.00,New Logo,12,40922.56,40922.56,40922.56,Won,,Inbound - Organic,false
OPP-001557,CUST-00866,SMB,REP-030,2026-05-27,2026-06-14,2026-06-13,Closed Won,1.00,Renewal Uplift,12,241.90,241.90,241.90,Won,,Inbound - Organic,true
OPP-001558,CUST-01611,SMB,REP-035,2026-05-11,2026-05-30,2026-06-13,Closed Won,1.00,New Logo,1,9186.47,9186.47,765.54,Won,,Outbound - SDR,true
OPP-001559,CUST-01615,SMB,REP-038,2026-04-27,2026-05-13,2026-05-14,Closed Won,1.00,New Logo,1,16233.72,16233.72,1352.81,Won,,Inbound - Organic,true
OPP-001560,CUST-01531,Mid-Market,REP-051,2026-03-26,2026-06-19,2026-06-19,Closed Won,1.00,Renewal Uplift,12,1372.82,1372.82,1372.82,Won,,Inbound - Paid,true
OPP-001561,ACCT-P-001561,SMB,REP-030,2026-06-03,2026-06-24,2026-06-20,Closed Won,1.00,New Logo,1,17486.93,17486.93,1457.24,Won,,Trade Show / Event,false
OPP-001562,CUST-00858,SMB,REP-038,2026-04-07,2026-04-18,2026-04-21,Closed Won,1.00,Renewal Uplift,12,237.92,237.92,237.92,Won,,Partner / Referral,true
OPP-001563,CUST-00412,Enterprise,REP-045,2026-02-28,2026-04-15,2026-06-25,Closed Won,1.00,Renewal Uplift,36,5369.30,5369.30,16107.90,Won,,Trade Show / Event,true
OPP-001564,CUST-01294,Mid-Market,REP-051,2026-05-18,2026-06-12,2026-06-25,Closed Won,1.00,Renewal Uplift,12,2384.10,2384.10,2384.10,Won,,Inbound - Organic,true
OPP-001565,CUST-01186,SMB,REP-030,2026-06-10,2026-06-29,2026-06-26,Closed Won,1.00,Renewal Uplift,12,756.40,756.40,756.40,Won,,Trade Show / Event,true
OPP-001566,CUST-01614,SMB,REP-048,2026-05-14,2026-06-19,2026-06-26,Closed Won,1.00,New Logo,12,2985.87,2985.87,2985.87,Won,,Outbound - SDR,true
OPP-001567,CUST-01616,SMB,REP-030,2026-06-20,2026-06-27,2026-06-26,Closed Won,1.00,New Logo,1,4959.13,4959.13,413.26,Won,,Trade Show / Event,true
OPP-001568,CUST-00020,SMB,REP-030,2026-05-31,2026-06-10,2026-06-27,Closed Won,1.00,Renewal Uplift,12,221.15,221.15,221.15,Won,,Inbound - Paid,true
OPP-001569,CUST-01109,Enterprise,REP-045,2025-12-09,2026-06-05,2026-05-27,Closed Won,1.00,Renewal Uplift,24,7022.75,7022.75,14045.50,Won,,Inbound - Paid,true
OPP-001570,CUST-01633,Mid-Market,REP-050,2026-04-06,2026-06-15,2026-06-27,Closed Won,1.00,New Logo,12,55237.13,55237.13,55237.13,Won,,Inbound - Organic,true
OPP-001571,CUST-01634,Mid-Market,REP-026,2026-06-11,2026-06-24,2026-06-27,Closed Won,1.00,New Logo,12,38480.60,38480.60,38480.60,Won,,Inbound - Organic,true
OPP-001572,CUST-00099,SMB,REP-030,2026-06-09,2026-06-26,2026-06-28,Closed Won,1.00,Renewal Uplift,12,200.71,200.71,200.71,Won,,Inbound - Paid,true
OPP-001573,CUST-01619,SMB,REP-035,2026-04-17,2026-05-11,2026-05-28,Closed Won,1.00,New Logo,12,1939.36,1939.36,1939.36,Won,,Outbound - SDR,true
OPP-001574,CUST-00050,Mid-Market,REP-026,2026-03-26,2026-07-11,2026-06-29,Closed Won,1.00,Renewal Uplift,12,4223.79,4223.79,4223.79,Won,,Inbound - Paid,true
OPP-001575,CUST-00169,Mid-Market,REP-050,2026-06-03,2026-06-17,2026-06-29,Closed Won,1.00,Renewal Uplift,12,1634.31,1634.31,1634.31,Won,,Outbound - SDR,true
OPP-001576,CUST-01613,SMB,REP-038,2026-06-09,2026-06-24,2026-06-29,Closed Won,1.00,New Logo,1,1971.21,1971.21,164.27,Won,,Partner / Referral,true
OPP-001577,CUST-00172,Mid-Market,REP-039,2026-01-24,2026-03-28,2026-04-30,Closed Won,1.00,Expansion,12,6999.69,6999.69,6999.69,Won,,Inbound - Paid,true
OPP-001578,CUST-00227,SMB,REP-038,2026-05-21,2026-05-29,2026-05-30,Closed Won,1.00,Expansion,12,642.67,642.67,642.67,Won,,Inbound - Organic,true
OPP-001579,CUST-00361,Mid-Market,REP-032,2026-04-25,2026-06-10,2026-06-30,Closed Won,1.00,Expansion,12,16238.74,16238.74,16238.74,Won,,Inbound - Paid,true
OPP-001580,CUST-00394,Mid-Market,REP-026,2026-05-08,2026-06-23,2026-06-30,Closed Won,1.00,Expansion,1,5505.76,5505.76,458.81,Won,,Trade Show / Event,true
OPP-001581,CUST-00659,Mid-Market,REP-052,2026-04-06,2026-05-20,2026-05-30,Closed Won,1.00,Expansion,1,10221.27,10221.27,851.77,Won,,Outbound - SDR,true
OPP-001582,CUST-00674,Mid-Market,REP-039,2026-03-02,2026-05-30,2026-05-30,Closed Won,1.00,Expansion,12,9302.20,9302.20,9302.20,Won,,Inbound - Paid,true
OPP-001583,CUST-00702,Mid-Market,REP-026,2026-03-08,2026-06-26,2026-06-30,Closed Won,1.00,Expansion,12,12668.45,12668.45,12668.45,Won,,Partner / Referral,true
OPP-001584,CUST-00704,Mid-Market,REP-026,2026-04-12,2026-07-19,2026-06-30,Closed Won,1.00,Expansion,12,12577.86,12577.86,12577.86,Won,,Outbound - SDR,true
OPP-001585,CUST-00709,Mid-Market,REP-051,2026-04-10,2026-07-13,2026-06-30,Closed Won,1.00,Expansion,12,10791.57,10791.57,10791.57,Won,,Partner / Referral,true
OPP-001586,CUST-00717,Mid-Market,REP-026,2026-05-29,2026-06-28,2026-06-30,Closed Won,1.00,Expansion,12,8324.23,8324.23,8324.23,Won,,Trade Show / Event,true
OPP-001587,CUST-00927,SMB,REP-048,2026-06-24,2026-07-01,2026-06-30,Closed Won,1.00,Expansion,1,3445.94,3445.94,287.16,Won,,Inbound - Paid,true
OPP-001588,CUST-00937,SMB,REP-038,2026-06-17,2026-06-27,2026-06-30,Closed Won,1.00,Expansion,1,616.48,616.48,51.37,Won,,Trade Show / Event,true
OPP-001589,CUST-01040,Mid-Market,REP-032,2026-05-13,2026-06-23,2026-06-30,Closed Won,1.00,Expansion,12,10382.37,10382.37,10382.37,Won,,Partner / Referral,true
OPP-001590,CUST-01073,Mid-Market,REP-050,2026-01-21,2026-05-18,2026-05-30,Closed Won,1.00,Expansion,12,8336.99,8336.99,8336.99,Won,,Inbound - Organic,true
OPP-001591,CUST-01078,Mid-Market,REP-026,2026-05-08,2026-06-29,2026-06-30,Closed Won,1.00,Expansion,12,10786.38,10786.38,10786.38,Won,,Inbound - Paid,true
OPP-001592,CUST-01096,Mid-Market,REP-039,2026-05-23,2026-07-05,2026-06-30,Closed Won,1.00,Expansion,12,20804.39,20804.39,20804.39,Won,,Inbound - Paid,true
OPP-001593,CUST-01104,Enterprise,REP-045,2026-02-26,2026-05-23,2026-06-30,Closed Won,1.00,Expansion,36,40377.76,40377.76,121133.28,Won,,Outbound - SDR,true
OPP-001594,CUST-01280,Mid-Market,REP-039,2026-04-04,2026-04-25,2026-04-30,Closed Won,1.00,Expansion,12,5855.62,5855.62,5855.62,Won,,Outbound - SDR,true
OPP-001595,CUST-01281,Mid-Market,REP-032,2026-03-31,2026-06-14,2026-06-30,Closed Won,1.00,Expansion,12,42232.55,42232.55,42232.55,Won,,Outbound - SDR,true
OPP-001596,CUST-01283,Mid-Market,REP-051,2026-04-20,2026-06-13,2026-06-30,Closed Won,1.00,Expansion,12,8198.56,8198.56,8198.56,Won,,Inbound - Organic,true
OPP-001597,CUST-01294,Mid-Market,REP-051,2026-05-06,2026-06-25,2026-06-30,Closed Won,1.00,Expansion,12,29295.02,29295.02,29295.02,Won,,Inbound - Organic,true
OPP-001598,CUST-01301,Mid-Market,REP-032,2026-04-04,2026-05-05,2026-04-30,Closed Won,1.00,Expansion,12,102636.07,102636.07,102636.07,Won,,Inbound - Organic,true
OPP-001599,CUST-01336,SMB,REP-038,2026-06-18,2026-06-25,2026-06-30,Closed Won,1.00,Expansion,12,2095.03,2095.03,2095.03,Won,,Partner / Referral,true
OPP-001600,CUST-01380,SMB,REP-038,2026-04-01,2026-05-14,2026-05-30,Closed Won,1.00,Expansion,1,3838.08,3838.08,319.84,Won,,Inbound - Paid,true
OPP-001601,CUST-01519,Mid-Market,REP-026,2026-05-24,2026-07-12,2026-06-30,Closed Won,1.00,Expansion,24,18585.32,18585.32,37170.64,Won,,Outbound - SDR,true
OPP-001602,CUST-01530,Mid-Market,REP-050,2026-05-18,2026-06-19,2026-06-30,Closed Won,1.00,Renewal Uplift,12,1868.68,1868.68,1868.68,Won,,Inbound - Paid,true
OPP-001603,CUST-01532,Mid-Market,REP-039,2026-03-26,2026-05-29,2026-05-30,Closed Won,1.00,Expansion,12,3316.46,3316.46,3316.46,Won,,Outbound - SDR,true
OPP-001604,CUST-01533,Mid-Market,REP-051,2026-05-20,2026-06-21,2026-06-30,Closed Won,1.00,Expansion,12,23399.92,23399.92,23399.92,Won,,Partner / Referral,true
OPP-001605,CUST-01536,Mid-Market,REP-050,2026-03-30,2026-05-31,2026-05-30,Closed Won,1.00,Expansion,12,39251.54,39251.54,39251.54,Won,,Inbound - Paid,true
OPP-001606,CUST-01612,SMB,REP-038,2026-06-11,2026-07-01,2026-06-30,Closed Won,1.00,New Logo,1,16041.13,16041.13,1336.76,Won,,Inbound - Organic,true
OPP-001607,CUST-01618,SMB,REP-030,2026-06-09,2026-06-21,2026-06-30,Closed Won,1.00,Expansion,1,4896.34,4896.34,408.03,Won,,Inbound - Paid,true
OPP-001608,ACCT-P-000001,SMB,REP-048,2025-11-09,2025-11-16,2025-11-19,Closed Lost,0.00,New Logo,1,8324.15,8324.15,693.68,Lost,Timing / Budget Deferred,Trade Show / Event,false
OPP-001609,ACCT-P-000002,SMB,REP-043,2024-10-22,2024-10-31,2024-11-04,Closed Lost,0.00,New Logo,1,5566.86,5566.86,463.90,Lost,Stayed on Incumbent,Outbound - SDR,false
OPP-001610,ACCT-P-000003,SMB,REP-037,2025-04-05,2025-04-16,2025-04-29,Closed Lost,0.00,New Logo,12,12452.22,12452.22,12452.22,Lost,Lost to Competitor,Trade Show / Event,false
OPP-001611,ACCT-P-000004,SMB,REP-038,2024-04-29,2024-05-30,2024-05-26,Closed Lost,0.00,New Logo,12,6817.12,6817.12,6817.12,Lost,Lost to Competitor,Inbound - Organic,false
OPP-001612,ACCT-P-000005,SMB,REP-035,2024-10-19,2024-10-27,2024-10-30,Closed Lost,0.00,New Logo,1,4390.20,4390.20,365.85,Lost,Price,Inbound - Organic,false
OPP-001613,ACCT-P-000006,SMB,REP-038,2024-05-26,2024-07-09,2024-07-09,Closed Lost,0.00,New Logo,1,6684.35,6684.35,557.03,Lost,Timing / Budget Deferred,Outbound - SDR,false
OPP-001614,ACCT-P-000007,SMB,REP-038,2025-07-23,2025-08-17,2025-08-27,Closed Lost,0.00,New Logo,1,10544.63,10544.63,878.72,Lost,Price,Partner / Referral,false
OPP-001615,ACCT-P-000008,SMB,REP-038,2024-06-11,2024-06-29,2024-06-26,Closed Lost,0.00,New Logo,1,19644.30,19644.30,1637.02,Lost,Timing / Budget Deferred,Outbound - SDR,false
OPP-001616,ACCT-P-000009,SMB,REP-035,2025-11-25,2025-12-25,2026-01-04,Closed Lost,0.00,New Logo,1,15714.79,15714.79,1309.57,Lost,Lost to Competitor,Inbound - Organic,false
OPP-001617,ACCT-P-000010,SMB,REP-038,2025-03-23,2025-04-06,2025-04-15,Closed Lost,0.00,New Logo,12,7187.49,7187.49,7187.49,Lost,No Decision,Inbound - Organic,false
OPP-001618,ACCT-P-000011,SMB,REP-030,2025-04-30,2025-05-11,2025-05-14,Closed Lost,0.00,New Logo,12,14823.00,14823.00,14823.00,Lost,No Decision,Trade Show / Event,false
OPP-001619,ACCT-P-000012,SMB,REP-038,2025-03-16,2025-03-26,2025-04-02,Closed Lost,0.00,New Logo,1,27745.80,27745.80,2312.15,Lost,Product Gap,Inbound - Paid,false
OPP-001620,ACCT-P-000013,SMB,REP-005,2024-02-17,2024-03-04,2024-03-07,Closed Lost,0.00,New Logo,12,13114.83,13114.83,13114.83,Lost,Timing / Budget Deferred,Inbound - Paid,false
OPP-001621,ACCT-P-000014,SMB,REP-030,2025-12-30,2026-01-09,2026-01-11,Closed Lost,0.00,New Logo,1,11071.80,11071.80,922.65,Lost,No Decision,Trade Show / Event,false
OPP-001622,ACCT-P-000015,SMB,REP-030,2024-09-23,2024-10-21,2024-10-18,Closed Lost,0.00,New Logo,12,10585.04,10585.04,10585.04,Lost,No Decision,Inbound - Paid,false
OPP-001623,ACCT-P-000016,SMB,REP-030,2024-05-31,2024-06-14,2024-06-16,Closed Lost,0.00,New Logo,1,5282.69,5282.69,440.22,Lost,Price,Inbound - Organic,false
OPP-001624,ACCT-P-000017,SMB,REP-038,2025-09-30,2025-10-28,2025-10-31,Closed Lost,0.00,New Logo,1,9016.35,9016.35,751.36,Lost,Lost to Competitor,Inbound - Paid,false
OPP-001625,ACCT-P-000018,SMB,REP-035,2024-07-27,2024-09-24,2024-09-13,Closed Lost,0.00,New Logo,12,11046.65,11046.65,11046.65,Lost,Product Gap,Outbound - SDR,false
OPP-001626,ACCT-P-000019,SMB,REP-048,2025-10-02,2025-10-18,2025-10-19,Closed Lost,0.00,New Logo,12,19820.31,19820.31,19820.31,Lost,Lost to Competitor,Outbound - SDR,false
OPP-001627,ACCT-P-000020,SMB,REP-038,2024-12-19,2024-12-31,2025-01-04,Closed Lost,0.00,New Logo,12,5757.55,5757.55,5757.55,Lost,Price,Outbound - SDR,false
OPP-001628,ACCT-P-000021,SMB,REP-038,2025-12-26,2026-01-23,2026-01-28,Closed Lost,0.00,New Logo,1,7325.06,7325.06,610.42,Lost,No Decision,Outbound - SDR,false
OPP-001629,ACCT-P-000022,SMB,REP-038,2026-03-30,2026-05-07,2026-05-05,Closed Lost,0.00,New Logo,1,10546.57,10546.57,878.88,Lost,No Decision,Inbound - Paid,false
OPP-001630,ACCT-P-000023,SMB,REP-038,2024-12-17,2025-01-18,2025-02-08,Closed Lost,0.00,New Logo,1,8150.54,8150.54,679.21,Lost,Lost to Competitor,Outbound - SDR,false
OPP-001631,ACCT-P-000024,SMB,REP-038,2024-08-18,2024-08-25,2024-09-02,Closed Lost,0.00,New Logo,12,21322.12,21322.12,21322.12,Lost,Lost to Competitor,Inbound - Organic,false
OPP-001632,ACCT-P-000025,SMB,REP-038,2024-07-25,2024-08-15,2024-08-23,Closed Lost,0.00,New Logo,1,11741.51,11741.51,978.46,Lost,Price,Inbound - Paid,false
OPP-001633,ACCT-P-000026,SMB,REP-038,2024-11-24,2025-06-23,2025-04-24,Closed Lost,0.00,New Logo,1,13036.64,13036.64,1086.39,Lost,Price,Inbound - Organic,false
OPP-001634,ACCT-P-000027,SMB,REP-030,2025-12-03,2025-12-20,2025-12-25,Closed Lost,0.00,New Logo,1,6955.25,6955.25,579.60,Lost,No Decision,Inbound - Paid,false
OPP-001635,ACCT-P-000028,SMB,REP-031,2024-05-15,2024-05-26,2024-06-02,Closed Lost,0.00,New Logo,12,14370.69,14370.69,14370.69,Lost,Product Gap,Trade Show / Event,false
OPP-001636,ACCT-P-000029,SMB,REP-038,2024-10-13,2024-10-20,2024-10-20,Closed Lost,0.00,New Logo,12,7279.09,7279.09,7279.09,Lost,Price,Partner / Referral,false
OPP-001637,ACCT-P-000030,SMB,REP-031,2024-05-29,2024-08-12,2024-09-13,Closed Lost,0.00,New Logo,1,6540.76,6540.76,545.06,Lost,Timing / Budget Deferred,Outbound - SDR,false
OPP-001638,ACCT-P-000031,SMB,REP-038,2024-12-23,2024-12-30,2025-01-02,Closed Lost,0.00,New Logo,1,17158.72,17158.72,1429.89,Lost,Price,Outbound - SDR,false
OPP-001639,ACCT-P-000032,SMB,REP-005,2024-03-30,2024-04-25,2024-04-24,Closed Lost,0.00,New Logo,1,11539.49,11539.49,961.62,Lost,Timing / Budget Deferred,Inbound - Paid,false
OPP-001640,ACCT-P-000033,SMB,REP-038,2026-04-17,2026-05-09,2026-05-26,Closed Lost,0.00,New Logo,1,9929.77,9929.77,827.48,Lost,Stayed on Incumbent,Inbound - Organic,false
OPP-001641,ACCT-P-000034,SMB,REP-035,2025-04-26,2025-05-03,2025-05-01,Closed Lost,0.00,New Logo,1,4203.71,4203.71,350.31,Lost,Product Gap,Outbound - SDR,false
OPP-001642,ACCT-P-000035,SMB,REP-038,2025-12-09,2026-01-01,2026-01-02,Closed Lost,0.00,New Logo,1,28116.57,28116.57,2343.05,Lost,Product Gap,Outbound - SDR,false
OPP-001643,ACCT-P-000036,SMB,REP-038,2025-10-22,2025-11-20,2025-11-26,Closed Lost,0.00,New Logo,1,4815.20,4815.20,401.27,Lost,Price,Inbound - Organic,false
OPP-001644,ACCT-P-000037,SMB,REP-030,2024-08-05,2024-09-21,2024-09-23,Closed Lost,0.00,New Logo,1,10237.78,10237.78,853.15,Lost,Lost to Competitor,Inbound - Organic,false
OPP-001645,ACCT-P-000038,SMB,REP-036,2024-05-11,2024-05-18,2024-05-24,Closed Lost,0.00,New Logo,1,4945.65,4945.65,412.14,Lost,Timing / Budget Deferred,Trade Show / Event,false
OPP-001646,ACCT-P-000039,SMB,REP-038,2026-03-05,2026-03-17,2026-03-20,Closed Lost,0.00,New Logo,1,15482.05,15482.05,1290.17,Lost,No Decision,Inbound - Paid,false
OPP-001647,ACCT-P-000040,SMB,REP-030,2024-10-09,2024-10-20,2024-10-23,Closed Lost,0.00,New Logo,1,11938.65,11938.65,994.89,Lost,Stayed on Incumbent,Outbound - SDR,false
OPP-001648,ACCT-P-000041,SMB,REP-038,2025-06-16,2025-07-07,2025-07-13,Closed Lost,0.00,New Logo,1,7627.03,7627.03,635.59,Lost,Price,Inbound - Organic,false
OPP-001649,ACCT-P-000042,SMB,REP-031,2024-06-25,2024-07-02,2024-07-05,Closed Lost,0.00,New Logo,1,4004.41,4004.41,333.70,Lost,Price,Inbound - Organic,false
OPP-001650,ACCT-P-000043,SMB,REP-030,2024-05-25,2024-06-25,2024-07-10,Closed Lost,0.00,New Logo,1,5485.07,5485.07,457.09,Lost,No Decision,Inbound - Organic,false
OPP-001651,ACCT-P-000044,SMB,REP-038,2025-09-06,2025-11-30,2025-12-16,Closed Lost,0.00,New Logo,1,4092.85,4092.85,341.07,Lost,Price,Inbound - Paid,false
OPP-001652,ACCT-P-000045,SMB,REP-038,2025-03-21,2025-05-03,2025-04-28,Closed Lost,0.00,New Logo,12,2825.10,2825.10,2825.10,Lost,Price,Inbound - Paid,false
OPP-001653,ACCT-P-000046,SMB,REP-030,2025-02-24,2025-06-02,2025-05-15,Closed Lost,0.00,New Logo,1,13062.56,13062.56,1088.55,Lost,Timing / Budget Deferred,Inbound - Organic,false
OPP-001654,ACCT-P-000047,SMB,REP-030,2026-01-26,2026-02-27,2026-03-04,Closed Lost,0.00,New Logo,1,3267.21,3267.21,272.27,Lost,No Decision,Partner / Referral,false
OPP-001655,ACCT-P-000048,SMB,REP-038,2025-03-12,2025-04-22,2025-05-07,Closed Lost,0.00,New Logo,12,16076.88,16076.88,16076.88,Lost,Price,Inbound - Paid,false
OPP-001656,ACCT-P-000049,SMB,REP-035,2024-04-24,2024-05-25,2024-06-13,Closed Lost,0.00,New Logo,12,14301.58,14301.58,14301.58,Lost,No Decision,Trade Show / Event,false
OPP-001657,ACCT-P-000050,SMB,REP-048,2025-08-22,2025-09-19,2025-09-17,Closed Lost,0.00,New Logo,1,5223.25,5223.25,435.27,Lost,No Decision,Inbound - Organic,false
OPP-001658,ACCT-P-000051,SMB,REP-037,2025-09-10,2025-10-11,2025-10-18,Closed Lost,0.00,New Logo,1,3400.00,3400.00,283.33,Lost,Price,Inbound - Organic,false
OPP-001659,ACCT-P-000052,SMB,REP-038,2026-02-05,2026-02-21,2026-02-25,Closed Lost,0.00,New Logo,12,10033.46,10033.46,10033.46,Lost,Timing / Budget Deferred,Inbound - Organic,false
OPP-001660,ACCT-P-000053,SMB,REP-038,2025-09-29,2025-10-06,2025-10-08,Closed Lost,0.00,New Logo,1,4781.42,4781.42,398.45,Lost,Lost to Competitor,Inbound - Organic,false
OPP-001661,ACCT-P-000054,SMB,REP-030,2026-01-04,2026-03-15,2026-03-06,Closed Lost,0.00,New Logo,1,12905.81,12905.81,1075.48,Lost,Lost to Competitor,Partner / Referral,false
OPP-001662,ACCT-P-000055,SMB,REP-038,2024-08-09,2024-09-10,2024-09-23,Closed Lost,0.00,New Logo,1,12842.72,12842.72,1070.23,Lost,No Decision,Inbound - Paid,false
OPP-001663,ACCT-P-000056,SMB,REP-038,2025-10-15,2025-12-31,2026-01-06,Closed Lost,0.00,New Logo,1,9037.05,9037.05,753.09,Lost,Price,Outbound - SDR,false
OPP-001664,ACCT-P-000057,SMB,REP-030,2026-04-13,2026-04-21,2026-05-03,Closed Lost,0.00,New Logo,12,11685.82,11685.82,11685.82,Lost,Stayed on Incumbent,Inbound - Organic,false
OPP-001665,ACCT-P-000058,SMB,REP-005,2024-03-18,2024-04-16,2024-04-23,Closed Lost,0.00,New Logo,1,11744.67,11744.67,978.72,Lost,No Decision,Outbound - SDR,false
OPP-001666,ACCT-P-000059,SMB,REP-030,2025-05-19,2025-06-10,2025-06-06,Closed Lost,0.00,New Logo,1,1439.50,1439.50,119.96,Lost,Lost to Competitor,Trade Show / Event,false
OPP-001667,ACCT-P-000060,SMB,REP-038,2024-05-30,2024-06-28,2024-07-07,Closed Lost,0.00,New Logo,1,15981.13,15981.13,1331.76,Lost,No Decision,Inbound - Organic,false
OPP-001668,ACCT-P-000061,SMB,REP-038,2026-01-15,2026-02-11,2026-03-08,Closed Lost,0.00,New Logo,12,8277.75,8277.75,8277.75,Lost,Timing / Budget Deferred,Inbound - Paid,false
OPP-001669,ACCT-P-000062,SMB,REP-030,2024-11-21,2024-12-09,2024-12-24,Closed Lost,0.00,New Logo,1,7534.92,7534.92,627.91,Lost,Price,Inbound - Organic,false
OPP-001670,ACCT-P-000063,SMB,REP-048,2025-12-17,2026-01-12,2026-01-26,Closed Lost,0.00,New Logo,1,9757.46,9757.46,813.12,Lost,No Decision,Outbound - SDR,false
OPP-001671,ACCT-P-000064,SMB,REP-030,2025-02-01,2025-02-15,2025-02-18,Closed Lost,0.00,New Logo,1,8688.01,8688.01,724.00,Lost,Lost to Competitor,Outbound - SDR,false
OPP-001672,ACCT-P-000065,SMB,REP-030,2025-08-14,2025-09-08,2025-09-06,Closed Lost,0.00,New Logo,1,10224.58,10224.58,852.05,Lost,No Decision,Outbound - SDR,false
OPP-001673,ACCT-P-000066,SMB,REP-037,2025-08-01,2025-09-28,2025-09-24,Closed Lost,0.00,New Logo,12,17888.53,17888.53,17888.53,Lost,Timing / Budget Deferred,Inbound - Organic,false
OPP-001674,ACCT-P-000067,SMB,REP-037,2025-05-23,2025-07-17,2025-07-05,Closed Lost,0.00,New Logo,1,7203.09,7203.09,600.26,Lost,Product Gap,Inbound - Organic,false
OPP-001675,ACCT-P-000068,SMB,REP-030,2025-04-27,2025-05-24,2025-05-26,Closed Lost,0.00,New Logo,1,9779.89,9779.89,814.99,Lost,Product Gap,Outbound - SDR,false
OPP-001676,ACCT-P-000069,SMB,REP-030,2025-01-07,2025-03-09,2025-02-23,Closed Lost,0.00,New Logo,1,6283.88,6283.88,523.66,Lost,Lost to Competitor,Outbound - SDR,false
OPP-001677,ACCT-P-000070,SMB,REP-038,2025-03-18,2025-04-07,2025-04-14,Closed Lost,0.00,New Logo,12,4943.49,4943.49,4943.49,Lost,Lost to Competitor,Inbound - Paid,false
OPP-001678,ACCT-P-000071,SMB,REP-043,2025-02-22,2025-03-12,2025-03-12,Closed Lost,0.00,New Logo,1,10764.94,10764.94,897.08,Lost,Product Gap,Outbound - SDR,false
OPP-001679,ACCT-P-000072,SMB,REP-038,2024-09-14,2024-10-22,2024-10-17,Closed Lost,0.00,New Logo,12,8692.44,8692.44,8692.44,Lost,Timing / Budget Deferred,Inbound - Paid,false
OPP-001680,ACCT-P-000073,SMB,REP-030,2024-08-15,2024-10-16,2024-11-01,Closed Lost,0.00,New Logo,12,12272.81,12272.81,12272.81,Lost,Timing / Budget Deferred,Inbound - Paid,false
OPP-001681,ACCT-P-000074,SMB,REP-037,2024-07-19,2024-08-18,2024-08-22,Closed Lost,0.00,New Logo,1,10828.55,10828.55,902.38,Lost,No Decision,Inbound - Organic,false
OPP-001682,ACCT-P-000075,SMB,REP-043,2024-10-22,2024-10-29,2024-11-10,Closed Lost,0.00,New Logo,1,10774.18,10774.18,897.85,Lost,Timing / Budget Deferred,Partner / Referral,false
OPP-001683,ACCT-P-000076,SMB,REP-030,2025-03-01,2025-03-12,2025-03-21,Closed Lost,0.00,New Logo,1,14829.63,14829.63,1235.80,Lost,Timing / Budget Deferred,Partner / Referral,false
OPP-001684,ACCT-P-000077,SMB,REP-038,2026-03-22,2026-04-10,2026-04-15,Closed Lost,0.00,New Logo,1,10789.60,10789.60,899.13,Lost,No Decision,Partner / Referral,false
OPP-001685,ACCT-P-000078,SMB,REP-030,2026-01-24,2026-02-20,2026-03-19,Closed Lost,0.00,New Logo,1,5592.23,5592.23,466.02,Lost,Price,Inbound - Organic,false
OPP-001686,ACCT-P-000079,SMB,REP-030,2025-11-04,2025-12-22,2025-12-19,Closed Lost,0.00,New Logo,1,8410.92,8410.92,700.91,Lost,Timing / Budget Deferred,Inbound - Paid,false
OPP-001687,ACCT-P-000080,SMB,REP-037,2026-03-18,2026-05-13,2026-05-25,Closed Lost,0.00,New Logo,1,5271.64,5271.64,439.30,Lost,Lost to Competitor,Inbound - Organic,false
OPP-001688,ACCT-P-000081,SMB,REP-030,2025-01-30,2025-02-22,2025-03-11,Closed Lost,0.00,New Logo,12,8862.87,8862.87,8862.87,Lost,Product Gap,Partner / Referral,false
OPP-001689,ACCT-P-000082,SMB,REP-030,2025-03-26,2025-04-04,2025-04-06,Closed Lost,0.00,New Logo,12,7620.17,7620.17,7620.17,Lost,Stayed on Incumbent,Partner / Referral,false
OPP-001690,ACCT-P-000083,SMB,REP-031,2024-02-23,2024-04-15,2024-04-25,Closed Lost,0.00,New Logo,1,11917.65,11917.65,993.14,Lost,Price,Inbound - Organic,false
OPP-001691,ACCT-P-000084,SMB,REP-048,2025-08-06,2025-08-29,2025-08-28,Closed Lost,0.00,New Logo,1,10206.76,10206.76,850.56,Lost,No Decision,Inbound - Paid,false
OPP-001692,ACCT-P-000085,SMB,REP-030,2026-05-14,2026-05-23,2026-05-28,Closed Lost,0.00,New Logo,12,11653.32,11653.32,11653.32,Lost,Timing / Budget Deferred,Inbound - Paid,false
OPP-001693,ACCT-P-000086,SMB,REP-030,2025-10-27,2025-11-03,2025-11-04,Closed Lost,0.00,New Logo,12,2955.33,2955.33,2955.33,Lost,Stayed on Incumbent,Partner / Referral,false
OPP-001694,ACCT-P-000087,SMB,REP-028,2024-02-04,2024-02-19,2024-02-25,Closed Lost,0.00,New Logo,12,6529.30,6529.30,6529.30,Lost,Price,Partner / Referral,false
OPP-001695,ACCT-P-000088,SMB,REP-038,2025-02-18,2025-02-25,2025-02-23,Closed Lost,0.00,New Logo,1,10184.30,10184.30,848.69,Lost,Timing / Budget Deferred,Inbound - Organic,false
OPP-001696,ACCT-P-000089,SMB,REP-030,2024-12-18,2024-12-25,2024-12-29,Closed Lost,0.00,New Logo,1,8407.85,8407.85,700.65,Lost,Lost to Competitor,Outbound - SDR,false
OPP-001697,ACCT-P-000090,SMB,REP-038,2025-10-03,2025-10-22,2025-10-23,Closed Lost,0.00,New Logo,1,14382.46,14382.46,1198.54,Lost,No Decision,Trade Show / Event,false
OPP-001698,ACCT-P-000091,SMB,REP-038,2026-01-10,2026-02-13,2026-03-04,Closed Lost,0.00,New Logo,1,4358.30,4358.30,363.19,Lost,Timing / Budget Deferred,Inbound - Organic,false
OPP-001699,ACCT-P-000092,SMB,REP-037,2026-02-24,2026-03-16,2026-03-14,Closed Lost,0.00,New Logo,1,5848.72,5848.72,487.39,Lost,No Decision,Inbound - Organic,false
OPP-001700,ACCT-P-000093,SMB,REP-037,2026-02-15,2026-04-24,2026-04-12,Closed Lost,0.00,New Logo,1,4740.52,4740.52,395.04,Lost,No Decision,Partner / Referral,false
OPP-001701,ACCT-P-000094,SMB,REP-038,2024-12-05,2025-01-22,2025-02-28,Closed Lost,0.00,New Logo,12,8529.06,8529.06,8529.06,Lost,Price,Trade Show / Event,false
OPP-001702,ACCT-P-000095,SMB,REP-030,2024-11-07,2024-11-23,2024-11-27,Closed Lost,0.00,New Logo,1,17515.52,17515.52,1459.63,Lost,Timing / Budget Deferred,Inbound - Organic,false
OPP-001703,ACCT-P-000096,SMB,REP-030,2026-02-02,2026-03-12,2026-03-17,Closed Lost,0.00,New Logo,1,11433.84,11433.84,952.82,Lost,Product Gap,Inbound - Paid,false
OPP-001704,ACCT-P-000097,SMB,REP-038,2026-02-21,2026-03-16,2026-03-27,Closed Lost,0.00,New Logo,1,6139.85,6139.85,511.65,Lost,Price,Outbound - SDR,false
OPP-001705,ACCT-P-000098,SMB,REP-038,2024-03-26,2024-07-04,2024-09-12,Closed Lost,0.00,New Logo,1,6490.11,6490.11,540.84,Lost,No Decision,Outbound - SDR,false
OPP-001706,ACCT-P-000099,SMB,REP-038,2025-05-10,2025-05-17,2025-05-28,Closed Lost,0.00,New Logo,1,9699.10,9699.10,808.26,Lost,No Decision,Partner / Referral,false
OPP-001707,ACCT-P-000100,SMB,REP-030,2025-02-13,2025-02-26,2025-03-02,Closed Lost,0.00,New Logo,1,6065.25,6065.25,505.44,Lost,Lost to Competitor,Inbound - Paid,false
OPP-001708,ACCT-P-000101,SMB,REP-043,2025-02-20,2025-04-11,2025-03-29,Closed Lost,0.00,New Logo,1,12223.81,12223.81,1018.65,Lost,Lost to Competitor,Inbound - Organic,false
OPP-001709,ACCT-P-000102,SMB,REP-030,2025-09-10,2025-09-19,2025-09-25,Closed Lost,0.00,New Logo,1,5913.96,5913.96,492.83,Lost,Product Gap,Inbound - Organic,false
OPP-001710,ACCT-P-000103,SMB,REP-030,2025-07-25,2025-08-07,2025-08-12,Closed Lost,0.00,New Logo,12,5388.95,5388.95,5388.95,Lost,Timing / Budget Deferred,Trade Show / Event,false
OPP-001711,ACCT-P-000104,SMB,REP-034,2024-04-07,2024-04-20,2024-04-27,Closed Lost,0.00,New Logo,1,15705.73,15705.73,1308.81,Lost,Price,Partner / Referral,false
OPP-001712,ACCT-P-000105,SMB,REP-038,2024-07-08,2024-07-22,2024-07-31,Closed Lost,0.00,New Logo,1,5512.50,5512.50,459.38,Lost,Timing / Budget Deferred,Inbound - Organic,false
OPP-001713,ACCT-P-000106,SMB,REP-038,2025-06-04,2025-06-22,2025-06-30,Closed Lost,0.00,New Logo,12,6121.21,6121.21,6121.21,Lost,No Decision,Trade Show / Event,false
OPP-001714,ACCT-P-000107,SMB,REP-048,2025-07-01,2025-08-24,2025-08-19,Closed Lost,0.00,New Logo,1,5470.35,5470.35,455.86,Lost,Price,Trade Show / Event,false
OPP-001715,ACCT-P-000108,SMB,REP-038,2024-08-27,2024-09-04,2024-09-13,Closed Lost,0.00,New Logo,12,13235.94,13235.94,13235.94,Lost,Price,Outbound - SDR,false
OPP-001716,ACCT-P-000109,SMB,REP-048,2025-07-29,2025-08-14,2025-08-17,Closed Lost,0.00,New Logo,12,4848.23,4848.23,4848.23,Lost,No Decision,Partner / Referral,false
OPP-001717,ACCT-P-000110,SMB,REP-031,2024-02-23,2024-03-09,2024-03-14,Closed Lost,0.00,New Logo,1,8932.44,8932.44,744.37,Lost,No Decision,Partner / Referral,false
OPP-001718,ACCT-P-000111,SMB,REP-038,2025-03-12,2025-03-27,2025-03-31,Closed Lost,0.00,New Logo,1,13625.78,13625.78,1135.48,Lost,No Decision,Trade Show / Event,false
OPP-001719,ACCT-P-000112,SMB,REP-038,2024-11-24,2025-01-05,2024-12-24,Closed Lost,0.00,New Logo,1,8079.82,8079.82,673.32,Lost,No Decision,Inbound - Organic,false
OPP-001720,ACCT-P-000113,SMB,REP-038,2024-08-04,2024-08-30,2024-09-09,Closed Lost,0.00,New Logo,12,4460.36,4460.36,4460.36,Lost,Timing / Budget Deferred,Outbound - SDR,false
OPP-001721,ACCT-P-000114,SMB,REP-048,2025-10-08,2025-12-26,2026-01-29,Closed Lost,0.00,New Logo,1,24823.49,24823.49,2068.62,Lost,Stayed on Incumbent,Outbound - SDR,false
OPP-001722,ACCT-P-000115,SMB,REP-038,2024-11-18,2024-12-12,2024-12-14,Closed Lost,0.00,New Logo,12,10320.07,10320.07,10320.07,Lost,Stayed on Incumbent,Trade Show / Event,false
OPP-001723,ACCT-P-000116,SMB,REP-031,2024-01-21,2024-01-28,2024-01-31,Closed Lost,0.00,New Logo,1,13255.09,13255.09,1104.59,Lost,Product Gap,Outbound - SDR,false
OPP-001724,ACCT-P-000117,SMB,REP-038,2024-11-10,2024-11-26,2024-11-30,Closed Lost,0.00,New Logo,12,3978.29,3978.29,3978.29,Lost,Lost to Competitor,Outbound - SDR,false
OPP-001725,ACCT-P-000118,SMB,REP-038,2024-12-07,2024-12-15,2024-12-27,Closed Lost,0.00,New Logo,1,10898.94,10898.94,908.24,Lost,Price,Outbound - SDR,false
OPP-001726,ACCT-P-000119,SMB,REP-030,2024-10-10,2024-10-20,2024-10-30,Closed Lost,0.00,New Logo,1,4633.65,4633.65,386.14,Lost,Product Gap,Outbound - SDR,false
OPP-001727,ACCT-P-000120,SMB,REP-030,2025-03-29,2025-05-06,2025-05-01,Closed Lost,0.00,New Logo,1,4228.29,4228.29,352.36,Lost,No Decision,Inbound - Paid,false
OPP-001728,ACCT-P-000121,SMB,REP-038,2024-06-26,2024-08-08,2024-08-01,Closed Lost,0.00,New Logo,1,5982.36,5982.36,498.53,Lost,Timing / Budget Deferred,Inbound - Paid,false
OPP-001729,ACCT-P-000122,SMB,REP-037,2025-01-02,2025-01-18,2025-02-08,Closed Lost,0.00,New Logo,1,6281.10,6281.10,523.43,Lost,No Decision,Inbound - Paid,false
OPP-001730,ACCT-P-000123,SMB,REP-037,2025-01-22,2025-02-14,2025-03-02,Closed Lost,0.00,New Logo,1,8786.07,8786.07,732.17,Lost,Product Gap,Outbound - SDR,false
OPP-001731,ACCT-P-000124,SMB,REP-030,2025-02-23,2025-03-11,2025-03-11,Closed Lost,0.00,New Logo,1,8589.71,8589.71,715.81,Lost,Stayed on Incumbent,Outbound - SDR,false
OPP-001732,ACCT-P-000125,SMB,REP-038,2025-08-25,2025-09-11,2025-09-25,Closed Lost,0.00,New Logo,1,6571.97,6571.97,547.66,Lost,Price,Inbound - Organic,false
OPP-001733,ACCT-P-000126,SMB,REP-038,2025-01-14,2025-01-29,2025-01-28,Closed Lost,0.00,New Logo,12,19638.68,19638.68,19638.68,Lost,Price,Outbound - SDR,false
OPP-001734,ACCT-P-000127,SMB,REP-037,2025-01-19,2025-03-10,2025-03-21,Closed Lost,0.00,New Logo,1,8275.93,8275.93,689.66,Lost,Product Gap,Partner / Referral,false
OPP-001735,ACCT-P-000128,SMB,REP-030,2025-05-06,2025-05-18,2025-05-16,Closed Lost,0.00,New Logo,1,16902.93,16902.93,1408.58,Lost,No Decision,Inbound - Paid,false
OPP-001736,ACCT-P-000129,SMB,REP-038,2024-12-12,2024-12-21,2024-12-28,Closed Lost,0.00,New Logo,12,12037.11,12037.11,12037.11,Lost,No Decision,Inbound - Organic,false
OPP-001737,ACCT-P-000130,SMB,REP-038,2024-08-29,2024-09-13,2024-09-20,Closed Lost,0.00,New Logo,24,20257.49,20257.49,40514.98,Lost,Timing / Budget Deferred,Inbound - Organic,false
OPP-001738,ACCT-P-000131,SMB,REP-030,2026-04-21,2026-05-24,2026-05-18,Closed Lost,0.00,New Logo,1,9295.22,9295.22,774.60,Lost,Lost to Competitor,Outbound - SDR,false
OPP-001739,ACCT-P-000132,SMB,REP-031,2024-08-04,2024-09-09,2024-09-18,Closed Lost,0.00,New Logo,1,4786.41,4786.41,398.87,Lost,Price,Partner / Referral,false
OPP-001740,ACCT-P-000133,SMB,REP-038,2024-07-27,2024-09-06,2024-09-03,Closed Lost,0.00,New Logo,1,11388.57,11388.57,949.05,Lost,Price,Inbound - Paid,false
OPP-001741,ACCT-P-000134,SMB,REP-038,2025-11-03,2025-11-30,2025-11-28,Closed Lost,0.00,New Logo,12,15285.26,15285.26,15285.26,Lost,Timing / Budget Deferred,Inbound - Organic,false
OPP-001742,ACCT-P-000135,SMB,REP-005,2024-03-04,2024-03-11,2024-03-22,Closed Lost,0.00,New Logo,12,9516.08,9516.08,9516.08,Lost,Lost to Competitor,Inbound - Organic,false
OPP-001743,ACCT-P-000136,SMB,REP-005,2023-10-05,2024-02-20,2024-02-14,Closed Lost,0.00,New Logo,1,15590.29,15590.29,1299.19,Lost,Lost to Competitor,Inbound - Organic,false
OPP-001744,ACCT-P-000137,SMB,REP-038,2025-10-14,2025-11-08,2025-11-24,Closed Lost,0.00,New Logo,1,12993.35,12993.35,1082.78,Lost,No Decision,Inbound - Paid,false
OPP-001745,ACCT-P-000138,SMB,REP-037,2026-01-08,2026-01-17,2026-01-23,Closed Lost,0.00,New Logo,1,11058.66,11058.66,921.56,Lost,No Decision,Outbound - SDR,false
OPP-001746,ACCT-P-000139,SMB,REP-030,2026-05-28,2026-06-05,2026-06-06,Closed Lost,0.00,New Logo,1,21553.29,21553.29,1796.11,Lost,No Decision,Partner / Referral,false
OPP-001747,ACCT-P-000140,SMB,REP-038,2024-12-24,2025-01-13,2025-01-19,Closed Lost,0.00,New Logo,12,10339.55,10339.55,10339.55,Lost,Product Gap,Inbound - Paid,false
OPP-001748,ACCT-P-000141,SMB,REP-037,2025-09-26,2025-10-17,2025-10-20,Closed Lost,0.00,New Logo,1,8591.81,8591.81,715.98,Lost,Lost to Competitor,Inbound - Paid,false
OPP-001749,ACCT-P-000142,SMB,REP-030,2025-12-29,2026-03-12,2026-03-17,Closed Lost,0.00,New Logo,12,3624.71,3624.71,3624.71,Lost,Stayed on Incumbent,Trade Show / Event,false
OPP-001750,ACCT-P-000143,SMB,REP-030,2024-02-02,2024-02-10,2024-02-12,Closed Lost,0.00,New Logo,1,9925.93,9925.93,827.16,Lost,No Decision,Inbound - Paid,false
OPP-001751,ACCT-P-000144,SMB,REP-030,2026-03-29,2026-04-15,2026-05-04,Closed Lost,0.00,New Logo,12,5910.50,5910.50,5910.50,Lost,Timing / Budget Deferred,Partner / Referral,false
OPP-001752,ACCT-P-000145,SMB,REP-037,2025-12-15,2026-01-08,2026-01-24,Closed Lost,0.00,New Logo,1,16523.06,16523.06,1376.92,Lost,Lost to Competitor,Inbound - Paid,false
OPP-001753,ACCT-P-000146,SMB,REP-030,2025-03-21,2025-06-04,2025-05-23,Closed Lost,0.00,New Logo,1,7890.92,7890.92,657.58,Lost,Lost to Competitor,Outbound - SDR,false
OPP-001754,ACCT-P-000147,SMB,REP-037,2026-02-17,2026-03-04,2026-03-07,Closed Lost,0.00,New Logo,12,7703.80,7703.80,7703.80,Lost,Price,Outbound - SDR,false
OPP-001755,ACCT-P-000148,SMB,REP-031,2024-05-17,2024-05-28,2024-06-09,Closed Lost,0.00,New Logo,12,5147.85,5147.85,5147.85,Lost,Price,Trade Show / Event,false
OPP-001756,ACCT-P-000149,SMB,REP-030,2023-11-26,2024-02-12,2024-02-02,Closed Lost,0.00,New Logo,1,9704.18,9704.18,808.68,Lost,No Decision,Inbound - Paid,false
OPP-001757,ACCT-P-000150,SMB,REP-038,2025-07-06,2025-07-23,2025-08-11,Closed Lost,0.00,New Logo,1,11424.43,11424.43,952.04,Lost,Price,Outbound - SDR,false
OPP-001758,ACCT-P-000151,SMB,REP-038,2026-01-09,2026-02-01,2026-02-09,Closed Lost,0.00,New Logo,12,7477.14,7477.14,7477.14,Lost,Price,Inbound - Organic,false
OPP-001759,ACCT-P-000152,SMB,REP-030,2024-08-16,2024-09-08,2024-09-04,Closed Lost,0.00,New Logo,12,11334.83,11334.83,11334.83,Lost,No Decision,Inbound - Organic,false
OPP-001760,ACCT-P-000153,SMB,REP-030,2024-05-21,2024-07-21,2024-08-12,Closed Lost,0.00,New Logo,12,4726.97,4726.97,4726.97,Lost,Product Gap,Trade Show / Event,false
OPP-001761,ACCT-P-000154,SMB,REP-030,2024-06-04,2024-06-13,2024-06-21,Closed Lost,0.00,New Logo,12,11993.51,11993.51,11993.51,Lost,Price,Partner / Referral,false
OPP-001762,ACCT-P-000155,SMB,REP-031,2024-02-26,2024-03-15,2024-03-17,Closed Lost,0.00,New Logo,1,14318.81,14318.81,1193.23,Lost,No Decision,Inbound - Paid,false
OPP-001763,ACCT-P-000156,SMB,REP-038,2026-06-04,2026-06-16,2026-06-17,Closed Lost,0.00,New Logo,1,9022.09,9022.09,751.84,Lost,Stayed on Incumbent,Inbound - Organic,false
OPP-001764,ACCT-P-000157,SMB,REP-030,2024-06-08,2024-08-14,2024-07-29,Closed Lost,0.00,New Logo,1,6150.63,6150.63,512.55,Lost,Lost to Competitor,Inbound - Organic,false
OPP-001765,ACCT-P-000158,SMB,REP-038,2025-05-23,2025-06-06,2025-06-12,Closed Lost,0.00,New Logo,1,11358.71,11358.71,946.56,Lost,Stayed on Incumbent,Outbound - SDR,false
OPP-001766,ACCT-P-000159,SMB,REP-043,2024-10-27,2024-11-03,2024-11-04,Closed Lost,0.00,New Logo,1,7858.66,7858.66,654.89,Lost,Lost to Competitor,Outbound - SDR,false
OPP-001767,ACCT-P-000160,SMB,REP-038,2025-02-12,2025-03-04,2025-03-12,Closed Lost,0.00,New Logo,1,9786.46,9786.46,815.54,Lost,Product Gap,Partner / Referral,false
OPP-001768,ACCT-P-000161,SMB,REP-030,2025-01-07,2025-01-28,2025-02-10,Closed Lost,0.00,New Logo,1,9057.61,9057.61,754.80,Lost,Price,Partner / Referral,false
OPP-001769,ACCT-P-000162,SMB,REP-038,2024-07-16,2024-07-23,2024-07-21,Closed Lost,0.00,New Logo,1,12791.68,12791.68,1065.97,Lost,Timing / Budget Deferred,Outbound - SDR,false
OPP-001770,ACCT-P-000163,SMB,REP-030,2025-04-22,2025-07-24,2025-08-09,Closed Lost,0.00,New Logo,1,7056.83,7056.83,588.07,Lost,Lost to Competitor,Inbound - Organic,false
OPP-001771,ACCT-P-000164,SMB,REP-031,2024-05-18,2024-06-07,2024-06-18,Closed Lost,0.00,New Logo,1,7491.68,7491.68,624.31,Lost,Lost to Competitor,Inbound - Paid,false
OPP-001772,ACCT-P-000165,SMB,REP-038,2025-09-27,2025-11-11,2025-11-05,Closed Lost,0.00,New Logo,12,3956.09,3956.09,3956.09,Lost,Timing / Budget Deferred,Trade Show / Event,false
OPP-001773,ACCT-P-000166,SMB,REP-034,2024-03-05,2024-03-15,2024-03-16,Closed Lost,0.00,New Logo,1,9315.45,9315.45,776.29,Lost,Stayed on Incumbent,Outbound - SDR,false
OPP-001774,ACCT-P-000167,SMB,REP-038,2024-09-11,2024-09-27,2024-10-03,Closed Lost,0.00,New Logo,1,9902.42,9902.42,825.20,Lost,No Decision,Outbound - SDR,false
OPP-001775,ACCT-P-000168,SMB,REP-030,2025-09-17,2025-09-29,2025-10-01,Closed Lost,0.00,New Logo,12,9022.49,9022.49,9022.49,Lost,Lost to Competitor,Inbound - Paid,false
OPP-001776,ACCT-P-000169,SMB,REP-028,2024-01-07,2024-02-12,2024-02-11,Closed Lost,0.00,New Logo,1,6275.54,6275.54,522.96,Lost,Lost to Competitor,Outbound - SDR,false
OPP-001777,ACCT-P-000170,SMB,REP-038,2025-02-13,2025-04-09,2025-04-29,Closed Lost,0.00,New Logo,12,11247.95,11247.95,11247.95,Lost,No Decision,Outbound - SDR,false
OPP-001778,ACCT-P-000171,SMB,REP-048,2025-08-08,2025-08-15,2025-08-24,Closed Lost,0.00,New Logo,1,4934.74,4934.74,411.23,Lost,Price,Partner / Referral,false
OPP-001779,ACCT-P-000172,SMB,REP-038,2024-12-16,2025-01-15,2025-01-20,Closed Lost,0.00,New Logo,12,7149.66,7149.66,7149.66,Lost,Lost to Competitor,Outbound - SDR,false
OPP-001780,ACCT-P-000173,SMB,REP-030,2024-06-08,2024-06-30,2024-07-05,Closed Lost,0.00,New Logo,1,17808.73,17808.73,1484.06,Lost,Stayed on Incumbent,Outbound - SDR,false
OPP-001781,ACCT-P-000174,SMB,REP-030,2024-06-01,2024-06-11,2024-06-12,Closed Lost,0.00,New Logo,1,5664.59,5664.59,472.05,Lost,Product Gap,Inbound - Paid,false
OPP-001782,ACCT-P-000175,SMB,REP-038,2024-07-12,2024-07-22,2024-07-24,Closed Lost,0.00,New Logo,1,12575.80,12575.80,1047.98,Lost,Timing / Budget Deferred,Inbound - Organic,false
OPP-001783,ACCT-P-000176,SMB,REP-030,2025-01-09,2025-01-27,2025-01-22,Closed Lost,0.00,New Logo,1,10085.89,10085.89,840.49,Lost,Timing / Budget Deferred,Inbound - Paid,false
OPP-001784,ACCT-P-000177,SMB,REP-038,2025-01-01,2025-01-08,2025-01-13,Closed Lost,0.00,New Logo,1,5547.95,5547.95,462.33,Lost,Timing / Budget Deferred,Outbound - SDR,false
OPP-001785,ACCT-P-000178,SMB,REP-038,2024-09-06,2024-10-03,2024-10-15,Closed Lost,0.00,New Logo,1,5397.28,5397.28,449.77,Lost,Price,Trade Show / Event,false
OPP-001786,ACCT-P-000179,SMB,REP-030,2026-01-13,2026-01-26,2026-02-08,Closed Lost,0.00,New Logo,1,14848.30,14848.30,1237.36,Lost,No Decision,Inbound - Paid,false
OPP-001787,ACCT-P-000180,SMB,REP-031,2024-04-02,2024-05-05,2024-05-11,Closed Lost,0.00,New Logo,12,12515.49,12515.49,12515.49,Lost,Price,Inbound - Paid,false
OPP-001788,ACCT-P-000181,SMB,REP-038,2024-11-17,2024-11-29,2024-11-28,Closed Lost,0.00,New Logo,1,3963.36,3963.36,330.28,Lost,Lost to Competitor,Inbound - Paid,false
OPP-001789,ACCT-P-000182,SMB,REP-030,2025-09-10,2025-10-26,2025-10-25,Closed Lost,0.00,New Logo,1,10095.29,10095.29,841.27,Lost,Timing / Budget Deferred,Inbound - Paid,false
OPP-001790,ACCT-P-000183,SMB,REP-038,2024-04-30,2024-06-21,2024-07-06,Closed Lost,0.00,New Logo,1,7715.10,7715.10,642.92,Lost,Price,Inbound - Organic,false
OPP-001791,ACCT-P-000184,SMB,REP-030,2024-02-02,2024-02-22,2024-03-11,Closed Lost,0.00,New Logo,1,10039.08,10039.08,836.59,Lost,Timing / Budget Deferred,Outbound - SDR,false
OPP-001792,ACCT-P-000185,SMB,REP-030,2025-02-08,2025-02-17,2025-02-22,Closed Lost,0.00,New Logo,1,18404.56,18404.56,1533.71,Lost,Lost to Competitor,Partner / Referral,false
OPP-001793,ACCT-P-000186,SMB,REP-035,2024-09-20,2024-10-27,2024-11-11,Closed Lost,0.00,New Logo,12,10870.46,10870.46,10870.46,Lost,Lost to Competitor,Outbound - SDR,false
OPP-001794,ACCT-P-000187,SMB,REP-048,2025-11-02,2025-11-29,2025-11-27,Closed Lost,0.00,New Logo,1,11778.78,11778.78,981.56,Lost,Price,Outbound - SDR,false
OPP-001795,ACCT-P-000188,SMB,REP-038,2024-11-11,2024-12-06,2024-12-20,Closed Lost,0.00,New Logo,1,16156.44,16156.44,1346.37,Lost,Timing / Budget Deferred,Inbound - Paid,false
OPP-001796,ACCT-P-000189,SMB,REP-030,2024-08-21,2024-09-08,2024-10-01,Closed Lost,0.00,New Logo,1,18875.70,18875.70,1572.98,Lost,Stayed on Incumbent,Outbound - SDR,false
OPP-001797,ACCT-P-000190,SMB,REP-030,2024-04-09,2024-05-20,2024-05-17,Closed Lost,0.00,New Logo,12,11097.51,11097.51,11097.51,Lost,Price,Partner / Referral,false
OPP-001798,ACCT-P-000191,SMB,REP-030,2024-05-18,2024-06-11,2024-06-15,Closed Lost,0.00,New Logo,1,9897.08,9897.08,824.76,Lost,Stayed on Incumbent,Inbound - Organic,false
OPP-001799,ACCT-P-000192,SMB,REP-048,2026-02-22,2026-03-10,2026-03-14,Closed Lost,0.00,New Logo,1,20963.86,20963.86,1746.99,Lost,Lost to Competitor,Trade Show / Event,false
OPP-001800,ACCT-P-000193,SMB,REP-037,2026-06-01,2026-06-18,2026-06-24,Closed Lost,0.00,New Logo,1,14898.44,14898.44,1241.54,Lost,Timing / Budget Deferred,Inbound - Organic,false
OPP-001801,ACCT-P-000194,SMB,REP-038,2025-06-12,2025-07-08,2025-07-12,Closed Lost,0.00,New Logo,12,5219.24,5219.24,5219.24,Lost,No Decision,Inbound - Organic,false
OPP-001802,ACCT-P-000195,SMB,REP-034,2024-03-05,2024-03-17,2024-03-21,Closed Lost,0.00,New Logo,1,8118.73,8118.73,676.56,Lost,No Decision,Outbound - SDR,false
OPP-001803,ACCT-P-000196,SMB,REP-034,2024-03-14,2024-04-02,2024-04-16,Closed Lost,0.00,New Logo,1,5460.71,5460.71,455.06,Lost,Lost to Competitor,Trade Show / Event,false
OPP-001804,ACCT-P-000197,SMB,REP-048,2025-08-25,2025-09-20,2025-09-21,Closed Lost,0.00,New Logo,1,5546.33,5546.33,462.19,Lost,Price,Trade Show / Event,false
OPP-001805,ACCT-P-000198,SMB,REP-038,2024-12-09,2024-12-16,2024-12-17,Closed Lost,0.00,New Logo,1,16331.86,16331.86,1360.99,Lost,Product Gap,Inbound - Paid,false
OPP-001806,ACCT-P-000199,SMB,REP-048,2026-01-09,2026-02-05,2026-02-23,Closed Lost,0.00,New Logo,1,10522.51,10522.51,876.88,Lost,Price,Trade Show / Event,false
OPP-001807,ACCT-P-000200,SMB,REP-036,2024-04-02,2024-05-15,2024-05-07,Closed Lost,0.00,New Logo,1,7579.11,7579.11,631.59,Lost,Price,Inbound - Organic,false
OPP-001808,ACCT-P-000201,SMB,REP-030,2024-10-12,2024-12-01,2025-01-05,Closed Lost,0.00,New Logo,1,9977.44,9977.44,831.45,Lost,Price,Partner / Referral,false
OPP-001809,ACCT-P-000202,SMB,REP-037,2024-04-12,2024-05-09,2024-05-19,Closed Lost,0.00,New Logo,1,15790.20,15790.20,1315.85,Lost,Price,Outbound - SDR,false
OPP-001810,ACCT-P-000203,SMB,REP-037,2026-02-28,2026-06-01,2026-05-31,Closed Lost,0.00,New Logo,12,5856.59,5856.59,5856.59,Lost,Timing / Budget Deferred,Partner / Referral,false
OPP-001811,ACCT-P-000204,SMB,REP-038,2024-09-20,2024-09-27,2024-10-04,Closed Lost,0.00,New Logo,12,13537.51,13537.51,13537.51,Lost,Price,Inbound - Paid,false
OPP-001812,ACCT-P-000205,SMB,REP-030,2026-05-18,2026-06-13,2026-06-11,Closed Lost,0.00,New Logo,1,8521.98,8521.98,710.17,Lost,Stayed on Incumbent,Trade Show / Event,false
OPP-001813,ACCT-P-000206,SMB,REP-030,2024-08-09,2024-10-03,2024-09-20,Closed Lost,0.00,New Logo,1,9197.07,9197.07,766.42,Lost,No Decision,Inbound - Paid,false
OPP-001814,ACCT-P-000207,SMB,REP-035,2025-06-21,2025-07-12,2025-07-11,Closed Lost,0.00,New Logo,1,6259.14,6259.14,521.59,Lost,Price,Inbound - Paid,false
OPP-001815,ACCT-P-000208,SMB,REP-038,2025-02-22,2025-04-04,2025-04-04,Closed Lost,0.00,New Logo,1,3286.80,3286.80,273.90,Lost,No Decision,Inbound - Paid,false
OPP-001816,ACCT-P-000209,SMB,REP-038,2025-05-11,2025-05-30,2025-05-31,Closed Lost,0.00,New Logo,12,11341.45,11341.45,11341.45,Lost,Lost to Competitor,Inbound - Paid,false
OPP-001817,ACCT-P-000210,SMB,REP-030,2024-09-02,2024-09-10,2024-09-14,Closed Lost,0.00,New Logo,12,8751.13,8751.13,8751.13,Lost,Stayed on Incumbent,Partner / Referral,false
OPP-001818,ACCT-P-000211,SMB,REP-038,2025-11-09,2025-11-16,2025-11-16,Closed Lost,0.00,New Logo,1,7601.23,7601.23,633.44,Lost,Price,Inbound - Paid,false
OPP-001819,ACCT-P-000212,SMB,REP-038,2025-05-07,2025-05-21,2025-05-17,Closed Lost,0.00,New Logo,12,11218.92,11218.92,11218.92,Lost,Lost to Competitor,Outbound - SDR,false
OPP-001820,ACCT-P-000213,SMB,REP-037,2025-10-12,2025-11-15,2025-11-09,Closed Lost,0.00,New Logo,1,6141.90,6141.90,511.83,Lost,Timing / Budget Deferred,Inbound - Paid,false
OPP-001821,ACCT-P-000214,SMB,REP-038,2025-06-11,2025-09-10,2025-09-05,Closed Lost,0.00,New Logo,1,6986.89,6986.89,582.24,Lost,Product Gap,Inbound - Paid,false
OPP-001822,ACCT-P-000215,SMB,REP-038,2024-09-27,2024-11-07,2024-11-13,Closed Lost,0.00,New Logo,1,5674.61,5674.61,472.88,Lost,Price,Partner / Referral,false
OPP-001823,ACCT-P-000216,SMB,REP-037,2025-01-15,2025-02-01,2025-02-22,Closed Lost,0.00,New Logo,12,18661.18,18661.18,18661.18,Lost,Stayed on Incumbent,Inbound - Paid,false
OPP-001824,ACCT-P-000217,SMB,REP-037,2024-08-04,2024-08-16,2024-08-18,Closed Lost,0.00,New Logo,12,18054.32,18054.32,18054.32,Lost,Price,Outbound - SDR,false
OPP-001825,ACCT-P-000218,SMB,REP-038,2026-05-25,2026-06-01,2026-06-04,Closed Lost,0.00,New Logo,1,16473.30,16473.30,1372.78,Lost,No Decision,Partner / Referral,false
OPP-001826,ACCT-P-000219,SMB,REP-038,2025-04-21,2025-05-11,2025-05-13,Closed Lost,0.00,New Logo,1,9835.40,9835.40,819.62,Lost,Product Gap,Outbound - SDR,false
OPP-001827,ACCT-P-000220,SMB,REP-030,2025-11-08,2026-03-11,2026-03-22,Closed Lost,0.00,New Logo,1,6686.94,6686.94,557.25,Lost,Lost to Competitor,Trade Show / Event,false
OPP-001828,ACCT-P-000221,SMB,REP-038,2025-01-23,2025-02-28,2025-02-22,Closed Lost,0.00,New Logo,1,7637.24,7637.24,636.44,Lost,No Decision,Outbound - SDR,false
OPP-001829,ACCT-P-000222,SMB,REP-038,2024-12-06,2025-01-11,2025-01-01,Closed Lost,0.00,New Logo,1,10230.81,10230.81,852.57,Lost,Stayed on Incumbent,Inbound - Organic,false
OPP-001830,ACCT-P-000223,SMB,REP-038,2025-07-01,2025-07-18,2025-07-18,Closed Lost,0.00,New Logo,12,24126.86,24126.86,24126.86,Lost,No Decision,Outbound - SDR,false
OPP-001831,ACCT-P-000224,SMB,REP-030,2025-03-16,2025-03-26,2025-04-10,Closed Lost,0.00,New Logo,1,3462.27,3462.27,288.52,Lost,No Decision,Inbound - Organic,false
OPP-001832,ACCT-P-000225,SMB,REP-038,2025-10-29,2025-11-06,2025-11-19,Closed Lost,0.00,New Logo,1,5020.58,5020.58,418.38,Lost,Price,Inbound - Paid,false
OPP-001833,ACCT-P-000226,SMB,REP-030,2025-11-02,2025-11-09,2025-11-17,Closed Lost,0.00,New Logo,1,8547.29,8547.29,712.27,Lost,No Decision,Trade Show / Event,false
OPP-001834,ACCT-P-000227,SMB,REP-038,2024-12-03,2024-12-15,2024-12-24,Closed Lost,0.00,New Logo,1,7368.93,7368.93,614.08,Lost,No Decision,Inbound - Organic,false
OPP-001835,ACCT-P-000228,SMB,REP-037,2025-08-01,2025-08-13,2025-08-27,Closed Lost,0.00,New Logo,1,9028.73,9028.73,752.39,Lost,Price,Trade Show / Event,false
OPP-001836,ACCT-P-000229,SMB,REP-038,2025-10-16,2025-12-03,2025-12-01,Closed Lost,0.00,New Logo,1,13780.04,13780.04,1148.34,Lost,Product Gap,Outbound - SDR,false
OPP-001837,ACCT-P-000230,SMB,REP-038,2025-07-04,2025-07-20,2025-07-18,Closed Lost,0.00,New Logo,1,6811.15,6811.15,567.60,Lost,Price,Partner / Referral,false
OPP-001838,ACCT-P-000231,SMB,REP-030,2024-05-22,2024-06-10,2024-06-14,Closed Lost,0.00,New Logo,1,7056.32,7056.32,588.03,Lost,Timing / Budget Deferred,Outbound - SDR,false
OPP-001839,ACCT-P-000232,SMB,REP-038,2025-06-26,2025-07-03,2025-07-06,Closed Lost,0.00,New Logo,1,16172.73,16172.73,1347.73,Lost,No Decision,Partner / Referral,false
OPP-001840,ACCT-P-000233,SMB,REP-048,2025-07-09,2025-08-14,2025-08-10,Closed Lost,0.00,New Logo,1,6524.27,6524.27,543.69,Lost,No Decision,Trade Show / Event,false
OPP-001841,ACCT-P-000234,SMB,REP-038,2025-11-04,2025-11-14,2025-11-20,Closed Lost,0.00,New Logo,36,4445.60,4445.60,13336.81,Lost,Price,Inbound - Organic,false
OPP-001842,ACCT-P-000235,SMB,REP-030,2024-06-30,2024-07-11,2024-07-11,Closed Lost,0.00,New Logo,12,12096.88,12096.88,12096.88,Lost,Stayed on Incumbent,Inbound - Paid,false
OPP-001843,ACCT-P-000236,SMB,REP-035,2024-09-07,2024-10-13,2024-10-26,Closed Lost,0.00,New Logo,1,7385.22,7385.22,615.44,Lost,Stayed on Incumbent,Inbound - Organic,false
OPP-001844,ACCT-P-000237,SMB,REP-038,2026-06-15,2026-06-22,2026-06-28,Closed Lost,0.00,New Logo,1,19875.16,19875.16,1656.26,Lost,Price,Inbound - Paid,false
OPP-001845,ACCT-P-000238,SMB,REP-030,2026-01-06,2026-01-30,2026-01-25,Closed Lost,0.00,New Logo,12,14031.59,14031.59,14031.59,Lost,Timing / Budget Deferred,Outbound - SDR,false
OPP-001846,ACCT-P-000239,SMB,REP-030,2026-02-07,2026-03-07,2026-03-02,Closed Lost,0.00,New Logo,12,10755.84,10755.84,10755.84,Lost,Lost to Competitor,Partner / Referral,false
OPP-001847,ACCT-P-000240,SMB,REP-030,2025-02-11,2025-03-15,2025-03-26,Closed Lost,0.00,New Logo,12,12122.94,12122.94,12122.94,Lost,Price,Outbound - SDR,false
OPP-001848,ACCT-P-000241,SMB,REP-038,2026-01-27,2026-02-03,2026-02-05,Closed Lost,0.00,New Logo,1,9126.56,9126.56,760.55,Lost,Lost to Competitor,Inbound - Paid,false
OPP-001849,ACCT-P-000242,SMB,REP-037,2025-10-28,2025-11-19,2025-12-03,Closed Lost,0.00,New Logo,1,11563.86,11563.86,963.66,Lost,No Decision,Inbound - Organic,false
OPP-001850,ACCT-P-000243,SMB,REP-037,2025-06-26,2025-07-04,2025-07-06,Closed Lost,0.00,New Logo,12,8744.50,8744.50,8744.50,Lost,Price,Outbound - SDR,false
OPP-001851,ACCT-P-000244,SMB,REP-030,2024-07-09,2024-07-26,2024-07-26,Closed Lost,0.00,New Logo,1,9311.21,9311.21,775.93,Lost,Product Gap,Outbound - SDR,false
OPP-001852,ACCT-P-000245,SMB,REP-038,2024-08-30,2024-09-26,2024-10-09,Closed Lost,0.00,New Logo,1,11174.72,11174.72,931.23,Lost,Stayed on Incumbent,Inbound - Organic,false
OPP-001853,ACCT-P-000246,SMB,REP-038,2025-10-10,2025-11-09,2025-11-04,Closed Lost,0.00,New Logo,12,7114.85,7114.85,7114.85,Lost,Timing / Budget Deferred,Inbound - Paid,false
OPP-001854,ACCT-P-000247,SMB,REP-038,2025-05-22,2025-06-01,2025-06-09,Closed Lost,0.00,New Logo,12,5560.01,5560.01,5560.01,Lost,No Decision,Inbound - Organic,false
OPP-001855,ACCT-P-000248,SMB,REP-038,2025-07-30,2025-08-06,2025-08-12,Closed Lost,0.00,New Logo,1,8616.00,8616.00,718.00,Lost,Stayed on Incumbent,Inbound - Paid,false
OPP-001856,ACCT-P-000249,SMB,REP-038,2024-08-26,2024-09-22,2024-09-17,Closed Lost,0.00,New Logo,1,4865.08,4865.08,405.42,Lost,No Decision,Inbound - Organic,false
OPP-001857,ACCT-P-000250,SMB,REP-037,2025-09-03,2025-11-17,2025-11-03,Closed Lost,0.00,New Logo,1,21793.64,21793.64,1816.14,Lost,Price,Partner / Referral,false
OPP-001858,ACCT-P-000251,SMB,REP-038,2024-10-03,2024-10-17,2024-10-22,Closed Lost,0.00,New Logo,1,8854.79,8854.79,737.90,Lost,Price,Inbound - Organic,false
OPP-001859,ACCT-P-000252,SMB,REP-043,2024-12-24,2025-01-09,2025-01-12,Closed Lost,0.00,New Logo,1,4669.74,4669.74,389.15,Lost,Product Gap,Outbound - SDR,false
OPP-001860,ACCT-P-000253,SMB,REP-030,2025-11-14,2025-12-03,2025-12-12,Closed Lost,0.00,New Logo,12,12001.15,12001.15,12001.15,Lost,Price,Inbound - Paid,false
OPP-001861,ACCT-P-000254,SMB,REP-035,2024-01-06,2024-02-27,2024-02-18,Closed Lost,0.00,New Logo,12,14871.95,14871.95,14871.95,Lost,Lost to Competitor,Outbound - SDR,false
OPP-001862,ACCT-P-000255,SMB,REP-030,2025-01-11,2025-01-23,2025-02-08,Closed Lost,0.00,New Logo,1,8443.12,8443.12,703.59,Lost,Product Gap,Trade Show / Event,false
OPP-001863,ACCT-P-000256,SMB,REP-048,2025-10-02,2025-10-24,2025-11-12,Closed Lost,0.00,New Logo,12,2830.47,2830.47,2830.47,Lost,Lost to Competitor,Inbound - Organic,false
OPP-001864,ACCT-P-000257,SMB,REP-038,2024-12-31,2025-01-31,2025-02-05,Closed Lost,0.00,New Logo,1,9282.53,9282.53,773.54,Lost,Lost to Competitor,Inbound - Organic,false
OPP-001865,ACCT-P-000258,SMB,REP-030,2025-09-09,2025-10-01,2025-10-09,Closed Lost,0.00,New Logo,1,5882.03,5882.03,490.17,Lost,Price,Trade Show / Event,false
OPP-001866,ACCT-P-000259,SMB,REP-037,2024-06-28,2024-07-05,2024-07-06,Closed Lost,0.00,New Logo,1,7716.64,7716.64,643.05,Lost,Timing / Budget Deferred,Inbound - Organic,false
OPP-001867,ACCT-P-000260,SMB,REP-030,2025-06-29,2025-07-06,2025-07-12,Closed Lost,0.00,New Logo,1,18035.68,18035.68,1502.97,Lost,Price,Outbound - SDR,false
OPP-001868,ACCT-P-000261,SMB,REP-036,2024-04-16,2024-04-29,2024-05-14,Closed Lost,0.00,New Logo,1,4292.66,4292.66,357.72,Lost,Lost to Competitor,Partner / Referral,false
OPP-001869,ACCT-P-000262,SMB,REP-037,2025-10-04,2025-11-22,2025-11-19,Closed Lost,0.00,New Logo,12,7986.04,7986.04,7986.04,Lost,No Decision,Inbound - Organic,false
OPP-001870,ACCT-P-000263,SMB,REP-037,2025-05-02,2025-05-09,2025-05-20,Closed Lost,0.00,New Logo,12,9551.88,9551.88,9551.88,Lost,No Decision,Inbound - Paid,false
OPP-001871,ACCT-P-000264,SMB,REP-038,2025-01-20,2025-03-03,2025-03-02,Closed Lost,0.00,New Logo,12,12386.65,12386.65,12386.65,Lost,Price,Inbound - Organic,false
OPP-001872,ACCT-P-000265,SMB,REP-048,2025-06-20,2025-07-05,2025-07-04,Closed Lost,0.00,New Logo,1,9332.19,9332.19,777.68,Lost,Lost to Competitor,Inbound - Paid,false
OPP-001873,ACCT-P-000266,SMB,REP-038,2025-08-14,2025-09-15,2025-09-20,Closed Lost,0.00,New Logo,24,24925.22,24925.22,49850.44,Lost,Stayed on Incumbent,Inbound - Paid,false
OPP-001874,ACCT-P-000267,SMB,REP-038,2024-08-16,2024-11-27,2025-02-12,Closed Lost,0.00,New Logo,1,7813.34,7813.34,651.11,Lost,Stayed on Incumbent,Inbound - Paid,false
OPP-001875,ACCT-P-000268,SMB,REP-030,2025-08-14,2025-09-27,2025-09-30,Closed Lost,0.00,New Logo,1,12209.18,12209.18,1017.43,Lost,Lost to Competitor,Partner / Referral,false
OPP-001876,ACCT-P-000269,SMB,REP-038,2026-03-13,2026-04-01,2026-04-23,Closed Lost,0.00,New Logo,12,14492.14,14492.14,14492.14,Lost,Price,Partner / Referral,false
OPP-001877,ACCT-P-000270,SMB,REP-037,2024-12-28,2025-01-04,2025-01-03,Closed Lost,0.00,New Logo,12,5166.35,5166.35,5166.35,Lost,Product Gap,Trade Show / Event,false
OPP-001878,ACCT-P-000271,SMB,REP-030,2025-11-30,2026-01-11,2026-01-20,Closed Lost,0.00,New Logo,1,6397.16,6397.16,533.10,Lost,Price,Outbound - SDR,false
OPP-001879,ACCT-P-000272,SMB,REP-035,2025-09-28,2025-10-18,2025-10-23,Closed Lost,0.00,New Logo,1,30459.88,30459.88,2538.32,Lost,Lost to Competitor,Outbound - SDR,false
OPP-001880,ACCT-P-000273,SMB,REP-038,2026-02-26,2026-03-15,2026-04-01,Closed Lost,0.00,New Logo,1,25225.84,25225.84,2102.15,Lost,No Decision,Inbound - Paid,false
OPP-001881,ACCT-P-000274,SMB,REP-030,2025-05-26,2025-08-03,2025-07-29,Closed Lost,0.00,New Logo,12,10461.62,10461.62,10461.62,Lost,Timing / Budget Deferred,Inbound - Paid,false
OPP-001882,ACCT-P-000275,SMB,REP-034,2024-03-06,2024-04-03,2024-04-18,Closed Lost,0.00,New Logo,12,18400.06,18400.06,18400.06,Lost,Lost to Competitor,Partner / Referral,false
OPP-001883,ACCT-P-000276,SMB,REP-038,2024-12-03,2024-12-21,2025-01-03,Closed Lost,0.00,New Logo,1,3024.38,3024.38,252.03,Lost,Lost to Competitor,Inbound - Paid,false
OPP-001884,ACCT-P-000277,SMB,REP-038,2026-05-04,2026-06-05,2026-06-04,Closed Lost,0.00,New Logo,1,7819.45,7819.45,651.62,Lost,No Decision,Trade Show / Event,false
OPP-001885,ACCT-P-000278,SMB,REP-038,2025-09-30,2025-10-11,2025-10-11,Closed Lost,0.00,New Logo,12,13573.57,13573.57,13573.57,Lost,No Decision,Outbound - SDR,false
OPP-001886,ACCT-P-000279,SMB,REP-030,2025-10-04,2025-10-19,2025-11-01,Closed Lost,0.00,New Logo,1,15864.25,15864.25,1322.02,Lost,No Decision,Inbound - Paid,false
OPP-001887,ACCT-P-000280,SMB,REP-031,2024-05-21,2024-07-07,2024-06-29,Closed Lost,0.00,New Logo,12,10249.53,10249.53,10249.53,Lost,Price,Trade Show / Event,false
OPP-001888,ACCT-P-000281,SMB,REP-038,2024-05-30,2024-07-22,2024-07-15,Closed Lost,0.00,New Logo,1,4825.47,4825.47,402.12,Lost,Lost to Competitor,Inbound - Paid,false
OPP-001889,ACCT-P-000282,SMB,REP-030,2026-02-20,2026-04-20,2026-04-20,Closed Lost,0.00,New Logo,1,8727.43,8727.43,727.29,Lost,No Decision,Partner / Referral,false
OPP-001890,ACCT-P-000283,SMB,REP-030,2026-03-13,2026-04-01,2026-04-04,Closed Lost,0.00,New Logo,1,7474.29,7474.29,622.86,Lost,No Decision,Inbound - Organic,false
OPP-001891,ACCT-P-000284,SMB,REP-030,2024-04-11,2024-05-30,2024-05-29,Closed Lost,0.00,New Logo,1,13314.32,13314.32,1109.53,Lost,Timing / Budget Deferred,Partner / Referral,false
OPP-001892,ACCT-P-000285,SMB,REP-031,2024-03-13,2024-03-20,2024-03-21,Closed Lost,0.00,New Logo,1,6918.48,6918.48,576.54,Lost,No Decision,Inbound - Organic,false
OPP-001893,ACCT-P-000286,SMB,REP-038,2024-10-09,2024-10-16,2024-10-18,Closed Lost,0.00,New Logo,1,3964.78,3964.78,330.40,Lost,Timing / Budget Deferred,Partner / Referral,false
OPP-001894,ACCT-P-000287,SMB,REP-038,2025-06-24,2025-07-06,2025-07-11,Closed Lost,0.00,New Logo,1,12082.66,12082.66,1006.89,Lost,Timing / Budget Deferred,Inbound - Paid,false
OPP-001895,ACCT-P-000288,SMB,REP-038,2025-11-13,2025-11-20,2025-11-17,Closed Lost,0.00,New Logo,12,15894.92,15894.92,15894.92,Lost,Price,Outbound - SDR,false
OPP-001896,ACCT-P-000289,SMB,REP-038,2024-11-07,2025-01-19,2025-01-12,Closed Lost,0.00,New Logo,1,5194.38,5194.38,432.86,Lost,Timing / Budget Deferred,Inbound - Paid,false
OPP-001897,ACCT-P-000290,SMB,REP-038,2024-05-12,2024-06-02,2024-06-18,Closed Lost,0.00,New Logo,24,6468.59,6468.59,12937.18,Lost,Timing / Budget Deferred,Partner / Referral,false
OPP-001898,ACCT-P-000291,SMB,REP-030,2024-04-08,2024-04-21,2024-05-11,Closed Lost,0.00,New Logo,12,7837.98,7837.98,7837.98,Lost,Lost to Competitor,Partner / Referral,false
OPP-001899,ACCT-P-000292,SMB,REP-037,2026-04-20,2026-04-30,2026-05-05,Closed Lost,0.00,New Logo,1,14147.15,14147.15,1178.93,Lost,Timing / Budget Deferred,Inbound - Paid,false
OPP-001900,ACCT-P-000293,SMB,REP-030,2025-08-11,2025-09-06,2025-08-30,Closed Lost,0.00,New Logo,1,7132.32,7132.32,594.36,Lost,Lost to Competitor,Outbound - SDR,false
OPP-001901,ACCT-P-000294,SMB,REP-030,2025-08-14,2025-08-29,2025-09-01,Closed Lost,0.00,New Logo,1,4776.57,4776.57,398.05,Lost,Timing / Budget Deferred,Partner / Referral,false
OPP-001902,ACCT-P-000295,SMB,REP-037,2024-05-07,2024-05-14,2024-05-13,Closed Lost,0.00,New Logo,12,12357.56,12357.56,12357.56,Lost,No Decision,Inbound - Paid,false
OPP-001903,ACCT-P-000296,SMB,REP-030,2026-02-05,2026-02-12,2026-02-10,Closed Lost,0.00,New Logo,1,20238.21,20238.21,1686.52,Lost,Price,Outbound - SDR,false
OPP-001904,ACCT-P-000297,SMB,REP-030,2024-08-06,2024-08-16,2024-08-24,Closed Lost,0.00,New Logo,12,5773.24,5773.24,5773.24,Lost,Lost to Competitor,Inbound - Paid,false
OPP-001905,ACCT-P-000298,SMB,REP-030,2025-02-24,2025-03-28,2025-04-05,Closed Lost,0.00,New Logo,1,5723.88,5723.88,476.99,Lost,Timing / Budget Deferred,Outbound - SDR,false
OPP-001906,ACCT-P-000299,SMB,REP-037,2026-05-16,2026-06-09,2026-06-07,Closed Lost,0.00,New Logo,1,5711.31,5711.31,475.94,Lost,Price,Partner / Referral,false
OPP-001907,ACCT-P-000300,SMB,REP-037,2024-11-23,2024-12-29,2025-01-02,Closed Lost,0.00,New Logo,1,9994.52,9994.52,832.88,Lost,Timing / Budget Deferred,Inbound - Organic,false
OPP-001908,ACCT-P-000301,SMB,REP-030,2025-09-14,2025-10-06,2025-10-08,Closed Lost,0.00,New Logo,1,11060.78,11060.78,921.73,Lost,No Decision,Inbound - Paid,false
OPP-001909,ACCT-P-000302,SMB,REP-030,2025-09-06,2025-10-06,2025-10-01,Closed Lost,0.00,New Logo,1,13786.62,13786.62,1148.88,Lost,Price,Partner / Referral,false
OPP-001910,ACCT-P-000303,SMB,REP-043,2024-09-07,2024-10-17,2024-10-12,Closed Lost,0.00,New Logo,1,8848.37,8848.37,737.36,Lost,Price,Inbound - Organic,false
OPP-001911,ACCT-P-000304,SMB,REP-030,2024-01-06,2024-01-29,2024-02-07,Closed Lost,0.00,New Logo,1,10892.78,10892.78,907.73,Lost,Price,Partner / Referral,false
OPP-001912,ACCT-P-000305,SMB,REP-036,2024-04-05,2024-05-02,2024-05-09,Closed Lost,0.00,New Logo,1,17641.87,17641.87,1470.16,Lost,Price,Inbound - Paid,false
OPP-001913,ACCT-P-000306,SMB,REP-038,2025-09-29,2025-10-06,2025-10-08,Closed Lost,0.00,New Logo,12,6895.04,6895.04,6895.04,Lost,Lost to Competitor,Inbound - Paid,false
OPP-001914,ACCT-P-000307,SMB,REP-038,2025-08-27,2025-09-03,2025-09-07,Closed Lost,0.00,New Logo,1,6411.84,6411.84,534.32,Lost,Product Gap,Inbound - Paid,false
OPP-001915,ACCT-P-000308,SMB,REP-031,2024-03-22,2024-04-20,2024-05-02,Closed Lost,0.00,New Logo,12,8017.31,8017.31,8017.31,Lost,Timing / Budget Deferred,Inbound - Organic,false
OPP-001916,ACCT-P-000309,SMB,REP-031,2024-02-23,2024-03-06,2024-03-05,Closed Lost,0.00,New Logo,1,6810.20,6810.20,567.52,Lost,No Decision,Outbound - SDR,false
OPP-001917,ACCT-P-000310,SMB,REP-038,2025-11-06,2025-12-05,2025-12-13,Closed Lost,0.00,New Logo,1,5573.35,5573.35,464.45,Lost,Price,Partner / Referral,false
OPP-001918,ACCT-P-000311,SMB,REP-031,2024-09-07,2024-09-16,2024-09-19,Closed Lost,0.00,New Logo,1,9352.15,9352.15,779.35,Lost,Lost to Competitor,Inbound - Organic,false
OPP-001919,ACCT-P-000312,SMB,REP-038,2024-09-23,2024-10-23,2024-10-26,Closed Lost,0.00,New Logo,1,9835.02,9835.02,819.59,Lost,Lost to Competitor,Outbound - SDR,false
OPP-001920,ACCT-P-000313,SMB,REP-030,2024-12-31,2025-02-15,2025-02-25,Closed Lost,0.00,New Logo,1,5838.29,5838.29,486.52,Lost,Product Gap,Trade Show / Event,false
OPP-001921,ACCT-P-000314,SMB,REP-038,2025-08-25,2025-09-01,2025-09-01,Closed Lost,0.00,New Logo,12,4113.69,4113.69,4113.69,Lost,Stayed on Incumbent,Outbound - SDR,false
OPP-001922,ACCT-P-000315,SMB,REP-038,2024-08-27,2024-09-03,2024-09-01,Closed Lost,0.00,New Logo,12,13769.11,13769.11,13769.11,Lost,Price,Outbound - SDR,false
OPP-001923,ACCT-P-000316,SMB,REP-030,2025-05-18,2025-06-08,2025-06-19,Closed Lost,0.00,New Logo,12,5529.65,5529.65,5529.65,Lost,Price,Inbound - Organic,false
OPP-001924,ACCT-P-000317,SMB,REP-038,2025-10-21,2025-11-10,2025-11-23,Closed Lost,0.00,New Logo,1,8452.13,8452.13,704.34,Lost,Stayed on Incumbent,Outbound - SDR,false
OPP-001925,ACCT-P-000318,SMB,REP-030,2024-12-13,2025-01-22,2025-02-07,Closed Lost,0.00,New Logo,1,16059.11,16059.11,1338.26,Lost,Price,Outbound - SDR,false
OPP-001926,ACCT-P-000319,SMB,REP-030,2025-10-13,2025-10-25,2025-10-25,Closed Lost,0.00,New Logo,12,21759.45,21759.45,21759.45,Lost,Product Gap,Partner / Referral,false
OPP-001927,ACCT-P-000320,SMB,REP-038,2024-12-03,2024-12-14,2024-12-23,Closed Lost,0.00,New Logo,1,25812.32,25812.32,2151.03,Lost,Price,Inbound - Organic,false
OPP-001928,ACCT-P-000321,SMB,REP-038,2026-01-07,2026-01-17,2026-01-20,Closed Lost,0.00,New Logo,12,7073.26,7073.26,7073.26,Lost,Lost to Competitor,Outbound - SDR,false
OPP-001929,ACCT-P-000322,SMB,REP-038,2025-12-16,2026-01-28,2026-02-13,Closed Lost,0.00,New Logo,1,12868.03,12868.03,1072.34,Lost,No Decision,Inbound - Paid,false
OPP-001930,ACCT-P-000323,SMB,REP-043,2024-11-08,2024-12-01,2024-12-04,Closed Lost,0.00,New Logo,12,3846.55,3846.55,3846.55,Lost,Price,Outbound - SDR,false
OPP-001931,ACCT-P-000324,SMB,REP-038,2025-05-29,2025-06-08,2025-06-11,Closed Lost,0.00,New Logo,12,9160.59,9160.59,9160.59,Lost,Price,Inbound - Paid,false
OPP-001932,ACCT-P-000325,SMB,REP-030,2025-01-23,2025-02-17,2025-02-21,Closed Lost,0.00,New Logo,1,8339.05,8339.05,694.92,Lost,No Decision,Outbound - SDR,false
OPP-001933,ACCT-P-000326,SMB,REP-035,2025-04-21,2025-04-29,2025-04-29,Closed Lost,0.00,New Logo,1,17471.61,17471.61,1455.97,Lost,Price,Inbound - Paid,false
OPP-001934,ACCT-P-000327,SMB,REP-030,2024-06-17,2024-06-24,2024-07-02,Closed Lost,0.00,New Logo,12,17275.54,17275.54,17275.54,Lost,Price,Inbound - Paid,false
OPP-001935,ACCT-P-000328,SMB,REP-030,2025-03-04,2025-04-04,2025-04-18,Closed Lost,0.00,New Logo,1,13136.13,13136.13,1094.68,Lost,Price,Inbound - Paid,false
OPP-001936,ACCT-P-000329,SMB,REP-030,2024-08-05,2024-09-15,2024-09-27,Closed Lost,0.00,New Logo,1,9157.49,9157.49,763.12,Lost,Lost to Competitor,Outbound - SDR,false
OPP-001937,ACCT-P-000330,SMB,REP-038,2025-06-21,2025-07-28,2025-07-30,Closed Lost,0.00,New Logo,1,6853.69,6853.69,571.14,Lost,No Decision,Partner / Referral,false
OPP-001938,ACCT-P-000331,SMB,REP-038,2025-09-08,2025-09-29,2025-10-28,Closed Lost,0.00,New Logo,12,8511.08,8511.08,8511.08,Lost,Lost to Competitor,Inbound - Organic,false
OPP-001939,ACCT-P-000332,SMB,REP-030,2026-04-12,2026-04-26,2026-04-27,Closed Lost,0.00,New Logo,1,14760.62,14760.62,1230.05,Lost,Product Gap,Partner / Referral,false
OPP-001940,ACCT-P-000333,SMB,REP-038,2025-12-05,2025-12-23,2025-12-21,Closed Lost,0.00,New Logo,1,9605.72,9605.72,800.48,Lost,No Decision,Inbound - Paid,false
OPP-001941,ACCT-P-000334,SMB,REP-038,2025-04-12,2025-04-30,2025-05-10,Closed Lost,0.00,New Logo,1,12758.31,12758.31,1063.19,Lost,No Decision,Inbound - Organic,false
OPP-001942,ACCT-P-000335,SMB,REP-030,2026-03-26,2026-04-19,2026-04-23,Closed Lost,0.00,New Logo,1,6637.42,6637.42,553.12,Lost,No Decision,Inbound - Organic,false
OPP-001943,ACCT-P-000336,SMB,REP-037,2025-06-09,2025-07-14,2025-07-13,Closed Lost,0.00,New Logo,1,4382.35,4382.35,365.20,Lost,Price,Outbound - SDR,false
OPP-001944,ACCT-P-000337,SMB,REP-038,2025-05-31,2025-06-22,2025-06-20,Closed Lost,0.00,New Logo,1,9381.14,9381.14,781.76,Lost,Price,Inbound - Paid,false
OPP-001945,ACCT-P-000338,SMB,REP-037,2024-08-28,2024-09-11,2024-09-11,Closed Lost,0.00,New Logo,1,7993.85,7993.85,666.15,Lost,No Decision,Inbound - Paid,false
OPP-001946,ACCT-P-000339,SMB,REP-030,2026-04-20,2026-05-18,2026-05-24,Closed Lost,0.00,New Logo,12,18210.03,18210.03,18210.03,Lost,No Decision,Outbound - SDR,false
OPP-001947,ACCT-P-000340,SMB,REP-038,2025-11-24,2025-12-14,2025-12-11,Closed Lost,0.00,New Logo,12,5574.27,5574.27,5574.27,Lost,Timing / Budget Deferred,Outbound - SDR,false
OPP-001948,ACCT-P-000341,SMB,REP-037,2024-08-20,2025-01-20,2025-02-12,Closed Lost,0.00,New Logo,12,16558.63,16558.63,16558.63,Lost,Lost to Competitor,Inbound - Organic,false
OPP-001949,ACCT-P-000342,SMB,REP-037,2024-11-28,2024-12-22,2024-12-20,Closed Lost,0.00,New Logo,1,9172.39,9172.39,764.37,Lost,Product Gap,Trade Show / Event,false
OPP-001950,ACCT-P-000343,SMB,REP-030,2025-06-06,2025-06-20,2025-06-27,Closed Lost,0.00,New Logo,1,7606.24,7606.24,633.85,Lost,No Decision,Inbound - Organic,false
OPP-001951,ACCT-P-000344,SMB,REP-030,2025-12-16,2026-01-11,2026-01-17,Closed Lost,0.00,New Logo,1,12856.24,12856.24,1071.35,Lost,No Decision,Inbound - Organic,false
OPP-001952,ACCT-P-000345,SMB,REP-037,2026-04-04,2026-04-25,2026-05-19,Closed Lost,0.00,New Logo,12,6844.51,6844.51,6844.51,Lost,Stayed on Incumbent,Outbound - SDR,false
OPP-001953,ACCT-P-000346,SMB,REP-005,2024-02-09,2024-02-25,2024-03-12,Closed Lost,0.00,New Logo,12,8466.87,8466.87,8466.87,Lost,Lost to Competitor,Inbound - Paid,false
OPP-001954,ACCT-P-000347,SMB,REP-038,2024-11-26,2024-12-03,2024-12-07,Closed Lost,0.00,New Logo,12,5204.41,5204.41,5204.41,Lost,Price,Inbound - Organic,false
OPP-001955,ACCT-P-000348,SMB,REP-030,2025-08-25,2025-09-24,2025-09-30,Closed Lost,0.00,New Logo,1,14331.92,14331.92,1194.33,Lost,No Decision,Trade Show / Event,false
OPP-001956,ACCT-P-000349,SMB,REP-036,2024-04-03,2024-04-27,2024-04-26,Closed Lost,0.00,New Logo,1,5785.25,5785.25,482.10,Lost,Lost to Competitor,Outbound - SDR,false
OPP-001957,ACCT-P-000350,SMB,REP-038,2024-06-25,2024-07-02,2024-07-05,Closed Lost,0.00,New Logo,12,9121.77,9121.77,9121.77,Lost,No Decision,Inbound - Organic,false
OPP-001958,ACCT-P-000351,SMB,REP-038,2025-10-06,2025-10-13,2025-10-12,Closed Lost,0.00,New Logo,1,7779.41,7779.41,648.28,Lost,Lost to Competitor,Trade Show / Event,false
OPP-001959,ACCT-P-000352,SMB,REP-030,2025-12-15,2026-02-12,2026-02-01,Closed Lost,0.00,New Logo,1,10294.16,10294.16,857.85,Lost,Product Gap,Inbound - Organic,false
OPP-001960,ACCT-P-000353,SMB,REP-038,2025-10-31,2025-11-24,2025-12-12,Closed Lost,0.00,New Logo,12,5210.18,5210.18,5210.18,Lost,Product Gap,Inbound - Organic,false
OPP-001961,ACCT-P-000354,SMB,REP-048,2026-03-29,2026-04-22,2026-04-25,Closed Lost,0.00,New Logo,12,7036.11,7036.11,7036.11,Lost,Price,Outbound - SDR,false
OPP-001962,ACCT-P-000355,SMB,REP-038,2025-03-14,2025-04-11,2025-04-14,Closed Lost,0.00,New Logo,1,9118.62,9118.62,759.88,Lost,Lost to Competitor,Inbound - Paid,false
OPP-001963,ACCT-P-000356,SMB,REP-035,2026-01-21,2026-02-05,2026-02-12,Closed Lost,0.00,New Logo,1,8546.13,8546.13,712.18,Lost,Product Gap,Partner / Referral,false
OPP-001964,ACCT-P-000357,SMB,REP-038,2024-09-04,2024-09-24,2024-09-29,Closed Lost,0.00,New Logo,1,9968.20,9968.20,830.68,Lost,Product Gap,Inbound - Organic,false
OPP-001965,ACCT-P-000358,SMB,REP-038,2025-11-16,2025-11-28,2025-12-04,Closed Lost,0.00,New Logo,1,5739.15,5739.15,478.26,Lost,Timing / Budget Deferred,Inbound - Organic,false
OPP-001966,ACCT-P-000359,SMB,REP-038,2024-05-05,2024-05-23,2024-05-29,Closed Lost,0.00,New Logo,1,7581.08,7581.08,631.76,Lost,Product Gap,Inbound - Organic,false
OPP-001967,ACCT-P-000360,SMB,REP-038,2025-08-27,2025-09-21,2025-10-06,Closed Lost,0.00,New Logo,1,11864.65,11864.65,988.72,Lost,Timing / Budget Deferred,Outbound - SDR,false
OPP-001968,ACCT-P-000361,SMB,REP-038,2026-03-03,2026-03-10,2026-03-10,Closed Lost,0.00,New Logo,1,12809.60,12809.60,1067.47,Lost,Timing / Budget Deferred,Partner / Referral,false
OPP-001969,ACCT-P-000362,SMB,REP-030,2024-08-07,2024-10-10,2024-10-20,Closed Lost,0.00,New Logo,1,18000.66,18000.66,1500.05,Lost,No Decision,Inbound - Paid,false
OPP-001970,ACCT-P-000363,SMB,REP-035,2026-02-13,2026-03-18,2026-03-21,Closed Lost,0.00,New Logo,1,10021.68,10021.68,835.14,Lost,Lost to Competitor,Inbound - Paid,false
OPP-001971,ACCT-P-000364,SMB,REP-005,2024-02-25,2024-03-23,2024-04-16,Closed Lost,0.00,New Logo,1,4003.31,4003.31,333.61,Lost,Timing / Budget Deferred,Inbound - Paid,false
OPP-001972,ACCT-P-000365,SMB,REP-030,2024-03-06,2024-03-30,2024-04-14,Closed Lost,0.00,New Logo,1,8929.29,8929.29,744.11,Lost,Lost to Competitor,Outbound - SDR,false
OPP-001973,ACCT-P-000366,SMB,REP-038,2025-12-20,2026-01-08,2026-01-20,Closed Lost,0.00,New Logo,1,3696.28,3696.28,308.02,Lost,Lost to Competitor,Inbound - Organic,false
OPP-001974,ACCT-P-000367,SMB,REP-038,2024-09-04,2024-10-05,2024-10-06,Closed Lost,0.00,New Logo,12,6272.79,6272.79,6272.79,Lost,Lost to Competitor,Inbound - Paid,false
OPP-001975,ACCT-P-000368,SMB,REP-038,2025-07-07,2025-07-14,2025-07-19,Closed Lost,0.00,New Logo,1,6481.67,6481.67,540.14,Lost,No Decision,Inbound - Paid,false
OPP-001976,ACCT-P-000369,SMB,REP-038,2025-02-22,2025-03-13,2025-03-20,Closed Lost,0.00,New Logo,1,6069.23,6069.23,505.77,Lost,Lost to Competitor,Inbound - Organic,false
OPP-001977,ACCT-P-000370,SMB,REP-030,2025-09-03,2025-09-12,2025-09-15,Closed Lost,0.00,New Logo,1,8003.53,8003.53,666.96,Lost,Price,Inbound - Organic,false
OPP-001978,ACCT-P-000371,SMB,REP-035,2024-11-08,2024-12-17,2024-12-24,Closed Lost,0.00,New Logo,1,8591.96,8591.96,716.00,Lost,No Decision,Outbound - SDR,false
OPP-001979,ACCT-P-000372,SMB,REP-031,2024-02-23,2024-03-01,2024-02-29,Closed Lost,0.00,New Logo,1,4618.21,4618.21,384.85,Lost,Product Gap,Inbound - Paid,false
OPP-001980,ACCT-P-000373,SMB,REP-038,2025-11-21,2025-12-01,2025-12-05,Closed Lost,0.00,New Logo,1,7300.27,7300.27,608.36,Lost,Lost to Competitor,Inbound - Paid,false
OPP-001981,ACCT-P-000374,SMB,REP-043,2024-10-25,2024-11-02,2024-11-15,Closed Lost,0.00,New Logo,1,19546.14,19546.14,1628.84,Lost,Lost to Competitor,Outbound - SDR,false
OPP-001982,ACCT-P-000375,SMB,REP-037,2025-01-11,2025-01-24,2025-02-03,Closed Lost,0.00,New Logo,1,20285.88,20285.88,1690.49,Lost,Lost to Competitor,Partner / Referral,false
OPP-001983,ACCT-P-000376,SMB,REP-038,2026-03-19,2026-04-01,2026-04-02,Closed Lost,0.00,New Logo,1,10885.12,10885.12,907.09,Lost,Lost to Competitor,Inbound - Paid,false
OPP-001984,ACCT-P-000377,SMB,REP-030,2023-12-27,2024-04-02,2024-03-21,Closed Lost,0.00,New Logo,12,9045.35,9045.35,9045.35,Lost,Lost to Competitor,Outbound - SDR,false
OPP-001985,ACCT-P-000378,SMB,REP-035,2024-01-31,2024-03-14,2024-03-26,Closed Lost,0.00,New Logo,1,7091.22,7091.22,590.93,Lost,Price,Inbound - Organic,false
OPP-001986,ACCT-P-000379,SMB,REP-030,2024-09-25,2024-10-27,2024-11-27,Closed Lost,0.00,New Logo,1,7340.07,7340.07,611.67,Lost,Price,Trade Show / Event,false
OPP-001987,ACCT-P-000380,SMB,REP-037,2025-04-19,2025-05-06,2025-05-15,Closed Lost,0.00,New Logo,1,6819.07,6819.07,568.26,Lost,Price,Partner / Referral,false
OPP-001988,ACCT-P-000381,SMB,REP-037,2026-02-10,2026-02-17,2026-02-17,Closed Lost,0.00,New Logo,1,9268.76,9268.76,772.40,Lost,No Decision,Inbound - Paid,false
OPP-001989,ACCT-P-000382,SMB,REP-035,2025-12-14,2026-02-05,2026-01-26,Closed Lost,0.00,New Logo,1,6440.97,6440.97,536.75,Lost,Price,Inbound - Organic,false
OPP-001990,ACCT-P-000383,SMB,REP-031,2024-06-17,2024-07-04,2024-07-18,Closed Lost,0.00,New Logo,1,12917.28,12917.28,1076.44,Lost,Lost to Competitor,Outbound - SDR,false
OPP-001991,ACCT-P-000384,SMB,REP-048,2025-08-16,2025-09-19,2025-09-15,Closed Lost,0.00,New Logo,12,6187.43,6187.43,6187.43,Lost,Product Gap,Trade Show / Event,false
OPP-001992,ACCT-P-000385,SMB,REP-030,2024-04-09,2024-04-16,2024-04-24,Closed Lost,0.00,New Logo,1,4880.63,4880.63,406.72,Lost,Price,Inbound - Organic,false
OPP-001993,ACCT-P-000386,SMB,REP-035,2025-01-22,2025-02-13,2025-02-18,Closed Lost,0.00,New Logo,1,11690.01,11690.01,974.17,Lost,Lost to Competitor,Partner / Referral,false
OPP-001994,ACCT-P-000387,SMB,REP-030,2024-09-16,2024-10-01,2024-10-03,Closed Lost,0.00,New Logo,12,17322.69,17322.69,17322.69,Lost,Timing / Budget Deferred,Inbound - Organic,false
OPP-001995,ACCT-P-000388,SMB,REP-005,2024-03-02,2024-03-21,2024-03-26,Closed Lost,0.00,New Logo,1,15836.56,15836.56,1319.71,Lost,No Decision,Inbound - Paid,false
OPP-001996,ACCT-P-000389,SMB,REP-030,2026-03-13,2026-03-28,2026-04-02,Closed Lost,0.00,New Logo,1,6180.14,6180.14,515.01,Lost,Price,Outbound - SDR,false
OPP-001997,ACCT-P-000390,SMB,REP-030,2025-10-02,2025-10-09,2025-10-21,Closed Lost,0.00,New Logo,12,6571.14,6571.14,6571.14,Lost,Lost to Competitor,Inbound - Organic,false
OPP-001998,ACCT-P-000391,SMB,REP-030,2025-07-10,2025-07-17,2025-07-19,Closed Lost,0.00,New Logo,1,10054.42,10054.42,837.87,Lost,Product Gap,Inbound - Paid,false
OPP-001999,ACCT-P-000392,SMB,REP-037,2025-12-17,2026-01-05,2026-01-10,Closed Lost,0.00,New Logo,12,14331.70,14331.70,14331.70,Lost,Product Gap,Inbound - Paid,false
OPP-002000,ACCT-P-000393,SMB,REP-038,2025-10-25,2025-11-10,2025-11-12,Closed Lost,0.00,New Logo,1,10253.25,10253.25,854.44,Lost,Lost to Competitor,Partner / Referral,false
OPP-002001,ACCT-P-000394,SMB,REP-038,2025-10-18,2025-11-09,2025-11-10,Closed Lost,0.00,New Logo,1,19488.56,19488.56,1624.05,Lost,Price,Partner / Referral,false
OPP-002002,ACCT-P-000395,SMB,REP-037,2026-05-26,2026-06-18,2026-06-22,Closed Lost,0.00,New Logo,1,22897.05,22897.05,1908.09,Lost,Timing / Budget Deferred,Inbound - Organic,false
OPP-002003,ACCT-P-000396,SMB,REP-030,2025-10-06,2025-11-09,2025-11-14,Closed Lost,0.00,New Logo,1,7025.36,7025.36,585.45,Lost,Stayed on Incumbent,Inbound - Paid,false
OPP-002004,ACCT-P-000397,SMB,REP-031,2024-08-20,2024-08-27,2024-08-27,Closed Lost,0.00,New Logo,1,7493.10,7493.10,624.43,Lost,Lost to Competitor,Outbound - SDR,false
OPP-002005,ACCT-P-000398,SMB,REP-037,2026-01-07,2026-02-03,2026-02-01,Closed Lost,0.00,New Logo,1,13091.87,13091.87,1090.99,Lost,Lost to Competitor,Outbound - SDR,false
OPP-002006,ACCT-P-000399,SMB,REP-030,2024-10-15,2024-11-18,2024-11-24,Closed Lost,0.00,New Logo,12,12781.27,12781.27,12781.27,Lost,No Decision,Inbound - Organic,false
OPP-002007,ACCT-P-000400,SMB,REP-038,2024-07-27,2024-09-19,2024-09-15,Closed Lost,0.00,New Logo,1,5370.28,5370.28,447.52,Lost,Price,Outbound - SDR,false
OPP-002008,ACCT-P-000401,SMB,REP-030,2026-02-07,2026-03-16,2026-03-09,Closed Lost,0.00,New Logo,12,11102.04,11102.04,11102.04,Lost,No Decision,Inbound - Organic,false
OPP-002009,ACCT-P-000402,SMB,REP-030,2024-07-23,2024-07-30,2024-08-03,Closed Lost,0.00,New Logo,1,8921.59,8921.59,743.47,Lost,Lost to Competitor,Partner / Referral,false
OPP-002010,ACCT-P-000403,SMB,REP-038,2026-02-06,2026-03-10,2026-03-08,Closed Lost,0.00,New Logo,1,8851.73,8851.73,737.64,Lost,Stayed on Incumbent,Inbound - Paid,false
OPP-002011,ACCT-P-000404,SMB,REP-048,2026-01-09,2026-02-02,2026-02-07,Closed Lost,0.00,New Logo,1,5771.53,5771.53,480.96,Lost,Lost to Competitor,Inbound - Paid,false
OPP-002012,ACCT-P-000405,SMB,REP-038,2024-07-25,2024-08-19,2024-08-21,Closed Lost,0.00,New Logo,12,6398.07,6398.07,6398.07,Lost,Lost to Competitor,Outbound - SDR,false
OPP-002013,ACCT-P-000406,SMB,REP-038,2025-09-12,2025-10-08,2025-10-09,Closed Lost,0.00,New Logo,1,5449.23,5449.23,454.10,Lost,Timing / Budget Deferred,Partner / Referral,false
OPP-002014,ACCT-P-000407,SMB,REP-031,2024-05-18,2024-06-04,2024-06-04,Closed Lost,0.00,New Logo,12,9098.96,9098.96,9098.96,Lost,Timing / Budget Deferred,Inbound - Organic,false
OPP-002015,ACCT-P-000408,SMB,REP-030,2024-03-04,2024-04-05,2024-04-08,Closed Lost,0.00,New Logo,1,15143.61,15143.61,1261.97,Lost,No Decision,Trade Show / Event,false
OPP-002016,ACCT-P-000409,SMB,REP-038,2024-06-08,2024-06-28,2024-07-07,Closed Lost,0.00,New Logo,12,7797.67,7797.67,7797.67,Lost,Timing / Budget Deferred,Outbound - SDR,false
OPP-002017,ACCT-P-000410,SMB,REP-030,2026-05-15,2026-06-11,2026-06-12,Closed Lost,0.00,New Logo,12,4349.28,4349.28,4349.28,Lost,Lost to Competitor,Inbound - Paid,false
OPP-002018,ACCT-P-000411,SMB,REP-037,2025-07-17,2025-07-31,2025-08-07,Closed Lost,0.00,New Logo,12,7733.61,7733.61,7733.61,Lost,No Decision,Inbound - Paid,false
OPP-002019,ACCT-P-000412,SMB,REP-037,2026-05-25,2026-06-10,2026-06-10,Closed Lost,0.00,New Logo,1,11896.11,11896.11,991.34,Lost,Lost to Competitor,Partner / Referral,false
OPP-002020,ACCT-P-000413,SMB,REP-030,2025-08-22,2025-09-02,2025-09-03,Closed Lost,0.00,New Logo,12,7094.73,7094.73,7094.73,Lost,Stayed on Incumbent,Inbound - Paid,false
OPP-002021,ACCT-P-000414,SMB,REP-035,2024-01-29,2024-04-18,2024-05-04,Closed Lost,0.00,New Logo,1,7205.86,7205.86,600.49,Lost,Stayed on Incumbent,Outbound - SDR,false
OPP-002022,ACCT-P-000415,SMB,REP-031,2024-07-19,2024-08-28,2024-09-02,Closed Lost,0.00,New Logo,1,9555.89,9555.89,796.32,Lost,Lost to Competitor,Outbound - SDR,false
OPP-002023,ACCT-P-000416,SMB,REP-030,2025-01-23,2025-03-05,2025-03-07,Closed Lost,0.00,New Logo,12,5176.10,5176.10,5176.10,Lost,Price,Partner / Referral,false
OPP-002024,ACCT-P-000417,SMB,REP-037,2024-12-16,2024-12-23,2024-12-23,Closed Lost,0.00,New Logo,12,5865.47,5865.47,5865.47,Lost,Lost to Competitor,Outbound - SDR,false
OPP-002025,ACCT-P-000418,SMB,REP-031,2024-04-01,2024-04-15,2024-04-24,Closed Lost,0.00,New Logo,12,6717.44,6717.44,6717.44,Lost,Product Gap,Inbound - Organic,false
OPP-002026,ACCT-P-000419,SMB,REP-030,2024-10-04,2024-10-17,2024-10-26,Closed Lost,0.00,New Logo,1,3826.82,3826.82,318.90,Lost,Lost to Competitor,Trade Show / Event,false
OPP-002027,ACCT-P-000420,SMB,REP-030,2026-01-08,2026-01-22,2026-01-27,Closed Lost,0.00,New Logo,1,7637.27,7637.27,636.44,Lost,Price,Inbound - Organic,false
OPP-002028,ACCT-P-000421,SMB,REP-038,2024-10-31,2024-11-30,2024-11-23,Closed Lost,0.00,New Logo,1,17667.71,17667.71,1472.31,Lost,Price,Inbound - Organic,false
OPP-002029,ACCT-P-000422,SMB,REP-030,2025-09-22,2025-10-01,2025-10-02,Closed Lost,0.00,New Logo,12,11666.75,11666.75,11666.75,Lost,Lost to Competitor,Partner / Referral,false
OPP-002030,ACCT-P-000423,SMB,REP-030,2025-11-11,2025-11-23,2025-11-25,Closed Lost,0.00,New Logo,1,19694.90,19694.90,1641.24,Lost,Lost to Competitor,Partner / Referral,false
OPP-002031,ACCT-P-000424,SMB,REP-034,2024-01-25,2024-02-01,2024-02-01,Closed Lost,0.00,New Logo,1,14674.62,14674.62,1222.89,Lost,Price,Inbound - Paid,false
OPP-002032,ACCT-P-000425,SMB,REP-030,2025-09-26,2025-12-21,2025-12-18,Closed Lost,0.00,New Logo,1,8035.40,8035.40,669.62,Lost,Timing / Budget Deferred,Outbound - SDR,false
OPP-002033,ACCT-P-000426,SMB,REP-038,2025-02-19,2025-03-11,2025-03-21,Closed Lost,0.00,New Logo,1,15324.49,15324.49,1277.04,Lost,No Decision,Inbound - Paid,false
OPP-002034,ACCT-P-000427,SMB,REP-030,2025-07-01,2025-08-02,2025-08-04,Closed Lost,0.00,New Logo,12,16496.64,16496.64,16496.64,Lost,Price,Inbound - Organic,false
OPP-002035,ACCT-P-000428,SMB,REP-035,2024-09-10,2024-10-06,2024-10-09,Closed Lost,0.00,New Logo,1,7382.97,7382.97,615.25,Lost,No Decision,Inbound - Paid,false
OPP-002036,ACCT-P-000429,SMB,REP-028,2024-02-10,2024-02-20,2024-02-25,Closed Lost,0.00,New Logo,1,6994.57,6994.57,582.88,Lost,Product Gap,Trade Show / Event,false
OPP-002037,ACCT-P-000430,SMB,REP-038,2026-01-18,2026-02-14,2026-02-14,Closed Lost,0.00,New Logo,1,6952.69,6952.69,579.39,Lost,Timing / Budget Deferred,Trade Show / Event,false
OPP-002038,ACCT-P-000431,SMB,REP-031,2024-03-24,2024-04-16,2024-04-22,Closed Lost,0.00,New Logo,12,7444.34,7444.34,7444.34,Lost,Price,Inbound - Organic,false
OPP-002039,ACCT-P-000432,SMB,REP-038,2025-11-08,2025-11-28,2025-12-30,Closed Lost,0.00,New Logo,1,20536.55,20536.55,1711.38,Lost,Product Gap,Outbound - SDR,false
OPP-002040,ACCT-P-000433,SMB,REP-037,2025-07-24,2025-08-03,2025-08-20,Closed Lost,0.00,New Logo,1,14727.76,14727.76,1227.31,Lost,No Decision,Trade Show / Event,false
OPP-002041,ACCT-P-000434,SMB,REP-035,2024-03-28,2024-06-20,2024-06-16,Closed Lost,0.00,New Logo,1,6164.80,6164.80,513.73,Lost,Lost to Competitor,Outbound - SDR,false
OPP-002042,ACCT-P-000435,SMB,REP-030,2024-01-25,2024-02-01,2024-02-02,Closed Lost,0.00,New Logo,1,15273.94,15273.94,1272.83,Lost,Price,Inbound - Paid,false
OPP-002043,ACCT-P-000436,SMB,REP-031,2024-05-08,2024-05-19,2024-05-24,Closed Lost,0.00,New Logo,1,5489.05,5489.05,457.42,Lost,Lost to Competitor,Outbound - SDR,false
OPP-002044,ACCT-P-000437,SMB,REP-030,2025-09-09,2025-09-28,2025-10-09,Closed Lost,0.00,New Logo,12,11510.14,11510.14,11510.14,Lost,No Decision,Inbound - Organic,false
OPP-002045,ACCT-P-000438,SMB,REP-030,2025-08-11,2025-10-06,2025-10-08,Closed Lost,0.00,New Logo,1,8741.59,8741.59,728.47,Lost,Timing / Budget Deferred,Inbound - Paid,false
OPP-002046,ACCT-P-000439,SMB,REP-030,2025-06-07,2025-07-17,2025-07-18,Closed Lost,0.00,New Logo,12,10474.94,10474.94,10474.94,Lost,Lost to Competitor,Inbound - Organic,false
OPP-002047,ACCT-P-000440,SMB,REP-036,2024-04-25,2024-05-13,2024-05-12,Closed Lost,0.00,New Logo,12,6873.88,6873.88,6873.88,Lost,Price,Partner / Referral,false
OPP-002048,ACCT-P-000441,SMB,REP-048,2026-02-16,2026-02-23,2026-02-24,Closed Lost,0.00,New Logo,12,6096.47,6096.47,6096.47,Lost,Price,Partner / Referral,false
OPP-002049,ACCT-P-000442,SMB,REP-030,2024-10-11,2024-10-26,2024-10-25,Closed Lost,0.00,New Logo,12,6751.95,6751.95,6751.95,Lost,No Decision,Partner / Referral,false
OPP-002050,ACCT-P-000443,SMB,REP-030,2025-08-16,2025-10-28,2025-10-17,Closed Lost,0.00,New Logo,1,5774.56,5774.56,481.21,Lost,Timing / Budget Deferred,Inbound - Paid,false
OPP-002051,ACCT-P-000444,SMB,REP-038,2025-03-20,2025-03-28,2025-04-06,Closed Lost,0.00,New Logo,12,10170.23,10170.23,10170.23,Lost,Product Gap,Partner / Referral,false
OPP-002052,ACCT-P-000445,SMB,REP-038,2025-08-03,2025-08-12,2025-08-17,Closed Lost,0.00,New Logo,1,7483.51,7483.51,623.63,Lost,No Decision,Partner / Referral,false
OPP-002053,ACCT-P-000446,SMB,REP-035,2024-11-15,2024-11-29,2024-12-03,Closed Lost,0.00,New Logo,1,11051.62,11051.62,920.97,Lost,Lost to Competitor,Inbound - Paid,false
OPP-002054,ACCT-P-000447,SMB,REP-028,2024-01-31,2024-02-07,2024-02-10,Closed Lost,0.00,New Logo,12,18310.35,18310.35,18310.35,Lost,No Decision,Outbound - SDR,false
OPP-002055,ACCT-P-000448,SMB,REP-028,2024-02-04,2024-02-11,2024-02-13,Closed Lost,0.00,New Logo,1,6487.34,6487.34,540.61,Lost,Lost to Competitor,Partner / Referral,false
OPP-002056,ACCT-P-000449,SMB,REP-030,2025-12-05,2025-12-14,2025-12-17,Closed Lost,0.00,New Logo,12,19066.56,19066.56,19066.56,Lost,No Decision,Inbound - Paid,false
OPP-002057,ACCT-P-000450,SMB,REP-038,2026-01-05,2026-01-25,2026-01-25,Closed Lost,0.00,New Logo,1,8247.24,8247.24,687.27,Lost,Timing / Budget Deferred,Inbound - Organic,false
OPP-002058,ACCT-P-000451,SMB,REP-043,2025-02-01,2025-02-24,2025-03-06,Closed Lost,0.00,New Logo,1,8003.49,8003.49,666.96,Lost,No Decision,Inbound - Organic,false
OPP-002059,ACCT-P-000452,SMB,REP-038,2025-08-07,2025-08-14,2025-08-22,Closed Lost,0.00,New Logo,1,7005.61,7005.61,583.80,Lost,Stayed on Incumbent,Trade Show / Event,false
OPP-002060,ACCT-P-000453,SMB,REP-028,2024-02-19,2024-02-26,2024-02-29,Closed Lost,0.00,New Logo,1,11431.32,11431.32,952.61,Lost,No Decision,Inbound - Paid,false
OPP-002061,ACCT-P-000454,SMB,REP-043,2024-12-02,2025-01-27,2025-01-26,Closed Lost,0.00,New Logo,12,7117.83,7117.83,7117.83,Lost,Price,Outbound - SDR,false
OPP-002062,ACCT-P-000455,SMB,REP-038,2026-05-22,2026-06-11,2026-06-12,Closed Lost,0.00,New Logo,1,13265.58,13265.58,1105.46,Lost,Lost to Competitor,Outbound - SDR,false
OPP-002063,ACCT-P-000456,SMB,REP-030,2024-05-26,2024-06-07,2024-06-07,Closed Lost,0.00,New Logo,12,12977.96,12977.96,12977.96,Lost,Timing / Budget Deferred,Inbound - Paid,false
OPP-002064,ACCT-P-000457,SMB,REP-038,2026-03-26,2026-04-09,2026-04-10,Closed Lost,0.00,New Logo,1,4550.21,4550.21,379.18,Lost,Stayed on Incumbent,Inbound - Paid,false
OPP-002065,ACCT-P-000458,SMB,REP-031,2024-02-25,2024-03-07,2024-03-11,Closed Lost,0.00,New Logo,1,6890.05,6890.05,574.17,Lost,Price,Inbound - Paid,false
OPP-002066,ACCT-P-000459,SMB,REP-031,2024-08-06,2024-09-08,2024-09-18,Closed Lost,0.00,New Logo,1,7871.75,7871.75,655.98,Lost,Product Gap,Trade Show / Event,false
OPP-002067,ACCT-P-000460,SMB,REP-030,2025-07-30,2025-08-20,2025-08-23,Closed Lost,0.00,New Logo,1,7415.41,7415.41,617.95,Lost,Lost to Competitor,Inbound - Paid,false
OPP-002068,ACCT-P-000461,SMB,REP-048,2025-07-28,2025-08-12,2025-08-15,Closed Lost,0.00,New Logo,1,8376.64,8376.64,698.05,Lost,Lost to Competitor,Partner / Referral,false
OPP-002069,ACCT-P-000462,SMB,REP-038,2025-02-20,2025-03-09,2025-03-12,Closed Lost,0.00,New Logo,12,7412.33,7412.33,7412.33,Lost,No Decision,Trade Show / Event,false
OPP-002070,ACCT-P-000463,SMB,REP-038,2025-04-16,2025-04-27,2025-05-01,Closed Lost,0.00,New Logo,12,13315.44,13315.44,13315.44,Lost,Stayed on Incumbent,Partner / Referral,false
OPP-002071,ACCT-P-000464,SMB,REP-038,2025-01-30,2025-03-17,2025-03-19,Closed Lost,0.00,New Logo,12,7079.54,7079.54,7079.54,Lost,No Decision,Trade Show / Event,false
OPP-002072,ACCT-P-000465,SMB,REP-038,2026-05-01,2026-05-28,2026-06-02,Closed Lost,0.00,New Logo,12,10009.00,10009.00,10009.00,Lost,Stayed on Incumbent,Inbound - Paid,false
OPP-002073,ACCT-P-000466,SMB,REP-030,2024-03-22,2024-04-01,2024-04-03,Closed Lost,0.00,New Logo,1,9725.79,9725.79,810.48,Lost,Price,Outbound - SDR,false
OPP-002074,ACCT-P-000467,SMB,REP-038,2024-12-06,2025-01-09,2025-01-13,Closed Lost,0.00,New Logo,1,16673.52,16673.52,1389.46,Lost,No Decision,Partner / Referral,false
OPP-002075,ACCT-P-000468,SMB,REP-036,2024-04-26,2024-05-09,2024-05-08,Closed Lost,0.00,New Logo,1,18836.42,18836.42,1569.70,Lost,Price,Trade Show / Event,false
OPP-002076,ACCT-P-000469,SMB,REP-030,2024-09-18,2024-10-10,2024-10-11,Closed Lost,0.00,New Logo,1,14575.75,14575.75,1214.65,Lost,Lost to Competitor,Partner / Referral,false
OPP-002077,ACCT-P-000470,SMB,REP-038,2024-07-17,2024-08-10,2024-08-14,Closed Lost,0.00,New Logo,1,9379.89,9379.89,781.66,Lost,Price,Outbound - SDR,false
OPP-002078,ACCT-P-000471,SMB,REP-038,2024-12-08,2025-02-03,2025-02-01,Closed Lost,0.00,New Logo,1,9787.48,9787.48,815.62,Lost,Timing / Budget Deferred,Outbound - SDR,false
OPP-002079,ACCT-P-000472,SMB,REP-028,2024-01-15,2024-01-31,2024-02-05,Closed Lost,0.00,New Logo,1,8564.62,8564.62,713.72,Lost,Timing / Budget Deferred,Inbound - Paid,false
OPP-002080,ACCT-P-000473,SMB,REP-030,2024-04-11,2024-05-01,2024-05-10,Closed Lost,0.00,New Logo,1,10661.23,10661.23,888.44,Lost,No Decision,Inbound - Organic,false
OPP-002081,ACCT-P-000474,SMB,REP-035,2025-07-15,2025-07-22,2025-07-23,Closed Lost,0.00,New Logo,1,4617.17,4617.17,384.76,Lost,Price,Partner / Referral,false
OPP-002082,ACCT-P-000475,SMB,REP-038,2026-05-05,2026-05-29,2026-06-12,Closed Lost,0.00,New Logo,1,7336.13,7336.13,611.34,Lost,Lost to Competitor,Inbound - Organic,false
OPP-002083,ACCT-P-000476,SMB,REP-031,2024-04-19,2024-04-26,2024-04-24,Closed Lost,0.00,New Logo,12,9241.33,9241.33,9241.33,Lost,Stayed on Incumbent,Inbound - Paid,false
OPP-002084,ACCT-P-000477,SMB,REP-031,2024-05-23,2024-06-09,2024-06-15,Closed Lost,0.00,New Logo,12,6167.55,6167.55,6167.55,Lost,Stayed on Incumbent,Outbound - SDR,false
OPP-002085,ACCT-P-000478,SMB,REP-005,2024-01-25,2024-02-02,2024-02-05,Closed Lost,0.00,New Logo,1,16515.88,16515.88,1376.32,Lost,Product Gap,Outbound - SDR,false
OPP-002086,ACCT-P-000479,SMB,REP-038,2026-06-01,2026-06-19,2026-06-17,Closed Lost,0.00,New Logo,1,5795.58,5795.58,482.97,Lost,Price,Outbound - SDR,false
OPP-002087,ACCT-P-000480,SMB,REP-030,2025-09-11,2025-09-27,2025-09-25,Closed Lost,0.00,New Logo,12,7206.50,7206.50,7206.50,Lost,Price,Inbound - Organic,false
OPP-002088,ACCT-P-000481,SMB,REP-035,2024-03-26,2024-04-21,2024-05-03,Closed Lost,0.00,New Logo,12,6384.84,6384.84,6384.84,Lost,No Decision,Partner / Referral,false
OPP-002089,ACCT-P-000482,SMB,REP-038,2026-01-07,2026-01-29,2026-02-02,Closed Lost,0.00,New Logo,1,12025.70,12025.70,1002.14,Lost,Price,Partner / Referral,false
OPP-002090,ACCT-P-000483,SMB,REP-030,2026-04-10,2026-05-12,2026-05-06,Closed Lost,0.00,New Logo,12,20953.03,20953.03,20953.03,Lost,Price,Outbound - SDR,false
OPP-002091,ACCT-P-000484,SMB,REP-030,2024-09-06,2024-09-18,2024-09-17,Closed Lost,0.00,New Logo,12,6421.34,6421.34,6421.34,Lost,Timing / Budget Deferred,Partner / Referral,false
OPP-002092,ACCT-P-000485,SMB,REP-030,2026-03-23,2026-04-06,2026-04-15,Closed Lost,0.00,New Logo,12,16400.25,16400.25,16400.25,Lost,Price,Trade Show / Event,false
OPP-002093,ACCT-P-000486,SMB,REP-030,2024-10-20,2024-11-29,2024-11-29,Closed Lost,0.00,New Logo,1,10963.39,10963.39,913.62,Lost,Price,Trade Show / Event,false
OPP-002094,ACCT-P-000487,SMB,REP-038,2024-08-05,2024-08-23,2024-08-25,Closed Lost,0.00,New Logo,12,10325.19,10325.19,10325.19,Lost,Lost to Competitor,Inbound - Organic,false
OPP-002095,ACCT-P-000488,SMB,REP-038,2025-08-01,2025-08-13,2025-08-17,Closed Lost,0.00,New Logo,1,7544.58,7544.58,628.71,Lost,No Decision,Outbound - SDR,false
OPP-002096,ACCT-P-000489,SMB,REP-030,2024-07-18,2024-07-31,2024-08-02,Closed Lost,0.00,New Logo,1,12124.19,12124.19,1010.35,Lost,No Decision,Inbound - Paid,false
OPP-002097,ACCT-P-000490,SMB,REP-030,2025-12-02,2025-12-24,2026-01-19,Closed Lost,0.00,New Logo,1,9964.50,9964.50,830.37,Lost,Price,Inbound - Paid,false
OPP-002098,ACCT-P-000491,SMB,REP-038,2024-06-08,2024-06-15,2024-06-18,Closed Lost,0.00,New Logo,1,8583.70,8583.70,715.31,Lost,Product Gap,Inbound - Paid,false
OPP-002099,ACCT-P-000492,SMB,REP-030,2025-03-18,2025-03-25,2025-03-26,Closed Lost,0.00,New Logo,12,8965.35,8965.35,8965.35,Lost,Price,Inbound - Organic,false
OPP-002100,ACCT-P-000493,SMB,REP-031,2024-01-31,2024-02-12,2024-02-16,Closed Lost,0.00,New Logo,1,2571.77,2571.77,214.31,Lost,Price,Inbound - Organic,false
OPP-002101,ACCT-P-000494,SMB,REP-030,2026-04-18,2026-05-06,2026-06-02,Closed Lost,0.00,New Logo,1,8124.33,8124.33,677.03,Lost,Product Gap,Trade Show / Event,false
OPP-002102,ACCT-P-000495,SMB,REP-038,2024-12-19,2025-01-07,2025-01-17,Closed Lost,0.00,New Logo,1,11806.16,11806.16,983.85,Lost,Stayed on Incumbent,Partner / Referral,false
OPP-002103,ACCT-P-000496,SMB,REP-038,2024-12-04,2024-12-23,2025-01-05,Closed Lost,0.00,New Logo,12,7014.48,7014.48,7014.48,Lost,Price,Outbound - SDR,false
OPP-002104,ACCT-P-000497,SMB,REP-038,2025-07-01,2025-07-23,2025-08-03,Closed Lost,0.00,New Logo,1,7715.14,7715.14,642.93,Lost,No Decision,Trade Show / Event,false
OPP-002105,ACCT-P-000498,SMB,REP-048,2026-05-06,2026-06-14,2026-06-14,Closed Lost,0.00,New Logo,1,15643.94,15643.94,1303.66,Lost,Price,Partner / Referral,false
OPP-002106,ACCT-P-000499,SMB,REP-031,2024-07-09,2024-09-01,2024-08-29,Closed Lost,0.00,New Logo,12,16383.34,16383.34,16383.34,Lost,No Decision,Outbound - SDR,false
OPP-002107,ACCT-P-000500,SMB,REP-038,2025-09-11,2025-09-26,2025-10-05,Closed Lost,0.00,New Logo,1,7438.29,7438.29,619.86,Lost,Lost to Competitor,Outbound - SDR,false
OPP-002108,ACCT-P-000501,SMB,REP-037,2025-01-23,2025-02-04,2025-02-23,Closed Lost,0.00,New Logo,1,8725.09,8725.09,727.09,Lost,Timing / Budget Deferred,Inbound - Organic,false
OPP-002109,ACCT-P-000502,SMB,REP-030,2025-04-19,2025-05-03,2025-05-01,Closed Lost,0.00,New Logo,12,4310.88,4310.88,4310.88,Lost,Timing / Budget Deferred,Inbound - Organic,false
OPP-002110,ACCT-P-000503,SMB,REP-038,2025-02-16,2025-02-25,2025-02-26,Closed Lost,0.00,New Logo,1,11193.30,11193.30,932.77,Lost,No Decision,Inbound - Paid,false
OPP-002111,ACCT-P-000504,SMB,REP-038,2025-04-16,2025-05-01,2025-05-06,Closed Lost,0.00,New Logo,12,5008.17,5008.17,5008.17,Lost,No Decision,Trade Show / Event,false
OPP-002112,ACCT-P-000505,SMB,REP-037,2025-11-08,2025-12-09,2025-12-15,Closed Lost,0.00,New Logo,1,7469.46,7469.46,622.45,Lost,Price,Inbound - Paid,false
OPP-002113,ACCT-P-000506,SMB,REP-038,2025-03-14,2025-03-21,2025-03-26,Closed Lost,0.00,New Logo,1,10446.06,10446.06,870.50,Lost,Price,Trade Show / Event,false
OPP-002114,ACCT-P-000507,SMB,REP-030,2024-07-13,2024-08-09,2024-08-19,Closed Lost,0.00,New Logo,1,4897.50,4897.50,408.12,Lost,Product Gap,Trade Show / Event,false
OPP-002115,ACCT-P-000508,SMB,REP-030,2025-02-09,2025-02-16,2025-02-19,Closed Lost,0.00,New Logo,1,14351.00,14351.00,1195.92,Lost,Lost to Competitor,Outbound - SDR,false
OPP-002116,ACCT-P-000509,SMB,REP-037,2024-05-20,2024-06-03,2024-06-08,Closed Lost,0.00,New Logo,1,11972.32,11972.32,997.69,Lost,Product Gap,Inbound - Organic,false
OPP-002117,ACCT-P-000510,SMB,REP-037,2025-11-18,2026-01-09,2026-02-16,Closed Lost,0.00,New Logo,1,11260.94,11260.94,938.41,Lost,Timing / Budget Deferred,Inbound - Organic,false
OPP-002118,ACCT-P-000511,SMB,REP-037,2025-06-10,2025-06-19,2025-06-27,Closed Lost,0.00,New Logo,1,12314.58,12314.58,1026.21,Lost,Stayed on Incumbent,Trade Show / Event,false
OPP-002119,ACCT-P-000512,SMB,REP-038,2025-09-15,2025-09-22,2025-09-23,Closed Lost,0.00,New Logo,1,14149.53,14149.53,1179.13,Lost,Product Gap,Inbound - Organic,false
OPP-002120,ACCT-P-000513,SMB,REP-030,2024-09-26,2024-10-31,2024-11-14,Closed Lost,0.00,New Logo,1,12505.10,12505.10,1042.09,Lost,Price,Inbound - Organic,false
OPP-002121,ACCT-P-000514,SMB,REP-030,2025-08-14,2025-09-03,2025-09-23,Closed Lost,0.00,New Logo,1,11254.82,11254.82,937.90,Lost,Price,Inbound - Organic,false
OPP-002122,ACCT-P-000515,SMB,REP-038,2025-08-25,2025-09-23,2025-10-12,Closed Lost,0.00,New Logo,1,8588.08,8588.08,715.67,Lost,No Decision,Inbound - Organic,false
OPP-002123,ACCT-P-000516,SMB,REP-030,2025-10-27,2025-11-22,2025-11-21,Closed Lost,0.00,New Logo,1,8717.38,8717.38,726.45,Lost,Price,Outbound - SDR,false
OPP-002124,ACCT-P-000517,SMB,REP-030,2024-02-18,2024-03-16,2024-03-12,Closed Lost,0.00,New Logo,1,7209.70,7209.70,600.81,Lost,Price,Partner / Referral,false
OPP-002125,ACCT-P-000518,SMB,REP-030,2025-09-21,2025-10-06,2025-10-10,Closed Lost,0.00,New Logo,12,9569.47,9569.47,9569.47,Lost,Price,Inbound - Paid,false
OPP-002126,ACCT-P-000519,SMB,REP-038,2026-02-10,2026-06-02,2026-06-07,Closed Lost,0.00,New Logo,1,9592.29,9592.29,799.36,Lost,Timing / Budget Deferred,Inbound - Organic,false
OPP-002127,ACCT-P-000520,SMB,REP-031,2024-05-09,2024-05-20,2024-05-20,Closed Lost,0.00,New Logo,1,6431.50,6431.50,535.96,Lost,Stayed on Incumbent,Inbound - Paid,false
OPP-002128,ACCT-P-000521,SMB,REP-030,2025-08-14,2025-10-07,2025-10-22,Closed Lost,0.00,New Logo,1,4013.90,4013.90,334.49,Lost,No Decision,Inbound - Paid,false
OPP-002129,ACCT-P-000522,SMB,REP-030,2025-05-19,2025-07-12,2025-06-29,Closed Lost,0.00,New Logo,12,3977.17,3977.17,3977.17,Lost,No Decision,Inbound - Paid,false
OPP-002130,ACCT-P-000523,SMB,REP-031,2024-03-03,2024-03-22,2024-03-26,Closed Lost,0.00,New Logo,12,9047.33,9047.33,9047.33,Lost,No Decision,Inbound - Paid,false
OPP-002131,ACCT-P-000524,SMB,REP-038,2024-11-30,2024-12-17,2024-12-24,Closed Lost,0.00,New Logo,1,5306.69,5306.69,442.22,Lost,Price,Inbound - Organic,false
OPP-002132,ACCT-P-000525,SMB,REP-037,2024-04-07,2024-04-30,2024-05-03,Closed Lost,0.00,New Logo,1,5607.17,5607.17,467.26,Lost,Price,Inbound - Organic,false
OPP-002133,ACCT-P-000526,SMB,REP-038,2025-12-09,2025-12-22,2025-12-23,Closed Lost,0.00,New Logo,12,4789.77,4789.77,4789.77,Lost,No Decision,Inbound - Paid,false
OPP-002134,ACCT-P-000527,SMB,REP-030,2026-04-04,2026-05-14,2026-05-15,Closed Lost,0.00,New Logo,12,4541.31,4541.31,4541.31,Lost,Price,Inbound - Paid,false
OPP-002135,ACCT-P-000528,SMB,REP-038,2024-10-06,2024-10-27,2024-11-11,Closed Lost,0.00,New Logo,12,5088.52,5088.52,5088.52,Lost,Lost to Competitor,Inbound - Paid,false
OPP-002136,ACCT-P-000529,SMB,REP-030,2024-10-04,2024-11-29,2024-11-22,Closed Lost,0.00,New Logo,1,7343.07,7343.07,611.92,Lost,No Decision,Inbound - Organic,false
OPP-002137,ACCT-P-000530,SMB,REP-038,2024-03-10,2024-04-26,2024-05-20,Closed Lost,0.00,New Logo,12,5568.46,5568.46,5568.46,Lost,Timing / Budget Deferred,Outbound - SDR,false
OPP-002138,ACCT-P-000531,SMB,REP-037,2026-01-03,2026-01-11,2026-01-15,Closed Lost,0.00,New Logo,12,5883.20,5883.20,5883.20,Lost,Price,Trade Show / Event,false
OPP-002139,ACCT-P-000532,SMB,REP-037,2024-03-24,2024-04-03,2024-04-07,Closed Lost,0.00,New Logo,12,4668.54,4668.54,4668.54,Lost,Lost to Competitor,Partner / Referral,false
OPP-002140,ACCT-P-000533,SMB,REP-048,2025-07-17,2025-07-24,2025-07-27,Closed Lost,0.00,New Logo,1,8867.83,8867.83,738.99,Lost,Stayed on Incumbent,Inbound - Organic,false
OPP-002141,ACCT-P-000534,SMB,REP-038,2025-09-27,2025-10-14,2025-10-16,Closed Lost,0.00,New Logo,12,6314.57,6314.57,6314.57,Lost,Price,Inbound - Paid,false
OPP-002142,ACCT-P-000535,SMB,REP-030,2024-08-12,2024-11-01,2024-10-25,Closed Lost,0.00,New Logo,1,25047.91,25047.91,2087.33,Lost,Price,Outbound - SDR,false
OPP-002143,ACCT-P-000536,SMB,REP-030,2025-07-18,2025-08-07,2025-08-13,Closed Lost,0.00,New Logo,1,5151.81,5151.81,429.32,Lost,Lost to Competitor,Trade Show / Event,false
OPP-002144,ACCT-P-000537,SMB,REP-030,2026-05-21,2026-06-17,2026-06-27,Closed Lost,0.00,New Logo,12,13167.16,13167.16,13167.16,Lost,Timing / Budget Deferred,Inbound - Paid,false
OPP-002145,ACCT-P-000538,SMB,REP-038,2025-09-30,2025-12-27,2025-12-20,Closed Lost,0.00,New Logo,12,7246.67,7246.67,7246.67,Lost,Timing / Budget Deferred,Inbound - Organic,false
OPP-002146,ACCT-P-000539,SMB,REP-038,2026-05-17,2026-05-26,2026-05-29,Closed Lost,0.00,New Logo,1,3141.42,3141.42,261.79,Lost,Stayed on Incumbent,Partner / Referral,false
OPP-002147,ACCT-P-000540,SMB,REP-030,2024-05-27,2024-06-03,2024-06-04,Closed Lost,0.00,New Logo,12,7491.94,7491.94,7491.94,Lost,Lost to Competitor,Inbound - Paid,false
OPP-002148,ACCT-P-000541,SMB,REP-035,2025-04-02,2025-04-09,2025-04-12,Closed Lost,0.00,New Logo,1,14174.53,14174.53,1181.21,Lost,Price,Outbound - SDR,false
OPP-002149,ACCT-P-000542,SMB,REP-037,2024-12-14,2025-01-29,2025-02-04,Closed Lost,0.00,New Logo,1,17551.00,17551.00,1462.58,Lost,Price,Trade Show / Event,false
OPP-002150,ACCT-P-000543,SMB,REP-035,2024-02-05,2024-03-18,2024-05-20,Closed Lost,0.00,New Logo,12,7089.99,7089.99,7089.99,Lost,No Decision,Partner / Referral,false
OPP-002151,ACCT-P-000544,SMB,REP-030,2025-05-28,2025-06-24,2025-06-30,Closed Lost,0.00,New Logo,1,11257.40,11257.40,938.12,Lost,Timing / Budget Deferred,Partner / Referral,false
OPP-002152,ACCT-P-000545,SMB,REP-030,2024-12-24,2025-01-20,2025-01-20,Closed Lost,0.00,New Logo,12,9649.69,9649.69,9649.69,Lost,Price,Inbound - Paid,false
OPP-002153,ACCT-P-000546,SMB,REP-030,2026-04-15,2026-04-22,2026-05-02,Closed Lost,0.00,New Logo,12,5227.35,5227.35,5227.35,Lost,Lost to Competitor,Trade Show / Event,false
OPP-002154,ACCT-P-000547,SMB,REP-038,2025-02-22,2025-03-23,2025-03-19,Closed Lost,0.00,New Logo,1,6280.90,6280.90,523.41,Lost,Stayed on Incumbent,Inbound - Organic,false
OPP-002155,ACCT-P-000548,SMB,REP-037,2025-11-15,2025-12-11,2025-12-16,Closed Lost,0.00,New Logo,1,6346.27,6346.27,528.86,Lost,Lost to Competitor,Inbound - Organic,false
OPP-002156,ACCT-P-000549,SMB,REP-038,2024-11-24,2024-12-01,2024-12-04,Closed Lost,0.00,New Logo,12,8847.77,8847.77,8847.77,Lost,No Decision,Outbound - SDR,false
OPP-002157,ACCT-P-000550,SMB,REP-035,2025-01-31,2025-02-17,2025-02-15,Closed Lost,0.00,New Logo,1,2263.81,2263.81,188.65,Lost,Stayed on Incumbent,Inbound - Organic,false
OPP-002158,ACCT-P-000551,SMB,REP-038,2026-02-19,2026-03-04,2026-03-05,Closed Lost,0.00,New Logo,12,23096.17,23096.17,23096.17,Lost,No Decision,Inbound - Paid,false
OPP-002159,ACCT-P-000552,SMB,REP-038,2025-10-17,2025-10-24,2025-10-27,Closed Lost,0.00,New Logo,12,18574.96,18574.96,18574.96,Lost,No Decision,Inbound - Paid,false
OPP-002160,ACCT-P-000553,SMB,REP-038,2026-01-22,2026-02-13,2026-02-14,Closed Lost,0.00,New Logo,1,7201.15,7201.15,600.10,Lost,Timing / Budget Deferred,Partner / Referral,false
OPP-002161,ACCT-P-000554,SMB,REP-030,2024-01-11,2024-02-27,2024-03-24,Closed Lost,0.00,New Logo,12,15436.42,15436.42,15436.42,Lost,Lost to Competitor,Outbound - SDR,false
OPP-002162,ACCT-P-000555,SMB,REP-038,2025-09-04,2025-09-18,2025-09-26,Closed Lost,0.00,New Logo,1,12431.63,12431.63,1035.97,Lost,Product Gap,Trade Show / Event,false
OPP-002163,ACCT-P-000556,SMB,REP-043,2024-12-06,2025-01-03,2024-12-28,Closed Lost,0.00,New Logo,12,8318.76,8318.76,8318.76,Lost,No Decision,Inbound - Paid,false
OPP-002164,ACCT-P-000557,SMB,REP-038,2026-04-14,2026-04-24,2026-04-26,Closed Lost,0.00,New Logo,12,8677.50,8677.50,8677.50,Lost,No Decision,Inbound - Organic,false
OPP-002165,ACCT-P-000558,SMB,REP-038,2026-02-10,2026-03-08,2026-03-11,Closed Lost,0.00,New Logo,1,4874.31,4874.31,406.19,Lost,Price,Inbound - Paid,false
OPP-002166,ACCT-P-000559,SMB,REP-038,2025-01-06,2025-01-31,2025-02-07,Closed Lost,0.00,New Logo,1,14383.55,14383.55,1198.63,Lost,Product Gap,Inbound - Paid,false
OPP-002167,ACCT-P-000560,SMB,REP-028,2023-12-09,2024-02-10,2024-02-02,Closed Lost,0.00,New Logo,12,9323.81,9323.81,9323.81,Lost,Price,Inbound - Paid,false
OPP-002168,ACCT-P-000561,SMB,REP-035,2024-05-20,2024-06-19,2024-06-27,Closed Lost,0.00,New Logo,12,7667.58,7667.58,7667.58,Lost,Timing / Budget Deferred,Inbound - Paid,false
OPP-002169,ACCT-P-000562,SMB,REP-038,2024-07-09,2024-08-12,2024-08-16,Closed Lost,0.00,New Logo,1,8398.00,8398.00,699.83,Lost,Timing / Budget Deferred,Inbound - Paid,false
OPP-002170,ACCT-P-000563,SMB,REP-038,2026-05-22,2026-06-02,2026-06-04,Closed Lost,0.00,New Logo,12,10610.87,10610.87,10610.87,Lost,Price,Partner / Referral,false
OPP-002171,ACCT-P-000564,SMB,REP-030,2024-05-20,2024-07-27,2024-07-10,Closed Lost,0.00,New Logo,1,3002.35,3002.35,250.20,Lost,Product Gap,Inbound - Organic,false
OPP-002172,ACCT-P-000565,SMB,REP-043,2024-12-12,2025-01-10,2025-01-12,Closed Lost,0.00,New Logo,12,10985.21,10985.21,10985.21,Lost,Timing / Budget Deferred,Inbound - Paid,false
OPP-002173,ACCT-P-000566,SMB,REP-037,2024-07-18,2024-07-30,2024-08-10,Closed Lost,0.00,New Logo,1,13380.14,13380.14,1115.01,Lost,Timing / Budget Deferred,Trade Show / Event,false
OPP-002174,ACCT-P-000567,SMB,REP-030,2024-02-12,2024-02-29,2024-03-06,Closed Lost,0.00,New Logo,1,5018.14,5018.14,418.18,Lost,No Decision,Outbound - SDR,false
OPP-002175,ACCT-P-000568,SMB,REP-030,2024-06-06,2024-07-01,2024-07-17,Closed Lost,0.00,New Logo,1,6032.21,6032.21,502.68,Lost,No Decision,Trade Show / Event,false
OPP-002176,ACCT-P-000569,SMB,REP-030,2024-05-18,2024-06-04,2024-05-31,Closed Lost,0.00,New Logo,1,14320.49,14320.49,1193.37,Lost,Timing / Budget Deferred,Outbound - SDR,false
OPP-002177,ACCT-P-000570,SMB,REP-028,2024-01-17,2024-02-09,2024-02-26,Closed Lost,0.00,New Logo,1,6250.70,6250.70,520.89,Lost,Lost to Competitor,Trade Show / Event,false
OPP-002178,ACCT-P-000571,SMB,REP-031,2024-08-13,2024-09-14,2024-09-25,Closed Lost,0.00,New Logo,1,8441.38,8441.38,703.45,Lost,Price,Inbound - Organic,false
OPP-002179,ACCT-P-000572,SMB,REP-038,2026-03-11,2026-03-22,2026-04-09,Closed Lost,0.00,New Logo,12,9766.82,9766.82,9766.82,Lost,Lost to Competitor,Outbound - SDR,false
OPP-002180,ACCT-P-000573,SMB,REP-030,2024-07-06,2024-07-13,2024-07-16,Closed Lost,0.00,New Logo,1,5576.99,5576.99,464.75,Lost,Product Gap,Inbound - Paid,false
OPP-002181,ACCT-P-000574,SMB,REP-038,2025-09-03,2025-09-10,2025-09-08,Closed Lost,0.00,New Logo,12,7286.93,7286.93,7286.93,Lost,No Decision,Inbound - Paid,false
OPP-002182,ACCT-P-000575,SMB,REP-038,2025-01-03,2025-01-11,2025-01-16,Closed Lost,0.00,New Logo,1,12202.91,12202.91,1016.91,Lost,Lost to Competitor,Outbound - SDR,false
OPP-002183,ACCT-P-000576,SMB,REP-038,2024-09-25,2024-10-13,2024-10-15,Closed Lost,0.00,New Logo,12,13042.18,13042.18,13042.18,Lost,Timing / Budget Deferred,Inbound - Organic,false
OPP-002184,ACCT-P-000577,SMB,REP-030,2023-12-23,2024-01-20,2024-02-06,Closed Lost,0.00,New Logo,12,7034.29,7034.29,7034.29,Lost,Price,Partner / Referral,false
OPP-002185,ACCT-P-000578,SMB,REP-038,2026-04-10,2026-04-20,2026-04-25,Closed Lost,0.00,New Logo,1,10885.68,10885.68,907.14,Lost,Product Gap,Trade Show / Event,false
OPP-002186,ACCT-P-000579,SMB,REP-038,2026-01-15,2026-01-30,2026-02-20,Closed Lost,0.00,New Logo,12,10352.20,10352.20,10352.20,Lost,Price,Inbound - Organic,false
OPP-002187,ACCT-P-000580,SMB,REP-030,2025-09-05,2025-10-07,2025-09-30,Closed Lost,0.00,New Logo,1,8196.26,8196.26,683.02,Lost,Product Gap,Inbound - Organic,false
OPP-002188,ACCT-P-000581,SMB,REP-038,2026-04-08,2026-04-15,2026-04-16,Closed Lost,0.00,New Logo,1,15428.14,15428.14,1285.68,Lost,Product Gap,Inbound - Paid,false
OPP-002189,ACCT-P-000582,SMB,REP-043,2024-10-13,2024-12-12,2024-12-12,Closed Lost,0.00,New Logo,12,17275.78,17275.78,17275.78,Lost,Product Gap,Inbound - Paid,false
OPP-002190,ACCT-P-000583,SMB,REP-030,2025-07-28,2025-08-28,2025-08-24,Closed Lost,0.00,New Logo,12,12964.28,12964.28,12964.28,Lost,No Decision,Inbound - Organic,false
OPP-002191,ACCT-P-000584,SMB,REP-038,2025-08-13,2025-08-25,2025-08-27,Closed Lost,0.00,New Logo,1,6808.13,6808.13,567.34,Lost,Price,Inbound - Organic,false
OPP-002192,ACCT-P-000585,SMB,REP-038,2026-04-18,2026-06-08,2026-06-12,Closed Lost,0.00,New Logo,1,26638.23,26638.23,2219.85,Lost,Timing / Budget Deferred,Inbound - Paid,false
OPP-002193,ACCT-P-000586,SMB,REP-031,2024-01-17,2024-03-13,2024-03-07,Closed Lost,0.00,New Logo,1,7155.89,7155.89,596.32,Lost,Product Gap,Outbound - SDR,false
OPP-002194,ACCT-P-000587,SMB,REP-048,2026-01-04,2026-01-14,2026-01-12,Closed Lost,0.00,New Logo,1,9552.19,9552.19,796.02,Lost,No Decision,Outbound - SDR,false
OPP-002195,ACCT-P-000588,SMB,REP-031,2024-05-09,2024-06-17,2024-06-13,Closed Lost,0.00,New Logo,12,10533.33,10533.33,10533.33,Lost,No Decision,Outbound - SDR,false
OPP-002196,ACCT-P-000589,SMB,REP-031,2023-12-31,2024-01-24,2024-01-31,Closed Lost,0.00,New Logo,1,6901.80,6901.80,575.15,Lost,No Decision,Inbound - Paid,false
OPP-002197,ACCT-P-000590,SMB,REP-038,2026-03-03,2026-05-16,2026-05-12,Closed Lost,0.00,New Logo,12,10671.08,10671.08,10671.08,Lost,No Decision,Inbound - Organic,false
OPP-002198,ACCT-P-000591,SMB,REP-048,2025-07-14,2025-07-25,2025-07-25,Closed Lost,0.00,New Logo,1,5658.75,5658.75,471.56,Lost,Product Gap,Trade Show / Event,false
OPP-002199,ACCT-P-000592,SMB,REP-037,2026-04-09,2026-04-16,2026-04-16,Closed Lost,0.00,New Logo,1,8070.86,8070.86,672.57,Lost,Lost to Competitor,Inbound - Organic,false
OPP-002200,ACCT-P-000593,SMB,REP-038,2025-03-07,2025-03-21,2025-03-22,Closed Lost,0.00,New Logo,12,7835.70,7835.70,7835.70,Lost,Lost to Competitor,Trade Show / Event,false
OPP-002201,ACCT-P-000594,SMB,REP-038,2025-02-25,2025-03-05,2025-03-19,Closed Lost,0.00,New Logo,1,4770.35,4770.35,397.53,Lost,Stayed on Incumbent,Inbound - Paid,false
OPP-002202,ACCT-P-000595,SMB,REP-037,2025-01-12,2025-01-30,2025-02-02,Closed Lost,0.00,New Logo,1,14292.91,14292.91,1191.08,Lost,Price,Inbound - Paid,false
OPP-002203,ACCT-P-000596,SMB,REP-030,2024-03-09,2024-03-26,2024-04-06,Closed Lost,0.00,New Logo,1,14996.93,14996.93,1249.74,Lost,Lost to Competitor,Inbound - Organic,false
OPP-002204,ACCT-P-000597,SMB,REP-038,2025-08-28,2025-09-20,2025-09-26,Closed Lost,0.00,New Logo,1,10292.01,10292.01,857.67,Lost,Lost to Competitor,Partner / Referral,false
OPP-002205,ACCT-P-000598,SMB,REP-038,2024-05-23,2024-08-06,2024-07-29,Closed Lost,0.00,New Logo,1,17650.74,17650.74,1470.89,Lost,Product Gap,Inbound - Paid,false
OPP-002206,ACCT-P-000599,SMB,REP-030,2025-10-18,2025-11-23,2025-11-20,Closed Lost,0.00,New Logo,1,18768.45,18768.45,1564.04,Lost,Price,Inbound - Paid,false
OPP-002207,ACCT-P-000600,SMB,REP-038,2026-05-09,2026-05-18,2026-06-01,Closed Lost,0.00,New Logo,1,5906.26,5906.26,492.19,Lost,Price,Outbound - SDR,false
OPP-002208,ACCT-P-000601,SMB,REP-038,2025-05-31,2025-06-11,2025-06-16,Closed Lost,0.00,New Logo,1,5897.39,5897.39,491.45,Lost,Lost to Competitor,Inbound - Paid,false
OPP-002209,ACCT-P-000602,SMB,REP-030,2025-11-06,2025-11-23,2025-11-25,Closed Lost,0.00,New Logo,1,10298.11,10298.11,858.18,Lost,No Decision,Inbound - Organic,false
OPP-002210,ACCT-P-000603,SMB,REP-038,2024-10-05,2024-10-12,2024-10-16,Closed Lost,0.00,New Logo,12,4716.65,4716.65,4716.65,Lost,Price,Inbound - Paid,false
OPP-002211,ACCT-P-000604,SMB,REP-031,2024-04-27,2024-05-15,2024-06-12,Closed Lost,0.00,New Logo,1,9034.61,9034.61,752.88,Lost,No Decision,Partner / Referral,false
OPP-002212,ACCT-P-000605,SMB,REP-030,2025-11-10,2025-11-17,2025-11-17,Closed Lost,0.00,New Logo,1,11170.07,11170.07,930.84,Lost,Timing / Budget Deferred,Outbound - SDR,false
OPP-002213,ACCT-P-000606,SMB,REP-030,2024-04-15,2024-05-09,2024-05-23,Closed Lost,0.00,New Logo,1,10802.81,10802.81,900.23,Lost,Product Gap,Inbound - Paid,false
OPP-002214,ACCT-P-000607,SMB,REP-031,2024-08-19,2024-08-30,2024-09-03,Closed Lost,0.00,New Logo,12,13978.38,13978.38,13978.38,Lost,Timing / Budget Deferred,Inbound - Paid,false
OPP-002215,ACCT-P-000608,SMB,REP-038,2024-09-04,2024-10-08,2024-10-02,Closed Lost,0.00,New Logo,1,24589.60,24589.60,2049.13,Lost,Price,Outbound - SDR,false
OPP-002216,ACCT-P-000609,SMB,REP-038,2025-11-25,2025-12-03,2025-12-05,Closed Lost,0.00,New Logo,1,18110.93,18110.93,1509.24,Lost,Timing / Budget Deferred,Outbound - SDR,false
OPP-002217,ACCT-P-000610,SMB,REP-038,2025-08-16,2025-09-18,2025-09-11,Closed Lost,0.00,New Logo,1,5234.67,5234.67,436.22,Lost,Price,Partner / Referral,false
OPP-002218,ACCT-P-000611,SMB,REP-038,2025-07-02,2025-07-09,2025-07-11,Closed Lost,0.00,New Logo,12,7898.66,7898.66,7898.66,Lost,Product Gap,Inbound - Paid,false
OPP-002219,ACCT-P-000612,SMB,REP-038,2025-11-12,2026-01-12,2026-01-25,Closed Lost,0.00,New Logo,1,13051.18,13051.18,1087.60,Lost,Price,Inbound - Paid,false
OPP-002220,ACCT-P-000613,SMB,REP-037,2025-04-01,2025-04-24,2025-04-26,Closed Lost,0.00,New Logo,1,11836.53,11836.53,986.38,Lost,No Decision,Outbound - SDR,false
OPP-002221,ACCT-P-000614,SMB,REP-035,2024-12-01,2025-01-16,2025-02-04,Closed Lost,0.00,New Logo,1,9869.65,9869.65,822.47,Lost,Timing / Budget Deferred,Inbound - Paid,false
OPP-002222,ACCT-P-000615,SMB,REP-043,2024-10-14,2024-11-30,2024-12-05,Closed Lost,0.00,New Logo,12,11687.60,11687.60,11687.60,Lost,Stayed on Incumbent,Inbound - Organic,false
OPP-002223,ACCT-P-000616,SMB,REP-030,2024-01-24,2024-02-02,2024-02-07,Closed Lost,0.00,New Logo,12,16316.37,16316.37,16316.37,Lost,Price,Partner / Referral,false
OPP-002224,ACCT-P-000617,SMB,REP-031,2024-04-19,2024-05-19,2024-05-20,Closed Lost,0.00,New Logo,1,6480.94,6480.94,540.08,Lost,Timing / Budget Deferred,Trade Show / Event,false
OPP-002225,ACCT-P-000618,SMB,REP-030,2024-12-08,2024-12-31,2025-01-07,Closed Lost,0.00,New Logo,1,14020.23,14020.23,1168.35,Lost,Price,Inbound - Paid,false
OPP-002226,ACCT-P-000619,SMB,REP-038,2024-08-04,2024-09-01,2024-09-10,Closed Lost,0.00,New Logo,1,12665.08,12665.08,1055.42,Lost,Lost to Competitor,Partner / Referral,false
OPP-002227,ACCT-P-000620,SMB,REP-030,2026-02-12,2026-02-19,2026-02-19,Closed Lost,0.00,New Logo,1,8889.49,8889.49,740.79,Lost,Price,Partner / Referral,false
OPP-002228,ACCT-P-000621,SMB,REP-038,2026-02-09,2026-03-07,2026-03-08,Closed Lost,0.00,New Logo,1,16234.81,16234.81,1352.90,Lost,Lost to Competitor,Partner / Referral,false
OPP-002229,ACCT-P-000622,SMB,REP-030,2026-05-02,2026-05-16,2026-05-23,Closed Lost,0.00,New Logo,1,10980.27,10980.27,915.02,Lost,Price,Inbound - Organic,false
OPP-002230,ACCT-P-000623,SMB,REP-030,2024-03-11,2024-04-12,2024-04-09,Closed Lost,0.00,New Logo,1,12906.37,12906.37,1075.53,Lost,Timing / Budget Deferred,Inbound - Organic,false
OPP-002231,ACCT-P-000624,SMB,REP-035,2024-10-09,2024-11-03,2024-11-04,Closed Lost,0.00,New Logo,1,4729.41,4729.41,394.12,Lost,Lost to Competitor,Outbound - SDR,false
OPP-002232,ACCT-P-000625,SMB,REP-030,2025-10-31,2025-11-07,2025-11-04,Closed Lost,0.00,New Logo,12,15445.83,15445.83,15445.83,Lost,Stayed on Incumbent,Partner / Referral,false
OPP-002233,ACCT-P-000626,SMB,REP-038,2024-11-10,2024-12-03,2024-11-27,Closed Lost,0.00,New Logo,1,9000.12,9000.12,750.01,Lost,Price,Outbound - SDR,false
OPP-002234,ACCT-P-000627,SMB,REP-030,2025-05-23,2025-06-03,2025-06-08,Closed Lost,0.00,New Logo,1,4932.44,4932.44,411.04,Lost,Product Gap,Inbound - Organic,false
OPP-002235,ACCT-P-000628,SMB,REP-038,2025-04-11,2025-04-30,2025-05-03,Closed Lost,0.00,New Logo,12,9792.09,9792.09,9792.09,Lost,No Decision,Inbound - Organic,false
OPP-002236,ACCT-P-000629,SMB,REP-030,2024-09-14,2024-09-28,2024-09-24,Closed Lost,0.00,New Logo,12,17477.96,17477.96,17477.96,Lost,Lost to Competitor,Outbound - SDR,false
OPP-002237,ACCT-P-000630,SMB,REP-038,2025-07-09,2025-07-19,2025-08-05,Closed Lost,0.00,New Logo,1,9706.51,9706.51,808.88,Lost,Lost to Competitor,Outbound - SDR,false
OPP-002238,ACCT-P-000631,SMB,REP-030,2026-02-04,2026-02-17,2026-02-16,Closed Lost,0.00,New Logo,12,10354.39,10354.39,10354.39,Lost,Product Gap,Outbound - SDR,false
OPP-002239,ACCT-P-000632,SMB,REP-038,2024-12-05,2024-12-13,2024-12-16,Closed Lost,0.00,New Logo,1,10205.86,10205.86,850.49,Lost,Price,Inbound - Organic,false
OPP-002240,ACCT-P-000633,SMB,REP-037,2025-09-01,2025-09-22,2025-09-29,Closed Lost,0.00,New Logo,12,6270.82,6270.82,6270.82,Lost,Timing / Budget Deferred,Partner / Referral,false
OPP-002241,ACCT-P-000634,SMB,REP-038,2024-11-14,2024-11-23,2024-11-27,Closed Lost,0.00,New Logo,1,8230.10,8230.10,685.84,Lost,Lost to Competitor,Trade Show / Event,false
OPP-002242,ACCT-P-000635,SMB,REP-030,2025-10-29,2026-01-16,2026-01-31,Closed Lost,0.00,New Logo,1,6204.48,6204.48,517.04,Lost,Product Gap,Inbound - Paid,false
OPP-002243,ACCT-P-000636,SMB,REP-030,2025-08-27,2025-09-18,2025-09-20,Closed Lost,0.00,New Logo,1,5923.79,5923.79,493.65,Lost,Timing / Budget Deferred,Outbound - SDR,false
OPP-002244,ACCT-P-000637,SMB,REP-038,2025-02-14,2025-02-21,2025-02-23,Closed Lost,0.00,New Logo,12,9946.37,9946.37,9946.37,Lost,Price,Outbound - SDR,false
OPP-002245,ACCT-P-000638,SMB,REP-030,2024-10-21,2024-10-29,2024-11-11,Closed Lost,0.00,New Logo,1,8258.28,8258.28,688.19,Lost,Timing / Budget Deferred,Inbound - Paid,false
OPP-002246,ACCT-P-000639,SMB,REP-037,2025-11-08,2025-11-28,2025-11-26,Closed Lost,0.00,New Logo,1,4560.55,4560.55,380.05,Lost,Lost to Competitor,Inbound - Organic,false
OPP-002247,ACCT-P-000640,SMB,REP-038,2024-12-07,2025-01-06,2025-01-14,Closed Lost,0.00,New Logo,1,5077.94,5077.94,423.16,Lost,No Decision,Trade Show / Event,false
OPP-002248,ACCT-P-000641,SMB,REP-030,2026-05-10,2026-05-19,2026-05-30,Closed Lost,0.00,New Logo,1,7663.19,7663.19,638.60,Lost,Lost to Competitor,Inbound - Organic,false
OPP-002249,ACCT-P-000642,SMB,REP-038,2025-04-16,2025-04-23,2025-05-05,Closed Lost,0.00,New Logo,12,5433.69,5433.69,5433.69,Lost,Price,Outbound - SDR,false
OPP-002250,ACCT-P-000643,SMB,REP-030,2026-03-27,2026-04-08,2026-04-10,Closed Lost,0.00,New Logo,1,15566.41,15566.41,1297.20,Lost,Product Gap,Trade Show / Event,false
OPP-002251,ACCT-P-000644,SMB,REP-048,2025-03-23,2025-04-04,2025-04-09,Closed Lost,0.00,New Logo,12,13215.66,13215.66,13215.66,Lost,Product Gap,Inbound - Paid,false
OPP-002252,ACCT-P-000645,SMB,REP-034,2024-02-26,2024-03-14,2024-03-26,Closed Lost,0.00,New Logo,24,7693.39,7693.39,15386.79,Lost,No Decision,Inbound - Paid,false
OPP-002253,ACCT-P-000646,SMB,REP-030,2025-12-07,2026-02-02,2026-02-03,Closed Lost,0.00,New Logo,12,9464.38,9464.38,9464.38,Lost,Price,Inbound - Paid,false
OPP-002254,ACCT-P-000647,SMB,REP-038,2025-03-24,2025-04-27,2025-05-22,Closed Lost,0.00,New Logo,12,14921.88,14921.88,14921.88,Lost,Timing / Budget Deferred,Partner / Referral,false
OPP-002255,ACCT-P-000648,SMB,REP-038,2024-08-10,2024-08-31,2024-09-06,Closed Lost,0.00,New Logo,1,7526.76,7526.76,627.23,Lost,No Decision,Outbound - SDR,false
OPP-002256,ACCT-P-000649,SMB,REP-038,2024-09-05,2024-10-14,2024-10-14,Closed Lost,0.00,New Logo,1,17524.38,17524.38,1460.37,Lost,Price,Inbound - Paid,false
OPP-002257,ACCT-P-000650,SMB,REP-038,2025-09-03,2025-09-21,2025-09-24,Closed Lost,0.00,New Logo,1,10122.84,10122.84,843.57,Lost,Lost to Competitor,Inbound - Organic,false
OPP-002258,ACCT-P-000651,SMB,REP-038,2026-01-19,2026-02-25,2026-03-15,Closed Lost,0.00,New Logo,1,20000.24,20000.24,1666.69,Lost,Timing / Budget Deferred,Partner / Referral,false
OPP-002259,ACCT-P-000652,SMB,REP-037,2024-10-24,2024-11-16,2024-12-07,Closed Lost,0.00,New Logo,1,7164.21,7164.21,597.02,Lost,Lost to Competitor,Outbound - SDR,false
OPP-002260,ACCT-P-000653,SMB,REP-035,2025-06-14,2025-07-28,2025-07-17,Closed Lost,0.00,New Logo,1,11404.48,11404.48,950.37,Lost,No Decision,Inbound - Organic,false
OPP-002261,ACCT-P-000654,SMB,REP-030,2025-01-24,2025-02-15,2025-02-21,Closed Lost,0.00,New Logo,12,4515.90,4515.90,4515.90,Lost,Lost to Competitor,Trade Show / Event,false
OPP-002262,ACCT-P-000655,SMB,REP-030,2025-02-05,2025-03-20,2025-03-22,Closed Lost,0.00,New Logo,1,8035.70,8035.70,669.64,Lost,Price,Inbound - Organic,false
OPP-002263,ACCT-P-000656,SMB,REP-035,2025-01-15,2025-01-22,2025-01-20,Closed Lost,0.00,New Logo,12,9241.95,9241.95,9241.95,Lost,No Decision,Inbound - Paid,false
OPP-002264,ACCT-P-000657,SMB,REP-037,2025-05-24,2025-06-25,2025-06-27,Closed Lost,0.00,New Logo,1,11097.91,11097.91,924.83,Lost,Product Gap,Inbound - Organic,false
OPP-002265,ACCT-P-000658,SMB,REP-038,2024-08-05,2024-08-12,2024-08-09,Closed Lost,0.00,New Logo,12,8611.99,8611.99,8611.99,Lost,Lost to Competitor,Inbound - Organic,false
OPP-002266,ACCT-P-000659,SMB,REP-035,2025-11-13,2025-12-08,2025-12-06,Closed Lost,0.00,New Logo,1,14214.83,14214.83,1184.57,Lost,Price,Partner / Referral,false
OPP-002267,ACCT-P-000660,SMB,REP-030,2024-01-22,2024-01-29,2024-02-05,Closed Lost,0.00,New Logo,1,6277.89,6277.89,523.16,Lost,Stayed on Incumbent,Outbound - SDR,false
OPP-002268,ACCT-P-000661,SMB,REP-030,2026-03-20,2026-03-31,2026-04-10,Closed Lost,0.00,New Logo,1,10812.01,10812.01,901.00,Lost,Price,Inbound - Organic,false
OPP-002269,ACCT-P-000662,SMB,REP-038,2025-06-19,2025-06-29,2025-07-03,Closed Lost,0.00,New Logo,1,12786.76,12786.76,1065.56,Lost,Stayed on Incumbent,Partner / Referral,false
OPP-002270,ACCT-P-000663,SMB,REP-038,2025-09-12,2025-10-22,2025-10-28,Closed Lost,0.00,New Logo,1,10319.86,10319.86,859.99,Lost,No Decision,Partner / Referral,false
OPP-002271,ACCT-P-000664,SMB,REP-038,2026-03-30,2026-04-11,2026-04-22,Closed Lost,0.00,New Logo,1,15802.67,15802.67,1316.89,Lost,Timing / Budget Deferred,Inbound - Organic,false
OPP-002272,ACCT-P-000665,SMB,REP-038,2025-03-31,2025-04-13,2025-04-12,Closed Lost,0.00,New Logo,12,5900.09,5900.09,5900.09,Lost,Price,Inbound - Paid,false
OPP-002273,ACCT-P-000666,SMB,REP-030,2024-02-29,2024-03-07,2024-03-06,Closed Lost,0.00,New Logo,1,9294.01,9294.01,774.50,Lost,Lost to Competitor,Partner / Referral,false
OPP-002274,ACCT-P-000667,SMB,REP-037,2024-11-25,2024-12-14,2024-12-15,Closed Lost,0.00,New Logo,12,6399.67,6399.67,6399.67,Lost,Price,Inbound - Paid,false
OPP-002275,ACCT-P-000668,SMB,REP-038,2026-03-14,2026-04-15,2026-04-20,Closed Lost,0.00,New Logo,1,14664.16,14664.16,1222.01,Lost,Price,Outbound - SDR,false
OPP-002276,ACCT-P-000669,SMB,REP-030,2025-07-25,2025-08-04,2025-08-21,Closed Lost,0.00,New Logo,1,5834.24,5834.24,486.19,Lost,Timing / Budget Deferred,Partner / Referral,false
OPP-002277,ACCT-P-000670,SMB,REP-030,2024-03-25,2024-05-04,2024-04-23,Closed Lost,0.00,New Logo,1,11508.28,11508.28,959.02,Lost,Lost to Competitor,Partner / Referral,false
OPP-002278,ACCT-P-000671,SMB,REP-038,2026-03-29,2026-07-04,2026-06-27,Closed Lost,0.00,New Logo,1,9745.76,9745.76,812.15,Lost,Timing / Budget Deferred,Trade Show / Event,false
OPP-002279,ACCT-P-000672,SMB,REP-038,2025-09-28,2025-10-19,2025-10-24,Closed Lost,0.00,New Logo,12,7261.65,7261.65,7261.65,Lost,Lost to Competitor,Inbound - Organic,false
OPP-002280,ACCT-P-000673,SMB,REP-030,2024-06-20,2024-07-28,2024-08-08,Closed Lost,0.00,New Logo,1,19932.68,19932.68,1661.06,Lost,Price,Partner / Referral,false
OPP-002281,ACCT-P-000674,SMB,REP-031,2024-04-03,2024-04-19,2024-04-24,Closed Lost,0.00,New Logo,1,8023.40,8023.40,668.62,Lost,Product Gap,Inbound - Paid,false
OPP-002282,ACCT-P-000675,SMB,REP-030,2026-05-20,2026-06-21,2026-06-23,Closed Lost,0.00,New Logo,12,3418.48,3418.48,3418.48,Lost,Lost to Competitor,Outbound - SDR,false
OPP-002283,ACCT-P-000676,SMB,REP-038,2026-03-05,2026-06-19,2026-05-21,Closed Lost,0.00,New Logo,1,9806.05,9806.05,817.17,Lost,No Decision,Trade Show / Event,false
OPP-002284,ACCT-P-000677,SMB,REP-030,2024-12-27,2025-02-16,2025-03-30,Closed Lost,0.00,New Logo,1,9935.69,9935.69,827.97,Lost,No Decision,Inbound - Paid,false
OPP-002285,ACCT-P-000678,SMB,REP-030,2024-05-14,2024-05-22,2024-05-28,Closed Lost,0.00,New Logo,1,8612.19,8612.19,717.68,Lost,Product Gap,Inbound - Organic,false
OPP-002286,ACCT-P-000679,SMB,REP-030,2026-01-24,2026-02-08,2026-02-22,Closed Lost,0.00,New Logo,1,10950.34,10950.34,912.53,Lost,No Decision,Inbound - Paid,false
OPP-002287,ACCT-P-000680,SMB,REP-030,2024-07-15,2024-07-23,2024-07-31,Closed Lost,0.00,New Logo,1,19295.42,19295.42,1607.95,Lost,Timing / Budget Deferred,Partner / Referral,false
OPP-002288,ACCT-P-000681,SMB,REP-038,2025-08-18,2025-08-30,2025-09-02,Closed Lost,0.00,New Logo,1,21467.49,21467.49,1788.96,Lost,Stayed on Incumbent,Partner / Referral,false
OPP-002289,ACCT-P-000682,SMB,REP-038,2025-05-22,2025-06-17,2025-06-28,Closed Lost,0.00,New Logo,1,8827.93,8827.93,735.66,Lost,No Decision,Inbound - Paid,false
OPP-002290,ACCT-P-000683,SMB,REP-043,2024-12-04,2024-12-17,2024-12-15,Closed Lost,0.00,New Logo,1,13081.39,13081.39,1090.12,Lost,Product Gap,Outbound - SDR,false
OPP-002291,ACCT-P-000684,SMB,REP-037,2025-10-24,2025-11-17,2025-11-26,Closed Lost,0.00,New Logo,1,11973.33,11973.33,997.78,Lost,No Decision,Inbound - Paid,false
OPP-002292,ACCT-P-000685,SMB,REP-038,2024-09-13,2024-09-30,2024-10-02,Closed Lost,0.00,New Logo,1,9796.51,9796.51,816.38,Lost,Price,Outbound - SDR,false
OPP-002293,ACCT-P-000686,SMB,REP-037,2025-09-15,2025-10-16,2025-10-31,Closed Lost,0.00,New Logo,1,7537.78,7537.78,628.15,Lost,No Decision,Inbound - Paid,false
OPP-002294,ACCT-P-000687,SMB,REP-048,2025-08-17,2025-11-18,2025-11-20,Closed Lost,0.00,New Logo,1,4609.37,4609.37,384.11,Lost,Lost to Competitor,Inbound - Paid,false
OPP-002295,ACCT-P-000688,SMB,REP-038,2025-09-06,2025-10-03,2025-10-04,Closed Lost,0.00,New Logo,1,4400.64,4400.64,366.72,Lost,Price,Partner / Referral,false
OPP-002296,ACCT-P-000689,SMB,REP-031,2024-02-28,2024-04-01,2024-03-23,Closed Lost,0.00,New Logo,12,4293.76,4293.76,4293.76,Lost,Product Gap,Partner / Referral,false
OPP-002297,ACCT-P-000690,SMB,REP-038,2024-09-12,2024-09-20,2024-09-21,Closed Lost,0.00,New Logo,12,7781.04,7781.04,7781.04,Lost,Timing / Budget Deferred,Outbound - SDR,false
OPP-002298,ACCT-P-000691,SMB,REP-031,2024-04-20,2024-05-10,2024-05-28,Closed Lost,0.00,New Logo,1,7350.40,7350.40,612.53,Lost,Timing / Budget Deferred,Outbound - SDR,false
OPP-002299,ACCT-P-000692,SMB,REP-038,2025-08-26,2025-09-19,2025-09-24,Closed Lost,0.00,New Logo,1,16089.24,16089.24,1340.77,Lost,Lost to Competitor,Inbound - Organic,false
OPP-002300,ACCT-P-000693,SMB,REP-030,2024-10-08,2024-10-23,2024-10-22,Closed Lost,0.00,New Logo,1,12159.16,12159.16,1013.26,Lost,Price,Outbound - SDR,false
OPP-002301,ACCT-P-000694,SMB,REP-038,2025-04-28,2025-06-02,2025-06-16,Closed Lost,0.00,New Logo,1,11916.84,11916.84,993.07,Lost,Timing / Budget Deferred,Inbound - Paid,false
OPP-002302,ACCT-P-000695,SMB,REP-028,2024-02-02,2024-02-18,2024-02-24,Closed Lost,0.00,New Logo,1,14749.31,14749.31,1229.11,Lost,No Decision,Trade Show / Event,false
OPP-002303,ACCT-P-000696,SMB,REP-031,2024-05-03,2024-05-27,2024-06-12,Closed Lost,0.00,New Logo,1,10506.57,10506.57,875.55,Lost,No Decision,Outbound - SDR,false
OPP-002304,ACCT-P-000697,SMB,REP-030,2025-08-14,2025-08-25,2025-08-25,Closed Lost,0.00,New Logo,1,12466.00,12466.00,1038.83,Lost,No Decision,Inbound - Organic,false
OPP-002305,ACCT-P-000698,SMB,REP-048,2026-03-21,2026-04-22,2026-04-24,Closed Lost,0.00,New Logo,1,19109.65,19109.65,1592.47,Lost,No Decision,Outbound - SDR,false
OPP-002306,ACCT-P-000699,SMB,REP-030,2025-09-28,2025-10-08,2025-10-20,Closed Lost,0.00,New Logo,1,12682.22,12682.22,1056.85,Lost,No Decision,Partner / Referral,false
OPP-002307,ACCT-P-000700,SMB,REP-028,2023-12-23,2024-01-31,2024-02-13,Closed Lost,0.00,New Logo,1,6690.63,6690.63,557.55,Lost,No Decision,Partner / Referral,false
OPP-002308,ACCT-P-000701,SMB,REP-038,2025-09-30,2025-10-31,2025-10-31,Closed Lost,0.00,New Logo,1,8139.43,8139.43,678.29,Lost,Stayed on Incumbent,Outbound - SDR,false
OPP-002309,ACCT-P-000702,SMB,REP-038,2026-02-15,2026-03-06,2026-03-10,Closed Lost,0.00,New Logo,12,10631.70,10631.70,10631.70,Lost,Price,Inbound - Organic,false
OPP-002310,ACCT-P-000703,SMB,REP-030,2025-06-10,2025-07-05,2025-07-11,Closed Lost,0.00,New Logo,1,18576.11,18576.11,1548.01,Lost,Product Gap,Outbound - SDR,false
OPP-002311,ACCT-P-000704,SMB,REP-038,2024-06-27,2024-07-07,2024-07-12,Closed Lost,0.00,New Logo,12,6902.69,6902.69,6902.69,Lost,Lost to Competitor,Inbound - Organic,false
OPP-002312,ACCT-P-000705,SMB,REP-037,2025-01-13,2025-02-02,2025-02-04,Closed Lost,0.00,New Logo,1,14226.62,14226.62,1185.55,Lost,No Decision,Inbound - Paid,false
OPP-002313,ACCT-P-000706,SMB,REP-031,2024-07-20,2024-08-02,2024-08-06,Closed Lost,0.00,New Logo,12,14148.43,14148.43,14148.43,Lost,Lost to Competitor,Outbound - SDR,false
OPP-002314,ACCT-P-000707,SMB,REP-037,2024-09-26,2024-10-31,2024-10-31,Closed Lost,0.00,New Logo,1,4615.76,4615.76,384.65,Lost,No Decision,Outbound - SDR,false
OPP-002315,ACCT-P-000708,SMB,REP-030,2025-11-11,2025-12-09,2025-12-11,Closed Lost,0.00,New Logo,1,7484.51,7484.51,623.71,Lost,Timing / Budget Deferred,Outbound - SDR,false
OPP-002316,ACCT-P-000709,SMB,REP-038,2025-12-23,2026-01-13,2026-01-12,Closed Lost,0.00,New Logo,12,8725.77,8725.77,8725.77,Lost,Timing / Budget Deferred,Partner / Referral,false
OPP-002317,ACCT-P-000710,SMB,REP-037,2026-02-11,2026-02-23,2026-03-03,Closed Lost,0.00,New Logo,1,12967.63,12967.63,1080.64,Lost,Stayed on Incumbent,Partner / Referral,false
OPP-002318,ACCT-P-000711,SMB,REP-038,2025-07-30,2025-08-20,2025-09-10,Closed Lost,0.00,New Logo,1,9471.98,9471.98,789.33,Lost,No Decision,Outbound - SDR,false
OPP-002319,ACCT-P-000712,SMB,REP-028,2024-02-12,2024-02-26,2024-02-26,Closed Lost,0.00,New Logo,1,19571.83,19571.83,1630.99,Lost,No Decision,Trade Show / Event,false
OPP-002320,ACCT-P-000713,SMB,REP-038,2024-09-09,2024-09-27,2024-10-25,Closed Lost,0.00,New Logo,1,9502.50,9502.50,791.88,Lost,Price,Inbound - Organic,false
OPP-002321,ACCT-P-000714,SMB,REP-030,2024-11-04,2024-11-11,2024-11-20,Closed Lost,0.00,New Logo,1,6798.34,6798.34,566.53,Lost,No Decision,Inbound - Paid,false
OPP-002322,ACCT-P-000715,SMB,REP-030,2026-01-21,2026-02-06,2026-02-09,Closed Lost,0.00,New Logo,1,8444.96,8444.96,703.75,Lost,No Decision,Inbound - Paid,false
OPP-002323,ACCT-P-000716,SMB,REP-038,2025-05-10,2025-08-01,2025-08-16,Closed Lost,0.00,New Logo,12,14232.95,14232.95,14232.95,Lost,No Decision,Outbound - SDR,false
OPP-002324,ACCT-P-000717,SMB,REP-035,2025-11-28,2025-12-05,2025-12-12,Closed Lost,0.00,New Logo,12,5648.93,5648.93,5648.93,Lost,No Decision,Partner / Referral,false
OPP-002325,ACCT-P-000718,SMB,REP-037,2026-04-21,2026-05-21,2026-05-16,Closed Lost,0.00,New Logo,1,7255.03,7255.03,604.59,Lost,No Decision,Inbound - Paid,false
OPP-002326,ACCT-P-000719,SMB,REP-035,2024-09-17,2024-10-05,2024-10-06,Closed Lost,0.00,New Logo,12,13925.79,13925.79,13925.79,Lost,Stayed on Incumbent,Partner / Referral,false
OPP-002327,ACCT-P-000720,SMB,REP-038,2026-02-20,2026-03-07,2026-03-08,Closed Lost,0.00,New Logo,12,10582.38,10582.38,10582.38,Lost,Stayed on Incumbent,Inbound - Paid,false
OPP-002328,ACCT-P-000721,SMB,REP-038,2026-04-07,2026-04-18,2026-04-26,Closed Lost,0.00,New Logo,1,9480.59,9480.59,790.05,Lost,Product Gap,Outbound - SDR,false
OPP-002329,ACCT-P-000722,SMB,REP-037,2026-03-07,2026-03-22,2026-03-28,Closed Lost,0.00,New Logo,12,7233.20,7233.20,7233.20,Lost,Timing / Budget Deferred,Partner / Referral,false
OPP-002330,ACCT-P-000723,SMB,REP-030,2024-06-27,2024-07-21,2024-07-27,Closed Lost,0.00,New Logo,1,7246.25,7246.25,603.85,Lost,No Decision,Trade Show / Event,false
OPP-002331,ACCT-P-000724,SMB,REP-030,2025-04-24,2025-05-04,2025-05-19,Closed Lost,0.00,New Logo,12,4818.18,4818.18,4818.18,Lost,Timing / Budget Deferred,Partner / Referral,false
OPP-002332,ACCT-P-000725,SMB,REP-005,2024-02-02,2024-03-04,2024-03-04,Closed Lost,0.00,New Logo,1,3635.60,3635.60,302.97,Lost,No Decision,Outbound - SDR,false
OPP-002333,ACCT-P-000726,SMB,REP-030,2024-03-25,2024-04-13,2024-04-29,Closed Lost,0.00,New Logo,1,4712.17,4712.17,392.68,Lost,Stayed on Incumbent,Trade Show / Event,false
OPP-002334,ACCT-P-000727,SMB,REP-037,2025-05-03,2025-06-10,2025-06-12,Closed Lost,0.00,New Logo,1,10211.84,10211.84,850.99,Lost,Timing / Budget Deferred,Trade Show / Event,false
OPP-002335,ACCT-P-000728,SMB,REP-030,2026-03-10,2026-04-07,2026-04-24,Closed Lost,0.00,New Logo,1,12331.58,12331.58,1027.63,Lost,Price,Outbound - SDR,false
OPP-002336,ACCT-P-000729,SMB,REP-038,2026-01-13,2026-01-20,2026-01-23,Closed Lost,0.00,New Logo,12,6118.23,6118.23,6118.23,Lost,Price,Inbound - Paid,false
OPP-002337,ACCT-P-000730,SMB,REP-037,2025-07-06,2025-07-20,2025-07-17,Closed Lost,0.00,New Logo,12,13522.66,13522.66,13522.66,Lost,Lost to Competitor,Inbound - Paid,false
OPP-002338,ACCT-P-000731,SMB,REP-038,2025-08-19,2025-09-05,2025-09-19,Closed Lost,0.00,New Logo,12,4856.98,4856.98,4856.98,Lost,Lost to Competitor,Outbound - SDR,false
OPP-002339,ACCT-P-000732,SMB,REP-038,2024-10-26,2024-12-15,2024-12-13,Closed Lost,0.00,New Logo,12,11614.17,11614.17,11614.17,Lost,No Decision,Inbound - Organic,false
OPP-002340,ACCT-P-000733,SMB,REP-038,2024-08-03,2024-08-10,2024-08-08,Closed Lost,0.00,New Logo,12,12874.64,12874.64,12874.64,Lost,Stayed on Incumbent,Outbound - SDR,false
OPP-002341,ACCT-P-000734,SMB,REP-048,2026-01-23,2026-02-20,2026-02-25,Closed Lost,0.00,New Logo,1,5596.24,5596.24,466.35,Lost,Price,Outbound - SDR,false
OPP-002342,ACCT-P-000735,SMB,REP-038,2025-06-08,2025-07-02,2025-06-28,Closed Lost,0.00,New Logo,1,3190.56,3190.56,265.88,Lost,Lost to Competitor,Partner / Referral,false
OPP-002343,ACCT-P-000736,SMB,REP-030,2025-02-20,2025-03-09,2025-03-13,Closed Lost,0.00,New Logo,1,2953.36,2953.36,246.11,Lost,Lost to Competitor,Inbound - Paid,false
OPP-002344,ACCT-P-000737,SMB,REP-030,2024-02-05,2024-03-11,2024-03-10,Closed Lost,0.00,New Logo,12,8938.95,8938.95,8938.95,Lost,Lost to Competitor,Partner / Referral,false
OPP-002345,ACCT-P-000738,SMB,REP-030,2024-10-22,2024-10-29,2024-10-29,Closed Lost,0.00,New Logo,12,18979.28,18979.28,18979.28,Lost,Product Gap,Outbound - SDR,false
OPP-002346,ACCT-P-000739,SMB,REP-038,2024-06-10,2024-06-29,2024-06-26,Closed Lost,0.00,New Logo,12,9913.69,9913.69,9913.69,Lost,Lost to Competitor,Partner / Referral,false
OPP-002347,ACCT-P-000740,SMB,REP-048,2026-03-19,2026-04-21,2026-05-16,Closed Lost,0.00,New Logo,1,6681.13,6681.13,556.76,Lost,Stayed on Incumbent,Trade Show / Event,false
OPP-002348,ACCT-P-000741,SMB,REP-037,2025-10-27,2025-11-12,2025-11-23,Closed Lost,0.00,New Logo,1,8514.91,8514.91,709.58,Lost,Price,Partner / Referral,false
OPP-002349,ACCT-P-000742,SMB,REP-038,2025-12-10,2025-12-25,2025-12-24,Closed Lost,0.00,New Logo,12,10752.06,10752.06,10752.06,Lost,No Decision,Partner / Referral,false
OPP-002350,ACCT-P-000743,SMB,REP-038,2025-10-30,2025-11-06,2025-11-17,Closed Lost,0.00,New Logo,12,5468.64,5468.64,5468.64,Lost,No Decision,Partner / Referral,false
OPP-002351,ACCT-P-000744,SMB,REP-030,2025-03-09,2025-03-18,2025-03-29,Closed Lost,0.00,New Logo,1,8984.22,8984.22,748.68,Lost,No Decision,Partner / Referral,false
OPP-002352,ACCT-P-000745,SMB,REP-038,2026-05-23,2026-06-06,2026-06-02,Closed Lost,0.00,New Logo,1,4396.60,4396.60,366.38,Lost,No Decision,Inbound - Paid,false
OPP-002353,ACCT-P-000746,SMB,REP-030,2024-12-18,2025-01-11,2025-01-08,Closed Lost,0.00,New Logo,12,7724.89,7724.89,7724.89,Lost,Price,Trade Show / Event,false
OPP-002354,ACCT-P-000747,SMB,REP-038,2024-12-29,2025-01-13,2025-01-13,Closed Lost,0.00,New Logo,1,7340.73,7340.73,611.73,Lost,Lost to Competitor,Outbound - SDR,false
OPP-002355,ACCT-P-000748,SMB,REP-043,2024-09-15,2024-10-25,2024-10-31,Closed Lost,0.00,New Logo,1,6660.98,6660.98,555.08,Lost,No Decision,Partner / Referral,false
OPP-002356,ACCT-P-000749,SMB,REP-005,2024-02-04,2024-02-28,2024-03-06,Closed Lost,0.00,New Logo,12,12161.68,12161.68,12161.68,Lost,Price,Inbound - Organic,false
OPP-002357,ACCT-P-000750,SMB,REP-030,2024-01-13,2024-02-01,2024-02-06,Closed Lost,0.00,New Logo,1,16516.55,16516.55,1376.38,Lost,Product Gap,Inbound - Organic,false
OPP-002358,ACCT-P-000751,SMB,REP-037,2024-10-05,2024-10-12,2024-10-16,Closed Lost,0.00,New Logo,1,7510.52,7510.52,625.88,Lost,Timing / Budget Deferred,Partner / Referral,false
OPP-002359,ACCT-P-000752,SMB,REP-030,2025-08-19,2025-09-22,2025-09-24,Closed Lost,0.00,New Logo,1,6661.70,6661.70,555.14,Lost,Stayed on Incumbent,Partner / Referral,false
OPP-002360,ACCT-P-000753,SMB,REP-005,2024-02-04,2024-02-23,2024-03-13,Closed Lost,0.00,New Logo,1,8380.79,8380.79,698.40,Lost,No Decision,Inbound - Paid,false
OPP-002361,ACCT-P-000754,SMB,REP-037,2025-08-14,2025-09-14,2025-09-23,Closed Lost,0.00,New Logo,24,12575.94,12575.94,25151.89,Lost,Price,Partner / Referral,false
OPP-002362,ACCT-P-000755,SMB,REP-043,2024-12-09,2025-01-02,2025-01-05,Closed Lost,0.00,New Logo,1,6054.74,6054.74,504.56,Lost,Timing / Budget Deferred,Inbound - Paid,false
OPP-002363,ACCT-P-000756,SMB,REP-030,2024-06-08,2024-07-02,2024-07-04,Closed Lost,0.00,New Logo,12,15043.04,15043.04,15043.04,Lost,Price,Outbound - SDR,false
OPP-002364,ACCT-P-000757,SMB,REP-037,2024-10-18,2024-11-06,2024-11-13,Closed Lost,0.00,New Logo,12,4350.10,4350.10,4350.10,Lost,Product Gap,Trade Show / Event,false
OPP-002365,ACCT-P-000758,SMB,REP-038,2026-03-24,2026-05-16,2026-06-16,Closed Lost,0.00,New Logo,1,10311.62,10311.62,859.30,Lost,Price,Inbound - Organic,false
OPP-002366,ACCT-P-000759,SMB,REP-038,2024-12-18,2025-01-12,2025-01-08,Closed Lost,0.00,New Logo,1,10684.98,10684.98,890.42,Lost,No Decision,Inbound - Paid,false
OPP-002367,ACCT-P-000760,SMB,REP-038,2025-05-16,2025-06-02,2025-06-08,Closed Lost,0.00,New Logo,12,3718.78,3718.78,3718.78,Lost,Product Gap,Inbound - Paid,false
OPP-002368,ACCT-P-000761,SMB,REP-048,2026-03-28,2026-04-06,2026-04-09,Closed Lost,0.00,New Logo,1,5193.69,5193.69,432.81,Lost,No Decision,Outbound - SDR,false
OPP-002369,ACCT-P-000762,SMB,REP-038,2026-03-24,2026-04-03,2026-04-05,Closed Lost,0.00,New Logo,1,17373.19,17373.19,1447.77,Lost,Product Gap,Partner / Referral,false
OPP-002370,ACCT-P-000763,SMB,REP-031,2024-01-20,2024-02-18,2024-02-10,Closed Lost,0.00,New Logo,1,4709.33,4709.33,392.44,Lost,Lost to Competitor,Partner / Referral,false
OPP-002371,ACCT-P-000764,SMB,REP-030,2026-01-18,2026-02-11,2026-02-06,Closed Lost,0.00,New Logo,12,11072.47,11072.47,11072.47,Lost,No Decision,Inbound - Organic,false
OPP-002372,ACCT-P-000765,SMB,REP-037,2024-10-10,2024-12-20,2025-01-30,Closed Lost,0.00,New Logo,1,6794.02,6794.02,566.17,Lost,Stayed on Incumbent,Outbound - SDR,false
OPP-002373,ACCT-P-000766,SMB,REP-038,2024-07-14,2024-08-11,2024-08-22,Closed Lost,0.00,New Logo,1,6787.95,6787.95,565.66,Lost,No Decision,Inbound - Paid,false
OPP-002374,ACCT-P-000767,SMB,REP-038,2024-08-19,2024-08-28,2024-08-27,Closed Lost,0.00,New Logo,12,14730.60,14730.60,14730.60,Lost,Product Gap,Inbound - Organic,false
OPP-002375,ACCT-P-000768,SMB,REP-038,2026-02-19,2026-04-03,2026-03-31,Closed Lost,0.00,New Logo,1,3936.47,3936.47,328.04,Lost,Product Gap,Inbound - Paid,false
OPP-002376,ACCT-P-000769,SMB,REP-038,2026-02-07,2026-03-20,2026-03-14,Closed Lost,0.00,New Logo,1,13849.80,13849.80,1154.15,Lost,Timing / Budget Deferred,Outbound - SDR,false
OPP-002377,ACCT-P-000770,SMB,REP-043,2025-02-08,2025-03-06,2025-03-16,Closed Lost,0.00,New Logo,12,13541.68,13541.68,13541.68,Lost,Product Gap,Outbound - SDR,false
OPP-002378,ACCT-P-000771,SMB,REP-038,2024-07-17,2024-08-16,2024-08-26,Closed Lost,0.00,New Logo,1,11490.88,11490.88,957.57,Lost,Lost to Competitor,Inbound - Organic,false
OPP-002379,ACCT-P-000772,SMB,REP-038,2025-04-30,2025-05-10,2025-05-13,Closed Lost,0.00,New Logo,1,11062.81,11062.81,921.90,Lost,Lost to Competitor,Outbound - SDR,false
OPP-002380,ACCT-P-000773,SMB,REP-037,2024-05-29,2024-06-11,2024-06-15,Closed Lost,0.00,New Logo,1,7720.15,7720.15,643.35,Lost,No Decision,Inbound - Paid,false
OPP-002381,ACCT-P-000774,SMB,REP-038,2025-01-22,2025-02-15,2025-03-01,Closed Lost,0.00,New Logo,1,8076.03,8076.03,673.00,Lost,No Decision,Inbound - Organic,false
OPP-002382,ACCT-P-000775,SMB,REP-037,2026-01-05,2026-02-03,2026-02-10,Closed Lost,0.00,New Logo,1,17345.25,17345.25,1445.44,Lost,Product Gap,Outbound - SDR,false
OPP-002383,ACCT-P-000776,SMB,REP-030,2024-04-11,2024-04-26,2024-04-24,Closed Lost,0.00,New Logo,12,8725.56,8725.56,8725.56,Lost,Lost to Competitor,Outbound - SDR,false
OPP-002384,ACCT-P-000777,SMB,REP-030,2024-03-17,2024-04-05,2024-04-08,Closed Lost,0.00,New Logo,1,7926.24,7926.24,660.52,Lost,Product Gap,Inbound - Paid,false
OPP-002385,ACCT-P-000778,SMB,REP-038,2024-10-08,2024-10-17,2024-11-01,Closed Lost,0.00,New Logo,1,10750.07,10750.07,895.84,Lost,Product Gap,Inbound - Paid,false
OPP-002386,ACCT-P-000779,SMB,REP-030,2025-04-04,2025-04-12,2025-04-13,Closed Lost,0.00,New Logo,1,14137.68,14137.68,1178.14,Lost,Timing / Budget Deferred,Inbound - Organic,false
OPP-002387,ACCT-P-000780,SMB,REP-038,2025-03-20,2025-04-11,2025-04-07,Closed Lost,0.00,New Logo,1,11070.65,11070.65,922.55,Lost,Price,Outbound - SDR,false
OPP-002388,ACCT-P-000781,SMB,REP-038,2025-11-25,2025-12-10,2026-01-03,Closed Lost,0.00,New Logo,1,5385.84,5385.84,448.82,Lost,Price,Outbound - SDR,false
OPP-002389,ACCT-P-000782,SMB,REP-030,2026-03-30,2026-04-25,2026-05-02,Closed Lost,0.00,New Logo,12,25804.31,25804.31,25804.31,Lost,Lost to Competitor,Inbound - Organic,false
OPP-002390,ACCT-P-000783,SMB,REP-038,2026-03-22,2026-03-31,2026-04-03,Closed Lost,0.00,New Logo,1,4703.02,4703.02,391.92,Lost,Lost to Competitor,Outbound - SDR,false
OPP-002391,ACCT-P-000784,SMB,REP-034,2023-12-21,2024-02-13,2024-02-17,Closed Lost,0.00,New Logo,1,6623.65,6623.65,551.97,Lost,No Decision,Trade Show / Event,false
OPP-002392,ACCT-P-000785,SMB,REP-038,2025-12-21,2025-12-29,2026-01-04,Closed Lost,0.00,New Logo,1,6558.79,6558.79,546.57,Lost,Price,Partner / Referral,false
OPP-002393,ACCT-P-000786,SMB,REP-030,2024-10-27,2024-11-08,2024-11-08,Closed Lost,0.00,New Logo,12,8994.11,8994.11,8994.11,Lost,No Decision,Inbound - Paid,false
OPP-002394,ACCT-P-000787,SMB,REP-037,2025-04-24,2025-05-02,2025-05-05,Closed Lost,0.00,New Logo,12,7097.82,7097.82,7097.82,Lost,No Decision,Partner / Referral,false
OPP-002395,ACCT-P-000788,SMB,REP-038,2026-04-14,2026-04-30,2026-05-05,Closed Lost,0.00,New Logo,1,11747.65,11747.65,978.97,Lost,Stayed on Incumbent,Inbound - Organic,false
OPP-002396,ACCT-P-000789,SMB,REP-038,2025-05-11,2025-06-12,2025-07-17,Closed Lost,0.00,New Logo,1,5611.43,5611.43,467.62,Lost,Product Gap,Inbound - Paid,false
OPP-002397,ACCT-P-000790,SMB,REP-030,2026-04-17,2026-04-30,2026-05-04,Closed Lost,0.00,New Logo,1,18183.82,18183.82,1515.32,Lost,Stayed on Incumbent,Outbound - SDR,false
OPP-002398,ACCT-P-000791,SMB,REP-048,2025-05-17,2025-06-10,2025-06-16,Closed Lost,0.00,New Logo,1,17700.45,17700.45,1475.04,Lost,Product Gap,Outbound - SDR,false
OPP-002399,ACCT-P-000792,SMB,REP-038,2025-11-23,2026-01-15,2026-02-19,Closed Lost,0.00,New Logo,12,10870.10,10870.10,10870.10,Lost,Price,Partner / Referral,false
OPP-002400,ACCT-P-000793,SMB,REP-030,2026-02-10,2026-02-17,2026-02-17,Closed Lost,0.00,New Logo,1,6985.19,6985.19,582.10,Lost,No Decision,Outbound - SDR,false
OPP-002401,ACCT-P-000794,SMB,REP-038,2025-09-09,2025-09-16,2025-09-15,Closed Lost,0.00,New Logo,1,18129.07,18129.07,1510.76,Lost,Product Gap,Outbound - SDR,false
OPP-002402,ACCT-P-000795,SMB,REP-035,2025-12-08,2026-01-19,2026-01-22,Closed Lost,0.00,New Logo,1,11265.27,11265.27,938.77,Lost,Stayed on Incumbent,Inbound - Organic,false
OPP-002403,ACCT-P-000796,SMB,REP-035,2025-02-06,2025-02-16,2025-02-20,Closed Lost,0.00,New Logo,12,13978.68,13978.68,13978.68,Lost,Price,Trade Show / Event,false
OPP-002404,ACCT-P-000797,SMB,REP-038,2025-06-19,2025-08-16,2025-08-06,Closed Lost,0.00,New Logo,1,9136.58,9136.58,761.38,Lost,Timing / Budget Deferred,Trade Show / Event,false
OPP-002405,ACCT-P-000798,SMB,REP-030,2024-04-08,2024-05-04,2024-05-11,Closed Lost,0.00,New Logo,1,4260.48,4260.48,355.04,Lost,Price,Trade Show / Event,false
OPP-002406,ACCT-P-000799,SMB,REP-030,2025-07-29,2025-08-15,2025-08-22,Closed Lost,0.00,New Logo,1,11879.68,11879.68,989.97,Lost,Lost to Competitor,Inbound - Organic,false
OPP-002407,ACCT-P-000800,SMB,REP-038,2024-07-24,2024-07-31,2024-08-01,Closed Lost,0.00,New Logo,1,19802.83,19802.83,1650.24,Lost,Stayed on Incumbent,Inbound - Paid,false
OPP-002408,ACCT-P-000801,SMB,REP-038,2024-08-18,2024-08-28,2024-09-01,Closed Lost,0.00,New Logo,1,8503.72,8503.72,708.64,Lost,Lost to Competitor,Inbound - Organic,false
OPP-002409,ACCT-P-000802,SMB,REP-038,2024-12-05,2025-01-24,2025-02-12,Closed Lost,0.00,New Logo,1,2853.84,2853.84,237.82,Lost,Lost to Competitor,Outbound - SDR,false
OPP-002410,ACCT-P-000803,SMB,REP-030,2025-01-25,2025-02-17,2025-02-21,Closed Lost,0.00,New Logo,1,13277.44,13277.44,1106.45,Lost,No Decision,Outbound - SDR,false
OPP-002411,ACCT-P-000804,SMB,REP-038,2025-07-22,2025-08-24,2025-08-24,Closed Lost,0.00,New Logo,1,4352.96,4352.96,362.75,Lost,Stayed on Incumbent,Outbound - SDR,false
OPP-002412,ACCT-P-000805,SMB,REP-030,2024-01-31,2024-02-07,2024-02-14,Closed Lost,0.00,New Logo,1,8517.28,8517.28,709.77,Lost,Price,Inbound - Organic,false
OPP-002413,ACCT-P-000806,SMB,REP-031,2024-08-17,2024-08-24,2024-08-26,Closed Lost,0.00,New Logo,1,5508.30,5508.30,459.02,Lost,No Decision,Outbound - SDR,false
OPP-002414,ACCT-P-000807,SMB,REP-031,2024-05-20,2024-06-06,2024-06-07,Closed Lost,0.00,New Logo,1,5387.90,5387.90,448.99,Lost,Stayed on Incumbent,Partner / Referral,false
OPP-002415,ACCT-P-000808,SMB,REP-030,2024-07-17,2024-09-22,2024-10-17,Closed Lost,0.00,New Logo,1,10934.68,10934.68,911.22,Lost,Timing / Budget Deferred,Inbound - Organic,false
OPP-002416,ACCT-P-000809,SMB,REP-037,2025-02-01,2025-03-20,2025-04-04,Closed Lost,0.00,New Logo,12,9870.45,9870.45,9870.45,Lost,Lost to Competitor,Trade Show / Event,false
OPP-002417,ACCT-P-000810,SMB,REP-005,2024-03-04,2024-03-18,2024-03-21,Closed Lost,0.00,New Logo,1,11063.45,11063.45,921.95,Lost,No Decision,Inbound - Organic,false
OPP-002418,ACCT-P-000811,SMB,REP-038,2024-11-08,2024-12-06,2024-11-29,Closed Lost,0.00,New Logo,1,5763.06,5763.06,480.25,Lost,Lost to Competitor,Outbound - SDR,false
OPP-002419,ACCT-P-000812,SMB,REP-030,2024-09-10,2024-09-17,2024-09-25,Closed Lost,0.00,New Logo,1,27690.14,27690.14,2307.51,Lost,Lost to Competitor,Outbound - SDR,false
OPP-002420,ACCT-P-000813,SMB,REP-030,2025-02-22,2025-03-16,2025-03-18,Closed Lost,0.00,New Logo,1,8663.57,8663.57,721.96,Lost,Timing / Budget Deferred,Trade Show / Event,false
OPP-002421,ACCT-P-000814,SMB,REP-028,2023-10-25,2024-03-08,2024-02-17,Closed Lost,0.00,New Logo,1,7897.28,7897.28,658.11,Lost,Price,Inbound - Organic,false
OPP-002422,ACCT-P-000815,SMB,REP-037,2024-08-09,2024-09-02,2024-09-01,Closed Lost,0.00,New Logo,1,20920.04,20920.04,1743.34,Lost,Price,Outbound - SDR,false
OPP-002423,ACCT-P-000816,SMB,REP-038,2026-01-16,2026-02-07,2026-03-02,Closed Lost,0.00,New Logo,12,11867.72,11867.72,11867.72,Lost,Product Gap,Outbound - SDR,false
OPP-002424,ACCT-P-000817,SMB,REP-034,2024-01-19,2024-03-23,2024-03-27,Closed Lost,0.00,New Logo,1,29497.13,29497.13,2458.09,Lost,Lost to Competitor,Trade Show / Event,false
OPP-002425,ACCT-P-000818,SMB,REP-030,2025-05-01,2025-05-16,2025-05-21,Closed Lost,0.00,New Logo,1,11369.15,11369.15,947.43,Lost,Price,Trade Show / Event,false
OPP-002426,ACCT-P-000819,SMB,REP-028,2024-01-29,2024-02-29,2024-02-24,Closed Lost,0.00,New Logo,1,5236.86,5236.86,436.41,Lost,Timing / Budget Deferred,Inbound - Organic,false
OPP-002427,ACCT-P-000820,SMB,REP-037,2024-12-20,2024-12-28,2025-01-04,Closed Lost,0.00,New Logo,1,5532.10,5532.10,461.01,Lost,Price,Inbound - Organic,false
OPP-002428,ACCT-P-000821,SMB,REP-034,2024-02-28,2024-03-31,2024-03-30,Closed Lost,0.00,New Logo,12,14508.02,14508.02,14508.02,Lost,No Decision,Inbound - Paid,false
OPP-002429,ACCT-P-000822,SMB,REP-038,2024-11-19,2024-12-26,2024-12-27,Closed Lost,0.00,New Logo,1,4773.44,4773.44,397.79,Lost,Price,Inbound - Organic,false
OPP-002430,ACCT-P-000823,SMB,REP-031,2024-03-28,2024-05-02,2024-05-08,Closed Lost,0.00,New Logo,1,13683.89,13683.89,1140.32,Lost,Price,Inbound - Paid,false
OPP-002431,ACCT-P-000824,SMB,REP-030,2024-11-04,2024-11-12,2024-11-14,Closed Lost,0.00,New Logo,1,4746.70,4746.70,395.56,Lost,Timing / Budget Deferred,Trade Show / Event,false
OPP-002432,ACCT-P-000825,SMB,REP-038,2025-10-20,2025-10-27,2025-10-27,Closed Lost,0.00,New Logo,1,7379.11,7379.11,614.93,Lost,No Decision,Inbound - Organic,false
OPP-002433,ACCT-P-000826,SMB,REP-038,2024-12-11,2024-12-26,2025-01-03,Closed Lost,0.00,New Logo,12,5805.31,5805.31,5805.31,Lost,Stayed on Incumbent,Trade Show / Event,false
OPP-002434,ACCT-P-000827,SMB,REP-037,2025-09-04,2025-09-15,2025-09-16,Closed Lost,0.00,New Logo,12,7125.77,7125.77,7125.77,Lost,Price,Inbound - Organic,false
OPP-002435,ACCT-P-000828,SMB,REP-038,2025-07-07,2025-07-25,2025-08-12,Closed Lost,0.00,New Logo,1,5890.26,5890.26,490.85,Lost,Timing / Budget Deferred,Outbound - SDR,false
OPP-002436,ACCT-P-000829,SMB,REP-048,2026-03-18,2026-04-06,2026-04-15,Closed Lost,0.00,New Logo,1,10825.54,10825.54,902.13,Lost,Product Gap,Outbound - SDR,false
OPP-002437,ACCT-P-000830,SMB,REP-038,2024-12-16,2024-12-23,2024-12-27,Closed Lost,0.00,New Logo,1,8447.64,8447.64,703.97,Lost,Price,Inbound - Organic,false
OPP-002438,ACCT-P-000831,SMB,REP-038,2025-06-21,2025-08-01,2025-08-01,Closed Lost,0.00,New Logo,1,9560.41,9560.41,796.70,Lost,Price,Inbound - Paid,false
OPP-002439,ACCT-P-000832,SMB,REP-038,2026-02-04,2026-02-11,2026-02-08,Closed Lost,0.00,New Logo,12,8834.14,8834.14,8834.14,Lost,No Decision,Partner / Referral,false
OPP-002440,ACCT-P-000833,SMB,REP-030,2026-01-04,2026-01-29,2026-02-12,Closed Lost,0.00,New Logo,1,7983.46,7983.46,665.29,Lost,Product Gap,Partner / Referral,false
OPP-002441,ACCT-P-000834,SMB,REP-035,2024-05-07,2024-05-23,2024-05-24,Closed Lost,0.00,New Logo,1,8378.32,8378.32,698.19,Lost,Product Gap,Inbound - Paid,false
OPP-002442,ACCT-P-000835,SMB,REP-037,2025-08-24,2025-09-21,2025-09-20,Closed Lost,0.00,New Logo,1,8693.39,8693.39,724.45,Lost,Price,Inbound - Paid,false
OPP-002443,ACCT-P-000836,SMB,REP-030,2025-03-28,2025-05-17,2025-05-23,Closed Lost,0.00,New Logo,1,39578.47,39578.47,3298.21,Lost,Timing / Budget Deferred,Partner / Referral,false
OPP-002444,ACCT-P-000837,SMB,REP-030,2025-12-29,2026-01-14,2026-01-18,Closed Lost,0.00,New Logo,1,10955.15,10955.15,912.93,Lost,Price,Inbound - Organic,false
OPP-002445,ACCT-P-000838,SMB,REP-030,2026-04-15,2026-04-28,2026-04-29,Closed Lost,0.00,New Logo,12,9867.88,9867.88,9867.88,Lost,Lost to Competitor,Outbound - SDR,false
OPP-002446,ACCT-P-000839,SMB,REP-043,2025-02-02,2025-02-11,2025-02-10,Closed Lost,0.00,New Logo,1,8160.89,8160.89,680.07,Lost,No Decision,Inbound - Paid,false
OPP-002447,ACCT-P-000840,SMB,REP-031,2024-03-03,2024-04-16,2024-04-26,Closed Lost,0.00,New Logo,12,5187.24,5187.24,5187.24,Lost,Price,Trade Show / Event,false
OPP-002448,ACCT-P-000841,SMB,REP-037,2025-10-04,2025-10-13,2025-10-14,Closed Lost,0.00,New Logo,1,15570.09,15570.09,1297.51,Lost,Product Gap,Partner / Referral,false
OPP-002449,ACCT-P-000842,SMB,REP-043,2025-03-21,2025-04-20,2025-04-29,Closed Lost,0.00,New Logo,12,5328.60,5328.60,5328.60,Lost,Lost to Competitor,Partner / Referral,false
OPP-002450,ACCT-P-000843,SMB,REP-037,2024-08-15,2024-08-22,2024-08-22,Closed Lost,0.00,New Logo,1,18156.17,18156.17,1513.01,Lost,Product Gap,Trade Show / Event,false
OPP-002451,ACCT-P-000844,SMB,REP-048,2025-11-08,2025-11-15,2025-11-16,Closed Lost,0.00,New Logo,1,8082.40,8082.40,673.53,Lost,Timing / Budget Deferred,Inbound - Organic,false
OPP-002452,ACCT-P-000845,SMB,REP-030,2025-05-05,2025-05-17,2025-05-29,Closed Lost,0.00,New Logo,1,6026.15,6026.15,502.18,Lost,Product Gap,Outbound - SDR,false
OPP-002453,ACCT-P-000846,SMB,REP-030,2024-03-12,2024-03-28,2024-04-15,Closed Lost,0.00,New Logo,1,9059.11,9059.11,754.93,Lost,Product Gap,Partner / Referral,false
OPP-002454,ACCT-P-000847,SMB,REP-038,2025-05-08,2025-05-15,2025-05-16,Closed Lost,0.00,New Logo,12,7825.09,7825.09,7825.09,Lost,Product Gap,Outbound - SDR,false
OPP-002455,ACCT-P-000848,SMB,REP-030,2024-04-09,2024-05-13,2024-05-05,Closed Lost,0.00,New Logo,12,15376.83,15376.83,15376.83,Lost,Lost to Competitor,Partner / Referral,false
OPP-002456,ACCT-P-000849,SMB,REP-038,2025-01-01,2025-01-08,2025-01-08,Closed Lost,0.00,New Logo,1,10256.02,10256.02,854.67,Lost,Product Gap,Inbound - Paid,false
OPP-002457,ACCT-P-000850,SMB,REP-030,2026-03-11,2026-05-07,2026-05-08,Closed Lost,0.00,New Logo,1,5956.69,5956.69,496.39,Lost,Lost to Competitor,Inbound - Paid,false
OPP-002458,ACCT-P-000851,SMB,REP-037,2025-01-19,2025-01-31,2025-02-12,Closed Lost,0.00,New Logo,12,6073.43,6073.43,6073.43,Lost,Lost to Competitor,Outbound - SDR,false
OPP-002459,ACCT-P-000852,SMB,REP-048,2025-09-30,2025-11-02,2025-10-27,Closed Lost,0.00,New Logo,1,10386.70,10386.70,865.56,Lost,Lost to Competitor,Partner / Referral,false
OPP-002460,ACCT-P-000853,SMB,REP-038,2026-03-24,2026-04-26,2026-04-23,Closed Lost,0.00,New Logo,1,13348.61,13348.61,1112.38,Lost,No Decision,Inbound - Paid,false
OPP-002461,ACCT-P-000854,SMB,REP-030,2025-11-24,2026-01-19,2026-02-03,Closed Lost,0.00,New Logo,1,4925.33,4925.33,410.44,Lost,Lost to Competitor,Trade Show / Event,false
OPP-002462,ACCT-P-000855,SMB,REP-030,2025-11-13,2026-01-02,2026-01-14,Closed Lost,0.00,New Logo,12,10206.51,10206.51,10206.51,Lost,Timing / Budget Deferred,Inbound - Paid,false
OPP-002463,ACCT-P-000856,SMB,REP-038,2024-11-02,2025-01-11,2025-01-15,Closed Lost,0.00,New Logo,1,7187.23,7187.23,598.94,Lost,No Decision,Inbound - Organic,false
OPP-002464,ACCT-P-000857,SMB,REP-030,2024-08-09,2024-08-21,2024-09-02,Closed Lost,0.00,New Logo,1,8845.59,8845.59,737.13,Lost,Product Gap,Trade Show / Event,false
OPP-002465,ACCT-P-000858,SMB,REP-028,2024-01-14,2024-01-24,2024-02-05,Closed Lost,0.00,New Logo,12,10546.76,10546.76,10546.76,Lost,Price,Outbound - SDR,false
OPP-002466,ACCT-P-000859,SMB,REP-030,2026-01-04,2026-01-15,2026-01-21,Closed Lost,0.00,New Logo,12,15714.20,15714.20,15714.20,Lost,Product Gap,Inbound - Paid,false
OPP-002467,ACCT-P-000860,SMB,REP-038,2025-12-14,2025-12-25,2026-01-01,Closed Lost,0.00,New Logo,12,6007.47,6007.47,6007.47,Lost,Product Gap,Outbound - SDR,false
OPP-002468,ACCT-P-000861,SMB,REP-030,2026-05-24,2026-06-02,2026-06-09,Closed Lost,0.00,New Logo,1,9658.94,9658.94,804.91,Lost,Lost to Competitor,Outbound - SDR,false
OPP-002469,ACCT-P-000862,SMB,REP-037,2026-04-16,2026-06-10,2026-06-11,Closed Lost,0.00,New Logo,1,8227.41,8227.41,685.62,Lost,Product Gap,Inbound - Organic,false
OPP-002470,ACCT-P-000863,SMB,REP-038,2025-11-05,2025-11-12,2025-11-15,Closed Lost,0.00,New Logo,1,15250.41,15250.41,1270.87,Lost,Stayed on Incumbent,Outbound - SDR,false
OPP-002471,ACCT-P-000864,SMB,REP-030,2025-07-07,2025-07-20,2025-07-28,Closed Lost,0.00,New Logo,12,14922.72,14922.72,14922.72,Lost,Stayed on Incumbent,Inbound - Organic,false
OPP-002472,ACCT-P-000865,SMB,REP-048,2026-06-12,2026-06-20,2026-06-25,Closed Lost,0.00,New Logo,1,11332.43,11332.43,944.37,Lost,Stayed on Incumbent,Outbound - SDR,false
OPP-002473,ACCT-P-000866,SMB,REP-035,2024-09-16,2024-09-23,2024-09-21,Closed Lost,0.00,New Logo,1,5111.15,5111.15,425.93,Lost,Lost to Competitor,Partner / Referral,false
OPP-002474,ACCT-P-000867,SMB,REP-038,2024-10-13,2024-10-27,2024-10-27,Closed Lost,0.00,New Logo,1,21393.00,21393.00,1782.75,Lost,Timing / Budget Deferred,Inbound - Organic,false
OPP-002475,ACCT-P-000868,SMB,REP-038,2025-05-15,2025-05-28,2025-06-18,Closed Lost,0.00,New Logo,12,8420.23,8420.23,8420.23,Lost,Lost to Competitor,Partner / Referral,false
OPP-002476,ACCT-P-000869,SMB,REP-030,2025-05-28,2025-06-20,2025-07-17,Closed Lost,0.00,New Logo,1,9495.80,9495.80,791.32,Lost,Price,Inbound - Organic,false
OPP-002477,ACCT-P-000870,SMB,REP-038,2024-11-17,2024-12-10,2024-12-13,Closed Lost,0.00,New Logo,1,9676.75,9676.75,806.40,Lost,Timing / Budget Deferred,Partner / Referral,false
OPP-002478,ACCT-P-000871,SMB,REP-037,2026-01-04,2026-01-18,2026-01-25,Closed Lost,0.00,New Logo,1,8176.49,8176.49,681.37,Lost,Stayed on Incumbent,Inbound - Paid,false
OPP-002479,ACCT-P-000872,SMB,REP-035,2024-03-06,2024-05-15,2024-05-16,Closed Lost,0.00,New Logo,12,10632.34,10632.34,10632.34,Lost,Lost to Competitor,Trade Show / Event,false
OPP-002480,ACCT-P-000873,SMB,REP-031,2024-01-21,2024-02-05,2024-02-04,Closed Lost,0.00,New Logo,12,9062.58,9062.58,9062.58,Lost,Lost to Competitor,Outbound - SDR,false
OPP-002481,ACCT-P-000874,SMB,REP-038,2025-09-30,2025-10-07,2025-10-13,Closed Lost,0.00,New Logo,1,18240.41,18240.41,1520.03,Lost,No Decision,Inbound - Organic,false
OPP-002482,ACCT-P-000875,SMB,REP-038,2024-10-09,2024-11-27,2024-11-19,Closed Lost,0.00,New Logo,1,7925.80,7925.80,660.48,Lost,No Decision,Inbound - Organic,false
OPP-002483,ACCT-P-000876,SMB,REP-031,2024-06-10,2024-07-11,2024-07-11,Closed Lost,0.00,New Logo,1,10292.41,10292.41,857.70,Lost,No Decision,Outbound - SDR,false
OPP-002484,ACCT-P-000877,SMB,REP-030,2026-03-10,2026-03-18,2026-03-18,Closed Lost,0.00,New Logo,1,15111.80,15111.80,1259.32,Lost,Lost to Competitor,Inbound - Organic,false
OPP-002485,ACCT-P-000878,SMB,REP-035,2024-04-11,2024-05-19,2024-05-18,Closed Lost,0.00,New Logo,1,12134.87,12134.87,1011.24,Lost,Timing / Budget Deferred,Partner / Referral,false
OPP-002486,ACCT-P-000879,SMB,REP-043,2024-11-03,2024-11-21,2024-11-26,Closed Lost,0.00,New Logo,1,11357.48,11357.48,946.46,Lost,Timing / Budget Deferred,Outbound - SDR,false
OPP-002487,ACCT-P-000880,SMB,REP-030,2024-03-14,2024-04-24,2024-04-20,Closed Lost,0.00,New Logo,12,12807.94,12807.94,12807.94,Lost,Lost to Competitor,Inbound - Organic,false
OPP-002488,ACCT-P-000881,SMB,REP-037,2025-10-20,2025-11-11,2025-11-08,Closed Lost,0.00,New Logo,12,20333.25,20333.25,20333.25,Lost,Lost to Competitor,Inbound - Organic,false
OPP-002489,ACCT-P-000882,SMB,REP-030,2024-08-02,2024-08-19,2024-08-25,Closed Lost,0.00,New Logo,1,5703.48,5703.48,475.29,Lost,Price,Partner / Referral,false
OPP-002490,ACCT-P-000883,SMB,REP-030,2024-03-05,2024-03-19,2024-03-17,Closed Lost,0.00,New Logo,1,5215.90,5215.90,434.66,Lost,Price,Inbound - Paid,false
OPP-002491,ACCT-P-000884,SMB,REP-038,2024-11-22,2024-11-29,2024-12-01,Closed Lost,0.00,New Logo,1,6894.59,6894.59,574.55,Lost,Price,Partner / Referral,false
OPP-002492,ACCT-P-000885,SMB,REP-030,2025-03-25,2025-05-16,2025-05-22,Closed Lost,0.00,New Logo,1,15746.01,15746.01,1312.17,Lost,Lost to Competitor,Partner / Referral,false
OPP-002493,ACCT-P-000886,SMB,REP-038,2024-06-23,2024-07-23,2024-07-22,Closed Lost,0.00,New Logo,1,10849.83,10849.83,904.15,Lost,Lost to Competitor,Inbound - Paid,false
OPP-002494,ACCT-P-000887,SMB,REP-048,2025-04-17,2025-04-25,2025-04-28,Closed Lost,0.00,New Logo,1,11188.73,11188.73,932.39,Lost,No Decision,Inbound - Paid,false
OPP-002495,ACCT-P-000888,SMB,REP-030,2025-06-02,2025-06-16,2025-06-22,Closed Lost,0.00,New Logo,12,9225.87,9225.87,9225.87,Lost,Price,Inbound - Paid,false
OPP-002496,ACCT-P-000889,SMB,REP-038,2025-05-17,2025-06-13,2025-06-23,Closed Lost,0.00,New Logo,1,5241.93,5241.93,436.83,Lost,Lost to Competitor,Inbound - Organic,false
OPP-002497,ACCT-P-000890,SMB,REP-038,2025-06-22,2025-07-18,2025-07-31,Closed Lost,0.00,New Logo,12,23271.69,23271.69,23271.69,Lost,Lost to Competitor,Inbound - Organic,false
OPP-002498,ACCT-P-000891,SMB,REP-030,2025-02-20,2025-04-05,2025-04-01,Closed Lost,0.00,New Logo,12,10060.49,10060.49,10060.49,Lost,Price,Trade Show / Event,false
OPP-002499,ACCT-P-000892,SMB,REP-037,2024-12-20,2025-01-03,2025-01-14,Closed Lost,0.00,New Logo,12,3696.81,3696.81,3696.81,Lost,Product Gap,Outbound - SDR,false
OPP-002500,ACCT-P-000893,SMB,REP-035,2024-03-19,2024-04-16,2024-04-15,Closed Lost,0.00,New Logo,1,10168.65,10168.65,847.39,Lost,Timing / Budget Deferred,Partner / Referral,false
OPP-002501,ACCT-P-000894,SMB,REP-030,2024-10-26,2024-11-10,2024-11-15,Closed Lost,0.00,New Logo,12,13700.09,13700.09,13700.09,Lost,Price,Trade Show / Event,false
OPP-002502,ACCT-P-000895,SMB,REP-038,2025-09-20,2025-09-29,2025-10-03,Closed Lost,0.00,New Logo,1,11860.61,11860.61,988.38,Lost,No Decision,Inbound - Paid,false
OPP-002503,ACCT-P-000896,SMB,REP-038,2025-12-08,2025-12-31,2026-01-06,Closed Lost,0.00,New Logo,1,11314.40,11314.40,942.87,Lost,Price,Partner / Referral,false
OPP-002504,ACCT-P-000897,SMB,REP-030,2024-03-05,2024-04-27,2024-04-19,Closed Lost,0.00,New Logo,1,7941.33,7941.33,661.78,Lost,No Decision,Outbound - SDR,false
OPP-002505,ACCT-P-000898,SMB,REP-030,2025-08-27,2025-09-09,2025-09-16,Closed Lost,0.00,New Logo,1,18605.87,18605.87,1550.49,Lost,Stayed on Incumbent,Inbound - Organic,false
OPP-002506,ACCT-P-000899,SMB,REP-035,2026-04-27,2026-06-24,2026-06-15,Closed Lost,0.00,New Logo,1,3476.37,3476.37,289.70,Lost,Price,Trade Show / Event,false
OPP-002507,ACCT-P-000900,SMB,REP-038,2025-08-03,2025-09-22,2025-10-02,Closed Lost,0.00,New Logo,1,23089.75,23089.75,1924.15,Lost,Price,Inbound - Organic,false
OPP-002508,ACCT-P-000901,SMB,REP-038,2026-02-21,2026-03-21,2026-03-25,Closed Lost,0.00,New Logo,12,12247.20,12247.20,12247.20,Lost,No Decision,Inbound - Organic,false
OPP-002509,ACCT-P-000902,SMB,REP-038,2025-05-16,2025-06-04,2025-06-08,Closed Lost,0.00,New Logo,12,6504.13,6504.13,6504.13,Lost,Product Gap,Outbound - SDR,false
OPP-002510,ACCT-P-000903,SMB,REP-038,2025-01-08,2025-01-19,2025-01-25,Closed Lost,0.00,New Logo,12,10992.64,10992.64,10992.64,Lost,Product Gap,Outbound - SDR,false
OPP-002511,ACCT-P-000904,SMB,REP-030,2025-07-22,2025-08-24,2025-08-15,Closed Lost,0.00,New Logo,1,8099.95,8099.95,675.00,Lost,Lost to Competitor,Inbound - Paid,false
OPP-002512,ACCT-P-000905,SMB,REP-028,2024-01-11,2024-02-16,2024-02-23,Closed Lost,0.00,New Logo,12,6957.94,6957.94,6957.94,Lost,Timing / Budget Deferred,Inbound - Paid,false
OPP-002513,ACCT-P-000906,SMB,REP-037,2025-07-01,2025-07-17,2025-07-24,Closed Lost,0.00,New Logo,1,5382.89,5382.89,448.57,Lost,Timing / Budget Deferred,Trade Show / Event,false
OPP-002514,ACCT-P-000907,SMB,REP-031,2024-06-19,2024-06-26,2024-06-27,Closed Lost,0.00,New Logo,1,8843.68,8843.68,736.97,Lost,No Decision,Inbound - Organic,false
OPP-002515,ACCT-P-000908,SMB,REP-031,2024-04-07,2024-04-23,2024-05-03,Closed Lost,0.00,New Logo,1,8618.27,8618.27,718.19,Lost,Lost to Competitor,Outbound - SDR,false
OPP-002516,ACCT-P-000909,SMB,REP-030,2025-01-29,2025-02-17,2025-02-19,Closed Lost,0.00,New Logo,1,4920.17,4920.17,410.01,Lost,Price,Inbound - Organic,false
OPP-002517,ACCT-P-000910,SMB,REP-034,2024-03-09,2024-03-16,2024-03-21,Closed Lost,0.00,New Logo,1,6184.85,6184.85,515.40,Lost,Timing / Budget Deferred,Inbound - Organic,false
OPP-002518,ACCT-P-000911,SMB,REP-030,2024-08-21,2024-11-02,2024-10-27,Closed Lost,0.00,New Logo,1,5506.29,5506.29,458.86,Lost,No Decision,Outbound - SDR,false
OPP-002519,ACCT-P-000912,SMB,REP-031,2024-08-15,2024-08-31,2024-09-05,Closed Lost,0.00,New Logo,1,8166.17,8166.17,680.51,Lost,Lost to Competitor,Partner / Referral,false
OPP-002520,ACCT-P-000913,SMB,REP-031,2024-09-01,2024-09-12,2024-09-11,Closed Lost,0.00,New Logo,1,4775.13,4775.13,397.93,Lost,Price,Inbound - Paid,false
OPP-002521,ACCT-P-000914,SMB,REP-035,2025-07-22,2025-08-07,2025-08-08,Closed Lost,0.00,New Logo,1,4023.80,4023.80,335.32,Lost,Lost to Competitor,Trade Show / Event,false
OPP-002522,ACCT-P-000915,SMB,REP-038,2024-09-21,2024-11-06,2024-11-01,Closed Lost,0.00,New Logo,1,5690.82,5690.82,474.24,Lost,Price,Trade Show / Event,false
OPP-002523,ACCT-P-000916,SMB,REP-030,2025-01-15,2025-03-11,2025-03-08,Closed Lost,0.00,New Logo,12,10500.60,10500.60,10500.60,Lost,Timing / Budget Deferred,Inbound - Paid,false
OPP-002524,ACCT-P-000917,SMB,REP-030,2025-02-13,2025-02-24,2025-02-27,Closed Lost,0.00,New Logo,12,12050.14,12050.14,12050.14,Lost,Stayed on Incumbent,Inbound - Paid,false
OPP-002525,ACCT-P-000918,SMB,REP-037,2025-05-02,2025-05-19,2025-05-23,Closed Lost,0.00,New Logo,1,4639.18,4639.18,386.60,Lost,No Decision,Trade Show / Event,false
OPP-002526,ACCT-P-000919,SMB,REP-030,2025-05-13,2025-06-15,2025-06-24,Closed Lost,0.00,New Logo,1,6684.46,6684.46,557.04,Lost,Price,Trade Show / Event,false
OPP-002527,ACCT-P-000920,SMB,REP-037,2024-03-13,2024-04-21,2024-05-06,Closed Lost,0.00,New Logo,12,6390.79,6390.79,6390.79,Lost,No Decision,Inbound - Organic,false
OPP-002528,ACCT-P-000921,SMB,REP-035,2024-10-31,2024-11-16,2024-11-28,Closed Lost,0.00,New Logo,1,11886.24,11886.24,990.52,Lost,Stayed on Incumbent,Outbound - SDR,false
OPP-002529,ACCT-P-000922,SMB,REP-030,2025-10-30,2025-12-07,2025-12-05,Closed Lost,0.00,New Logo,1,11472.42,11472.42,956.03,Lost,Stayed on Incumbent,Partner / Referral,false
OPP-002530,ACCT-P-000923,SMB,REP-043,2024-12-26,2025-01-11,2025-01-12,Closed Lost,0.00,New Logo,1,7792.38,7792.38,649.36,Lost,Price,Trade Show / Event,false
OPP-002531,ACCT-P-000924,SMB,REP-030,2024-05-09,2024-05-19,2024-05-23,Closed Lost,0.00,New Logo,12,10274.35,10274.35,10274.35,Lost,No Decision,Outbound - SDR,false
OPP-002532,ACCT-P-000925,SMB,REP-030,2024-05-01,2024-06-23,2024-06-09,Closed Lost,0.00,New Logo,1,11685.79,11685.79,973.82,Lost,Timing / Budget Deferred,Outbound - SDR,false
OPP-002533,ACCT-P-000926,SMB,REP-038,2025-05-02,2025-05-19,2025-05-22,Closed Lost,0.00,New Logo,1,12498.72,12498.72,1041.56,Lost,Lost to Competitor,Inbound - Organic,false
OPP-002534,ACCT-P-000927,SMB,REP-038,2026-05-25,2026-06-08,2026-06-15,Closed Lost,0.00,New Logo,12,11121.81,11121.81,11121.81,Lost,Timing / Budget Deferred,Inbound - Paid,false
OPP-002535,ACCT-P-000928,SMB,REP-031,2024-01-25,2024-02-03,2024-02-06,Closed Lost,0.00,New Logo,12,14818.18,14818.18,14818.18,Lost,Price,Outbound - SDR,false
OPP-002536,ACCT-P-000929,SMB,REP-030,2024-04-08,2024-04-22,2024-05-12,Closed Lost,0.00,New Logo,1,21532.10,21532.10,1794.34,Lost,No Decision,Outbound - SDR,false
OPP-002537,ACCT-P-000930,SMB,REP-030,2026-01-21,2026-01-28,2026-01-31,Closed Lost,0.00,New Logo,1,7258.40,7258.40,604.87,Lost,No Decision,Partner / Referral,false
OPP-002538,ACCT-P-000931,SMB,REP-030,2024-06-07,2024-06-28,2024-07-06,Closed Lost,0.00,New Logo,1,5946.08,5946.08,495.51,Lost,Timing / Budget Deferred,Inbound - Organic,false
OPP-002539,ACCT-P-000932,SMB,REP-030,2025-04-25,2025-05-18,2025-06-06,Closed Lost,0.00,New Logo,1,6607.26,6607.26,550.61,Lost,Lost to Competitor,Inbound - Paid,false
OPP-002540,ACCT-P-000933,SMB,REP-038,2026-03-27,2026-04-14,2026-04-25,Closed Lost,0.00,New Logo,1,4065.15,4065.15,338.76,Lost,Price,Trade Show / Event,false
OPP-002541,ACCT-P-000934,SMB,REP-031,2024-05-04,2024-05-16,2024-05-30,Closed Lost,0.00,New Logo,12,8446.96,8446.96,8446.96,Lost,Timing / Budget Deferred,Inbound - Organic,false
OPP-002542,ACCT-P-000935,SMB,REP-037,2026-03-28,2026-04-21,2026-04-20,Closed Lost,0.00,New Logo,1,20836.34,20836.34,1736.36,Lost,Timing / Budget Deferred,Inbound - Paid,false
OPP-002543,ACCT-P-000936,SMB,REP-031,2024-05-19,2024-06-26,2024-06-18,Closed Lost,0.00,New Logo,1,18662.35,18662.35,1555.20,Lost,Price,Trade Show / Event,false
OPP-002544,ACCT-P-000937,SMB,REP-037,2026-01-24,2026-02-14,2026-02-16,Closed Lost,0.00,New Logo,1,11317.71,11317.71,943.14,Lost,Timing / Budget Deferred,Outbound - SDR,false
OPP-002545,ACCT-P-000938,SMB,REP-030,2024-10-17,2024-11-11,2024-11-09,Closed Lost,0.00,New Logo,1,15151.50,15151.50,1262.62,Lost,No Decision,Inbound - Organic,false
OPP-002546,ACCT-P-000939,SMB,REP-030,2025-07-17,2025-08-06,2025-08-09,Closed Lost,0.00,New Logo,1,5183.53,5183.53,431.96,Lost,Lost to Competitor,Outbound - SDR,false
OPP-002547,ACCT-P-000940,SMB,REP-030,2025-07-29,2025-08-10,2025-08-11,Closed Lost,0.00,New Logo,1,14115.90,14115.90,1176.32,Lost,Product Gap,Outbound - SDR,false
OPP-002548,ACCT-P-000941,SMB,REP-030,2025-09-18,2025-10-12,2025-11-04,Closed Lost,0.00,New Logo,1,5158.28,5158.28,429.86,Lost,Timing / Budget Deferred,Inbound - Organic,false
OPP-002549,ACCT-P-000942,SMB,REP-035,2024-12-05,2024-12-17,2024-12-26,Closed Lost,0.00,New Logo,12,6999.28,6999.28,6999.28,Lost,Price,Inbound - Paid,false
OPP-002550,ACCT-P-000943,SMB,REP-030,2025-05-31,2025-06-07,2025-06-07,Closed Lost,0.00,New Logo,1,11014.12,11014.12,917.84,Lost,Price,Trade Show / Event,false
OPP-002551,ACCT-P-000944,SMB,REP-030,2024-03-15,2024-04-02,2024-04-05,Closed Lost,0.00,New Logo,12,6350.41,6350.41,6350.41,Lost,Lost to Competitor,Outbound - SDR,false
OPP-002552,ACCT-P-000945,SMB,REP-030,2024-01-14,2024-02-07,2024-02-10,Closed Lost,0.00,New Logo,1,11557.44,11557.44,963.12,Lost,Timing / Budget Deferred,Inbound - Paid,false
OPP-002553,ACCT-P-000946,SMB,REP-030,2024-07-07,2024-07-17,2024-07-22,Closed Lost,0.00,New Logo,1,14893.47,14893.47,1241.12,Lost,Lost to Competitor,Inbound - Organic,false
OPP-002554,ACCT-P-000947,SMB,REP-038,2025-07-23,2025-08-04,2025-08-07,Closed Lost,0.00,New Logo,1,13350.85,13350.85,1112.57,Lost,Product Gap,Inbound - Organic,false
OPP-002555,ACCT-P-000948,SMB,REP-034,2024-03-12,2024-04-10,2024-04-13,Closed Lost,0.00,New Logo,1,8477.69,8477.69,706.47,Lost,Timing / Budget Deferred,Inbound - Organic,false
OPP-002556,ACCT-P-000949,SMB,REP-030,2025-02-25,2025-04-08,2025-04-08,Closed Lost,0.00,New Logo,1,10251.19,10251.19,854.27,Lost,No Decision,Inbound - Paid,false
OPP-002557,ACCT-P-000950,SMB,REP-048,2025-07-07,2025-07-25,2025-07-27,Closed Lost,0.00,New Logo,1,13201.53,13201.53,1100.13,Lost,Price,Inbound - Paid,false
OPP-002558,ACCT-P-000951,SMB,REP-030,2025-01-08,2025-01-21,2025-01-24,Closed Lost,0.00,New Logo,1,15426.23,15426.23,1285.52,Lost,Price,Partner / Referral,false
OPP-002559,ACCT-P-000952,SMB,REP-031,2024-04-29,2024-05-12,2024-05-26,Closed Lost,0.00,New Logo,1,4881.79,4881.79,406.82,Lost,Price,Outbound - SDR,false
OPP-002560,ACCT-P-000953,SMB,REP-038,2025-02-07,2025-02-25,2025-02-23,Closed Lost,0.00,New Logo,1,12059.37,12059.37,1004.95,Lost,Price,Inbound - Organic,false
OPP-002561,ACCT-P-000954,SMB,REP-030,2024-06-07,2024-08-09,2024-08-01,Closed Lost,0.00,New Logo,1,13327.26,13327.26,1110.61,Lost,Lost to Competitor,Partner / Referral,false
OPP-002562,ACCT-P-000955,SMB,REP-030,2024-07-12,2024-07-19,2024-07-26,Closed Lost,0.00,New Logo,1,8467.44,8467.44,705.62,Lost,No Decision,Outbound - SDR,false
OPP-002563,ACCT-P-000956,SMB,REP-031,2023-12-18,2024-02-25,2024-03-05,Closed Lost,0.00,New Logo,12,5870.13,5870.13,5870.13,Lost,Timing / Budget Deferred,Outbound - SDR,false
OPP-002564,ACCT-P-000957,SMB,REP-048,2025-03-31,2025-04-19,2025-05-03,Closed Lost,0.00,New Logo,1,13142.13,13142.13,1095.18,Lost,Price,Partner / Referral,false
OPP-002565,ACCT-P-000958,SMB,REP-030,2026-03-25,2026-04-19,2026-04-19,Closed Lost,0.00,New Logo,1,9506.00,9506.00,792.17,Lost,No Decision,Inbound - Organic,false
OPP-002566,ACCT-P-000959,SMB,REP-030,2025-09-24,2025-10-21,2025-10-18,Closed Lost,0.00,New Logo,1,6948.30,6948.30,579.03,Lost,No Decision,Trade Show / Event,false
OPP-002567,ACCT-P-000960,SMB,REP-030,2025-11-21,2025-12-18,2025-12-14,Closed Lost,0.00,New Logo,12,7928.29,7928.29,7928.29,Lost,Timing / Budget Deferred,Inbound - Organic,false
OPP-002568,ACCT-P-000961,SMB,REP-030,2024-05-12,2024-06-02,2024-06-03,Closed Lost,0.00,New Logo,1,15011.00,15011.00,1250.92,Lost,Price,Inbound - Organic,false
OPP-002569,ACCT-P-000962,SMB,REP-031,2024-06-13,2024-07-03,2024-07-01,Closed Lost,0.00,New Logo,1,16377.71,16377.71,1364.81,Lost,Timing / Budget Deferred,Inbound - Organic,false
OPP-002570,ACCT-P-000963,SMB,REP-038,2026-03-27,2026-05-12,2026-05-26,Closed Lost,0.00,New Logo,1,4173.69,4173.69,347.81,Lost,Price,Inbound - Organic,false
OPP-002571,ACCT-P-000964,SMB,REP-030,2024-08-24,2024-10-04,2024-09-26,Closed Lost,0.00,New Logo,1,6223.72,6223.72,518.64,Lost,Price,Inbound - Organic,false
OPP-002572,ACCT-P-000965,SMB,REP-043,2025-03-20,2025-04-09,2025-04-17,Closed Lost,0.00,New Logo,1,14740.91,14740.91,1228.41,Lost,Price,Inbound - Paid,false
OPP-002573,ACCT-P-000966,SMB,REP-038,2026-05-14,2026-06-12,2026-06-19,Closed Lost,0.00,New Logo,12,8226.51,8226.51,8226.51,Lost,Timing / Budget Deferred,Outbound - SDR,false
OPP-002574,ACCT-P-000967,SMB,REP-038,2025-03-05,2025-03-25,2025-03-28,Closed Lost,0.00,New Logo,1,11790.35,11790.35,982.53,Lost,Lost to Competitor,Inbound - Organic,false
OPP-002575,ACCT-P-000968,SMB,REP-030,2025-12-26,2026-03-09,2026-03-17,Closed Lost,0.00,New Logo,12,4972.59,4972.59,4972.59,Lost,Timing / Budget Deferred,Outbound - SDR,false
OPP-002576,ACCT-P-000969,SMB,REP-030,2025-04-25,2025-05-22,2025-05-27,Closed Lost,0.00,New Logo,12,5639.28,5639.28,5639.28,Lost,Lost to Competitor,Inbound - Paid,false
OPP-002577,ACCT-P-000970,SMB,REP-038,2025-11-27,2025-12-14,2025-12-18,Closed Lost,0.00,New Logo,1,10282.35,10282.35,856.86,Lost,Product Gap,Inbound - Paid,false
OPP-002578,ACCT-P-000971,SMB,REP-038,2025-04-16,2025-04-23,2025-04-30,Closed Lost,0.00,New Logo,12,9784.32,9784.32,9784.32,Lost,Timing / Budget Deferred,Inbound - Organic,false
OPP-002579,ACCT-P-000972,SMB,REP-038,2025-03-18,2025-04-10,2025-04-20,Closed Lost,0.00,New Logo,12,7316.18,7316.18,7316.18,Lost,Price,Inbound - Paid,false
OPP-002580,ACCT-P-000973,SMB,REP-005,2024-02-11,2024-03-18,2024-03-20,Closed Lost,0.00,New Logo,1,9449.57,9449.57,787.46,Lost,Price,Outbound - SDR,false
OPP-002581,ACCT-P-000974,SMB,REP-038,2025-02-10,2025-03-14,2025-03-21,Closed Lost,0.00,New Logo,1,7598.25,7598.25,633.19,Lost,Timing / Budget Deferred,Inbound - Paid,false
OPP-002582,ACCT-P-000975,SMB,REP-031,2024-07-28,2024-08-31,2024-09-04,Closed Lost,0.00,New Logo,1,4597.07,4597.07,383.09,Lost,No Decision,Outbound - SDR,false
OPP-002583,ACCT-P-000976,Mid-Market,REP-039,2024-04-13,2024-06-21,2024-07-15,Closed Lost,0.00,New Logo,12,43130.11,43130.11,43130.11,Lost,Lost to Competitor,Inbound - Organic,false
OPP-002584,ACCT-P-000977,Mid-Market,REP-010,2024-09-14,2024-10-06,2024-10-13,Closed Lost,0.00,New Logo,12,45887.54,45887.54,45887.54,Lost,Lost to Competitor,Outbound - SDR,false
OPP-002585,ACCT-P-000978,Mid-Market,REP-032,2025-05-30,2025-08-21,2025-10-13,Closed Lost,0.00,New Logo,12,45630.08,45630.08,45630.08,Lost,Price,Partner / Referral,false
OPP-002586,ACCT-P-000979,Mid-Market,REP-026,2024-05-08,2024-12-13,2024-10-30,Closed Lost,0.00,New Logo,12,42426.80,42426.80,42426.80,Lost,No Decision,Inbound - Paid,false
OPP-002587,ACCT-P-000980,Mid-Market,REP-039,2025-06-24,2025-08-24,2025-08-30,Closed Lost,0.00,New Logo,24,40580.53,40580.53,81161.06,Lost,Product Gap,Inbound - Organic,false
OPP-002588,ACCT-P-000981,Mid-Market,REP-032,2025-06-23,2025-08-11,2025-09-14,Closed Lost,0.00,New Logo,36,33664.41,33664.41,100993.23,Lost,Timing / Budget Deferred,Inbound - Organic,false
OPP-002589,ACCT-P-000982,Mid-Market,REP-039,2026-03-25,2026-04-27,2026-04-29,Closed Lost,0.00,New Logo,12,66278.54,66278.54,66278.54,Lost,No Decision,Partner / Referral,false
OPP-002590,ACCT-P-000983,Mid-Market,REP-047,2025-05-18,2025-08-08,2025-08-04,Closed Lost,0.00,New Logo,12,56653.64,56653.64,56653.64,Lost,Price,Inbound - Paid,false
OPP-002591,ACCT-P-000984,Mid-Market,REP-051,2026-02-05,2026-03-29,2026-03-21,Closed Lost,0.00,New Logo,12,34216.24,34216.24,34216.24,Lost,Price,Outbound - SDR,false
OPP-002592,ACCT-P-000985,Mid-Market,REP-039,2025-11-23,2025-12-22,2026-01-08,Closed Lost,0.00,New Logo,12,40570.20,40570.20,40570.20,Lost,Product Gap,Trade Show / Event,false
OPP-002593,ACCT-P-000986,Mid-Market,REP-026,2026-02-17,2026-04-02,2026-03-22,Closed Lost,0.00,New Logo,12,111629.98,111629.98,111629.98,Lost,Lost to Competitor,Outbound - SDR,false
OPP-002594,ACCT-P-000987,Mid-Market,REP-039,2025-08-08,2025-09-26,2025-10-24,Closed Lost,0.00,New Logo,12,63126.58,63126.58,63126.58,Lost,Product Gap,Inbound - Organic,false
OPP-002595,ACCT-P-000988,Mid-Market,REP-039,2024-06-27,2024-07-30,2024-08-04,Closed Lost,0.00,New Logo,1,68080.97,68080.97,5673.41,Lost,Lost to Competitor,Outbound - SDR,false
OPP-002596,ACCT-P-000989,Mid-Market,REP-039,2025-02-07,2025-04-20,2025-04-16,Closed Lost,0.00,New Logo,1,61835.29,61835.29,5152.94,Lost,Stayed on Incumbent,Trade Show / Event,false
OPP-002597,ACCT-P-000990,Mid-Market,REP-032,2025-06-01,2025-06-30,2025-06-24,Closed Lost,0.00,New Logo,12,52145.08,52145.08,52145.08,Lost,Lost to Competitor,Inbound - Paid,false
OPP-002598,ACCT-P-000991,Mid-Market,REP-047,2025-09-10,2025-10-16,2025-10-22,Closed Lost,0.00,New Logo,1,53117.54,53117.54,4426.46,Lost,No Decision,Partner / Referral,false
OPP-002599,ACCT-P-000992,Mid-Market,REP-018,2024-01-07,2024-02-06,2024-02-17,Closed Lost,0.00,New Logo,12,71417.37,71417.37,71417.37,Lost,Price,Outbound - SDR,false
OPP-002600,ACCT-P-000993,Mid-Market,REP-051,2026-05-08,2026-06-12,2026-06-18,Closed Lost,0.00,New Logo,24,79235.88,79235.88,158471.77,Lost,Lost to Competitor,Outbound - SDR,false
OPP-002601,ACCT-P-000994,Mid-Market,REP-032,2024-10-26,2024-12-02,2024-11-29,Closed Lost,0.00,New Logo,12,162004.29,162004.29,162004.29,Lost,Product Gap,Trade Show / Event,false
OPP-002602,ACCT-P-000995,Mid-Market,REP-041,2024-08-27,2024-12-05,2025-02-08,Closed Lost,0.00,New Logo,12,131413.62,131413.62,131413.62,Lost,Lost to Competitor,Partner / Referral,false
OPP-002603,ACCT-P-000996,Mid-Market,REP-039,2024-05-21,2024-10-20,2024-10-04,Closed Lost,0.00,New Logo,12,61799.50,61799.50,61799.50,Lost,Product Gap,Inbound - Organic,false
OPP-002604,ACCT-P-000997,Mid-Market,REP-026,2025-04-30,2025-06-15,2025-08-18,Closed Lost,0.00,New Logo,12,59946.68,59946.68,59946.68,Lost,Price,Inbound - Organic,false
OPP-002605,ACCT-P-000998,Mid-Market,REP-039,2025-09-22,2025-10-27,2025-11-20,Closed Lost,0.00,New Logo,12,27767.55,27767.55,27767.55,Lost,Timing / Budget Deferred,Inbound - Paid,false
OPP-002606,ACCT-P-000999,Mid-Market,REP-026,2024-02-04,2024-03-27,2024-03-26,Closed Lost,0.00,New Logo,12,53553.43,53553.43,53553.43,Lost,Price,Trade Show / Event,false
OPP-002607,ACCT-P-001000,Mid-Market,REP-023,2024-01-31,2024-04-04,2024-04-18,Closed Lost,0.00,New Logo,12,48048.48,48048.48,48048.48,Lost,Price,Outbound - SDR,false
OPP-002608,ACCT-P-001001,Mid-Market,REP-050,2026-01-12,2026-02-17,2026-02-20,Closed Lost,0.00,New Logo,12,17858.66,17858.66,17858.66,Lost,Stayed on Incumbent,Outbound - SDR,false
OPP-002609,ACCT-P-001002,Mid-Market,REP-026,2024-10-16,2024-12-10,2024-12-14,Closed Lost,0.00,New Logo,36,53172.85,53172.85,159518.56,Lost,No Decision,Outbound - SDR,false
OPP-002610,ACCT-P-001003,Mid-Market,REP-010,2025-01-27,2025-03-17,2025-03-17,Closed Lost,0.00,New Logo,12,55185.62,55185.62,55185.62,Lost,Lost to Competitor,Outbound - SDR,false
OPP-002611,ACCT-P-001004,Mid-Market,REP-039,2024-12-20,2025-03-20,2025-03-08,Closed Lost,0.00,New Logo,12,44572.99,44572.99,44572.99,Lost,Timing / Budget Deferred,Inbound - Organic,false
OPP-002612,ACCT-P-001005,Mid-Market,REP-010,2024-02-18,2024-03-17,2024-04-23,Closed Lost,0.00,New Logo,12,21530.91,21530.91,21530.91,Lost,Lost to Competitor,Inbound - Paid,false
OPP-002613,ACCT-P-001006,Mid-Market,REP-039,2024-12-24,2025-03-09,2025-02-28,Closed Lost,0.00,New Logo,24,55256.28,55256.28,110512.55,Lost,Product Gap,Inbound - Paid,false
OPP-002614,ACCT-P-001007,Mid-Market,REP-039,2024-08-24,2024-10-17,2024-10-15,Closed Lost,0.00,New Logo,12,53556.06,53556.06,53556.06,Lost,Price,Partner / Referral,false
OPP-002615,ACCT-P-001008,Mid-Market,REP-026,2024-01-15,2024-02-14,2024-02-22,Closed Lost,0.00,New Logo,12,43589.47,43589.47,43589.47,Lost,Lost to Competitor,Inbound - Paid,false
OPP-002616,ACCT-P-001009,Mid-Market,REP-010,2024-02-19,2024-05-19,2024-05-24,Closed Lost,0.00,New Logo,12,25562.52,25562.52,25562.52,Lost,No Decision,Inbound - Organic,false
OPP-002617,ACCT-P-001010,Mid-Market,REP-026,2024-10-31,2025-01-05,2025-01-15,Closed Lost,0.00,New Logo,12,27028.11,27028.11,27028.11,Lost,Price,Inbound - Organic,false
OPP-002618,ACCT-P-001011,Mid-Market,REP-010,2025-01-16,2025-02-25,2025-03-12,Closed Lost,0.00,New Logo,12,70941.68,70941.68,70941.68,Lost,Lost to Competitor,Trade Show / Event,false
OPP-002619,ACCT-P-001012,Mid-Market,REP-032,2024-07-11,2024-08-20,2024-09-15,Closed Lost,0.00,New Logo,12,56937.85,56937.85,56937.85,Lost,Price,Trade Show / Event,false
OPP-002620,ACCT-P-001013,Mid-Market,REP-041,2024-12-15,2024-12-23,2024-12-27,Closed Lost,0.00,New Logo,12,113476.32,113476.32,113476.32,Lost,Timing / Budget Deferred,Outbound - SDR,false
OPP-002621,ACCT-P-001014,Mid-Market,REP-007,2024-03-02,2024-04-26,2024-05-11,Closed Lost,0.00,New Logo,12,57148.16,57148.16,57148.16,Lost,Price,Partner / Referral,false
OPP-002622,ACCT-P-001015,Mid-Market,REP-039,2025-08-06,2025-12-23,2026-01-14,Closed Lost,0.00,New Logo,12,65840.60,65840.60,65840.60,Lost,Timing / Budget Deferred,Inbound - Organic,false
OPP-002623,ACCT-P-001016,Mid-Market,REP-039,2026-03-25,2026-05-02,2026-05-12,Closed Lost,0.00,New Logo,12,26265.89,26265.89,26265.89,Lost,Lost to Competitor,Partner / Referral,false
OPP-002624,ACCT-P-001017,Mid-Market,REP-046,2025-08-31,2025-10-22,2025-10-28,Closed Lost,0.00,New Logo,12,31655.07,31655.07,31655.07,Lost,Product Gap,Outbound - SDR,false
OPP-002625,ACCT-P-001018,Mid-Market,REP-039,2024-08-07,2024-10-17,2024-10-03,Closed Lost,0.00,New Logo,12,55455.99,55455.99,55455.99,Lost,Price,Inbound - Organic,false
OPP-002626,ACCT-P-001019,Mid-Market,REP-010,2025-06-03,2025-08-04,2025-09-28,Closed Lost,0.00,New Logo,12,59114.12,59114.12,59114.12,Lost,No Decision,Inbound - Paid,false
OPP-002627,ACCT-P-001020,Mid-Market,REP-039,2025-07-29,2025-08-16,2025-08-24,Closed Lost,0.00,New Logo,12,33143.91,33143.91,33143.91,Lost,Price,Outbound - SDR,false
OPP-002628,ACCT-P-001021,Mid-Market,REP-047,2025-04-14,2025-10-01,2025-09-20,Closed Lost,0.00,New Logo,36,48163.46,48163.46,144490.38,Lost,Price,Partner / Referral,false
OPP-002629,ACCT-P-001022,Mid-Market,REP-041,2024-09-07,2024-12-06,2024-11-23,Closed Lost,0.00,New Logo,12,36996.92,36996.92,36996.92,Lost,Stayed on Incumbent,Outbound - SDR,false
OPP-002630,ACCT-P-001023,Mid-Market,REP-007,2024-04-11,2024-05-23,2024-05-24,Closed Lost,0.00,New Logo,12,40858.64,40858.64,40858.64,Lost,No Decision,Trade Show / Event,false
OPP-002631,ACCT-P-001024,Mid-Market,REP-039,2024-08-22,2024-09-24,2024-10-10,Closed Lost,0.00,New Logo,12,85451.97,85451.97,85451.97,Lost,Price,Outbound - SDR,false
OPP-002632,ACCT-P-001025,Mid-Market,REP-039,2026-03-22,2026-05-30,2026-06-03,Closed Lost,0.00,New Logo,24,101968.07,101968.07,203936.15,Lost,Price,Inbound - Organic,false
OPP-002633,ACCT-P-001026,Mid-Market,REP-047,2025-04-13,2025-06-18,2025-07-14,Closed Lost,0.00,New Logo,12,61995.61,61995.61,61995.61,Lost,Product Gap,Outbound - SDR,false
OPP-002634,ACCT-P-001027,Mid-Market,REP-023,2024-03-31,2024-07-02,2024-07-19,Closed Lost,0.00,New Logo,12,56297.32,56297.32,56297.32,Lost,Product Gap,Partner / Referral,false
OPP-002635,ACCT-P-001028,Mid-Market,REP-026,2025-07-20,2025-09-05,2025-10-09,Closed Lost,0.00,New Logo,12,84138.38,84138.38,84138.38,Lost,Product Gap,Inbound - Organic,false
OPP-002636,ACCT-P-001029,Mid-Market,REP-026,2024-05-11,2024-08-10,2024-08-09,Closed Lost,0.00,New Logo,12,59584.73,59584.73,59584.73,Lost,No Decision,Outbound - SDR,false
OPP-002637,ACCT-P-001030,Mid-Market,REP-026,2025-07-03,2025-07-24,2025-08-24,Closed Lost,0.00,New Logo,12,20205.88,20205.88,20205.88,Lost,Stayed on Incumbent,Partner / Referral,false
OPP-002638,ACCT-P-001031,Mid-Market,REP-032,2024-07-16,2024-09-16,2024-10-09,Closed Lost,0.00,New Logo,12,22600.14,22600.14,22600.14,Lost,Lost to Competitor,Inbound - Paid,false
OPP-002639,ACCT-P-001032,Mid-Market,REP-018,2024-02-02,2024-03-03,2024-03-12,Closed Lost,0.00,New Logo,12,48101.49,48101.49,48101.49,Lost,Product Gap,Trade Show / Event,false
OPP-002640,ACCT-P-001033,Mid-Market,REP-026,2024-04-26,2024-06-05,2024-07-15,Closed Lost,0.00,New Logo,12,57424.38,57424.38,57424.38,Lost,Price,Partner / Referral,false
OPP-002641,ACCT-P-001034,Mid-Market,REP-026,2025-02-04,2025-04-08,2025-04-17,Closed Lost,0.00,New Logo,12,27927.77,27927.77,27927.77,Lost,No Decision,Outbound - SDR,false
OPP-002642,ACCT-P-001035,Mid-Market,REP-010,2024-03-01,2024-06-25,2024-06-24,Closed Lost,0.00,New Logo,12,43242.43,43242.43,43242.43,Lost,Timing / Budget Deferred,Inbound - Organic,false
OPP-002643,ACCT-P-001036,Mid-Market,REP-039,2025-07-19,2025-08-19,2025-08-21,Closed Lost,0.00,New Logo,12,18691.18,18691.18,18691.18,Lost,Timing / Budget Deferred,Outbound - SDR,false
OPP-002644,ACCT-P-001037,Mid-Market,REP-050,2025-09-14,2025-11-12,2025-11-17,Closed Lost,0.00,New Logo,24,57315.29,57315.29,114630.58,Lost,Timing / Budget Deferred,Outbound - SDR,false
OPP-002645,ACCT-P-001038,Mid-Market,REP-026,2024-03-15,2024-09-17,2024-07-26,Closed Lost,0.00,New Logo,12,53860.01,53860.01,53860.01,Lost,Lost to Competitor,Partner / Referral,false
OPP-002646,ACCT-P-001039,Mid-Market,REP-039,2024-07-19,2024-07-31,2024-08-01,Closed Lost,0.00,New Logo,12,86192.96,86192.96,86192.96,Lost,Product Gap,Trade Show / Event,false
OPP-002647,ACCT-P-001040,Mid-Market,REP-052,2026-01-20,2026-02-26,2026-04-14,Closed Lost,0.00,New Logo,1,44593.73,44593.73,3716.14,Lost,Product Gap,Outbound - SDR,false
OPP-002648,ACCT-P-001041,Mid-Market,REP-041,2024-12-04,2024-12-20,2025-01-15,Closed Lost,0.00,New Logo,12,24450.61,24450.61,24450.61,Lost,Timing / Budget Deferred,Inbound - Paid,false
OPP-002649,ACCT-P-001042,Mid-Market,REP-010,2026-01-08,2026-03-04,2026-02-23,Closed Lost,0.00,New Logo,12,58026.66,58026.66,58026.66,Lost,Stayed on Incumbent,Inbound - Organic,false
OPP-002650,ACCT-P-001043,Mid-Market,REP-032,2025-05-06,2025-06-18,2025-07-02,Closed Lost,0.00,New Logo,12,57037.92,57037.92,57037.92,Lost,No Decision,Inbound - Paid,false
OPP-002651,ACCT-P-001044,Mid-Market,REP-041,2024-10-27,2024-11-15,2024-12-10,Closed Lost,0.00,New Logo,12,35167.81,35167.81,35167.81,Lost,Price,Inbound - Organic,false
OPP-002652,ACCT-P-001045,Mid-Market,REP-010,2026-04-10,2026-04-26,2026-04-30,Closed Lost,0.00,New Logo,12,20081.40,20081.40,20081.40,Lost,Stayed on Incumbent,Inbound - Organic,false
OPP-002653,ACCT-P-001046,Mid-Market,REP-032,2024-05-19,2024-10-02,2024-09-01,Closed Lost,0.00,New Logo,36,84981.84,84981.84,254945.53,Lost,Timing / Budget Deferred,Inbound - Organic,false
OPP-002654,ACCT-P-001047,Mid-Market,REP-026,2024-04-04,2024-04-26,2024-05-02,Closed Lost,0.00,New Logo,12,46288.84,46288.84,46288.84,Lost,Price,Inbound - Organic,false
OPP-002655,ACCT-P-001048,Mid-Market,REP-032,2026-04-03,2026-05-31,2026-06-23,Closed Lost,0.00,New Logo,1,29801.92,29801.92,2483.49,Lost,Price,Outbound - SDR,false
OPP-002656,ACCT-P-001049,Mid-Market,REP-023,2024-04-06,2024-05-07,2024-05-04,Closed Lost,0.00,New Logo,12,42491.51,42491.51,42491.51,Lost,No Decision,Partner / Referral,false
OPP-002657,ACCT-P-001050,Mid-Market,REP-026,2023-11-13,2024-03-25,2024-03-25,Closed Lost,0.00,New Logo,12,90079.92,90079.92,90079.92,Lost,No Decision,Inbound - Organic,false
OPP-002658,ACCT-P-001051,Mid-Market,REP-010,2025-08-29,2025-09-25,2025-10-12,Closed Lost,0.00,New Logo,12,31716.40,31716.40,31716.40,Lost,Lost to Competitor,Inbound - Paid,false
OPP-002659,ACCT-P-001052,Mid-Market,REP-032,2024-02-28,2024-03-20,2024-03-22,Closed Lost,0.00,New Logo,12,41897.46,41897.46,41897.46,Lost,Price,Inbound - Organic,false
OPP-002660,ACCT-P-001053,Mid-Market,REP-032,2026-01-22,2026-03-20,2026-03-18,Closed Lost,0.00,New Logo,12,29240.23,29240.23,29240.23,Lost,No Decision,Trade Show / Event,false
OPP-002661,ACCT-P-001054,Mid-Market,REP-032,2024-12-24,2025-01-31,2025-02-01,Closed Lost,0.00,New Logo,12,41660.31,41660.31,41660.31,Lost,No Decision,Inbound - Paid,false
OPP-002662,ACCT-P-001055,Mid-Market,REP-032,2026-01-09,2026-01-22,2026-01-29,Closed Lost,0.00,New Logo,12,45092.47,45092.47,45092.47,Lost,Product Gap,Inbound - Paid,false
OPP-002663,ACCT-P-001056,Mid-Market,REP-010,2025-02-11,2025-04-18,2025-04-24,Closed Lost,0.00,New Logo,12,29577.32,29577.32,29577.32,Lost,Lost to Competitor,Trade Show / Event,false
OPP-002664,ACCT-P-001057,Mid-Market,REP-032,2025-07-11,2025-07-27,2025-08-06,Closed Lost,0.00,New Logo,12,43847.67,43847.67,43847.67,Lost,Price,Inbound - Paid,false
OPP-002665,ACCT-P-001058,Mid-Market,REP-049,2025-05-23,2025-08-20,2025-08-17,Closed Lost,0.00,New Logo,1,35069.05,35069.05,2922.42,Lost,No Decision,Partner / Referral,false
OPP-002666,ACCT-P-001059,Mid-Market,REP-039,2025-07-18,2025-07-25,2025-07-31,Closed Lost,0.00,New Logo,12,30980.86,30980.86,30980.86,Lost,Price,Outbound - SDR,false
OPP-002667,ACCT-P-001060,Mid-Market,REP-047,2025-09-14,2025-10-22,2025-10-20,Closed Lost,0.00,New Logo,12,20711.12,20711.12,20711.12,Lost,Lost to Competitor,Outbound - SDR,false
OPP-002668,ACCT-P-001061,Mid-Market,REP-026,2025-12-27,2026-01-22,2026-01-24,Closed Lost,0.00,New Logo,12,49855.17,49855.17,49855.17,Lost,No Decision,Inbound - Organic,false
OPP-002669,ACCT-P-001062,Mid-Market,REP-039,2024-11-11,2024-11-30,2024-12-22,Closed Lost,0.00,New Logo,12,36864.43,36864.43,36864.43,Lost,Timing / Budget Deferred,Outbound - SDR,false
OPP-002670,ACCT-P-001063,Mid-Market,REP-010,2025-04-18,2025-05-08,2025-05-17,Closed Lost,0.00,New Logo,12,23131.97,23131.97,23131.97,Lost,Price,Inbound - Organic,false
OPP-002671,ACCT-P-001064,Mid-Market,REP-026,2025-12-06,2026-02-06,2026-03-18,Closed Lost,0.00,New Logo,1,40915.72,40915.72,3409.64,Lost,No Decision,Partner / Referral,false
OPP-002672,ACCT-P-001065,Mid-Market,REP-046,2025-01-31,2025-08-08,2025-06-26,Closed Lost,0.00,New Logo,12,61243.57,61243.57,61243.57,Lost,No Decision,Inbound - Paid,false
OPP-002673,ACCT-P-001066,Mid-Market,REP-050,2025-08-06,2025-11-17,2025-12-17,Closed Lost,0.00,New Logo,24,56639.38,56639.38,113278.77,Lost,Lost to Competitor,Partner / Referral,false
OPP-002674,ACCT-P-001067,Mid-Market,REP-032,2024-12-15,2025-01-26,2025-01-24,Closed Lost,0.00,New Logo,12,66526.78,66526.78,66526.78,Lost,Lost to Competitor,Inbound - Paid,false
OPP-002675,ACCT-P-001068,Mid-Market,REP-039,2024-12-18,2025-03-13,2025-03-14,Closed Lost,0.00,New Logo,12,63021.74,63021.74,63021.74,Lost,Lost to Competitor,Partner / Referral,false
OPP-002676,ACCT-P-001069,Mid-Market,REP-010,2024-11-15,2024-12-23,2025-02-19,Closed Lost,0.00,New Logo,12,51583.41,51583.41,51583.41,Lost,Price,Outbound - SDR,false
OPP-002677,ACCT-P-001070,Mid-Market,REP-041,2024-07-04,2024-08-28,2024-09-28,Closed Lost,0.00,New Logo,1,147538.18,147538.18,12294.85,Lost,Price,Trade Show / Event,false
OPP-002678,ACCT-P-001071,Mid-Market,REP-018,2024-07-03,2024-08-27,2024-08-24,Closed Lost,0.00,New Logo,12,25941.91,25941.91,25941.91,Lost,Price,Trade Show / Event,false
OPP-002679,ACCT-P-001072,Mid-Market,REP-041,2024-12-28,2025-02-26,2025-03-02,Closed Lost,0.00,New Logo,12,47737.40,47737.40,47737.40,Lost,Lost to Competitor,Partner / Referral,false
OPP-002680,ACCT-P-001073,Mid-Market,REP-018,2024-02-19,2024-04-29,2024-04-22,Closed Lost,0.00,New Logo,12,89547.28,89547.28,89547.28,Lost,Lost to Competitor,Trade Show / Event,false
OPP-002681,ACCT-P-001074,Mid-Market,REP-007,2024-03-26,2024-05-04,2024-05-11,Closed Lost,0.00,New Logo,12,43316.07,43316.07,43316.07,Lost,No Decision,Outbound - SDR,false
OPP-002682,ACCT-P-001075,Mid-Market,REP-051,2026-02-23,2026-06-01,2026-06-20,Closed Lost,0.00,New Logo,12,55271.89,55271.89,55271.89,Lost,Lost to Competitor,Inbound - Paid,false
OPP-002683,ACCT-P-001076,Mid-Market,REP-049,2025-05-20,2025-08-12,2025-08-12,Closed Lost,0.00,New Logo,12,44774.26,44774.26,44774.26,Lost,Price,Inbound - Paid,false
OPP-002684,ACCT-P-001077,Mid-Market,REP-039,2026-03-18,2026-04-15,2026-04-20,Closed Lost,0.00,New Logo,12,46312.03,46312.03,46312.03,Lost,Product Gap,Inbound - Organic,false
OPP-002685,ACCT-P-001078,Mid-Market,REP-047,2024-12-30,2025-05-19,2025-05-08,Closed Lost,0.00,New Logo,12,35256.70,35256.70,35256.70,Lost,Product Gap,Trade Show / Event,false
OPP-002686,ACCT-P-001079,Mid-Market,REP-039,2025-07-12,2025-08-29,2025-09-01,Closed Lost,0.00,New Logo,12,50478.33,50478.33,50478.33,Lost,Timing / Budget Deferred,Outbound - SDR,false
OPP-002687,ACCT-P-001080,Mid-Market,REP-032,2025-09-05,2025-10-06,2025-10-17,Closed Lost,0.00,New Logo,24,45030.59,45030.59,90061.19,Lost,Stayed on Incumbent,Outbound - SDR,false
OPP-002688,ACCT-P-001081,Mid-Market,REP-026,2026-01-24,2026-04-10,2026-03-24,Closed Lost,0.00,New Logo,12,53746.02,53746.02,53746.02,Lost,Timing / Budget Deferred,Inbound - Paid,false
OPP-002689,ACCT-P-001082,Mid-Market,REP-032,2023-12-24,2024-03-25,2024-03-20,Closed Lost,0.00,New Logo,12,41830.68,41830.68,41830.68,Lost,Product Gap,Partner / Referral,false
OPP-002690,ACCT-P-001083,Mid-Market,REP-026,2026-04-29,2026-05-29,2026-05-21,Closed Lost,0.00,New Logo,12,59126.51,59126.51,59126.51,Lost,Price,Outbound - SDR,false
OPP-002691,ACCT-P-001084,Mid-Market,REP-023,2024-04-19,2024-05-09,2024-05-20,Closed Lost,0.00,New Logo,12,74412.45,74412.45,74412.45,Lost,Price,Trade Show / Event,false
OPP-002692,ACCT-P-001085,Mid-Market,REP-018,2024-10-15,2024-12-18,2025-01-01,Closed Lost,0.00,New Logo,12,34645.21,34645.21,34645.21,Lost,Stayed on Incumbent,Partner / Referral,false
OPP-002693,ACCT-P-001086,Mid-Market,REP-026,2024-06-01,2024-06-30,2024-07-27,Closed Lost,0.00,New Logo,12,34650.54,34650.54,34650.54,Lost,No Decision,Inbound - Paid,false
OPP-002694,ACCT-P-001087,Mid-Market,REP-010,2024-03-24,2024-04-05,2024-04-15,Closed Lost,0.00,New Logo,12,32125.07,32125.07,32125.07,Lost,Price,Outbound - SDR,false
OPP-002695,ACCT-P-001088,Mid-Market,REP-032,2025-05-26,2025-09-28,2025-09-30,Closed Lost,0.00,New Logo,12,71974.58,71974.58,71974.58,Lost,No Decision,Inbound - Paid,false
OPP-002696,ACCT-P-001089,Mid-Market,REP-023,2024-04-11,2024-05-04,2024-05-07,Closed Lost,0.00,New Logo,12,49149.09,49149.09,49149.09,Lost,Lost to Competitor,Trade Show / Event,false
OPP-002697,ACCT-P-001090,Mid-Market,REP-050,2025-12-26,2026-01-27,2026-02-14,Closed Lost,0.00,New Logo,12,22183.17,22183.17,22183.17,Lost,Price,Partner / Referral,false
OPP-002698,ACCT-P-001091,Mid-Market,REP-010,2026-03-07,2026-04-20,2026-04-08,Closed Lost,0.00,New Logo,12,67599.28,67599.28,67599.28,Lost,Timing / Budget Deferred,Inbound - Organic,false
OPP-002699,ACCT-P-001092,Mid-Market,REP-010,2024-09-12,2024-11-14,2024-11-15,Closed Lost,0.00,New Logo,12,40436.05,40436.05,40436.05,Lost,No Decision,Partner / Referral,false
OPP-002700,ACCT-P-001093,Mid-Market,REP-047,2025-07-18,2025-08-14,2025-08-14,Closed Lost,0.00,New Logo,12,39557.98,39557.98,39557.98,Lost,Stayed on Incumbent,Trade Show / Event,false
OPP-002701,ACCT-P-001094,Mid-Market,REP-010,2025-06-20,2025-07-21,2025-07-27,Closed Lost,0.00,New Logo,12,48076.47,48076.47,48076.47,Lost,Lost to Competitor,Partner / Referral,false
OPP-002702,ACCT-P-001095,Mid-Market,REP-049,2025-06-15,2025-07-04,2025-07-27,Closed Lost,0.00,New Logo,12,82636.65,82636.65,82636.65,Lost,Price,Inbound - Paid,false
OPP-002703,ACCT-P-001096,Mid-Market,REP-026,2024-03-16,2024-05-22,2024-05-19,Closed Lost,0.00,New Logo,12,33926.96,33926.96,33926.96,Lost,Price,Inbound - Organic,false
OPP-002704,ACCT-P-001097,Mid-Market,REP-026,2025-09-28,2026-01-10,2026-01-27,Closed Lost,0.00,New Logo,24,42374.24,42374.24,84748.49,Lost,Price,Trade Show / Event,false
OPP-002705,ACCT-P-001098,Mid-Market,REP-032,2025-06-17,2025-07-25,2025-09-09,Closed Lost,0.00,New Logo,12,94509.99,94509.99,94509.99,Lost,Price,Partner / Referral,false
OPP-002706,ACCT-P-001099,Mid-Market,REP-026,2024-10-18,2024-11-08,2024-12-10,Closed Lost,0.00,New Logo,12,70399.64,70399.64,70399.64,Lost,Price,Outbound - SDR,false
OPP-002707,ACCT-P-001100,Mid-Market,REP-007,2024-04-22,2024-05-15,2024-05-14,Closed Lost,0.00,New Logo,12,97846.53,97846.53,97846.53,Lost,Price,Inbound - Paid,false
OPP-002708,ACCT-P-001101,Mid-Market,REP-010,2026-05-17,2026-06-16,2026-06-24,Closed Lost,0.00,New Logo,12,52649.59,52649.59,52649.59,Lost,Lost to Competitor,Inbound - Organic,false
OPP-002709,ACCT-P-001102,Mid-Market,REP-023,2024-03-21,2024-05-21,2024-05-25,Closed Lost,0.00,New Logo,12,58747.75,58747.75,58747.75,Lost,Timing / Budget Deferred,Partner / Referral,false
OPP-002710,ACCT-P-001103,Mid-Market,REP-041,2024-10-14,2024-12-09,2024-12-05,Closed Lost,0.00,New Logo,12,43223.15,43223.15,43223.15,Lost,Lost to Competitor,Inbound - Paid,false
OPP-002711,ACCT-P-001104,Mid-Market,REP-047,2025-01-25,2025-03-13,2025-04-23,Closed Lost,0.00,New Logo,12,31809.16,31809.16,31809.16,Lost,Price,Inbound - Paid,false
OPP-002712,ACCT-P-001105,Mid-Market,REP-049,2025-09-22,2025-10-23,2025-10-28,Closed Lost,0.00,New Logo,12,69161.61,69161.61,69161.61,Lost,Product Gap,Inbound - Paid,false
OPP-002713,ACCT-P-001106,Mid-Market,REP-007,2024-02-26,2024-05-01,2024-05-21,Closed Lost,0.00,New Logo,24,81870.04,81870.04,163740.07,Lost,Lost to Competitor,Inbound - Organic,false
OPP-002714,ACCT-P-001107,Mid-Market,REP-039,2024-08-16,2024-10-02,2024-09-22,Closed Lost,0.00,New Logo,12,78512.18,78512.18,78512.18,Lost,No Decision,Inbound - Organic,false
OPP-002715,ACCT-P-001108,Mid-Market,REP-010,2024-12-04,2025-01-10,2025-01-28,Closed Lost,0.00,New Logo,12,35138.71,35138.71,35138.71,Lost,No Decision,Trade Show / Event,false
OPP-002716,ACCT-P-001109,Mid-Market,REP-010,2026-01-06,2026-02-25,2026-02-28,Closed Lost,0.00,New Logo,12,32827.36,32827.36,32827.36,Lost,Product Gap,Outbound - SDR,false
OPP-002717,ACCT-P-001110,Mid-Market,REP-039,2025-06-21,2025-08-24,2025-09-24,Closed Lost,0.00,New Logo,12,85521.92,85521.92,85521.92,Lost,Lost to Competitor,Outbound - SDR,false
OPP-002718,ACCT-P-001111,Mid-Market,REP-052,2026-01-06,2026-04-12,2026-04-30,Closed Lost,0.00,New Logo,12,47505.71,47505.71,47505.71,Lost,Lost to Competitor,Trade Show / Event,false
OPP-002719,ACCT-P-001112,Mid-Market,REP-026,2024-01-30,2024-04-07,2024-03-31,Closed Lost,0.00,New Logo,12,39178.64,39178.64,39178.64,Lost,Price,Partner / Referral,false
OPP-002720,ACCT-P-001113,Mid-Market,REP-032,2025-09-12,2025-10-17,2025-10-10,Closed Lost,0.00,New Logo,12,91935.35,91935.35,91935.35,Lost,Stayed on Incumbent,Trade Show / Event,false
OPP-002721,ACCT-P-001114,Mid-Market,REP-050,2025-07-21,2026-02-27,2026-02-03,Closed Lost,0.00,New Logo,12,36922.86,36922.86,36922.86,Lost,No Decision,Trade Show / Event,false
OPP-002722,ACCT-P-001115,Mid-Market,REP-032,2023-12-17,2024-02-08,2024-01-31,Closed Lost,0.00,New Logo,12,32268.19,32268.19,32268.19,Lost,Lost to Competitor,Partner / Referral,false
OPP-002723,ACCT-P-001116,Mid-Market,REP-049,2025-10-12,2025-12-29,2026-01-15,Closed Lost,0.00,New Logo,36,50760.30,50760.30,152280.91,Lost,Price,Partner / Referral,false
OPP-002724,ACCT-P-001117,Mid-Market,REP-049,2025-06-09,2025-07-25,2025-07-25,Closed Lost,0.00,New Logo,12,24817.15,24817.15,24817.15,Lost,Product Gap,Trade Show / Event,false
OPP-002725,ACCT-P-001118,Mid-Market,REP-032,2025-12-30,2026-03-04,2026-03-17,Closed Lost,0.00,New Logo,12,51877.55,51877.55,51877.55,Lost,Lost to Competitor,Outbound - SDR,false
OPP-002726,ACCT-P-001119,Mid-Market,REP-039,2025-05-24,2025-06-28,2025-06-23,Closed Lost,0.00,New Logo,12,81542.48,81542.48,81542.48,Lost,Stayed on Incumbent,Inbound - Organic,false
OPP-002727,ACCT-P-001120,Mid-Market,REP-047,2025-09-02,2025-09-23,2025-09-25,Closed Lost,0.00,New Logo,12,42471.85,42471.85,42471.85,Lost,Price,Trade Show / Event,false
OPP-002728,ACCT-P-001121,Mid-Market,REP-023,2024-01-04,2024-03-13,2024-03-05,Closed Lost,0.00,New Logo,12,60628.04,60628.04,60628.04,Lost,Price,Trade Show / Event,false
OPP-002729,ACCT-P-001122,Mid-Market,REP-049,2025-09-11,2026-01-03,2026-01-03,Closed Lost,0.00,New Logo,12,35184.67,35184.67,35184.67,Lost,Price,Inbound - Organic,false
OPP-002730,ACCT-P-001123,Mid-Market,REP-018,2024-04-01,2024-05-10,2024-06-21,Closed Lost,0.00,New Logo,12,39850.89,39850.89,39850.89,Lost,Timing / Budget Deferred,Trade Show / Event,false
OPP-002731,ACCT-P-001124,Mid-Market,REP-026,2025-08-04,2025-08-27,2025-09-27,Closed Lost,0.00,New Logo,12,74647.55,74647.55,74647.55,Lost,Timing / Budget Deferred,Partner / Referral,false
OPP-002732,ACCT-P-001125,Mid-Market,REP-026,2025-02-24,2025-04-22,2025-04-22,Closed Lost,0.00,New Logo,12,33507.44,33507.44,33507.44,Lost,Timing / Budget Deferred,Inbound - Organic,false
OPP-002733,ACCT-P-001126,Mid-Market,REP-039,2025-03-15,2025-07-14,2025-07-18,Closed Lost,0.00,New Logo,12,72644.08,72644.08,72644.08,Lost,Price,Trade Show / Event,false
OPP-002734,ACCT-P-001127,Mid-Market,REP-026,2025-02-15,2025-03-03,2025-03-16,Closed Lost,0.00,New Logo,12,41365.95,41365.95,41365.95,Lost,Lost to Competitor,Partner / Referral,false
OPP-002735,ACCT-P-001128,Mid-Market,REP-007,2024-05-23,2024-06-15,2024-06-23,Closed Lost,0.00,New Logo,12,58775.77,58775.77,58775.77,Lost,Lost to Competitor,Trade Show / Event,false
OPP-002736,ACCT-P-001129,Mid-Market,REP-049,2025-10-10,2025-10-17,2025-10-27,Closed Lost,0.00,New Logo,12,43878.73,43878.73,43878.73,Lost,Timing / Budget Deferred,Outbound - SDR,false
OPP-002737,ACCT-P-001130,Mid-Market,REP-026,2025-07-20,2025-08-29,2025-09-10,Closed Lost,0.00,New Logo,12,45012.47,45012.47,45012.47,Lost,Lost to Competitor,Inbound - Paid,false
OPP-002738,ACCT-P-001131,Mid-Market,REP-026,2024-02-05,2024-04-03,2024-04-13,Closed Lost,0.00,New Logo,12,54549.12,54549.12,54549.12,Lost,Timing / Budget Deferred,Inbound - Paid,false
OPP-002739,ACCT-P-001132,Mid-Market,REP-049,2025-11-10,2025-12-09,2025-12-31,Closed Lost,0.00,New Logo,12,28043.42,28043.42,28043.42,Lost,No Decision,Inbound - Paid,false
OPP-002740,ACCT-P-001133,Mid-Market,REP-032,2024-07-29,2024-09-22,2024-10-24,Closed Lost,0.00,New Logo,12,60292.96,60292.96,60292.96,Lost,Timing / Budget Deferred,Inbound - Paid,false
OPP-002741,ACCT-P-001134,Mid-Market,REP-010,2025-01-26,2025-04-10,2025-05-17,Closed Lost,0.00,New Logo,24,55013.81,55013.81,110027.62,Lost,Stayed on Incumbent,Partner / Referral,false
OPP-002742,ACCT-P-001135,Mid-Market,REP-039,2025-04-23,2025-05-07,2025-05-07,Closed Lost,0.00,New Logo,12,51076.66,51076.66,51076.66,Lost,Price,Inbound - Organic,false
OPP-002743,ACCT-P-001136,Mid-Market,REP-050,2026-03-09,2026-05-22,2026-05-18,Closed Lost,0.00,New Logo,12,40442.24,40442.24,40442.24,Lost,No Decision,Inbound - Paid,false
OPP-002744,ACCT-P-001137,Mid-Market,REP-032,2025-05-03,2025-07-02,2025-07-16,Closed Lost,0.00,New Logo,24,40342.28,40342.28,80684.57,Lost,Price,Outbound - SDR,false
OPP-002745,ACCT-P-001138,Mid-Market,REP-050,2025-10-26,2026-02-02,2026-02-14,Closed Lost,0.00,New Logo,12,42366.75,42366.75,42366.75,Lost,No Decision,Trade Show / Event,false
OPP-002746,ACCT-P-001139,Mid-Market,REP-018,2024-09-16,2024-10-24,2024-11-08,Closed Lost,0.00,New Logo,12,29799.00,29799.00,29799.00,Lost,Price,Partner / Referral,false
OPP-002747,ACCT-P-001140,Mid-Market,REP-018,2024-02-19,2024-07-27,2024-07-28,Closed Lost,0.00,New Logo,12,36998.63,36998.63,36998.63,Lost,Price,Partner / Referral,false
OPP-002748,ACCT-P-001141,Mid-Market,REP-039,2025-04-18,2025-05-29,2025-05-21,Closed Lost,0.00,New Logo,12,85521.77,85521.77,85521.77,Lost,Timing / Budget Deferred,Partner / Referral,false
OPP-002749,ACCT-P-001142,Mid-Market,REP-032,2025-05-03,2025-05-26,2025-06-04,Closed Lost,0.00,New Logo,12,54546.70,54546.70,54546.70,Lost,No Decision,Inbound - Paid,false
OPP-002750,ACCT-P-001143,Mid-Market,REP-039,2025-06-26,2025-08-15,2025-08-01,Closed Lost,0.00,New Logo,12,52416.26,52416.26,52416.26,Lost,No Decision,Partner / Referral,false
OPP-002751,ACCT-P-001144,Mid-Market,REP-026,2026-03-11,2026-04-28,2026-04-30,Closed Lost,0.00,New Logo,12,47939.68,47939.68,47939.68,Lost,Stayed on Incumbent,Trade Show / Event,false
OPP-002752,ACCT-P-001145,Mid-Market,REP-032,2024-10-26,2024-11-24,2024-12-20,Closed Lost,0.00,New Logo,12,46075.11,46075.11,46075.11,Lost,Lost to Competitor,Inbound - Paid,false
OPP-002753,ACCT-P-001146,Mid-Market,REP-026,2025-04-24,2025-07-03,2025-08-15,Closed Lost,0.00,New Logo,12,25116.50,25116.50,25116.50,Lost,Price,Inbound - Paid,false
OPP-002754,ACCT-P-001147,Mid-Market,REP-041,2024-09-27,2024-11-14,2024-12-07,Closed Lost,0.00,New Logo,12,79504.99,79504.99,79504.99,Lost,Price,Inbound - Paid,false
OPP-002755,ACCT-P-001148,Mid-Market,REP-010,2025-08-19,2025-09-12,2025-09-24,Closed Lost,0.00,New Logo,12,23725.17,23725.17,23725.17,Lost,Price,Inbound - Organic,false
OPP-002756,ACCT-P-001149,Mid-Market,REP-049,2025-11-26,2026-01-03,2026-01-09,Closed Lost,0.00,New Logo,12,37764.04,37764.04,37764.04,Lost,Product Gap,Inbound - Organic,false
OPP-002757,ACCT-P-001150,Mid-Market,REP-041,2025-01-12,2025-02-05,2025-02-24,Closed Lost,0.00,New Logo,12,25744.45,25744.45,25744.45,Lost,Price,Trade Show / Event,false
OPP-002758,ACCT-P-001151,Mid-Market,REP-041,2024-09-03,2024-11-27,2024-11-12,Closed Lost,0.00,New Logo,36,53974.18,53974.18,161922.54,Lost,No Decision,Inbound - Organic,false
OPP-002759,ACCT-P-001152,Mid-Market,REP-039,2026-01-29,2026-02-19,2026-03-24,Closed Lost,0.00,New Logo,12,28369.59,28369.59,28369.59,Lost,Price,Outbound - SDR,false
OPP-002760,ACCT-P-001153,Mid-Market,REP-023,2024-02-20,2024-05-18,2024-06-26,Closed Lost,0.00,New Logo,12,43597.84,43597.84,43597.84,Lost,Price,Inbound - Paid,false
OPP-002761,ACCT-P-001154,Mid-Market,REP-010,2024-06-19,2024-07-18,2024-08-10,Closed Lost,0.00,New Logo,12,33558.08,33558.08,33558.08,Lost,Price,Inbound - Paid,false
OPP-002762,ACCT-P-001155,Mid-Market,REP-010,2024-07-27,2024-09-11,2024-08-31,Closed Lost,0.00,New Logo,12,42684.02,42684.02,42684.02,Lost,Price,Inbound - Organic,false
OPP-002763,ACCT-P-001156,Mid-Market,REP-026,2024-03-03,2024-04-12,2024-04-14,Closed Lost,0.00,New Logo,12,86678.10,86678.10,86678.10,Lost,Product Gap,Inbound - Organic,false
OPP-002764,ACCT-P-001157,Mid-Market,REP-026,2024-07-04,2025-01-26,2025-01-12,Closed Lost,0.00,New Logo,12,67472.07,67472.07,67472.07,Lost,Stayed on Incumbent,Inbound - Paid,false
OPP-002765,ACCT-P-001158,Mid-Market,REP-032,2025-03-03,2025-08-13,2025-10-28,Closed Lost,0.00,New Logo,12,29298.03,29298.03,29298.03,Lost,Timing / Budget Deferred,Outbound - SDR,false
OPP-002766,ACCT-P-001159,Mid-Market,REP-026,2024-05-04,2024-07-30,2024-07-28,Closed Lost,0.00,New Logo,12,20531.40,20531.40,20531.40,Lost,Price,Inbound - Paid,false
OPP-002767,ACCT-P-001160,Mid-Market,REP-050,2026-01-17,2026-04-05,2026-03-23,Closed Lost,0.00,New Logo,12,33892.21,33892.21,33892.21,Lost,Product Gap,Partner / Referral,false
OPP-002768,ACCT-P-001161,Mid-Market,REP-041,2024-06-13,2024-10-28,2024-11-02,Closed Lost,0.00,New Logo,12,71408.99,71408.99,71408.99,Lost,Product Gap,Inbound - Organic,false
OPP-002769,ACCT-P-001162,Mid-Market,REP-039,2025-09-30,2025-11-03,2025-12-02,Closed Lost,0.00,New Logo,24,44802.28,44802.28,89604.56,Lost,Timing / Budget Deferred,Inbound - Paid,false
OPP-002770,ACCT-P-001163,Mid-Market,REP-032,2025-01-07,2025-03-19,2025-03-22,Closed Lost,0.00,New Logo,12,46523.51,46523.51,46523.51,Lost,Timing / Budget Deferred,Inbound - Paid,false
OPP-002771,ACCT-P-001164,Mid-Market,REP-018,2024-05-30,2024-07-19,2024-08-09,Closed Lost,0.00,New Logo,12,25739.15,25739.15,25739.15,Lost,Price,Inbound - Organic,false
OPP-002772,ACCT-P-001165,Mid-Market,REP-050,2025-12-23,2026-03-16,2026-03-17,Closed Lost,0.00,New Logo,12,37684.68,37684.68,37684.68,Lost,Price,Inbound - Organic,false
OPP-002773,ACCT-P-001166,Mid-Market,REP-032,2025-10-10,2025-12-15,2025-12-25,Closed Lost,0.00,New Logo,12,22683.26,22683.26,22683.26,Lost,No Decision,Inbound - Paid,false
OPP-002774,ACCT-P-001167,Mid-Market,REP-010,2024-05-13,2024-08-15,2024-08-19,Closed Lost,0.00,New Logo,12,44339.54,44339.54,44339.54,Lost,Price,Inbound - Organic,false
OPP-002775,ACCT-P-001168,Mid-Market,REP-050,2026-03-29,2026-05-20,2026-06-08,Closed Lost,0.00,New Logo,12,38309.49,38309.49,38309.49,Lost,No Decision,Partner / Referral,false
OPP-002776,ACCT-P-001169,Mid-Market,REP-032,2024-12-15,2025-03-13,2025-02-26,Closed Lost,0.00,New Logo,24,43327.65,43327.65,86655.31,Lost,Product Gap,Inbound - Paid,false
OPP-002777,ACCT-P-001170,Mid-Market,REP-026,2025-06-30,2025-09-13,2025-09-01,Closed Lost,0.00,New Logo,12,35743.19,35743.19,35743.19,Lost,Stayed on Incumbent,Outbound - SDR,false
OPP-002778,ACCT-P-001171,Mid-Market,REP-032,2025-05-01,2025-05-27,2025-06-09,Closed Lost,0.00,New Logo,12,51646.10,51646.10,51646.10,Lost,Lost to Competitor,Partner / Referral,false
OPP-002779,ACCT-P-001172,Mid-Market,REP-026,2025-12-13,2025-12-31,2026-01-05,Closed Lost,0.00,New Logo,12,25043.00,25043.00,25043.00,Lost,Timing / Budget Deferred,Trade Show / Event,false
OPP-002780,ACCT-P-001173,Mid-Market,REP-023,2024-05-12,2024-05-27,2024-06-02,Closed Lost,0.00,New Logo,12,47744.69,47744.69,47744.69,Lost,Lost to Competitor,Inbound - Organic,false
OPP-002781,ACCT-P-001174,Mid-Market,REP-018,2024-09-02,2024-12-24,2025-01-03,Closed Lost,0.00,New Logo,12,17532.24,17532.24,17532.24,Lost,Timing / Budget Deferred,Inbound - Organic,false
OPP-002782,ACCT-P-001175,Mid-Market,REP-050,2026-01-30,2026-05-01,2026-05-15,Closed Lost,0.00,New Logo,12,53362.76,53362.76,53362.76,Lost,Lost to Competitor,Trade Show / Event,false
OPP-002783,ACCT-P-001176,Mid-Market,REP-049,2025-02-18,2025-04-13,2025-04-11,Closed Lost,0.00,New Logo,12,27554.49,27554.49,27554.49,Lost,Timing / Budget Deferred,Trade Show / Event,false
OPP-002784,ACCT-P-001177,Mid-Market,REP-032,2025-02-22,2025-03-18,2025-03-29,Closed Lost,0.00,New Logo,12,10532.06,10532.06,10532.06,Lost,Stayed on Incumbent,Partner / Referral,false
OPP-002785,ACCT-P-001178,Mid-Market,REP-039,2024-10-26,2024-11-15,2024-11-27,Closed Lost,0.00,New Logo,12,52689.90,52689.90,52689.90,Lost,Price,Outbound - SDR,false
OPP-002786,ACCT-P-001179,Mid-Market,REP-049,2025-08-03,2025-09-04,2025-09-08,Closed Lost,0.00,New Logo,12,68428.33,68428.33,68428.33,Lost,Timing / Budget Deferred,Outbound - SDR,false
OPP-002787,ACCT-P-001180,Mid-Market,REP-039,2026-02-10,2026-03-05,2026-03-22,Closed Lost,0.00,New Logo,12,23063.04,23063.04,23063.04,Lost,Lost to Competitor,Outbound - SDR,false
OPP-002788,ACCT-P-001181,Mid-Market,REP-039,2024-11-18,2025-01-15,2025-01-24,Closed Lost,0.00,New Logo,12,41209.54,41209.54,41209.54,Lost,Price,Partner / Referral,false
OPP-002789,ACCT-P-001182,Mid-Market,REP-026,2023-11-09,2024-04-21,2024-08-16,Closed Lost,0.00,New Logo,1,45332.07,45332.07,3777.67,Lost,Price,Inbound - Paid,false
OPP-002790,ACCT-P-001183,Mid-Market,REP-032,2025-02-09,2025-03-01,2025-03-19,Closed Lost,0.00,New Logo,12,34369.96,34369.96,34369.96,Lost,Stayed on Incumbent,Inbound - Paid,false
OPP-002791,ACCT-P-001184,Mid-Market,REP-010,2025-02-01,2025-02-26,2025-02-26,Closed Lost,0.00,New Logo,12,44956.52,44956.52,44956.52,Lost,Price,Inbound - Organic,false
OPP-002792,ACCT-P-001185,Mid-Market,REP-023,2023-10-26,2023-12-10,2024-02-16,Closed Lost,0.00,New Logo,12,52735.46,52735.46,52735.46,Lost,No Decision,Trade Show / Event,false
OPP-002793,ACCT-P-001186,Mid-Market,REP-010,2025-06-30,2025-10-11,2025-11-21,Closed Lost,0.00,New Logo,12,32729.61,32729.61,32729.61,Lost,Product Gap,Partner / Referral,false
OPP-002794,ACCT-P-001187,Mid-Market,REP-039,2025-01-23,2025-02-19,2025-03-01,Closed Lost,0.00,New Logo,12,30034.30,30034.30,30034.30,Lost,Price,Inbound - Organic,false
OPP-002795,ACCT-P-001188,Mid-Market,REP-052,2026-04-23,2026-06-06,2026-06-15,Closed Lost,0.00,New Logo,12,45547.82,45547.82,45547.82,Lost,Stayed on Incumbent,Partner / Referral,false
OPP-002796,ACCT-P-001189,Mid-Market,REP-039,2024-11-11,2025-01-04,2025-01-04,Closed Lost,0.00,New Logo,12,58054.05,58054.05,58054.05,Lost,No Decision,Inbound - Organic,false
OPP-002797,ACCT-P-001190,Mid-Market,REP-023,2024-01-10,2024-02-04,2024-02-03,Closed Lost,0.00,New Logo,12,18878.35,18878.35,18878.35,Lost,Price,Outbound - SDR,false
OPP-002798,ACCT-P-001191,Mid-Market,REP-010,2024-06-30,2024-11-13,2024-11-09,Closed Lost,0.00,New Logo,1,91561.45,91561.45,7630.12,Lost,Price,Outbound - SDR,false
OPP-002799,ACCT-P-001192,Mid-Market,REP-039,2024-10-03,2024-10-24,2024-11-16,Closed Lost,0.00,New Logo,12,29237.04,29237.04,29237.04,Lost,Timing / Budget Deferred,Inbound - Organic,false
OPP-002800,ACCT-P-001193,Mid-Market,REP-026,2024-01-17,2024-04-20,2024-04-01,Closed Lost,0.00,New Logo,12,63389.77,63389.77,63389.77,Lost,No Decision,Outbound - SDR,false
OPP-002801,ACCT-P-001194,Mid-Market,REP-039,2025-03-30,2025-05-24,2025-06-07,Closed Lost,0.00,New Logo,12,33995.98,33995.98,33995.98,Lost,Lost to Competitor,Inbound - Paid,false
OPP-002802,ACCT-P-001195,Mid-Market,REP-026,2026-04-13,2026-05-05,2026-06-03,Closed Lost,0.00,New Logo,12,58109.05,58109.05,58109.05,Lost,Price,Inbound - Paid,false
OPP-002803,ACCT-P-001196,Mid-Market,REP-010,2024-11-03,2024-12-21,2025-01-05,Closed Lost,0.00,New Logo,12,45264.81,45264.81,45264.81,Lost,Product Gap,Outbound - SDR,false
OPP-002804,ACCT-P-001197,Mid-Market,REP-032,2025-10-16,2025-11-07,2025-12-12,Closed Lost,0.00,New Logo,12,31072.00,31072.00,31072.00,Lost,Timing / Budget Deferred,Inbound - Paid,false
OPP-002805,ACCT-P-001198,Mid-Market,REP-032,2025-01-09,2025-02-17,2025-03-08,Closed Lost,0.00,New Logo,12,39972.43,39972.43,39972.43,Lost,Price,Inbound - Organic,false
OPP-002806,ACCT-P-001199,Mid-Market,REP-026,2024-01-30,2024-03-15,2024-03-09,Closed Lost,0.00,New Logo,12,68078.08,68078.08,68078.08,Lost,Price,Inbound - Paid,false
OPP-002807,ACCT-P-001200,Mid-Market,REP-010,2024-06-19,2024-08-31,2024-09-30,Closed Lost,0.00,New Logo,12,34264.57,34264.57,34264.57,Lost,Stayed on Incumbent,Outbound - SDR,false
OPP-002808,ACCT-P-001201,Mid-Market,REP-032,2024-02-01,2024-04-08,2024-03-31,Closed Lost,0.00,New Logo,12,21667.98,21667.98,21667.98,Lost,Timing / Budget Deferred,Inbound - Paid,false
OPP-002809,ACCT-P-001202,Mid-Market,REP-010,2024-03-25,2024-04-07,2024-04-16,Closed Lost,0.00,New Logo,12,56350.20,56350.20,56350.20,Lost,No Decision,Partner / Referral,false
OPP-002810,ACCT-P-001203,Mid-Market,REP-050,2026-02-26,2026-03-17,2026-03-15,Closed Lost,0.00,New Logo,12,21288.80,21288.80,21288.80,Lost,Product Gap,Outbound - SDR,false
OPP-002811,ACCT-P-001204,Mid-Market,REP-032,2025-03-28,2025-04-28,2025-04-25,Closed Lost,0.00,New Logo,12,33197.05,33197.05,33197.05,Lost,Price,Inbound - Organic,false
OPP-002812,ACCT-P-001205,Mid-Market,REP-026,2025-07-13,2025-09-10,2025-09-26,Closed Lost,0.00,New Logo,12,89201.38,89201.38,89201.38,Lost,Lost to Competitor,Outbound - SDR,false
OPP-002813,ACCT-P-001206,Mid-Market,REP-010,2023-12-29,2024-01-23,2024-01-31,Closed Lost,0.00,New Logo,12,51040.21,51040.21,51040.21,Lost,Lost to Competitor,Inbound - Organic,false
OPP-002814,ACCT-P-001207,Mid-Market,REP-047,2025-02-25,2025-04-02,2025-05-09,Closed Lost,0.00,New Logo,12,38967.32,38967.32,38967.32,Lost,No Decision,Inbound - Organic,false
OPP-002815,ACCT-P-001208,Mid-Market,REP-010,2023-12-16,2024-02-03,2024-02-22,Closed Lost,0.00,New Logo,12,56675.87,56675.87,56675.87,Lost,Lost to Competitor,Outbound - SDR,false
OPP-002816,ACCT-P-001209,Mid-Market,REP-026,2024-01-29,2024-02-16,2024-03-10,Closed Lost,0.00,New Logo,12,34503.40,34503.40,34503.40,Lost,Timing / Budget Deferred,Partner / Referral,false
OPP-002817,ACCT-P-001210,Mid-Market,REP-010,2024-06-06,2024-09-14,2024-08-24,Closed Lost,0.00,New Logo,12,34279.39,34279.39,34279.39,Lost,Lost to Competitor,Outbound - SDR,false
OPP-002818,ACCT-P-001211,Mid-Market,REP-026,2025-08-30,2025-09-13,2025-09-24,Closed Lost,0.00,New Logo,12,51452.22,51452.22,51452.22,Lost,Product Gap,Trade Show / Event,false
OPP-002819,ACCT-P-001212,Mid-Market,REP-039,2025-07-23,2025-08-28,2025-09-11,Closed Lost,0.00,New Logo,12,48830.89,48830.89,48830.89,Lost,Timing / Budget Deferred,Inbound - Organic,false
OPP-002820,ACCT-P-001213,Mid-Market,REP-041,2025-03-15,2025-04-07,2025-04-30,Closed Lost,0.00,New Logo,12,42960.06,42960.06,42960.06,Lost,Lost to Competitor,Partner / Referral,false
OPP-002821,ACCT-P-001214,Mid-Market,REP-051,2025-12-31,2026-01-22,2026-02-24,Closed Lost,0.00,New Logo,12,37845.59,37845.59,37845.59,Lost,Price,Inbound - Organic,false
OPP-002822,ACCT-P-001215,Mid-Market,REP-026,2025-12-13,2026-02-03,2026-02-19,Closed Lost,0.00,New Logo,12,27093.89,27093.89,27093.89,Lost,Timing / Budget Deferred,Outbound - SDR,false
OPP-002823,ACCT-P-001216,Mid-Market,REP-026,2025-04-06,2025-05-28,2025-06-06,Closed Lost,0.00,New Logo,12,71962.04,71962.04,71962.04,Lost,Product Gap,Trade Show / Event,false
OPP-002824,ACCT-P-001217,Mid-Market,REP-032,2024-08-24,2024-10-19,2024-10-29,Closed Lost,0.00,New Logo,12,28079.82,28079.82,28079.82,Lost,Timing / Budget Deferred,Outbound - SDR,false
OPP-002825,ACCT-P-001218,Mid-Market,REP-032,2025-11-28,2026-01-31,2026-01-19,Closed Lost,0.00,New Logo,12,55342.88,55342.88,55342.88,Lost,Timing / Budget Deferred,Inbound - Organic,false
OPP-002826,ACCT-P-001219,Mid-Market,REP-026,2026-04-26,2026-05-18,2026-06-18,Closed Lost,0.00,New Logo,12,160940.29,160940.29,160940.29,Lost,Product Gap,Outbound - SDR,false
OPP-002827,ACCT-P-001220,Mid-Market,REP-010,2025-06-01,2025-09-04,2025-08-15,Closed Lost,0.00,New Logo,12,45744.53,45744.53,45744.53,Lost,Lost to Competitor,Trade Show / Event,false
OPP-002828,ACCT-P-001221,Mid-Market,REP-026,2025-02-15,2025-05-24,2025-05-30,Closed Lost,0.00,New Logo,12,53155.21,53155.21,53155.21,Lost,No Decision,Inbound - Organic,false
OPP-002829,ACCT-P-001222,Mid-Market,REP-052,2026-05-01,2026-05-12,2026-05-22,Closed Lost,0.00,New Logo,12,20401.68,20401.68,20401.68,Lost,No Decision,Inbound - Organic,false
OPP-002830,ACCT-P-001223,Mid-Market,REP-026,2024-03-18,2024-05-22,2024-05-26,Closed Lost,0.00,New Logo,12,31508.57,31508.57,31508.57,Lost,No Decision,Outbound - SDR,false
OPP-002831,ACCT-P-001224,Mid-Market,REP-026,2024-07-04,2024-12-21,2024-11-18,Closed Lost,0.00,New Logo,1,40850.80,40850.80,3404.23,Lost,No Decision,Outbound - SDR,false
OPP-002832,ACCT-P-001225,Mid-Market,REP-018,2024-05-04,2024-06-10,2024-08-02,Closed Lost,0.00,New Logo,12,42116.96,42116.96,42116.96,Lost,Price,Partner / Referral,false
OPP-002833,ACCT-P-001226,Mid-Market,REP-018,2024-07-12,2024-09-15,2024-10-11,Closed Lost,0.00,New Logo,12,16232.49,16232.49,16232.49,Lost,Lost to Competitor,Inbound - Paid,false
OPP-002834,ACCT-P-001227,Mid-Market,REP-026,2024-08-26,2025-01-31,2025-01-12,Closed Lost,0.00,New Logo,12,47460.51,47460.51,47460.51,Lost,Price,Partner / Referral,false
OPP-002835,ACCT-P-001228,Mid-Market,REP-039,2026-02-28,2026-04-07,2026-04-25,Closed Lost,0.00,New Logo,12,33215.28,33215.28,33215.28,Lost,Price,Inbound - Organic,false
OPP-002836,ACCT-P-001229,Mid-Market,REP-026,2024-01-29,2024-03-16,2024-04-05,Closed Lost,0.00,New Logo,12,48101.66,48101.66,48101.66,Lost,Lost to Competitor,Outbound - SDR,false
OPP-002837,ACCT-P-001230,Mid-Market,REP-047,2025-03-06,2025-04-13,2025-04-17,Closed Lost,0.00,New Logo,12,97112.37,97112.37,97112.37,Lost,Timing / Budget Deferred,Inbound - Organic,false
OPP-002838,ACCT-P-001231,Mid-Market,REP-018,2024-05-08,2024-07-05,2024-07-16,Closed Lost,0.00,New Logo,12,57412.91,57412.91,57412.91,Lost,Timing / Budget Deferred,Outbound - SDR,false
OPP-002839,ACCT-P-001232,Mid-Market,REP-026,2024-01-02,2024-01-23,2024-02-06,Closed Lost,0.00,New Logo,12,84449.83,84449.83,84449.83,Lost,Product Gap,Partner / Referral,false
OPP-002840,ACCT-P-001233,Mid-Market,REP-039,2025-12-31,2026-02-28,2026-04-28,Closed Lost,0.00,New Logo,12,25610.13,25610.13,25610.13,Lost,Stayed on Incumbent,Outbound - SDR,false
OPP-002841,ACCT-P-001234,Mid-Market,REP-032,2024-01-13,2024-02-22,2024-02-15,Closed Lost,0.00,New Logo,36,11394.96,11394.96,34184.87,Lost,Timing / Budget Deferred,Outbound - SDR,false
OPP-002842,ACCT-P-001235,Mid-Market,REP-026,2024-08-08,2024-10-07,2024-11-12,Closed Lost,0.00,New Logo,12,34326.97,34326.97,34326.97,Lost,Price,Inbound - Organic,false
OPP-002843,ACCT-P-001236,Mid-Market,REP-023,2023-12-27,2024-01-21,2024-02-29,Closed Lost,0.00,New Logo,12,15972.86,15972.86,15972.86,Lost,Product Gap,Inbound - Organic,false
OPP-002844,ACCT-P-001237,Mid-Market,REP-018,2024-02-16,2024-03-19,2024-04-04,Closed Lost,0.00,New Logo,12,30677.20,30677.20,30677.20,Lost,Lost to Competitor,Outbound - SDR,false
OPP-002845,ACCT-P-001238,Mid-Market,REP-039,2026-01-10,2026-01-30,2026-03-02,Closed Lost,0.00,New Logo,12,44664.67,44664.67,44664.67,Lost,Lost to Competitor,Outbound - SDR,false
OPP-002846,ACCT-P-001239,Mid-Market,REP-026,2024-05-13,2024-08-07,2024-09-05,Closed Lost,0.00,New Logo,12,83149.29,83149.29,83149.29,Lost,Timing / Budget Deferred,Outbound - SDR,false
OPP-002847,ACCT-P-001240,Mid-Market,REP-039,2025-07-05,2025-09-08,2025-10-02,Closed Lost,0.00,New Logo,1,31233.36,31233.36,2602.78,Lost,Stayed on Incumbent,Trade Show / Event,false
OPP-002848,ACCT-P-001241,Mid-Market,REP-040,2024-09-07,2024-10-22,2024-10-17,Closed Lost,0.00,New Logo,12,32793.57,32793.57,32793.57,Lost,Product Gap,Inbound - Paid,false
OPP-002849,ACCT-P-001242,Mid-Market,REP-049,2025-03-03,2025-05-11,2025-08-23,Closed Lost,0.00,New Logo,12,48750.82,48750.82,48750.82,Lost,Lost to Competitor,Trade Show / Event,false
OPP-002850,ACCT-P-001243,Mid-Market,REP-023,2024-04-17,2024-05-18,2024-05-17,Closed Lost,0.00,New Logo,12,13604.51,13604.51,13604.51,Lost,Stayed on Incumbent,Trade Show / Event,false
OPP-002851,ACCT-P-001244,Mid-Market,REP-010,2024-04-21,2024-05-22,2024-05-29,Closed Lost,0.00,New Logo,12,67355.65,67355.65,67355.65,Lost,Price,Outbound - SDR,false
OPP-002852,ACCT-P-001245,Mid-Market,REP-039,2024-07-10,2024-09-05,2024-09-08,Closed Lost,0.00,New Logo,12,30073.63,30073.63,30073.63,Lost,No Decision,Partner / Referral,false
OPP-002853,ACCT-P-001246,Mid-Market,REP-041,2025-01-04,2025-02-12,2025-02-25,Closed Lost,0.00,New Logo,12,49239.78,49239.78,49239.78,Lost,Timing / Budget Deferred,Inbound - Paid,false
OPP-002854,ACCT-P-001247,Mid-Market,REP-018,2023-12-09,2024-03-12,2024-03-03,Closed Lost,0.00,New Logo,12,33061.91,33061.91,33061.91,Lost,Timing / Budget Deferred,Partner / Referral,false
OPP-002855,ACCT-P-001248,Mid-Market,REP-026,2024-03-09,2024-05-13,2024-05-05,Closed Lost,0.00,New Logo,12,31233.30,31233.30,31233.30,Lost,Stayed on Incumbent,Inbound - Organic,false
OPP-002856,ACCT-P-001249,Mid-Market,REP-039,2024-04-29,2024-07-30,2024-07-07,Closed Lost,0.00,New Logo,12,26606.12,26606.12,26606.12,Lost,Lost to Competitor,Trade Show / Event,false
OPP-002857,ACCT-P-001250,Mid-Market,REP-039,2024-06-20,2024-07-25,2024-08-30,Closed Lost,0.00,New Logo,12,92939.68,92939.68,92939.68,Lost,Price,Inbound - Organic,false
OPP-002858,ACCT-P-001251,Mid-Market,REP-032,2025-05-19,2025-08-11,2025-07-25,Closed Lost,0.00,New Logo,12,38317.79,38317.79,38317.79,Lost,Product Gap,Outbound - SDR,false
OPP-002859,ACCT-P-001252,Mid-Market,REP-049,2025-08-02,2025-09-19,2025-09-27,Closed Lost,0.00,New Logo,12,107738.85,107738.85,107738.85,Lost,Lost to Competitor,Inbound - Organic,false
OPP-002860,ACCT-P-001253,Mid-Market,REP-010,2025-05-04,2025-06-25,2025-07-14,Closed Lost,0.00,New Logo,12,19539.92,19539.92,19539.92,Lost,Lost to Competitor,Inbound - Organic,false
OPP-002861,ACCT-P-001254,Mid-Market,REP-049,2025-10-09,2026-02-11,2026-02-12,Closed Lost,0.00,New Logo,12,77744.90,77744.90,77744.90,Lost,Timing / Budget Deferred,Inbound - Organic,false
OPP-002862,ACCT-P-001255,Mid-Market,REP-039,2025-02-09,2025-03-30,2025-04-03,Closed Lost,0.00,New Logo,12,90814.08,90814.08,90814.08,Lost,Price,Outbound - SDR,false
OPP-002863,ACCT-P-001256,Mid-Market,REP-049,2025-12-20,2026-02-13,2026-02-07,Closed Lost,0.00,New Logo,12,21265.50,21265.50,21265.50,Lost,Lost to Competitor,Trade Show / Event,false
OPP-002864,ACCT-P-001257,Mid-Market,REP-032,2024-08-03,2024-09-30,2024-09-27,Closed Lost,0.00,New Logo,24,67341.70,67341.70,134683.40,Lost,Lost to Competitor,Trade Show / Event,false
OPP-002865,ACCT-P-001258,Mid-Market,REP-010,2024-06-06,2024-07-29,2024-08-31,Closed Lost,0.00,New Logo,12,44021.96,44021.96,44021.96,Lost,Lost to Competitor,Outbound - SDR,false
OPP-002866,ACCT-P-001259,Mid-Market,REP-010,2025-01-16,2025-03-11,2025-03-06,Closed Lost,0.00,New Logo,12,22418.27,22418.27,22418.27,Lost,Timing / Budget Deferred,Partner / Referral,false
OPP-002867,ACCT-P-001260,Mid-Market,REP-040,2024-12-07,2024-12-16,2024-12-23,Closed Lost,0.00,New Logo,12,123536.83,123536.83,123536.83,Lost,Product Gap,Inbound - Paid,false
OPP-002868,ACCT-P-001261,Mid-Market,REP-026,2025-09-29,2025-10-29,2025-10-28,Closed Lost,0.00,New Logo,12,21692.30,21692.30,21692.30,Lost,Timing / Budget Deferred,Outbound - SDR,false
OPP-002869,ACCT-P-001262,Mid-Market,REP-049,2025-05-23,2025-09-03,2025-09-13,Closed Lost,0.00,New Logo,12,35924.61,35924.61,35924.61,Lost,Stayed on Incumbent,Trade Show / Event,false
OPP-002870,ACCT-P-001263,Mid-Market,REP-032,2024-02-27,2024-06-06,2024-07-25,Closed Lost,0.00,New Logo,12,31823.38,31823.38,31823.38,Lost,Timing / Budget Deferred,Partner / Referral,false
OPP-002871,ACCT-P-001264,Mid-Market,REP-039,2024-09-24,2025-01-09,2025-04-11,Closed Lost,0.00,New Logo,24,51815.57,51815.57,103631.14,Lost,Lost to Competitor,Inbound - Paid,false
OPP-002872,ACCT-P-001265,Mid-Market,REP-049,2025-09-07,2025-10-11,2025-10-18,Closed Lost,0.00,New Logo,12,41781.54,41781.54,41781.54,Lost,Lost to Competitor,Outbound - SDR,false
OPP-002873,ACCT-P-001266,Mid-Market,REP-032,2025-11-08,2025-12-08,2025-11-30,Closed Lost,0.00,New Logo,12,31119.05,31119.05,31119.05,Lost,Stayed on Incumbent,Partner / Referral,false
OPP-002874,ACCT-P-001267,Mid-Market,REP-032,2024-10-01,2024-12-11,2024-12-24,Closed Lost,0.00,New Logo,12,47941.07,47941.07,47941.07,Lost,Product Gap,Outbound - SDR,false
OPP-002875,ACCT-P-001268,Mid-Market,REP-032,2025-02-25,2025-06-29,2025-07-19,Closed Lost,0.00,New Logo,24,61138.44,61138.44,122276.89,Lost,Lost to Competitor,Inbound - Organic,false
OPP-002876,ACCT-P-001269,Mid-Market,REP-026,2026-05-07,2026-06-11,2026-06-27,Closed Lost,0.00,New Logo,12,62992.49,62992.49,62992.49,Lost,No Decision,Inbound - Organic,false
OPP-002877,ACCT-P-001270,Mid-Market,REP-026,2024-08-06,2024-09-03,2024-09-13,Closed Lost,0.00,New Logo,12,53356.32,53356.32,53356.32,Lost,Price,Outbound - SDR,false
OPP-002878,ACCT-P-001271,Mid-Market,REP-032,2025-01-30,2025-02-09,2025-02-15,Closed Lost,0.00,New Logo,12,25668.18,25668.18,25668.18,Lost,No Decision,Outbound - SDR,false
OPP-002879,ACCT-P-001272,Mid-Market,REP-023,2024-05-09,2024-07-16,2024-07-11,Closed Lost,0.00,New Logo,12,97733.21,97733.21,97733.21,Lost,Lost to Competitor,Inbound - Paid,false
OPP-002880,ACCT-P-001273,Mid-Market,REP-032,2025-06-27,2025-10-10,2025-10-06,Closed Lost,0.00,New Logo,12,36008.01,36008.01,36008.01,Lost,No Decision,Partner / Referral,false
OPP-002881,ACCT-P-001274,Mid-Market,REP-007,2023-12-19,2024-04-30,2024-04-02,Closed Lost,0.00,New Logo,12,17225.99,17225.99,17225.99,Lost,Timing / Budget Deferred,Partner / Referral,false
OPP-002882,ACCT-P-001275,Mid-Market,REP-039,2025-06-06,2025-07-14,2025-07-21,Closed Lost,0.00,New Logo,12,52069.43,52069.43,52069.43,Lost,Timing / Budget Deferred,Inbound - Organic,false
OPP-002883,ACCT-P-001276,Mid-Market,REP-007,2023-11-15,2024-02-28,2024-04-10,Closed Lost,0.00,New Logo,12,27282.09,27282.09,27282.09,Lost,Timing / Budget Deferred,Outbound - SDR,false
OPP-002884,ACCT-P-001277,Mid-Market,REP-010,2024-11-02,2024-12-02,2024-12-07,Closed Lost,0.00,New Logo,12,39465.14,39465.14,39465.14,Lost,No Decision,Trade Show / Event,false
OPP-002885,ACCT-P-001278,Mid-Market,REP-032,2023-09-24,2023-12-22,2024-02-09,Closed Lost,0.00,New Logo,12,30147.38,30147.38,30147.38,Lost,Price,Partner / Referral,false
OPP-002886,ACCT-P-001279,Mid-Market,REP-049,2026-01-08,2026-02-02,2026-02-24,Closed Lost,0.00,New Logo,12,56361.57,56361.57,56361.57,Lost,Price,Trade Show / Event,false
OPP-002887,ACCT-P-001280,Mid-Market,REP-050,2025-11-23,2026-01-15,2026-01-22,Closed Lost,0.00,New Logo,12,36244.70,36244.70,36244.70,Lost,Timing / Budget Deferred,Inbound - Paid,false
OPP-002888,ACCT-P-001281,Mid-Market,REP-010,2025-04-20,2025-06-18,2025-07-21,Closed Lost,0.00,New Logo,12,73003.64,73003.64,73003.64,Lost,Price,Inbound - Organic,false
OPP-002889,ACCT-P-001282,Mid-Market,REP-039,2024-05-11,2024-06-03,2024-06-22,Closed Lost,0.00,New Logo,12,106676.60,106676.60,106676.60,Lost,Price,Inbound - Organic,false
OPP-002890,ACCT-P-001283,Mid-Market,REP-010,2026-04-20,2026-06-04,2026-06-27,Closed Lost,0.00,New Logo,12,66440.91,66440.91,66440.91,Lost,No Decision,Inbound - Paid,false
OPP-002891,ACCT-P-001284,Mid-Market,REP-047,2025-03-10,2025-04-15,2025-04-05,Closed Lost,0.00,New Logo,12,29003.95,29003.95,29003.95,Lost,No Decision,Inbound - Paid,false
OPP-002892,ACCT-P-001285,Mid-Market,REP-018,2024-10-28,2024-12-04,2024-11-29,Closed Lost,0.00,New Logo,12,34302.37,34302.37,34302.37,Lost,Timing / Budget Deferred,Inbound - Organic,false
OPP-002893,ACCT-P-001286,Mid-Market,REP-050,2025-12-24,2026-02-26,2026-03-10,Closed Lost,0.00,New Logo,12,69283.26,69283.26,69283.26,Lost,Price,Outbound - SDR,false
OPP-002894,ACCT-P-001287,Mid-Market,REP-032,2024-07-27,2024-09-08,2024-09-18,Closed Lost,0.00,New Logo,12,49729.43,49729.43,49729.43,Lost,Product Gap,Partner / Referral,false
OPP-002895,ACCT-P-001288,Mid-Market,REP-039,2025-10-29,2025-12-07,2025-12-08,Closed Lost,0.00,New Logo,12,39993.13,39993.13,39993.13,Lost,Price,Inbound - Organic,false
OPP-002896,ACCT-P-001289,Mid-Market,REP-039,2025-07-19,2025-08-20,2025-08-27,Closed Lost,0.00,New Logo,12,49138.84,49138.84,49138.84,Lost,Lost to Competitor,Outbound - SDR,false
OPP-002897,ACCT-P-001290,Mid-Market,REP-026,2025-05-08,2025-07-10,2025-10-14,Closed Lost,0.00,New Logo,12,47979.26,47979.26,47979.26,Lost,Product Gap,Inbound - Paid,false
OPP-002898,ACCT-P-001291,Mid-Market,REP-041,2024-07-31,2024-11-07,2024-12-18,Closed Lost,0.00,New Logo,12,69764.45,69764.45,69764.45,Lost,Lost to Competitor,Outbound - SDR,false
OPP-002899,ACCT-P-001292,Mid-Market,REP-032,2025-02-15,2025-03-28,2025-04-08,Closed Lost,0.00,New Logo,1,45449.90,45449.90,3787.49,Lost,Lost to Competitor,Inbound - Organic,false
OPP-002900,ACCT-P-001293,Mid-Market,REP-032,2025-11-27,2026-02-07,2026-03-14,Closed Lost,0.00,New Logo,12,65849.84,65849.84,65849.84,Lost,Price,Trade Show / Event,false
OPP-002901,ACCT-P-001294,Mid-Market,REP-026,2023-12-22,2024-07-22,2024-08-23,Closed Lost,0.00,New Logo,12,93122.51,93122.51,93122.51,Lost,No Decision,Inbound - Paid,false
OPP-002902,ACCT-P-001295,Mid-Market,REP-032,2025-10-22,2025-12-02,2025-12-01,Closed Lost,0.00,New Logo,12,52875.65,52875.65,52875.65,Lost,Price,Partner / Referral,false
OPP-002903,ACCT-P-001296,Mid-Market,REP-039,2025-01-07,2025-04-05,2025-04-06,Closed Lost,0.00,New Logo,12,43927.56,43927.56,43927.56,Lost,No Decision,Inbound - Organic,false
OPP-002904,ACCT-P-001297,Mid-Market,REP-032,2024-07-13,2024-08-08,2024-08-28,Closed Lost,0.00,New Logo,12,36388.16,36388.16,36388.16,Lost,Lost to Competitor,Inbound - Paid,false
OPP-002905,ACCT-P-001298,Mid-Market,REP-010,2025-01-15,2025-03-14,2025-03-18,Closed Lost,0.00,New Logo,12,68889.08,68889.08,68889.08,Lost,Stayed on Incumbent,Outbound - SDR,false
OPP-002906,ACCT-P-001299,Mid-Market,REP-010,2025-03-10,2025-04-01,2025-04-21,Closed Lost,0.00,New Logo,12,39520.41,39520.41,39520.41,Lost,Price,Inbound - Paid,false
OPP-002907,ACCT-P-001300,Mid-Market,REP-050,2026-03-22,2026-06-07,2026-05-22,Closed Lost,0.00,New Logo,12,33285.38,33285.38,33285.38,Lost,No Decision,Inbound - Paid,false
OPP-002908,ACCT-P-001301,Mid-Market,REP-039,2026-02-19,2026-03-26,2026-04-24,Closed Lost,0.00,New Logo,24,30271.28,30271.28,60542.56,Lost,Product Gap,Partner / Referral,false
OPP-002909,ACCT-P-001302,Mid-Market,REP-007,2024-03-19,2024-03-26,2024-04-05,Closed Lost,0.00,New Logo,12,33725.24,33725.24,33725.24,Lost,Lost to Competitor,Inbound - Paid,false
OPP-002910,ACCT-P-001303,Mid-Market,REP-047,2025-06-04,2025-08-21,2025-08-30,Closed Lost,0.00,New Logo,12,23936.19,23936.19,23936.19,Lost,Product Gap,Inbound - Paid,false
OPP-002911,ACCT-P-001304,Mid-Market,REP-039,2024-10-15,2024-12-04,2024-12-21,Closed Lost,0.00,New Logo,12,60299.21,60299.21,60299.21,Lost,Price,Outbound - SDR,false
OPP-002912,ACCT-P-001305,Mid-Market,REP-023,2023-11-13,2024-03-22,2024-02-14,Closed Lost,0.00,New Logo,12,46241.61,46241.61,46241.61,Lost,Timing / Budget Deferred,Partner / Referral,false
OPP-002913,ACCT-P-001306,Mid-Market,REP-026,2026-01-31,2026-02-18,2026-03-17,Closed Lost,0.00,New Logo,24,34887.28,34887.28,69774.56,Lost,Lost to Competitor,Inbound - Paid,false
OPP-002914,ACCT-P-001307,Mid-Market,REP-039,2024-09-25,2024-11-21,2024-11-23,Closed Lost,0.00,New Logo,12,102585.44,102585.44,102585.44,Lost,Stayed on Incumbent,Inbound - Organic,false
OPP-002915,ACCT-P-001308,Mid-Market,REP-046,2026-01-26,2026-02-22,2026-02-23,Closed Lost,0.00,New Logo,12,44407.11,44407.11,44407.11,Lost,Lost to Competitor,Inbound - Paid,false
OPP-002916,ACCT-P-001309,Mid-Market,REP-026,2025-08-26,2025-10-07,2025-12-10,Closed Lost,0.00,New Logo,12,32439.07,32439.07,32439.07,Lost,Lost to Competitor,Inbound - Paid,false
OPP-002917,ACCT-P-001310,Mid-Market,REP-018,2024-10-11,2024-11-27,2024-12-16,Closed Lost,0.00,New Logo,12,44445.44,44445.44,44445.44,Lost,Product Gap,Partner / Referral,false
OPP-002918,ACCT-P-001311,Mid-Market,REP-039,2025-11-24,2026-01-30,2026-04-01,Closed Lost,0.00,New Logo,12,54221.47,54221.47,54221.47,Lost,Product Gap,Inbound - Organic,false
OPP-002919,ACCT-P-001312,Mid-Market,REP-007,2023-08-08,2024-03-27,2024-05-06,Closed Lost,0.00,New Logo,12,27333.37,27333.37,27333.37,Lost,Lost to Competitor,Partner / Referral,false
OPP-002920,ACCT-P-001313,Mid-Market,REP-026,2025-12-26,2026-02-25,2026-03-08,Closed Lost,0.00,New Logo,12,42225.18,42225.18,42225.18,Lost,Price,Inbound - Organic,false
OPP-002921,ACCT-P-001314,Mid-Market,REP-047,2025-06-05,2025-06-16,2025-06-20,Closed Lost,0.00,New Logo,12,26290.80,26290.80,26290.80,Lost,Lost to Competitor,Partner / Referral,false
OPP-002922,ACCT-P-001315,Mid-Market,REP-050,2025-07-28,2026-05-06,2026-03-19,Closed Lost,0.00,New Logo,12,39183.98,39183.98,39183.98,Lost,Price,Trade Show / Event,false
OPP-002923,ACCT-P-001316,Mid-Market,REP-050,2026-05-12,2026-06-13,2026-06-23,Closed Lost,0.00,New Logo,36,82308.91,82308.91,246926.72,Lost,Price,Inbound - Paid,false
OPP-002924,ACCT-P-001317,Mid-Market,REP-032,2026-02-08,2026-03-25,2026-04-15,Closed Lost,0.00,New Logo,12,63815.50,63815.50,63815.50,Lost,Price,Outbound - SDR,false
OPP-002925,ACCT-P-001318,Mid-Market,REP-039,2025-09-10,2025-10-04,2025-10-06,Closed Lost,0.00,New Logo,12,77328.42,77328.42,77328.42,Lost,Lost to Competitor,Inbound - Paid,false
OPP-002926,ACCT-P-001319,Mid-Market,REP-050,2025-09-12,2026-03-21,2026-05-27,Closed Lost,0.00,New Logo,12,66809.04,66809.04,66809.04,Lost,Lost to Competitor,Partner / Referral,false
OPP-002927,ACCT-P-001320,Mid-Market,REP-049,2025-09-15,2026-01-26,2025-12-31,Closed Lost,0.00,New Logo,12,25487.69,25487.69,25487.69,Lost,Lost to Competitor,Trade Show / Event,false
OPP-002928,ACCT-P-001321,Mid-Market,REP-039,2025-10-20,2025-12-26,2026-01-05,Closed Lost,0.00,New Logo,12,40147.08,40147.08,40147.08,Lost,Timing / Budget Deferred,Partner / Referral,false
OPP-002929,ACCT-P-001322,Mid-Market,REP-032,2025-09-13,2025-10-02,2025-10-03,Closed Lost,0.00,New Logo,12,76995.36,76995.36,76995.36,Lost,Timing / Budget Deferred,Outbound - SDR,false
OPP-002930,ACCT-P-001323,Mid-Market,REP-026,2025-01-01,2025-02-27,2025-02-23,Closed Lost,0.00,New Logo,12,41306.58,41306.58,41306.58,Lost,Stayed on Incumbent,Outbound - SDR,false
OPP-002931,ACCT-P-001324,Mid-Market,REP-026,2025-09-27,2025-10-21,2025-11-03,Closed Lost,0.00,New Logo,12,33122.20,33122.20,33122.20,Lost,Price,Outbound - SDR,false
OPP-002932,ACCT-P-001325,Mid-Market,REP-050,2026-03-13,2026-04-12,2026-04-23,Closed Lost,0.00,New Logo,12,34505.47,34505.47,34505.47,Lost,No Decision,Partner / Referral,false
OPP-002933,ACCT-P-001326,Mid-Market,REP-023,2024-03-18,2024-04-27,2024-05-06,Closed Lost,0.00,New Logo,1,43400.62,43400.62,3616.72,Lost,Price,Outbound - SDR,false
OPP-002934,ACCT-P-001327,Mid-Market,REP-010,2024-12-19,2025-02-25,2025-02-06,Closed Lost,0.00,New Logo,12,30140.35,30140.35,30140.35,Lost,Timing / Budget Deferred,Inbound - Paid,false
OPP-002935,ACCT-P-001328,Mid-Market,REP-010,2026-02-06,2026-03-14,2026-04-01,Closed Lost,0.00,New Logo,12,54457.29,54457.29,54457.29,Lost,Product Gap,Inbound - Organic,false
OPP-002936,ACCT-P-001329,Mid-Market,REP-026,2026-03-29,2026-04-25,2026-05-11,Closed Lost,0.00,New Logo,12,76017.97,76017.97,76017.97,Lost,Lost to Competitor,Inbound - Paid,false
OPP-002937,ACCT-P-001330,Mid-Market,REP-018,2024-02-24,2024-03-16,2024-03-19,Closed Lost,0.00,New Logo,12,32322.63,32322.63,32322.63,Lost,No Decision,Partner / Referral,false
OPP-002938,ACCT-P-001331,Mid-Market,REP-032,2024-02-23,2024-03-29,2024-04-29,Closed Lost,0.00,New Logo,1,46799.13,46799.13,3899.93,Lost,Price,Outbound - SDR,false
OPP-002939,ACCT-P-001332,Mid-Market,REP-026,2024-10-26,2024-12-12,2025-01-20,Closed Lost,0.00,New Logo,1,50464.84,50464.84,4205.40,Lost,No Decision,Inbound - Paid,false
OPP-002940,ACCT-P-001333,Mid-Market,REP-046,2025-09-25,2026-01-09,2026-01-06,Closed Lost,0.00,New Logo,12,57445.96,57445.96,57445.96,Lost,Product Gap,Inbound - Paid,false
OPP-002941,ACCT-P-001334,Mid-Market,REP-026,2025-07-30,2025-11-26,2026-01-25,Closed Lost,0.00,New Logo,24,46267.16,46267.16,92534.33,Lost,Price,Partner / Referral,false
OPP-002942,ACCT-P-001335,Mid-Market,REP-023,2024-02-13,2024-03-28,2024-04-27,Closed Lost,0.00,New Logo,1,43405.50,43405.50,3617.12,Lost,Price,Inbound - Organic,false
OPP-002943,ACCT-P-001336,Mid-Market,REP-039,2026-02-17,2026-04-21,2026-05-06,Closed Lost,0.00,New Logo,12,83358.36,83358.36,83358.36,Lost,Lost to Competitor,Partner / Referral,false
OPP-002944,ACCT-P-001337,Mid-Market,REP-050,2026-03-28,2026-04-25,2026-04-29,Closed Lost,0.00,New Logo,12,23613.32,23613.32,23613.32,Lost,Product Gap,Inbound - Organic,false
OPP-002945,ACCT-P-001338,Mid-Market,REP-010,2024-09-01,2024-10-03,2024-10-26,Closed Lost,0.00,New Logo,12,77568.84,77568.84,77568.84,Lost,Lost to Competitor,Outbound - SDR,false
OPP-002946,ACCT-P-001339,Mid-Market,REP-047,2025-05-12,2025-09-02,2025-08-12,Closed Lost,0.00,New Logo,12,86285.96,86285.96,86285.96,Lost,Price,Trade Show / Event,false
OPP-002947,ACCT-P-001340,Mid-Market,REP-039,2024-06-15,2024-10-15,2024-11-19,Closed Lost,0.00,New Logo,12,13761.11,13761.11,13761.11,Lost,Timing / Budget Deferred,Partner / Referral,false
OPP-002948,ACCT-P-001341,Mid-Market,REP-023,2023-11-05,2024-03-07,2024-02-09,Closed Lost,0.00,New Logo,12,38883.04,38883.04,38883.04,Lost,No Decision,Outbound - SDR,false
OPP-002949,ACCT-P-001342,Mid-Market,REP-023,2024-02-28,2024-04-23,2024-05-13,Closed Lost,0.00,New Logo,12,58521.20,58521.20,58521.20,Lost,Lost to Competitor,Inbound - Paid,false
OPP-002950,ACCT-P-001343,Mid-Market,REP-010,2025-02-17,2025-04-24,2025-05-25,Closed Lost,0.00,New Logo,12,23205.32,23205.32,23205.32,Lost,Product Gap,Trade Show / Event,false
OPP-002951,ACCT-P-001344,Mid-Market,REP-032,2025-02-08,2025-03-30,2025-03-22,Closed Lost,0.00,New Logo,12,45049.51,45049.51,45049.51,Lost,Price,Outbound - SDR,false
OPP-002952,ACCT-P-001345,Mid-Market,REP-023,2023-12-18,2024-01-31,2024-02-10,Closed Lost,0.00,New Logo,12,54095.81,54095.81,54095.81,Lost,Product Gap,Inbound - Paid,false
OPP-002953,ACCT-P-001346,Mid-Market,REP-046,2025-11-07,2025-12-13,2026-01-10,Closed Lost,0.00,New Logo,12,51753.39,51753.39,51753.39,Lost,Price,Partner / Referral,false
OPP-002954,ACCT-P-001347,Mid-Market,REP-026,2024-03-22,2024-05-21,2024-06-05,Closed Lost,0.00,New Logo,12,70230.25,70230.25,70230.25,Lost,Lost to Competitor,Inbound - Organic,false
OPP-002955,ACCT-P-001348,Mid-Market,REP-051,2026-04-22,2026-06-29,2026-06-17,Closed Lost,0.00,New Logo,12,47868.47,47868.47,47868.47,Lost,Stayed on Incumbent,Partner / Referral,false
OPP-002956,ACCT-P-001349,Mid-Market,REP-026,2023-12-25,2024-02-27,2024-04-05,Closed Lost,0.00,New Logo,12,36450.01,36450.01,36450.01,Lost,Timing / Budget Deferred,Trade Show / Event,false
OPP-002957,ACCT-P-001350,Mid-Market,REP-010,2025-04-05,2025-04-29,2025-05-13,Closed Lost,0.00,New Logo,12,26755.82,26755.82,26755.82,Lost,Product Gap,Inbound - Organic,false
OPP-002958,ACCT-P-001351,Mid-Market,REP-026,2024-03-28,2024-06-19,2024-07-03,Closed Lost,0.00,New Logo,12,73433.85,73433.85,73433.85,Lost,No Decision,Trade Show / Event,false
OPP-002959,ACCT-P-001352,Mid-Market,REP-026,2025-10-18,2026-03-25,2026-03-09,Closed Lost,0.00,New Logo,12,78556.07,78556.07,78556.07,Lost,Price,Outbound - SDR,false
OPP-002960,ACCT-P-001353,Mid-Market,REP-026,2025-04-13,2025-05-14,2025-05-16,Closed Lost,0.00,New Logo,12,30807.29,30807.29,30807.29,Lost,No Decision,Partner / Referral,false
OPP-002961,ACCT-P-001354,Mid-Market,REP-026,2024-06-21,2024-12-12,2024-12-22,Closed Lost,0.00,New Logo,12,33209.40,33209.40,33209.40,Lost,Product Gap,Trade Show / Event,false
OPP-002962,ACCT-P-001355,Mid-Market,REP-018,2024-02-02,2024-03-09,2024-04-10,Closed Lost,0.00,New Logo,12,157864.99,157864.99,157864.99,Lost,No Decision,Inbound - Organic,false
OPP-002963,ACCT-P-001356,Mid-Market,REP-023,2024-02-12,2024-03-05,2024-04-07,Closed Lost,0.00,New Logo,12,57736.55,57736.55,57736.55,Lost,Timing / Budget Deferred,Partner / Referral,false
OPP-002964,ACCT-P-001357,Mid-Market,REP-041,2024-10-14,2024-11-10,2024-12-06,Closed Lost,0.00,New Logo,24,36395.26,36395.26,72790.53,Lost,Price,Trade Show / Event,false
OPP-002965,ACCT-P-001358,Mid-Market,REP-047,2025-08-15,2025-09-13,2025-09-20,Closed Lost,0.00,New Logo,36,36838.95,36838.95,110516.85,Lost,Lost to Competitor,Inbound - Organic,false
OPP-002966,ACCT-P-001359,Mid-Market,REP-049,2025-02-06,2025-03-24,2025-04-11,Closed Lost,0.00,New Logo,12,23457.92,23457.92,23457.92,Lost,Product Gap,Inbound - Paid,false
OPP-002967,ACCT-P-001360,Mid-Market,REP-039,2025-02-10,2025-03-31,2025-04-26,Closed Lost,0.00,New Logo,12,56724.69,56724.69,56724.69,Lost,Timing / Budget Deferred,Inbound - Organic,false
OPP-002968,ACCT-P-001361,Mid-Market,REP-049,2025-07-20,2025-08-25,2025-09-06,Closed Lost,0.00,New Logo,12,64822.24,64822.24,64822.24,Lost,Product Gap,Inbound - Paid,false
OPP-002969,ACCT-P-001362,Mid-Market,REP-018,2024-01-13,2024-06-03,2024-05-09,Closed Lost,0.00,New Logo,12,92067.59,92067.59,92067.59,Lost,Timing / Budget Deferred,Trade Show / Event,false
OPP-002970,ACCT-P-001363,Mid-Market,REP-010,2025-05-15,2025-06-07,2025-06-10,Closed Lost,0.00,New Logo,12,58946.69,58946.69,58946.69,Lost,Price,Partner / Referral,false
OPP-002971,ACCT-P-001364,Mid-Market,REP-039,2024-11-09,2025-02-26,2025-02-15,Closed Lost,0.00,New Logo,36,75932.07,75932.07,227796.20,Lost,Price,Outbound - SDR,false
OPP-002972,ACCT-P-001365,Mid-Market,REP-039,2026-03-30,2026-04-26,2026-05-02,Closed Lost,0.00,New Logo,24,74780.81,74780.81,149561.62,Lost,Price,Inbound - Paid,false
OPP-002973,ACCT-P-001366,Mid-Market,REP-049,2025-07-02,2025-08-12,2025-08-12,Closed Lost,0.00,New Logo,12,28062.94,28062.94,28062.94,Lost,Price,Inbound - Organic,false
OPP-002974,ACCT-P-001367,Mid-Market,REP-041,2025-02-02,2025-05-07,2025-04-13,Closed Lost,0.00,New Logo,12,37563.12,37563.12,37563.12,Lost,Timing / Budget Deferred,Partner / Referral,false
OPP-002975,ACCT-P-001368,Mid-Market,REP-049,2026-01-25,2026-02-01,2026-02-11,Closed Lost,0.00,New Logo,12,28576.71,28576.71,28576.71,Lost,Stayed on Incumbent,Inbound - Paid,false
OPP-002976,ACCT-P-001369,Mid-Market,REP-039,2025-07-27,2025-08-28,2025-09-08,Closed Lost,0.00,New Logo,12,39442.27,39442.27,39442.27,Lost,No Decision,Outbound - SDR,false
OPP-002977,ACCT-P-001370,Mid-Market,REP-039,2026-03-27,2026-05-17,2026-05-27,Closed Lost,0.00,New Logo,12,24850.66,24850.66,24850.66,Lost,No Decision,Partner / Referral,false
OPP-002978,ACCT-P-001371,Enterprise,REP-044,2025-05-26,2025-08-17,2025-09-10,Closed Lost,0.00,New Logo,24,64823.38,64823.38,129646.77,Lost,Price,Trade Show / Event,false
OPP-002979,ACCT-P-001372,Enterprise,REP-014,2023-10-06,2024-03-08,2024-02-25,Closed Lost,0.00,New Logo,36,312216.14,312216.14,936648.43,Lost,Lost to Competitor,Outbound - SDR,false
OPP-002980,ACCT-P-001373,Enterprise,REP-029,2024-09-23,2024-11-03,2024-12-28,Closed Lost,0.00,New Logo,36,199370.85,199370.85,598112.54,Lost,No Decision,Partner / Referral,false
OPP-002981,ACCT-P-001374,Enterprise,REP-044,2026-02-22,2026-05-07,2026-04-28,Closed Lost,0.00,New Logo,24,162956.55,162956.55,325913.09,Lost,Timing / Budget Deferred,Inbound - Organic,false
OPP-002982,ACCT-P-001375,Enterprise,REP-033,2023-12-10,2024-02-08,2024-03-07,Closed Lost,0.00,New Logo,36,191073.14,191073.14,573219.42,Lost,Timing / Budget Deferred,Inbound - Paid,false
OPP-002983,ACCT-P-001376,Enterprise,REP-014,2024-03-19,2024-08-18,2024-11-02,Closed Lost,0.00,New Logo,36,212384.66,212384.66,637153.99,Lost,Lost to Competitor,Inbound - Paid,false
OPP-002984,ACCT-P-001377,Enterprise,REP-014,2025-06-21,2025-09-19,2025-09-23,Closed Lost,0.00,New Logo,24,283655.12,283655.12,567310.23,Lost,Lost to Competitor,Outbound - SDR,false
OPP-002985,ACCT-P-001378,Enterprise,REP-014,2024-01-12,2024-03-13,2024-04-17,Closed Lost,0.00,New Logo,12,126700.22,126700.22,126700.22,Lost,Timing / Budget Deferred,Outbound - SDR,false
OPP-002986,ACCT-P-001379,Enterprise,REP-045,2026-03-07,2026-04-15,2026-04-26,Closed Lost,0.00,New Logo,36,291514.65,291514.65,874543.94,Lost,Price,Outbound - SDR,false
OPP-002987,ACCT-P-001380,Enterprise,REP-014,2025-04-06,2026-04-10,2025-12-26,Closed Lost,0.00,New Logo,12,272582.61,272582.61,272582.61,Lost,Price,Outbound - SDR,false
OPP-002988,ACCT-P-001381,Enterprise,REP-045,2025-05-30,2025-12-10,2025-11-11,Closed Lost,0.00,New Logo,36,113362.68,113362.68,340088.05,Lost,No Decision,Inbound - Organic,false
OPP-002989,ACCT-P-001382,Enterprise,REP-029,2025-09-08,2026-02-24,2026-02-16,Closed Lost,0.00,New Logo,24,365546.43,365546.43,731092.86,Lost,Price,Inbound - Paid,false
OPP-002990,ACCT-P-001383,Enterprise,REP-014,2025-05-27,2025-10-28,2025-09-24,Closed Lost,0.00,New Logo,12,285523.26,285523.26,285523.26,Lost,Product Gap,Outbound - SDR,false
OPP-002991,ACCT-P-001384,Enterprise,REP-029,2023-12-03,2024-05-08,2024-06-25,Closed Lost,0.00,New Logo,36,261871.08,261871.08,785613.24,Lost,Timing / Budget Deferred,Inbound - Paid,false
OPP-002992,ACCT-P-001385,Enterprise,REP-029,2023-07-30,2023-11-23,2024-03-17,Closed Lost,0.00,New Logo,36,150858.12,150858.12,452574.37,Lost,Price,Trade Show / Event,false
OPP-002993,ACCT-P-001386,Enterprise,REP-014,2023-11-22,2024-02-15,2024-02-05,Closed Lost,0.00,New Logo,12,180950.12,180950.12,180950.12,Lost,Stayed on Incumbent,Partner / Referral,false
OPP-002994,ACCT-P-001387,Enterprise,REP-045,2025-06-22,2025-07-31,2025-08-22,Closed Lost,0.00,New Logo,36,139072.37,139072.37,417217.10,Lost,Stayed on Incumbent,Outbound - SDR,false
OPP-002995,ACCT-P-001388,Enterprise,REP-014,2023-04-20,2024-04-14,2024-04-21,Closed Lost,0.00,New Logo,12,166869.13,166869.13,166869.13,Lost,Timing / Budget Deferred,Trade Show / Event,false
OPP-002996,ACCT-P-001389,Enterprise,REP-014,2024-11-25,2025-03-06,2025-03-12,Closed Lost,0.00,New Logo,24,169487.28,169487.28,338974.56,Lost,No Decision,Inbound - Paid,false
OPP-002997,ACCT-P-001390,Enterprise,REP-029,2025-10-28,2026-03-07,2026-03-31,Closed Lost,0.00,New Logo,24,193370.81,193370.81,386741.62,Lost,Timing / Budget Deferred,Partner / Referral,false
OPP-002998,ACCT-P-001391,Enterprise,REP-014,2023-09-10,2024-03-06,2024-02-20,Closed Lost,0.00,New Logo,36,468478.60,468478.60,1405435.81,Lost,Lost to Competitor,Inbound - Organic,false
OPP-002999,ACCT-P-001392,Enterprise,REP-014,2024-04-09,2024-06-05,2024-06-23,Closed Lost,0.00,New Logo,12,279607.18,279607.18,279607.18,Lost,No Decision,Outbound - SDR,false
OPP-003000,ACCT-P-001393,Enterprise,REP-033,2023-11-29,2024-02-02,2024-04-18,Closed Lost,0.00,New Logo,36,210917.27,210917.27,632751.82,Lost,Product Gap,Partner / Referral,false
OPP-003001,ACCT-P-001394,Enterprise,REP-029,2024-12-19,2025-02-19,2025-03-17,Closed Lost,0.00,New Logo,36,139955.87,139955.87,419867.61,Lost,Lost to Competitor,Inbound - Paid,false
OPP-003002,ACCT-P-001395,Enterprise,REP-014,2024-09-15,2024-11-25,2024-11-20,Closed Lost,0.00,New Logo,36,539857.50,539857.50,1619572.49,Lost,Price,Inbound - Organic,false
OPP-003003,ACCT-P-001396,Enterprise,REP-044,2025-10-13,2026-01-29,2026-01-29,Closed Lost,0.00,New Logo,12,187983.91,187983.91,187983.91,Lost,Price,Inbound - Organic,false
OPP-003004,ACCT-P-001397,Enterprise,REP-029,2026-01-22,2026-03-22,2026-03-20,Closed Lost,0.00,New Logo,36,174865.52,174865.52,524596.57,Lost,Timing / Budget Deferred,Inbound - Paid,false
OPP-003005,ACCT-P-001398,Enterprise,REP-014,2024-03-23,2024-07-29,2024-10-03,Closed Lost,0.00,New Logo,12,332367.04,332367.04,332367.04,Lost,Lost to Competitor,Inbound - Organic,false
OPP-003006,ACCT-P-001399,Enterprise,REP-045,2025-07-24,2025-10-01,2025-09-29,Closed Lost,0.00,New Logo,24,173621.97,173621.97,347243.94,Lost,Lost to Competitor,Inbound - Organic,false
OPP-003007,ACCT-P-001400,Enterprise,REP-045,2025-03-24,2025-05-12,2025-06-15,Closed Lost,0.00,New Logo,24,362530.95,362530.95,725061.91,Lost,Price,Inbound - Organic,false
OPP-003008,ACCT-P-001401,Enterprise,REP-029,2024-01-02,2024-02-22,2024-02-27,Closed Lost,0.00,New Logo,36,190506.75,190506.75,571520.25,Lost,Lost to Competitor,Trade Show / Event,false
OPP-003009,ACCT-P-001402,Enterprise,REP-029,2024-04-05,2024-06-12,2024-06-21,Closed Lost,0.00,New Logo,24,154465.63,154465.63,308931.27,Lost,Product Gap,Inbound - Paid,false
OPP-003010,ACCT-P-001403,Enterprise,REP-045,2025-07-28,2025-11-09,2025-11-03,Closed Lost,0.00,New Logo,12,91597.73,91597.73,91597.73,Lost,Product Gap,Partner / Referral,false
OPP-003011,ACCT-P-001404,Enterprise,REP-029,2025-12-05,2026-04-28,2026-05-09,Closed Lost,0.00,New Logo,24,139025.17,139025.17,278050.34,Lost,Price,Inbound - Paid,false
OPP-003012,ACCT-P-001405,Enterprise,REP-014,2024-04-21,2024-07-28,2024-07-29,Closed Lost,0.00,New Logo,12,171821.86,171821.86,171821.86,Lost,Price,Outbound - SDR,false
OPP-003013,ACCT-P-001406,Enterprise,REP-045,2026-03-17,2026-05-09,2026-05-24,Closed Lost,0.00,New Logo,36,206739.30,206739.30,620217.89,Lost,Timing / Budget Deferred,Outbound - SDR,false
OPP-003014,ACCT-P-001407,Enterprise,REP-033,2024-01-15,2024-05-13,2024-05-25,Closed Lost,0.00,New Logo,36,166276.24,166276.24,498828.71,Lost,Stayed on Incumbent,Inbound - Paid,false
OPP-003015,ACCT-P-001408,Enterprise,REP-014,2024-01-30,2024-03-11,2024-05-10,Closed Lost,0.00,New Logo,12,290744.73,290744.73,290744.73,Lost,No Decision,Inbound - Paid,false
OPP-003016,ACCT-P-001409,Enterprise,REP-045,2024-08-26,2025-03-05,2025-01-30,Closed Lost,0.00,New Logo,36,288584.45,288584.45,865753.36,Lost,No Decision,Inbound - Organic,false
OPP-003017,ACCT-P-001410,Enterprise,REP-029,2023-10-27,2024-02-21,2024-03-17,Closed Lost,0.00,New Logo,36,237129.79,237129.79,711389.38,Lost,Lost to Competitor,Inbound - Organic,false
OPP-003018,ACCT-P-001411,Enterprise,REP-044,2025-12-27,2026-05-25,2026-06-05,Closed Lost,0.00,New Logo,12,215287.53,215287.53,215287.53,Lost,Price,Outbound - SDR,false
OPP-003019,ACCT-P-001412,Enterprise,REP-045,2025-03-22,2025-06-12,2025-06-21,Closed Lost,0.00,New Logo,24,487953.55,487953.55,975907.10,Lost,Product Gap,Trade Show / Event,false
OPP-003020,ACCT-P-001413,Enterprise,REP-029,2025-05-23,2025-08-02,2025-09-12,Closed Lost,0.00,New Logo,24,124162.22,124162.22,248324.44,Lost,Lost to Competitor,Inbound - Paid,false
OPP-003021,ACCT-P-001414,Enterprise,REP-029,2026-01-20,2026-04-29,2026-05-15,Closed Lost,0.00,New Logo,12,358019.18,358019.18,358019.18,Lost,No Decision,Partner / Referral,false
OPP-003022,ACCT-P-001415,Enterprise,REP-045,2025-03-08,2025-06-06,2025-07-01,Closed Lost,0.00,New Logo,36,180102.73,180102.73,540308.19,Lost,Lost to Competitor,Inbound - Organic,false
OPP-003023,ACCT-P-001416,Enterprise,REP-033,2024-03-12,2024-06-06,2024-06-14,Closed Lost,0.00,New Logo,24,599055.38,599055.38,1198110.76,Lost,No Decision,Partner / Referral,false
OPP-003024,ACCT-P-001417,Enterprise,REP-045,2024-09-05,2024-12-10,2024-12-22,Closed Lost,0.00,New Logo,24,105882.97,105882.97,211765.94,Lost,No Decision,Inbound - Organic,false
OPP-003025,ACCT-P-001418,Enterprise,REP-044,2025-06-28,2026-01-30,2025-12-15,Closed Lost,0.00,New Logo,36,89938.23,89938.23,269814.70,Lost,No Decision,Trade Show / Event,false
OPP-003026,ACCT-P-001419,Enterprise,REP-029,2024-12-28,2025-05-29,2025-05-19,Closed Lost,0.00,New Logo,24,407994.13,407994.13,815988.25,Lost,No Decision,Trade Show / Event,false
OPP-003027,ACCT-P-001420,Enterprise,REP-029,2025-11-24,2026-02-18,2026-03-21,Closed Lost,0.00,New Logo,24,170519.86,170519.86,341039.73,Lost,No Decision,Partner / Referral,false
OPP-003028,ACCT-P-001421,Enterprise,REP-029,2025-07-23,2025-08-21,2025-09-22,Closed Lost,0.00,New Logo,36,196439.25,196439.25,589317.74,Lost,Timing / Budget Deferred,Partner / Referral,false
OPP-003029,ACCT-P-001422,Enterprise,REP-044,2024-12-30,2025-03-24,2025-04-03,Closed Lost,0.00,New Logo,12,563651.02,563651.02,563651.02,Lost,Price,Inbound - Paid,false
OPP-003030,ACCT-P-001423,Enterprise,REP-045,2025-04-05,2025-05-19,2025-06-22,Closed Lost,0.00,New Logo,12,379694.84,379694.84,379694.84,Lost,Timing / Budget Deferred,Inbound - Organic,false
OPP-003031,ACCT-P-001424,Enterprise,REP-029,2024-05-14,2024-12-28,2025-01-24,Closed Lost,0.00,New Logo,24,231814.46,231814.46,463628.93,Lost,Product Gap,Inbound - Paid,false
OPP-003032,ACCT-P-001425,Enterprise,REP-029,2025-12-27,2026-02-07,2026-04-13,Closed Lost,0.00,New Logo,12,187602.36,187602.36,187602.36,Lost,No Decision,Inbound - Paid,false
OPP-003033,ACCT-P-001426,Enterprise,REP-045,2025-01-31,2025-05-18,2025-04-24,Closed Lost,0.00,New Logo,12,93562.35,93562.35,93562.35,Lost,Timing / Budget Deferred,Trade Show / Event,false
OPP-003034,ACCT-P-001427,Enterprise,REP-044,2025-06-06,2025-07-20,2025-09-26,Closed Lost,0.00,New Logo,12,229906.67,229906.67,229906.67,Lost,Stayed on Incumbent,Trade Show / Event,false
OPP-003035,ACCT-P-001428,Enterprise,REP-014,2024-10-20,2024-12-01,2025-01-03,Closed Lost,0.00,New Logo,24,122617.11,122617.11,245234.22,Lost,Timing / Budget Deferred,Inbound - Paid,false
OPP-003036,ACCT-P-001429,Enterprise,REP-029,2024-03-19,2024-08-11,2024-08-27,Closed Lost,0.00,New Logo,24,304530.80,304530.80,609061.59,Lost,Product Gap,Outbound - SDR,false
OPP-003037,ACCT-P-001430,Enterprise,REP-045,2025-01-16,2025-04-27,2025-06-11,Closed Lost,0.00,New Logo,24,126415.73,126415.73,252831.47,Lost,Timing / Budget Deferred,Trade Show / Event,false
OPP-003038,ACCT-P-001431,Enterprise,REP-029,2024-07-10,2024-09-27,2024-11-01,Closed Lost,0.00,New Logo,24,155261.05,155261.05,310522.11,Lost,Lost to Competitor,Inbound - Organic,false
OPP-003039,ACCT-P-001432,Enterprise,REP-044,2026-02-14,2026-06-14,2026-06-27,Closed Lost,0.00,New Logo,12,180444.96,180444.96,180444.96,Lost,Price,Inbound - Organic,false
OPP-003040,ACCT-P-001433,Enterprise,REP-033,2024-06-07,2024-08-17,2024-08-16,Closed Lost,0.00,New Logo,36,138376.42,138376.42,415129.26,Lost,No Decision,Inbound - Organic,false
OPP-003041,ACCT-P-001434,Enterprise,REP-029,2024-02-29,2024-09-27,2024-07-29,Closed Lost,0.00,New Logo,36,503275.39,503275.39,1509826.18,Lost,No Decision,Inbound - Organic,false
OPP-003042,ACCT-P-001435,Enterprise,REP-044,2025-01-27,2025-03-30,2025-04-13,Closed Lost,0.00,New Logo,12,174274.68,174274.68,174274.68,Lost,Price,Outbound - SDR,false
OPP-003043,ACCT-P-001436,Enterprise,REP-029,2026-01-20,2026-04-10,2026-04-30,Closed Lost,0.00,New Logo,36,132842.23,132842.23,398526.69,Lost,Lost to Competitor,Partner / Referral,false
OPP-003044,ACCT-P-001437,Enterprise,REP-033,2024-02-26,2024-04-26,2024-04-22,Closed Lost,0.00,New Logo,12,143402.00,143402.00,143402.00,Lost,Timing / Budget Deferred,Outbound - SDR,false
OPP-003045,ACCT-P-001438,Enterprise,REP-044,2025-03-03,2025-08-16,2025-11-07,Closed Lost,0.00,New Logo,36,271292.41,271292.41,813877.22,Lost,Product Gap,Partner / Referral,false
OPP-003046,ACCT-P-001439,Enterprise,REP-014,2024-09-16,2024-12-21,2024-12-18,Closed Lost,0.00,New Logo,36,306882.11,306882.11,920646.32,Lost,Timing / Budget Deferred,Inbound - Organic,false
OPP-003047,ACCT-P-001440,Enterprise,REP-029,2024-10-18,2025-03-20,2025-04-09,Closed Lost,0.00,New Logo,12,362624.08,362624.08,362624.08,Lost,Lost to Competitor,Outbound - SDR,false
OPP-003048,ACCT-P-001441,Enterprise,REP-045,2024-12-28,2025-04-03,2025-06-09,Closed Lost,0.00,New Logo,12,164135.10,164135.10,164135.10,Lost,Stayed on Incumbent,Outbound - SDR,false
OPP-003049,ACCT-P-001442,Enterprise,REP-044,2024-09-09,2025-01-02,2025-01-04,Closed Lost,0.00,New Logo,24,142347.26,142347.26,284694.53,Lost,Price,Outbound - SDR,false
OPP-003050,ACCT-P-001443,Enterprise,REP-045,2025-05-14,2025-11-08,2026-02-10,Closed Lost,0.00,New Logo,36,137141.94,137141.94,411425.82,Lost,No Decision,Inbound - Paid,false
OPP-003051,ACCT-P-001444,Enterprise,REP-044,2024-12-19,2025-04-15,2025-06-08,Closed Lost,0.00,New Logo,12,204718.41,204718.41,204718.41,Lost,Price,Partner / Referral,false
OPP-003052,ACCT-P-001445,Enterprise,REP-014,2024-08-09,2025-02-09,2024-12-28,Closed Lost,0.00,New Logo,36,152684.88,152684.88,458054.63,Lost,Lost to Competitor,Outbound - SDR,false
OPP-003053,ACCT-P-001446,Enterprise,REP-014,2024-08-21,2024-11-05,2024-10-31,Closed Lost,0.00,New Logo,12,164844.12,164844.12,164844.12,Lost,Price,Inbound - Organic,false
OPP-003054,ACCT-P-001447,Enterprise,REP-045,2025-05-02,2026-02-03,2026-03-30,Closed Lost,0.00,New Logo,36,203550.98,203550.98,610652.95,Lost,Price,Inbound - Paid,false
OPP-003055,ACCT-P-001448,Enterprise,REP-029,2024-11-08,2025-05-14,2025-05-10,Closed Lost,0.00,New Logo,12,105179.96,105179.96,105179.96,Lost,No Decision,Inbound - Organic,false
OPP-003056,ACCT-P-001449,Enterprise,REP-029,2024-07-16,2024-11-15,2025-01-07,Closed Lost,0.00,New Logo,36,290932.04,290932.04,872796.12,Lost,Lost to Competitor,Outbound - SDR,false
OPP-003057,ACCT-P-001450,Enterprise,REP-014,2023-12-23,2024-03-28,2024-03-30,Closed Lost,0.00,New Logo,36,203547.69,203547.69,610643.07,Lost,Lost to Competitor,Trade Show / Event,false
OPP-003058,ACCT-P-001451,Enterprise,REP-014,2024-11-12,2025-01-22,2025-02-26,Closed Lost,0.00,New Logo,12,366222.74,366222.74,366222.74,Lost,Stayed on Incumbent,Outbound - SDR,false
OPP-003059,ACCT-P-001452,Enterprise,REP-045,2025-11-05,2025-12-16,2026-02-16,Closed Lost,0.00,New Logo,36,305563.84,305563.84,916691.51,Lost,Lost to Competitor,Inbound - Organic,false
OPP-003060,ACCT-P-001453,Enterprise,REP-029,2025-10-31,2025-12-16,2026-01-12,Closed Lost,0.00,New Logo,24,110025.52,110025.52,220051.03,Lost,Price,Inbound - Organic,false
OPP-003061,ACCT-P-001454,Enterprise,REP-029,2024-05-18,2024-08-04,2024-10-07,Closed Lost,0.00,New Logo,12,173691.25,173691.25,173691.25,Lost,Lost to Competitor,Outbound - SDR,false
OPP-003062,ACCT-P-001455,Enterprise,REP-014,2024-03-19,2025-01-27,2024-12-18,Closed Lost,0.00,New Logo,36,81776.61,81776.61,245329.82,Lost,No Decision,Trade Show / Event,false
OPP-003063,ACCT-P-001456,Enterprise,REP-044,2024-07-23,2024-09-26,2024-10-13,Closed Lost,0.00,New Logo,36,219906.38,219906.38,659719.15,Lost,Price,Inbound - Paid,false
OPP-003064,ACCT-P-001457,Enterprise,REP-044,2024-11-19,2024-12-30,2025-01-25,Closed Lost,0.00,New Logo,36,365855.57,365855.57,1097566.71,Lost,Lost to Competitor,Inbound - Paid,false
OPP-003065,ACCT-P-001458,Enterprise,REP-029,2026-03-21,2026-07-13,2026-06-11,Closed Lost,0.00,New Logo,12,205245.10,205245.10,205245.10,Lost,Price,Partner / Referral,false
OPP-003066,ACCT-P-001459,Enterprise,REP-045,2025-07-10,2026-02-02,2026-02-06,Closed Lost,0.00,New Logo,36,139973.64,139973.64,419920.92,Lost,Timing / Budget Deferred,Partner / Referral,false
OPP-003067,ACCT-P-001460,Enterprise,REP-029,2025-12-09,2026-05-06,2026-06-05,Closed Lost,0.00,New Logo,36,141506.60,141506.60,424519.81,Lost,Stayed on Incumbent,Partner / Referral,false
OPP-003068,ACCT-P-001461,Enterprise,REP-044,2025-11-10,2026-01-14,2026-01-27,Closed Lost,0.00,New Logo,24,418485.82,418485.82,836971.63,Lost,Price,Inbound - Organic,false
OPP-003069,ACCT-P-001462,Enterprise,REP-045,2024-11-15,2025-02-13,2025-02-12,Closed Lost,0.00,New Logo,12,142176.43,142176.43,142176.43,Lost,Price,Outbound - SDR,false
OPP-003070,ACCT-P-001463,Enterprise,REP-044,2025-03-10,2025-11-18,2025-09-07,Closed Lost,0.00,New Logo,12,137390.92,137390.92,137390.92,Lost,Timing / Budget Deferred,Trade Show / Event,false
OPP-003071,ACCT-P-001464,Enterprise,REP-045,2025-06-16,2025-08-25,2025-09-22,Closed Lost,0.00,New Logo,24,163867.13,163867.13,327734.25,Lost,Stayed on Incumbent,Outbound - SDR,false
OPP-003072,ACCT-P-001465,Enterprise,REP-014,2025-08-16,2025-12-11,2025-12-19,Closed Lost,0.00,New Logo,12,102106.74,102106.74,102106.74,Lost,Lost to Competitor,Partner / Referral,false
OPP-003073,ACCT-P-001466,Enterprise,REP-014,2024-08-09,2024-12-04,2024-12-25,Closed Lost,0.00,New Logo,36,240693.23,240693.23,722079.68,Lost,Price,Inbound - Paid,false
OPP-003074,ACCT-P-001467,Enterprise,REP-044,2025-02-05,2025-07-24,2025-07-16,Closed Lost,0.00,New Logo,12,161597.82,161597.82,161597.82,Lost,Price,Trade Show / Event,false
OPP-003075,ACCT-P-001468,Enterprise,REP-029,2023-12-06,2024-04-06,2024-03-15,Closed Lost,0.00,New Logo,12,488810.13,488810.13,488810.13,Lost,No Decision,Inbound - Paid,false
OPP-003076,ACCT-P-001469,Enterprise,REP-045,2024-09-22,2025-02-11,2025-01-11,Closed Lost,0.00,New Logo,24,164656.27,164656.27,329312.54,Lost,Price,Outbound - SDR,false
OPP-003077,ACCT-P-001470,Enterprise,REP-029,2024-05-23,2024-09-03,2024-08-05,Closed Lost,0.00,New Logo,36,132535.87,132535.87,397607.62,Lost,Lost to Competitor,Inbound - Paid,false
OPP-003078,ACCT-P-001471,Enterprise,REP-029,2025-12-15,2026-05-28,2026-06-02,Closed Lost,0.00,New Logo,12,203208.98,203208.98,203208.98,Lost,No Decision,Partner / Referral,false
OPP-003079,ACCT-P-001472,Enterprise,REP-029,2024-02-12,2024-03-26,2024-04-01,Closed Lost,0.00,New Logo,24,238650.73,238650.73,477301.46,Lost,Price,Outbound - SDR,false
OPP-003080,ACCT-P-001473,Enterprise,REP-044,2024-05-18,2024-10-04,2024-11-04,Closed Lost,0.00,New Logo,12,208909.55,208909.55,208909.55,Lost,Timing / Budget Deferred,Outbound - SDR,false
OPP-003081,ACCT-P-001474,Enterprise,REP-029,2026-03-05,2026-06-11,2026-06-16,Closed Lost,0.00,New Logo,24,107626.52,107626.52,215253.04,Lost,No Decision,Inbound - Paid,false
OPP-003082,ACCT-P-001475,Enterprise,REP-033,2023-12-13,2024-03-28,2024-04-05,Closed Lost,0.00,New Logo,12,123851.60,123851.60,123851.60,Lost,Product Gap,Inbound - Paid,false
OPP-003083,CUST-01087,Mid-Market,REP-041,2025-01-30,2025-03-06,2025-03-10,Closed Lost,0.00,Expansion,12,121463.94,121463.94,121463.94,Lost,Timing / Budget Deferred,Outbound - SDR,false
OPP-003084,CUST-01100,Mid-Market,REP-039,2026-02-12,2026-04-07,2026-04-14,Closed Lost,0.00,Expansion,12,19740.83,19740.83,19740.83,Lost,Lost to Competitor,Partner / Referral,false
OPP-003085,CUST-00909,SMB,REP-038,2024-09-18,2024-09-25,2024-09-26,Closed Lost,0.00,Expansion,12,6109.79,6109.79,6109.79,Lost,Product Gap,Inbound - Paid,false
OPP-003086,CUST-00678,Mid-Market,REP-026,2025-01-29,2025-04-07,2025-04-15,Closed Lost,0.00,Expansion,12,9302.28,9302.28,9302.28,Lost,Price,Outbound - SDR,false
OPP-003087,CUST-01024,Mid-Market,REP-039,2024-08-26,2024-10-29,2024-11-06,Closed Lost,0.00,Expansion,12,4310.87,4310.87,4310.87,Lost,Lost to Competitor,Outbound - SDR,false
OPP-003088,CUST-01532,Mid-Market,REP-032,2025-04-14,2025-10-07,2025-10-27,Closed Lost,0.00,Expansion,12,59941.37,59941.37,59941.37,Lost,Price,Outbound - SDR,false
OPP-003089,CUST-01096,Mid-Market,REP-051,2026-06-11,2026-06-28,2026-06-30,Closed Lost,0.00,Expansion,12,14669.44,14669.44,14669.44,Lost,No Decision,Inbound - Paid,false
OPP-003090,CUST-00717,Mid-Market,REP-026,2024-11-09,2024-11-19,2024-11-21,Closed Lost,0.00,Expansion,12,5014.00,5014.00,5014.00,Lost,Lost to Competitor,Inbound - Organic,false
OPP-003091,CUST-01561,Enterprise,REP-044,2025-09-27,2026-01-21,2026-02-03,Closed Lost,0.00,Expansion,12,34216.59,34216.59,34216.59,Lost,No Decision,Inbound - Organic,false
OPP-003092,CUST-01563,Enterprise,REP-029,2025-12-09,2026-03-26,2026-04-07,Closed Lost,0.00,Expansion,12,210190.14,210190.14,210190.14,Lost,No Decision,Inbound - Organic,false
OPP-003093,CUST-01075,Mid-Market,REP-007,2023-10-09,2023-11-30,2023-12-06,Closed Lost,0.00,Expansion,12,6819.30,6819.30,6819.30,Lost,No Decision,Inbound - Paid,false
OPP-003094,CUST-01299,Mid-Market,REP-039,2024-12-25,2025-02-06,2025-02-11,Closed Lost,0.00,Expansion,12,4169.00,4169.00,4169.00,Lost,Price,Inbound - Paid,false
OPP-003095,CUST-01190,SMB,REP-038,2025-01-30,2025-03-28,2025-04-04,Closed Lost,0.00,Expansion,1,3454.21,3454.21,287.85,Lost,Stayed on Incumbent,Inbound - Paid,false
OPP-003096,CUST-01037,Mid-Market,REP-032,2024-07-27,2024-10-23,2024-11-02,Closed Lost,0.00,Expansion,24,4653.13,4653.13,9306.26,Lost,Timing / Budget Deferred,Inbound - Organic,false
OPP-003097,CUST-00937,SMB,REP-037,2026-06-11,2026-06-28,2026-06-30,Closed Lost,0.00,Expansion,1,322.17,322.17,26.85,Lost,Product Gap,Inbound - Organic,false
OPP-003098,CUST-00303,SMB,REP-038,2026-06-10,2026-06-28,2026-06-30,Closed Lost,0.00,Expansion,12,1136.48,1136.48,1136.48,Lost,Price,Inbound - Organic,false
OPP-003099,CUST-01285,Mid-Market,REP-039,2024-09-13,2024-09-29,2024-10-01,Closed Lost,0.00,Expansion,12,35820.17,35820.17,35820.17,Lost,Timing / Budget Deferred,Trade Show / Event,false
OPP-003100,CUST-01292,Mid-Market,REP-010,2024-11-18,2025-04-02,2025-04-18,Closed Lost,0.00,Expansion,12,14084.07,14084.07,14084.07,Lost,Product Gap,Trade Show / Event,false
OPP-003101,CUST-01017,Mid-Market,REP-026,2025-07-17,2025-09-13,2025-09-20,Closed Lost,0.00,Expansion,12,35213.72,35213.72,35213.72,Lost,Lost to Competitor,Inbound - Paid,false
OPP-003102,CUST-01086,Mid-Market,REP-039,2024-07-15,2024-08-11,2024-08-14,Closed Lost,0.00,Expansion,12,15386.16,15386.16,15386.16,Lost,Timing / Budget Deferred,Partner / Referral,false
OPP-003103,CUST-00800,SMB,REP-038,2024-11-23,2024-12-02,2024-12-04,Closed Lost,0.00,Expansion,12,7927.93,7927.93,7927.93,Lost,Lost to Competitor,Trade Show / Event,false
OPP-003104,CUST-01530,Mid-Market,REP-032,2025-05-07,2025-08-23,2025-09-04,Closed Lost,0.00,Expansion,12,9108.57,9108.57,9108.57,Lost,Price,Partner / Referral,false
OPP-003105,CUST-00058,Mid-Market,REP-039,2024-06-05,2024-11-14,2024-12-02,Closed Lost,0.00,Expansion,24,7064.91,7064.91,14129.82,Lost,No Decision,Outbound - SDR,false
OPP-003106,CUST-01314,Mid-Market,REP-039,2025-07-09,2025-10-31,2025-11-13,Closed Lost,0.00,Expansion,12,8499.83,8499.83,8499.83,Lost,No Decision,Inbound - Organic,false
OPP-003107,CUST-01294,Mid-Market,REP-026,2025-07-24,2025-09-21,2025-09-28,Closed Lost,0.00,Expansion,12,9347.38,9347.38,9347.38,Lost,Lost to Competitor,Inbound - Organic,false
OPP-003108,CUST-01531,Mid-Market,REP-010,2025-03-27,2025-08-11,2025-08-27,Closed Lost,0.00,Expansion,12,17617.44,17617.44,17617.44,Lost,Stayed on Incumbent,Inbound - Organic,false
OPP-003109,CUST-01294,Mid-Market,REP-050,2025-10-25,2026-01-12,2026-01-21,Closed Lost,0.00,Expansion,12,21832.91,21832.91,21832.91,Lost,Lost to Competitor,Inbound - Paid,false
OPP-003110,CUST-01037,Mid-Market,REP-039,2024-10-23,2025-01-12,2025-01-21,Closed Lost,0.00,Expansion,24,5253.70,5253.70,10507.40,Lost,Lost to Competitor,Outbound - SDR,false
OPP-003111,CUST-01104,Enterprise,REP-014,2025-06-25,2025-10-06,2025-10-18,Closed Lost,0.00,Expansion,36,16460.12,16460.12,49380.36,Lost,No Decision,Inbound - Paid,false
OPP-003112,CUST-01110,Enterprise,REP-029,2024-11-30,2025-03-27,2025-04-10,Closed Lost,0.00,Expansion,12,14802.24,14802.24,14802.24,Lost,No Decision,Partner / Referral,false
OPP-003113,CUST-01539,Mid-Market,REP-026,2026-05-27,2026-06-26,2026-06-30,Closed Lost,0.00,Expansion,12,2078.79,2078.79,2078.79,Lost,Price,Trade Show / Event,false
OPP-003114,CUST-00367,Mid-Market,REP-039,2024-10-13,2024-12-23,2024-12-31,Closed Lost,0.00,Expansion,24,14517.80,14517.80,29035.60,Lost,Price,Inbound - Organic,false
OPP-003115,CUST-00865,SMB,REP-005,2024-01-20,2024-02-01,2024-02-03,Closed Lost,0.00,Expansion,1,2324.67,2324.67,193.72,Lost,Price,Partner / Referral,false
OPP-003116,CUST-01099,Mid-Market,REP-026,2025-03-28,2025-05-10,2025-05-15,Closed Lost,0.00,Expansion,12,16332.47,16332.47,16332.47,Lost,Product Gap,Outbound - SDR,false
OPP-003117,CUST-00399,Mid-Market,REP-026,2024-12-12,2025-01-29,2025-02-04,Closed Lost,0.00,Expansion,12,5780.84,5780.84,5780.84,Lost,Product Gap,Outbound - SDR,false
OPP-003118,CUST-01031,Mid-Market,REP-032,2024-01-22,2024-04-12,2024-04-22,Closed Lost,0.00,Expansion,12,9958.06,9958.06,9958.06,Lost,Price,Inbound - Paid,false
OPP-003119,CUST-00184,Mid-Market,REP-040,2024-03-04,2024-08-05,2024-08-23,Closed Lost,0.00,Expansion,12,8508.59,8508.59,8508.59,Lost,Price,Inbound - Paid,false
OPP-003120,CUST-01523,Mid-Market,REP-039,2025-07-28,2025-10-09,2025-10-18,Closed Lost,0.00,Expansion,12,8191.52,8191.52,8191.52,Lost,Product Gap,Partner / Referral,false
OPP-003121,CUST-00802,SMB,REP-038,2025-07-03,2025-07-22,2025-07-25,Closed Lost,0.00,Expansion,12,4673.17,4673.17,4673.17,Lost,No Decision,Outbound - SDR,false
OPP-003122,CUST-01017,Mid-Market,REP-049,2025-09-01,2025-11-08,2025-11-16,Closed Lost,0.00,Expansion,12,24497.60,24497.60,24497.60,Lost,Timing / Budget Deferred,Outbound - SDR,false
OPP-003123,CUST-01094,Mid-Market,REP-026,2025-11-24,2025-12-24,2025-12-28,Closed Lost,0.00,Expansion,12,2552.85,2552.85,2552.85,Lost,Timing / Budget Deferred,Inbound - Paid,false
OPP-003124,CUST-01514,Mid-Market,REP-032,2025-10-02,2025-11-08,2025-11-13,Closed Lost,0.00,Expansion,12,58171.06,58171.06,58171.06,Lost,Lost to Competitor,Outbound - SDR,false
OPP-003125,CUST-00678,Mid-Market,REP-049,2025-02-05,2025-04-20,2025-04-29,Closed Lost,0.00,Expansion,12,5538.45,5538.45,5538.45,Lost,Price,Partner / Referral,false
OPP-003126,CUST-00720,Mid-Market,REP-023,2024-01-31,2024-05-08,2024-05-19,Closed Lost,0.00,Expansion,12,5842.68,5842.68,5842.68,Lost,Price,Partner / Referral,false
OPP-003127,CUST-00366,Mid-Market,REP-026,2024-06-11,2024-10-18,2024-11-02,Closed Lost,0.00,Expansion,12,2278.80,2278.80,2278.80,Lost,Price,Partner / Referral,false
OPP-003128,CUST-00369,Mid-Market,REP-032,2024-10-07,2024-12-12,2024-12-20,Closed Lost,0.00,Expansion,12,5838.94,5838.94,5838.94,Lost,Price,Inbound - Organic,false
OPP-003129,CUST-01279,Mid-Market,REP-026,2023-12-24,2024-02-07,2024-02-13,Closed Lost,0.00,Expansion,12,81330.01,81330.01,81330.01,Lost,Price,Inbound - Paid,false
OPP-003130,CUST-01521,Mid-Market,REP-039,2026-03-12,2026-05-12,2026-05-19,Closed Lost,0.00,Expansion,24,17048.06,17048.06,34096.12,Lost,No Decision,Outbound - SDR,false
OPP-003131,CUST-01079,Mid-Market,REP-051,2026-01-07,2026-03-02,2026-03-09,Closed Lost,0.00,Expansion,12,10645.93,10645.93,10645.93,Lost,Product Gap,Inbound - Organic,false
OPP-003132,CUST-01095,Mid-Market,REP-010,2024-06-05,2024-07-10,2024-07-14,Closed Lost,0.00,Expansion,12,5942.83,5942.83,5942.83,Lost,Price,Inbound - Organic,false
OPP-003133,CUST-01196,SMB,REP-048,2025-07-06,2025-08-29,2025-09-05,Closed Lost,0.00,Expansion,12,1283.86,1283.86,1283.86,Lost,No Decision,Outbound - SDR,false
OPP-003134,CUST-00782,SMB,REP-030,2024-02-29,2024-03-25,2024-03-28,Closed Lost,0.00,Expansion,1,7231.44,7231.44,602.62,Lost,Timing / Budget Deferred,Outbound - SDR,false
OPP-003135,CUST-00720,Mid-Market,REP-039,2025-06-18,2025-09-15,2025-09-25,Closed Lost,0.00,Expansion,12,8790.71,8790.71,8790.71,Lost,Product Gap,Trade Show / Event,false
OPP-003136,CUST-01420,SMB,REP-037,2025-11-23,2026-01-22,2026-01-29,Closed Lost,0.00,Expansion,1,9877.41,9877.41,823.12,Lost,Price,Trade Show / Event,false
OPP-003137,CUST-00672,Mid-Market,REP-032,2025-08-09,2025-09-15,2025-09-20,Closed Lost,0.00,Expansion,12,7253.91,7253.91,7253.91,Lost,No Decision,Outbound - SDR,false
OPP-003138,CUST-00166,Mid-Market,REP-049,2025-12-19,2026-01-26,2026-01-31,Closed Lost,0.00,Expansion,24,2946.80,2946.80,5893.60,Lost,Product Gap,Trade Show / Event,false
OPP-003139,CUST-00246,SMB,REP-030,2024-04-29,2024-06-08,2024-06-13,Closed Lost,0.00,Expansion,1,679.11,679.11,56.59,Lost,Stayed on Incumbent,Inbound - Paid,false
OPP-003140,CUST-01622,Mid-Market,REP-050,2025-10-13,2026-05-14,2026-06-07,Closed Lost,0.00,Expansion,24,83623.73,83623.73,167247.46,Lost,Price,Inbound - Paid,false
OPP-003141,CUST-01104,Enterprise,REP-029,2025-09-08,2026-01-22,2026-02-07,Closed Lost,0.00,Expansion,36,34344.76,34344.76,103034.28,Lost,Timing / Budget Deferred,Partner / Referral,false
OPP-003142,CUST-01312,Mid-Market,REP-026,2025-10-18,2026-01-07,2026-01-17,Closed Lost,0.00,Expansion,12,15192.95,15192.95,15192.95,Lost,Price,Trade Show / Event,false
OPP-003143,CUST-01515,Mid-Market,REP-049,2025-06-20,2025-08-13,2025-08-19,Closed Lost,0.00,Expansion,24,3157.09,3157.09,6314.18,Lost,Lost to Competitor,Trade Show / Event,false
OPP-003144,CUST-00481,SMB,REP-031,2023-10-28,2023-11-06,2023-11-08,Closed Lost,0.00,Expansion,1,2614.41,2614.41,217.87,Lost,No Decision,Inbound - Paid,false
OPP-003145,CUST-01017,Mid-Market,REP-026,2025-01-11,2025-02-21,2025-02-26,Closed Lost,0.00,Expansion,12,21844.96,21844.96,21844.96,Lost,Product Gap,Trade Show / Event,false
OPP-003146,CUST-01305,Mid-Market,REP-049,2025-11-15,2025-12-30,2026-01-05,Closed Lost,0.00,Expansion,36,14330.59,14330.59,42991.77,Lost,Price,Inbound - Paid,false
OPP-003147,CUST-01097,Mid-Market,REP-032,2024-10-02,2024-11-13,2024-11-18,Closed Lost,0.00,Expansion,12,65312.26,65312.26,65312.26,Lost,Product Gap,Inbound - Paid,false
OPP-003148,CUST-00673,Mid-Market,REP-046,2024-11-04,2025-03-28,2025-04-13,Closed Lost,0.00,Expansion,12,5534.43,5534.43,5534.43,Lost,Price,Inbound - Organic,false
OPP-003149,CUST-00378,Mid-Market,REP-007,2023-11-06,2023-12-10,2023-12-14,Closed Lost,0.00,Expansion,12,18140.17,18140.17,18140.17,Lost,Price,Outbound - SDR,false
OPP-003150,CUST-00829,SMB,REP-043,2024-12-29,2025-01-24,2025-01-27,Closed Lost,0.00,Expansion,12,4670.24,4670.24,4670.24,Lost,Stayed on Incumbent,Inbound - Paid,false
OPP-003151,CUST-01096,Mid-Market,REP-032,2024-08-05,2024-10-02,2024-10-09,Closed Lost,0.00,Expansion,12,7013.48,7013.48,7013.48,Lost,No Decision,Trade Show / Event,false
OPP-003152,CUST-00362,Mid-Market,REP-032,2023-12-27,2024-03-10,2024-03-19,Closed Lost,0.00,Expansion,12,11001.75,11001.75,11001.75,Lost,Product Gap,Outbound - SDR,false
OPP-003153,CUST-00706,Mid-Market,REP-023,2023-12-10,2024-03-07,2024-03-17,Closed Lost,0.00,Expansion,12,17211.07,17211.07,17211.07,Lost,Timing / Budget Deferred,Partner / Referral,false
OPP-003154,CUST-01205,SMB,REP-030,2025-03-17,2025-03-26,2025-03-28,Closed Lost,0.00,Expansion,1,397.41,397.41,33.12,Lost,Timing / Budget Deferred,Outbound - SDR,false
OPP-003155,CUST-00684,Mid-Market,REP-018,2024-11-09,2024-12-23,2024-12-28,Closed Lost,0.00,Expansion,12,10314.16,10314.16,10314.16,Lost,Product Gap,Partner / Referral,false
OPP-003156,CUST-01101,Enterprise,REP-029,2024-02-21,2024-06-08,2024-06-21,Closed Lost,0.00,Expansion,12,32077.22,32077.22,32077.22,Lost,Price,Inbound - Organic,false
OPP-003157,CUST-00716,Mid-Market,REP-010,2025-07-31,2025-09-02,2025-09-06,Closed Lost,0.00,Expansion,12,26550.49,26550.49,26550.49,Lost,Timing / Budget Deferred,Partner / Referral,false
OPP-003158,CUST-01094,Mid-Market,REP-026,2024-11-20,2024-12-19,2024-12-23,Closed Lost,0.00,Expansion,12,16805.59,16805.59,16805.59,Lost,No Decision,Trade Show / Event,false
OPP-003159,CUST-01097,Mid-Market,REP-047,2025-04-29,2025-06-18,2025-06-24,Closed Lost,0.00,Expansion,12,23588.02,23588.02,23588.02,Lost,Lost to Competitor,Inbound - Organic,false
OPP-003160,CUST-00691,Mid-Market,REP-026,2023-12-16,2024-02-27,2024-03-07,Closed Lost,0.00,Expansion,12,17353.28,17353.28,17353.28,Lost,Price,Outbound - SDR,false
OPP-003161,CUST-00185,Mid-Market,REP-018,2024-01-21,2024-02-09,2024-02-12,Closed Lost,0.00,Expansion,12,28842.30,28842.30,28842.30,Lost,Lost to Competitor,Trade Show / Event,false
OPP-003162,CUST-00669,Mid-Market,REP-026,2025-08-11,2025-11-19,2025-12-01,Closed Lost,0.00,Expansion,12,5266.14,5266.14,5266.14,Lost,No Decision,Outbound - SDR,false
OPP-003163,CUST-00398,Mid-Market,REP-007,2023-12-01,2023-12-28,2024-01-01,Closed Lost,0.00,Expansion,12,21072.67,21072.67,21072.67,Lost,Product Gap,Partner / Referral,false
OPP-003164,CUST-01085,Mid-Market,REP-039,2025-02-17,2025-04-05,2025-04-11,Closed Lost,0.00,Expansion,12,7416.35,7416.35,7416.35,Lost,Lost to Competitor,Outbound - SDR,false
OPP-003165,CUST-01033,Mid-Market,REP-047,2025-03-17,2025-06-30,2025-07-12,Closed Lost,0.00,Expansion,1,19231.85,19231.85,1602.65,Lost,Product Gap,Trade Show / Event,false
OPP-003166,CUST-01196,SMB,REP-037,2025-07-18,2025-08-11,2025-08-14,Closed Lost,0.00,Expansion,12,1948.32,1948.32,1948.32,Lost,Price,Outbound - SDR,false
OPP-003167,CUST-01561,Enterprise,REP-044,2025-08-31,2026-01-22,2026-02-07,Closed Lost,0.00,Expansion,12,52492.68,52492.68,52492.68,Lost,Timing / Budget Deferred,Partner / Referral,false
OPP-003168,CUST-00661,Mid-Market,REP-049,2025-02-15,2025-06-03,2025-06-16,Closed Lost,0.00,Expansion,12,4544.53,4544.53,4544.53,Lost,Product Gap,Partner / Referral,false
OPP-003169,CUST-01033,Mid-Market,REP-010,2024-08-11,2024-09-29,2024-10-05,Closed Lost,0.00,Expansion,1,22720.33,22720.33,1893.36,Lost,Timing / Budget Deferred,Partner / Referral,false
OPP-003170,CUST-00367,Mid-Market,REP-026,2024-01-21,2024-04-19,2024-04-29,Closed Lost,0.00,Expansion,24,19514.54,19514.54,39029.08,Lost,Timing / Budget Deferred,Partner / Referral,false
OPP-003171,CUST-01031,Mid-Market,REP-007,2024-01-13,2024-02-27,2024-03-04,Closed Lost,0.00,Expansion,12,7085.84,7085.84,7085.84,Lost,Stayed on Incumbent,Inbound - Organic,false
OPP-003172,CUST-01316,Mid-Market,REP-026,2025-08-16,2025-09-17,2025-09-21,Closed Lost,0.00,Expansion,12,33881.83,33881.83,33881.83,Lost,Product Gap,Outbound - SDR,false
OPP-003173,CUST-00863,SMB,REP-038,2026-04-25,2026-05-11,2026-05-13,Closed Lost,0.00,Expansion,12,2745.15,2745.15,2745.15,Lost,Stayed on Incumbent,Partner / Referral,false
OPP-003174,CUST-00367,Mid-Market,REP-007,2024-03-22,2024-04-27,2024-05-02,Closed Lost,0.00,Expansion,24,15918.00,15918.00,31836.00,Lost,Timing / Budget Deferred,Inbound - Organic,false
OPP-003175,CUST-00674,Mid-Market,REP-032,2025-12-21,2026-01-29,2026-02-03,Closed Lost,0.00,Expansion,12,8009.23,8009.23,8009.23,Lost,Price,Inbound - Organic,false
OPP-003176,CUST-01054,Mid-Market,REP-010,2024-10-10,2024-11-12,2024-11-16,Closed Lost,0.00,Expansion,12,14363.01,14363.01,14363.01,Lost,No Decision,Inbound - Paid,false
OPP-003177,CUST-01033,Mid-Market,REP-026,2024-11-23,2025-01-18,2025-01-25,Closed Lost,0.00,Expansion,1,19147.73,19147.73,1595.64,Lost,No Decision,Outbound - SDR,false
OPP-003178,CUST-00671,Mid-Market,REP-026,2026-05-25,2026-06-26,2026-06-30,Closed Lost,0.00,Expansion,24,17438.68,17438.68,34877.36,Lost,No Decision,Trade Show / Event,false
OPP-003179,CUST-00651,Mid-Market,REP-026,2024-03-03,2024-07-27,2024-08-13,Closed Lost,0.00,Expansion,24,6163.43,6163.43,12326.86,Lost,Timing / Budget Deferred,Inbound - Paid,false
OPP-003180,CUST-01294,Mid-Market,REP-049,2025-08-31,2025-11-20,2025-11-29,Closed Lost,0.00,Expansion,12,23913.49,23913.49,23913.49,Lost,Lost to Competitor,Outbound - SDR,false
OPP-003181,CUST-01028,Mid-Market,REP-049,2025-10-03,2025-11-22,2025-11-28,Closed Lost,0.00,Expansion,12,7575.97,7575.97,7575.97,Lost,Lost to Competitor,Partner / Referral,false
OPP-003182,CUST-01097,Mid-Market,REP-039,2025-03-20,2025-06-21,2025-07-02,Closed Lost,0.00,Expansion,12,23338.55,23338.55,23338.55,Lost,Stayed on Incumbent,Partner / Referral,false
OPP-003183,CUST-00694,Mid-Market,REP-040,2024-11-03,2024-12-31,2025-01-07,Closed Lost,0.00,Expansion,12,13415.75,13415.75,13415.75,Lost,Timing / Budget Deferred,Inbound - Paid,false
OPP-003184,CUST-01381,SMB,REP-038,2026-06-10,2026-06-28,2026-06-30,Closed Lost,0.00,Expansion,1,694.10,694.10,57.84,Lost,Timing / Budget Deferred,Trade Show / Event,false
OPP-003185,CUST-01006,SMB,REP-031,2023-10-11,2023-11-12,2023-11-16,Closed Lost,0.00,Expansion,1,397.76,397.76,33.15,Lost,Lost to Competitor,Inbound - Paid,false
OPP-003186,CUST-01442,SMB,REP-037,2025-11-03,2025-11-18,2025-11-20,Closed Lost,0.00,Expansion,1,2665.88,2665.88,222.16,Lost,Price,Inbound - Organic,false
OPP-003187,CUST-01134,SMB,REP-030,2025-10-07,2025-10-17,2025-10-19,Closed Lost,0.00,Expansion,1,3635.29,3635.29,302.94,Lost,Stayed on Incumbent,Inbound - Paid,false
OPP-003188,CUST-00185,Mid-Market,REP-039,2025-04-01,2025-06-05,2025-06-13,Closed Lost,0.00,Expansion,12,11202.35,11202.35,11202.35,Lost,Price,Partner / Referral,false
OPP-003189,CUST-00180,Mid-Market,REP-041,2025-01-24,2025-02-22,2025-02-26,Closed Lost,0.00,Expansion,12,27972.99,27972.99,27972.99,Lost,Lost to Competitor,Inbound - Paid,false
OPP-003190,CUST-00169,Mid-Market,REP-039,2024-07-10,2024-10-04,2024-10-14,Closed Lost,0.00,Expansion,12,11873.90,11873.90,11873.90,Lost,Price,Inbound - Organic,false
OPP-003191,CUST-01560,Enterprise,REP-014,2025-10-10,2026-01-09,2026-01-20,Closed Lost,0.00,Expansion,12,117205.36,117205.36,117205.36,Lost,Lost to Competitor,Outbound - SDR,false
OPP-003192,CUST-01094,Mid-Market,REP-026,2024-07-26,2024-08-20,2024-08-23,Closed Lost,0.00,Expansion,12,27062.94,27062.94,27062.94,Lost,Price,Partner / Referral,false
OPP-003193,CUST-00734,Enterprise,REP-029,2025-08-16,2026-01-19,2026-02-06,Closed Lost,0.00,Expansion,36,9994.16,9994.16,29982.48,Lost,Product Gap,Outbound - SDR,false
OPP-003194,CUST-00971,SMB,REP-030,2024-03-16,2024-04-10,2024-04-13,Closed Lost,0.00,Expansion,12,1808.53,1808.53,1808.53,Lost,Lost to Competitor,Trade Show / Event,false
OPP-003195,CUST-00389,Mid-Market,REP-026,2026-02-25,2026-04-27,2026-05-04,Closed Lost,0.00,Expansion,12,10821.79,10821.79,10821.79,Lost,Price,Inbound - Paid,false
OPP-003196,CUST-00909,SMB,REP-031,2024-08-30,2024-09-17,2024-09-19,Closed Lost,0.00,Expansion,12,10935.96,10935.96,10935.96,Lost,Timing / Budget Deferred,Trade Show / Event,false
OPP-003197,CUST-00684,Mid-Market,REP-049,2025-07-22,2025-12-25,2026-01-12,Closed Lost,0.00,Expansion,12,11485.26,11485.26,11485.26,Lost,Timing / Budget Deferred,Inbound - Paid,false
OPP-003198,CUST-01134,SMB,REP-038,2026-02-03,2026-03-12,2026-03-17,Closed Lost,0.00,Expansion,1,3564.34,3564.34,297.03,Lost,Price,Partner / Referral,false
OPP-003199,CUST-00382,Mid-Market,REP-007,2024-02-21,2024-03-16,2024-03-19,Closed Lost,0.00,Expansion,12,15541.12,15541.12,15541.12,Lost,Stayed on Incumbent,Inbound - Organic,false
OPP-003200,CUST-01558,Enterprise,REP-044,2025-07-05,2026-05-25,2026-06-30,Closed Lost,0.00,Expansion,12,42550.69,42550.69,42550.69,Lost,Product Gap,Inbound - Organic,false
OPP-003201,CUST-01037,Mid-Market,REP-039,2025-01-23,2025-04-01,2025-04-09,Closed Lost,0.00,Expansion,24,7486.72,7486.72,14973.44,Lost,Stayed on Incumbent,Outbound - SDR,false
OPP-003202,CUST-01305,Mid-Market,REP-026,2025-09-19,2025-10-31,2025-11-05,Closed Lost,0.00,Expansion,36,13602.91,13602.91,40808.73,Lost,Product Gap,Outbound - SDR,false
OPP-003203,CUST-00672,Mid-Market,REP-026,2025-04-27,2025-08-28,2025-09-11,Closed Lost,0.00,Expansion,12,16718.05,16718.05,16718.05,Lost,No Decision,Outbound - SDR,false
OPP-003204,CUST-01519,Mid-Market,REP-052,2026-05-13,2026-06-18,2026-06-23,Closed Lost,0.00,Expansion,24,25615.83,25615.83,51231.66,Lost,No Decision,Inbound - Organic,false
OPP-003205,CUST-01210,SMB,REP-030,2025-09-01,2025-09-08,2025-09-08,Closed Lost,0.00,Expansion,1,1397.50,1397.50,116.46,Lost,Price,Inbound - Organic,false
OPP-003206,CUST-00720,Mid-Market,REP-032,2024-04-10,2024-05-29,2024-06-04,Closed Lost,0.00,Expansion,12,6112.70,6112.70,6112.70,Lost,Timing / Budget Deferred,Inbound - Paid,false
OPP-003207,CUST-00800,SMB,REP-030,2024-12-08,2025-01-09,2025-01-13,Closed Lost,0.00,Expansion,12,4543.06,4543.06,4543.06,Lost,No Decision,Inbound - Paid,false
OPP-003208,CUST-01230,SMB,REP-035,2025-05-02,2025-05-14,2025-05-16,Closed Lost,0.00,Expansion,12,9878.72,9878.72,9878.72,Lost,Product Gap,Inbound - Paid,false
OPP-003209,CUST-01372,SMB,REP-038,2026-06-11,2026-06-28,2026-06-30,Closed Lost,0.00,Expansion,1,5417.40,5417.40,451.45,Lost,Product Gap,Partner / Referral,false
OPP-003210,CUST-01093,Mid-Market,REP-032,2024-04-20,2024-06-08,2024-06-14,Closed Lost,0.00,Expansion,12,23646.32,23646.32,23646.32,Lost,Product Gap,Partner / Referral,false
OPP-003211,CUST-00728,Enterprise,REP-029,2024-02-13,2024-05-07,2024-05-17,Closed Lost,0.00,Expansion,24,4755.14,4755.14,9510.28,Lost,Stayed on Incumbent,Inbound - Organic,false
OPP-003212,CUST-01312,Mid-Market,REP-050,2026-04-05,2026-06-21,2026-06-30,Closed Lost,0.00,Expansion,12,11917.65,11917.65,11917.65,Lost,Price,Inbound - Paid,false
OPP-003213,CUST-01024,Mid-Market,REP-049,2025-10-22,2025-11-25,2025-11-29,Closed Lost,0.00,Expansion,12,12965.42,12965.42,12965.42,Lost,Price,Partner / Referral,false
OPP-003214,CUST-01245,SMB,REP-038,2025-03-29,2025-04-14,2025-04-16,Closed Lost,0.00,Expansion,1,5282.35,5282.35,440.20,Lost,Lost to Competitor,Trade Show / Event,false
OPP-003215,CUST-00184,Mid-Market,REP-046,2025-10-11,2026-01-24,2026-02-05,Closed Lost,0.00,Expansion,12,8155.73,8155.73,8155.73,Lost,Lost to Competitor,Trade Show / Event,false
OPP-003216,CUST-01281,Mid-Market,REP-010,2025-06-10,2025-08-16,2025-08-24,Closed Lost,0.00,Expansion,12,10136.41,10136.41,10136.41,Lost,Product Gap,Trade Show / Event,false
OPP-003217,CUST-01531,Mid-Market,REP-026,2026-04-19,2026-05-27,2026-06-01,Closed Lost,0.00,Expansion,12,31282.64,31282.64,31282.64,Lost,No Decision,Inbound - Paid,false
OPP-003218,CUST-01304,Mid-Market,REP-039,2025-12-03,2026-03-02,2026-03-12,Closed Lost,0.00,Expansion,12,8785.92,8785.92,8785.92,Lost,Price,Trade Show / Event,false
OPP-003219,CUST-01127,SMB,REP-038,2024-07-20,2024-10-04,2024-10-13,Closed Lost,0.00,Expansion,1,4894.20,4894.20,407.85,Lost,Price,Outbound - SDR,false
OPP-003220,CUST-01029,Mid-Market,REP-026,2024-06-16,2024-07-27,2024-08-01,Closed Lost,0.00,Expansion,12,7906.45,7906.45,7906.45,Lost,Price,Outbound - SDR,false
OPP-003221,CUST-01086,Mid-Market,REP-039,2025-03-29,2025-05-31,2025-06-07,Closed Lost,0.00,Expansion,12,21344.31,21344.31,21344.31,Lost,No Decision,Outbound - SDR,false
OPP-003222,CUST-00407,Mid-Market,REP-049,2025-08-09,2025-09-16,2025-09-21,Closed Lost,0.00,Expansion,12,7272.02,7272.02,7272.02,Lost,No Decision,Inbound - Organic,false
OPP-003223,CUST-01073,Mid-Market,REP-032,2024-03-02,2024-04-11,2024-04-16,Closed Lost,0.00,Expansion,12,1127.73,1127.73,1127.73,Lost,Price,Inbound - Paid,false
OPP-003224,CUST-01029,Mid-Market,REP-010,2024-05-11,2024-07-16,2024-07-24,Closed Lost,0.00,Expansion,12,4814.20,4814.20,4814.20,Lost,Timing / Budget Deferred,Inbound - Paid,false
OPP-003225,CUST-01298,Mid-Market,REP-026,2024-06-03,2024-09-02,2024-09-13,Closed Lost,0.00,Expansion,12,4706.31,4706.31,4706.31,Lost,Timing / Budget Deferred,Inbound - Paid,false
OPP-003226,CUST-01381,SMB,REP-038,2026-04-29,2026-06-23,2026-06-30,Closed Lost,0.00,Expansion,1,1405.35,1405.35,117.11,Lost,Stayed on Incumbent,Inbound - Organic,false
OPP-003227,CUST-01320,Mid-Market,REP-047,2025-05-15,2025-07-12,2025-07-19,Closed Lost,0.00,Expansion,12,32819.13,32819.13,32819.13,Lost,No Decision,Outbound - SDR,false
OPP-003228,CUST-00398,Mid-Market,REP-018,2023-04-03,2023-10-20,2023-11-12,Closed Lost,0.00,Expansion,12,17366.28,17366.28,17366.28,Lost,Timing / Budget Deferred,Inbound - Paid,false
OPP-003229,CUST-00822,SMB,REP-038,2025-03-14,2025-04-16,2025-04-20,Closed Lost,0.00,Expansion,12,2235.07,2235.07,2235.07,Lost,Price,Outbound - SDR,false
OPP-003230,CUST-00879,SMB,REP-030,2024-02-07,2024-02-14,2024-02-13,Closed Lost,0.00,Expansion,1,3995.20,3995.20,332.93,Lost,Product Gap,Inbound - Paid,false
OPP-003231,CUST-00655,Mid-Market,REP-026,2024-03-03,2024-03-25,2024-03-28,Closed Lost,0.00,Expansion,1,5406.46,5406.46,450.54,Lost,Timing / Budget Deferred,Outbound - SDR,false
OPP-003232,CUST-01291,Mid-Market,REP-039,2025-03-22,2025-04-30,2025-05-05,Closed Lost,0.00,Expansion,12,3818.65,3818.65,3818.65,Lost,Stayed on Incumbent,Outbound - SDR,false
OPP-003233,CUST-01021,Mid-Market,REP-032,2024-01-21,2024-04-29,2024-05-11,Closed Lost,0.00,Expansion,12,34752.92,34752.92,34752.92,Lost,Lost to Competitor,Outbound - SDR,false
OPP-003234,CUST-00679,Mid-Market,REP-046,2025-02-04,2025-05-06,2025-05-17,Closed Lost,0.00,Expansion,12,43449.26,43449.26,43449.26,Lost,Stayed on Incumbent,Outbound - SDR,false
OPP-003235,CUST-01118,Enterprise,REP-033,2023-09-15,2024-07-08,2024-08-11,Closed Lost,0.00,Expansion,36,8486.00,8486.00,25458.00,Lost,Lost to Competitor,Inbound - Organic,false
OPP-003236,CUST-01081,Mid-Market,REP-026,2024-11-09,2024-12-18,2024-12-23,Closed Lost,0.00,Expansion,12,23712.13,23712.13,23712.13,Lost,Lost to Competitor,Inbound - Paid,false
OPP-003237,CUST-01335,SMB,REP-030,2025-08-03,2025-08-24,2025-08-27,Closed Lost,0.00,Expansion,12,414.04,414.04,414.04,Lost,Price,Outbound - SDR,false
OPP-003238,CUST-00370,Mid-Market,REP-018,2024-10-15,2025-02-04,2025-02-17,Closed Lost,0.00,Expansion,36,15292.53,15292.53,45877.59,Lost,No Decision,Inbound - Organic,false
OPP-003239,CUST-01281,Mid-Market,REP-041,2024-09-20,2024-11-20,2024-11-27,Closed Lost,0.00,Expansion,12,8683.38,8683.38,8683.38,Lost,No Decision,Inbound - Paid,false
OPP-003240,CUST-00824,SMB,REP-030,2024-02-27,2024-04-07,2024-04-12,Closed Lost,0.00,Expansion,12,4926.43,4926.43,4926.43,Lost,Timing / Budget Deferred,Inbound - Organic,false
OPP-003241,CUST-00651,Mid-Market,REP-050,2025-11-08,2025-12-14,2025-12-18,Closed Lost,0.00,Expansion,24,11879.62,11879.62,23759.24,Lost,Lost to Competitor,Trade Show / Event,false
OPP-003242,CUST-00717,Mid-Market,REP-052,2026-05-11,2026-06-25,2026-06-30,Closed Lost,0.00,Expansion,12,9243.38,9243.38,9243.38,Lost,Product Gap,Trade Show / Event,false
OPP-003243,CUST-01312,Mid-Market,REP-052,2026-04-27,2026-06-23,2026-06-30,Closed Lost,0.00,Expansion,12,12053.63,12053.63,12053.63,Lost,Price,Inbound - Paid,false
OPP-003244,CUST-01174,SMB,REP-048,2025-05-29,2025-06-16,2025-06-18,Closed Lost,0.00,Expansion,12,1136.82,1136.82,1136.82,Lost,Timing / Budget Deferred,Outbound - SDR,false
OPP-003245,CUST-00195,SMB,REP-037,2024-11-11,2024-11-28,2024-11-30,Closed Lost,0.00,Expansion,1,408.66,408.66,34.05,Lost,Lost to Competitor,Inbound - Organic,false
OPP-003246,CUST-01336,SMB,REP-030,2026-05-19,2026-06-06,2026-06-08,Closed Lost,0.00,Expansion,12,3887.02,3887.02,3887.02,Lost,No Decision,Trade Show / Event,false
OPP-003247,CUST-01017,Mid-Market,REP-010,2025-11-16,2026-01-10,2026-01-17,Closed Lost,0.00,Expansion,12,29338.75,29338.75,29338.75,Lost,Price,Inbound - Paid,false
OPP-003248,CUST-00156,Mid-Market,REP-032,2025-05-13,2025-06-09,2025-06-12,Closed Lost,0.00,Expansion,12,13957.49,13957.49,13957.49,Lost,Lost to Competitor,Outbound - SDR,false
OPP-003249,CUST-01514,Mid-Market,REP-026,2024-09-04,2025-02-22,2025-03-14,Closed Lost,0.00,Expansion,12,8476.99,8476.99,8476.99,Lost,No Decision,Outbound - SDR,false
OPP-003250,CUST-01174,SMB,REP-037,2025-11-30,2025-12-09,2025-12-10,Closed Lost,0.00,Expansion,12,1388.61,1388.61,1388.61,Lost,Stayed on Incumbent,Inbound - Paid,false
OPP-003251,CUST-00913,SMB,REP-030,2024-05-24,2024-05-31,2024-05-31,Closed Lost,0.00,Expansion,1,3155.67,3155.67,262.97,Lost,Price,Inbound - Paid,false
OPP-003252,CUST-01376,SMB,REP-030,2025-12-22,2026-01-01,2026-01-03,Closed Lost,0.00,Expansion,1,3136.13,3136.13,261.34,Lost,Stayed on Incumbent,Inbound - Paid,false
OPP-003253,CUST-01018,Mid-Market,REP-026,2025-03-19,2025-06-05,2025-06-14,Closed Lost,0.00,Expansion,12,34276.45,34276.45,34276.45,Lost,Timing / Budget Deferred,Partner / Referral,false
OPP-003254,CUST-00655,Mid-Market,REP-007,2023-12-08,2024-01-23,2024-01-29,Closed Lost,0.00,Expansion,1,4285.28,4285.28,357.11,Lost,Stayed on Incumbent,Trade Show / Event,false
OPP-003255,CUST-01312,Mid-Market,REP-026,2024-10-09,2024-12-25,2025-01-03,Closed Lost,0.00,Expansion,12,13805.34,13805.34,13805.34,Lost,Stayed on Incumbent,Outbound - SDR,false
OPP-003256,CUST-01287,Mid-Market,REP-049,2025-08-09,2025-12-06,2025-12-20,Closed Lost,0.00,Expansion,12,6700.88,6700.88,6700.88,Lost,Timing / Budget Deferred,Inbound - Paid,false
OPP-003257,CUST-00603,SMB,REP-028,2023-11-24,2024-01-01,2024-01-06,Closed Lost,0.00,Expansion,12,1879.59,1879.59,1879.59,Lost,No Decision,Outbound - SDR,false
OPP-003258,CUST-01081,Mid-Market,REP-010,2024-03-15,2024-09-25,2024-10-17,Closed Lost,0.00,Expansion,12,37257.56,37257.56,37257.56,Lost,Lost to Competitor,Partner / Referral,false
OPP-003259,CUST-00361,Mid-Market,REP-007,2023-10-11,2023-12-18,2023-12-26,Closed Lost,0.00,Expansion,12,3590.38,3590.38,3590.38,Lost,Product Gap,Partner / Referral,false
OPP-003260,CUST-01376,SMB,REP-038,2025-05-28,2025-07-01,2025-07-05,Closed Lost,0.00,Expansion,1,2909.26,2909.26,242.44,Lost,Lost to Competitor,Trade Show / Event,false
OPP-003261,CUST-01312,Mid-Market,REP-041,2024-09-04,2024-11-10,2024-11-18,Closed Lost,0.00,Expansion,12,45883.89,45883.89,45883.89,Lost,No Decision,Trade Show / Event,false
OPP-003262,CUST-00655,Mid-Market,REP-032,2023-02-21,2024-01-02,2024-02-06,Closed Lost,0.00,Expansion,1,8708.79,8708.79,725.73,Lost,Stayed on Incumbent,Inbound - Organic,false
OPP-003263,CUST-00046,Mid-Market,REP-018,2024-12-15,2025-02-03,2025-02-09,Closed Lost,0.00,Expansion,12,4107.56,4107.56,4107.56,Lost,Stayed on Incumbent,Trade Show / Event,false
OPP-003264,CUST-01296,Mid-Market,REP-026,2025-07-26,2025-09-15,2025-09-21,Closed Lost,0.00,Expansion,1,26612.16,26612.16,2217.68,Lost,Stayed on Incumbent,Inbound - Paid,false
OPP-003265,CUST-01307,Mid-Market,REP-049,2025-08-01,2025-10-03,2025-10-10,Closed Lost,0.00,Expansion,12,6830.03,6830.03,6830.03,Lost,Product Gap,Inbound - Organic,false
OPP-003266,CUST-01066,Mid-Market,REP-041,2025-02-02,2025-04-14,2025-04-22,Closed Lost,0.00,Expansion,12,7252.43,7252.43,7252.43,Lost,Price,Inbound - Paid,false
OPP-003267,CUST-01026,Mid-Market,REP-026,2023-12-16,2024-01-30,2024-02-04,Closed Lost,0.00,Expansion,12,10122.22,10122.22,10122.22,Lost,Product Gap,Inbound - Organic,false
OPP-003268,CUST-01087,Mid-Market,REP-026,2025-03-01,2025-05-04,2025-05-12,Closed Lost,0.00,Expansion,12,3797.41,3797.41,3797.41,Lost,Lost to Competitor,Inbound - Paid,false
OPP-003269,CUST-01275,Mid-Market,REP-026,2026-02-28,2026-03-20,2026-03-23,Closed Lost,0.00,Expansion,12,8114.09,8114.09,8114.09,Lost,Lost to Competitor,Inbound - Paid,false
OPP-003270,CUST-00191,Enterprise,REP-045,2023-10-22,2024-11-24,2025-01-08,Closed Lost,0.00,Expansion,12,15346.10,15346.10,15346.10,Lost,Price,Inbound - Paid,false
OPP-003271,CUST-00412,Enterprise,REP-045,2025-12-26,2026-05-13,2026-05-29,Closed Lost,0.00,Expansion,36,7132.47,7132.47,21397.41,Lost,Lost to Competitor,Inbound - Organic,false
OPP-003272,CUST-00412,Enterprise,REP-045,2026-01-01,2026-06-12,2026-06-30,Closed Lost,0.00,Expansion,36,19688.82,19688.82,59066.46,Lost,No Decision,Outbound - SDR,false
OPP-003273,CUST-00416,Enterprise,REP-045,2025-03-25,2025-10-22,2025-11-15,Closed Lost,0.00,Expansion,24,43029.97,43029.97,86059.94,Lost,Price,Inbound - Organic,false
OPP-003274,CUST-00656,Mid-Market,REP-041,2024-10-17,2024-11-24,2024-11-29,Closed Lost,0.00,Expansion,12,39778.40,39778.40,39778.40,Lost,Product Gap,Inbound - Paid,false
OPP-003275,CUST-01059,Mid-Market,REP-010,2026-03-11,2026-04-10,2026-04-14,Closed Lost,0.00,Expansion,12,4646.91,4646.91,4646.91,Lost,Product Gap,Trade Show / Event,false
OPP-003276,CUST-01360,SMB,REP-037,2025-09-14,2025-09-29,2025-10-01,Closed Lost,0.00,Expansion,1,1369.90,1369.90,114.16,Lost,Price,Inbound - Organic,false
OPP-003277,CUST-01405,SMB,REP-038,2025-11-30,2026-02-28,2026-03-11,Closed Lost,0.00,Expansion,12,3627.60,3627.60,3627.60,Lost,Timing / Budget Deferred,Trade Show / Event,false
OPP-003278,CUST-01091,Mid-Market,REP-032,2024-07-21,2024-08-14,2024-08-17,Closed Lost,0.00,Expansion,12,8575.38,8575.38,8575.38,Lost,Product Gap,Partner / Referral,false
OPP-003279,CUST-00728,Enterprise,REP-045,2024-11-22,2025-02-10,2025-02-19,Closed Lost,0.00,Expansion,24,5780.38,5780.38,11560.76,Lost,Timing / Budget Deferred,Inbound - Paid,false
OPP-003280,CUST-01100,Mid-Market,REP-052,2026-05-30,2026-06-26,2026-06-30,Closed Lost,0.00,Expansion,12,4200.73,4200.73,4200.73,Lost,Price,Trade Show / Event,false
OPP-003281,CUST-01195,SMB,REP-043,2025-02-03,2025-03-06,2025-03-10,Closed Lost,0.00,Expansion,1,5538.65,5538.65,461.55,Lost,Price,Partner / Referral,false
OPP-003282,CUST-00925,SMB,REP-037,2024-11-26,2024-12-16,2024-12-19,Closed Lost,0.00,Expansion,1,8425.10,8425.10,702.09,Lost,Product Gap,Inbound - Paid,false
OPP-003283,CUST-01522,Mid-Market,REP-050,2025-11-11,2025-12-26,2026-01-01,Closed Lost,0.00,Expansion,12,46964.70,46964.70,46964.70,Lost,Product Gap,Partner / Referral,false
OPP-003284,CUST-01063,Mid-Market,REP-039,2024-08-04,2024-08-26,2024-08-29,Closed Lost,0.00,Expansion,36,15594.17,15594.17,46782.51,Lost,Product Gap,Outbound - SDR,false
OPP-003285,CUST-01067,Mid-Market,REP-047,2025-07-16,2025-08-19,2025-08-23,Closed Lost,0.00,Expansion,12,4245.87,4245.87,4245.87,Lost,Product Gap,Inbound - Organic,false
OPP-003286,CUST-01120,Enterprise,REP-014,2024-07-16,2024-10-14,2024-10-24,Closed Lost,0.00,Expansion,12,25833.60,25833.60,25833.60,Lost,No Decision,Outbound - SDR,false
OPP-003287,CUST-01082,Mid-Market,REP-041,2024-06-13,2024-09-28,2024-10-10,Closed Lost,0.00,Expansion,12,65555.51,65555.51,65555.51,Lost,Lost to Competitor,Inbound - Paid,false
OPP-003288,CUST-01026,Mid-Market,REP-010,2024-10-11,2024-11-19,2024-11-24,Closed Lost,0.00,Expansion,12,5133.24,5133.24,5133.24,Lost,Timing / Budget Deferred,Outbound - SDR,false
OPP-003289,CUST-01312,Mid-Market,REP-026,2025-10-09,2025-12-15,2025-12-23,Closed Lost,0.00,Expansion,12,13691.26,13691.26,13691.26,Lost,Product Gap,Outbound - SDR,false
OPP-003290,CUST-01099,Mid-Market,REP-010,2024-12-29,2025-08-21,2025-09-17,Closed Lost,0.00,Expansion,12,25450.44,25450.44,25450.44,Lost,No Decision,Inbound - Organic,false
OPP-003291,CUST-01306,Mid-Market,REP-039,2025-02-05,2025-03-08,2025-03-12,Closed Lost,0.00,Expansion,12,7318.86,7318.86,7318.86,Lost,Timing / Budget Deferred,Partner / Referral,false
OPP-003292,CUST-01153,SMB,REP-030,2025-05-04,2025-06-01,2025-06-05,Closed Lost,0.00,Expansion,1,5139.02,5139.02,428.25,Lost,No Decision,Inbound - Paid,false
OPP-003293,CUST-01558,Enterprise,REP-044,2025-07-30,2025-11-25,2025-12-09,Closed Lost,0.00,Expansion,12,26223.52,26223.52,26223.52,Lost,Price,Inbound - Organic,false
OPP-003294,CUST-00398,Mid-Market,REP-007,2023-12-22,2024-01-18,2024-01-22,Closed Lost,0.00,Expansion,12,6925.57,6925.57,6925.57,Lost,Lost to Competitor,Inbound - Organic,false
OPP-003295,CUST-01040,Mid-Market,REP-032,2026-02-02,2026-03-18,2026-03-23,Closed Lost,0.00,Expansion,12,11999.26,11999.26,11999.26,Lost,Price,Inbound - Organic,false
OPP-003296,CUST-01017,Mid-Market,REP-047,2025-06-08,2025-08-28,2025-09-06,Closed Lost,0.00,Expansion,12,7578.39,7578.39,7578.39,Lost,Timing / Budget Deferred,Inbound - Organic,false
OPP-003297,CUST-00971,SMB,REP-028,2024-01-13,2024-02-18,2024-02-23,Closed Lost,0.00,Expansion,12,1906.15,1906.15,1906.15,Lost,Lost to Competitor,Inbound - Paid,false
OPP-003298,CUST-01083,Mid-Market,REP-050,2026-01-17,2026-05-14,2026-05-28,Closed Lost,0.00,Expansion,12,8683.00,8683.00,8683.00,Lost,Timing / Budget Deferred,Outbound - SDR,false
OPP-003299,CUST-00735,Enterprise,REP-029,2023-12-14,2024-06-20,2024-07-12,Closed Lost,0.00,Expansion,24,88532.99,88532.99,177065.98,Lost,Price,Inbound - Organic,false
OPP-003300,CUST-00877,SMB,REP-005,2023-10-02,2023-10-12,2023-10-14,Closed Lost,0.00,Expansion,12,1007.37,1007.37,1007.37,Lost,Product Gap,Inbound - Paid,false
OPP-003301,CUST-01055,Mid-Market,REP-026,2025-04-29,2025-06-24,2025-07-01,Closed Lost,0.00,Expansion,12,47641.59,47641.59,47641.59,Lost,Price,Partner / Referral,false
OPP-003302,CUST-00691,Mid-Market,REP-026,2023-12-19,2024-01-26,2024-01-31,Closed Lost,0.00,Expansion,12,9784.36,9784.36,9784.36,Lost,No Decision,Trade Show / Event,false
OPP-003303,CUST-00687,Mid-Market,REP-032,2025-02-04,2025-06-30,2025-07-17,Closed Lost,0.00,Expansion,24,5215.92,5215.92,10431.84,Lost,Product Gap,Inbound - Paid,false
OPP-003304,CUST-00674,Mid-Market,REP-026,2026-01-09,2026-01-26,2026-01-28,Closed Lost,0.00,Expansion,12,37364.14,37364.14,37364.14,Lost,Stayed on Incumbent,Partner / Referral,false
OPP-003305,CUST-01024,Mid-Market,REP-026,2024-12-02,2024-12-31,2025-01-04,Closed Lost,0.00,Expansion,12,4636.19,4636.19,4636.19,Lost,Lost to Competitor,Inbound - Paid,false
OPP-003306,CUST-00919,SMB,REP-043,2025-02-01,2025-02-20,2025-02-23,Closed Lost,0.00,Expansion,1,3087.27,3087.27,257.27,Lost,Product Gap,Trade Show / Event,false
OPP-003307,CUST-00877,SMB,REP-030,2024-01-31,2024-02-17,2024-02-19,Closed Lost,0.00,Expansion,12,515.68,515.68,515.68,Lost,Lost to Competitor,Outbound - SDR,false
OPP-003308,CUST-01082,Mid-Market,REP-032,2024-04-20,2024-06-12,2024-06-18,Closed Lost,0.00,Expansion,12,10338.13,10338.13,10338.13,Lost,Price,Inbound - Paid,false
OPP-003309,CUST-00709,Mid-Market,REP-051,2026-04-28,2026-06-23,2026-06-30,Closed Lost,0.00,Expansion,12,12340.18,12340.18,12340.18,Lost,No Decision,Inbound - Organic,false
OPP-003310,CUST-00393,Mid-Market,REP-010,2024-01-20,2024-02-29,2024-03-05,Closed Lost,0.00,Expansion,12,4745.88,4745.88,4745.88,Lost,Timing / Budget Deferred,Inbound - Organic,false
OPP-003311,CUST-01085,Mid-Market,REP-026,2024-10-04,2025-02-14,2025-03-01,Closed Lost,0.00,Expansion,12,5569.08,5569.08,5569.08,Lost,Price,Trade Show / Event,false
OPP-003312,CUST-01018,Mid-Market,REP-039,2024-10-13,2024-12-29,2025-01-07,Closed Lost,0.00,Expansion,12,31594.89,31594.89,31594.89,Lost,Lost to Competitor,Inbound - Paid,false
OPP-003313,CUST-00382,Mid-Market,REP-010,2024-05-09,2024-06-10,2024-06-14,Closed Lost,0.00,Expansion,12,11656.72,11656.72,11656.72,Lost,Lost to Competitor,Outbound - SDR,false
OPP-003314,CUST-01037,Mid-Market,REP-041,2024-12-10,2025-01-28,2025-02-03,Closed Lost,0.00,Expansion,24,4907.97,4907.97,9815.94,Lost,Timing / Budget Deferred,Partner / Referral,false
OPP-003315,CUST-01069,Mid-Market,REP-026,2024-03-20,2024-05-21,2024-05-28,Closed Lost,0.00,Expansion,12,1938.83,1938.83,1938.83,Lost,Timing / Budget Deferred,Inbound - Organic,false
OPP-003316,CUST-00661,Mid-Market,REP-026,2024-08-11,2025-04-04,2025-05-01,Closed Lost,0.00,Expansion,12,7775.05,7775.05,7775.05,Lost,No Decision,Trade Show / Event,false
OPP-003317,CUST-00715,Mid-Market,REP-010,2024-03-30,2024-04-23,2024-04-26,Closed Lost,0.00,Expansion,12,5262.80,5262.80,5262.80,Lost,Price,Partner / Referral,false
OPP-003318,CUST-01480,SMB,REP-030,2026-05-31,2026-06-12,2026-06-14,Closed Lost,0.00,Expansion,12,1945.65,1945.65,1945.65,Lost,Product Gap,Partner / Referral,false
OPP-003319,CUST-01022,Mid-Market,REP-032,2024-05-05,2024-08-26,2024-09-08,Closed Lost,0.00,Expansion,36,17987.64,17987.64,53962.92,Lost,Timing / Budget Deferred,Inbound - Organic,false
OPP-003320,CUST-00184,Mid-Market,REP-026,2025-04-01,2025-07-14,2025-07-26,Closed Lost,0.00,Expansion,12,5711.78,5711.78,5711.78,Lost,Price,Outbound - SDR,false
OPP-003321,CUST-00677,Mid-Market,REP-023,2024-02-26,2024-04-02,2024-04-06,Closed Lost,0.00,Expansion,12,28378.80,28378.80,28378.80,Lost,No Decision,Inbound - Paid,false
OPP-003322,CUST-00404,Mid-Market,REP-023,2024-05-03,2024-06-06,2024-06-10,Closed Lost,0.00,Expansion,12,6197.65,6197.65,6197.65,Lost,Product Gap,Partner / Referral,false
OPP-003323,CUST-01026,Mid-Market,REP-010,2024-09-27,2024-12-13,2024-12-22,Closed Lost,0.00,Expansion,12,9062.12,9062.12,9062.12,Lost,Timing / Budget Deferred,Inbound - Paid,false
OPP-003324,CUST-01069,Mid-Market,REP-039,2025-07-24,2025-09-29,2025-10-07,Closed Lost,0.00,Expansion,12,2898.06,2898.06,2898.06,Lost,Lost to Competitor,Inbound - Organic,false
OPP-003325,CUST-01540,Mid-Market,REP-026,2025-08-18,2025-10-30,2025-11-08,Closed Lost,0.00,Expansion,12,5938.28,5938.28,5938.28,Lost,Stayed on Incumbent,Inbound - Organic,false
OPP-003326,CUST-01086,Mid-Market,REP-007,2023-07-27,2024-01-11,2024-01-30,Closed Lost,0.00,Expansion,12,31574.66,31574.66,31574.66,Lost,Price,Partner / Referral,false
OPP-003327,CUST-01006,SMB,REP-030,2024-04-12,2024-05-18,2024-05-22,Closed Lost,0.00,Expansion,1,556.82,556.82,46.40,Lost,Stayed on Incumbent,Outbound - SDR,false
OPP-003328,CUST-00374,Mid-Market,REP-032,2024-05-04,2024-07-24,2024-08-03,Closed Lost,0.00,Expansion,12,6940.32,6940.32,6940.32,Lost,No Decision,Outbound - SDR,false
OPP-003329,CUST-00366,Mid-Market,REP-039,2024-10-02,2024-12-08,2024-12-16,Closed Lost,0.00,Expansion,12,4399.84,4399.84,4399.84,Lost,Lost to Competitor,Outbound - SDR,false
OPP-003330,CUST-01086,Mid-Market,REP-039,2025-04-10,2025-07-17,2025-07-28,Closed Lost,0.00,Expansion,12,15410.81,15410.81,15410.81,Lost,Lost to Competitor,Outbound - SDR,false
OPP-003331,CUST-01171,SMB,REP-038,2024-12-20,2024-12-30,2025-01-01,Closed Lost,0.00,Expansion,1,2402.44,2402.44,200.20,Lost,Lost to Competitor,Inbound - Organic,false
OPP-003332,CUST-01040,Mid-Market,REP-052,2026-06-03,2026-06-27,2026-06-30,Closed Lost,0.00,Expansion,12,16983.30,16983.30,16983.30,Lost,Timing / Budget Deferred,Inbound - Organic,false
OPP-003333,CUST-00888,SMB,REP-038,2025-02-16,2025-03-07,2025-03-10,Closed Lost,0.00,Expansion,12,6870.55,6870.55,6870.55,Lost,Price,Trade Show / Event,false
OPP-003334,CUST-00184,Mid-Market,REP-039,2025-10-08,2025-11-03,2025-11-06,Closed Lost,0.00,Expansion,12,20992.80,20992.80,20992.80,Lost,Price,Partner / Referral,false
OPP-003335,CUST-01296,Mid-Market,REP-032,2024-10-30,2024-12-15,2024-12-21,Closed Lost,0.00,Expansion,1,6311.66,6311.66,525.97,Lost,Price,Partner / Referral,false
OPP-003336,CUST-01026,Mid-Market,REP-039,2025-03-15,2025-05-05,2025-05-11,Closed Lost,0.00,Expansion,12,8252.36,8252.36,8252.36,Lost,Timing / Budget Deferred,Inbound - Paid,false
OPP-003337,CUST-01094,Mid-Market,REP-039,2025-01-18,2025-03-10,2025-03-16,Closed Lost,0.00,Expansion,12,13892.78,13892.78,13892.78,Lost,Product Gap,Outbound - SDR,false
OPP-003338,CUST-00172,Mid-Market,REP-010,2025-04-30,2025-07-17,2025-07-26,Closed Lost,0.00,Expansion,12,18471.96,18471.96,18471.96,Lost,Price,Outbound - SDR,false
OPP-003339,CUST-01069,Mid-Market,REP-010,2025-07-19,2025-08-25,2025-08-30,Closed Lost,0.00,Expansion,12,4009.30,4009.30,4009.30,Lost,No Decision,Partner / Referral,false
OPP-003340,CUST-01288,Mid-Market,REP-010,2024-11-21,2025-01-23,2025-01-31,Closed Lost,0.00,Expansion,12,7124.57,7124.57,7124.57,Lost,Price,Inbound - Organic,false
OPP-003341,CUST-00367,Mid-Market,REP-039,2025-09-13,2025-10-30,2025-11-05,Closed Lost,0.00,Expansion,24,15901.71,15901.71,31803.42,Lost,Product Gap,Outbound - SDR,false
OPP-003342,CUST-00947,SMB,REP-038,2025-11-17,2025-11-26,2025-11-27,Closed Lost,0.00,Expansion,12,1262.33,1262.33,1262.33,Lost,Price,Outbound - SDR,false
OPP-003343,CUST-00190,Enterprise,REP-014,2025-01-29,2025-05-08,2025-05-20,Closed Lost,0.00,Expansion,36,27634.63,27634.63,82903.89,Lost,No Decision,Trade Show / Event,false
OPP-003344,CUST-01094,Mid-Market,REP-040,2024-09-11,2025-01-14,2025-01-28,Closed Lost,0.00,Expansion,12,12689.21,12689.21,12689.21,Lost,Price,Trade Show / Event,false
OPP-003345,CUST-00191,Enterprise,REP-033,2024-05-19,2024-08-29,2024-09-10,Closed Lost,0.00,Expansion,12,17126.13,17126.13,17126.13,Lost,Lost to Competitor,Trade Show / Event,false
OPP-003346,CUST-01006,SMB,REP-005,2024-01-20,2024-02-22,2024-02-26,Closed Lost,0.00,Expansion,1,8866.89,8866.89,738.91,Lost,Price,Outbound - SDR,false
OPP-003347,CUST-01028,Mid-Market,REP-049,2025-05-27,2025-07-11,2025-07-16,Closed Lost,0.00,Expansion,12,27064.60,27064.60,27064.60,Lost,Price,Outbound - SDR,false
OPP-003348,CUST-01081,Mid-Market,REP-039,2024-11-01,2024-12-25,2025-01-01,Closed Lost,0.00,Expansion,12,9160.06,9160.06,9160.06,Lost,Price,Outbound - SDR,false
OPP-003349,CUST-00715,Mid-Market,REP-026,2024-01-21,2024-03-16,2024-03-23,Closed Lost,0.00,Expansion,12,5546.22,5546.22,5546.22,Lost,Timing / Budget Deferred,Inbound - Organic,false
OPP-003350,CUST-00919,SMB,REP-030,2024-10-30,2024-11-09,2024-11-11,Closed Lost,0.00,Expansion,1,4102.52,4102.52,341.88,Lost,Price,Inbound - Paid,false
OPP-003351,CUST-01325,Enterprise,REP-045,2024-10-01,2025-01-14,2025-01-26,Closed Lost,0.00,Expansion,24,29908.86,29908.86,59817.72,Lost,Lost to Competitor,Inbound - Organic,false
OPP-003352,CUST-01277,Mid-Market,REP-039,2024-04-23,2024-09-05,2024-09-20,Closed Lost,0.00,Expansion,12,13502.35,13502.35,13502.35,Lost,Product Gap,Inbound - Paid,false
OPP-003353,CUST-00709,Mid-Market,REP-051,2026-03-09,2026-04-11,2026-04-15,Closed Lost,0.00,Expansion,12,15533.98,15533.98,15533.98,Lost,Lost to Competitor,Inbound - Organic,false
OPP-003354,CUST-00739,SMB,REP-030,2025-07-10,2025-07-28,2025-07-31,Closed Lost,0.00,Expansion,12,919.56,919.56,919.56,Lost,Price,Inbound - Paid,false
OPP-003355,CUST-01080,Mid-Market,REP-010,2024-08-29,2024-10-09,2024-10-14,Closed Lost,0.00,Expansion,12,7824.71,7824.71,7824.71,Lost,Stayed on Incumbent,Partner / Referral,false
OPP-003356,CUST-01298,Mid-Market,REP-032,2024-10-12,2024-12-28,2025-01-06,Closed Lost,0.00,Expansion,12,6286.76,6286.76,6286.76,Lost,Price,Outbound - SDR,false
OPP-003357,CUST-01060,Mid-Market,REP-026,2025-02-11,2025-04-06,2025-04-13,Closed Lost,0.00,Expansion,12,19489.33,19489.33,19489.33,Lost,No Decision,Inbound - Paid,false
OPP-003358,CUST-01028,Mid-Market,REP-047,2025-06-06,2025-08-10,2025-08-18,Closed Lost,0.00,Expansion,12,14589.58,14589.58,14589.58,Lost,No Decision,Outbound - SDR,false
OPP-003359,CUST-00378,Mid-Market,REP-039,2025-12-03,2025-12-22,2025-12-25,Closed Lost,0.00,Expansion,12,20794.01,20794.01,20794.01,Lost,Stayed on Incumbent,Partner / Referral,false
OPP-003360,CUST-00188,Mid-Market,REP-039,2025-01-13,2025-02-20,2025-02-25,Closed Lost,0.00,Expansion,12,4443.37,4443.37,4443.37,Lost,No Decision,Partner / Referral,false
OPP-003361,CUST-00399,Mid-Market,REP-010,2024-08-17,2024-09-24,2024-09-29,Closed Lost,0.00,Expansion,12,6543.09,6543.09,6543.09,Lost,Lost to Competitor,Partner / Referral,false
OPP-003362,CUST-01530,Mid-Market,REP-049,2025-04-21,2025-09-08,2025-09-24,Closed Lost,0.00,Expansion,12,9846.66,9846.66,9846.66,Lost,Price,Partner / Referral,false
OPP-003363,CUST-01593,SMB,REP-038,2026-03-22,2026-03-29,2026-03-26,Closed Lost,0.00,Expansion,12,3877.57,3877.57,3877.57,Lost,No Decision,Inbound - Organic,false
OPP-003364,CUST-01040,Mid-Market,REP-032,2026-03-03,2026-03-30,2026-04-03,Closed Lost,0.00,Expansion,12,18820.11,18820.11,18820.11,Lost,Product Gap,Trade Show / Event,false
OPP-003365,CUST-00764,SMB,REP-048,2026-02-24,2026-03-23,2026-03-26,Closed Lost,0.00,Expansion,1,3248.52,3248.52,270.71,Lost,Lost to Competitor,Inbound - Paid,false
OPP-003366,CUST-00685,Mid-Market,REP-007,2024-03-07,2024-05-19,2024-05-28,Closed Lost,0.00,Expansion,12,3343.02,3343.02,3343.02,Lost,Lost to Competitor,Inbound - Organic,false
OPP-003367,CUST-00357,Mid-Market,REP-047,2025-07-06,2025-08-16,2025-08-21,Closed Lost,0.00,Expansion,12,9165.93,9165.93,9165.93,Lost,Lost to Competitor,Inbound - Organic,false
OPP-003368,CUST-01325,Enterprise,REP-044,2024-02-11,2025-01-25,2025-03-05,Closed Lost,0.00,Expansion,24,26186.06,26186.06,52372.12,Lost,Lost to Competitor,Inbound - Organic,false
OPP-003369,CUST-00864,SMB,REP-038,2024-08-27,2024-10-11,2024-10-17,Closed Lost,0.00,Expansion,1,1076.82,1076.82,89.73,Lost,Price,Inbound - Paid,false
OPP-003370,CUST-01531,Mid-Market,REP-032,2026-04-24,2026-05-22,2026-05-26,Closed Lost,0.00,Expansion,12,90056.47,90056.47,90056.47,Lost,Stayed on Incumbent,Outbound - SDR,false
OPP-003371,CUST-01079,Mid-Market,REP-010,2023-10-18,2023-11-28,2023-12-03,Closed Lost,0.00,Expansion,12,11431.99,11431.99,11431.99,Lost,Lost to Competitor,Partner / Referral,false
OPP-003372,CUST-00048,Mid-Market,REP-041,2024-11-05,2025-01-16,2025-01-25,Closed Lost,0.00,Expansion,12,3221.93,3221.93,3221.93,Lost,Price,Inbound - Organic,false
OPP-003373,CUST-00389,Mid-Market,REP-039,2026-04-20,2026-06-14,2026-06-21,Closed Lost,0.00,Expansion,12,14281.23,14281.23,14281.23,Lost,Stayed on Incumbent,Trade Show / Event,false
OPP-003374,CUST-00188,Mid-Market,REP-050,2026-04-07,2026-05-01,2026-05-04,Closed Lost,0.00,Expansion,12,16575.99,16575.99,16575.99,Lost,No Decision,Inbound - Organic,false
OPP-003375,CUST-01524,Mid-Market,REP-026,2025-03-04,2025-05-10,2025-05-18,Closed Lost,0.00,Expansion,12,15758.58,15758.58,15758.58,Lost,No Decision,Inbound - Organic,false
OPP-003376,CUST-01539,Mid-Market,REP-050,2026-05-30,2026-06-26,2026-06-30,Closed Lost,0.00,Expansion,12,5420.98,5420.98,5420.98,Lost,No Decision,Partner / Referral,false
OPP-003377,CUST-00931,SMB,REP-043,2024-10-20,2024-10-31,2024-11-02,Closed Lost,0.00,Expansion,1,1968.21,1968.21,164.02,Lost,Timing / Budget Deferred,Inbound - Paid,false
OPP-003378,CUST-00195,SMB,REP-038,2024-08-26,2024-09-04,2024-09-05,Closed Lost,0.00,Expansion,1,387.73,387.73,32.31,Lost,No Decision,Trade Show / Event,false
OPP-003379,CUST-00782,SMB,REP-030,2024-04-02,2024-04-27,2024-04-30,Closed Lost,0.00,Expansion,1,7189.67,7189.67,599.14,Lost,Lost to Competitor,Trade Show / Event,false
OPP-003380,CUST-01059,Mid-Market,REP-026,2026-05-10,2026-06-24,2026-06-30,Closed Lost,0.00,Expansion,12,6383.98,6383.98,6383.98,Lost,No Decision,Partner / Referral,false
OPP-003381,CUST-01026,Mid-Market,REP-023,2024-03-25,2024-04-30,2024-05-04,Closed Lost,0.00,Expansion,12,21113.33,21113.33,21113.33,Lost,Price,Outbound - SDR,false
OPP-003382,CUST-01153,SMB,REP-038,2025-09-29,2025-10-17,2025-10-20,Closed Lost,0.00,Expansion,1,4125.80,4125.80,343.82,Lost,Price,Partner / Referral,false
OPP-003383,CUST-00890,SMB,REP-031,2024-03-07,2024-03-16,2024-03-18,Closed Lost,0.00,Expansion,1,1160.09,1160.09,96.67,Lost,No Decision,Inbound - Paid,false
OPP-003384,CUST-01079,Mid-Market,REP-051,2026-04-28,2026-06-23,2026-06-30,Closed Lost,0.00,Expansion,12,10737.73,10737.73,10737.73,Lost,Price,Inbound - Organic,false
OPP-003385,CUST-01063,Mid-Market,REP-039,2025-06-20,2025-08-04,2025-08-09,Closed Lost,0.00,Expansion,36,10281.36,10281.36,30844.08,Lost,Price,Inbound - Organic,false
OPP-003386,CUST-00366,Mid-Market,REP-047,2025-08-16,2025-09-21,2025-09-26,Closed Lost,0.00,Expansion,12,6034.48,6034.48,6034.48,Lost,Lost to Competitor,Inbound - Paid,false
OPP-003387,CUST-00879,SMB,REP-031,2023-12-29,2024-01-16,2024-01-18,Closed Lost,0.00,Expansion,1,4275.19,4275.19,356.27,Lost,No Decision,Inbound - Paid,false
OPP-003388,CUST-00462,SMB,REP-038,2025-05-23,2025-07-23,2025-07-30,Closed Lost,0.00,Expansion,12,4816.49,4816.49,4816.49,Lost,Lost to Competitor,Inbound - Paid,false
OPP-003389,CUST-01054,Mid-Market,REP-049,2025-10-08,2025-11-15,2025-11-20,Closed Lost,0.00,Expansion,12,17965.45,17965.45,17965.45,Lost,Price,Inbound - Organic,false
OPP-003390,CUST-01066,Mid-Market,REP-026,2024-03-08,2024-04-13,2024-04-18,Closed Lost,0.00,Expansion,12,5025.98,5025.98,5025.98,Lost,Lost to Competitor,Outbound - SDR,false
OPP-003391,CUST-01279,Mid-Market,REP-041,2024-09-03,2024-11-24,2024-12-04,Closed Lost,0.00,Expansion,12,66671.17,66671.17,66671.17,Lost,Stayed on Incumbent,Inbound - Organic,false
OPP-003392,CUST-01188,SMB,REP-035,2025-06-06,2025-07-28,2025-08-03,Closed Lost,0.00,Expansion,1,4220.99,4220.99,351.75,Lost,Product Gap,Trade Show / Event,false
OPP-003393,CUST-01517,Mid-Market,REP-026,2025-04-08,2025-06-25,2025-07-04,Closed Lost,0.00,Expansion,24,6346.62,6346.62,12693.24,Lost,Product Gap,Outbound - SDR,false
OPP-003394,CUST-00651,Mid-Market,REP-010,2025-12-12,2026-02-07,2026-02-14,Closed Lost,0.00,Expansion,24,9125.71,9125.71,18251.42,Lost,No Decision,Trade Show / Event,false
OPP-003395,CUST-00679,Mid-Market,REP-040,2024-09-30,2024-12-08,2024-12-16,Closed Lost,0.00,Expansion,12,55897.24,55897.24,55897.24,Lost,Product Gap,Inbound - Organic,false
OPP-003396,CUST-00183,Mid-Market,REP-007,2024-03-11,2024-03-31,2024-04-03,Closed Lost,0.00,Expansion,12,8697.71,8697.71,8697.71,Lost,Lost to Competitor,Partner / Referral,false
OPP-003397,CUST-00393,Mid-Market,REP-032,2024-01-15,2024-04-05,2024-04-15,Closed Lost,0.00,Expansion,12,5537.99,5537.99,5537.99,Lost,Lost to Competitor,Inbound - Paid,false
OPP-003398,CUST-01067,Mid-Market,REP-023,2023-08-27,2023-11-14,2023-11-23,Closed Lost,0.00,Expansion,12,2604.81,2604.81,2604.81,Lost,Price,Trade Show / Event,false
OPP-003399,CUST-00059,Mid-Market,REP-032,2025-04-12,2025-05-13,2025-05-17,Closed Lost,0.00,Expansion,12,4442.48,4442.48,4442.48,Lost,Price,Inbound - Paid,false
OPP-003400,CUST-00782,SMB,REP-038,2026-01-05,2026-02-09,2026-02-13,Closed Lost,0.00,Expansion,1,12259.22,12259.22,1021.60,Lost,Product Gap,Inbound - Organic,false
OPP-003401,CUST-01104,Enterprise,REP-044,2026-04-09,2026-06-21,2026-06-30,Closed Lost,0.00,Expansion,36,45014.89,45014.89,135044.67,Lost,No Decision,Partner / Referral,false
OPP-003402,CUST-00175,Mid-Market,REP-049,2025-12-04,2026-01-21,2026-01-27,Closed Lost,0.00,Expansion,12,3157.00,3157.00,3157.00,Lost,No Decision,Outbound - SDR,false
OPP-003403,CUST-00358,Mid-Market,REP-039,2024-08-30,2024-10-18,2024-10-24,Closed Lost,0.00,Expansion,12,7297.73,7297.73,7297.73,Lost,Lost to Competitor,Inbound - Paid,false
OPP-003404,CUST-01040,Mid-Market,REP-039,2025-12-08,2026-02-25,2026-03-06,Closed Lost,0.00,Expansion,12,5883.32,5883.32,5883.32,Lost,Price,Partner / Referral,false
OPP-003405,CUST-01531,Mid-Market,REP-039,2025-09-01,2025-11-14,2025-11-23,Closed Lost,0.00,Expansion,12,19171.44,19171.44,19171.44,Lost,No Decision,Inbound - Organic,false
OPP-003406,CUST-01544,Mid-Market,REP-052,2026-04-12,2026-06-11,2026-06-18,Closed Lost,0.00,Expansion,24,37192.08,37192.08,74384.16,Lost,Timing / Budget Deferred,Outbound - SDR,false
OPP-003407,CUST-01480,SMB,REP-030,2025-12-07,2025-12-19,2025-12-21,Closed Lost,0.00,Expansion,12,1765.44,1765.44,1765.44,Lost,Lost to Competitor,Inbound - Paid,false
OPP-003408,CUST-00176,Mid-Market,REP-026,2024-03-31,2024-04-27,2024-04-30,Closed Lost,0.00,Expansion,12,8886.26,8886.26,8886.26,Lost,Lost to Competitor,Outbound - SDR,false
OPP-003409,CUST-00605,SMB,REP-035,2025-01-29,2025-02-12,2025-02-14,Closed Lost,0.00,Expansion,1,3229.45,3229.45,269.12,Lost,Timing / Budget Deferred,Outbound - SDR,false
OPP-003410,CUST-01079,Mid-Market,REP-039,2025-09-09,2025-10-28,2025-11-03,Closed Lost,0.00,Expansion,12,17880.72,17880.72,17880.72,Lost,Timing / Budget Deferred,Outbound - SDR,false
OPP-003411,CUST-00717,Mid-Market,REP-050,2026-05-22,2026-06-26,2026-06-30,Closed Lost,0.00,Expansion,12,13032.20,13032.20,13032.20,Lost,Product Gap,Outbound - SDR,false
OPP-003412,CUST-01544,Mid-Market,REP-039,2026-04-26,2026-06-14,2026-06-20,Closed Lost,0.00,Expansion,24,20343.96,20343.96,40687.92,Lost,No Decision,Outbound - SDR,false
OPP-003413,CUST-01442,SMB,REP-038,2026-02-12,2026-02-28,2026-03-02,Closed Lost,0.00,Expansion,1,952.21,952.21,79.35,Lost,Price,Partner / Referral,false
OPP-003414,CUST-00488,SMB,REP-038,2024-12-16,2024-12-30,2025-01-01,Closed Lost,0.00,Expansion,12,697.12,697.12,697.12,Lost,Price,Inbound - Paid,false
OPP-003415,CUST-01301,Mid-Market,REP-051,2026-05-03,2026-06-24,2026-06-30,Closed Lost,0.00,Expansion,12,105548.20,105548.20,105548.20,Lost,No Decision,Inbound - Organic,false
OPP-003416,CUST-00185,Mid-Market,REP-010,2024-04-09,2024-05-11,2024-05-15,Closed Lost,0.00,Expansion,12,13210.94,13210.94,13210.94,Lost,Timing / Budget Deferred,Inbound - Paid,false
OPP-003417,CUST-01288,Mid-Market,REP-039,2024-12-07,2025-01-03,2025-01-07,Closed Lost,0.00,Expansion,12,5467.27,5467.27,5467.27,Lost,Price,Outbound - SDR,false
OPP-003418,CUST-01326,Enterprise,REP-045,2025-08-20,2025-12-02,2025-12-14,Closed Lost,0.00,Expansion,24,2702.54,2702.54,5405.08,Lost,No Decision,Inbound - Organic,false
OPP-003419,CUST-01279,Mid-Market,REP-039,2024-08-11,2024-12-09,2024-12-23,Closed Lost,0.00,Expansion,12,23122.27,23122.27,23122.27,Lost,Stayed on Incumbent,Inbound - Paid,false
OPP-003420,CUST-00737,Enterprise,REP-045,2025-10-28,2026-05-26,2026-06-19,Closed Lost,0.00,Expansion,12,116238.65,116238.65,116238.65,Lost,No Decision,Inbound - Paid,false
OPP-003421,CUST-01022,Mid-Market,REP-023,2024-04-25,2024-06-21,2024-06-28,Closed Lost,0.00,Expansion,36,15801.09,15801.09,47403.27,Lost,No Decision,Trade Show / Event,false
OPP-003422,CUST-00369,Mid-Market,REP-007,2024-04-23,2024-06-05,2024-06-10,Closed Lost,0.00,Expansion,12,1701.97,1701.97,1701.97,Lost,Price,Outbound - SDR,false
OPP-003423,CUST-01281,Mid-Market,REP-049,2025-11-15,2025-12-05,2025-12-08,Closed Lost,0.00,Expansion,12,117735.30,117735.30,117735.30,Lost,Product Gap,Partner / Referral,false
OPP-003424,CUST-00055,Mid-Market,REP-023,2023-10-09,2023-12-31,2024-01-10,Closed Lost,0.00,Expansion,12,20279.82,20279.82,20279.82,Lost,Stayed on Incumbent,Trade Show / Event,false
OPP-003425,CUST-01080,Mid-Market,REP-039,2024-09-24,2024-11-29,2024-12-07,Closed Lost,0.00,Expansion,12,10272.07,10272.07,10272.07,Lost,Lost to Competitor,Inbound - Organic,false
OPP-003426,CUST-01372,SMB,REP-038,2026-02-03,2026-02-24,2026-02-27,Closed Lost,0.00,Expansion,1,3372.32,3372.32,281.03,Lost,Price,Partner / Referral,false
OPP-003427,CUST-01480,SMB,REP-048,2026-03-30,2026-04-15,2026-04-17,Closed Lost,0.00,Expansion,12,2692.43,2692.43,2692.43,Lost,Product Gap,Trade Show / Event,false
OPP-003428,CUST-01229,SMB,REP-038,2024-12-21,2025-01-26,2025-01-30,Closed Lost,0.00,Expansion,12,1826.31,1826.31,1826.31,Lost,No Decision,Partner / Referral,false
OPP-003429,CUST-01490,SMB,REP-030,2025-09-28,2025-10-13,2025-10-15,Closed Lost,0.00,Expansion,1,5089.01,5089.01,424.08,Lost,Price,Inbound - Organic,false
OPP-003430,CUST-01161,SMB,REP-030,2024-09-07,2024-09-23,2024-09-25,Closed Lost,0.00,Expansion,1,6254.27,6254.27,521.19,Lost,No Decision,Inbound - Organic,false
OPP-003431,CUST-01296,Mid-Market,REP-032,2025-08-30,2025-10-30,2025-11-06,Closed Lost,0.00,Expansion,1,11414.92,11414.92,951.24,Lost,Product Gap,Outbound - SDR,false
OPP-003432,CUST-01153,SMB,REP-030,2025-11-07,2025-11-20,2025-11-22,Closed Lost,0.00,Expansion,1,10407.42,10407.42,867.28,Lost,Price,Outbound - SDR,false
OPP-003433,CUST-00737,Enterprise,REP-029,2026-03-06,2026-06-18,2026-06-30,Closed Lost,0.00,Expansion,12,308363.27,308363.27,308363.27,Lost,Price,Inbound - Paid,false
OPP-003434,CUST-01194,SMB,REP-038,2025-04-09,2025-06-02,2025-06-08,Closed Lost,0.00,Expansion,12,741.96,741.96,741.96,Lost,Product Gap,Inbound - Organic,false
OPP-003435,CUST-01317,Mid-Market,REP-039,2025-09-26,2026-03-12,2026-03-31,Closed Lost,0.00,Expansion,1,70595.71,70595.71,5882.98,Lost,Timing / Budget Deferred,Inbound - Organic,false
OPP-003436,CUST-00375,Mid-Market,REP-026,2025-02-03,2025-04-14,2025-04-22,Closed Lost,0.00,Expansion,12,25035.70,25035.70,25035.70,Lost,Price,Inbound - Paid,false
OPP-003437,CUST-01054,Mid-Market,REP-049,2025-09-14,2025-10-24,2025-10-29,Closed Lost,0.00,Expansion,12,8978.67,8978.67,8978.67,Lost,No Decision,Inbound - Paid,false
OPP-003438,CUST-00373,Mid-Market,REP-049,2025-08-18,2025-10-16,2025-10-23,Closed Lost,0.00,Expansion,12,14605.62,14605.62,14605.62,Lost,No Decision,Outbound - SDR,false
OPP-003439,CUST-01530,Mid-Market,REP-026,2026-03-05,2026-04-09,2026-04-13,Closed Lost,0.00,Expansion,12,19311.11,19311.11,19311.11,Lost,No Decision,Inbound - Paid,false
OPP-003440,CUST-00671,Mid-Market,REP-018,2024-04-03,2024-06-28,2024-07-08,Closed Lost,0.00,Expansion,36,31293.49,31293.49,93880.47,Lost,Lost to Competitor,Trade Show / Event,false
OPP-003441,CUST-00970,SMB,REP-028,2024-01-31,2024-02-09,2024-02-10,Closed Lost,0.00,Expansion,1,4364.56,4364.56,363.71,Lost,Timing / Budget Deferred,Inbound - Organic,false
OPP-003442,CUST-01054,Mid-Market,REP-049,2026-01-09,2026-01-28,2026-01-31,Closed Lost,0.00,Expansion,12,13030.19,13030.19,13030.19,Lost,Timing / Budget Deferred,Trade Show / Event,false
OPP-003443,CUST-01277,Mid-Market,REP-026,2024-11-28,2025-02-16,2025-02-25,Closed Lost,0.00,Expansion,12,3685.86,3685.86,3685.86,Lost,Price,Partner / Referral,false
OPP-003444,CUST-01082,Mid-Market,REP-026,2024-09-27,2024-11-11,2024-11-17,Closed Lost,0.00,Expansion,12,40884.80,40884.80,40884.80,Lost,Price,Inbound - Paid,false
OPP-003445,CUST-00398,Mid-Market,REP-039,2024-09-21,2024-11-05,2024-11-11,Closed Lost,0.00,Expansion,12,20941.05,20941.05,20941.05,Lost,Timing / Budget Deferred,Partner / Referral,false
OPP-003446,CUST-00822,SMB,REP-038,2024-11-30,2024-12-14,2024-12-16,Closed Lost,0.00,Expansion,12,1576.21,1576.21,1576.21,Lost,Timing / Budget Deferred,Inbound - Organic,false
OPP-003447,CUST-01037,Mid-Market,REP-041,2024-12-01,2025-02-02,2025-02-09,Closed Lost,0.00,Expansion,24,5349.09,5349.09,10698.18,Lost,Timing / Budget Deferred,Inbound - Organic,false
OPP-003448,CUST-01531,Mid-Market,REP-049,2025-12-05,2026-01-04,2026-01-08,Closed Lost,0.00,Expansion,12,7502.18,7502.18,7502.18,Lost,Price,Inbound - Organic,false
OPP-003449,CUST-01517,Mid-Market,REP-047,2025-05-20,2025-07-12,2025-07-18,Closed Lost,0.00,Expansion,24,8888.79,8888.79,17777.58,Lost,Timing / Budget Deferred,Outbound - SDR,false
OPP-003450,CUST-00674,Mid-Market,REP-046,2025-11-26,2025-12-21,2025-12-24,Closed Lost,0.00,Expansion,12,33344.98,33344.98,33344.98,Lost,Stayed on Incumbent,Inbound - Paid,false
OPP-003451,CUST-01086,Mid-Market,REP-049,2025-04-12,2025-07-13,2025-07-24,Closed Lost,0.00,Expansion,12,28149.32,28149.32,28149.32,Lost,Product Gap,Inbound - Paid,false
OPP-003452,CUST-00056,Mid-Market,REP-026,2024-01-17,2024-06-02,2024-06-18,Closed Lost,0.00,Expansion,12,7830.33,7830.33,7830.33,Lost,Price,Outbound - SDR,false
OPP-003453,CUST-01514,Mid-Market,REP-039,2026-01-05,2026-03-30,2026-04-09,Closed Lost,0.00,Expansion,12,21440.43,21440.43,21440.43,Lost,Timing / Budget Deferred,Partner / Referral,false
OPP-003454,CUST-00165,Mid-Market,REP-049,2025-02-19,2025-04-11,2025-04-17,Closed Lost,0.00,Expansion,12,6312.81,6312.81,6312.81,Lost,Price,Trade Show / Event,false
OPP-003455,CUST-00384,Mid-Market,REP-026,2023-06-12,2024-04-03,2024-05-06,Closed Lost,0.00,Expansion,12,11860.24,11860.24,11860.24,Lost,Product Gap,Inbound - Organic,false
OPP-003456,CUST-01033,Mid-Market,REP-010,2024-06-01,2024-07-19,2024-07-25,Closed Lost,0.00,Expansion,1,28372.63,28372.63,2364.39,Lost,Price,Inbound - Paid,false
OPP-003457,CUST-01067,Mid-Market,REP-049,2025-03-28,2025-06-11,2025-06-20,Closed Lost,0.00,Expansion,12,20701.93,20701.93,20701.93,Lost,Timing / Budget Deferred,Inbound - Paid,false
OPP-003458,CUST-00824,SMB,REP-031,2024-07-18,2024-08-01,2024-08-03,Closed Lost,0.00,Expansion,12,2789.38,2789.38,2789.38,Lost,Lost to Competitor,Trade Show / Event,false
OPP-003459,CUST-00381,Mid-Market,REP-039,2025-09-09,2025-12-17,2025-12-29,Closed Lost,0.00,Expansion,12,17686.36,17686.36,17686.36,Lost,Product Gap,Inbound - Paid,false
OPP-003460,CUST-01107,Enterprise,REP-014,2023-09-07,2024-02-29,2024-03-20,Closed Lost,0.00,Expansion,36,23240.05,23240.05,69720.15,Lost,Lost to Competitor,Outbound - SDR,false
OPP-003461,CUST-01417,SMB,REP-030,2026-04-16,2026-05-28,2026-06-02,Closed Lost,0.00,Expansion,12,6228.40,6228.40,6228.40,Lost,Lost to Competitor,Inbound - Paid,false
OPP-003462,CUST-01052,Mid-Market,REP-032,2024-11-09,2024-12-22,2024-12-27,Closed Lost,0.00,Expansion,24,63867.11,63867.11,127734.22,Lost,No Decision,Outbound - SDR,false
OPP-003463,CUST-01291,Mid-Market,REP-010,2026-01-27,2026-05-25,2026-06-08,Closed Lost,0.00,Expansion,12,14910.89,14910.89,14910.89,Lost,No Decision,Outbound - SDR,false
OPP-003464,CUST-01533,Mid-Market,REP-039,2026-05-09,2026-06-24,2026-06-30,Closed Lost,0.00,Expansion,12,30826.34,30826.34,30826.34,Lost,Timing / Budget Deferred,Inbound - Organic,false
OPP-003465,CUST-01081,Mid-Market,REP-041,2024-08-28,2024-11-12,2024-11-21,Closed Lost,0.00,Expansion,12,30539.82,30539.82,30539.82,Lost,Product Gap,Inbound - Organic,false
OPP-003466,CUST-01067,Mid-Market,REP-047,2025-04-21,2025-05-18,2025-05-22,Closed Lost,0.00,Expansion,12,9051.59,9051.59,9051.59,Lost,Stayed on Incumbent,Inbound - Paid,false
OPP-003467,CUST-01593,SMB,REP-038,2026-04-28,2026-05-28,2026-06-01,Closed Lost,0.00,Expansion,12,4930.20,4930.20,4930.20,Lost,Price,Trade Show / Event,false
OPP-003468,CUST-01536,Mid-Market,REP-052,2026-04-10,2026-06-21,2026-06-30,Closed Lost,0.00,Expansion,12,52110.60,52110.60,52110.60,Lost,Price,Partner / Referral,false
OPP-003469,CUST-00872,SMB,REP-035,2024-06-16,2024-06-26,2024-06-28,Closed Lost,0.00,Expansion,1,1381.99,1381.99,115.17,Lost,Lost to Competitor,Trade Show / Event,false
OPP-003470,CUST-00864,SMB,REP-037,2024-08-31,2024-10-01,2024-10-05,Closed Lost,0.00,Expansion,1,1172.93,1172.93,97.74,Lost,Stayed on Incumbent,Partner / Referral,false
OPP-003471,CUST-01135,SMB,REP-038,2024-07-13,2024-09-19,2024-09-27,Closed Lost,0.00,Expansion,1,1695.59,1695.59,141.30,Lost,No Decision,Partner / Referral,false
OPP-003472,CUST-00963,SMB,REP-038,2024-07-27,2024-09-25,2024-10-02,Closed Lost,0.00,Expansion,1,2754.10,2754.10,229.51,Lost,Lost to Competitor,Inbound - Organic,false
OPP-003473,CUST-01593,SMB,REP-038,2026-06-18,2026-06-28,2026-06-30,Closed Lost,0.00,Expansion,12,6024.71,6024.71,6024.71,Lost,Price,Outbound - SDR,false
OPP-003474,CUST-01096,Mid-Market,REP-032,2025-05-29,2025-07-31,2025-08-08,Closed Lost,0.00,Expansion,12,12658.29,12658.29,12658.29,Lost,Price,Trade Show / Event,false
OPP-003475,CUST-01279,Mid-Market,REP-007,2024-01-12,2024-03-16,2024-03-24,Closed Lost,0.00,Expansion,12,40559.71,40559.71,40559.71,Lost,Product Gap,Inbound - Paid,false
OPP-003476,CUST-01107,Enterprise,REP-033,2024-03-10,2024-05-14,2024-05-22,Closed Lost,0.00,Expansion,36,18738.99,18738.99,56216.97,Lost,No Decision,Inbound - Paid,false
OPP-003477,CUST-00742,SMB,REP-038,2025-05-22,2025-06-03,2025-06-05,Closed Lost,0.00,Expansion,1,3558.84,3558.84,296.57,Lost,Product Gap,Inbound - Paid,false
OPP-003478,CUST-00180,Mid-Market,REP-010,2024-05-20,2024-08-03,2024-08-12,Closed Lost,0.00,Expansion,12,13314.59,13314.59,13314.59,Lost,Product Gap,Outbound - SDR,false
OPP-003479,CUST-00367,Mid-Market,REP-049,2025-06-17,2025-07-19,2025-07-23,Closed Lost,0.00,Expansion,24,20168.36,20168.36,40336.72,Lost,No Decision,Trade Show / Event,false
OPP-003480,CUST-01261,SMB,REP-030,2025-04-25,2025-05-21,2025-05-24,Closed Lost,0.00,Expansion,1,2896.33,2896.33,241.36,Lost,No Decision,Outbound - SDR,false
OPP-003481,CUST-01309,Mid-Market,REP-047,2024-12-24,2025-03-27,2025-04-07,Closed Lost,0.00,Expansion,12,13301.95,13301.95,13301.95,Lost,Product Gap,Partner / Referral,false
OPP-003482,CUST-00185,Mid-Market,REP-018,2024-07-07,2024-07-29,2024-08-01,Closed Lost,0.00,Expansion,12,26461.56,26461.56,26461.56,Lost,No Decision,Partner / Referral,false
OPP-003483,CUST-00166,Mid-Market,REP-032,2025-04-27,2025-05-31,2025-06-04,Closed Lost,0.00,Renewal Uplift,24,1648.38,1648.38,3296.76,Lost,Product Gap,Outbound - SDR,false
OPP-003484,CUST-00823,SMB,REP-030,2024-03-05,2024-03-17,2024-03-19,Closed Lost,0.00,Renewal Uplift,12,205.12,205.12,205.12,Lost,Stayed on Incumbent,Inbound - Paid,false
OPP-003485,CUST-00395,Mid-Market,REP-026,2025-06-28,2025-10-11,2025-10-23,Closed Lost,0.00,Renewal Uplift,12,1239.46,1239.46,1239.46,Lost,No Decision,Partner / Referral,false
OPP-003486,CUST-00863,SMB,REP-035,2024-02-23,2024-04-20,2024-04-27,Closed Lost,0.00,Renewal Uplift,12,154.13,154.13,154.13,Lost,Timing / Budget Deferred,Inbound - Organic,false
OPP-003487,CUST-01260,SMB,REP-030,2026-01-07,2026-02-07,2026-02-11,Closed Lost,0.00,Renewal Uplift,12,538.56,538.56,538.56,Lost,Timing / Budget Deferred,Outbound - SDR,false
OPP-003488,CUST-01309,Mid-Market,REP-010,2025-09-14,2025-10-14,2025-10-18,Closed Lost,0.00,Renewal Uplift,12,2623.39,2623.39,2623.39,Lost,No Decision,Inbound - Paid,false
OPP-003489,CUST-00778,SMB,REP-038,2025-03-12,2025-04-13,2025-04-17,Closed Lost,0.00,Renewal Uplift,12,633.32,633.32,633.32,Lost,Product Gap,Inbound - Paid,false
OPP-003490,CUST-01094,Mid-Market,REP-026,2024-12-08,2025-03-19,2025-03-31,Closed Lost,0.00,Renewal Uplift,12,2435.80,2435.80,2435.80,Lost,No Decision,Inbound - Paid,false
OPP-003491,CUST-00585,SMB,REP-048,2025-10-12,2025-10-26,2025-10-28,Closed Lost,0.00,Renewal Uplift,12,109.43,109.43,109.43,Lost,Product Gap,Trade Show / Event,false
OPP-003492,CUST-00662,Mid-Market,REP-026,2025-10-27,2025-11-23,2025-11-27,Closed Lost,0.00,Renewal Uplift,12,2862.85,2862.85,2862.85,Lost,No Decision,Inbound - Paid,false
OPP-003493,CUST-00362,Mid-Market,REP-010,2023-07-12,2023-11-06,2023-11-19,Closed Lost,0.00,Renewal Uplift,12,1919.42,1919.42,1919.42,Lost,Product Gap,Inbound - Paid,false
OPP-003494,CUST-00183,Mid-Market,REP-050,2025-11-06,2025-12-14,2025-12-19,Closed Lost,0.00,Renewal Uplift,12,1311.49,1311.49,1311.49,Lost,No Decision,Inbound - Paid,false
OPP-003495,CUST-00258,SMB,REP-031,2024-02-16,2024-04-10,2024-04-17,Closed Lost,0.00,Renewal Uplift,12,108.59,108.59,108.59,Lost,Stayed on Incumbent,Outbound - SDR,false
OPP-003496,CUST-00672,Mid-Market,REP-052,2026-03-30,2026-06-20,2026-06-30,Closed Lost,0.00,Renewal Uplift,12,1816.77,1816.77,1816.77,Lost,Timing / Budget Deferred,Inbound - Paid,false
OPP-003497,CUST-00132,SMB,REP-038,2024-12-21,2024-12-31,2025-01-02,Closed Lost,0.00,Renewal Uplift,12,264.82,264.82,264.82,Lost,Price,Inbound - Paid,false
OPP-003498,CUST-00725,Enterprise,REP-044,2025-09-18,2026-03-21,2026-04-11,Closed Lost,0.00,Renewal Uplift,12,6257.29,6257.29,6257.29,Lost,No Decision,Outbound - SDR,false
OPP-003499,CUST-00866,SMB,REP-038,2024-08-19,2024-09-06,2024-09-08,Closed Lost,0.00,Renewal Uplift,12,360.39,360.39,360.39,Lost,No Decision,Inbound - Paid,false
OPP-003500,CUST-01101,Enterprise,REP-044,2024-10-24,2025-01-21,2025-01-31,Closed Lost,0.00,Renewal Uplift,12,2936.91,2936.91,2936.91,Lost,Timing / Budget Deferred,Outbound - SDR,false
OPP-003501,CUST-01191,SMB,REP-038,2025-04-12,2025-05-01,2025-05-04,Closed Lost,0.00,Renewal Uplift,12,399.56,399.56,399.56,Lost,Lost to Competitor,Outbound - SDR,false
OPP-003502,CUST-00404,Mid-Market,REP-050,2026-02-17,2026-03-31,2026-04-05,Closed Lost,0.00,Renewal Uplift,12,1447.87,1447.87,1447.87,Lost,Price,Inbound - Organic,false
OPP-003503,CUST-00377,Mid-Market,REP-026,2024-04-12,2024-06-28,2024-07-07,Closed Lost,0.00,Renewal Uplift,12,231.46,231.46,231.46,Lost,Product Gap,Trade Show / Event,false
OPP-003504,CUST-00838,SMB,REP-031,2024-08-13,2024-08-23,2024-08-25,Closed Lost,0.00,Renewal Uplift,12,335.87,335.87,335.87,Lost,No Decision,Inbound - Organic,false
OPP-003505,CUST-01294,Mid-Market,REP-026,2025-06-13,2025-09-27,2025-10-09,Closed Lost,0.00,Renewal Uplift,12,1104.66,1104.66,1104.66,Lost,Stayed on Incumbent,Inbound - Organic,false
OPP-003506,CUST-01119,Enterprise,REP-029,2025-06-08,2025-09-07,2025-09-18,Closed Lost,0.00,Renewal Uplift,12,3128.79,3128.79,3128.79,Lost,Price,Inbound - Organic,false
OPP-003507,CUST-01285,Mid-Market,REP-026,2025-01-22,2025-02-19,2025-02-23,Closed Lost,0.00,Renewal Uplift,12,3346.35,3346.35,3346.35,Lost,Stayed on Incumbent,Outbound - SDR,false
OPP-003508,CUST-00374,Mid-Market,REP-039,2024-10-10,2024-12-28,2025-01-06,Closed Lost,0.00,Renewal Uplift,12,878.22,878.22,878.22,Lost,Price,Outbound - SDR,false
OPP-003509,CUST-00585,SMB,REP-037,2025-09-24,2025-10-09,2025-10-11,Closed Lost,0.00,Renewal Uplift,12,226.58,226.58,226.58,Lost,Timing / Budget Deferred,Inbound - Paid,false
OPP-003510,CUST-00075,SMB,REP-030,2025-04-03,2025-04-30,2025-05-03,Closed Lost,0.00,Renewal Uplift,12,142.91,142.91,142.91,Lost,Price,Partner / Referral,false
OPP-003511,CUST-00052,Mid-Market,REP-039,2024-08-15,2024-09-14,2024-09-18,Closed Lost,0.00,Renewal Uplift,12,1130.76,1130.76,1130.76,Lost,No Decision,Inbound - Organic,false
OPP-003512,CUST-01294,Mid-Market,REP-051,2026-05-15,2026-06-25,2026-06-30,Closed Lost,0.00,Renewal Uplift,12,1825.06,1825.06,1825.06,Lost,Timing / Budget Deferred,Outbound - SDR,false
OPP-003513,CUST-01104,Enterprise,REP-045,2025-02-12,2025-05-22,2025-06-03,Closed Lost,0.00,Renewal Uplift,36,1872.32,1872.32,5616.96,Lost,Lost to Competitor,Outbound - SDR,false
OPP-003514,CUST-00053,Mid-Market,REP-026,2025-05-30,2025-06-27,2025-07-01,Closed Lost,0.00,Renewal Uplift,12,1573.93,1573.93,1573.93,Lost,Lost to Competitor,Trade Show / Event,false
OPP-003515,CUST-00176,Mid-Market,REP-047,2025-02-11,2025-05-19,2025-05-30,Closed Lost,0.00,Renewal Uplift,12,900.48,900.48,900.48,Lost,Lost to Competitor,Partner / Referral,false
OPP-003516,CUST-00021,SMB,REP-038,2025-04-27,2025-06-09,2025-06-14,Closed Lost,0.00,Renewal Uplift,12,61.36,61.36,61.36,Lost,Price,Partner / Referral,false
OPP-003517,CUST-00667,Mid-Market,REP-050,2025-12-18,2026-04-05,2026-04-18,Closed Lost,0.00,Renewal Uplift,12,550.26,550.26,550.26,Lost,No Decision,Outbound - SDR,false
OPP-003518,CUST-00455,SMB,REP-030,2024-03-12,2024-04-28,2024-05-04,Closed Lost,0.00,Renewal Uplift,12,669.18,669.18,669.18,Lost,Timing / Budget Deferred,Trade Show / Event,false
OPP-003519,CUST-00372,Mid-Market,REP-039,2024-09-22,2024-10-28,2024-11-02,Closed Lost,0.00,Renewal Uplift,12,463.56,463.56,463.56,Lost,No Decision,Outbound - SDR,false
OPP-003520,CUST-00835,SMB,REP-030,2024-05-18,2024-06-09,2024-06-12,Closed Lost,0.00,Renewal Uplift,12,352.37,352.37,352.37,Lost,Timing / Budget Deferred,Partner / Referral,false
OPP-003521,CUST-01054,Mid-Market,REP-010,2024-03-12,2024-05-17,2024-05-25,Closed Lost,0.00,Renewal Uplift,12,9580.94,9580.94,9580.94,Lost,Price,Inbound - Paid,false
OPP-003522,CUST-00175,Mid-Market,REP-010,2024-06-01,2024-10-23,2024-11-09,Closed Lost,0.00,Renewal Uplift,12,1031.41,1031.41,1031.41,Lost,Price,Inbound - Paid,false
OPP-003523,CUST-00668,Mid-Market,REP-039,2025-08-23,2025-12-14,2025-12-27,Closed Lost,0.00,Renewal Uplift,12,1348.05,1348.05,1348.05,Lost,Price,Inbound - Paid,false
OPP-003524,CUST-00656,Mid-Market,REP-018,2024-04-12,2024-06-03,2024-06-09,Closed Lost,0.00,Renewal Uplift,12,821.97,821.97,821.97,Lost,Price,Partner / Referral,false
OPP-003525,CUST-00829,SMB,REP-030,2026-01-18,2026-06-07,2026-06-23,Closed Lost,0.00,Renewal Uplift,12,989.63,989.63,989.63,Lost,Price,Partner / Referral,false
OPP-003526,CUST-00857,SMB,REP-030,2024-04-09,2024-05-02,2024-05-05,Closed Lost,0.00,Renewal Uplift,12,205.77,205.77,205.77,Lost,Lost to Competitor,Inbound - Paid,false
OPP-003527,CUST-01120,Enterprise,REP-014,2025-09-21,2026-02-11,2026-02-27,Closed Lost,0.00,Renewal Uplift,12,8787.59,8787.59,8787.59,Lost,Stayed on Incumbent,Inbound - Organic,false
OPP-003528,CUST-00699,Mid-Market,REP-047,2025-06-01,2025-08-04,2025-08-12,Closed Lost,0.00,Renewal Uplift,12,2426.14,2426.14,2426.14,Lost,Timing / Budget Deferred,Outbound - SDR,false
OPP-003529,CUST-00725,Enterprise,REP-045,2024-09-07,2024-12-07,2024-12-18,Closed Lost,0.00,Renewal Uplift,12,2817.13,2817.13,2817.13,Lost,Stayed on Incumbent,Partner / Referral,false
OPP-003530,CUST-00485,SMB,REP-030,2025-07-07,2025-07-19,2025-07-21,Closed Lost,0.00,Renewal Uplift,12,502.31,502.31,502.31,Lost,No Decision,Inbound - Paid,false
OPP-003531,CUST-00847,SMB,REP-031,2024-07-15,2024-08-01,2024-08-03,Closed Lost,0.00,Renewal Uplift,12,134.30,134.30,134.30,Lost,Price,Inbound - Organic,false
OPP-003532,CUST-00842,SMB,REP-031,2024-04-28,2024-06-06,2024-06-11,Closed Lost,0.00,Renewal Uplift,12,117.67,117.67,117.67,Lost,Stayed on Incumbent,Inbound - Paid,false
OPP-003533,CUST-00607,SMB,REP-035,2025-02-06,2025-02-16,2025-02-18,Closed Lost,0.00,Renewal Uplift,12,289.88,289.88,289.88,Lost,Lost to Competitor,Inbound - Organic,false
OPP-003534,CUST-00529,SMB,REP-048,2025-04-04,2025-05-17,2025-05-22,Closed Lost,0.00,Renewal Uplift,12,76.90,76.90,76.90,Lost,Price,Outbound - SDR,false
OPP-003535,CUST-00851,SMB,REP-031,2024-07-02,2024-07-12,2024-07-14,Closed Lost,0.00,Renewal Uplift,12,216.03,216.03,216.03,Lost,Price,Inbound - Paid,false
OPP-003536,CUST-00726,Enterprise,REP-044,2024-10-28,2025-03-26,2025-04-12,Closed Lost,0.00,Renewal Uplift,36,2977.32,2977.32,8931.96,Lost,Price,Partner / Referral,false
OPP-003537,CUST-00549,SMB,REP-035,2025-11-07,2025-11-15,2025-11-16,Closed Lost,0.00,Renewal Uplift,12,47.32,47.32,47.32,Lost,Product Gap,Trade Show / Event,false
OPP-003538,CUST-00331,SMB,REP-035,2026-02-01,2026-02-19,2026-02-21,Closed Lost,0.00,Renewal Uplift,12,441.29,441.29,441.29,Lost,Price,Inbound - Paid,false
OPP-003539,CUST-00827,SMB,REP-038,2026-06-24,2026-07-01,2026-06-30,Closed Lost,0.00,Renewal Uplift,12,252.69,252.69,252.69,Lost,Lost to Competitor,Inbound - Organic,false
OPP-003540,CUST-00691,Mid-Market,REP-026,2024-03-23,2024-07-26,2024-08-09,Closed Lost,0.00,Renewal Uplift,12,302.99,302.99,302.99,Lost,Product Gap,Outbound - SDR,false
OPP-003541,CUST-01294,Mid-Market,REP-032,2025-02-10,2025-03-22,2025-03-27,Closed Lost,0.00,Renewal Uplift,12,794.55,794.55,794.55,Lost,No Decision,Inbound - Paid,false
OPP-003542,CUST-00331,SMB,REP-038,2025-08-24,2025-10-02,2025-10-07,Closed Lost,0.00,Renewal Uplift,12,324.72,324.72,324.72,Lost,Lost to Competitor,Inbound - Paid,false
OPP-003543,CUST-00174,Mid-Market,REP-047,2025-01-08,2025-04-21,2025-05-03,Closed Lost,0.00,Renewal Uplift,12,3522.15,3522.15,3522.15,Lost,Price,Partner / Referral,false
OPP-003544,CUST-00682,Mid-Market,REP-026,2024-02-07,2024-04-08,2024-04-15,Closed Lost,0.00,Renewal Uplift,12,4135.84,4135.84,4135.84,Lost,Stayed on Incumbent,Inbound - Organic,false
OPP-003545,CUST-01320,Mid-Market,REP-049,2025-10-07,2025-11-28,2025-12-04,Closed Lost,0.00,Renewal Uplift,12,714.52,714.52,714.52,Lost,Lost to Competitor,Inbound - Organic,false
OPP-003546,CUST-00156,Mid-Market,REP-032,2024-09-29,2024-12-06,2024-12-14,Closed Lost,0.00,Renewal Uplift,12,2730.93,2730.93,2730.93,Lost,Price,Inbound - Paid,false
OPP-003547,CUST-00182,Mid-Market,REP-026,2025-03-26,2025-12-03,2026-01-01,Closed Lost,0.00,Renewal Uplift,12,1759.49,1759.49,1759.49,Lost,No Decision,Inbound - Organic,false
OPP-003548,CUST-00790,SMB,REP-030,2024-02-26,2024-03-25,2024-03-29,Closed Lost,0.00,Renewal Uplift,12,329.43,329.43,329.43,Lost,No Decision,Partner / Referral,false
OPP-003549,CUST-00802,SMB,REP-030,2025-03-07,2025-04-06,2025-04-10,Closed Lost,0.00,Renewal Uplift,12,242.75,242.75,242.75,Lost,Timing / Budget Deferred,Inbound - Paid,false
OPP-003550,CUST-00366,Mid-Market,REP-010,2024-07-02,2024-09-04,2024-09-12,Closed Lost,0.00,Renewal Uplift,12,1017.70,1017.70,1017.70,Lost,Lost to Competitor,Trade Show / Event,false
OPP-003551,CUST-00833,SMB,REP-038,2026-05-11,2026-05-20,2026-05-22,Closed Lost,0.00,Renewal Uplift,12,535.87,535.87,535.87,Lost,Timing / Budget Deferred,Partner / Referral,false
OPP-003552,CUST-00757,SMB,REP-030,2026-03-14,2026-03-21,2026-03-22,Closed Lost,0.00,Renewal Uplift,12,803.69,803.69,803.69,Lost,Product Gap,Inbound - Paid,false
OPP-003553,CUST-00839,SMB,REP-038,2025-07-10,2025-08-20,2025-08-25,Closed Lost,0.00,Renewal Uplift,36,418.26,418.26,1254.78,Lost,Timing / Budget Deferred,Inbound - Organic,false
OPP-003554,CUST-00847,SMB,REP-030,2024-07-12,2024-07-27,2024-07-29,Closed Lost,0.00,Renewal Uplift,12,150.14,150.14,150.14,Lost,Lost to Competitor,Outbound - SDR,false
OPP-003555,CUST-00783,SMB,REP-038,2025-06-06,2025-06-13,2025-06-11,Closed Lost,0.00,Renewal Uplift,12,380.20,380.20,380.20,Lost,Product Gap,Partner / Referral,false
OPP-003556,CUST-01027,Mid-Market,REP-010,2025-07-17,2025-08-29,2025-09-03,Closed Lost,0.00,Renewal Uplift,12,14754.55,14754.55,14754.55,Lost,Timing / Budget Deferred,Inbound - Paid,false
OPP-003557,CUST-00224,SMB,REP-030,2026-02-19,2026-03-27,2026-04-01,Closed Lost,0.00,Renewal Uplift,12,146.13,146.13,146.13,Lost,Lost to Competitor,Inbound - Organic,false
OPP-003558,CUST-01086,Mid-Market,REP-049,2025-10-01,2025-10-28,2025-10-31,Closed Lost,0.00,Renewal Uplift,12,2857.35,2857.35,2857.35,Lost,Stayed on Incumbent,Partner / Referral,false
OPP-003559,CUST-00688,Mid-Market,REP-039,2025-07-21,2025-08-29,2025-09-03,Closed Lost,0.00,Renewal Uplift,12,2636.28,2636.28,2636.28,Lost,Price,Inbound - Paid,false
OPP-003560,CUST-00844,SMB,REP-037,2026-02-09,2026-02-21,2026-02-23,Closed Lost,0.00,Renewal Uplift,12,528.03,528.03,528.03,Lost,No Decision,Outbound - SDR,false
OPP-003561,CUST-01285,Mid-Market,REP-026,2024-10-29,2025-05-03,2025-05-24,Closed Lost,0.00,Renewal Uplift,12,1901.31,1901.31,1901.31,Lost,Price,Partner / Referral,false
OPP-003562,CUST-00703,Mid-Market,REP-050,2025-12-04,2026-01-28,2026-02-04,Closed Lost,0.00,Renewal Uplift,12,253.80,253.80,253.80,Lost,No Decision,Inbound - Paid,false
OPP-003563,CUST-00943,SMB,REP-030,2025-12-27,2026-01-23,2026-01-26,Closed Lost,0.00,Renewal Uplift,12,754.12,754.12,754.12,Lost,Timing / Budget Deferred,Partner / Referral,false
OPP-003564,CUST-00440,SMB,REP-030,2024-04-26,2024-05-17,2024-05-20,Closed Lost,0.00,Renewal Uplift,12,255.16,255.16,255.16,Lost,Stayed on Incumbent,Trade Show / Event,false
OPP-003565,CUST-01109,Enterprise,REP-045,2026-03-05,2026-06-18,2026-06-30,Closed Lost,0.00,Renewal Uplift,24,4190.23,4190.23,8380.46,Lost,Lost to Competitor,Inbound - Paid,false
OPP-003566,CUST-00270,SMB,REP-038,2026-06-09,2026-06-27,2026-06-30,Closed Lost,0.00,Renewal Uplift,12,98.63,98.63,98.63,Lost,Price,Outbound - SDR,false
OPP-003567,CUST-01083,Mid-Market,REP-010,2025-05-26,2025-06-27,2025-07-01,Closed Lost,0.00,Renewal Uplift,12,1202.25,1202.25,1202.25,Lost,Lost to Competitor,Inbound - Organic,false
OPP-003568,CUST-00739,SMB,REP-030,2026-01-13,2026-02-28,2026-03-06,Closed Lost,0.00,Renewal Uplift,12,581.21,581.21,581.21,Lost,Lost to Competitor,Trade Show / Event,false
OPP-003569,CUST-01053,Mid-Market,REP-032,2025-09-13,2025-09-25,2025-09-27,Closed Lost,0.00,Renewal Uplift,12,1436.79,1436.79,1436.79,Lost,Price,Inbound - Organic,false
OPP-003570,CUST-00172,Mid-Market,REP-026,2024-06-03,2024-07-10,2024-07-15,Closed Lost,0.00,Renewal Uplift,12,1399.56,1399.56,1399.56,Lost,Product Gap,Inbound - Organic,false
OPP-003571,CUST-00844,SMB,REP-031,2024-06-24,2024-07-05,2024-07-07,Closed Lost,0.00,Renewal Uplift,12,933.99,933.99,933.99,Lost,Lost to Competitor,Inbound - Organic,false
OPP-003572,CUST-00592,SMB,REP-048,2025-11-08,2025-12-14,2025-12-18,Closed Lost,0.00,Renewal Uplift,12,425.76,425.76,425.76,Lost,Lost to Competitor,Trade Show / Event,false
OPP-003573,CUST-00386,Mid-Market,REP-023,2024-04-18,2024-05-27,2024-06-01,Closed Lost,0.00,Renewal Uplift,12,634.77,634.77,634.77,Lost,Stayed on Incumbent,Inbound - Paid,false
OPP-003574,CUST-01355,SMB,REP-038,2025-12-07,2025-12-29,2026-01-01,Closed Lost,0.00,Renewal Uplift,12,575.26,575.26,575.26,Lost,Price,Inbound - Organic,false
OPP-003575,ACCT-P-9003575,Enterprise,REP-045,2026-05-20,2026-08-12,,Qualification,0.25,New Logo,24,164819.38,164819.38,329638.77,Open,,Outbound - SDR,false
OPP-003576,CUST-00293,SMB,REP-030,2026-06-22,2026-07-02,,Qualification,0.25,Renewal Uplift,1,2922.74,2922.74,243.56,Open,,Outbound - SDR,false
OPP-003577,ACCT-P-9003577,Mid-Market,REP-032,2026-05-04,2026-10-08,,Proposal,0.45,New Logo,12,35957.37,35957.37,35957.37,Open,,Inbound - Organic,false
OPP-003578,ACCT-P-9003578,SMB,REP-038,2026-06-19,2026-07-10,,Discovery,0.10,New Logo,12,8695.95,8695.95,8695.95,Open,,Partner / Referral,false
OPP-003579,ACCT-P-9003579,SMB,REP-035,2026-06-01,2026-07-07,,Discovery,0.10,New Logo,12,8624.87,8624.87,8624.87,Open,,Inbound - Organic,false
OPP-003580,ACCT-P-9003580,Mid-Market,REP-051,2026-05-13,2026-07-02,,Qualification,0.25,New Logo,12,42811.71,42811.71,42811.71,Open,,Inbound - Paid,false
OPP-003581,CUST-01279,Mid-Market,REP-051,2026-06-23,2026-09-08,,Discovery,0.10,Expansion,1,35227.13,35227.13,2935.59,Open,,Outbound - SDR,false
OPP-003582,ACCT-P-9003582,SMB,REP-048,2026-06-08,2026-07-16,,Discovery,0.10,New Logo,1,16309.57,16309.57,1359.13,Open,,Outbound - SDR,false
OPP-003583,CUST-01593,SMB,REP-048,2026-06-20,2026-07-02,,Negotiation,0.70,Expansion,1,7909.71,7909.71,659.14,Open,,Inbound - Organic,false
OPP-003584,ACCT-P-9003584,SMB,REP-038,2026-05-23,2026-08-05,,Qualification,0.25,New Logo,1,6524.47,6524.47,543.71,Open,,Inbound - Organic,false
OPP-003585,ACCT-P-9003585,SMB,REP-038,2026-06-24,2026-07-19,,Negotiation,0.70,New Logo,1,11028.09,11028.09,919.01,Open,,Inbound - Paid,false
OPP-003586,ACCT-P-9003586,SMB,REP-037,2026-06-28,2026-07-11,,Discovery,0.10,New Logo,12,16244.91,16244.91,16244.91,Open,,Outbound - SDR,false
OPP-003587,CUST-00472,SMB,REP-038,2026-06-12,2026-07-10,,Proposal,0.45,Expansion,12,2904.95,2904.95,2904.95,Open,,Partner / Referral,false
OPP-003588,CUST-00855,SMB,REP-037,2026-06-15,2026-07-09,,Qualification,0.25,Renewal Uplift,1,6651.88,6651.88,554.32,Open,,Outbound - SDR,false
OPP-003589,ACCT-P-9003589,SMB,REP-038,2026-06-21,2026-07-11,,Proposal,0.45,New Logo,1,11217.02,11217.02,934.75,Open,,Inbound - Paid,false
OPP-003590,CUST-00857,SMB,REP-038,2026-06-06,2026-07-30,,Discovery,0.10,Renewal Uplift,12,2284.31,2284.31,2284.31,Open,,Partner / Referral,false
OPP-003591,ACCT-P-9003591,SMB,REP-048,2026-06-21,2026-07-11,,Negotiation,0.70,New Logo,1,4793.74,4793.74,399.48,Open,,Outbound - SDR,false
OPP-003592,ACCT-P-9003592,Mid-Market,REP-026,2026-06-06,2026-07-25,,Proposal,0.45,New Logo,12,57322.27,57322.27,57322.27,Open,,Inbound - Paid,false
OPP-003593,CUST-01494,SMB,REP-030,2026-05-13,2026-07-08,,Qualification,0.25,Renewal Uplift,1,2293.77,2293.77,191.15,Open,,Outbound - SDR,false
OPP-003594,ACCT-P-9003594,Mid-Market,REP-051,2026-04-10,2026-07-04,,Proposal,0.45,New Logo,12,33462.82,33462.82,33462.82,Open,,Trade Show / Event,false
OPP-003595,CUST-01596,SMB,REP-038,2026-06-29,2026-07-09,,Discovery,0.10,Expansion,1,1819.35,1819.35,151.61,Open,,Outbound - SDR,false
OPP-003596,CUST-01315,Mid-Market,REP-032,2026-06-09,2026-09-13,,Proposal,0.45,Expansion,12,24613.06,24613.06,24613.06,Open,,Inbound - Paid,false
OPP-003597,ACCT-P-9003597,Enterprise,REP-045,2026-03-04,2026-08-05,,Qualification,0.25,New Logo,36,81854.18,81854.18,245562.54,Open,,Inbound - Organic,false
OPP-003598,ACCT-P-9003598,Mid-Market,REP-010,2026-05-19,2026-07-06,,Qualification,0.25,New Logo,12,54923.01,54923.01,54923.01,Open,,Partner / Referral,false
OPP-003599,ACCT-P-9003599,Mid-Market,REP-050,2026-05-17,2026-06-30,,Discovery,0.10,New Logo,12,36458.86,36458.86,36458.86,Open,,Inbound - Organic,false
OPP-003600,ACCT-P-9003600,SMB,REP-038,2026-04-21,2026-06-20,,Qualification,0.25,New Logo,1,20498.02,20498.02,1708.17,Open,,Inbound - Paid,false
OPP-003601,CUST-00322,SMB,REP-030,2026-06-19,2026-07-02,,Qualification,0.25,Expansion,1,3011.17,3011.17,250.93,Open,,Inbound - Paid,false
OPP-003602,ACCT-P-9003602,Mid-Market,REP-052,2026-06-07,2026-08-20,,Proposal,0.45,New Logo,12,43635.12,43635.12,43635.12,Open,,Partner / Referral,false
OPP-003603,CUST-01063,Mid-Market,REP-039,2026-06-01,2026-08-16,,Proposal,0.45,Expansion,12,11838.45,11838.45,11838.45,Open,,Trade Show / Event,false
OPP-003604,ACCT-P-9003604,SMB,REP-038,2026-06-17,2026-07-10,,Discovery,0.10,New Logo,1,22842.32,22842.32,1903.53,Open,,Partner / Referral,false
OPP-003605,ACCT-P-9003605,Mid-Market,REP-050,2026-06-14,2026-07-27,,Discovery,0.10,New Logo,12,53395.25,53395.25,53395.25,Open,,Inbound - Paid,false
OPP-003606,ACCT-P-9003606,SMB,REP-038,2026-06-28,2026-07-11,,Discovery,0.10,New Logo,1,6292.17,6292.17,524.35,Open,,Partner / Referral,false
OPP-003607,ACCT-P-9003607,SMB,REP-037,2026-06-16,2026-07-04,,Proposal,0.45,New Logo,12,5305.69,5305.69,5305.69,Open,,Inbound - Paid,false
OPP-003608,CUST-00135,SMB,REP-030,2026-06-27,2026-07-12,,Discovery,0.10,Expansion,12,3808.88,3808.88,3808.88,Open,,Trade Show / Event,false
OPP-003609,CUST-01020,Mid-Market,REP-010,2026-05-14,2026-07-25,,Discovery,0.10,Expansion,12,2782.84,2782.84,2782.84,Open,,Outbound - SDR,false
OPP-003610,ACCT-P-9003610,SMB,REP-038,2026-06-15,2026-07-06,,Discovery,0.10,New Logo,1,12652.08,12652.08,1054.34,Open,,Partner / Referral,false
OPP-003611,ACCT-P-9003611,SMB,REP-037,2026-05-30,2026-06-29,,Qualification,0.25,New Logo,1,12837.91,12837.91,1069.83,Open,,Inbound - Organic,false
OPP-003612,ACCT-P-9003612,Mid-Market,REP-050,2026-05-31,2026-06-30,,Qualification,0.25,New Logo,12,61470.40,61470.40,61470.40,Open,,Inbound - Organic,false
OPP-003613,ACCT-P-9003613,Mid-Market,REP-010,2026-04-25,2026-07-13,,Proposal,0.45,New Logo,12,30368.05,30368.05,30368.05,Open,,Inbound - Organic,false
OPP-003614,CUST-01454,SMB,REP-038,2026-06-25,2026-07-23,,Proposal,0.45,Expansion,12,1420.97,1420.97,1420.97,Open,,Inbound - Paid,false
OPP-003615,CUST-01476,SMB,REP-037,2026-06-27,2026-07-09,,Negotiation,0.70,Expansion,12,5002.03,5002.03,5002.03,Open,,Outbound - SDR,false
OPP-003616,CUST-01398,SMB,REP-030,2026-06-13,2026-08-05,,Qualification,0.25,Expansion,12,1360.34,1360.34,1360.34,Open,,Inbound - Organic,false
OPP-003617,CUST-01480,SMB,REP-038,2026-06-04,2026-07-20,,Qualification,0.25,Renewal Uplift,1,5323.63,5323.63,443.64,Open,,Trade Show / Event,false
OPP-003618,ACCT-P-9003618,Mid-Market,REP-052,2026-06-07,2026-07-11,,Proposal,0.45,New Logo,12,40232.22,40232.22,40232.22,Open,,Inbound - Organic,false
OPP-003619,CUST-00976,SMB,REP-030,2026-06-11,2026-06-28,,Proposal,0.45,Expansion,12,1594.09,1594.09,1594.09,Open,,Inbound - Paid,false
OPP-003620,CUST-01533,Mid-Market,REP-032,2026-05-17,2026-07-29,,Discovery,0.10,Expansion,12,24422.61,24422.61,24422.61,Open,,Trade Show / Event,false
OPP-003621,ACCT-P-9003621,Enterprise,REP-029,2026-06-27,2026-08-13,,Proposal,0.45,New Logo,24,122374.82,122374.82,244749.64,Open,,Inbound - Organic,false
OPP-003622,ACCT-P-9003622,SMB,REP-030,2026-06-13,2026-07-20,,Negotiation,0.70,New Logo,12,5445.77,5445.77,5445.77,Open,,Trade Show / Event,false
OPP-003623,ACCT-P-9003623,Enterprise,REP-044,2026-06-09,2026-07-27,,Proposal,0.45,New Logo,24,284476.90,284476.90,568953.80,Open,,Inbound - Paid,false
OPP-003624,ACCT-P-9003624,SMB,REP-030,2026-06-19,2026-07-07,,Proposal,0.45,New Logo,1,15041.21,15041.21,1253.43,Open,,Inbound - Paid,false
OPP-003625,ACCT-P-9003625,SMB,REP-030,2026-06-25,2026-07-05,,Qualification,0.25,New Logo,1,4646.12,4646.12,387.18,Open,,Inbound - Organic,false
OPP-003626,ACCT-P-9003626,SMB,REP-038,2026-06-05,2026-07-05,,Qualification,0.25,New Logo,12,10462.70,10462.70,10462.70,Open,,Trade Show / Event,false
OPP-003627,ACCT-P-9003627,SMB,REP-038,2026-06-14,2026-07-02,,Proposal,0.45,New Logo,1,9751.75,9751.75,812.65,Open,,Inbound - Organic,false
OPP-003628,CUST-00414,Enterprise,REP-044,2026-03-31,2026-07-24,,Qualification,0.25,Expansion,36,52036.76,52036.76,156110.27,Open,,Trade Show / Event,false
OPP-003629,ACCT-P-9003629,SMB,REP-030,2026-06-25,2026-07-29,,Qualification,0.25,New Logo,12,3558.49,3558.49,3558.49,Open,,Inbound - Paid,false
OPP-003630,ACCT-P-9003630,Mid-Market,REP-050,2026-06-04,2026-07-02,,Discovery,0.10,New Logo,1,64389.96,64389.96,5365.83,Open,,Outbound - SDR,false
OPP-003631,CUST-00738,Enterprise,REP-044,2026-06-07,2026-08-18,,Proposal,0.45,Expansion,24,121622.92,121622.92,243245.84,Open,,Partner / Referral,false
OPP-003632,ACCT-P-9003632,Mid-Market,REP-010,2026-05-26,2026-08-24,,Negotiation,0.70,New Logo,12,41129.64,41129.64,41129.64,Open,,Inbound - Paid,false
OPP-003633,ACCT-P-9003633,SMB,REP-037,2026-06-26,2026-07-22,,Proposal,0.45,New Logo,1,9153.76,9153.76,762.81,Open,,Inbound - Organic,false
OPP-003634,ACCT-P-9003634,SMB,REP-038,2026-06-26,2026-07-18,,Qualification,0.25,New Logo,1,14501.76,14501.76,1208.48,Open,,Outbound - SDR,false
OPP-003635,CUST-01463,SMB,REP-037,2026-06-23,2026-07-04,,Proposal,0.45,Expansion,1,2132.28,2132.28,177.69,Open,,Outbound - SDR,false
OPP-003636,ACCT-P-9003636,Mid-Market,REP-051,2026-05-22,2026-07-17,,Proposal,0.45,New Logo,12,28308.47,28308.47,28308.47,Open,,Inbound - Organic,false
OPP-003637,ACCT-P-9003637,SMB,REP-038,2026-05-28,2026-07-01,,Discovery,0.10,New Logo,12,5786.05,5786.05,5786.05,Open,,Inbound - Organic,false
OPP-003638,ACCT-P-9003638,SMB,REP-038,2026-06-22,2026-07-09,,Discovery,0.10,New Logo,1,9383.36,9383.36,781.95,Open,,Inbound - Paid,false
OPP-003639,ACCT-P-9003639,SMB,REP-035,2026-06-13,2026-07-23,,Qualification,0.25,New Logo,1,25523.92,25523.92,2126.99,Open,,Inbound - Paid,false
OPP-003640,ACCT-P-9003640,SMB,REP-038,2026-05-17,2026-06-25,,Proposal,0.45,New Logo,1,8490.43,8490.43,707.54,Open,,Inbound - Paid,false
OPP-003641,CUST-00364,Mid-Market,REP-039,2026-05-11,2026-07-30,,Discovery,0.10,Expansion,1,19702.67,19702.67,1641.89,Open,,Partner / Referral,false
OPP-003642,ACCT-P-9003642,SMB,REP-038,2026-06-01,2026-07-04,,Qualification,0.25,New Logo,1,16934.51,16934.51,1411.21,Open,,Partner / Referral,false
OPP-003643,CUST-00861,SMB,REP-038,2026-06-28,2026-07-11,,Proposal,0.45,Expansion,12,3158.24,3158.24,3158.24,Open,,Partner / Referral,false
OPP-003644,ACCT-P-9003644,SMB,REP-038,2026-06-14,2026-07-12,,Qualification,0.25,New Logo,1,4666.56,4666.56,388.88,Open,,Outbound - SDR,false
OPP-003645,ACCT-P-9003645,Mid-Market,REP-050,2026-05-16,2026-06-29,,Qualification,0.25,New Logo,12,33248.94,33248.94,33248.94,Open,,Inbound - Organic,false
OPP-003646,ACCT-P-9003646,Mid-Market,REP-050,2026-06-05,2026-07-04,,Discovery,0.10,New Logo,12,57663.80,57663.80,57663.80,Open,,Outbound - SDR,false
OPP-003647,CUST-01396,SMB,REP-038,2026-06-25,2026-07-15,,Negotiation,0.70,Expansion,1,1902.32,1902.32,158.53,Open,,Partner / Referral,false
OPP-003648,ACCT-P-9003648,SMB,REP-038,2026-06-13,2026-07-04,,Proposal,0.45,New Logo,1,8898.41,8898.41,741.53,Open,,Inbound - Organic,false
OPP-003649,ACCT-P-9003649,SMB,REP-038,2026-06-24,2026-07-29,,Qualification,0.25,New Logo,1,18897.62,18897.62,1574.80,Open,,Inbound - Paid,false
OPP-003650,CUST-01316,Mid-Market,REP-052,2026-06-07,2026-08-15,,Discovery,0.10,Expansion,24,5339.51,5339.51,10679.01,Open,,Inbound - Organic,false
OPP-003651,CUST-00248,SMB,REP-030,2026-06-07,2026-06-29,,Negotiation,0.70,Expansion,1,5244.10,5244.10,437.01,Open,,Outbound - SDR,false
OPP-003652,CUST-01464,SMB,REP-038,2026-06-03,2026-07-09,,Discovery,0.10,Expansion,12,6523.29,6523.29,6523.29,Open,,Outbound - SDR,false
OPP-003653,ACCT-P-9003653,Mid-Market,REP-039,2026-06-29,2026-08-24,,Qualification,0.25,New Logo,12,24833.91,24833.91,24833.91,Open,,Inbound - Paid,false
OPP-003654,CUST-00782,SMB,REP-038,2026-06-23,2026-07-03,,Discovery,0.10,Expansion,12,4249.98,4249.98,4249.98,Open,,Inbound - Organic,false
OPP-003655,ACCT-P-9003655,Mid-Market,REP-050,2026-05-29,2026-06-28,,Qualification,0.25,New Logo,12,93476.36,93476.36,93476.36,Open,,Partner / Referral,false
OPP-003656,ACCT-P-9003656,Mid-Market,REP-032,2026-06-14,2026-07-14,,Proposal,0.45,New Logo,1,58590.56,58590.56,4882.55,Open,,Inbound - Paid,false
OPP-003657,ACCT-P-9003657,Enterprise,REP-045,2026-02-14,2026-07-03,,Proposal,0.45,New Logo,24,247136.00,247136.00,494272.00,Open,,Inbound - Paid,false
OPP-003658,CUST-01150,SMB,REP-048,2026-06-25,2026-07-29,,Discovery,0.10,Renewal Uplift,12,5026.99,5026.99,5026.99,Open,,Inbound - Paid,false
OPP-003659,CUST-01186,SMB,REP-037,2026-05-30,2026-07-10,,Discovery,0.10,Expansion,1,2651.02,2651.02,220.92,Open,,Outbound - SDR,false
OPP-003660,ACCT-P-9003660,Mid-Market,REP-052,2026-06-21,2026-08-06,,Proposal,0.45,New Logo,12,53522.52,53522.52,53522.52,Open,,Inbound - Organic,false
OPP-003661,ACCT-P-9003661,SMB,REP-030,2026-06-28,2026-07-08,,Discovery,0.10,New Logo,1,11460.47,11460.47,955.04,Open,,Inbound - Organic,false
OPP-003662,ACCT-P-9003662,Mid-Market,REP-026,2026-05-20,2026-07-18,,Discovery,0.10,New Logo,36,51358.89,51358.89,154076.67,Open,,Partner / Referral,false
OPP-003663,ACCT-P-9003663,SMB,REP-030,2026-06-20,2026-07-03,,Discovery,0.10,New Logo,1,6918.83,6918.83,576.57,Open,,Inbound - Organic,false
OPP-003664,ACCT-P-9003664,SMB,REP-030,2026-06-17,2026-07-28,,Qualification,0.25,New Logo,1,5693.31,5693.31,474.44,Open,,Outbound - SDR,false
OPP-003665,ACCT-P-9003665,Mid-Market,REP-039,2025-12-13,2026-07-30,,Negotiation,0.70,New Logo,12,31159.22,31159.22,31159.22,Open,,Inbound - Paid,false
OPP-003666,CUST-01261,SMB,REP-030,2026-06-02,2026-07-07,,Negotiation,0.70,Renewal Uplift,12,2054.65,2054.65,2054.65,Open,,Partner / Referral,false
OPP-003667,CUST-01099,Mid-Market,REP-010,2026-06-16,2026-07-04,,Qualification,0.25,Expansion,12,28498.16,28498.16,28498.16,Open,,Inbound - Paid,false
OPP-003668,ACCT-P-9003668,Mid-Market,REP-010,2026-05-08,2026-06-22,,Negotiation,0.70,New Logo,12,36806.11,36806.11,36806.11,Open,,Inbound - Paid,false
OPP-003669,ACCT-P-9003669,Mid-Market,REP-052,2026-05-05,2026-10-04,,Discovery,0.10,New Logo,12,27294.37,27294.37,27294.37,Open,,Trade Show / Event,false
OPP-003670,CUST-01620,SMB,REP-030,2026-06-19,2026-06-30,,Qualification,0.25,Expansion,12,1357.17,1357.17,1357.17,Open,,Inbound - Organic,false
OPP-003671,CUST-00052,Mid-Market,REP-026,2026-04-26,2026-06-24,,Qualification,0.25,Renewal Uplift,12,36829.01,36829.01,36829.01,Open,,Partner / Referral,false
OPP-003672,CUST-00954,SMB,REP-038,2026-06-14,2026-07-11,,Proposal,0.45,Renewal Uplift,1,3444.15,3444.15,287.01,Open,,Trade Show / Event,false
OPP-003673,ACCT-P-9003673,SMB,REP-038,2026-05-16,2026-07-05,,Qualification,0.25,New Logo,12,16832.94,16832.94,16832.94,Open,,Partner / Referral,false
OPP-003674,ACCT-P-9003674,SMB,REP-038,2026-06-28,2026-07-08,,Qualification,0.25,New Logo,1,10191.29,10191.29,849.27,Open,,Partner / Referral,false
OPP-003675,ACCT-P-9003675,SMB,REP-038,2026-05-29,2026-07-10,,Qualification,0.25,New Logo,12,8046.59,8046.59,8046.59,Open,,Inbound - Organic,false
OPP-003676,CUST-01197,SMB,REP-030,2026-06-15,2026-06-29,,Discovery,0.10,Renewal Uplift,12,3246.83,3246.83,3246.83,Open,,Inbound - Organic,false
OPP-003677,ACCT-P-9003677,SMB,REP-037,2026-06-26,2026-07-15,,Negotiation,0.70,New Logo,1,4430.95,4430.95,369.25,Open,,Inbound - Organic,false
OPP-003678,CUST-01097,Mid-Market,REP-039,2026-05-08,2026-07-25,,Discovery,0.10,Expansion,12,24351.43,24351.43,24351.43,Open,,Partner / Referral,false
OPP-003679,CUST-01352,SMB,REP-030,2026-06-23,2026-07-06,,Qualification,0.25,Expansion,1,2279.17,2279.17,189.93,Open,,Inbound - Organic,false
OPP-003680,CUST-01197,SMB,REP-038,2026-06-15,2026-07-03,,Discovery,0.10,Expansion,12,1430.07,1430.07,1430.07,Open,,Trade Show / Event,false
OPP-003681,ACCT-P-9003681,SMB,REP-038,2026-06-18,2026-07-04,,Qualification,0.25,New Logo,1,7531.22,7531.22,627.60,Open,,Trade Show / Event,false
OPP-003682,ACCT-P-9003682,Mid-Market,REP-039,2026-06-07,2026-07-08,,Discovery,0.10,New Logo,12,29355.01,29355.01,29355.01,Open,,Partner / Referral,false
OPP-003683,CUST-01636,Enterprise,REP-044,2026-03-21,2026-09-24,,Proposal,0.45,Expansion,12,172300.71,172300.71,172300.71,Open,,Outbound - SDR,false
OPP-003684,ACCT-P-9003684,Mid-Market,REP-050,2026-05-04,2026-07-22,,Proposal,0.45,New Logo,36,37797.92,37797.92,113393.76,Open,,Trade Show / Event,false
OPP-003685,ACCT-P-9003685,Enterprise,REP-029,2026-03-23,2026-06-25,,Qualification,0.25,New Logo,24,399555.59,399555.59,799111.18,Open,,Inbound - Organic,false
OPP-003686,ACCT-P-9003686,Mid-Market,REP-051,2026-05-17,2026-07-22,,Proposal,0.45,New Logo,12,66640.96,66640.96,66640.96,Open,,Inbound - Organic,false
OPP-003687,ACCT-P-9003687,SMB,REP-038,2026-06-14,2026-07-15,,Discovery,0.10,New Logo,12,9475.38,9475.38,9475.38,Open,,Inbound - Paid,false
OPP-003688,ACCT-P-9003688,SMB,REP-038,2026-04-26,2026-07-04,,Proposal,0.45,New Logo,12,10414.63,10414.63,10414.63,Open,,Partner / Referral,false
OPP-003689,ACCT-P-9003689,Enterprise,REP-044,2026-05-26,2026-07-28,,Proposal,0.45,New Logo,36,120931.58,120931.58,362794.75,Open,,Inbound - Paid,false
OPP-003690,ACCT-P-9003690,SMB,REP-038,2026-06-24,2026-07-17,,Proposal,0.45,New Logo,12,9917.69,9917.69,9917.69,Open,,Partner / Referral,false
OPP-003691,ACCT-P-9003691,SMB,REP-038,2026-06-14,2026-07-10,,Discovery,0.10,New Logo,1,7111.04,7111.04,592.59,Open,,Outbound - SDR,false
OPP-003692,ACCT-P-9003692,Mid-Market,REP-026,2026-06-01,2026-07-12,,Proposal,0.45,New Logo,12,59913.26,59913.26,59913.26,Open,,Partner / Referral,false
OPP-003693,CUST-01456,SMB,REP-038,2026-06-22,2026-07-02,,Proposal,0.45,Expansion,1,1250.92,1250.92,104.24,Open,,Inbound - Paid,false
OPP-003694,CUST-01085,Mid-Market,REP-052,2026-06-24,2026-07-20,,Qualification,0.25,Expansion,12,7970.32,7970.32,7970.32,Open,,Trade Show / Event,false
OPP-003695,CUST-00445,SMB,REP-037,2026-06-28,2026-07-08,,Qualification,0.25,Renewal Uplift,12,4389.11,4389.11,4389.11,Open,,Inbound - Organic,false
OPP-003696,ACCT-P-9003696,Enterprise,REP-045,2026-03-31,2026-06-27,,Discovery,0.10,New Logo,36,207752.70,207752.70,623258.11,Open,,Inbound - Paid,false
OPP-003697,CUST-00176,Mid-Market,REP-050,2026-06-13,2026-08-17,,Discovery,0.10,Expansion,12,14105.73,14105.73,14105.73,Open,,Trade Show / Event,false
OPP-003698,ACCT-P-9003698,SMB,REP-038,2026-06-22,2026-07-07,,Qualification,0.25,New Logo,1,5111.19,5111.19,425.93,Open,,Outbound - SDR,false
OPP-003699,ACCT-P-9003699,SMB,REP-048,2026-06-02,2026-07-05,,Discovery,0.10,New Logo,1,20021.94,20021.94,1668.50,Open,,Outbound - SDR,false
OPP-003700,CUST-01310,Mid-Market,REP-026,2026-06-29,2026-09-01,,Discovery,0.10,Expansion,1,13334.47,13334.47,1111.21,Open,,Partner / Referral,false
OPP-003701,ACCT-P-9003701,SMB,REP-038,2026-02-24,2026-08-07,,Discovery,0.10,New Logo,1,7395.10,7395.10,616.26,Open,,Inbound - Paid,false
OPP-003702,ACCT-P-9003702,SMB,REP-035,2026-06-21,2026-07-18,,Qualification,0.25,New Logo,12,16017.30,16017.30,16017.30,Open,,Inbound - Paid,false
OPP-003703,CUST-00572,SMB,REP-038,2026-06-06,2026-07-18,,Qualification,0.25,Expansion,12,8839.66,8839.66,8839.66,Open,,Trade Show / Event,false
OPP-003704,ACCT-P-9003704,Mid-Market,REP-052,2026-06-23,2026-07-29,,Discovery,0.10,New Logo,12,80624.91,80624.91,80624.91,Open,,Outbound - SDR,false
OPP-003705,ACCT-P-9003705,SMB,REP-030,2026-05-30,2026-07-07,,Discovery,0.10,New Logo,1,5278.43,5278.43,439.87,Open,,Partner / Referral,false
OPP-003706,ACCT-P-9003706,SMB,REP-030,2026-06-19,2026-07-08,,Qualification,0.25,New Logo,1,9013.29,9013.29,751.11,Open,,Inbound - Paid,false
OPP-003707,ACCT-P-9003707,Mid-Market,REP-032,2026-06-29,2026-07-30,,Proposal,0.45,New Logo,12,80180.19,80180.19,80180.19,Open,,Inbound - Organic,false
OPP-003708,CUST-01049,Mid-Market,REP-052,2026-06-14,2026-06-30,,Discovery,0.10,Renewal Uplift,36,17582.38,17582.38,52747.14,Open,,Inbound - Paid,false
OPP-003709,ACCT-P-9003709,Mid-Market,REP-039,2026-05-30,2026-09-11,,Proposal,0.45,New Logo,1,58273.22,58273.22,4856.10,Open,,Outbound - SDR,false
OPP-003710,ACCT-P-9003710,Mid-Market,REP-026,2026-05-13,2026-07-10,,Proposal,0.45,New Logo,12,24250.18,24250.18,24250.18,Open,,Partner / Referral,false
OPP-003711,CUST-00504,SMB,REP-030,2026-05-19,2026-06-30,,Qualification,0.25,Expansion,1,3388.20,3388.20,282.35,Open,,Inbound - Organic,false
OPP-003712,CUST-00335,SMB,REP-030,2026-06-09,2026-07-23,,Proposal,0.45,Renewal Uplift,1,4816.85,4816.85,401.40,Open,,Partner / Referral,false
OPP-003713,ACCT-P-9003713,Mid-Market,REP-050,2026-05-31,2026-07-17,,Qualification,0.25,New Logo,12,46833.57,46833.57,46833.57,Open,,Outbound - SDR,false
OPP-003714,ACCT-P-9003714,Mid-Market,REP-051,2026-05-30,2026-06-30,,Negotiation,0.70,New Logo,12,39383.00,39383.00,39383.00,Open,,Inbound - Paid,false
OPP-003715,ACCT-P-9003715,SMB,REP-030,2026-05-13,2026-07-09,,Qualification,0.25,New Logo,1,7680.14,7680.14,640.01,Open,,Inbound - Paid,false
OPP-003716,CUST-01581,SMB,REP-030,2026-06-05,2026-07-02,,Proposal,0.45,Renewal Uplift,1,5390.44,5390.44,449.20,Open,,Inbound - Organic,false
OPP-003717,ACCT-P-9003717,SMB,REP-037,2026-06-14,2026-07-12,,Qualification,0.25,New Logo,1,7903.62,7903.62,658.64,Open,,Trade Show / Event,false
OPP-003718,CUST-01027,Mid-Market,REP-026,2026-06-12,2026-07-06,,Proposal,0.45,Expansion,12,2741.93,2741.93,2741.93,Open,,Inbound - Organic,false
OPP-003719,CUST-01454,SMB,REP-048,2026-06-21,2026-07-09,,Discovery,0.10,Renewal Uplift,12,4382.77,4382.77,4382.77,Open,,Trade Show / Event,false
OPP-003720,ACCT-P-9003720,SMB,REP-038,2026-06-21,2026-07-06,,Negotiation,0.70,New Logo,1,10767.86,10767.86,897.32,Open,,Partner / Referral,false
OPP-003721,ACCT-P-9003721,SMB,REP-038,2026-06-04,2026-06-30,,Negotiation,0.70,New Logo,1,20603.30,20603.30,1716.94,Open,,Inbound - Paid,false
OPP-003722,ACCT-P-9003722,SMB,REP-038,2026-06-28,2026-07-08,,Qualification,0.25,New Logo,1,4252.46,4252.46,354.37,Open,,Partner / Referral,false
OPP-003723,ACCT-P-9003723,SMB,REP-037,2026-06-03,2026-07-11,,Negotiation,0.70,New Logo,1,5242.63,5242.63,436.89,Open,,Inbound - Organic,false
OPP-003724,ACCT-P-9003724,SMB,REP-030,2026-06-03,2026-07-01,,Proposal,0.45,New Logo,1,7120.24,7120.24,593.35,Open,,Partner / Referral,false
OPP-003725,ACCT-P-9003725,SMB,REP-030,2026-06-05,2026-07-03,,Discovery,0.10,New Logo,1,17453.51,17453.51,1454.46,Open,,Inbound - Organic,false
OPP-003726,ACCT-P-9003726,SMB,REP-030,2026-04-29,2026-07-27,,Discovery,0.10,New Logo,1,8626.10,8626.10,718.84,Open,,Inbound - Paid,false
OPP-003727,ACCT-P-9003727,Mid-Market,REP-010,2026-05-22,2026-07-04,,Discovery,0.10,New Logo,12,80892.37,80892.37,80892.37,Open,,Inbound - Paid,false
